model_name,fact_id,relation,prompt_family,layer,hidden_norm,attention_norm,mlp_mean_abs
gemma_270m_base,capital:0,capital,raw_question,0,149.146240234375,196.52236938476562,0.2190682590007782
gemma_270m_base,capital:0,capital,raw_question,1,1099.87841796875,97.4885482788086,0.19005754590034485
gemma_270m_base,capital:0,capital,raw_question,2,1314.4542236328125,16.274986267089844,0.1644483059644699
gemma_270m_base,capital:0,capital,raw_question,3,1884.6151123046875,12.998712539672852,0.2214718759059906
gemma_270m_base,capital:0,capital,raw_question,4,2184.61328125,9.448415756225586,0.1808052510023117
gemma_270m_base,capital:0,capital,raw_question,5,2765.096923828125,18.03237533569336,0.14913460612297058
gemma_270m_base,capital:0,capital,raw_question,6,3551.90869140625,8.386224746704102,0.16657774150371552
gemma_270m_base,capital:0,capital,raw_question,7,5448.859375,18.10051155090332,0.18121011555194855
gemma_270m_base,capital:0,capital,raw_question,8,5835.07470703125,21.034587860107422,0.18155986070632935
gemma_270m_base,capital:0,capital,raw_question,9,6000.04052734375,13.819445610046387,0.14918866753578186
gemma_270m_base,capital:0,capital,raw_question,10,11300.3349609375,29.2309513092041,0.2112085521221161
gemma_270m_base,capital:0,capital,raw_question,11,11521.859375,4.3168768882751465,0.1911219358444214
gemma_270m_base,capital:0,capital,raw_question,12,14988.7783203125,26.6634464263916,0.1457253098487854
gemma_270m_base,capital:0,capital,raw_question,13,18415.166015625,31.507530212402344,0.1100371852517128
gemma_270m_base,capital:0,capital,raw_question,14,20576.046875,49.821128845214844,0.11757443100214005
gemma_270m_base,capital:0,capital,raw_question,15,22005.90625,34.79212188720703,0.10570424050092697
gemma_270m_base,capital:0,capital,raw_question,16,29711.966796875,43.26915740966797,0.09798260033130646
gemma_270m_base,capital:0,capital,raw_question,17,89.4758529663086,12.720602989196777,0.12892132997512817
gemma_270m_base,capital:0,capital,declarative,0,126.45860290527344,156.68089294433594,0.193534255027771
gemma_270m_base,capital:0,capital,declarative,1,912.0401611328125,100.44868469238281,0.21634848415851593
gemma_270m_base,capital:0,capital,declarative,2,1217.3631591796875,19.887798309326172,0.1894511580467224
gemma_270m_base,capital:0,capital,declarative,3,1720.1031494140625,13.147965431213379,0.23390468955039978
gemma_270m_base,capital:0,capital,declarative,4,2517.117431640625,10.507803916931152,0.19170133769512177
gemma_270m_base,capital:0,capital,declarative,5,2891.716552734375,18.10236930847168,0.15025222301483154
gemma_270m_base,capital:0,capital,declarative,6,3591.816162109375,8.595417022705078,0.16736504435539246
gemma_270m_base,capital:0,capital,declarative,7,6357.99072265625,19.542272567749023,0.1837228685617447
gemma_270m_base,capital:0,capital,declarative,8,5948.82177734375,20.012971878051758,0.17074228823184967
gemma_270m_base,capital:0,capital,declarative,9,7038.1044921875,16.26863670349121,0.13889843225479126
gemma_270m_base,capital:0,capital,declarative,10,9802.7587890625,29.304946899414062,0.17990067601203918
gemma_270m_base,capital:0,capital,declarative,11,11637.607421875,4.4297380447387695,0.2066931426525116
gemma_270m_base,capital:0,capital,declarative,12,15231.8857421875,33.59838104248047,0.1558074951171875
gemma_270m_base,capital:0,capital,declarative,13,19361.865234375,28.091434478759766,0.12589186429977417
gemma_270m_base,capital:0,capital,declarative,14,23734.111328125,53.5744743347168,0.12042061984539032
gemma_270m_base,capital:0,capital,declarative,15,25290.330078125,36.998252868652344,0.10000142455101013
gemma_270m_base,capital:0,capital,declarative,16,30681.59765625,38.676212310791016,0.09819409251213074
gemma_270m_base,capital:0,capital,declarative,17,119.439208984375,13.307010650634766,0.12019146978855133
gemma_270m_base,capital:0,capital,qa,0,112.58804321289062,139.17428588867188,0.25014692544937134
gemma_270m_base,capital:0,capital,qa,1,836.7548217773438,155.2806396484375,0.2368384301662445
gemma_270m_base,capital:0,capital,qa,2,997.609619140625,23.565954208374023,0.19190509617328644
gemma_270m_base,capital:0,capital,qa,3,2294.384033203125,14.499804496765137,0.23741862177848816
gemma_270m_base,capital:0,capital,qa,4,1634.918701171875,12.775259017944336,0.1951064169406891
gemma_270m_base,capital:0,capital,qa,5,3225.19873046875,17.129621505737305,0.15127870440483093
gemma_270m_base,capital:0,capital,qa,6,3491.499755859375,7.973806858062744,0.14615432918071747
gemma_270m_base,capital:0,capital,qa,7,4963.60791015625,17.509674072265625,0.16143763065338135
gemma_270m_base,capital:0,capital,qa,8,5041.27001953125,23.211286544799805,0.19085262715816498
gemma_270m_base,capital:0,capital,qa,9,5466.8798828125,16.926422119140625,0.14415454864501953
gemma_270m_base,capital:0,capital,qa,10,10006.0830078125,30.845252990722656,0.20403020083904266
gemma_270m_base,capital:0,capital,qa,11,10174.4140625,4.61940860748291,0.20446568727493286
gemma_270m_base,capital:0,capital,qa,12,14442.685546875,31.43747329711914,0.15911416709423065
gemma_270m_base,capital:0,capital,qa,13,17609.111328125,32.63832092285156,0.12204086035490036
gemma_270m_base,capital:0,capital,qa,14,21658.396484375,48.346553802490234,0.12344818562269211
gemma_270m_base,capital:0,capital,qa,15,24110.064453125,32.844200134277344,0.10115097463130951
gemma_270m_base,capital:0,capital,qa,16,33301.84375,36.18885803222656,0.08996966481208801
gemma_270m_base,capital:0,capital,qa,17,92.01902770996094,10.774796485900879,0.11475498229265213
gemma_270m_base,capital:0,capital,chat_template,0,110.48628997802734,165.9036407470703,0.23266682028770447
gemma_270m_base,capital:0,capital,chat_template,1,793.38232421875,108.91413879394531,0.2143598347902298
gemma_270m_base,capital:0,capital,chat_template,2,1069.96435546875,20.939889907836914,0.17604555189609528
gemma_270m_base,capital:0,capital,chat_template,3,1851.256103515625,15.448832511901855,0.23541319370269775
gemma_270m_base,capital:0,capital,chat_template,4,2364.826171875,9.959844589233398,0.19466325640678406
gemma_270m_base,capital:0,capital,chat_template,5,3455.201904296875,17.41249656677246,0.1547650694847107
gemma_270m_base,capital:0,capital,chat_template,6,3772.56396484375,6.392791271209717,0.1578141152858734
gemma_270m_base,capital:0,capital,chat_template,7,5347.35595703125,16.119035720825195,0.17143094539642334
gemma_270m_base,capital:0,capital,chat_template,8,5673.02294921875,20.40503692626953,0.21159398555755615
gemma_270m_base,capital:0,capital,chat_template,9,6441.28759765625,11.508464813232422,0.15146271884441376
gemma_270m_base,capital:0,capital,chat_template,10,10792.91796875,27.35074234008789,0.20815147459506989
gemma_270m_base,capital:0,capital,chat_template,11,11082.2822265625,4.036681175231934,0.2167443335056305
gemma_270m_base,capital:0,capital,chat_template,12,14989.6376953125,24.805967330932617,0.16323205828666687
gemma_270m_base,capital:0,capital,chat_template,13,18854.986328125,31.882080078125,0.1275724470615387
gemma_270m_base,capital:0,capital,chat_template,14,22668.130859375,45.38728332519531,0.1334826648235321
gemma_270m_base,capital:0,capital,chat_template,15,25207.240234375,32.945823669433594,0.10178936272859573
gemma_270m_base,capital:0,capital,chat_template,16,34731.82421875,38.817020416259766,0.09014663100242615
gemma_270m_base,capital:0,capital,chat_template,17,93.79279327392578,11.476347923278809,0.11866886168718338
gemma_270m_base,capital:1,capital,raw_question,0,151.0588836669922,191.30079650878906,0.22168803215026855
gemma_270m_base,capital:1,capital,raw_question,1,1096.82666015625,104.5611801147461,0.1884191930294037
gemma_270m_base,capital:1,capital,raw_question,2,1307.40625,16.381824493408203,0.16389186680316925
gemma_270m_base,capital:1,capital,raw_question,3,1903.485595703125,12.895078659057617,0.22241464257240295
gemma_270m_base,capital:1,capital,raw_question,4,2185.8955078125,9.54306697845459,0.1818012297153473
gemma_270m_base,capital:1,capital,raw_question,5,2757.240966796875,17.944387435913086,0.1484651267528534
gemma_270m_base,capital:1,capital,raw_question,6,3540.6943359375,8.649200439453125,0.16633042693138123
gemma_270m_base,capital:1,capital,raw_question,7,5340.515625,18.09157943725586,0.1808590590953827
gemma_270m_base,capital:1,capital,raw_question,8,5632.60693359375,20.98197364807129,0.18351447582244873
gemma_270m_base,capital:1,capital,raw_question,9,5934.17236328125,13.75750732421875,0.1509133279323578
gemma_270m_base,capital:1,capital,raw_question,10,11171.88671875,29.98349952697754,0.21148718893527985
gemma_270m_base,capital:1,capital,raw_question,11,11358.1474609375,4.352907657623291,0.19216443598270416
gemma_270m_base,capital:1,capital,raw_question,12,15042.3955078125,27.438037872314453,0.14750969409942627
gemma_270m_base,capital:1,capital,raw_question,13,18234.177734375,31.652597427368164,0.11298663169145584
gemma_270m_base,capital:1,capital,raw_question,14,20380.984375,50.155982971191406,0.11773528158664703
gemma_270m_base,capital:1,capital,raw_question,15,21822.005859375,34.33224105834961,0.1044081598520279
gemma_270m_base,capital:1,capital,raw_question,16,30335.318359375,41.900909423828125,0.09864620864391327
gemma_270m_base,capital:1,capital,raw_question,17,87.37892150878906,12.536026954650879,0.12228259444236755
gemma_270m_base,capital:1,capital,declarative,0,125.13260650634766,155.10299682617188,0.1935303807258606
gemma_270m_base,capital:1,capital,declarative,1,923.7254638671875,106.10981750488281,0.2216414213180542
gemma_270m_base,capital:1,capital,declarative,2,1233.1591796875,19.099145889282227,0.1862909495830536
gemma_270m_base,capital:1,capital,declarative,3,1737.451171875,13.411360740661621,0.2316417396068573
gemma_270m_base,capital:1,capital,declarative,4,2485.38818359375,10.451499938964844,0.19258689880371094
gemma_270m_base,capital:1,capital,declarative,5,2859.335205078125,18.00894546508789,0.1504186987876892
gemma_270m_base,capital:1,capital,declarative,6,3683.957275390625,8.608274459838867,0.16770824790000916
gemma_270m_base,capital:1,capital,declarative,7,6338.5888671875,19.430519104003906,0.18195335566997528
gemma_270m_base,capital:1,capital,declarative,8,5872.3671875,19.737239837646484,0.16980677843093872
gemma_270m_base,capital:1,capital,declarative,9,6925.1328125,16.847375869750977,0.14104455709457397
gemma_270m_base,capital:1,capital,declarative,10,9637.0634765625,30.46501922607422,0.18435341119766235
gemma_270m_base,capital:1,capital,declarative,11,11410.7509765625,4.3413777351379395,0.20631229877471924
gemma_270m_base,capital:1,capital,declarative,12,14755.91796875,35.87014389038086,0.16060563921928406
gemma_270m_base,capital:1,capital,declarative,13,18949.171875,27.941268920898438,0.1316724270582199
gemma_270m_base,capital:1,capital,declarative,14,23653.7578125,53.29476547241211,0.1208047866821289
gemma_270m_base,capital:1,capital,declarative,15,25223.08984375,38.816551208496094,0.09700657427310944
gemma_270m_base,capital:1,capital,declarative,16,31536.048828125,40.27067565917969,0.09540735930204391
gemma_270m_base,capital:1,capital,declarative,17,118.1317367553711,11.592850685119629,0.11426503956317902
gemma_270m_base,capital:1,capital,qa,0,111.64757537841797,140.19415283203125,0.24760276079177856
gemma_270m_base,capital:1,capital,qa,1,836.2166137695312,156.94265747070312,0.23157697916030884
gemma_270m_base,capital:1,capital,qa,2,1011.1303100585938,22.97057342529297,0.18858245015144348
gemma_270m_base,capital:1,capital,qa,3,2275.162353515625,14.368454933166504,0.2361472249031067
gemma_270m_base,capital:1,capital,qa,4,1794.56494140625,12.335274696350098,0.19173964858055115
gemma_270m_base,capital:1,capital,qa,5,3250.11328125,17.17670249938965,0.15005168318748474
gemma_270m_base,capital:1,capital,qa,6,3488.105712890625,8.168059349060059,0.1482216715812683
gemma_270m_base,capital:1,capital,qa,7,4964.81201171875,17.482933044433594,0.16217058897018433
gemma_270m_base,capital:1,capital,qa,8,5097.44580078125,22.435529708862305,0.19488097727298737
gemma_270m_base,capital:1,capital,qa,9,5493.5224609375,16.621530532836914,0.1466754972934723
gemma_270m_base,capital:1,capital,qa,10,9829.2802734375,31.546409606933594,0.20330122113227844
gemma_270m_base,capital:1,capital,qa,11,10085.3779296875,4.642233848571777,0.2050052136182785
gemma_270m_base,capital:1,capital,qa,12,14377.3720703125,35.06193161010742,0.15980491042137146
gemma_270m_base,capital:1,capital,qa,13,17342.64453125,30.567502975463867,0.12548811733722687
gemma_270m_base,capital:1,capital,qa,14,21769.544921875,48.353782653808594,0.12313336879014969
gemma_270m_base,capital:1,capital,qa,15,24194.154296875,32.64457321166992,0.09937793016433716
gemma_270m_base,capital:1,capital,qa,16,34183.109375,35.054901123046875,0.09143384546041489
gemma_270m_base,capital:1,capital,qa,17,92.3908462524414,10.790396690368652,0.1095990240573883
gemma_270m_base,capital:1,capital,chat_template,0,109.68887329101562,166.33056640625,0.23021219670772552
gemma_270m_base,capital:1,capital,chat_template,1,800.1881103515625,111.20549774169922,0.21174611151218414
gemma_270m_base,capital:1,capital,chat_template,2,1081.1607666015625,20.395751953125,0.17311877012252808
gemma_270m_base,capital:1,capital,chat_template,3,1883.7833251953125,15.21269702911377,0.2355775684118271
gemma_270m_base,capital:1,capital,chat_template,4,2377.126953125,9.84228515625,0.19385385513305664
gemma_270m_base,capital:1,capital,chat_template,5,3455.203125,17.41738510131836,0.15492825210094452
gemma_270m_base,capital:1,capital,chat_template,6,3723.01025390625,6.474660396575928,0.15802325308322906
gemma_270m_base,capital:1,capital,chat_template,7,5281.951171875,16.579038619995117,0.1704641729593277
gemma_270m_base,capital:1,capital,chat_template,8,5733.30712890625,20.386594772338867,0.21452191472053528
gemma_270m_base,capital:1,capital,chat_template,9,6468.9169921875,11.591022491455078,0.15154039859771729
gemma_270m_base,capital:1,capital,chat_template,10,10792.1953125,27.33207893371582,0.20628155767917633
gemma_270m_base,capital:1,capital,chat_template,11,10992.91015625,4.05812931060791,0.21673524379730225
gemma_270m_base,capital:1,capital,chat_template,12,14873.044921875,26.878780364990234,0.1644916981458664
gemma_270m_base,capital:1,capital,chat_template,13,18711.748046875,29.924217224121094,0.13095375895500183
gemma_270m_base,capital:1,capital,chat_template,14,22654.724609375,43.15772247314453,0.134272962808609
gemma_270m_base,capital:1,capital,chat_template,15,25423.916015625,31.438072204589844,0.10112898051738739
gemma_270m_base,capital:1,capital,chat_template,16,35460.52734375,38.44305419921875,0.08955290168523788
gemma_270m_base,capital:1,capital,chat_template,17,93.76439666748047,11.654278755187988,0.11506390571594238
gemma_270m_base,capital:2,capital,raw_question,0,151.1573028564453,195.17515563964844,0.21933972835540771
gemma_270m_base,capital:2,capital,raw_question,1,1096.1610107421875,98.1327896118164,0.1908876895904541
gemma_270m_base,capital:2,capital,raw_question,2,1276.6236572265625,16.612590789794922,0.1662936955690384
gemma_270m_base,capital:2,capital,raw_question,3,1863.3841552734375,13.056936264038086,0.22327643632888794
gemma_270m_base,capital:2,capital,raw_question,4,2147.85888671875,9.706893920898438,0.18387164175510406
gemma_270m_base,capital:2,capital,raw_question,5,2769.485107421875,17.7883358001709,0.14902198314666748
gemma_270m_base,capital:2,capital,raw_question,6,3440.43896484375,8.509669303894043,0.16599617898464203
gemma_270m_base,capital:2,capital,raw_question,7,5308.3916015625,18.26966667175293,0.1810765415430069
gemma_270m_base,capital:2,capital,raw_question,8,5661.59521484375,21.78148078918457,0.1831636130809784
gemma_270m_base,capital:2,capital,raw_question,9,5909.02490234375,13.654178619384766,0.15052035450935364
gemma_270m_base,capital:2,capital,raw_question,10,11237.7509765625,29.440872192382812,0.21048834919929504
gemma_270m_base,capital:2,capital,raw_question,11,11369.11328125,4.255456447601318,0.18949031829833984
gemma_270m_base,capital:2,capital,raw_question,12,14558.779296875,26.083833694458008,0.14606742560863495
gemma_270m_base,capital:2,capital,raw_question,13,18126.54296875,31.60674476623535,0.11122690141201019
gemma_270m_base,capital:2,capital,raw_question,14,20381.712890625,48.22511291503906,0.11766563355922699
gemma_270m_base,capital:2,capital,raw_question,15,21953.34375,34.89920425415039,0.10370863229036331
gemma_270m_base,capital:2,capital,raw_question,16,30004.140625,42.284114837646484,0.09879074990749359
gemma_270m_base,capital:2,capital,raw_question,17,82.2545166015625,12.94503116607666,0.12475304305553436
gemma_270m_base,capital:2,capital,declarative,0,124.62510681152344,157.3671875,0.19560126960277557
gemma_270m_base,capital:2,capital,declarative,1,913.0277709960938,101.46853637695312,0.21828898787498474
gemma_270m_base,capital:2,capital,declarative,2,1210.3931884765625,20.134605407714844,0.1905478686094284
gemma_270m_base,capital:2,capital,declarative,3,1734.14794921875,13.401965141296387,0.23395857214927673
gemma_270m_base,capital:2,capital,declarative,4,2423.104736328125,10.709856033325195,0.19390398263931274
gemma_270m_base,capital:2,capital,declarative,5,2848.37353515625,17.880786895751953,0.15012243390083313
gemma_270m_base,capital:2,capital,declarative,6,3615.633544921875,8.704658508300781,0.1683574765920639
gemma_270m_base,capital:2,capital,declarative,7,6273.162109375,18.930126190185547,0.18280965089797974
gemma_270m_base,capital:2,capital,declarative,8,5839.8203125,20.36720848083496,0.17287619411945343
gemma_270m_base,capital:2,capital,declarative,9,6984.5966796875,16.640037536621094,0.14198929071426392
gemma_270m_base,capital:2,capital,declarative,10,9817.142578125,29.685352325439453,0.1863679587841034
gemma_270m_base,capital:2,capital,declarative,11,11469.978515625,4.447046279907227,0.20799006521701813
gemma_270m_base,capital:2,capital,declarative,12,14873.9072265625,34.64435577392578,0.15898188948631287
gemma_270m_base,capital:2,capital,declarative,13,19010.03125,28.157411575317383,0.12994587421417236
gemma_270m_base,capital:2,capital,declarative,14,23547.759765625,52.832313537597656,0.12130372226238251
gemma_270m_base,capital:2,capital,declarative,15,26202.046875,37.47735595703125,0.1006445586681366
gemma_270m_base,capital:2,capital,declarative,16,32214.095703125,38.54717254638672,0.09728564321994781
gemma_270m_base,capital:2,capital,declarative,17,111.10897827148438,13.412190437316895,0.1186206191778183
gemma_270m_base,capital:2,capital,qa,0,112.46016693115234,139.19313049316406,0.2505936026573181
gemma_270m_base,capital:2,capital,qa,1,840.3406982421875,155.20480346679688,0.23800544440746307
gemma_270m_base,capital:2,capital,qa,2,998.2185668945312,23.695653915405273,0.19362066686153412
gemma_270m_base,capital:2,capital,qa,3,2294.99072265625,14.5855712890625,0.2370922565460205
gemma_270m_base,capital:2,capital,qa,4,1603.93603515625,13.054952621459961,0.1971348375082016
gemma_270m_base,capital:2,capital,qa,5,3235.609130859375,17.2259578704834,0.15209677815437317
gemma_270m_base,capital:2,capital,qa,6,3525.158447265625,8.029752731323242,0.146937757730484
gemma_270m_base,capital:2,capital,qa,7,4956.3681640625,17.499483108520508,0.15717466175556183
gemma_270m_base,capital:2,capital,qa,8,5039.18115234375,23.155120849609375,0.19182640314102173
gemma_270m_base,capital:2,capital,qa,9,5439.0771484375,16.454345703125,0.14512377977371216
gemma_270m_base,capital:2,capital,qa,10,9820.3583984375,30.842256546020508,0.20669859647750854
gemma_270m_base,capital:2,capital,qa,11,9937.96484375,4.624385833740234,0.20600831508636475
gemma_270m_base,capital:2,capital,qa,12,14177.6591796875,31.641345977783203,0.1632680594921112
gemma_270m_base,capital:2,capital,qa,13,17452.072265625,31.065093994140625,0.1266525685787201
gemma_270m_base,capital:2,capital,qa,14,21999.568359375,46.54581832885742,0.12346749007701874
gemma_270m_base,capital:2,capital,qa,15,25072.181640625,32.38637161254883,0.10139662027359009
gemma_270m_base,capital:2,capital,qa,16,34902.55078125,34.333457946777344,0.09236474335193634
gemma_270m_base,capital:2,capital,qa,17,88.83165740966797,12.11990737915039,0.11221473664045334
gemma_270m_base,capital:2,capital,chat_template,0,109.5278549194336,166.17738342285156,0.23171451687812805
gemma_270m_base,capital:2,capital,chat_template,1,800.25634765625,109.20538330078125,0.21591374278068542
gemma_270m_base,capital:2,capital,chat_template,2,1081.3433837890625,20.737497329711914,0.17610429227352142
gemma_270m_base,capital:2,capital,chat_template,3,1852.1114501953125,15.396533012390137,0.23540014028549194
gemma_270m_base,capital:2,capital,chat_template,4,2378.574462890625,9.9058198928833,0.1950986683368683
gemma_270m_base,capital:2,capital,chat_template,5,3472.916259765625,17.392587661743164,0.15467111766338348
gemma_270m_base,capital:2,capital,chat_template,6,3728.17919921875,6.50735330581665,0.15779349207878113
gemma_270m_base,capital:2,capital,chat_template,7,5315.42138671875,16.369321823120117,0.16939331591129303
gemma_270m_base,capital:2,capital,chat_template,8,5706.31005859375,20.274967193603516,0.21155071258544922
gemma_270m_base,capital:2,capital,chat_template,9,6503.50634765625,11.551511764526367,0.15103968977928162
gemma_270m_base,capital:2,capital,chat_template,10,10790.8916015625,27.292879104614258,0.20584405958652496
gemma_270m_base,capital:2,capital,chat_template,11,11024.083984375,3.974043607711792,0.2158280462026596
gemma_270m_base,capital:2,capital,chat_template,12,14839.18359375,25.337387084960938,0.1657627373933792
gemma_270m_base,capital:2,capital,chat_template,13,18987.94140625,30.952024459838867,0.13054800033569336
gemma_270m_base,capital:2,capital,chat_template,14,23069.216796875,43.02389907836914,0.1346532702445984
gemma_270m_base,capital:2,capital,chat_template,15,26125.45703125,32.45477294921875,0.10118333250284195
gemma_270m_base,capital:2,capital,chat_template,16,36022.19140625,37.51444625854492,0.09120208024978638
gemma_270m_base,capital:2,capital,chat_template,17,89.13496398925781,12.606450080871582,0.11622681468725204
gemma_270m_base,capital:3,capital,raw_question,0,151.9962615966797,194.45814514160156,0.21957293152809143
gemma_270m_base,capital:3,capital,raw_question,1,1103.629638671875,99.40019226074219,0.18939027190208435
gemma_270m_base,capital:3,capital,raw_question,2,1276.655029296875,17.037837982177734,0.16781958937644958
gemma_270m_base,capital:3,capital,raw_question,3,1893.8994140625,13.320284843444824,0.2218174785375595
gemma_270m_base,capital:3,capital,raw_question,4,2169.453125,9.497701644897461,0.18010357022285461
gemma_270m_base,capital:3,capital,raw_question,5,2769.516357421875,17.762516021728516,0.14971652626991272
gemma_270m_base,capital:3,capital,raw_question,6,3640.8837890625,8.567251205444336,0.1665702760219574
gemma_270m_base,capital:3,capital,raw_question,7,5321.54541015625,18.142702102661133,0.18061797320842743
gemma_270m_base,capital:3,capital,raw_question,8,5645.64501953125,21.70627784729004,0.183853417634964
gemma_270m_base,capital:3,capital,raw_question,9,5946.15234375,13.879907608032227,0.14968246221542358
gemma_270m_base,capital:3,capital,raw_question,10,11289.90234375,29.803125381469727,0.205730602145195
gemma_270m_base,capital:3,capital,raw_question,11,11305.4462890625,4.057891368865967,0.19053611159324646
gemma_270m_base,capital:3,capital,raw_question,12,15629.1982421875,24.831418991088867,0.14909228682518005
gemma_270m_base,capital:3,capital,raw_question,13,18728.880859375,32.81761169433594,0.11474215984344482
gemma_270m_base,capital:3,capital,raw_question,14,21088.572265625,48.5949592590332,0.12109160423278809
gemma_270m_base,capital:3,capital,raw_question,15,22761.705078125,35.51604461669922,0.10542064905166626
gemma_270m_base,capital:3,capital,raw_question,16,31326.724609375,40.95055389404297,0.10029540956020355
gemma_270m_base,capital:3,capital,raw_question,17,85.85932159423828,12.535994529724121,0.12270493805408478
gemma_270m_base,capital:3,capital,declarative,0,125.43820190429688,152.8357696533203,0.1946350336074829
gemma_270m_base,capital:3,capital,declarative,1,927.446044921875,106.1550521850586,0.21835926175117493
gemma_270m_base,capital:3,capital,declarative,2,1218.03369140625,20.490724563598633,0.1919855773448944
gemma_270m_base,capital:3,capital,declarative,3,1714.3974609375,13.771795272827148,0.23217171430587769
gemma_270m_base,capital:3,capital,declarative,4,2489.046142578125,10.374332427978516,0.18807026743888855
gemma_270m_base,capital:3,capital,declarative,5,2888.3759765625,17.799922943115234,0.15229570865631104
gemma_270m_base,capital:3,capital,declarative,6,3814.5986328125,9.075228691101074,0.16771826148033142
gemma_270m_base,capital:3,capital,declarative,7,6332.0439453125,18.353395462036133,0.1795412003993988
gemma_270m_base,capital:3,capital,declarative,8,5861.5517578125,20.363683700561523,0.16884174942970276
gemma_270m_base,capital:3,capital,declarative,9,6943.8427734375,17.14406967163086,0.1422273963689804
gemma_270m_base,capital:3,capital,declarative,10,9929.1875,29.765134811401367,0.18532854318618774
gemma_270m_base,capital:3,capital,declarative,11,11582.55078125,4.304109573364258,0.2068815976381302
gemma_270m_base,capital:3,capital,declarative,12,15383.6708984375,32.924102783203125,0.16246165335178375
gemma_270m_base,capital:3,capital,declarative,13,19923.322265625,29.447248458862305,0.13331858813762665
gemma_270m_base,capital:3,capital,declarative,14,24968.28515625,51.192543029785156,0.1246301606297493
gemma_270m_base,capital:3,capital,declarative,15,27919.587890625,36.87709426879883,0.10194425284862518
gemma_270m_base,capital:3,capital,declarative,16,34008.74609375,39.44736099243164,0.09631626307964325
gemma_270m_base,capital:3,capital,declarative,17,112.4749526977539,13.524351119995117,0.11599820852279663
gemma_270m_base,capital:3,capital,qa,0,113.56251525878906,139.32089233398438,0.25041353702545166
gemma_270m_base,capital:3,capital,qa,1,833.30029296875,157.3875732421875,0.23656676709651947
gemma_270m_base,capital:3,capital,qa,2,997.754150390625,23.708229064941406,0.19314846396446228
gemma_270m_base,capital:3,capital,qa,3,2297.53564453125,14.610451698303223,0.2375250607728958
gemma_270m_base,capital:3,capital,qa,4,1649.5794677734375,12.94668960571289,0.1954616755247116
gemma_270m_base,capital:3,capital,qa,5,3214.34326171875,17.01458740234375,0.1509157419204712
gemma_270m_base,capital:3,capital,qa,6,3671.763427734375,7.967101573944092,0.1478683054447174
gemma_270m_base,capital:3,capital,qa,7,5144.9716796875,17.191015243530273,0.15856793522834778
gemma_270m_base,capital:3,capital,qa,8,5163.45166015625,21.648452758789062,0.19276714324951172
gemma_270m_base,capital:3,capital,qa,9,5571.6318359375,16.67028045654297,0.14661476016044617
gemma_270m_base,capital:3,capital,qa,10,9882.4580078125,31.33409881591797,0.2053261399269104
gemma_270m_base,capital:3,capital,qa,11,10117.1923828125,4.625138759613037,0.20430755615234375
gemma_270m_base,capital:3,capital,qa,12,15013.9140625,29.906147003173828,0.16062410175800323
gemma_270m_base,capital:3,capital,qa,13,18367.796875,30.7545108795166,0.12235799431800842
gemma_270m_base,capital:3,capital,qa,14,22737.904296875,46.13655090332031,0.12263838946819305
gemma_270m_base,capital:3,capital,qa,15,25895.740234375,33.086124420166016,0.09815745055675507
gemma_270m_base,capital:3,capital,qa,16,35776.0859375,33.373939514160156,0.08915106952190399
gemma_270m_base,capital:3,capital,qa,17,90.07649230957031,11.951945304870605,0.10905351489782333
gemma_270m_base,capital:3,capital,chat_template,0,110.04344177246094,166.0096893310547,0.23186784982681274
gemma_270m_base,capital:3,capital,chat_template,1,797.7818603515625,109.88854217529297,0.21337202191352844
gemma_270m_base,capital:3,capital,chat_template,2,1074.164794921875,20.57253074645996,0.17507804930210114
gemma_270m_base,capital:3,capital,chat_template,3,1846.7860107421875,15.366935729980469,0.2354201376438141
gemma_270m_base,capital:3,capital,chat_template,4,2349.553466796875,9.873736381530762,0.1946050375699997
gemma_270m_base,capital:3,capital,chat_template,5,3473.38330078125,17.41314125061035,0.15520286560058594
gemma_270m_base,capital:3,capital,chat_template,6,3732.698974609375,6.309329509735107,0.15823422372341156
gemma_270m_base,capital:3,capital,chat_template,7,5289.935546875,16.541748046875,0.16877654194831848
gemma_270m_base,capital:3,capital,chat_template,8,5740.33740234375,20.41764259338379,0.21464809775352478
gemma_270m_base,capital:3,capital,chat_template,9,6509.06298828125,12.053192138671875,0.15367357432842255
gemma_270m_base,capital:3,capital,chat_template,10,10790.7119140625,27.286191940307617,0.2041090726852417
gemma_270m_base,capital:3,capital,chat_template,11,10951.90234375,4.009878158569336,0.21468248963356018
gemma_270m_base,capital:3,capital,chat_template,12,15110.5810546875,24.267004013061523,0.1658402681350708
gemma_270m_base,capital:3,capital,chat_template,13,18934.87109375,30.38250732421875,0.12936972081661224
gemma_270m_base,capital:3,capital,chat_template,14,23014.470703125,41.85257339477539,0.13785451650619507
gemma_270m_base,capital:3,capital,chat_template,15,26270.455078125,33.16014862060547,0.10307121276855469
gemma_270m_base,capital:3,capital,chat_template,16,36549.0,36.89505386352539,0.09160537272691727
gemma_270m_base,capital:3,capital,chat_template,17,93.38560485839844,11.893535614013672,0.11561614274978638
gemma_270m_base,capital:4,capital,raw_question,0,149.21754455566406,193.391845703125,0.22020423412322998
gemma_270m_base,capital:4,capital,raw_question,1,1096.0885009765625,98.77812957763672,0.19009742140769958
gemma_270m_base,capital:4,capital,raw_question,2,1261.2811279296875,16.94731330871582,0.16526421904563904
gemma_270m_base,capital:4,capital,raw_question,3,1892.0589599609375,12.996034622192383,0.2243054211139679
gemma_270m_base,capital:4,capital,raw_question,4,2170.286865234375,9.512608528137207,0.18205401301383972
gemma_270m_base,capital:4,capital,raw_question,5,2751.72900390625,17.75162124633789,0.1490861177444458
gemma_270m_base,capital:4,capital,raw_question,6,3449.174560546875,8.344846725463867,0.16595332324504852
gemma_270m_base,capital:4,capital,raw_question,7,5369.0458984375,18.12579345703125,0.18256741762161255
gemma_270m_base,capital:4,capital,raw_question,8,5750.48193359375,21.32260513305664,0.18437986075878143
gemma_270m_base,capital:4,capital,raw_question,9,6002.384765625,13.904616355895996,0.15103468298912048
gemma_270m_base,capital:4,capital,raw_question,10,11304.8740234375,29.50218391418457,0.21397694945335388
gemma_270m_base,capital:4,capital,raw_question,11,11461.73046875,4.253398418426514,0.18950796127319336
gemma_270m_base,capital:4,capital,raw_question,12,15365.828125,26.5040340423584,0.14258632063865662
gemma_270m_base,capital:4,capital,raw_question,13,18479.75,32.91278839111328,0.11026254296302795
gemma_270m_base,capital:4,capital,raw_question,14,20754.25390625,48.111061096191406,0.11697524785995483
gemma_270m_base,capital:4,capital,raw_question,15,22495.5078125,35.26723098754883,0.10531636327505112
gemma_270m_base,capital:4,capital,raw_question,16,30810.234375,42.698143005371094,0.09638400375843048
gemma_270m_base,capital:4,capital,raw_question,17,86.75067138671875,12.580090522766113,0.12145739048719406
gemma_270m_base,capital:4,capital,declarative,0,126.1479721069336,155.65553283691406,0.1930084526538849
gemma_270m_base,capital:4,capital,declarative,1,914.0165405273438,100.73628234863281,0.2191866934299469
gemma_270m_base,capital:4,capital,declarative,2,1211.476318359375,20.66164779663086,0.19029976427555084
gemma_270m_base,capital:4,capital,declarative,3,1737.736328125,13.466418266296387,0.2336546778678894
gemma_270m_base,capital:4,capital,declarative,4,2423.879150390625,10.581507682800293,0.1910976767539978
gemma_270m_base,capital:4,capital,declarative,5,2807.48876953125,17.759868621826172,0.1503903865814209
gemma_270m_base,capital:4,capital,declarative,6,3660.015869140625,8.641846656799316,0.16873954236507416
gemma_270m_base,capital:4,capital,declarative,7,6216.8056640625,19.15997314453125,0.18289721012115479
gemma_270m_base,capital:4,capital,declarative,8,5814.98876953125,20.70697021484375,0.17353355884552002
gemma_270m_base,capital:4,capital,declarative,9,6896.94287109375,16.956775665283203,0.1427200734615326
gemma_270m_base,capital:4,capital,declarative,10,9821.0498046875,29.385173797607422,0.18810594081878662
gemma_270m_base,capital:4,capital,declarative,11,11401.3017578125,4.387217998504639,0.20843610167503357
gemma_270m_base,capital:4,capital,declarative,12,15628.5,33.70123291015625,0.156564861536026
gemma_270m_base,capital:4,capital,declarative,13,19403.095703125,29.657196044921875,0.1295153945684433
gemma_270m_base,capital:4,capital,declarative,14,23780.50390625,52.930259704589844,0.11913041770458221
gemma_270m_base,capital:4,capital,declarative,15,26202.4375,38.089134216308594,0.10068339854478836
gemma_270m_base,capital:4,capital,declarative,16,32205.025390625,40.310054779052734,0.09874436259269714
gemma_270m_base,capital:4,capital,declarative,17,114.25874328613281,12.695343017578125,0.11626152694225311
gemma_270m_base,capital:4,capital,qa,0,111.0193862915039,139.8201141357422,0.24984580278396606
gemma_270m_base,capital:4,capital,qa,1,840.213134765625,155.36546325683594,0.23716720938682556
gemma_270m_base,capital:4,capital,qa,2,994.4681396484375,23.621110916137695,0.19287851452827454
gemma_270m_base,capital:4,capital,qa,3,2297.574462890625,14.613229751586914,0.23784995079040527
gemma_270m_base,capital:4,capital,qa,4,1605.9227294921875,13.080339431762695,0.1965312361717224
gemma_270m_base,capital:4,capital,qa,5,3202.5615234375,17.02265167236328,0.15172556042671204
gemma_270m_base,capital:4,capital,qa,6,3427.955810546875,7.826098442077637,0.14621546864509583
gemma_270m_base,capital:4,capital,qa,7,4989.60498046875,17.492673873901367,0.158176988363266
gemma_270m_base,capital:4,capital,qa,8,5045.5458984375,22.846105575561523,0.19059234857559204
gemma_270m_base,capital:4,capital,qa,9,5440.7587890625,16.45687484741211,0.14561906456947327
gemma_270m_base,capital:4,capital,qa,10,9944.2529296875,30.452077865600586,0.2060714066028595
gemma_270m_base,capital:4,capital,qa,11,10201.4501953125,4.511618137359619,0.20641496777534485
gemma_270m_base,capital:4,capital,qa,12,14769.2470703125,31.663291931152344,0.15781688690185547
gemma_270m_base,capital:4,capital,qa,13,17632.3359375,32.26752471923828,0.12432291358709335
gemma_270m_base,capital:4,capital,qa,14,22030.017578125,44.75400161743164,0.1253352165222168
gemma_270m_base,capital:4,capital,qa,15,25171.634765625,32.863319396972656,0.10231417417526245
gemma_270m_base,capital:4,capital,qa,16,35452.3828125,35.64566421508789,0.08952552080154419
gemma_270m_base,capital:4,capital,qa,17,90.18572998046875,11.846699714660645,0.10885901749134064
gemma_270m_base,capital:4,capital,chat_template,0,109.0736312866211,166.45680236816406,0.23106466233730316
gemma_270m_base,capital:4,capital,chat_template,1,797.8908081054688,108.07984924316406,0.21376779675483704
gemma_270m_base,capital:4,capital,chat_template,2,1078.1676025390625,20.722942352294922,0.17554813623428345
gemma_270m_base,capital:4,capital,chat_template,3,1852.74609375,15.452884674072266,0.235633984208107
gemma_270m_base,capital:4,capital,chat_template,4,2347.604736328125,9.939249992370605,0.19523495435714722
gemma_270m_base,capital:4,capital,chat_template,5,3428.882568359375,17.38595962524414,0.15446564555168152
gemma_270m_base,capital:4,capital,chat_template,6,3729.777099609375,6.290943622589111,0.15778973698616028
gemma_270m_base,capital:4,capital,chat_template,7,5317.83642578125,16.291397094726562,0.16898038983345032
gemma_270m_base,capital:4,capital,chat_template,8,5712.1220703125,20.49294090270996,0.21255385875701904
gemma_270m_base,capital:4,capital,chat_template,9,6506.4208984375,11.638279914855957,0.1508113443851471
gemma_270m_base,capital:4,capital,chat_template,10,10854.896484375,27.080440521240234,0.20479492843151093
gemma_270m_base,capital:4,capital,chat_template,11,11127.099609375,3.9474711418151855,0.2164192646741867
gemma_270m_base,capital:4,capital,chat_template,12,15530.3994140625,25.158462524414062,0.16082298755645752
gemma_270m_base,capital:4,capital,chat_template,13,18972.302734375,29.944292068481445,0.12947972118854523
gemma_270m_base,capital:4,capital,chat_template,14,22860.587890625,41.95029830932617,0.13698142766952515
gemma_270m_base,capital:4,capital,chat_template,15,26061.5859375,32.51451873779297,0.1043531522154808
gemma_270m_base,capital:4,capital,chat_template,16,36103.1328125,38.74599838256836,0.09074003994464874
gemma_270m_base,capital:4,capital,chat_template,17,97.04956817626953,12.050475120544434,0.11631898581981659
gemma_270m_base,capital:5,capital,raw_question,0,144.0521697998047,174.18692016601562,0.21281281113624573
gemma_270m_base,capital:5,capital,raw_question,1,1107.021728515625,99.59782409667969,0.18966767191886902
gemma_270m_base,capital:5,capital,raw_question,2,1260.7578125,16.83254623413086,0.16829681396484375
gemma_270m_base,capital:5,capital,raw_question,3,1885.3228759765625,13.195612907409668,0.22407180070877075
gemma_270m_base,capital:5,capital,raw_question,4,2043.0821533203125,9.289054870605469,0.17790734767913818
gemma_270m_base,capital:5,capital,raw_question,5,2603.450927734375,18.291765213012695,0.14846062660217285
gemma_270m_base,capital:5,capital,raw_question,6,3624.061767578125,7.777544021606445,0.16605205833911896
gemma_270m_base,capital:5,capital,raw_question,7,5379.21240234375,17.538782119750977,0.17813873291015625
gemma_270m_base,capital:5,capital,raw_question,8,5585.8037109375,19.77569007873535,0.18362951278686523
gemma_270m_base,capital:5,capital,raw_question,9,6161.20556640625,13.974186897277832,0.15250088274478912
gemma_270m_base,capital:5,capital,raw_question,10,11287.9970703125,28.925678253173828,0.20956885814666748
gemma_270m_base,capital:5,capital,raw_question,11,11528.3828125,4.586966514587402,0.19596895575523376
gemma_270m_base,capital:5,capital,raw_question,12,15532.841796875,24.96506690979004,0.1507229208946228
gemma_270m_base,capital:5,capital,raw_question,13,19188.322265625,33.18762969970703,0.11598473787307739
gemma_270m_base,capital:5,capital,raw_question,14,21349.390625,47.46931076049805,0.12492913007736206
gemma_270m_base,capital:5,capital,raw_question,15,22948.59375,31.997709274291992,0.11009491980075836
gemma_270m_base,capital:5,capital,raw_question,16,31338.578125,41.54518127441406,0.1037759929895401
gemma_270m_base,capital:5,capital,raw_question,17,88.00689697265625,13.195586204528809,0.12988069653511047
gemma_270m_base,capital:5,capital,declarative,0,125.28706359863281,158.1143035888672,0.19291555881500244
gemma_270m_base,capital:5,capital,declarative,1,928.1571655273438,102.88237762451172,0.21708787977695465
gemma_270m_base,capital:5,capital,declarative,2,1173.563232421875,21.18440055847168,0.19635210931301117
gemma_270m_base,capital:5,capital,declarative,3,1758.115478515625,13.720427513122559,0.24029210209846497
gemma_270m_base,capital:5,capital,declarative,4,2314.81884765625,10.327337265014648,0.19207030534744263
gemma_270m_base,capital:5,capital,declarative,5,2769.877197265625,18.545682907104492,0.1524023562669754
gemma_270m_base,capital:5,capital,declarative,6,3623.447265625,8.642419815063477,0.16757380962371826
gemma_270m_base,capital:5,capital,declarative,7,6031.3515625,20.22974395751953,0.17957526445388794
gemma_270m_base,capital:5,capital,declarative,8,5690.72900390625,21.201047897338867,0.17200569808483124
gemma_270m_base,capital:5,capital,declarative,9,6727.27294921875,16.304243087768555,0.13902467489242554
gemma_270m_base,capital:5,capital,declarative,10,9712.265625,27.86292266845703,0.17704525589942932
gemma_270m_base,capital:5,capital,declarative,11,11889.6748046875,4.656777858734131,0.20613524317741394
gemma_270m_base,capital:5,capital,declarative,12,15495.3876953125,26.11548614501953,0.15699809789657593
gemma_270m_base,capital:5,capital,declarative,13,21549.876953125,30.63738441467285,0.12908105552196503
gemma_270m_base,capital:5,capital,declarative,14,26377.712890625,48.81555938720703,0.12270952761173248
gemma_270m_base,capital:5,capital,declarative,15,28790.564453125,33.54943084716797,0.10377378016710281
gemma_270m_base,capital:5,capital,declarative,16,35203.7578125,40.72803497314453,0.09957768768072128
gemma_270m_base,capital:5,capital,declarative,17,111.74728393554688,15.084100723266602,0.11710720509290695
gemma_270m_base,capital:5,capital,qa,0,110.1205062866211,139.68812561035156,0.2444859892129898
gemma_270m_base,capital:5,capital,qa,1,833.5302734375,159.0546112060547,0.2405012547969818
gemma_270m_base,capital:5,capital,qa,2,1005.8788452148438,22.77603530883789,0.19475263357162476
gemma_270m_base,capital:5,capital,qa,3,2243.291259765625,14.716325759887695,0.2364354282617569
gemma_270m_base,capital:5,capital,qa,4,1644.4803466796875,12.250356674194336,0.19845423102378845
gemma_270m_base,capital:5,capital,qa,5,3187.9599609375,17.289630889892578,0.1518605351448059
gemma_270m_base,capital:5,capital,qa,6,3445.331298828125,7.817384719848633,0.14876814186573029
gemma_270m_base,capital:5,capital,qa,7,5077.62841796875,17.30600357055664,0.16174128651618958
gemma_270m_base,capital:5,capital,qa,8,5067.1142578125,21.453067779541016,0.19583214819431305
gemma_270m_base,capital:5,capital,qa,9,5641.69287109375,16.0694580078125,0.14755979180335999
gemma_270m_base,capital:5,capital,qa,10,10076.3330078125,30.019559860229492,0.20785905420780182
gemma_270m_base,capital:5,capital,qa,11,10377.662109375,4.507556915283203,0.2036244422197342
gemma_270m_base,capital:5,capital,qa,12,14457.7744140625,28.399675369262695,0.15876328945159912
gemma_270m_base,capital:5,capital,qa,13,17804.142578125,32.22349166870117,0.12298904359340668
gemma_270m_base,capital:5,capital,qa,14,22026.244140625,43.61543655395508,0.12481075525283813
gemma_270m_base,capital:5,capital,qa,15,24923.517578125,32.361690521240234,0.10157634317874908
gemma_270m_base,capital:5,capital,qa,16,34800.07421875,34.0628662109375,0.0924765020608902
gemma_270m_base,capital:5,capital,qa,17,92.51055145263672,11.811111450195312,0.11368866264820099
gemma_270m_base,capital:5,capital,chat_template,0,108.2986068725586,165.27391052246094,0.22969971597194672
gemma_270m_base,capital:5,capital,chat_template,1,791.0032348632812,108.1185302734375,0.2141255885362625
gemma_270m_base,capital:5,capital,chat_template,2,1066.8614501953125,20.18099594116211,0.17535053193569183
gemma_270m_base,capital:5,capital,chat_template,3,1859.8819580078125,15.329453468322754,0.23690059781074524
gemma_270m_base,capital:5,capital,chat_template,4,2333.29833984375,9.900777816772461,0.19394469261169434
gemma_270m_base,capital:5,capital,chat_template,5,3377.32177734375,17.291982650756836,0.15380646288394928
gemma_270m_base,capital:5,capital,chat_template,6,3712.11669921875,5.994221210479736,0.15806794166564941
gemma_270m_base,capital:5,capital,chat_template,7,5317.36328125,16.019136428833008,0.16902141273021698
gemma_270m_base,capital:5,capital,chat_template,8,5647.75244140625,19.97359848022461,0.21570590138435364
gemma_270m_base,capital:5,capital,chat_template,9,6475.77099609375,11.668139457702637,0.1526803970336914
gemma_270m_base,capital:5,capital,chat_template,10,10856.80078125,27.143085479736328,0.20938104391098022
gemma_270m_base,capital:5,capital,chat_template,11,11177.03125,4.036250591278076,0.21619269251823425
gemma_270m_base,capital:5,capital,chat_template,12,15031.046875,22.849624633789062,0.16234233975410461
gemma_270m_base,capital:5,capital,chat_template,13,19201.9375,32.21328353881836,0.12951971590518951
gemma_270m_base,capital:5,capital,chat_template,14,22685.9921875,42.726016998291016,0.1367414891719818
gemma_270m_base,capital:5,capital,chat_template,15,25314.6328125,31.378643035888672,0.1049966812133789
gemma_270m_base,capital:5,capital,chat_template,16,35168.55078125,38.72439956665039,0.09242193400859833
gemma_270m_base,capital:5,capital,chat_template,17,94.96875,11.339303016662598,0.12018391489982605
gemma_270m_base,capital:6,capital,raw_question,0,148.3997802734375,196.01727294921875,0.21860471367835999
gemma_270m_base,capital:6,capital,raw_question,1,1096.1522216796875,97.2085952758789,0.1910480409860611
gemma_270m_base,capital:6,capital,raw_question,2,1276.528564453125,16.538497924804688,0.16507869958877563
gemma_270m_base,capital:6,capital,raw_question,3,1868.538818359375,12.886502265930176,0.22451555728912354
gemma_270m_base,capital:6,capital,raw_question,4,2169.501708984375,9.45473575592041,0.18182969093322754
gemma_270m_base,capital:6,capital,raw_question,5,2737.368896484375,17.871004104614258,0.14839640259742737
gemma_270m_base,capital:6,capital,raw_question,6,3435.877197265625,8.332597732543945,0.16635724902153015
gemma_270m_base,capital:6,capital,raw_question,7,5339.1298828125,18.474918365478516,0.18171070516109467
gemma_270m_base,capital:6,capital,raw_question,8,5721.61376953125,21.892723083496094,0.18290790915489197
gemma_270m_base,capital:6,capital,raw_question,9,5944.70654296875,13.828733444213867,0.14932599663734436
gemma_270m_base,capital:6,capital,raw_question,10,11177.3369140625,29.912988662719727,0.21410520374774933
gemma_270m_base,capital:6,capital,raw_question,11,11274.1435546875,4.32653284072876,0.1885419338941574
gemma_270m_base,capital:6,capital,raw_question,12,14363.9228515625,28.61895179748535,0.14223092794418335
gemma_270m_base,capital:6,capital,raw_question,13,18134.626953125,31.75778579711914,0.10918977111577988
gemma_270m_base,capital:6,capital,raw_question,14,20279.078125,48.917076110839844,0.11371155083179474
gemma_270m_base,capital:6,capital,raw_question,15,21772.994140625,36.001346588134766,0.1024346873164177
gemma_270m_base,capital:6,capital,raw_question,16,29839.421875,43.86891555786133,0.09564372152090073
gemma_270m_base,capital:6,capital,raw_question,17,88.57796478271484,12.163019180297852,0.12104015052318573
gemma_270m_base,capital:6,capital,declarative,0,124.871826171875,155.66201782226562,0.19360631704330444
gemma_270m_base,capital:6,capital,declarative,1,916.6369018554688,102.00688171386719,0.21838518977165222
gemma_270m_base,capital:6,capital,declarative,2,1218.622314453125,20.38739013671875,0.19027605652809143
gemma_270m_base,capital:6,capital,declarative,3,1731.224609375,13.331892013549805,0.23409271240234375
gemma_270m_base,capital:6,capital,declarative,4,2470.074462890625,10.399847030639648,0.19139833748340607
gemma_270m_base,capital:6,capital,declarative,5,2794.07177734375,18.00480842590332,0.14883358776569366
gemma_270m_base,capital:6,capital,declarative,6,3689.53759765625,8.531392097473145,0.16842377185821533
gemma_270m_base,capital:6,capital,declarative,7,6263.08056640625,19.052398681640625,0.18267397582530975
gemma_270m_base,capital:6,capital,declarative,8,5832.2080078125,20.81486701965332,0.17078453302383423
gemma_270m_base,capital:6,capital,declarative,9,6941.0947265625,16.611425399780273,0.14084039628505707
gemma_270m_base,capital:6,capital,declarative,10,9931.7333984375,30.361167907714844,0.18502768874168396
gemma_270m_base,capital:6,capital,declarative,11,11627.1162109375,4.434915542602539,0.20612293481826782
gemma_270m_base,capital:6,capital,declarative,12,14998.2041015625,34.523258209228516,0.15381979942321777
gemma_270m_base,capital:6,capital,declarative,13,19433.859375,29.8477725982666,0.1257794201374054
gemma_270m_base,capital:6,capital,declarative,14,23809.181640625,53.86384201049805,0.11767645180225372
gemma_270m_base,capital:6,capital,declarative,15,26083.9375,36.38784408569336,0.09707730263471603
gemma_270m_base,capital:6,capital,declarative,16,31693.365234375,41.55936050415039,0.09419623017311096
gemma_270m_base,capital:6,capital,declarative,17,110.85123443603516,12.262757301330566,0.11639423668384552
gemma_270m_base,capital:6,capital,qa,0,112.49838256835938,139.203125,0.24944528937339783
gemma_270m_base,capital:6,capital,qa,1,836.9570922851562,157.13729858398438,0.23755493760108948
gemma_270m_base,capital:6,capital,qa,2,998.287841796875,23.750926971435547,0.193315789103508
gemma_270m_base,capital:6,capital,qa,3,2291.781005859375,14.546050071716309,0.23788367211818695
gemma_270m_base,capital:6,capital,qa,4,1646.8836669921875,12.94516372680664,0.19599184393882751
gemma_270m_base,capital:6,capital,qa,5,3236.851318359375,17.030874252319336,0.15132173895835876
gemma_270m_base,capital:6,capital,qa,6,3489.697509765625,7.758059978485107,0.1466008424758911
gemma_270m_base,capital:6,capital,qa,7,5041.365234375,17.66961669921875,0.1606293022632599
gemma_270m_base,capital:6,capital,qa,8,5096.19970703125,22.901283264160156,0.19271498918533325
gemma_270m_base,capital:6,capital,qa,9,5382.37548828125,16.661069869995117,0.1436322033405304
gemma_270m_base,capital:6,capital,qa,10,9823.6435546875,31.51097297668457,0.20579563081264496
gemma_270m_base,capital:6,capital,qa,11,10065.2958984375,4.784425735473633,0.20341669023036957
gemma_270m_base,capital:6,capital,qa,12,13975.07421875,33.24937438964844,0.15510177612304688
gemma_270m_base,capital:6,capital,qa,13,17471.3125,32.915611267089844,0.12188956141471863
gemma_270m_base,capital:6,capital,qa,14,21581.8984375,46.16935348510742,0.12180212140083313
gemma_270m_base,capital:6,capital,qa,15,24390.806640625,33.06820297241211,0.09964330494403839
gemma_270m_base,capital:6,capital,qa,16,34175.796875,36.64984893798828,0.09009937942028046
gemma_270m_base,capital:6,capital,qa,17,89.55445861816406,11.680102348327637,0.10990042984485626
gemma_270m_base,capital:6,capital,chat_template,0,109.98884582519531,165.63304138183594,0.23230473697185516
gemma_270m_base,capital:6,capital,chat_template,1,800.1903076171875,108.28546905517578,0.21407562494277954
gemma_270m_base,capital:6,capital,chat_template,2,1084.6253662109375,20.44963264465332,0.1752960979938507
gemma_270m_base,capital:6,capital,chat_template,3,1845.142333984375,15.455930709838867,0.2351788878440857
gemma_270m_base,capital:6,capital,chat_template,4,2379.06298828125,9.973394393920898,0.19526958465576172
gemma_270m_base,capital:6,capital,chat_template,5,3435.7353515625,17.458786010742188,0.15381701290607452
gemma_270m_base,capital:6,capital,chat_template,6,3700.292724609375,6.430404186248779,0.15806762874126434
gemma_270m_base,capital:6,capital,chat_template,7,5250.10595703125,16.555240631103516,0.1703748106956482
gemma_270m_base,capital:6,capital,chat_template,8,5616.7041015625,20.90144157409668,0.21189282834529877
gemma_270m_base,capital:6,capital,chat_template,9,6444.34228515625,11.739629745483398,0.15170925855636597
gemma_270m_base,capital:6,capital,chat_template,10,10730.1689453125,27.62583351135254,0.2072364091873169
gemma_270m_base,capital:6,capital,chat_template,11,11031.408203125,4.063680171966553,0.2166910618543625
gemma_270m_base,capital:6,capital,chat_template,12,14744.1796875,26.36752700805664,0.16238848865032196
gemma_270m_base,capital:6,capital,chat_template,13,18807.04296875,31.49654197692871,0.13020595908164978
gemma_270m_base,capital:6,capital,chat_template,14,22806.23046875,43.62161636352539,0.13512468338012695
gemma_270m_base,capital:6,capital,chat_template,15,25786.53515625,33.84561538696289,0.10288664698600769
gemma_270m_base,capital:6,capital,chat_template,16,35465.3828125,39.24026107788086,0.09153525531291962
gemma_270m_base,capital:6,capital,chat_template,17,94.60077667236328,12.400739669799805,0.11617517471313477
gemma_270m_base,capital:7,capital,raw_question,0,148.81947326660156,194.76229858398438,0.21820619702339172
gemma_270m_base,capital:7,capital,raw_question,1,1082.2462158203125,110.69276428222656,0.18861089646816254
gemma_270m_base,capital:7,capital,raw_question,2,1292.68408203125,16.566972732543945,0.16498364508152008
gemma_270m_base,capital:7,capital,raw_question,3,1913.6048583984375,13.06585693359375,0.2228550910949707
gemma_270m_base,capital:7,capital,raw_question,4,2202.94287109375,9.419790267944336,0.1820264756679535
gemma_270m_base,capital:7,capital,raw_question,5,2770.412841796875,18.032670974731445,0.14822131395339966
gemma_270m_base,capital:7,capital,raw_question,6,3531.7421875,8.459989547729492,0.16578350961208344
gemma_270m_base,capital:7,capital,raw_question,7,5396.34375,18.03145408630371,0.18004962801933289
gemma_270m_base,capital:7,capital,raw_question,8,5660.42138671875,20.754364013671875,0.18198567628860474
gemma_270m_base,capital:7,capital,raw_question,9,6025.5517578125,13.70836067199707,0.15174917876720428
gemma_270m_base,capital:7,capital,raw_question,10,11238.9931640625,29.606002807617188,0.2085673063993454
gemma_270m_base,capital:7,capital,raw_question,11,11429.0859375,4.432886600494385,0.19223612546920776
gemma_270m_base,capital:7,capital,raw_question,12,15374.7021484375,28.122514724731445,0.15000921487808228
gemma_270m_base,capital:7,capital,raw_question,13,18545.998046875,31.318113327026367,0.1121966689825058
gemma_270m_base,capital:7,capital,raw_question,14,20940.134765625,50.52185821533203,0.1183430403470993
gemma_270m_base,capital:7,capital,raw_question,15,22478.6484375,34.55488586425781,0.10447566211223602
gemma_270m_base,capital:7,capital,raw_question,16,30807.279296875,43.72050476074219,0.09785721451044083
gemma_270m_base,capital:7,capital,raw_question,17,89.2354507446289,13.956534385681152,0.12401779741048813
gemma_270m_base,capital:7,capital,declarative,0,126.47355651855469,160.50369262695312,0.1934327930212021
gemma_270m_base,capital:7,capital,declarative,1,906.00048828125,113.87061309814453,0.22411610186100006
gemma_270m_base,capital:7,capital,declarative,2,1202.9345703125,19.71172332763672,0.18913519382476807
gemma_270m_base,capital:7,capital,declarative,3,1709.9830322265625,13.388333320617676,0.23428010940551758
gemma_270m_base,capital:7,capital,declarative,4,2488.774658203125,10.548381805419922,0.19565388560295105
gemma_270m_base,capital:7,capital,declarative,5,2855.8603515625,18.133020401000977,0.1502554714679718
gemma_270m_base,capital:7,capital,declarative,6,3641.166015625,8.837886810302734,0.16783666610717773
gemma_270m_base,capital:7,capital,declarative,7,6343.68017578125,19.652202606201172,0.18432414531707764
gemma_270m_base,capital:7,capital,declarative,8,5878.93701171875,19.759416580200195,0.1693081557750702
gemma_270m_base,capital:7,capital,declarative,9,6930.02978515625,16.939620971679688,0.142269566655159
gemma_270m_base,capital:7,capital,declarative,10,9694.2109375,30.03154945373535,0.18097645044326782
gemma_270m_base,capital:7,capital,declarative,11,11382.7919921875,4.384210109710693,0.20449300110340118
gemma_270m_base,capital:7,capital,declarative,12,15287.45703125,35.36005401611328,0.1597498059272766
gemma_270m_base,capital:7,capital,declarative,13,19538.693359375,28.242769241333008,0.12752853333950043
gemma_270m_base,capital:7,capital,declarative,14,24198.330078125,53.95323944091797,0.11783833801746368
gemma_270m_base,capital:7,capital,declarative,15,26060.658203125,38.438236236572266,0.0958566889166832
gemma_270m_base,capital:7,capital,declarative,16,32002.484375,41.218109130859375,0.09337415546178818
gemma_270m_base,capital:7,capital,declarative,17,114.90326690673828,13.792621612548828,0.11402972042560577
gemma_270m_base,capital:7,capital,qa,0,112.52711486816406,139.5484619140625,0.24998345971107483
gemma_270m_base,capital:7,capital,qa,1,819.2720336914062,171.0122833251953,0.22824543714523315
gemma_270m_base,capital:7,capital,qa,2,1011.1672973632812,21.424842834472656,0.18553918600082397
gemma_270m_base,capital:7,capital,qa,3,2260.34423828125,14.570589065551758,0.23728047311306
gemma_270m_base,capital:7,capital,qa,4,1784.785400390625,12.18081283569336,0.19252383708953857
gemma_270m_base,capital:7,capital,qa,5,3325.733642578125,17.223186492919922,0.1502005159854889
gemma_270m_base,capital:7,capital,qa,6,3473.4814453125,8.17985725402832,0.14814791083335876
gemma_270m_base,capital:7,capital,qa,7,4994.54296875,17.456144332885742,0.1632532775402069
gemma_270m_base,capital:7,capital,qa,8,5070.1357421875,21.72226905822754,0.1945536583662033
gemma_270m_base,capital:7,capital,qa,9,5408.228515625,16.8475399017334,0.14825263619422913
gemma_270m_base,capital:7,capital,qa,10,9824.2294921875,32.187347412109375,0.20367148518562317
gemma_270m_base,capital:7,capital,qa,11,10040.0712890625,4.6728668212890625,0.20574313402175903
gemma_270m_base,capital:7,capital,qa,12,14767.8876953125,34.614925384521484,0.1634262353181839
gemma_270m_base,capital:7,capital,qa,13,17591.271484375,30.568817138671875,0.12132010608911514
gemma_270m_base,capital:7,capital,qa,14,22030.2265625,48.57594680786133,0.12155038118362427
gemma_270m_base,capital:7,capital,qa,15,24516.826171875,33.6191291809082,0.09885396808385849
gemma_270m_base,capital:7,capital,qa,16,33837.09375,36.435123443603516,0.08833755552768707
gemma_270m_base,capital:7,capital,qa,17,91.45780944824219,12.682640075683594,0.11144399642944336
gemma_270m_base,capital:7,capital,chat_template,0,109.51815795898438,166.27549743652344,0.23078638315200806
gemma_270m_base,capital:7,capital,chat_template,1,787.6317749023438,120.22286987304688,0.20943163335323334
gemma_270m_base,capital:7,capital,chat_template,2,1071.3699951171875,21.01835823059082,0.17547166347503662
gemma_270m_base,capital:7,capital,chat_template,3,1885.1400146484375,15.260405540466309,0.23886209726333618
gemma_270m_base,capital:7,capital,chat_template,4,2377.13330078125,9.916603088378906,0.19613096117973328
gemma_270m_base,capital:7,capital,chat_template,5,3402.222412109375,17.453516006469727,0.1542302966117859
gemma_270m_base,capital:7,capital,chat_template,6,3642.183837890625,6.406897068023682,0.15828967094421387
gemma_270m_base,capital:7,capital,chat_template,7,5317.140625,16.677236557006836,0.1704798936843872
gemma_270m_base,capital:7,capital,chat_template,8,5736.0625,20.460174560546875,0.21336403489112854
gemma_270m_base,capital:7,capital,chat_template,9,6472.318359375,11.555845260620117,0.15145951509475708
gemma_270m_base,capital:7,capital,chat_template,10,10792.505859375,27.275423049926758,0.20588341355323792
gemma_270m_base,capital:7,capital,chat_template,11,10973.8369140625,4.0952301025390625,0.21656493842601776
gemma_270m_base,capital:7,capital,chat_template,12,15070.888671875,26.21160316467285,0.16664373874664307
gemma_270m_base,capital:7,capital,chat_template,13,18623.5859375,29.834062576293945,0.12754550576210022
gemma_270m_base,capital:7,capital,chat_template,14,22570.25,44.758235931396484,0.13431000709533691
gemma_270m_base,capital:7,capital,chat_template,15,25319.89453125,31.45990562438965,0.10243161022663116
gemma_270m_base,capital:7,capital,chat_template,16,35090.85546875,39.445411682128906,0.09105335175991058
gemma_270m_base,capital:7,capital,chat_template,17,92.66567993164062,12.83343505859375,0.11787216365337372
gemma_270m_base,capital:8,capital,raw_question,0,149.173095703125,193.72328186035156,0.222150519490242
gemma_270m_base,capital:8,capital,raw_question,1,1088.6083984375,97.60179901123047,0.19134896993637085
gemma_270m_base,capital:8,capital,raw_question,2,1261.3712158203125,16.34483528137207,0.1644536554813385
gemma_270m_base,capital:8,capital,raw_question,3,1868.145263671875,12.95582103729248,0.2238122671842575
gemma_270m_base,capital:8,capital,raw_question,4,2139.396484375,9.462712287902832,0.18203327059745789
gemma_270m_base,capital:8,capital,raw_question,5,2700.85107421875,17.900014877319336,0.14807292819023132
gemma_270m_base,capital:8,capital,raw_question,6,3542.92724609375,8.527987480163574,0.16888153553009033
gemma_270m_base,capital:8,capital,raw_question,7,5336.34521484375,18.69831657409668,0.18329349160194397
gemma_270m_base,capital:8,capital,raw_question,8,5811.0654296875,21.479703903198242,0.18294979631900787
gemma_270m_base,capital:8,capital,raw_question,9,5916.580078125,14.039336204528809,0.14865271747112274
gemma_270m_base,capital:8,capital,raw_question,10,11235.0615234375,30.114213943481445,0.21366454660892487
gemma_270m_base,capital:8,capital,raw_question,11,11290.697265625,4.337709903717041,0.19102028012275696
gemma_270m_base,capital:8,capital,raw_question,12,14542.2197265625,27.455459594726562,0.1434878706932068
gemma_270m_base,capital:8,capital,raw_question,13,18641.6171875,30.56829071044922,0.1074347272515297
gemma_270m_base,capital:8,capital,raw_question,14,20917.416015625,47.23806381225586,0.11542043089866638
gemma_270m_base,capital:8,capital,raw_question,15,22224.1171875,34.79298782348633,0.10421084612607956
gemma_270m_base,capital:8,capital,raw_question,16,30084.298828125,44.1153564453125,0.09846892952919006
gemma_270m_base,capital:8,capital,raw_question,17,87.52189636230469,12.112293243408203,0.12791118025779724
gemma_270m_base,capital:8,capital,declarative,0,127.80447387695312,161.3025360107422,0.1919848471879959
gemma_270m_base,capital:8,capital,declarative,1,921.7425537109375,99.86380004882812,0.21508944034576416
gemma_270m_base,capital:8,capital,declarative,2,1219.1627197265625,20.27834129333496,0.19064372777938843
gemma_270m_base,capital:8,capital,declarative,3,1678.1959228515625,13.14663314819336,0.23437416553497314
gemma_270m_base,capital:8,capital,declarative,4,2442.437255859375,10.407201766967773,0.19179090857505798
gemma_270m_base,capital:8,capital,declarative,5,2842.662109375,18.12059783935547,0.14845283329486847
gemma_270m_base,capital:8,capital,declarative,6,3665.486083984375,8.607355117797852,0.16841760277748108
gemma_270m_base,capital:8,capital,declarative,7,6179.88427734375,20.20564842224121,0.18256062269210815
gemma_270m_base,capital:8,capital,declarative,8,5835.23974609375,20.28617286682129,0.1708337962627411
gemma_270m_base,capital:8,capital,declarative,9,6819.53466796875,16.338584899902344,0.13896214962005615
gemma_270m_base,capital:8,capital,declarative,10,9974.7666015625,30.713436126708984,0.18227890133857727
gemma_270m_base,capital:8,capital,declarative,11,11736.7861328125,4.49212646484375,0.20568427443504333
gemma_270m_base,capital:8,capital,declarative,12,15099.2919921875,32.624053955078125,0.15110640227794647
gemma_270m_base,capital:8,capital,declarative,13,20089.458984375,29.148765563964844,0.12380591034889221
gemma_270m_base,capital:8,capital,declarative,14,24217.255859375,51.84758377075195,0.11715705692768097
gemma_270m_base,capital:8,capital,declarative,15,25664.759765625,33.484901428222656,0.09986111521720886
gemma_270m_base,capital:8,capital,declarative,16,31286.087890625,43.54495620727539,0.09732848405838013
gemma_270m_base,capital:8,capital,declarative,17,104.98365020751953,14.740486145019531,0.12186653912067413
gemma_270m_base,capital:8,capital,qa,0,111.04349517822266,140.0967254638672,0.25063571333885193
gemma_270m_base,capital:8,capital,qa,1,836.5856323242188,157.8819580078125,0.23473608493804932
gemma_270m_base,capital:8,capital,qa,2,997.4119873046875,23.382282257080078,0.19183489680290222
gemma_270m_base,capital:8,capital,qa,3,2280.851806640625,14.599493980407715,0.23692435026168823
gemma_270m_base,capital:8,capital,qa,4,1637.1353759765625,12.667634010314941,0.19501851499080658
gemma_270m_base,capital:8,capital,qa,5,3234.00146484375,17.156400680541992,0.15107154846191406
gemma_270m_base,capital:8,capital,qa,6,3463.105712890625,7.859209060668945,0.147891566157341
gemma_270m_base,capital:8,capital,qa,7,5044.01171875,17.97340202331543,0.16503140330314636
gemma_270m_base,capital:8,capital,qa,8,5060.0380859375,23.031768798828125,0.19316557049751282
gemma_270m_base,capital:8,capital,qa,9,5431.17724609375,17.093658447265625,0.14514794945716858
gemma_270m_base,capital:8,capital,qa,10,10004.677734375,31.745166778564453,0.20697319507598877
gemma_270m_base,capital:8,capital,qa,11,10339.197265625,4.828436851501465,0.2067941278219223
gemma_270m_base,capital:8,capital,qa,12,14217.7177734375,30.09058952331543,0.15479007363319397
gemma_270m_base,capital:8,capital,qa,13,18103.736328125,31.120704650878906,0.1177404373884201
gemma_270m_base,capital:8,capital,qa,14,22485.92578125,45.520545959472656,0.11958349496126175
gemma_270m_base,capital:8,capital,qa,15,24873.5546875,30.319612503051758,0.09874090552330017
gemma_270m_base,capital:8,capital,qa,16,34069.1796875,36.670440673828125,0.09175039827823639
gemma_270m_base,capital:8,capital,qa,17,91.25139617919922,11.076400756835938,0.11326117813587189
gemma_270m_base,capital:8,capital,chat_template,0,109.10308074951172,166.2734375,0.2317758947610855
gemma_270m_base,capital:8,capital,chat_template,1,800.0040893554688,110.33465576171875,0.21309268474578857
gemma_270m_base,capital:8,capital,chat_template,2,1066.1395263671875,20.413042068481445,0.17600658535957336
gemma_270m_base,capital:8,capital,chat_template,3,1836.5147705078125,15.556801795959473,0.23694857954978943
gemma_270m_base,capital:8,capital,chat_template,4,2377.907470703125,9.976359367370605,0.19687291979789734
gemma_270m_base,capital:8,capital,chat_template,5,3422.152587890625,17.348655700683594,0.15448907017707825
gemma_270m_base,capital:8,capital,chat_template,6,3680.368408203125,6.348875999450684,0.15822094678878784
gemma_270m_base,capital:8,capital,chat_template,7,5222.4140625,16.616897583007812,0.17054492235183716
gemma_270m_base,capital:8,capital,chat_template,8,5639.9501953125,20.899118423461914,0.21263176202774048
gemma_270m_base,capital:8,capital,chat_template,9,6468.19091796875,11.867578506469727,0.15157896280288696
gemma_270m_base,capital:8,capital,chat_template,10,10731.17578125,28.443845748901367,0.20704078674316406
gemma_270m_base,capital:8,capital,chat_template,11,10989.2568359375,4.087374210357666,0.21608924865722656
gemma_270m_base,capital:8,capital,chat_template,12,14805.474609375,24.619571685791016,0.16073212027549744
gemma_270m_base,capital:8,capital,chat_template,13,19117.048828125,29.47284698486328,0.12456538528203964
gemma_270m_base,capital:8,capital,chat_template,14,23209.662109375,43.89984130859375,0.13176779448986053
gemma_270m_base,capital:8,capital,chat_template,15,25435.86328125,31.81378173828125,0.10236585140228271
gemma_270m_base,capital:8,capital,chat_template,16,35153.6484375,39.97087860107422,0.09291588515043259
gemma_270m_base,capital:8,capital,chat_template,17,90.43049621582031,12.589119911193848,0.12011688202619553
gemma_270m_base,capital:9,capital,raw_question,0,150.8055419921875,192.128173828125,0.22058598697185516
gemma_270m_base,capital:9,capital,raw_question,1,1096.0433349609375,97.58477020263672,0.18899421393871307
gemma_270m_base,capital:9,capital,raw_question,2,1284.1304931640625,16.498550415039062,0.16526371240615845
gemma_270m_base,capital:9,capital,raw_question,3,1888.2784423828125,12.926703453063965,0.2229064404964447
gemma_270m_base,capital:9,capital,raw_question,4,2153.750732421875,9.47415542602539,0.181120827794075
gemma_270m_base,capital:9,capital,raw_question,5,2740.765625,17.79663848876953,0.14829006791114807
gemma_270m_base,capital:9,capital,raw_question,6,3491.3564453125,8.462444305419922,0.16765138506889343
gemma_270m_base,capital:9,capital,raw_question,7,5368.34521484375,18.096378326416016,0.18209229409694672
gemma_270m_base,capital:9,capital,raw_question,8,5729.47119140625,22.14511489868164,0.18382571637630463
gemma_270m_base,capital:9,capital,raw_question,9,5915.56689453125,13.711655616760254,0.14903080463409424
gemma_270m_base,capital:9,capital,raw_question,10,11050.228515625,29.693401336669922,0.21232889592647552
gemma_270m_base,capital:9,capital,raw_question,11,11191.875,4.243173599243164,0.19174720346927643
gemma_270m_base,capital:9,capital,raw_question,12,14614.7763671875,28.066179275512695,0.14967313408851624
gemma_270m_base,capital:9,capital,raw_question,13,18074.47265625,30.75014877319336,0.11181333661079407
gemma_270m_base,capital:9,capital,raw_question,14,20361.453125,49.034793853759766,0.11701001226902008
gemma_270m_base,capital:9,capital,raw_question,15,21870.04296875,37.16055679321289,0.10348314791917801
gemma_270m_base,capital:9,capital,raw_question,16,30379.572265625,43.275550842285156,0.09620355069637299
gemma_270m_base,capital:9,capital,raw_question,17,88.04751586914062,13.502893447875977,0.12132138013839722
gemma_270m_base,capital:9,capital,declarative,0,124.58605194091797,151.475341796875,0.19569149613380432
gemma_270m_base,capital:9,capital,declarative,1,916.5977783203125,100.71846771240234,0.21626770496368408
gemma_270m_base,capital:9,capital,declarative,2,1210.1485595703125,20.083744049072266,0.19099698960781097
gemma_270m_base,capital:9,capital,declarative,3,1688.0450439453125,13.302445411682129,0.2336958348751068
gemma_270m_base,capital:9,capital,declarative,4,2394.542236328125,10.39793872833252,0.1918482482433319
gemma_270m_base,capital:9,capital,declarative,5,2805.16357421875,17.913707733154297,0.1499500870704651
gemma_270m_base,capital:9,capital,declarative,6,3736.57373046875,8.68046760559082,0.16972489655017853
gemma_270m_base,capital:9,capital,declarative,7,6175.01611328125,19.401805877685547,0.18345193564891815
gemma_270m_base,capital:9,capital,declarative,8,5773.3564453125,20.590803146362305,0.17102062702178955
gemma_270m_base,capital:9,capital,declarative,9,6820.8828125,16.54537010192871,0.1411864161491394
gemma_270m_base,capital:9,capital,declarative,10,9807.0615234375,30.630664825439453,0.18636828660964966
gemma_270m_base,capital:9,capital,declarative,11,11592.3837890625,4.280292987823486,0.20569568872451782
gemma_270m_base,capital:9,capital,declarative,12,15046.7099609375,35.504844665527344,0.1593371480703354
gemma_270m_base,capital:9,capital,declarative,13,19379.1796875,29.1940860748291,0.12740719318389893
gemma_270m_base,capital:9,capital,declarative,14,23911.7890625,53.63569259643555,0.11739926785230637
gemma_270m_base,capital:9,capital,declarative,15,26467.708984375,37.32987594604492,0.09883682429790497
gemma_270m_base,capital:9,capital,declarative,16,32617.310546875,41.65741729736328,0.09559698402881622
gemma_270m_base,capital:9,capital,declarative,17,111.02132415771484,14.416160583496094,0.11587963998317719
gemma_270m_base,capital:9,capital,qa,0,112.94107055664062,138.9229278564453,0.25031358003616333
gemma_270m_base,capital:9,capital,qa,1,840.006591796875,155.51422119140625,0.23336999118328094
gemma_270m_base,capital:9,capital,qa,2,1001.055908203125,23.321382522583008,0.19188563525676727
gemma_270m_base,capital:9,capital,qa,3,2281.121826171875,14.469939231872559,0.2381405234336853
gemma_270m_base,capital:9,capital,qa,4,1650.5848388671875,12.79582691192627,0.1959361881017685
gemma_270m_base,capital:9,capital,qa,5,3241.148193359375,17.05207633972168,0.1508398950099945
gemma_270m_base,capital:9,capital,qa,6,3508.507080078125,7.759354114532471,0.14765240252017975
gemma_270m_base,capital:9,capital,qa,7,5039.73095703125,17.459684371948242,0.159331813454628
gemma_270m_base,capital:9,capital,qa,8,5036.103515625,22.10057258605957,0.19143939018249512
gemma_270m_base,capital:9,capital,qa,9,5317.841796875,16.45197296142578,0.14326715469360352
gemma_270m_base,capital:9,capital,qa,10,9756.525390625,31.637117385864258,0.20625515282154083
gemma_270m_base,capital:9,capital,qa,11,9992.8056640625,4.766693115234375,0.2034069001674652
gemma_270m_base,capital:9,capital,qa,12,14157.3447265625,32.524986267089844,0.16156905889511108
gemma_270m_base,capital:9,capital,qa,13,17538.318359375,30.576454162597656,0.12318366765975952
gemma_270m_base,capital:9,capital,qa,14,21974.181640625,47.313140869140625,0.12200292199850082
gemma_270m_base,capital:9,capital,qa,15,24572.48046875,32.586856842041016,0.09833155572414398
gemma_270m_base,capital:9,capital,qa,16,34668.34375,35.871421813964844,0.08814763277769089
gemma_270m_base,capital:9,capital,qa,17,91.63302612304688,12.731718063354492,0.1092914491891861
gemma_270m_base,capital:9,capital,chat_template,0,109.26288604736328,165.4011688232422,0.23194938898086548
gemma_270m_base,capital:9,capital,chat_template,1,797.76708984375,109.86884307861328,0.21245068311691284
gemma_270m_base,capital:9,capital,chat_template,2,1074.4482421875,20.619216918945312,0.17501087486743927
gemma_270m_base,capital:9,capital,chat_template,3,1861.62646484375,15.28718376159668,0.23686692118644714
gemma_270m_base,capital:9,capital,chat_template,4,2363.463134765625,9.880331993103027,0.19485235214233398
gemma_270m_base,capital:9,capital,chat_template,5,3448.516845703125,17.371273040771484,0.15486188232898712
gemma_270m_base,capital:9,capital,chat_template,6,3688.968505859375,6.4036760330200195,0.1581658124923706
gemma_270m_base,capital:9,capital,chat_template,7,5225.3203125,16.64672088623047,0.16842886805534363
gemma_270m_base,capital:9,capital,chat_template,8,5682.89697265625,20.75941276550293,0.2140101194381714
gemma_270m_base,capital:9,capital,chat_template,9,6451.498046875,11.808891296386719,0.15202490985393524
gemma_270m_base,capital:9,capital,chat_template,10,10731.0625,27.78053855895996,0.20790353417396545
gemma_270m_base,capital:9,capital,chat_template,11,10906.0439453125,4.009587287902832,0.2160014808177948
gemma_270m_base,capital:9,capital,chat_template,12,14737.076171875,25.657041549682617,0.16852879524230957
gemma_270m_base,capital:9,capital,chat_template,13,18876.412109375,29.244619369506836,0.13019508123397827
gemma_270m_base,capital:9,capital,chat_template,14,22865.427734375,43.99289321899414,0.13469626009464264
gemma_270m_base,capital:9,capital,chat_template,15,25625.17578125,33.539085388183594,0.10185219347476959
gemma_270m_base,capital:9,capital,chat_template,16,35814.96875,38.965553283691406,0.08885567635297775
gemma_270m_base,capital:9,capital,chat_template,17,94.16319274902344,13.046475410461426,0.11480496823787689
gemma_270m_base,capital:10,capital,raw_question,0,149.5897674560547,192.9167022705078,0.22088390588760376
gemma_270m_base,capital:10,capital,raw_question,1,1100.3394775390625,112.10112762451172,0.19102038443088531
gemma_270m_base,capital:10,capital,raw_question,2,1307.5052490234375,16.232135772705078,0.16354313492774963
gemma_270m_base,capital:10,capital,raw_question,3,1931.5538330078125,13.106353759765625,0.22278112173080444
gemma_270m_base,capital:10,capital,raw_question,4,2154.432861328125,9.481128692626953,0.18131181597709656
gemma_270m_base,capital:10,capital,raw_question,5,2746.26171875,18.15152931213379,0.14790202677249908
gemma_270m_base,capital:10,capital,raw_question,6,3562.730712890625,8.480095863342285,0.16736209392547607
gemma_270m_base,capital:10,capital,raw_question,7,5367.580078125,18.310359954833984,0.17932011187076569
gemma_270m_base,capital:10,capital,raw_question,8,5716.65869140625,20.828590393066406,0.1821783483028412
gemma_270m_base,capital:10,capital,raw_question,9,5901.5341796875,13.604979515075684,0.15109851956367493
gemma_270m_base,capital:10,capital,raw_question,10,11172.578125,29.423585891723633,0.21134540438652039
gemma_270m_base,capital:10,capital,raw_question,11,11365.9736328125,4.460227966308594,0.19440487027168274
gemma_270m_base,capital:10,capital,raw_question,12,15210.509765625,26.281383514404297,0.1496604084968567
gemma_270m_base,capital:10,capital,raw_question,13,18291.109375,30.79935646057129,0.11259393393993378
gemma_270m_base,capital:10,capital,raw_question,14,20577.96875,50.766502380371094,0.11977925896644592
gemma_270m_base,capital:10,capital,raw_question,15,22246.611328125,34.14720153808594,0.10564924776554108
gemma_270m_base,capital:10,capital,raw_question,16,30488.099609375,42.77156066894531,0.09932564198970795
gemma_270m_base,capital:10,capital,raw_question,17,88.95267486572266,12.773368835449219,0.1254422664642334
gemma_270m_base,capital:10,capital,declarative,0,126.89717864990234,157.76158142089844,0.19396649301052094
gemma_270m_base,capital:10,capital,declarative,1,906.2012939453125,116.61239624023438,0.22912997007369995
gemma_270m_base,capital:10,capital,declarative,2,1195.222900390625,19.992746353149414,0.1887613832950592
gemma_270m_base,capital:10,capital,declarative,3,1729.4365234375,13.413107872009277,0.23589448630809784
gemma_270m_base,capital:10,capital,declarative,4,2506.033935546875,10.75546932220459,0.195228710770607
gemma_270m_base,capital:10,capital,declarative,5,2831.38330078125,18.324825286865234,0.1492978185415268
gemma_270m_base,capital:10,capital,declarative,6,3621.5400390625,8.79955768585205,0.16875681281089783
gemma_270m_base,capital:10,capital,declarative,7,6369.150390625,19.583505630493164,0.18484047055244446
gemma_270m_base,capital:10,capital,declarative,8,5840.9306640625,19.57835578918457,0.1701592206954956
gemma_270m_base,capital:10,capital,declarative,9,7020.26806640625,16.681447982788086,0.1431952714920044
gemma_270m_base,capital:10,capital,declarative,10,9823.60546875,29.429691314697266,0.18236874043941498
gemma_270m_base,capital:10,capital,declarative,11,11463.7197265625,4.4903669357299805,0.20505371689796448
gemma_270m_base,capital:10,capital,declarative,12,15768.1083984375,33.94110107421875,0.15999369323253632
gemma_270m_base,capital:10,capital,declarative,13,19677.67578125,28.426021575927734,0.12689588963985443
gemma_270m_base,capital:10,capital,declarative,14,24583.78515625,54.296875,0.11867129802703857
gemma_270m_base,capital:10,capital,declarative,15,26361.791015625,38.075897216796875,0.0961974710226059
gemma_270m_base,capital:10,capital,declarative,16,32217.630859375,39.974666595458984,0.09461227059364319
gemma_270m_base,capital:10,capital,declarative,17,117.82906341552734,12.285886764526367,0.11566704511642456
gemma_270m_base,capital:10,capital,qa,0,110.98143768310547,141.89012145996094,0.2464936375617981
gemma_270m_base,capital:10,capital,qa,1,821.9857177734375,164.11131286621094,0.2287813276052475
gemma_270m_base,capital:10,capital,qa,2,1015.3618774414062,21.705760955810547,0.18671858310699463
gemma_270m_base,capital:10,capital,qa,3,2274.91748046875,14.451393127441406,0.23787331581115723
gemma_270m_base,capital:10,capital,qa,4,1789.0693359375,12.283018112182617,0.19242969155311584
gemma_270m_base,capital:10,capital,qa,5,3309.150634765625,17.13271713256836,0.15054912865161896
gemma_270m_base,capital:10,capital,qa,6,3472.498779296875,8.13910961151123,0.14756610989570618
gemma_270m_base,capital:10,capital,qa,7,4941.03759765625,17.684019088745117,0.16047441959381104
gemma_270m_base,capital:10,capital,qa,8,5071.978515625,21.8214168548584,0.19330689311027527
gemma_270m_base,capital:10,capital,qa,9,5404.47021484375,16.51470184326172,0.14768321812152863
gemma_270m_base,capital:10,capital,qa,10,9824.078125,31.32840919494629,0.20477628707885742
gemma_270m_base,capital:10,capital,qa,11,9986.4189453125,4.582614898681641,0.20897802710533142
gemma_270m_base,capital:10,capital,qa,12,14931.8505859375,32.16392135620117,0.1639951765537262
gemma_270m_base,capital:10,capital,qa,13,17511.998046875,30.371849060058594,0.12282328307628632
gemma_270m_base,capital:10,capital,qa,14,22147.9140625,49.160892486572266,0.122544065117836
gemma_270m_base,capital:10,capital,qa,15,24644.408203125,32.58652877807617,0.10048739612102509
gemma_270m_base,capital:10,capital,qa,16,34222.4609375,35.818721771240234,0.09003987163305283
gemma_270m_base,capital:10,capital,qa,17,95.17130279541016,10.803717613220215,0.11113747209310532
gemma_270m_base,capital:10,capital,chat_template,0,109.13285827636719,167.7045440673828,0.23018239438533783
gemma_270m_base,capital:10,capital,chat_template,1,794.4196166992188,116.81930541992188,0.21137957274913788
gemma_270m_base,capital:10,capital,chat_template,2,1071.30419921875,20.897680282592773,0.17421749234199524
gemma_270m_base,capital:10,capital,chat_template,3,1877.1776123046875,15.221068382263184,0.23599247634410858
gemma_270m_base,capital:10,capital,chat_template,4,2331.237548828125,9.8806734085083,0.19646748900413513
gemma_270m_base,capital:10,capital,chat_template,5,3487.994140625,17.57125473022461,0.1552709937095642
gemma_270m_base,capital:10,capital,chat_template,6,3758.0615234375,6.325852394104004,0.15826553106307983
gemma_270m_base,capital:10,capital,chat_template,7,5347.46875,16.2331600189209,0.17414383590221405
gemma_270m_base,capital:10,capital,chat_template,8,5792.4169921875,20.68904685974121,0.21404850482940674
gemma_270m_base,capital:10,capital,chat_template,9,6470.71630859375,11.585955619812012,0.15241247415542603
gemma_270m_base,capital:10,capital,chat_template,10,10791.2568359375,27.51885414123535,0.20662546157836914
gemma_270m_base,capital:10,capital,chat_template,11,10964.3203125,4.1204962730407715,0.2168264389038086
gemma_270m_base,capital:10,capital,chat_template,12,15217.23046875,25.396305084228516,0.16550588607788086
gemma_270m_base,capital:10,capital,chat_template,13,18697.765625,29.896482467651367,0.12851807475090027
gemma_270m_base,capital:10,capital,chat_template,14,22790.267578125,45.4979248046875,0.1340782791376114
gemma_270m_base,capital:10,capital,chat_template,15,25550.4375,31.73031234741211,0.10181386768817902
gemma_270m_base,capital:10,capital,chat_template,16,35473.90625,39.264892578125,0.08985310047864914
gemma_270m_base,capital:10,capital,chat_template,17,95.21747589111328,11.696535110473633,0.11552419513463974
gemma_270m_base,capital:11,capital,raw_question,0,147.3494873046875,198.88204956054688,0.21958762407302856
gemma_270m_base,capital:11,capital,raw_question,1,1096.7769775390625,97.08316040039062,0.19006115198135376
gemma_270m_base,capital:11,capital,raw_question,2,1262.1568603515625,16.330181121826172,0.16429218649864197
gemma_270m_base,capital:11,capital,raw_question,3,1886.1529541015625,12.944781303405762,0.223817378282547
gemma_270m_base,capital:11,capital,raw_question,4,2246.67431640625,9.263137817382812,0.1803809106349945
gemma_270m_base,capital:11,capital,raw_question,5,2801.198974609375,17.558753967285156,0.15122434496879578
gemma_270m_base,capital:11,capital,raw_question,6,3577.545166015625,8.527249336242676,0.16696622967720032
gemma_270m_base,capital:11,capital,raw_question,7,5433.44140625,18.639516830444336,0.18747249245643616
gemma_270m_base,capital:11,capital,raw_question,8,6002.7900390625,21.63678550720215,0.18266630172729492
gemma_270m_base,capital:11,capital,raw_question,9,5962.26318359375,13.766185760498047,0.14899784326553345
gemma_270m_base,capital:11,capital,raw_question,10,11314.6689453125,29.580169677734375,0.20738153159618378
gemma_270m_base,capital:11,capital,raw_question,11,11472.7578125,4.064732074737549,0.19266189634799957
gemma_270m_base,capital:11,capital,raw_question,12,14944.3369140625,24.519676208496094,0.1432298719882965
gemma_270m_base,capital:11,capital,raw_question,13,18651.44140625,30.77486801147461,0.11057769507169724
gemma_270m_base,capital:11,capital,raw_question,14,21054.150390625,48.4759635925293,0.11599735170602798
gemma_270m_base,capital:11,capital,raw_question,15,22443.421875,33.92246627807617,0.10287272930145264
gemma_270m_base,capital:11,capital,raw_question,16,30883.236328125,42.220001220703125,0.09870463609695435
gemma_270m_base,capital:11,capital,raw_question,17,86.44500732421875,12.634648323059082,0.12363913655281067
gemma_270m_base,capital:11,capital,declarative,0,128.1093292236328,166.4644317626953,0.19036298990249634
gemma_270m_base,capital:11,capital,declarative,1,919.9774169921875,98.02986145019531,0.21513336896896362
gemma_270m_base,capital:11,capital,declarative,2,1218.1756591796875,20.013683319091797,0.18820124864578247
gemma_270m_base,capital:11,capital,declarative,3,1727.233154296875,13.4589204788208,0.23403999209403992
gemma_270m_base,capital:11,capital,declarative,4,2489.70703125,10.32416820526123,0.19304534792900085
gemma_270m_base,capital:11,capital,declarative,5,2878.61474609375,17.402313232421875,0.15172310173511505
gemma_270m_base,capital:11,capital,declarative,6,3704.47265625,8.6598482131958,0.16750648617744446
gemma_270m_base,capital:11,capital,declarative,7,6348.998046875,19.506441116333008,0.18409201502799988
gemma_270m_base,capital:11,capital,declarative,8,5888.2509765625,19.77861785888672,0.16999801993370056
gemma_270m_base,capital:11,capital,declarative,9,6845.58740234375,16.68680191040039,0.1419425755739212
gemma_270m_base,capital:11,capital,declarative,10,9709.73828125,29.659334182739258,0.18761120736598969
gemma_270m_base,capital:11,capital,declarative,11,11195.6025390625,4.213647365570068,0.20667824149131775
gemma_270m_base,capital:11,capital,declarative,12,15480.37109375,35.3746337890625,0.15336011350154877
gemma_270m_base,capital:11,capital,declarative,13,19198.52734375,28.89301300048828,0.12219561636447906
gemma_270m_base,capital:11,capital,declarative,14,23283.650390625,52.76979446411133,0.1144820898771286
gemma_270m_base,capital:11,capital,declarative,15,25934.111328125,37.56025695800781,0.09937591105699539
gemma_270m_base,capital:11,capital,declarative,16,32223.283203125,40.814369201660156,0.10019483417272568
gemma_270m_base,capital:11,capital,declarative,17,110.0052719116211,12.338173866271973,0.11902180314064026
gemma_270m_base,capital:11,capital,qa,0,111.16556549072266,141.80288696289062,0.24718151986598969
gemma_270m_base,capital:11,capital,qa,1,836.7127075195312,154.4857940673828,0.2354896068572998
gemma_270m_base,capital:11,capital,qa,2,1005.0254516601562,23.478412628173828,0.19220837950706482
gemma_270m_base,capital:11,capital,qa,3,2296.82958984375,14.580631256103516,0.23618057370185852
gemma_270m_base,capital:11,capital,qa,4,1701.6419677734375,12.706482887268066,0.19377371668815613
gemma_270m_base,capital:11,capital,qa,5,3259.552490234375,17.19400405883789,0.1509195864200592
gemma_270m_base,capital:11,capital,qa,6,3568.125,8.083170890808105,0.1484435796737671
gemma_270m_base,capital:11,capital,qa,7,5084.671875,17.578580856323242,0.1629103571176529
gemma_270m_base,capital:11,capital,qa,8,5180.5146484375,22.143028259277344,0.19534997642040253
gemma_270m_base,capital:11,capital,qa,9,5626.45458984375,16.591693878173828,0.1458512246608734
gemma_270m_base,capital:11,capital,qa,10,10138.208984375,30.342506408691406,0.20704135298728943
gemma_270m_base,capital:11,capital,qa,11,10399.9736328125,4.60874605178833,0.20581910014152527
gemma_270m_base,capital:11,capital,qa,12,14881.6328125,32.72099685668945,0.15282538533210754
gemma_270m_base,capital:11,capital,qa,13,17926.912109375,29.26749610900879,0.12026706337928772
gemma_270m_base,capital:11,capital,qa,14,22337.5859375,45.90687942504883,0.12217322736978531
gemma_270m_base,capital:11,capital,qa,15,25228.783203125,31.680265426635742,0.10021284967660904
gemma_270m_base,capital:11,capital,qa,16,35002.12890625,35.230010986328125,0.09108582139015198
gemma_270m_base,capital:11,capital,qa,17,90.86080932617188,11.254507064819336,0.11148642003536224
gemma_270m_base,capital:11,capital,chat_template,0,109.0909423828125,167.8726348876953,0.2304212749004364
gemma_270m_base,capital:11,capital,chat_template,1,793.3614501953125,107.63531494140625,0.21237924695014954
gemma_270m_base,capital:11,capital,chat_template,2,1069.725341796875,20.365835189819336,0.1761573851108551
gemma_270m_base,capital:11,capital,chat_template,3,1845.250732421875,15.406784057617188,0.2370847761631012
gemma_270m_base,capital:11,capital,chat_template,4,2349.006591796875,9.892494201660156,0.19589269161224365
gemma_270m_base,capital:11,capital,chat_template,5,3398.036376953125,17.333576202392578,0.15519189834594727
gemma_270m_base,capital:11,capital,chat_template,6,3690.645751953125,6.341704368591309,0.15839967131614685
gemma_270m_base,capital:11,capital,chat_template,7,5286.474609375,16.553478240966797,0.17027921974658966
gemma_270m_base,capital:11,capital,chat_template,8,5715.1337890625,20.687463760375977,0.21314562857151031
gemma_270m_base,capital:11,capital,chat_template,9,6542.212890625,11.7920560836792,0.15026240050792694
gemma_270m_base,capital:11,capital,chat_template,10,10859.2919921875,27.377044677734375,0.20441974699497223
gemma_270m_base,capital:11,capital,chat_template,11,11155.9580078125,3.9331507682800293,0.21497003734111786
gemma_270m_base,capital:11,capital,chat_template,12,15181.34765625,24.93253517150879,0.16001830995082855
gemma_270m_base,capital:11,capital,chat_template,13,19051.255859375,28.93156623840332,0.12750938534736633
gemma_270m_base,capital:11,capital,chat_template,14,23168.220703125,43.228363037109375,0.13504883646965027
gemma_270m_base,capital:11,capital,chat_template,15,25945.755859375,31.408775329589844,0.10245281457901001
gemma_270m_base,capital:11,capital,chat_template,16,35926.859375,38.529014587402344,0.09171342104673386
gemma_270m_base,capital:11,capital,chat_template,17,92.18771362304688,12.410829544067383,0.11890644580125809
gemma_270m_base,capital:12,capital,raw_question,0,148.14053344726562,194.10009765625,0.21958301961421967
gemma_270m_base,capital:12,capital,raw_question,1,1099.8546142578125,99.18929290771484,0.19039320945739746
gemma_270m_base,capital:12,capital,raw_question,2,1261.477294921875,16.19537353515625,0.1636108011007309
gemma_270m_base,capital:12,capital,raw_question,3,1878.9891357421875,13.081859588623047,0.224336177110672
gemma_270m_base,capital:12,capital,raw_question,4,2218.458740234375,9.450363159179688,0.1799696683883667
gemma_270m_base,capital:12,capital,raw_question,5,2776.019287109375,17.819534301757812,0.1491873860359192
gemma_270m_base,capital:12,capital,raw_question,6,3533.30810546875,8.647001266479492,0.16712236404418945
gemma_270m_base,capital:12,capital,raw_question,7,5362.759765625,18.5322265625,0.18262802064418793
gemma_270m_base,capital:12,capital,raw_question,8,5626.80419921875,21.33277130126953,0.18547901511192322
gemma_270m_base,capital:12,capital,raw_question,9,5902.63037109375,13.789554595947266,0.15223410725593567
gemma_270m_base,capital:12,capital,raw_question,10,11171.7861328125,29.871768951416016,0.2115742415189743
gemma_270m_base,capital:12,capital,raw_question,11,11280.697265625,4.335264682769775,0.19419202208518982
gemma_270m_base,capital:12,capital,raw_question,12,15096.4345703125,25.744529724121094,0.14748968183994293
gemma_270m_base,capital:12,capital,raw_question,13,18659.328125,30.778968811035156,0.11290618032217026
gemma_270m_base,capital:12,capital,raw_question,14,21015.154296875,48.30813980102539,0.11954440176486969
gemma_270m_base,capital:12,capital,raw_question,15,22458.54296875,33.58592987060547,0.10454997420310974
gemma_270m_base,capital:12,capital,raw_question,16,30336.33984375,42.219871520996094,0.09987781941890717
gemma_270m_base,capital:12,capital,raw_question,17,85.9891128540039,14.039531707763672,0.12694485485553741
gemma_270m_base,capital:12,capital,declarative,0,128.266845703125,160.2230682373047,0.19261734187602997
gemma_270m_base,capital:12,capital,declarative,1,919.9785766601562,99.91228485107422,0.21787023544311523
gemma_270m_base,capital:12,capital,declarative,2,1203.1541748046875,19.986005783081055,0.1893446147441864
gemma_270m_base,capital:12,capital,declarative,3,1721.2412109375,13.27847957611084,0.2360500693321228
gemma_270m_base,capital:12,capital,declarative,4,2456.893798828125,10.652571678161621,0.1918659657239914
gemma_270m_base,capital:12,capital,declarative,5,2849.3623046875,17.912492752075195,0.15084993839263916
gemma_270m_base,capital:12,capital,declarative,6,3701.019287109375,9.186564445495605,0.16869844496250153
gemma_270m_base,capital:12,capital,declarative,7,6423.3154296875,19.615867614746094,0.18249419331550598
gemma_270m_base,capital:12,capital,declarative,8,5924.71435546875,20.152442932128906,0.1696901023387909
gemma_270m_base,capital:12,capital,declarative,9,6913.84423828125,16.826416015625,0.14036598801612854
gemma_270m_base,capital:12,capital,declarative,10,9930.630859375,29.907987594604492,0.18059977889060974
gemma_270m_base,capital:12,capital,declarative,11,11476.962890625,4.4668402671813965,0.205581396818161
gemma_270m_base,capital:12,capital,declarative,12,15457.353515625,34.88648223876953,0.15773886442184448
gemma_270m_base,capital:12,capital,declarative,13,20410.564453125,29.53093910217285,0.12845854461193085
gemma_270m_base,capital:12,capital,declarative,14,25160.46484375,51.82933807373047,0.11911177635192871
gemma_270m_base,capital:12,capital,declarative,15,27705.837890625,37.08781433105469,0.09894266724586487
gemma_270m_base,capital:12,capital,declarative,16,33754.9140625,40.14048385620117,0.09469687938690186
gemma_270m_base,capital:12,capital,declarative,17,109.40350341796875,16.14388656616211,0.11376859247684479
gemma_270m_base,capital:12,capital,qa,0,111.87125396728516,139.79420471191406,0.2478422224521637
gemma_270m_base,capital:12,capital,qa,1,840.2022705078125,155.55148315429688,0.2361568808555603
gemma_270m_base,capital:12,capital,qa,2,1012.3903198242188,23.55048370361328,0.19214701652526855
gemma_270m_base,capital:12,capital,qa,3,2295.345947265625,14.41398811340332,0.2361193746328354
gemma_270m_base,capital:12,capital,qa,4,1692.3299560546875,12.757734298706055,0.19378598034381866
gemma_270m_base,capital:12,capital,qa,5,3276.93359375,17.27569580078125,0.15091080963611603
gemma_270m_base,capital:12,capital,qa,6,3547.693115234375,7.897503852844238,0.14737990498542786
gemma_270m_base,capital:12,capital,qa,7,4937.1123046875,17.262924194335938,0.1597580909729004
gemma_270m_base,capital:12,capital,qa,8,5097.673828125,21.82299041748047,0.19693852961063385
gemma_270m_base,capital:12,capital,qa,9,5596.1044921875,16.209430694580078,0.14778104424476624
gemma_270m_base,capital:12,capital,qa,10,9950.53125,30.980030059814453,0.204121932387352
gemma_270m_base,capital:12,capital,qa,11,10131.7646484375,4.742123126983643,0.20494575798511505
gemma_270m_base,capital:12,capital,qa,12,14521.6591796875,30.584436416625977,0.15613657236099243
gemma_270m_base,capital:12,capital,qa,13,18148.404296875,29.66419219970703,0.12255872786045074
gemma_270m_base,capital:12,capital,qa,14,22411.75,46.502620697021484,0.12238369882106781
gemma_270m_base,capital:12,capital,qa,15,25025.365234375,31.099342346191406,0.09914248436689377
gemma_270m_base,capital:12,capital,qa,16,34625.54296875,34.89828872680664,0.0907047688961029
gemma_270m_base,capital:12,capital,qa,17,91.64469146728516,12.926678657531738,0.1117098405957222
gemma_270m_base,capital:12,capital,chat_template,0,109.41617584228516,166.2841796875,0.23073425889015198
gemma_270m_base,capital:12,capital,chat_template,1,796.8506469726562,109.72573852539062,0.2156425565481186
gemma_270m_base,capital:12,capital,chat_template,2,1077.55908203125,20.74876594543457,0.1753721982240677
gemma_270m_base,capital:12,capital,chat_template,3,1852.204833984375,15.408422470092773,0.23457753658294678
gemma_270m_base,capital:12,capital,chat_template,4,2363.130615234375,9.95950698852539,0.19578120112419128
gemma_270m_base,capital:12,capital,chat_template,5,3425.6298828125,17.36725425720215,0.15504086017608643
gemma_270m_base,capital:12,capital,chat_template,6,3710.65234375,6.3351216316223145,0.1583980917930603
gemma_270m_base,capital:12,capital,chat_template,7,5346.220703125,16.515161514282227,0.1693124771118164
gemma_270m_base,capital:12,capital,chat_template,8,5762.9970703125,20.567222595214844,0.21465812623500824
gemma_270m_base,capital:12,capital,chat_template,9,6563.9755859375,11.456191062927246,0.1513443887233734
gemma_270m_base,capital:12,capital,chat_template,10,10854.8154296875,27.30757713317871,0.20488378405570984
gemma_270m_base,capital:12,capital,chat_template,11,11106.546875,4.029900550842285,0.21580353379249573
gemma_270m_base,capital:12,capital,chat_template,12,15218.80078125,25.046342849731445,0.16208314895629883
gemma_270m_base,capital:12,capital,chat_template,13,19187.974609375,30.926822662353516,0.12997472286224365
gemma_270m_base,capital:12,capital,chat_template,14,23152.072265625,43.491371154785156,0.13523529469966888
gemma_270m_base,capital:12,capital,chat_template,15,25670.712890625,31.17328453063965,0.10201667249202728
gemma_270m_base,capital:12,capital,chat_template,16,35189.41015625,38.5020637512207,0.09248566627502441
gemma_270m_base,capital:12,capital,chat_template,17,90.47898864746094,12.650642395019531,0.11970400810241699
gemma_270m_base,capital:13,capital,raw_question,0,150.35736083984375,194.86279296875,0.2206478863954544
gemma_270m_base,capital:13,capital,raw_question,1,1099.86767578125,102.40685272216797,0.19283634424209595
gemma_270m_base,capital:13,capital,raw_question,2,1291.8433837890625,16.31003761291504,0.16376939415931702
gemma_270m_base,capital:13,capital,raw_question,3,1903.286865234375,12.876335144042969,0.2249884158372879
gemma_270m_base,capital:13,capital,raw_question,4,2230.873291015625,9.484414100646973,0.18309538066387177
gemma_270m_base,capital:13,capital,raw_question,5,2799.72216796875,17.965417861938477,0.14899706840515137
gemma_270m_base,capital:13,capital,raw_question,6,3537.42919921875,8.462048530578613,0.1677764505147934
gemma_270m_base,capital:13,capital,raw_question,7,5367.6748046875,18.870399475097656,0.18213242292404175
gemma_270m_base,capital:13,capital,raw_question,8,5779.75146484375,21.42011260986328,0.18275485932826996
gemma_270m_base,capital:13,capital,raw_question,9,5940.1640625,13.85538101196289,0.14896734058856964
gemma_270m_base,capital:13,capital,raw_question,10,11241.19921875,29.680742263793945,0.2108062356710434
gemma_270m_base,capital:13,capital,raw_question,11,11467.6083984375,4.331042289733887,0.19319307804107666
gemma_270m_base,capital:13,capital,raw_question,12,14351.5576171875,28.509592056274414,0.1506301760673523
gemma_270m_base,capital:13,capital,raw_question,13,18194.96484375,31.025712966918945,0.11243340373039246
gemma_270m_base,capital:13,capital,raw_question,14,21106.080078125,49.70463180541992,0.119301937520504
gemma_270m_base,capital:13,capital,raw_question,15,22213.306640625,34.42227554321289,0.10587053745985031
gemma_270m_base,capital:13,capital,raw_question,16,29972.970703125,42.738861083984375,0.09977316111326218
gemma_270m_base,capital:13,capital,raw_question,17,87.82699584960938,13.024463653564453,0.12807485461235046
gemma_270m_base,capital:13,capital,declarative,0,128.63433837890625,162.3955535888672,0.1938658058643341
gemma_270m_base,capital:13,capital,declarative,1,909.15673828125,105.83344268798828,0.2305510938167572
gemma_270m_base,capital:13,capital,declarative,2,1203.4664306640625,20.037155151367188,0.18960508704185486
gemma_270m_base,capital:13,capital,declarative,3,1743.6746826171875,13.323984146118164,0.2362636923789978
gemma_270m_base,capital:13,capital,declarative,4,2579.94775390625,10.642719268798828,0.19467131793498993
gemma_270m_base,capital:13,capital,declarative,5,2926.082275390625,18.204898834228516,0.150217205286026
gemma_270m_base,capital:13,capital,declarative,6,3645.527099609375,8.67474365234375,0.1682063639163971
gemma_270m_base,capital:13,capital,declarative,7,6301.3828125,20.320852279663086,0.1842532753944397
gemma_270m_base,capital:13,capital,declarative,8,5776.796875,19.90106964111328,0.16924716532230377
gemma_270m_base,capital:13,capital,declarative,9,6889.7607421875,16.926483154296875,0.1411382555961609
gemma_270m_base,capital:13,capital,declarative,10,9819.57421875,30.180927276611328,0.1818053126335144
gemma_270m_base,capital:13,capital,declarative,11,11395.8203125,4.385727882385254,0.20600123703479767
gemma_270m_base,capital:13,capital,declarative,12,14363.9462890625,37.98660659790039,0.15974630415439606
gemma_270m_base,capital:13,capital,declarative,13,18685.603515625,29.435306549072266,0.13182146847248077
gemma_270m_base,capital:13,capital,declarative,14,23580.890625,53.4783935546875,0.12397374212741852
gemma_270m_base,capital:13,capital,declarative,15,25801.8046875,36.323028564453125,0.10342706739902496
gemma_270m_base,capital:13,capital,declarative,16,31194.353515625,39.88737487792969,0.09915043413639069
gemma_270m_base,capital:13,capital,declarative,17,117.88265228271484,13.638528823852539,0.12106384336948395
gemma_270m_base,capital:13,capital,qa,0,110.91334533691406,141.77090454101562,0.24855247139930725
gemma_270m_base,capital:13,capital,qa,1,839.9783935546875,159.0020294189453,0.2390424609184265
gemma_270m_base,capital:13,capital,qa,2,998.2861938476562,23.235218048095703,0.19156360626220703
gemma_270m_base,capital:13,capital,qa,3,2309.095703125,14.530725479125977,0.23787853121757507
gemma_270m_base,capital:13,capital,qa,4,1656.6575927734375,12.829347610473633,0.1949988305568695
gemma_270m_base,capital:13,capital,qa,5,3262.781982421875,17.190353393554688,0.15205281972885132
gemma_270m_base,capital:13,capital,qa,6,3536.30322265625,8.215027809143066,0.14711764454841614
gemma_270m_base,capital:13,capital,qa,7,5054.2646484375,17.80004119873047,0.1628272980451584
gemma_270m_base,capital:13,capital,qa,8,5070.3701171875,23.036399841308594,0.19013528525829315
gemma_270m_base,capital:13,capital,qa,9,5409.20751953125,16.72524642944336,0.14641325175762177
gemma_270m_base,capital:13,capital,qa,10,10143.4658203125,30.93853759765625,0.20807208120822906
gemma_270m_base,capital:13,capital,qa,11,10259.9404296875,4.623297691345215,0.20869220793247223
gemma_270m_base,capital:13,capital,qa,12,13735.009765625,30.875795364379883,0.16513411700725555
gemma_270m_base,capital:13,capital,qa,13,17111.169921875,31.41581916809082,0.12621468305587769
gemma_270m_base,capital:13,capital,qa,14,21965.9765625,47.17306137084961,0.12658515572547913
gemma_270m_base,capital:13,capital,qa,15,24618.078125,32.45060348510742,0.103023961186409
gemma_270m_base,capital:13,capital,qa,16,33947.4375,35.79937744140625,0.09257388114929199
gemma_270m_base,capital:13,capital,qa,17,93.28779602050781,12.071233749389648,0.11350361257791519
gemma_270m_base,capital:13,capital,chat_template,0,110.09303283691406,168.4634552001953,0.23109878599643707
gemma_270m_base,capital:13,capital,chat_template,1,806.9191284179688,112.43440246582031,0.22084474563598633
gemma_270m_base,capital:13,capital,chat_template,2,1085.2972412109375,20.89889144897461,0.17512117326259613
gemma_270m_base,capital:13,capital,chat_template,3,1850.7506103515625,15.519599914550781,0.2338375598192215
gemma_270m_base,capital:13,capital,chat_template,4,2378.07470703125,10.0121488571167,0.19574156403541565
gemma_270m_base,capital:13,capital,chat_template,5,3478.827880859375,17.346981048583984,0.15473124384880066
gemma_270m_base,capital:13,capital,chat_template,6,3701.7763671875,6.503568172454834,0.15837538242340088
gemma_270m_base,capital:13,capital,chat_template,7,5259.1689453125,16.42682456970215,0.17378345131874084
gemma_270m_base,capital:13,capital,chat_template,8,5652.64111328125,20.587812423706055,0.21272793412208557
gemma_270m_base,capital:13,capital,chat_template,9,6389.00439453125,11.67483139038086,0.151187926530838
gemma_270m_base,capital:13,capital,chat_template,10,10673.568359375,27.456546783447266,0.20530101656913757
gemma_270m_base,capital:13,capital,chat_template,11,10982.796875,4.038341999053955,0.21689432859420776
gemma_270m_base,capital:13,capital,chat_template,12,14420.7724609375,26.491411209106445,0.16620579361915588
gemma_270m_base,capital:13,capital,chat_template,13,18309.12109375,32.52027893066406,0.13109982013702393
gemma_270m_base,capital:13,capital,chat_template,14,22661.69921875,44.438175201416016,0.138331800699234
gemma_270m_base,capital:13,capital,chat_template,15,25046.650390625,31.85712242126465,0.10481064021587372
gemma_270m_base,capital:13,capital,chat_template,16,34471.7890625,39.0880126953125,0.09364621341228485
gemma_270m_base,capital:13,capital,chat_template,17,92.90159606933594,12.180215835571289,0.12022032588720322
gemma_270m_base,capital:14,capital,raw_question,0,150.02420043945312,193.1626739501953,0.22225172817707062
gemma_270m_base,capital:14,capital,raw_question,1,1095.94287109375,102.96994018554688,0.18958094716072083
gemma_270m_base,capital:14,capital,raw_question,2,1253.6695556640625,16.59087371826172,0.16304579377174377
gemma_270m_base,capital:14,capital,raw_question,3,1902.0997314453125,12.952790260314941,0.2238837480545044
gemma_270m_base,capital:14,capital,raw_question,4,2230.400390625,9.599835395812988,0.18108446896076202
gemma_270m_base,capital:14,capital,raw_question,5,2739.68310546875,17.8553524017334,0.14947344362735748
gemma_270m_base,capital:14,capital,raw_question,6,3484.425048828125,8.603582382202148,0.1671559065580368
gemma_270m_base,capital:14,capital,raw_question,7,5267.91015625,18.48480987548828,0.18450427055358887
gemma_270m_base,capital:14,capital,raw_question,8,5625.90478515625,21.1964054107666,0.18429073691368103
gemma_270m_base,capital:14,capital,raw_question,9,5845.98779296875,13.954587936401367,0.15087607502937317
gemma_270m_base,capital:14,capital,raw_question,10,11166.330078125,29.6469783782959,0.21271133422851562
gemma_270m_base,capital:14,capital,raw_question,11,11416.6494140625,4.382474899291992,0.1911868155002594
gemma_270m_base,capital:14,capital,raw_question,12,14861.064453125,26.872074127197266,0.14438185095787048
gemma_270m_base,capital:14,capital,raw_question,13,18690.14453125,32.0283317565918,0.11060687154531479
gemma_270m_base,capital:14,capital,raw_question,14,20978.486328125,47.761844635009766,0.11752106249332428
gemma_270m_base,capital:14,capital,raw_question,15,22262.44140625,33.212982177734375,0.1046740859746933
gemma_270m_base,capital:14,capital,raw_question,16,30324.76171875,42.252166748046875,0.09958551079034805
gemma_270m_base,capital:14,capital,raw_question,17,85.34679412841797,13.976017951965332,0.1256152093410492
gemma_270m_base,capital:14,capital,declarative,0,128.31698608398438,165.27896118164062,0.19317446649074554
gemma_270m_base,capital:14,capital,declarative,1,927.10302734375,99.7447738647461,0.21686837077140808
gemma_270m_base,capital:14,capital,declarative,2,1225.779296875,20.160940170288086,0.18831872940063477
gemma_270m_base,capital:14,capital,declarative,3,1732.0213623046875,13.30774211883545,0.2326657474040985
gemma_270m_base,capital:14,capital,declarative,4,2487.338134765625,10.830645561218262,0.19547238945960999
gemma_270m_base,capital:14,capital,declarative,5,2878.391357421875,18.118173599243164,0.1516174077987671
gemma_270m_base,capital:14,capital,declarative,6,3696.221923828125,8.905747413635254,0.16763587296009064
gemma_270m_base,capital:14,capital,declarative,7,6272.39453125,19.8720645904541,0.1830236315727234
gemma_270m_base,capital:14,capital,declarative,8,5837.5234375,20.28904914855957,0.16939473152160645
gemma_270m_base,capital:14,capital,declarative,9,6785.83154296875,16.894968032836914,0.13876473903656006
gemma_270m_base,capital:14,capital,declarative,10,9781.8203125,28.749059677124023,0.17467424273490906
gemma_270m_base,capital:14,capital,declarative,11,11818.560546875,4.681058406829834,0.20735633373260498
gemma_270m_base,capital:14,capital,declarative,12,15410.654296875,30.92027473449707,0.15454010665416718
gemma_270m_base,capital:14,capital,declarative,13,20843.37109375,31.435543060302734,0.127259761095047
gemma_270m_base,capital:14,capital,declarative,14,25231.390625,50.956764221191406,0.12062045931816101
gemma_270m_base,capital:14,capital,declarative,15,27596.9375,33.511390686035156,0.10213211178779602
gemma_270m_base,capital:14,capital,declarative,16,33838.5546875,41.79375457763672,0.09873997420072556
gemma_270m_base,capital:14,capital,declarative,17,107.68849182128906,15.106220245361328,0.11581884324550629
gemma_270m_base,capital:14,capital,qa,0,111.04994201660156,140.25418090820312,0.25062257051467896
gemma_270m_base,capital:14,capital,qa,1,840.0103759765625,156.46678161621094,0.23583383858203888
gemma_270m_base,capital:14,capital,qa,2,997.8577270507812,23.536476135253906,0.1920338273048401
gemma_270m_base,capital:14,capital,qa,3,2294.67041015625,14.544629096984863,0.2378743439912796
gemma_270m_base,capital:14,capital,qa,4,1654.681640625,12.83485221862793,0.19550415873527527
gemma_270m_base,capital:14,capital,qa,5,3219.496826171875,17.24359893798828,0.15161177515983582
gemma_270m_base,capital:14,capital,qa,6,3470.004638671875,8.112041473388672,0.14774715900421143
gemma_270m_base,capital:14,capital,qa,7,5049.240234375,17.746784210205078,0.16279825568199158
gemma_270m_base,capital:14,capital,qa,8,5070.849609375,22.227718353271484,0.1959860920906067
gemma_270m_base,capital:14,capital,qa,9,5456.64404296875,16.512454986572266,0.1461460441350937
gemma_270m_base,capital:14,capital,qa,10,10014.736328125,30.149513244628906,0.20623928308486938
gemma_270m_base,capital:14,capital,qa,11,10331.3212890625,4.7070112228393555,0.20568910241127014
gemma_270m_base,capital:14,capital,qa,12,14216.2841796875,33.10186767578125,0.15576481819152832
gemma_270m_base,capital:14,capital,qa,13,17758.583984375,30.881837844848633,0.12258722633123398
gemma_270m_base,capital:14,capital,qa,14,22078.46875,45.41083526611328,0.1217503696680069
gemma_270m_base,capital:14,capital,qa,15,24622.716796875,30.151460647583008,0.10048623383045197
gemma_270m_base,capital:14,capital,qa,16,34383.625,35.35300064086914,0.09116177260875702
gemma_270m_base,capital:14,capital,qa,17,89.65992736816406,12.173746109008789,0.11076386272907257
gemma_270m_base,capital:14,capital,chat_template,0,109.69556427001953,166.52395629882812,0.23161301016807556
gemma_270m_base,capital:14,capital,chat_template,1,796.6309204101562,109.04651641845703,0.21394941210746765
gemma_270m_base,capital:14,capital,chat_template,2,1073.711669921875,20.184120178222656,0.17479072511196136
gemma_270m_base,capital:14,capital,chat_template,3,1851.4998779296875,15.490257263183594,0.2366451621055603
gemma_270m_base,capital:14,capital,chat_template,4,2348.02001953125,9.870148658752441,0.19450905919075012
gemma_270m_base,capital:14,capital,chat_template,5,3439.55029296875,17.31495475769043,0.15513049066066742
gemma_270m_base,capital:14,capital,chat_template,6,3680.095947265625,6.431553840637207,0.15814808011054993
gemma_270m_base,capital:14,capital,chat_template,7,5262.11669921875,16.415742874145508,0.1709159016609192
gemma_270m_base,capital:14,capital,chat_template,8,5628.033203125,20.258747100830078,0.21263843774795532
gemma_270m_base,capital:14,capital,chat_template,9,6453.015625,11.639412879943848,0.15228873491287231
gemma_270m_base,capital:14,capital,chat_template,10,10734.89453125,27.529441833496094,0.20784682035446167
gemma_270m_base,capital:14,capital,chat_template,11,10981.4404296875,3.915254592895508,0.21701742708683014
gemma_270m_base,capital:14,capital,chat_template,12,14691.2177734375,25.470930099487305,0.1617279052734375
gemma_270m_base,capital:14,capital,chat_template,13,18696.515625,31.308835983276367,0.12833687663078308
gemma_270m_base,capital:14,capital,chat_template,14,22648.421875,42.097206115722656,0.13568711280822754
gemma_270m_base,capital:14,capital,chat_template,15,25038.423828125,30.62689781188965,0.10344170033931732
gemma_270m_base,capital:14,capital,chat_template,16,34667.84375,38.815860748291016,0.09283645451068878
gemma_270m_base,capital:14,capital,chat_template,17,91.7514877319336,12.324773788452148,0.11986052989959717
gemma_270m_base,capital:15,capital,raw_question,0,149.95643615722656,193.3261260986328,0.22128909826278687
gemma_270m_base,capital:15,capital,raw_question,1,1100.0478515625,102.83749389648438,0.1896573007106781
gemma_270m_base,capital:15,capital,raw_question,2,1307.1258544921875,16.32256507873535,0.1652732789516449
gemma_270m_base,capital:15,capital,raw_question,3,1911.607666015625,12.891136169433594,0.22176671028137207
gemma_270m_base,capital:15,capital,raw_question,4,2168.824951171875,9.1514892578125,0.18012553453445435
gemma_270m_base,capital:15,capital,raw_question,5,2769.431640625,17.897125244140625,0.14898355305194855
gemma_270m_base,capital:15,capital,raw_question,6,3590.73583984375,8.324125289916992,0.1660328209400177
gemma_270m_base,capital:15,capital,raw_question,7,5419.1748046875,18.01225471496582,0.18143239617347717
gemma_270m_base,capital:15,capital,raw_question,8,5742.81787109375,21.404335021972656,0.18295079469680786
gemma_270m_base,capital:15,capital,raw_question,9,5962.294921875,13.59677505493164,0.15151667594909668
gemma_270m_base,capital:15,capital,raw_question,10,11232.3369140625,29.396272659301758,0.21278280019760132
gemma_270m_base,capital:15,capital,raw_question,11,11366.4267578125,4.431767463684082,0.19349604845046997
gemma_270m_base,capital:15,capital,raw_question,12,15229.7861328125,27.20570182800293,0.1486118584871292
gemma_270m_base,capital:15,capital,raw_question,13,18453.57421875,31.416767120361328,0.11265934258699417
gemma_270m_base,capital:15,capital,raw_question,14,20958.49609375,50.12635040283203,0.11825096607208252
gemma_270m_base,capital:15,capital,raw_question,15,22407.76953125,34.43001174926758,0.10443620383739471
gemma_270m_base,capital:15,capital,raw_question,16,31045.74609375,43.563697814941406,0.09831756353378296
gemma_270m_base,capital:15,capital,raw_question,17,88.90585327148438,12.927279472351074,0.12292447686195374
gemma_270m_base,capital:15,capital,declarative,0,126.5059585571289,157.72232055664062,0.19212892651557922
gemma_270m_base,capital:15,capital,declarative,1,913.2546997070312,108.39784240722656,0.2224826216697693
gemma_270m_base,capital:15,capital,declarative,2,1218.1370849609375,19.44047737121582,0.19046273827552795
gemma_270m_base,capital:15,capital,declarative,3,1731.11962890625,13.39549446105957,0.2326192855834961
gemma_270m_base,capital:15,capital,declarative,4,2456.615234375,10.14798641204834,0.19267022609710693
gemma_270m_base,capital:15,capital,declarative,5,2855.05078125,18.069347381591797,0.15026700496673584
gemma_270m_base,capital:15,capital,declarative,6,3722.41455078125,8.584169387817383,0.1681586503982544
gemma_270m_base,capital:15,capital,declarative,7,6307.4287109375,19.153778076171875,0.185639426112175
gemma_270m_base,capital:15,capital,declarative,8,5901.44775390625,20.039541244506836,0.17034175992012024
gemma_270m_base,capital:15,capital,declarative,9,7017.3212890625,16.27350616455078,0.14195899665355682
gemma_270m_base,capital:15,capital,declarative,10,9824.3876953125,30.014467239379883,0.18532642722129822
gemma_270m_base,capital:15,capital,declarative,11,11532.79296875,4.480493545532227,0.2074386328458786
gemma_270m_base,capital:15,capital,declarative,12,15333.751953125,34.35560989379883,0.15987606346607208
gemma_270m_base,capital:15,capital,declarative,13,19700.953125,29.216970443725586,0.12956151366233826
gemma_270m_base,capital:15,capital,declarative,14,24838.197265625,53.876548767089844,0.12140915542840958
gemma_270m_base,capital:15,capital,declarative,15,26550.37109375,35.323753356933594,0.09758734703063965
gemma_270m_base,capital:15,capital,declarative,16,32465.89453125,40.650753021240234,0.09614092111587524
gemma_270m_base,capital:15,capital,declarative,17,117.73027801513672,12.754732131958008,0.11789650470018387
gemma_270m_base,capital:15,capital,qa,0,112.4206314086914,138.6641845703125,0.2501469552516937
gemma_270m_base,capital:15,capital,qa,1,829.5247802734375,158.6650848388672,0.23387745022773743
gemma_270m_base,capital:15,capital,qa,2,1001.4589233398438,22.821468353271484,0.1915110945701599
gemma_270m_base,capital:15,capital,qa,3,2294.256103515625,14.507305145263672,0.23822475969791412
gemma_270m_base,capital:15,capital,qa,4,1706.63818359375,12.538520812988281,0.1946999728679657
gemma_270m_base,capital:15,capital,qa,5,3276.912353515625,17.248422622680664,0.15096500515937805
gemma_270m_base,capital:15,capital,qa,6,3488.898193359375,7.941824436187744,0.14712151885032654
gemma_270m_base,capital:15,capital,qa,7,5051.10546875,17.57701301574707,0.1613977700471878
gemma_270m_base,capital:15,capital,qa,8,5100.99658203125,21.700788497924805,0.1927851289510727
gemma_270m_base,capital:15,capital,qa,9,5434.51318359375,16.103382110595703,0.14612288773059845
gemma_270m_base,capital:15,capital,qa,10,9822.6181640625,30.608360290527344,0.20632672309875488
gemma_270m_base,capital:15,capital,qa,11,9999.7529296875,4.8142852783203125,0.2067520022392273
gemma_270m_base,capital:15,capital,qa,12,14373.0732421875,32.76636505126953,0.16276055574417114
gemma_270m_base,capital:15,capital,qa,13,17360.072265625,30.98982048034668,0.1237470954656601
gemma_270m_base,capital:15,capital,qa,14,21880.5546875,48.72604751586914,0.12323843687772751
gemma_270m_base,capital:15,capital,qa,15,24443.841796875,32.21591567993164,0.10110107064247131
gemma_270m_base,capital:15,capital,qa,16,34555.828125,35.91231918334961,0.0901632234454155
gemma_270m_base,capital:15,capital,qa,17,92.55610656738281,12.021346092224121,0.11043742299079895
gemma_270m_base,capital:15,capital,chat_template,0,110.135009765625,165.66522216796875,0.2321731597185135
gemma_270m_base,capital:15,capital,chat_template,1,794.5185546875,110.72789764404297,0.21256962418556213
gemma_270m_base,capital:15,capital,chat_template,2,1082.0855712890625,20.506956100463867,0.17423582077026367
gemma_270m_base,capital:15,capital,chat_template,3,1869.7164306640625,15.160659790039062,0.23640453815460205
gemma_270m_base,capital:15,capital,chat_template,4,2347.633056640625,9.801173210144043,0.19600124657154083
gemma_270m_base,capital:15,capital,chat_template,5,3472.443603515625,17.4437198638916,0.15562444925308228
gemma_270m_base,capital:15,capital,chat_template,6,3690.517578125,6.300455093383789,0.1579410284757614
gemma_270m_base,capital:15,capital,chat_template,7,5325.11962890625,16.57462501525879,0.17147889733314514
gemma_270m_base,capital:15,capital,chat_template,8,5827.8310546875,20.925830841064453,0.21393588185310364
gemma_270m_base,capital:15,capital,chat_template,9,6532.564453125,11.689654350280762,0.15091630816459656
gemma_270m_base,capital:15,capital,chat_template,10,10854.9365234375,27.015682220458984,0.20580576360225677
gemma_270m_base,capital:15,capital,chat_template,11,10959.048828125,4.1532111167907715,0.21622499823570251
gemma_270m_base,capital:15,capital,chat_template,12,15069.4521484375,25.215017318725586,0.16513103246688843
gemma_270m_base,capital:15,capital,chat_template,13,18569.34765625,31.096923828125,0.1285979300737381
gemma_270m_base,capital:15,capital,chat_template,14,22564.265625,45.39677047729492,0.13557890057563782
gemma_270m_base,capital:15,capital,chat_template,15,25236.619140625,31.723220825195312,0.10280913859605789
gemma_270m_base,capital:15,capital,chat_template,16,35692.31640625,39.77033233642578,0.09068289399147034
gemma_270m_base,capital:15,capital,chat_template,17,92.28639221191406,12.233588218688965,0.11611943691968918
gemma_270m_base,capital:16,capital,raw_question,0,150.86920166015625,195.09576416015625,0.21927864849567413
gemma_270m_base,capital:16,capital,raw_question,1,1099.81298828125,97.49197387695312,0.19084779918193817
gemma_270m_base,capital:16,capital,raw_question,2,1276.61181640625,16.653446197509766,0.16587555408477783
gemma_270m_base,capital:16,capital,raw_question,3,1875.6546630859375,12.835350036621094,0.22506120800971985
gemma_270m_base,capital:16,capital,raw_question,4,2123.61181640625,9.544812202453613,0.18204042315483093
gemma_270m_base,capital:16,capital,raw_question,5,2738.9765625,17.792343139648438,0.14833736419677734
gemma_270m_base,capital:16,capital,raw_question,6,3487.22021484375,8.482658386230469,0.16696971654891968
gemma_270m_base,capital:16,capital,raw_question,7,5335.40283203125,18.16978645324707,0.18215066194534302
gemma_270m_base,capital:16,capital,raw_question,8,5662.52392578125,21.70720672607422,0.18426844477653503
gemma_270m_base,capital:16,capital,raw_question,9,5910.7568359375,13.725661277770996,0.15076839923858643
gemma_270m_base,capital:16,capital,raw_question,10,11170.2060546875,29.437639236450195,0.21426644921302795
gemma_270m_base,capital:16,capital,raw_question,11,11310.5576171875,4.323189735412598,0.19112414121627808
gemma_270m_base,capital:16,capital,raw_question,12,14897.65234375,27.243154525756836,0.14602753520011902
gemma_270m_base,capital:16,capital,raw_question,13,18485.48828125,30.089859008789062,0.10895735025405884
gemma_270m_base,capital:16,capital,raw_question,14,21029.916015625,47.448055267333984,0.11594711244106293
gemma_270m_base,capital:16,capital,raw_question,15,22464.37109375,35.728179931640625,0.10054068267345428
gemma_270m_base,capital:16,capital,raw_question,16,30390.3515625,43.633792877197266,0.09443430602550507
gemma_270m_base,capital:16,capital,raw_question,17,86.29328918457031,12.716878890991211,0.12230990827083588
gemma_270m_base,capital:16,capital,declarative,0,125.61646270751953,154.00863647460938,0.1946178823709488
gemma_270m_base,capital:16,capital,declarative,1,916.52685546875,100.1754150390625,0.21711288392543793
gemma_270m_base,capital:16,capital,declarative,2,1218.2259521484375,20.452245712280273,0.19137534499168396
gemma_270m_base,capital:16,capital,declarative,3,1711.898681640625,12.960315704345703,0.23424047231674194
gemma_270m_base,capital:16,capital,declarative,4,2394.968994140625,10.40596866607666,0.1936708688735962
gemma_270m_base,capital:16,capital,declarative,5,2806.662109375,17.98860740661621,0.14986419677734375
gemma_270m_base,capital:16,capital,declarative,6,3693.723876953125,8.452632904052734,0.16977480053901672
gemma_270m_base,capital:16,capital,declarative,7,6121.13037109375,19.469181060791016,0.18189235031604767
gemma_270m_base,capital:16,capital,declarative,8,5806.8076171875,20.607131958007812,0.16998890042304993
gemma_270m_base,capital:16,capital,declarative,9,6974.90625,16.34991455078125,0.13950785994529724
gemma_270m_base,capital:16,capital,declarative,10,10046.7841796875,30.206253051757812,0.18328355252742767
gemma_270m_base,capital:16,capital,declarative,11,11890.6572265625,4.377327919006348,0.20564864575862885
gemma_270m_base,capital:16,capital,declarative,12,15598.9912109375,34.21425247192383,0.15587890148162842
gemma_270m_base,capital:16,capital,declarative,13,20300.611328125,29.142353057861328,0.12587760388851166
gemma_270m_base,capital:16,capital,declarative,14,24997.53515625,51.06330490112305,0.11863434314727783
gemma_270m_base,capital:16,capital,declarative,15,27608.423828125,36.5930290222168,0.0981636643409729
gemma_270m_base,capital:16,capital,declarative,16,33359.22265625,42.53997039794922,0.09289263188838959
gemma_270m_base,capital:16,capital,declarative,17,110.17021942138672,14.082082748413086,0.11466243863105774
gemma_270m_base,capital:16,capital,qa,0,111.66305541992188,140.4390869140625,0.24444431066513062
gemma_270m_base,capital:16,capital,qa,1,835.9100341796875,155.1613006591797,0.23712128400802612
gemma_270m_base,capital:16,capital,qa,2,1007.8836669921875,23.741455078125,0.19323685765266418
gemma_270m_base,capital:16,capital,qa,3,2292.00634765625,14.560197830200195,0.236107736825943
gemma_270m_base,capital:16,capital,qa,4,1675.450927734375,12.775470733642578,0.1950100064277649
gemma_270m_base,capital:16,capital,qa,5,3254.548583984375,17.230972290039062,0.15099456906318665
gemma_270m_base,capital:16,capital,qa,6,3527.38916015625,7.81397008895874,0.14781934022903442
gemma_270m_base,capital:16,capital,qa,7,5018.01171875,17.626060485839844,0.1602926105260849
gemma_270m_base,capital:16,capital,qa,8,5071.01025390625,21.927553176879883,0.19410806894302368
gemma_270m_base,capital:16,capital,qa,9,5382.2001953125,16.2479248046875,0.1441057324409485
gemma_270m_base,capital:16,capital,qa,10,9880.80078125,30.98316192626953,0.20710767805576324
gemma_270m_base,capital:16,capital,qa,11,10180.7080078125,4.823351860046387,0.20358459651470184
gemma_270m_base,capital:16,capital,qa,12,14472.8115234375,32.17058563232422,0.15795542299747467
gemma_270m_base,capital:16,capital,qa,13,17828.552734375,31.687294006347656,0.12075107544660568
gemma_270m_base,capital:16,capital,qa,14,22581.470703125,45.217655181884766,0.1203736886382103
gemma_270m_base,capital:16,capital,qa,15,25268.470703125,31.538455963134766,0.09696939587593079
gemma_270m_base,capital:16,capital,qa,16,35043.92578125,36.13539123535156,0.08696413040161133
gemma_270m_base,capital:16,capital,qa,17,87.64604187011719,11.810309410095215,0.10933007299900055
gemma_270m_base,capital:16,capital,chat_template,0,109.8406982421875,166.45065307617188,0.22887271642684937
gemma_270m_base,capital:16,capital,chat_template,1,796.78662109375,108.17430877685547,0.2149296998977661
gemma_270m_base,capital:16,capital,chat_template,2,1077.3631591796875,20.39676856994629,0.17559188604354858
gemma_270m_base,capital:16,capital,chat_template,3,1853.4276123046875,15.346771240234375,0.23769047856330872
gemma_270m_base,capital:16,capital,chat_template,4,2363.67578125,9.917417526245117,0.19615483283996582
gemma_270m_base,capital:16,capital,chat_template,5,3425.526123046875,17.454193115234375,0.15440212190151215
gemma_270m_base,capital:16,capital,chat_template,6,3722.19580078125,6.373649597167969,0.15838325023651123
gemma_270m_base,capital:16,capital,chat_template,7,5222.51318359375,16.525371551513672,0.16911327838897705
gemma_270m_base,capital:16,capital,chat_template,8,5676.61572265625,20.740514755249023,0.21477733552455902
gemma_270m_base,capital:16,capital,chat_template,9,6478.08837890625,11.81765079498291,0.15220385789871216
gemma_270m_base,capital:16,capital,chat_template,10,10731.58984375,27.61469841003418,0.2073061466217041
gemma_270m_base,capital:16,capital,chat_template,11,10931.3427734375,4.072251796722412,0.21693488955497742
gemma_270m_base,capital:16,capital,chat_template,12,15117.9521484375,25.605161666870117,0.16320210695266724
gemma_270m_base,capital:16,capital,chat_template,13,18849.171875,30.92763328552246,0.12808021903038025
gemma_270m_base,capital:16,capital,chat_template,14,23277.31640625,42.57126235961914,0.13362634181976318
gemma_270m_base,capital:16,capital,chat_template,15,26086.515625,33.00908660888672,0.09865370392799377
gemma_270m_base,capital:16,capital,chat_template,16,36053.625,39.12851333618164,0.08709794282913208
gemma_270m_base,capital:16,capital,chat_template,17,90.56295013427734,12.613346099853516,0.11400661617517471
gemma_270m_base,capital:17,capital,raw_question,0,149.7452850341797,195.5753173828125,0.22155554592609406
gemma_270m_base,capital:17,capital,raw_question,1,1092.3519287109375,104.78821563720703,0.1888362169265747
gemma_270m_base,capital:17,capital,raw_question,2,1246.290283203125,16.46176528930664,0.16464850306510925
gemma_270m_base,capital:17,capital,raw_question,3,1881.2327880859375,12.901494979858398,0.22486288845539093
gemma_270m_base,capital:17,capital,raw_question,4,2199.05615234375,9.282049179077148,0.18037927150726318
gemma_270m_base,capital:17,capital,raw_question,5,2709.298095703125,18.082935333251953,0.1480293571949005
gemma_270m_base,capital:17,capital,raw_question,6,3512.08984375,8.488731384277344,0.16682779788970947
gemma_270m_base,capital:17,capital,raw_question,7,5327.17138671875,18.349828720092773,0.18153563141822815
gemma_270m_base,capital:17,capital,raw_question,8,5715.25244140625,20.79941177368164,0.1834825575351715
gemma_270m_base,capital:17,capital,raw_question,9,5933.8134765625,14.064732551574707,0.15003268420696259
gemma_270m_base,capital:17,capital,raw_question,10,11234.2900390625,29.714839935302734,0.21269644796848297
gemma_270m_base,capital:17,capital,raw_question,11,11362.5390625,4.410208702087402,0.1914922446012497
gemma_270m_base,capital:17,capital,raw_question,12,14938.16796875,24.836339950561523,0.14353898167610168
gemma_270m_base,capital:17,capital,raw_question,13,18536.111328125,31.414718627929688,0.11026261001825333
gemma_270m_base,capital:17,capital,raw_question,14,21022.5234375,47.519020080566406,0.11788637936115265
gemma_270m_base,capital:17,capital,raw_question,15,22562.880859375,34.30118942260742,0.10609085857868195
gemma_270m_base,capital:17,capital,raw_question,16,30522.396484375,41.81758117675781,0.10045930743217468
gemma_270m_base,capital:17,capital,raw_question,17,89.14553833007812,15.005385398864746,0.12490308284759521
gemma_270m_base,capital:17,capital,declarative,0,128.26051330566406,165.31910705566406,0.18906685709953308
gemma_270m_base,capital:17,capital,declarative,1,924.283203125,104.75419616699219,0.21634681522846222
gemma_270m_base,capital:17,capital,declarative,2,1204.354736328125,19.811805725097656,0.1881662905216217
gemma_270m_base,capital:17,capital,declarative,3,1777.7666015625,13.531122207641602,0.23604801297187805
gemma_270m_base,capital:17,capital,declarative,4,2471.260009765625,10.321258544921875,0.1925881803035736
gemma_270m_base,capital:17,capital,declarative,5,2855.70654296875,18.18068504333496,0.15086042881011963
gemma_270m_base,capital:17,capital,declarative,6,3666.48876953125,8.724701881408691,0.16739705204963684
gemma_270m_base,capital:17,capital,declarative,7,6248.2041015625,20.090539932250977,0.18086588382720947
gemma_270m_base,capital:17,capital,declarative,8,5845.3701171875,19.922134399414062,0.1686025857925415
gemma_270m_base,capital:17,capital,declarative,9,6855.49755859375,17.05577850341797,0.13789546489715576
gemma_270m_base,capital:17,capital,declarative,10,9857.2626953125,29.854673385620117,0.17857959866523743
gemma_270m_base,capital:17,capital,declarative,11,11710.6962890625,4.489579677581787,0.20620688796043396
gemma_270m_base,capital:17,capital,declarative,12,15391.6494140625,31.60032081604004,0.1515979766845703
gemma_270m_base,capital:17,capital,declarative,13,20111.814453125,29.988849639892578,0.12843580543994904
gemma_270m_base,capital:17,capital,declarative,14,24625.69140625,51.59291076660156,0.12115435302257538
gemma_270m_base,capital:17,capital,declarative,15,26906.349609375,34.86354064941406,0.10206514596939087
gemma_270m_base,capital:17,capital,declarative,16,33418.75,40.70795440673828,0.09960183501243591
gemma_270m_base,capital:17,capital,declarative,17,110.91183471679688,16.346155166625977,0.11479868739843369
gemma_270m_base,capital:17,capital,qa,0,111.64820861816406,140.17066955566406,0.25091421604156494
gemma_270m_base,capital:17,capital,qa,1,836.563232421875,155.20272827148438,0.2362692952156067
gemma_270m_base,capital:17,capital,qa,2,987.314453125,23.67469596862793,0.1928500235080719
gemma_270m_base,capital:17,capital,qa,3,2297.144775390625,14.600600242614746,0.2391318380832672
gemma_270m_base,capital:17,capital,qa,4,1640.0723876953125,12.830742835998535,0.19559845328330994
gemma_270m_base,capital:17,capital,qa,5,3218.144287109375,17.309053421020508,0.15168535709381104
gemma_270m_base,capital:17,capital,qa,6,3491.606201171875,8.061186790466309,0.14748525619506836
gemma_270m_base,capital:17,capital,qa,7,5072.44970703125,17.5966854095459,0.16286587715148926
gemma_270m_base,capital:17,capital,qa,8,5070.8212890625,22.12678337097168,0.19526323676109314
gemma_270m_base,capital:17,capital,qa,9,5487.14697265625,16.82793617248535,0.14552269876003265
gemma_270m_base,capital:17,capital,qa,10,10014.7080078125,30.5783634185791,0.20785099267959595
gemma_270m_base,capital:17,capital,qa,11,10337.8798828125,4.692441463470459,0.2064451426267624
gemma_270m_base,capital:17,capital,qa,12,14405.7646484375,31.162086486816406,0.15539783239364624
gemma_270m_base,capital:17,capital,qa,13,17571.32421875,30.695688247680664,0.12174020707607269
gemma_270m_base,capital:17,capital,qa,14,21999.65625,45.67841339111328,0.12431827932596207
gemma_270m_base,capital:17,capital,qa,15,24779.345703125,31.81450843811035,0.10309901833534241
gemma_270m_base,capital:17,capital,qa,16,34613.796875,34.90227508544922,0.09317606687545776
gemma_270m_base,capital:17,capital,qa,17,94.91075134277344,13.942116737365723,0.11052319407463074
gemma_270m_base,capital:17,capital,chat_template,0,110.0163803100586,166.72018432617188,0.2314222753047943
gemma_270m_base,capital:17,capital,chat_template,1,796.7383422851562,108.35147094726562,0.21320590376853943
gemma_270m_base,capital:17,capital,chat_template,2,1069.78466796875,20.072154998779297,0.17554327845573425
gemma_270m_base,capital:17,capital,chat_template,3,1851.751953125,15.445199966430664,0.23647978901863098
gemma_270m_base,capital:17,capital,chat_template,4,2347.86328125,9.843541145324707,0.19471018016338348
gemma_270m_base,capital:17,capital,chat_template,5,3439.78369140625,17.4553279876709,0.15466299653053284
gemma_270m_base,capital:17,capital,chat_template,6,3681.21826171875,6.313689708709717,0.15778140723705292
gemma_270m_base,capital:17,capital,chat_template,7,5257.19921875,16.331153869628906,0.16996850073337555
gemma_270m_base,capital:17,capital,chat_template,8,5613.900390625,20.665115356445312,0.21211202442646027
gemma_270m_base,capital:17,capital,chat_template,9,6441.341796875,11.921866416931152,0.15178558230400085
gemma_270m_base,capital:17,capital,chat_template,10,10730.267578125,27.59507179260254,0.20748119056224823
gemma_270m_base,capital:17,capital,chat_template,11,11011.392578125,3.9995243549346924,0.21831579506397247
gemma_270m_base,capital:17,capital,chat_template,12,14964.0126953125,23.713781356811523,0.16141626238822937
gemma_270m_base,capital:17,capital,chat_template,13,18841.66796875,31.10856819152832,0.1293559968471527
gemma_270m_base,capital:17,capital,chat_template,14,22656.427734375,43.439815521240234,0.13721008598804474
gemma_270m_base,capital:17,capital,chat_template,15,25472.564453125,31.96633529663086,0.1054292768239975
gemma_270m_base,capital:17,capital,chat_template,16,35251.30078125,38.25981521606445,0.09356976300477982
gemma_270m_base,capital:17,capital,chat_template,17,96.86331939697266,12.672589302062988,0.11852699518203735
gemma_270m_base,official_language:0,official_language,raw_question,0,145.5239715576172,192.04815673828125,0.21233364939689636
gemma_270m_base,official_language:0,official_language,raw_question,1,1092.359130859375,94.79353332519531,0.19082587957382202
gemma_270m_base,official_language:0,official_language,raw_question,2,1291.565185546875,16.79962921142578,0.16584785282611847
gemma_270m_base,official_language:0,official_language,raw_question,3,1939.733642578125,13.539064407348633,0.22409677505493164
gemma_270m_base,official_language:0,official_language,raw_question,4,2195.560791015625,9.356596946716309,0.1829979568719864
gemma_270m_base,official_language:0,official_language,raw_question,5,2844.307373046875,18.35371971130371,0.15135493874549866
gemma_270m_base,official_language:0,official_language,raw_question,6,3727.88818359375,7.615810394287109,0.16326892375946045
gemma_270m_base,official_language:0,official_language,raw_question,7,5370.68115234375,16.444910049438477,0.17689208686351776
gemma_270m_base,official_language:0,official_language,raw_question,8,5716.45263671875,20.62326431274414,0.17971722781658173
gemma_270m_base,official_language:0,official_language,raw_question,9,6314.44873046875,13.217979431152344,0.1542728841304779
gemma_270m_base,official_language:0,official_language,raw_question,10,11974.1044921875,28.807031631469727,0.2088654339313507
gemma_270m_base,official_language:0,official_language,raw_question,11,12137.25,4.529995918273926,0.19068042933940887
gemma_270m_base,official_language:0,official_language,raw_question,12,15673.623046875,23.969552993774414,0.14668235182762146
gemma_270m_base,official_language:0,official_language,raw_question,13,19219.146484375,30.364452362060547,0.11146581172943115
gemma_270m_base,official_language:0,official_language,raw_question,14,21402.583984375,48.906761169433594,0.12276233732700348
gemma_270m_base,official_language:0,official_language,raw_question,15,23305.4296875,32.55800247192383,0.10734055936336517
gemma_270m_base,official_language:0,official_language,raw_question,16,31208.79296875,43.757633209228516,0.1007264256477356
gemma_270m_base,official_language:0,official_language,raw_question,17,89.03655242919922,13.53498649597168,0.13324588537216187
gemma_270m_base,official_language:0,official_language,declarative,0,130.16661071777344,154.35333251953125,0.1922951638698578
gemma_270m_base,official_language:0,official_language,declarative,1,904.8705444335938,95.73037719726562,0.21463944017887115
gemma_270m_base,official_language:0,official_language,declarative,2,1218.1173095703125,18.487869262695312,0.18437404930591583
gemma_270m_base,official_language:0,official_language,declarative,3,1782.54833984375,11.974298477172852,0.22337070107460022
gemma_270m_base,official_language:0,official_language,declarative,4,2562.70654296875,9.318740844726562,0.1882804036140442
gemma_270m_base,official_language:0,official_language,declarative,5,2870.013671875,18.105907440185547,0.1534978747367859
gemma_270m_base,official_language:0,official_language,declarative,6,3576.4345703125,8.28575325012207,0.15995685756206512
gemma_270m_base,official_language:0,official_language,declarative,7,5768.931640625,20.829139709472656,0.18349960446357727
gemma_270m_base,official_language:0,official_language,declarative,8,5847.9091796875,18.172107696533203,0.17434588074684143
gemma_270m_base,official_language:0,official_language,declarative,9,6770.6435546875,15.013446807861328,0.14278195798397064
gemma_270m_base,official_language:0,official_language,declarative,10,9839.3642578125,29.54184341430664,0.18228134512901306
gemma_270m_base,official_language:0,official_language,declarative,11,11699.2578125,4.422599792480469,0.20161579549312592
gemma_270m_base,official_language:0,official_language,declarative,12,15306.998046875,33.13447952270508,0.15192249417304993
gemma_270m_base,official_language:0,official_language,declarative,13,19869.154296875,27.89829444885254,0.11534928530454636
gemma_270m_base,official_language:0,official_language,declarative,14,24276.712890625,52.567256927490234,0.11423254013061523
gemma_270m_base,official_language:0,official_language,declarative,15,26334.44140625,36.358272552490234,0.09030663967132568
gemma_270m_base,official_language:0,official_language,declarative,16,32799.91796875,40.82253646850586,0.08471674472093582
gemma_270m_base,official_language:0,official_language,declarative,17,109.73275756835938,12.724143028259277,0.10916708409786224
gemma_270m_base,official_language:0,official_language,qa,0,112.12960052490234,141.15249633789062,0.24468234181404114
gemma_270m_base,official_language:0,official_language,qa,1,835.56103515625,157.08187866210938,0.236632838845253
gemma_270m_base,official_language:0,official_language,qa,2,1003.5386352539062,23.064929962158203,0.19076284766197205
gemma_270m_base,official_language:0,official_language,qa,3,2278.133544921875,14.41820240020752,0.2359464466571808
gemma_270m_base,official_language:0,official_language,qa,4,1683.9482421875,12.422834396362305,0.193187415599823
gemma_270m_base,official_language:0,official_language,qa,5,3188.7158203125,17.27431869506836,0.1504024714231491
gemma_270m_base,official_language:0,official_language,qa,6,3351.81201171875,7.884819030761719,0.14606592059135437
gemma_270m_base,official_language:0,official_language,qa,7,5060.13330078125,16.898714065551758,0.16508501768112183
gemma_270m_base,official_language:0,official_language,qa,8,5046.03271484375,21.8016300201416,0.19166117906570435
gemma_270m_base,official_language:0,official_language,qa,9,5624.74560546875,17.059877395629883,0.15138450264930725
gemma_270m_base,official_language:0,official_language,qa,10,10043.6328125,30.638620376586914,0.21023064851760864
gemma_270m_base,official_language:0,official_language,qa,11,10580.3232421875,5.337675094604492,0.2115221619606018
gemma_270m_base,official_language:0,official_language,qa,12,14250.892578125,30.024948120117188,0.16056883335113525
gemma_270m_base,official_language:0,official_language,qa,13,17869.806640625,28.8997745513916,0.12117017060518265
gemma_270m_base,official_language:0,official_language,qa,14,22012.6484375,47.26398468017578,0.1264791190624237
gemma_270m_base,official_language:0,official_language,qa,15,24662.36328125,34.167415618896484,0.09967614710330963
gemma_270m_base,official_language:0,official_language,qa,16,33397.7265625,34.888938903808594,0.09251710772514343
gemma_270m_base,official_language:0,official_language,qa,17,99.62748718261719,11.586173057556152,0.11673788726329803
gemma_270m_base,official_language:0,official_language,chat_template,0,112.41803741455078,172.6399383544922,0.2296123206615448
gemma_270m_base,official_language:0,official_language,chat_template,1,788.6019897460938,110.05843353271484,0.2110063135623932
gemma_270m_base,official_language:0,official_language,chat_template,2,1064.96826171875,20.82192611694336,0.17541800439357758
gemma_270m_base,official_language:0,official_language,chat_template,3,1868.80419921875,15.266040802001953,0.23325398564338684
gemma_270m_base,official_language:0,official_language,chat_template,4,2396.65380859375,9.834722518920898,0.19268827140331268
gemma_270m_base,official_language:0,official_language,chat_template,5,3362.08984375,17.525001525878906,0.1531856507062912
gemma_270m_base,official_language:0,official_language,chat_template,6,3602.462890625,6.04295015335083,0.15806128084659576
gemma_270m_base,official_language:0,official_language,chat_template,7,5230.5244140625,15.764617919921875,0.17209726572036743
gemma_270m_base,official_language:0,official_language,chat_template,8,5337.80419921875,20.612350463867188,0.21326011419296265
gemma_270m_base,official_language:0,official_language,chat_template,9,6139.8447265625,12.389017105102539,0.1537521481513977
gemma_270m_base,official_language:0,official_language,chat_template,10,10399.7333984375,26.285343170166016,0.20712725818157196
gemma_270m_base,official_language:0,official_language,chat_template,11,10958.322265625,4.191458225250244,0.21949225664138794
gemma_270m_base,official_language:0,official_language,chat_template,12,14552.28125,23.12840461730957,0.16716286540031433
gemma_270m_base,official_language:0,official_language,chat_template,13,18788.35546875,29.999242782592773,0.12980899214744568
gemma_270m_base,official_language:0,official_language,chat_template,14,21933.712890625,42.96778869628906,0.1393667757511139
gemma_270m_base,official_language:0,official_language,chat_template,15,24809.666015625,32.26533508300781,0.10825369507074356
gemma_270m_base,official_language:0,official_language,chat_template,16,34762.9375,40.1006965637207,0.0955938994884491
gemma_270m_base,official_language:0,official_language,chat_template,17,90.63124084472656,11.9513521194458,0.12451709806919098
gemma_270m_base,official_language:1,official_language,raw_question,0,147.45211791992188,186.82850646972656,0.2146536111831665
gemma_270m_base,official_language:1,official_language,raw_question,1,1092.350830078125,102.31403350830078,0.18753549456596375
gemma_270m_base,official_language:1,official_language,raw_question,2,1291.5499267578125,16.783464431762695,0.16447538137435913
gemma_270m_base,official_language:1,official_language,raw_question,3,1966.791015625,13.223237991333008,0.2229836881160736
gemma_270m_base,official_language:1,official_language,raw_question,4,2197.27294921875,9.419708251953125,0.18242627382278442
gemma_270m_base,official_language:1,official_language,raw_question,5,2802.405517578125,18.389671325683594,0.1513783484697342
gemma_270m_base,official_language:1,official_language,raw_question,6,3721.98486328125,7.841421604156494,0.16369062662124634
gemma_270m_base,official_language:1,official_language,raw_question,7,5375.67822265625,16.350339889526367,0.17650797963142395
gemma_270m_base,official_language:1,official_language,raw_question,8,5452.3671875,20.266643524169922,0.17975659668445587
gemma_270m_base,official_language:1,official_language,raw_question,9,6311.2880859375,13.205572128295898,0.15817607939243317
gemma_270m_base,official_language:1,official_language,raw_question,10,11788.2568359375,28.850534439086914,0.2089053988456726
gemma_270m_base,official_language:1,official_language,raw_question,11,12038.9521484375,4.635131359100342,0.19280973076820374
gemma_270m_base,official_language:1,official_language,raw_question,12,16096.423828125,24.450294494628906,0.14865624904632568
gemma_270m_base,official_language:1,official_language,raw_question,13,19475.27734375,31.20843505859375,0.11417926847934723
gemma_270m_base,official_language:1,official_language,raw_question,14,21522.3984375,49.159053802490234,0.12184181809425354
gemma_270m_base,official_language:1,official_language,raw_question,15,23638.6171875,32.07408905029297,0.10684116184711456
gemma_270m_base,official_language:1,official_language,raw_question,16,32682.625,42.30093002319336,0.09897051751613617
gemma_270m_base,official_language:1,official_language,raw_question,17,89.3707275390625,13.195226669311523,0.12450461089611053
gemma_270m_base,official_language:1,official_language,declarative,0,129.3207550048828,153.32968139648438,0.19180864095687866
gemma_270m_base,official_language:1,official_language,declarative,1,912.831298828125,102.1589126586914,0.21763160824775696
gemma_270m_base,official_language:1,official_language,declarative,2,1225.9052734375,17.977951049804688,0.18260768055915833
gemma_270m_base,official_language:1,official_language,declarative,3,1799.7208251953125,12.08873462677002,0.22297686338424683
gemma_270m_base,official_language:1,official_language,declarative,4,2514.51416015625,9.376509666442871,0.1891683042049408
gemma_270m_base,official_language:1,official_language,declarative,5,2860.18212890625,17.940279006958008,0.15302705764770508
gemma_270m_base,official_language:1,official_language,declarative,6,3621.302978515625,8.355786323547363,0.16064968705177307
gemma_270m_base,official_language:1,official_language,declarative,7,5896.32177734375,20.890914916992188,0.18090522289276123
gemma_270m_base,official_language:1,official_language,declarative,8,5768.60693359375,18.390878677368164,0.1744360625743866
gemma_270m_base,official_language:1,official_language,declarative,9,6658.75439453125,15.404123306274414,0.14482837915420532
gemma_270m_base,official_language:1,official_language,declarative,10,9611.494140625,30.309757232666016,0.1868194043636322
gemma_270m_base,official_language:1,official_language,declarative,11,11449.693359375,4.5191192626953125,0.20004969835281372
gemma_270m_base,official_language:1,official_language,declarative,12,14950.89453125,35.043521881103516,0.15313199162483215
gemma_270m_base,official_language:1,official_language,declarative,13,19490.01953125,28.270198822021484,0.11684872210025787
gemma_270m_base,official_language:1,official_language,declarative,14,24095.140625,50.069679260253906,0.11262144148349762
gemma_270m_base,official_language:1,official_language,declarative,15,26771.666015625,36.109989166259766,0.08770199120044708
gemma_270m_base,official_language:1,official_language,declarative,16,34186.2109375,40.68130874633789,0.08039678633213043
gemma_270m_base,official_language:1,official_language,declarative,17,110.23168182373047,14.426755905151367,0.10207447409629822
gemma_270m_base,official_language:1,official_language,qa,0,111.70415496826172,142.16860961914062,0.24186035990715027
gemma_270m_base,official_language:1,official_language,qa,1,832.6061401367188,160.1272735595703,0.2324713170528412
gemma_270m_base,official_language:1,official_language,qa,2,1003.6483154296875,22.36930274963379,0.18863728642463684
gemma_270m_base,official_language:1,official_language,qa,3,2262.125732421875,14.384114265441895,0.23697499930858612
gemma_270m_base,official_language:1,official_language,qa,4,1765.8883056640625,12.188672065734863,0.19297629594802856
gemma_270m_base,official_language:1,official_language,qa,5,3215.16259765625,17.337535858154297,0.14990754425525665
gemma_270m_base,official_language:1,official_language,qa,6,3429.17724609375,8.236492156982422,0.14826196432113647
gemma_270m_base,official_language:1,official_language,qa,7,5188.19873046875,16.89486312866211,0.16497081518173218
gemma_270m_base,official_language:1,official_language,qa,8,5224.89306640625,21.169748306274414,0.19262751936912537
gemma_270m_base,official_language:1,official_language,qa,9,5653.60302734375,17.17574119567871,0.15324890613555908
gemma_270m_base,official_language:1,official_language,qa,10,9807.5498046875,31.177892684936523,0.20717880129814148
gemma_270m_base,official_language:1,official_language,qa,11,10716.044921875,5.194005489349365,0.21236038208007812
gemma_270m_base,official_language:1,official_language,qa,12,14514.78125,33.489925384521484,0.1599680334329605
gemma_270m_base,official_language:1,official_language,qa,13,18340.591796875,26.912235260009766,0.12282459437847137
gemma_270m_base,official_language:1,official_language,qa,14,22634.5078125,46.48042678833008,0.12298770248889923
gemma_270m_base,official_language:1,official_language,qa,15,25911.978515625,33.418251037597656,0.09688745439052582
gemma_270m_base,official_language:1,official_language,qa,16,35530.59375,33.65652084350586,0.09181614220142365
gemma_270m_base,official_language:1,official_language,qa,17,98.54904174804688,13.476305961608887,0.11071768403053284
gemma_270m_base,official_language:1,official_language,chat_template,0,112.73950958251953,172.9615020751953,0.2270336151123047
gemma_270m_base,official_language:1,official_language,chat_template,1,797.475341796875,112.18711853027344,0.20877119898796082
gemma_270m_base,official_language:1,official_language,chat_template,2,1077.7098388671875,20.352210998535156,0.17238901555538177
gemma_270m_base,official_language:1,official_language,chat_template,3,1879.724609375,15.186803817749023,0.2334413081407547
gemma_270m_base,official_language:1,official_language,chat_template,4,2380.8251953125,9.776687622070312,0.19243550300598145
gemma_270m_base,official_language:1,official_language,chat_template,5,3337.251708984375,17.56240463256836,0.1534765660762787
gemma_270m_base,official_language:1,official_language,chat_template,6,3586.8662109375,6.086874008178711,0.15837427973747253
gemma_270m_base,official_language:1,official_language,chat_template,7,5265.10595703125,15.988802909851074,0.17088797688484192
gemma_270m_base,official_language:1,official_language,chat_template,8,5380.33251953125,20.139963150024414,0.212490975856781
gemma_270m_base,official_language:1,official_language,chat_template,9,6118.53515625,12.365440368652344,0.1530209630727768
gemma_270m_base,official_language:1,official_language,chat_template,10,10467.2919921875,25.86194610595703,0.2060224413871765
gemma_270m_base,official_language:1,official_language,chat_template,11,10869.1611328125,4.052513599395752,0.21702048182487488
gemma_270m_base,official_language:1,official_language,chat_template,12,14780.1943359375,23.267990112304688,0.1666882336139679
gemma_270m_base,official_language:1,official_language,chat_template,13,18768.115234375,29.703340530395508,0.1305495798587799
gemma_270m_base,official_language:1,official_language,chat_template,14,22039.474609375,40.849334716796875,0.13711389899253845
gemma_270m_base,official_language:1,official_language,chat_template,15,25076.357421875,30.34467124938965,0.10686275362968445
gemma_270m_base,official_language:1,official_language,chat_template,16,35524.51171875,39.55292892456055,0.09546642005443573
gemma_270m_base,official_language:1,official_language,chat_template,17,93.43401336669922,11.501825332641602,0.12102857232093811
gemma_270m_base,official_language:2,official_language,raw_question,0,147.7979278564453,190.80221557617188,0.21293872594833374
gemma_270m_base,official_language:2,official_language,raw_question,1,1092.395751953125,95.53662872314453,0.19086873531341553
gemma_270m_base,official_language:2,official_language,raw_question,2,1276.295166015625,17.047412872314453,0.16699005663394928
gemma_270m_base,official_language:2,official_language,raw_question,3,1934.2086181640625,13.5607328414917,0.22519919276237488
gemma_270m_base,official_language:2,official_language,raw_question,4,2158.6875,9.476274490356445,0.18375085294246674
gemma_270m_base,official_language:2,official_language,raw_question,5,2828.43408203125,18.211875915527344,0.15161186456680298
gemma_270m_base,official_language:2,official_language,raw_question,6,3627.68408203125,7.572242259979248,0.16339382529258728
gemma_270m_base,official_language:2,official_language,raw_question,7,5283.56298828125,16.46800422668457,0.177437424659729
gemma_270m_base,official_language:2,official_language,raw_question,8,5509.7431640625,21.048078536987305,0.18064779043197632
gemma_270m_base,official_language:2,official_language,raw_question,9,6343.72119140625,13.203614234924316,0.15622122585773468
gemma_270m_base,official_language:2,official_language,raw_question,10,11979.8486328125,28.76820945739746,0.2085416615009308
gemma_270m_base,official_language:2,official_language,raw_question,11,12149.8095703125,4.508871555328369,0.18824294209480286
gemma_270m_base,official_language:2,official_language,raw_question,12,15751.8564453125,24.332839965820312,0.14568105340003967
gemma_270m_base,official_language:2,official_language,raw_question,13,19466.9296875,31.33230972290039,0.11219065636396408
gemma_270m_base,official_language:2,official_language,raw_question,14,21743.734375,47.77668380737305,0.12161730974912643
gemma_270m_base,official_language:2,official_language,raw_question,15,23816.583984375,33.03120040893555,0.10395883768796921
gemma_270m_base,official_language:2,official_language,raw_question,16,32267.03515625,42.74418640136719,0.09763835370540619
gemma_270m_base,official_language:2,official_language,raw_question,17,85.41116333007812,13.406783103942871,0.12624286115169525
gemma_270m_base,official_language:2,official_language,declarative,0,127.1494369506836,155.1327362060547,0.19381466507911682
gemma_270m_base,official_language:2,official_language,declarative,1,909.2515258789062,96.90470886230469,0.2149982750415802
gemma_270m_base,official_language:2,official_language,declarative,2,1225.7861328125,18.568336486816406,0.1841461956501007
gemma_270m_base,official_language:2,official_language,declarative,3,1818.2725830078125,12.002969741821289,0.22144201397895813
gemma_270m_base,official_language:2,official_language,declarative,4,2452.99853515625,9.470772743225098,0.1872830092906952
gemma_270m_base,official_language:2,official_language,declarative,5,2859.64306640625,17.89227867126465,0.15287256240844727
gemma_270m_base,official_language:2,official_language,declarative,6,3541.935791015625,8.22517204284668,0.1599997878074646
gemma_270m_base,official_language:2,official_language,declarative,7,5741.00634765625,20.533462524414062,0.18222583830356598
gemma_270m_base,official_language:2,official_language,declarative,8,5769.89453125,18.738616943359375,0.1777779757976532
gemma_270m_base,official_language:2,official_language,declarative,9,6842.7392578125,15.515522956848145,0.14635132253170013
gemma_270m_base,official_language:2,official_language,declarative,10,9666.3583984375,30.066329956054688,0.1877761334180832
gemma_270m_base,official_language:2,official_language,declarative,11,11487.8935546875,4.614229679107666,0.20223647356033325
gemma_270m_base,official_language:2,official_language,declarative,12,14716.95703125,32.54322814941406,0.1517827808856964
gemma_270m_base,official_language:2,official_language,declarative,13,19490.12890625,28.890838623046875,0.11550398170948029
gemma_270m_base,official_language:2,official_language,declarative,14,24059.779296875,50.335994720458984,0.11360961198806763
gemma_270m_base,official_language:2,official_language,declarative,15,27406.767578125,37.623497009277344,0.08914867043495178
gemma_270m_base,official_language:2,official_language,declarative,16,34416.734375,40.894290924072266,0.08044049888849258
gemma_270m_base,official_language:2,official_language,declarative,17,105.68663024902344,13.869599342346191,0.10449928790330887
gemma_270m_base,official_language:2,official_language,qa,0,112.18695068359375,141.19309997558594,0.24400167167186737
gemma_270m_base,official_language:2,official_language,qa,1,836.616943359375,157.7357635498047,0.23851577937602997
gemma_270m_base,official_language:2,official_language,qa,2,994.0249633789062,23.027318954467773,0.1928161382675171
gemma_270m_base,official_language:2,official_language,qa,3,2266.18798828125,14.515849113464355,0.2374647706747055
gemma_270m_base,official_language:2,official_language,qa,4,1621.09228515625,12.7387056350708,0.19572782516479492
gemma_270m_base,official_language:2,official_language,qa,5,3183.23583984375,17.300159454345703,0.15226474404335022
gemma_270m_base,official_language:2,official_language,qa,6,3371.18017578125,7.807714462280273,0.14645344018936157
gemma_270m_base,official_language:2,official_language,qa,7,5064.6904296875,17.1143798828125,0.16284576058387756
gemma_270m_base,official_language:2,official_language,qa,8,5029.8232421875,22.047454833984375,0.1932719498872757
gemma_270m_base,official_language:2,official_language,qa,9,5634.2451171875,17.207645416259766,0.1525993049144745
gemma_270m_base,official_language:2,official_language,qa,10,9924.501953125,30.34376335144043,0.2109888195991516
gemma_270m_base,official_language:2,official_language,qa,11,10559.759765625,5.232529640197754,0.21273329854011536
gemma_270m_base,official_language:2,official_language,qa,12,14178.0263671875,31.291954040527344,0.16103678941726685
gemma_270m_base,official_language:2,official_language,qa,13,18059.28515625,30.010066986083984,0.12393715977668762
gemma_270m_base,official_language:2,official_language,qa,14,22619.818359375,45.05161666870117,0.12715624272823334
gemma_270m_base,official_language:2,official_language,qa,15,26184.453125,34.81586837768555,0.09830013662576675
gemma_270m_base,official_language:2,official_language,qa,16,35554.19140625,33.226932525634766,0.09126408398151398
gemma_270m_base,official_language:2,official_language,qa,17,93.10090637207031,12.516799926757812,0.11356697976589203
gemma_270m_base,official_language:2,official_language,chat_template,0,112.198486328125,172.7870635986328,0.22852164506912231
gemma_270m_base,official_language:2,official_language,chat_template,1,793.1497192382812,109.71566009521484,0.21255508065223694
gemma_270m_base,official_language:2,official_language,chat_template,2,1073.45751953125,20.530290603637695,0.1748408079147339
gemma_270m_base,official_language:2,official_language,chat_template,3,1854.1549072265625,15.262020111083984,0.2341344803571701
gemma_270m_base,official_language:2,official_language,chat_template,4,2395.10888671875,9.815454483032227,0.19485144317150116
gemma_270m_base,official_language:2,official_language,chat_template,5,3333.3583984375,17.522199630737305,0.1530003547668457
gemma_270m_base,official_language:2,official_language,chat_template,6,3606.81298828125,6.032542705535889,0.15887705981731415
gemma_270m_base,official_language:2,official_language,chat_template,7,5249.79638671875,15.797815322875977,0.1715562641620636
gemma_270m_base,official_language:2,official_language,chat_template,8,5335.2900390625,20.36817741394043,0.2120487093925476
gemma_270m_base,official_language:2,official_language,chat_template,9,6139.6806640625,12.389508247375488,0.15323126316070557
gemma_270m_base,official_language:2,official_language,chat_template,10,10399.4296875,25.671405792236328,0.20532391965389252
gemma_270m_base,official_language:2,official_language,chat_template,11,10929.7861328125,4.036849498748779,0.21916335821151733
gemma_270m_base,official_language:2,official_language,chat_template,12,14772.7783203125,24.161121368408203,0.1668519824743271
gemma_270m_base,official_language:2,official_language,chat_template,13,19194.751953125,32.04267883300781,0.13089194893836975
gemma_270m_base,official_language:2,official_language,chat_template,14,22621.359375,41.15049362182617,0.14018520712852478
gemma_270m_base,official_language:2,official_language,chat_template,15,25848.4296875,31.914827346801758,0.10661690682172775
gemma_270m_base,official_language:2,official_language,chat_template,16,36316.9296875,38.981258392333984,0.09515241533517838
gemma_270m_base,official_language:2,official_language,chat_template,17,89.50594329833984,12.260851860046387,0.12083300203084946
gemma_270m_base,official_language:3,official_language,raw_question,0,148.71250915527344,190.02084350585938,0.21347053349018097
gemma_270m_base,official_language:3,official_language,raw_question,1,1106.49658203125,96.6501235961914,0.18878161907196045
gemma_270m_base,official_language:3,official_language,raw_question,2,1275.8658447265625,17.389192581176758,0.16815197467803955
gemma_270m_base,official_language:3,official_language,raw_question,3,1951.8914794921875,13.7501220703125,0.2221289575099945
gemma_270m_base,official_language:3,official_language,raw_question,4,2181.30615234375,9.323795318603516,0.18157856166362762
gemma_270m_base,official_language:3,official_language,raw_question,5,2830.403076171875,18.241121292114258,0.15215295553207397
gemma_270m_base,official_language:3,official_language,raw_question,6,3866.99169921875,7.750296592712402,0.16432122886180878
gemma_270m_base,official_language:3,official_language,raw_question,7,5479.49609375,15.970199584960938,0.17533081769943237
gemma_270m_base,official_language:3,official_language,raw_question,8,5650.77490234375,20.875782012939453,0.1807863861322403
gemma_270m_base,official_language:3,official_language,raw_question,9,6330.08642578125,13.601758003234863,0.1551782637834549
gemma_270m_base,official_language:3,official_language,raw_question,10,12038.568359375,28.74058723449707,0.20608051121234894
gemma_270m_base,official_language:3,official_language,raw_question,11,12188.181640625,4.2425456047058105,0.18835026025772095
gemma_270m_base,official_language:3,official_language,raw_question,12,16537.96484375,23.031957626342773,0.1473575383424759
gemma_270m_base,official_language:3,official_language,raw_question,13,19860.767578125,30.80690574645996,0.11521000415086746
gemma_270m_base,official_language:3,official_language,raw_question,14,22094.974609375,48.129947662353516,0.12363136559724808
gemma_270m_base,official_language:3,official_language,raw_question,15,24295.986328125,34.03565216064453,0.10535526275634766
gemma_270m_base,official_language:3,official_language,raw_question,16,33189.47265625,41.12736511230469,0.09792445600032806
gemma_270m_base,official_language:3,official_language,raw_question,17,87.58812713623047,13.797553062438965,0.12140755355358124
gemma_270m_base,official_language:3,official_language,declarative,0,128.53182983398438,150.87033081054688,0.19359567761421204
gemma_270m_base,official_language:3,official_language,declarative,1,909.389892578125,100.6934585571289,0.2156703621149063
gemma_270m_base,official_language:3,official_language,declarative,2,1202.9166259765625,19.10883140563965,0.18831190466880798
gemma_270m_base,official_language:3,official_language,declarative,3,1782.8701171875,12.435717582702637,0.22280538082122803
gemma_270m_base,official_language:3,official_language,declarative,4,2501.743896484375,9.358256340026855,0.18600256741046906
gemma_270m_base,official_language:3,official_language,declarative,5,2855.4365234375,17.85613250732422,0.1550530046224594
gemma_270m_base,official_language:3,official_language,declarative,6,3675.058837890625,8.532748222351074,0.161513090133667
gemma_270m_base,official_language:3,official_language,declarative,7,6012.6455078125,19.942283630371094,0.18031787872314453
gemma_270m_base,official_language:3,official_language,declarative,8,5937.8564453125,18.568920135498047,0.1763329803943634
gemma_270m_base,official_language:3,official_language,declarative,9,6811.62548828125,16.00546646118164,0.14601029455661774
gemma_270m_base,official_language:3,official_language,declarative,10,9686.5361328125,30.089651107788086,0.1920369267463684
gemma_270m_base,official_language:3,official_language,declarative,11,11745.73046875,4.449254989624023,0.20131652057170868
gemma_270m_base,official_language:3,official_language,declarative,12,15419.2646484375,30.293941497802734,0.15500900149345398
gemma_270m_base,official_language:3,official_language,declarative,13,19697.201171875,28.339797973632812,0.1170249730348587
gemma_270m_base,official_language:3,official_language,declarative,14,24819.626953125,48.8022346496582,0.11839834600687027
gemma_270m_base,official_language:3,official_language,declarative,15,28004.978515625,34.856876373291016,0.09228265285491943
gemma_270m_base,official_language:3,official_language,declarative,16,35501.70703125,39.087162017822266,0.08076782524585724
gemma_270m_base,official_language:3,official_language,declarative,17,109.84637451171875,12.460609436035156,0.10234478116035461
gemma_270m_base,official_language:3,official_language,qa,0,112.68295288085938,141.17245483398438,0.24443084001541138
gemma_270m_base,official_language:3,official_language,qa,1,832.0032958984375,160.01931762695312,0.23686426877975464
gemma_270m_base,official_language:3,official_language,qa,2,1000.1508178710938,23.098976135253906,0.19179821014404297
gemma_270m_base,official_language:3,official_language,qa,3,2282.81103515625,14.441023826599121,0.2370699644088745
gemma_270m_base,official_language:3,official_language,qa,4,1657.4671630859375,12.630193710327148,0.1948733627796173
gemma_270m_base,official_language:3,official_language,qa,5,3140.70703125,17.11916160583496,0.15078410506248474
gemma_270m_base,official_language:3,official_language,qa,6,3525.08544921875,7.810819149017334,0.14806704223155975
gemma_270m_base,official_language:3,official_language,qa,7,5306.958984375,16.726417541503906,0.16363614797592163
gemma_270m_base,official_language:3,official_language,qa,8,5139.57373046875,20.878692626953125,0.19149072468280792
gemma_270m_base,official_language:3,official_language,qa,9,5674.568359375,16.972627639770508,0.1531834751367569
gemma_270m_base,official_language:3,official_language,qa,10,9804.1396484375,29.952606201171875,0.20788490772247314
gemma_270m_base,official_language:3,official_language,qa,11,10797.54296875,4.98070764541626,0.21215961873531342
gemma_270m_base,official_language:3,official_language,qa,12,15156.9423828125,29.977760314941406,0.16276365518569946
gemma_270m_base,official_language:3,official_language,qa,13,18691.421875,28.85126304626465,0.1241653710603714
gemma_270m_base,official_language:3,official_language,qa,14,23352.029296875,44.39558029174805,0.12704947590827942
gemma_270m_base,official_language:3,official_language,qa,15,26874.037109375,34.17062759399414,0.09825310111045837
gemma_270m_base,official_language:3,official_language,qa,16,36642.04296875,33.25004577636719,0.08913657069206238
gemma_270m_base,official_language:3,official_language,qa,17,92.2095718383789,12.319072723388672,0.1101720780134201
gemma_270m_base,official_language:3,official_language,chat_template,0,112.05431365966797,172.85128784179688,0.22872737050056458
gemma_270m_base,official_language:3,official_language,chat_template,1,789.6376953125,110.51742553710938,0.21023565530776978
gemma_270m_base,official_language:3,official_language,chat_template,2,1069.2657470703125,20.244749069213867,0.1736779361963272
gemma_270m_base,official_language:3,official_language,chat_template,3,1849.874267578125,15.161707878112793,0.23274065554141998
gemma_270m_base,official_language:3,official_language,chat_template,4,2382.0517578125,9.792631149291992,0.19273240864276886
gemma_270m_base,official_language:3,official_language,chat_template,5,3381.4970703125,17.562389373779297,0.15327143669128418
gemma_270m_base,official_language:3,official_language,chat_template,6,3627.77490234375,5.981135845184326,0.15862299501895905
gemma_270m_base,official_language:3,official_language,chat_template,7,5227.28076171875,15.974672317504883,0.1691635698080063
gemma_270m_base,official_language:3,official_language,chat_template,8,5311.40478515625,20.071487426757812,0.21458029747009277
gemma_270m_base,official_language:3,official_language,chat_template,9,6118.28076171875,12.995698928833008,0.15520748496055603
gemma_270m_base,official_language:3,official_language,chat_template,10,10338.904296875,25.93819236755371,0.20467600226402283
gemma_270m_base,official_language:3,official_language,chat_template,11,10907.1962890625,4.123455047607422,0.21586540341377258
gemma_270m_base,official_language:3,official_language,chat_template,12,15021.923828125,21.660524368286133,0.16581986844539642
gemma_270m_base,official_language:3,official_language,chat_template,13,18970.685546875,29.842876434326172,0.12972554564476013
gemma_270m_base,official_language:3,official_language,chat_template,14,22378.16796875,40.087669372558594,0.14014828205108643
gemma_270m_base,official_language:3,official_language,chat_template,15,25656.1875,32.02620315551758,0.10887506604194641
gemma_270m_base,official_language:3,official_language,chat_template,16,35786.27734375,38.69056701660156,0.09533848613500595
gemma_270m_base,official_language:3,official_language,chat_template,17,90.71084594726562,12.335418701171875,0.12127091735601425
gemma_270m_base,official_language:4,official_language,raw_question,0,146.0384063720703,189.0898895263672,0.2141539752483368
gemma_270m_base,official_language:4,official_language,raw_question,1,1095.2384033203125,95.82938385009766,0.18998870253562927
gemma_270m_base,official_language:4,official_language,raw_question,2,1252.9244384765625,17.269878387451172,0.1662704348564148
gemma_270m_base,official_language:4,official_language,raw_question,3,1979.171630859375,13.503339767456055,0.22570523619651794
gemma_270m_base,official_language:4,official_language,raw_question,4,2182.794189453125,9.241606712341309,0.18275754153728485
gemma_270m_base,official_language:4,official_language,raw_question,5,2837.42724609375,18.097623825073242,0.1515398770570755
gemma_270m_base,official_language:4,official_language,raw_question,6,3644.5498046875,7.485818862915039,0.1624121367931366
gemma_270m_base,official_language:4,official_language,raw_question,7,5428.9697265625,16.131851196289062,0.1786092221736908
gemma_270m_base,official_language:4,official_language,raw_question,8,5690.3681640625,20.736324310302734,0.18042227625846863
gemma_270m_base,official_language:4,official_language,raw_question,9,6374.8544921875,13.626469612121582,0.1560463160276413
gemma_270m_base,official_language:4,official_language,raw_question,10,11981.0615234375,28.699308395385742,0.20961831510066986
gemma_270m_base,official_language:4,official_language,raw_question,11,12053.7392578125,4.469607830047607,0.18863113224506378
gemma_270m_base,official_language:4,official_language,raw_question,12,16202.544921875,24.924850463867188,0.1415049433708191
gemma_270m_base,official_language:4,official_language,raw_question,13,19407.216796875,32.34536361694336,0.11141857504844666
gemma_270m_base,official_language:4,official_language,raw_question,14,21694.15234375,47.337703704833984,0.12093846499919891
gemma_270m_base,official_language:4,official_language,raw_question,15,23860.583984375,33.03608703613281,0.10571214556694031
gemma_270m_base,official_language:4,official_language,raw_question,16,32270.77734375,43.63190841674805,0.09650801867246628
gemma_270m_base,official_language:4,official_language,raw_question,17,86.61871337890625,13.082279205322266,0.12505804002285004
gemma_270m_base,official_language:4,official_language,declarative,0,127.1855697631836,153.6125946044922,0.19202309846878052
gemma_270m_base,official_language:4,official_language,declarative,1,909.48681640625,96.0489501953125,0.21611322462558746
gemma_270m_base,official_language:4,official_language,declarative,2,1218.2120361328125,19.194473266601562,0.1854100078344345
gemma_270m_base,official_language:4,official_language,declarative,3,1820.2919921875,11.924698829650879,0.22187069058418274
gemma_270m_base,official_language:4,official_language,declarative,4,2454.1611328125,9.313533782958984,0.18530511856079102
gemma_270m_base,official_language:4,official_language,declarative,5,2839.6650390625,17.806272506713867,0.15366558730602264
gemma_270m_base,official_language:4,official_language,declarative,6,3604.607421875,8.318753242492676,0.16200606524944305
gemma_270m_base,official_language:4,official_language,declarative,7,5928.89208984375,20.896400451660156,0.18382824957370758
gemma_270m_base,official_language:4,official_language,declarative,8,5864.1142578125,19.2617130279541,0.1792994886636734
gemma_270m_base,official_language:4,official_language,declarative,9,6756.08056640625,15.877798080444336,0.14707359671592712
gemma_270m_base,official_language:4,official_language,declarative,10,9616.30078125,29.4808349609375,0.19137969613075256
gemma_270m_base,official_language:4,official_language,declarative,11,11414.88671875,4.431785583496094,0.20323994755744934
gemma_270m_base,official_language:4,official_language,declarative,12,15459.2451171875,33.122894287109375,0.15006183087825775
gemma_270m_base,official_language:4,official_language,declarative,13,19244.33203125,31.273399353027344,0.11633585393428802
gemma_270m_base,official_language:4,official_language,declarative,14,23816.34765625,50.55828857421875,0.11389036476612091
gemma_270m_base,official_language:4,official_language,declarative,15,27378.849609375,36.42464828491211,0.09078197181224823
gemma_270m_base,official_language:4,official_language,declarative,16,35115.53125,39.04646682739258,0.08092604577541351
gemma_270m_base,official_language:4,official_language,declarative,17,110.30119323730469,11.241063117980957,0.10134010016918182
gemma_270m_base,official_language:4,official_language,qa,0,111.29277038574219,141.7411651611328,0.24404703080654144
gemma_270m_base,official_language:4,official_language,qa,1,836.4906005859375,157.2203826904297,0.23694635927677155
gemma_270m_base,official_language:4,official_language,qa,2,1000.873779296875,22.8985595703125,0.1911756992340088
gemma_270m_base,official_language:4,official_language,qa,3,2268.0654296875,14.460368156433105,0.2370184361934662
gemma_270m_base,official_language:4,official_language,qa,4,1651.6839599609375,12.619688987731934,0.19532626867294312
gemma_270m_base,official_language:4,official_language,qa,5,3154.33642578125,17.088943481445312,0.15137426555156708
gemma_270m_base,official_language:4,official_language,qa,6,3289.903564453125,7.791134834289551,0.14646989107131958
gemma_270m_base,official_language:4,official_language,qa,7,5126.3623046875,17.011598587036133,0.16400054097175598
gemma_270m_base,official_language:4,official_language,qa,8,5122.07421875,21.677274703979492,0.1922852247953415
gemma_270m_base,official_language:4,official_language,qa,9,5641.70166015625,17.240760803222656,0.15209220349788666
gemma_270m_base,official_language:4,official_language,qa,10,9986.9560546875,30.408916473388672,0.20881833136081696
gemma_270m_base,official_language:4,official_language,qa,11,10820.71484375,5.115204811096191,0.21350078284740448
gemma_270m_base,official_language:4,official_language,qa,12,14952.7724609375,30.204566955566406,0.15641023218631744
gemma_270m_base,official_language:4,official_language,qa,13,18149.28125,30.10626792907715,0.12306460738182068
gemma_270m_base,official_language:4,official_language,qa,14,22717.357421875,44.528236389160156,0.12707024812698364
gemma_270m_base,official_language:4,official_language,qa,15,26241.0078125,32.94366455078125,0.0991855189204216
gemma_270m_base,official_language:4,official_language,qa,16,36142.25390625,33.974517822265625,0.08900764584541321
gemma_270m_base,official_language:4,official_language,qa,17,94.4009780883789,11.04011344909668,0.10895644128322601
gemma_270m_base,official_language:4,official_language,chat_template,0,112.35135650634766,172.9297637939453,0.22751814126968384
gemma_270m_base,official_language:4,official_language,chat_template,1,797.5341186523438,108.62806701660156,0.2106035351753235
gemma_270m_base,official_language:4,official_language,chat_template,2,1077.673095703125,20.447622299194336,0.17440207302570343
gemma_270m_base,official_language:4,official_language,chat_template,3,1856.4554443359375,15.246377944946289,0.2346206158399582
gemma_270m_base,official_language:4,official_language,chat_template,4,2380.861572265625,9.82409954071045,0.19422802329063416
gemma_270m_base,official_language:4,official_language,chat_template,5,3322.931640625,17.54471778869629,0.15305419266223907
gemma_270m_base,official_language:4,official_language,chat_template,6,3565.0322265625,5.91193151473999,0.1582951843738556
gemma_270m_base,official_language:4,official_language,chat_template,7,5231.37353515625,15.794880867004395,0.17173779010772705
gemma_270m_base,official_language:4,official_language,chat_template,8,5345.47607421875,20.56892967224121,0.21302255988121033
gemma_270m_base,official_language:4,official_language,chat_template,9,6114.9130859375,12.460613250732422,0.15248534083366394
gemma_270m_base,official_language:4,official_language,chat_template,10,10463.9931640625,25.54291534423828,0.20536667108535767
gemma_270m_base,official_language:4,official_language,chat_template,11,10947.8623046875,3.981661796569824,0.21952787041664124
gemma_270m_base,official_language:4,official_language,chat_template,12,15264.6669921875,23.331018447875977,0.1625850647687912
gemma_270m_base,official_language:4,official_language,chat_template,13,18843.408203125,31.043819427490234,0.13025081157684326
gemma_270m_base,official_language:4,official_language,chat_template,14,22165.607421875,40.28738021850586,0.1409742385149002
gemma_270m_base,official_language:4,official_language,chat_template,15,25296.095703125,31.713336944580078,0.10985380411148071
gemma_270m_base,official_language:4,official_language,chat_template,16,35577.453125,40.27809524536133,0.09495017677545547
gemma_270m_base,official_language:4,official_language,chat_template,17,95.5335922241211,11.903045654296875,0.12059080600738525
gemma_270m_base,official_language:5,official_language,raw_question,0,142.4384002685547,179.607421875,0.21110400557518005
gemma_270m_base,official_language:5,official_language,raw_question,1,1106.9442138671875,98.22908782958984,0.18920262157917023
gemma_270m_base,official_language:5,official_language,raw_question,2,1268.1212158203125,17.224220275878906,0.1686888486146927
gemma_270m_base,official_language:5,official_language,raw_question,3,1939.703857421875,13.577033996582031,0.2221929132938385
gemma_270m_base,official_language:5,official_language,raw_question,4,2049.302734375,9.171380996704102,0.17800985276699066
gemma_270m_base,official_language:5,official_language,raw_question,5,2666.21240234375,18.491182327270508,0.14943329989910126
gemma_270m_base,official_language:5,official_language,raw_question,6,3741.632568359375,7.238881587982178,0.1630837619304657
gemma_270m_base,official_language:5,official_language,raw_question,7,5388.9013671875,15.864850997924805,0.1764938235282898
gemma_270m_base,official_language:5,official_language,raw_question,8,5589.4208984375,19.82392692565918,0.1804535835981369
gemma_270m_base,official_language:5,official_language,raw_question,9,6489.99951171875,14.246685981750488,0.15843749046325684
gemma_270m_base,official_language:5,official_language,raw_question,10,11909.841796875,27.799514770507812,0.20792590081691742
gemma_270m_base,official_language:5,official_language,raw_question,11,12023.8466796875,4.617323398590088,0.19112195074558258
gemma_270m_base,official_language:5,official_language,raw_question,12,15663.6796875,22.693111419677734,0.1469462811946869
gemma_270m_base,official_language:5,official_language,raw_question,13,19471.58984375,29.552480697631836,0.11361968517303467
gemma_270m_base,official_language:5,official_language,raw_question,14,21621.314453125,46.6270751953125,0.1252312958240509
gemma_270m_base,official_language:5,official_language,raw_question,15,23904.712890625,30.821182250976562,0.10893091559410095
gemma_270m_base,official_language:5,official_language,raw_question,16,31989.96875,42.339107513427734,0.10037115216255188
gemma_270m_base,official_language:5,official_language,raw_question,17,93.8862075805664,13.75839900970459,0.1307835429906845
gemma_270m_base,official_language:5,official_language,declarative,0,127.87611389160156,158.48782348632812,0.19261965155601501
gemma_270m_base,official_language:5,official_language,declarative,1,918.7869262695312,106.10408782958984,0.21186256408691406
gemma_270m_base,official_language:5,official_language,declarative,2,1179.452392578125,19.772985458374023,0.19269874691963196
gemma_270m_base,official_language:5,official_language,declarative,3,1800.520263671875,12.3823881149292,0.225482776761055
gemma_270m_base,official_language:5,official_language,declarative,4,2362.012939453125,8.766284942626953,0.187739297747612
gemma_270m_base,official_language:5,official_language,declarative,5,2784.803466796875,18.449928283691406,0.15357817709445953
gemma_270m_base,official_language:5,official_language,declarative,6,3522.490478515625,8.255553245544434,0.1615976095199585
gemma_270m_base,official_language:5,official_language,declarative,7,5846.4814453125,20.992755889892578,0.18281221389770508
gemma_270m_base,official_language:5,official_language,declarative,8,5835.037109375,18.52692413330078,0.17768129706382751
gemma_270m_base,official_language:5,official_language,declarative,9,6775.45947265625,15.423771858215332,0.14179322123527527
gemma_270m_base,official_language:5,official_language,declarative,10,9535.65625,28.458942413330078,0.1816699057817459
gemma_270m_base,official_language:5,official_language,declarative,11,11599.578125,4.889533042907715,0.20243516564369202
gemma_270m_base,official_language:5,official_language,declarative,12,14632.505859375,28.628658294677734,0.14946316182613373
gemma_270m_base,official_language:5,official_language,declarative,13,19841.79296875,28.905147552490234,0.11744344234466553
gemma_270m_base,official_language:5,official_language,declarative,14,24823.40234375,49.23865509033203,0.11569112539291382
gemma_270m_base,official_language:5,official_language,declarative,15,27525.974609375,33.26779556274414,0.09141173958778381
gemma_270m_base,official_language:5,official_language,declarative,16,35588.61328125,40.119956970214844,0.08265873789787292
gemma_270m_base,official_language:5,official_language,declarative,17,105.32085418701172,13.180657386779785,0.10408976674079895
gemma_270m_base,official_language:5,official_language,qa,0,109.59066772460938,140.73208618164062,0.2409151792526245
gemma_270m_base,official_language:5,official_language,qa,1,832.2974243164062,159.5192413330078,0.23948507010936737
gemma_270m_base,official_language:5,official_language,qa,2,1018.4188232421875,22.116512298583984,0.1926591992378235
gemma_270m_base,official_language:5,official_language,qa,3,2214.609130859375,14.646571159362793,0.23469318449497223
gemma_270m_base,official_language:5,official_language,qa,4,1667.4818115234375,11.914132118225098,0.19692817330360413
gemma_270m_base,official_language:5,official_language,qa,5,3148.3369140625,17.350053787231445,0.15165916085243225
gemma_270m_base,official_language:5,official_language,qa,6,3401.168701171875,7.850925445556641,0.14969512820243835
gemma_270m_base,official_language:5,official_language,qa,7,5191.77880859375,16.681703567504883,0.16489490866661072
gemma_270m_base,official_language:5,official_language,qa,8,5119.90234375,21.34144401550293,0.19605284929275513
gemma_270m_base,official_language:5,official_language,qa,9,5783.806640625,17.077787399291992,0.1542520523071289
gemma_270m_base,official_language:5,official_language,qa,10,9935.04296875,30.491674423217773,0.21371769905090332
gemma_270m_base,official_language:5,official_language,qa,11,11251.228515625,5.29509162902832,0.21281424164772034
gemma_270m_base,official_language:5,official_language,qa,12,14403.126953125,27.360595703125,0.15747500956058502
gemma_270m_base,official_language:5,official_language,qa,13,18635.443359375,26.623289108276367,0.12224180996417999
gemma_270m_base,official_language:5,official_language,qa,14,23056.447265625,43.80244827270508,0.12733086943626404
gemma_270m_base,official_language:5,official_language,qa,15,26200.595703125,31.636554718017578,0.09760166704654694
gemma_270m_base,official_language:5,official_language,qa,16,35605.24609375,33.652645111083984,0.08899086713790894
gemma_270m_base,official_language:5,official_language,qa,17,98.82984924316406,12.28332233428955,0.1124710813164711
gemma_270m_base,official_language:5,official_language,chat_template,0,110.97908020019531,172.2274932861328,0.2281048595905304
gemma_270m_base,official_language:5,official_language,chat_template,1,789.6207885742188,108.36426544189453,0.21138375997543335
gemma_270m_base,official_language:5,official_language,chat_template,2,1069.331298828125,19.96169090270996,0.17436502873897552
gemma_270m_base,official_language:5,official_language,chat_template,3,1854.408447265625,15.175198554992676,0.23321165144443512
gemma_270m_base,official_language:5,official_language,chat_template,4,2363.90283203125,9.760662078857422,0.1934022307395935
gemma_270m_base,official_language:5,official_language,chat_template,5,3323.3876953125,17.440919876098633,0.15240240097045898
gemma_270m_base,official_language:5,official_language,chat_template,6,3576.927490234375,5.829167366027832,0.1585657298564911
gemma_270m_base,official_language:5,official_language,chat_template,7,5257.26904296875,15.535124778747559,0.17107009887695312
gemma_270m_base,official_language:5,official_language,chat_template,8,5254.4384765625,20.577171325683594,0.2157139927148819
gemma_270m_base,official_language:5,official_language,chat_template,9,6093.4111328125,12.68632698059082,0.15461856126785278
gemma_270m_base,official_language:5,official_language,chat_template,10,10471.5078125,25.689130783081055,0.21054700016975403
gemma_270m_base,official_language:5,official_language,chat_template,11,11132.3203125,4.30994176864624,0.2187262773513794
gemma_270m_base,official_language:5,official_language,chat_template,12,14681.783203125,21.446687698364258,0.16433700919151306
gemma_270m_base,official_language:5,official_language,chat_template,13,19045.71484375,29.773910522460938,0.13126981258392334
gemma_270m_base,official_language:5,official_language,chat_template,14,21953.763671875,41.32823181152344,0.14197829365730286
gemma_270m_base,official_language:5,official_language,chat_template,15,24894.36328125,31.020681381225586,0.11114108562469482
gemma_270m_base,official_language:5,official_language,chat_template,16,34951.69140625,38.9692497253418,0.09553170204162598
gemma_270m_base,official_language:5,official_language,chat_template,17,94.6982192993164,11.275444984436035,0.12351574748754501
gemma_270m_base,official_language:6,official_language,raw_question,0,145.28237915039062,191.91973876953125,0.2114003300666809
gemma_270m_base,official_language:6,official_language,raw_question,1,1102.7701416015625,95.21385955810547,0.1910841017961502
gemma_270m_base,official_language:6,official_language,raw_question,2,1275.6265869140625,16.928176879882812,0.16541481018066406
gemma_270m_base,official_language:6,official_language,raw_question,3,1948.7362060546875,13.415999412536621,0.2251296490430832
gemma_270m_base,official_language:6,official_language,raw_question,4,2165.287109375,9.245978355407715,0.18296310305595398
gemma_270m_base,official_language:6,official_language,raw_question,5,2798.191650390625,18.31424331665039,0.15102985501289368
gemma_270m_base,official_language:6,official_language,raw_question,6,3609.317626953125,7.505389213562012,0.16394822299480438
gemma_270m_base,official_language:6,official_language,raw_question,7,5305.11083984375,16.599782943725586,0.17924641072750092
gemma_270m_base,official_language:6,official_language,raw_question,8,5564.39892578125,21.317302703857422,0.18066872656345367
gemma_270m_base,official_language:6,official_language,raw_question,9,6215.01611328125,13.352325439453125,0.1556498408317566
gemma_270m_base,official_language:6,official_language,raw_question,10,11785.65234375,28.74110984802246,0.21441294252872467
gemma_270m_base,official_language:6,official_language,raw_question,11,11969.130859375,4.588344573974609,0.18986621499061584
gemma_270m_base,official_language:6,official_language,raw_question,12,15458.572265625,26.50425148010254,0.1447087526321411
gemma_270m_base,official_language:6,official_language,raw_question,13,19173.373046875,32.09408187866211,0.11136873811483383
gemma_270m_base,official_language:6,official_language,raw_question,14,21213.595703125,48.47998046875,0.11990194022655487
gemma_270m_base,official_language:6,official_language,raw_question,15,23038.154296875,33.69240188598633,0.10558656603097916
gemma_270m_base,official_language:6,official_language,raw_question,16,31289.001953125,44.3145866394043,0.09833617508411407
gemma_270m_base,official_language:6,official_language,raw_question,17,89.43425750732422,12.039117813110352,0.12540501356124878
gemma_270m_base,official_language:6,official_language,declarative,0,127.74201965332031,153.78854370117188,0.1933836042881012
gemma_270m_base,official_language:6,official_language,declarative,1,909.3218383789062,96.7260971069336,0.2145717889070511
gemma_270m_base,official_language:6,official_language,declarative,2,1233.532470703125,18.890039443969727,0.18540354073047638
gemma_270m_base,official_language:6,official_language,declarative,3,1808.26220703125,11.97691535949707,0.22105339169502258
gemma_270m_base,official_language:6,official_language,declarative,4,2484.3447265625,9.241558074951172,0.18563726544380188
gemma_270m_base,official_language:6,official_language,declarative,5,2794.21484375,18.024778366088867,0.1520841121673584
gemma_270m_base,official_language:6,official_language,declarative,6,3595.880859375,8.400403022766113,0.16101118922233582
gemma_270m_base,official_language:6,official_language,declarative,7,5848.11083984375,20.099346160888672,0.18200738728046417
gemma_270m_base,official_language:6,official_language,declarative,8,5786.88525390625,19.150938034057617,0.17761972546577454
gemma_270m_base,official_language:6,official_language,declarative,9,6769.05029296875,15.400277137756348,0.14495813846588135
gemma_270m_base,official_language:6,official_language,declarative,10,9718.8115234375,29.73459243774414,0.18650804460048676
gemma_270m_base,official_language:6,official_language,declarative,11,11649.302734375,4.739284038543701,0.2015531063079834
gemma_270m_base,official_language:6,official_language,declarative,12,14786.0185546875,33.09297561645508,0.14947493374347687
gemma_270m_base,official_language:6,official_language,declarative,13,19645.162109375,31.364665985107422,0.11482846736907959
gemma_270m_base,official_language:6,official_language,declarative,14,24249.015625,51.6580696105957,0.1138375997543335
gemma_270m_base,official_language:6,official_language,declarative,15,27011.056640625,35.24037551879883,0.0895635336637497
gemma_270m_base,official_language:6,official_language,declarative,16,33920.58203125,42.11989212036133,0.07996076345443726
gemma_270m_base,official_language:6,official_language,declarative,17,108.89900207519531,11.714439392089844,0.10297080129384995
gemma_270m_base,official_language:6,official_language,qa,0,111.67591094970703,140.9534912109375,0.24389970302581787
gemma_270m_base,official_language:6,official_language,qa,1,836.5603637695312,158.3374481201172,0.2372504621744156
gemma_270m_base,official_language:6,official_language,qa,2,1004.522216796875,22.986467361450195,0.19144518673419952
gemma_270m_base,official_language:6,official_language,qa,3,2263.62744140625,14.363184928894043,0.23684614896774292
gemma_270m_base,official_language:6,official_language,qa,4,1700.3531494140625,12.501066207885742,0.194318950176239
gemma_270m_base,official_language:6,official_language,qa,5,3183.691162109375,17.152408599853516,0.1504645049571991
gemma_270m_base,official_language:6,official_language,qa,6,3361.26220703125,7.6525983810424805,0.14636944234371185
gemma_270m_base,official_language:6,official_language,qa,7,5205.283203125,17.03714942932129,0.165594220161438
gemma_270m_base,official_language:6,official_language,qa,8,5165.80517578125,21.085237503051758,0.1929948329925537
gemma_270m_base,official_language:6,official_language,qa,9,5635.166015625,17.317394256591797,0.1522502303123474
gemma_270m_base,official_language:6,official_language,qa,10,9861.517578125,31.682785034179688,0.21251527965068817
gemma_270m_base,official_language:6,official_language,qa,11,10775.5595703125,5.252774715423584,0.21241436898708344
gemma_270m_base,official_language:6,official_language,qa,12,14017.6875,31.471553802490234,0.1577790379524231
gemma_270m_base,official_language:6,official_language,qa,13,18012.072265625,31.442913055419922,0.12190793454647064
gemma_270m_base,official_language:6,official_language,qa,14,22493.349609375,45.305782318115234,0.12631377577781677
gemma_270m_base,official_language:6,official_language,qa,15,25697.32421875,34.20669937133789,0.10044494271278381
gemma_270m_base,official_language:6,official_language,qa,16,34901.48828125,34.78284454345703,0.09228689968585968
gemma_270m_base,official_language:6,official_language,qa,17,100.08674621582031,10.755500793457031,0.11135338246822357
gemma_270m_base,official_language:6,official_language,chat_template,0,112.67178344726562,172.33612060546875,0.22877293825149536
gemma_270m_base,official_language:6,official_language,chat_template,1,793.1731567382812,110.25782012939453,0.21160757541656494
gemma_270m_base,official_language:6,official_language,chat_template,2,1076.842529296875,20.291101455688477,0.17488354444503784
gemma_270m_base,official_language:6,official_language,chat_template,3,1846.4227294921875,15.254106521606445,0.23384374380111694
gemma_270m_base,official_language:6,official_language,chat_template,4,2410.348876953125,9.851532936096191,0.19519367814064026
gemma_270m_base,official_language:6,official_language,chat_template,5,3328.136474609375,17.471786499023438,0.15240789949893951
gemma_270m_base,official_language:6,official_language,chat_template,6,3573.378173828125,5.949604511260986,0.1587684452533722
gemma_270m_base,official_language:6,official_language,chat_template,7,5225.0927734375,15.949899673461914,0.17327666282653809
gemma_270m_base,official_language:6,official_language,chat_template,8,5283.236328125,20.583038330078125,0.21158161759376526
gemma_270m_base,official_language:6,official_language,chat_template,9,6059.97900390625,12.40299129486084,0.153541699051857
gemma_270m_base,official_language:6,official_language,chat_template,10,10341.26953125,25.987802505493164,0.20758597552776337
gemma_270m_base,official_language:6,official_language,chat_template,11,10925.083984375,4.071669101715088,0.21859917044639587
gemma_270m_base,official_language:6,official_language,chat_template,12,14646.826171875,24.35732650756836,0.165246844291687
gemma_270m_base,official_language:6,official_language,chat_template,13,18709.73046875,32.71757125854492,0.13070142269134521
gemma_270m_base,official_language:6,official_language,chat_template,14,21909.96875,41.510826110839844,0.14065736532211304
gemma_270m_base,official_language:6,official_language,chat_template,15,24956.126953125,32.45933532714844,0.11105497181415558
gemma_270m_base,official_language:6,official_language,chat_template,16,35402.39453125,40.533935546875,0.09618248045444489
gemma_270m_base,official_language:6,official_language,chat_template,17,94.52629852294922,11.360788345336914,0.12051839381456375
gemma_270m_base,official_language:7,official_language,raw_question,0,145.57501220703125,190.5407257080078,0.21243976056575775
gemma_270m_base,official_language:7,official_language,raw_question,1,1080.54443359375,106.08847045898438,0.18822424113750458
gemma_270m_base,official_language:7,official_language,raw_question,2,1283.5733642578125,16.880966186523438,0.1648874282836914
gemma_270m_base,official_language:7,official_language,raw_question,3,1977.6407470703125,13.4004487991333,0.2235352098941803
gemma_270m_base,official_language:7,official_language,raw_question,4,2242.958984375,9.154202461242676,0.18159687519073486
gemma_270m_base,official_language:7,official_language,raw_question,5,2810.373291015625,18.381086349487305,0.15134772658348083
gemma_270m_base,official_language:7,official_language,raw_question,6,3717.205322265625,7.676738262176514,0.16314111649990082
gemma_270m_base,official_language:7,official_language,raw_question,7,5370.3076171875,17.022729873657227,0.1765798181295395
gemma_270m_base,official_language:7,official_language,raw_question,8,5501.78173828125,20.176071166992188,0.17858514189720154
gemma_270m_base,official_language:7,official_language,raw_question,9,6396.3359375,13.035880088806152,0.15839606523513794
gemma_270m_base,official_language:7,official_language,raw_question,10,11973.4755859375,28.51836395263672,0.20726780593395233
gemma_270m_base,official_language:7,official_language,raw_question,11,12150.728515625,4.679015636444092,0.19415923953056335
gemma_270m_base,official_language:7,official_language,raw_question,12,16339.03515625,24.661855697631836,0.1524907648563385
gemma_270m_base,official_language:7,official_language,raw_question,13,19351.650390625,30.557451248168945,0.11569013446569443
gemma_270m_base,official_language:7,official_language,raw_question,14,21783.77734375,49.14682388305664,0.12577193975448608
gemma_270m_base,official_language:7,official_language,raw_question,15,23927.9609375,31.89638328552246,0.10995082557201385
gemma_270m_base,official_language:7,official_language,raw_question,16,32813.48046875,44.38045120239258,0.1016327291727066
gemma_270m_base,official_language:7,official_language,raw_question,17,92.25298309326172,14.212783813476562,0.12841355800628662
gemma_270m_base,official_language:7,official_language,declarative,0,131.06301879882812,158.65805053710938,0.19222979247570038
gemma_270m_base,official_language:7,official_language,declarative,1,904.8524169921875,108.00175476074219,0.21812185645103455
gemma_270m_base,official_language:7,official_language,declarative,2,1210.0135498046875,18.511594772338867,0.18380630016326904
gemma_270m_base,official_language:7,official_language,declarative,3,1788.0892333984375,11.982781410217285,0.2215321958065033
gemma_270m_base,official_language:7,official_language,declarative,4,2545.6181640625,9.228468894958496,0.18919837474822998
gemma_270m_base,official_language:7,official_language,declarative,5,2854.779052734375,18.018712997436523,0.15251600742340088
gemma_270m_base,official_language:7,official_language,declarative,6,3588.693115234375,8.586868286132812,0.16011962294578552
gemma_270m_base,official_language:7,official_language,declarative,7,5866.34619140625,20.973859786987305,0.18276602029800415
gemma_270m_base,official_language:7,official_language,declarative,8,5793.27587890625,18.073060989379883,0.17128121852874756
gemma_270m_base,official_language:7,official_language,declarative,9,6712.0341796875,15.124610900878906,0.14255942404270172
gemma_270m_base,official_language:7,official_language,declarative,10,9720.494140625,29.864593505859375,0.1815432906150818
gemma_270m_base,official_language:7,official_language,declarative,11,11389.794921875,4.493368625640869,0.19789554178714752
gemma_270m_base,official_language:7,official_language,declarative,12,15616.48828125,33.77994918823242,0.15390139818191528
gemma_270m_base,official_language:7,official_language,declarative,13,19754.71875,28.692228317260742,0.1152346283197403
gemma_270m_base,official_language:7,official_language,declarative,14,24630.7890625,51.21490478515625,0.11336056143045425
gemma_270m_base,official_language:7,official_language,declarative,15,27308.40625,35.88112258911133,0.08747807145118713
gemma_270m_base,official_language:7,official_language,declarative,16,34266.8984375,42.18185806274414,0.07968274503946304
gemma_270m_base,official_language:7,official_language,declarative,17,106.48805236816406,13.938519477844238,0.10454181581735611
gemma_270m_base,official_language:7,official_language,qa,0,112.14815521240234,141.5917510986328,0.24412211775779724
gemma_270m_base,official_language:7,official_language,qa,1,818.1905517578125,170.866455078125,0.22854860126972198
gemma_270m_base,official_language:7,official_language,qa,2,1014.2800903320312,21.271686553955078,0.18465256690979004
gemma_270m_base,official_language:7,official_language,qa,3,2246.365966796875,14.392474174499512,0.23692695796489716
gemma_270m_base,official_language:7,official_language,qa,4,1801.43603515625,11.873575210571289,0.19167116284370422
gemma_270m_base,official_language:7,official_language,qa,5,3263.6513671875,17.3129940032959,0.15013176202774048
gemma_270m_base,official_language:7,official_language,qa,6,3433.466064453125,8.241527557373047,0.14849290251731873
gemma_270m_base,official_language:7,official_language,qa,7,5261.455078125,16.81000328063965,0.16677501797676086
gemma_270m_base,official_language:7,official_language,qa,8,5318.15869140625,20.267534255981445,0.1929192990064621
gemma_270m_base,official_language:7,official_language,qa,9,5753.1767578125,17.436357498168945,0.15382632613182068
gemma_270m_base,official_language:7,official_language,qa,10,9988.4755859375,32.35014724731445,0.20788578689098358
gemma_270m_base,official_language:7,official_language,qa,11,10735.42578125,5.2853312492370605,0.21053634583950043
gemma_270m_base,official_language:7,official_language,qa,12,14989.498046875,32.913089752197266,0.16206085681915283
gemma_270m_base,official_language:7,official_language,qa,13,18472.279296875,27.289579391479492,0.12136407196521759
gemma_270m_base,official_language:7,official_language,qa,14,23028.4296875,46.555946350097656,0.12519080936908722
gemma_270m_base,official_language:7,official_language,qa,15,26365.29296875,35.590999603271484,0.09754043817520142
gemma_270m_base,official_language:7,official_language,qa,16,35615.5390625,34.11983871459961,0.09192448854446411
gemma_270m_base,official_language:7,official_language,qa,17,99.86212158203125,13.418658256530762,0.11281690001487732
gemma_270m_base,official_language:7,official_language,chat_template,0,112.42720794677734,172.98793029785156,0.2287551909685135
gemma_270m_base,official_language:7,official_language,chat_template,1,780.6767578125,120.82811737060547,0.20748722553253174
gemma_270m_base,official_language:7,official_language,chat_template,2,1063.7796630859375,21.04522705078125,0.1751798689365387
gemma_270m_base,official_language:7,official_language,chat_template,3,1879.295166015625,15.206466674804688,0.23679640889167786
gemma_270m_base,official_language:7,official_language,chat_template,4,2393.96044921875,9.88306713104248,0.19585645198822021
gemma_270m_base,official_language:7,official_language,chat_template,5,3308.953369140625,17.604997634887695,0.1529739797115326
gemma_270m_base,official_language:7,official_language,chat_template,6,3501.278076171875,6.057744979858398,0.15861888229846954
gemma_270m_base,official_language:7,official_language,chat_template,7,5234.54248046875,16.297325134277344,0.17115797102451324
gemma_270m_base,official_language:7,official_language,chat_template,8,5375.890625,20.502056121826172,0.212886780500412
gemma_270m_base,official_language:7,official_language,chat_template,9,6087.45849609375,12.376846313476562,0.15316636860370636
gemma_270m_base,official_language:7,official_language,chat_template,10,10402.8515625,25.70037078857422,0.20603564381599426
gemma_270m_base,official_language:7,official_language,chat_template,11,10865.119140625,4.190817832946777,0.21828198432922363
gemma_270m_base,official_language:7,official_language,chat_template,12,14941.3544921875,23.82479476928711,0.1688825786113739
gemma_270m_base,official_language:7,official_language,chat_template,13,18610.634765625,30.005212783813477,0.12989872694015503
gemma_270m_base,official_language:7,official_language,chat_template,14,21925.181640625,42.39623260498047,0.13839338719844818
gemma_270m_base,official_language:7,official_language,chat_template,15,25134.6484375,31.002182006835938,0.10921792685985565
gemma_270m_base,official_language:7,official_language,chat_template,16,35342.78125,40.392906188964844,0.0965614765882492
gemma_270m_base,official_language:7,official_language,chat_template,17,90.0398178100586,13.256098747253418,0.1218206137418747
gemma_270m_base,official_language:8,official_language,raw_question,0,146.70968627929688,189.25741577148438,0.2158491611480713
gemma_270m_base,official_language:8,official_language,raw_question,1,1092.24560546875,95.39554595947266,0.19042569398880005
gemma_270m_base,official_language:8,official_language,raw_question,2,1261.15869140625,16.654619216918945,0.16483496129512787
gemma_270m_base,official_language:8,official_language,raw_question,3,1948.042724609375,13.414408683776855,0.22404465079307556
gemma_270m_base,official_language:8,official_language,raw_question,4,2165.157470703125,9.290860176086426,0.18271590769290924
gemma_270m_base,official_language:8,official_language,raw_question,5,2812.26318359375,18.298748016357422,0.15085403621196747
gemma_270m_base,official_language:8,official_language,raw_question,6,3774.11962890625,7.874874114990234,0.16507267951965332
gemma_270m_base,official_language:8,official_language,raw_question,7,5230.4560546875,17.162010192871094,0.18066346645355225
gemma_270m_base,official_language:8,official_language,raw_question,8,5610.28076171875,21.20207977294922,0.1816045343875885
gemma_270m_base,official_language:8,official_language,raw_question,9,6134.509765625,13.87353229522705,0.1548808366060257
gemma_270m_base,official_language:8,official_language,raw_question,10,11908.1083984375,28.969608306884766,0.21493041515350342
gemma_270m_base,official_language:8,official_language,raw_question,11,11910.244140625,4.520248889923096,0.1902819275856018
gemma_270m_base,official_language:8,official_language,raw_question,12,15240.5908203125,24.886322021484375,0.1437758505344391
gemma_270m_base,official_language:8,official_language,raw_question,13,19243.615234375,29.685609817504883,0.11049310863018036
gemma_270m_base,official_language:8,official_language,raw_question,14,21527.8984375,46.317317962646484,0.12160132825374603
gemma_270m_base,official_language:8,official_language,raw_question,15,23396.484375,32.72572708129883,0.10717056691646576
gemma_270m_base,official_language:8,official_language,raw_question,16,31258.125,44.45362091064453,0.10081012547016144
gemma_270m_base,official_language:8,official_language,raw_question,17,90.87737274169922,11.950563430786133,0.13153907656669617
gemma_270m_base,official_language:8,official_language,declarative,0,131.89468383789062,159.15357971191406,0.1901695430278778
gemma_270m_base,official_language:8,official_language,declarative,1,912.7487182617188,96.10321807861328,0.21353241801261902
gemma_270m_base,official_language:8,official_language,declarative,2,1218.7630615234375,18.626667022705078,0.18609030544757843
gemma_270m_base,official_language:8,official_language,declarative,3,1746.819580078125,11.774194717407227,0.22320865094661713
gemma_270m_base,official_language:8,official_language,declarative,4,2468.489501953125,9.2584867477417,0.18792539834976196
gemma_270m_base,official_language:8,official_language,declarative,5,2835.23779296875,18.171667098999023,0.15117385983467102
gemma_270m_base,official_language:8,official_language,declarative,6,3595.507080078125,8.597834587097168,0.16108526289463043
gemma_270m_base,official_language:8,official_language,declarative,7,5768.3564453125,20.64748191833496,0.18164092302322388
gemma_270m_base,official_language:8,official_language,declarative,8,5790.3125,18.30384635925293,0.17749007046222687
gemma_270m_base,official_language:8,official_language,declarative,9,6765.37451171875,15.005826950073242,0.14216038584709167
gemma_270m_base,official_language:8,official_language,declarative,10,9889.52734375,30.09731101989746,0.18060654401779175
gemma_270m_base,official_language:8,official_language,declarative,11,11849.822265625,4.767110347747803,0.203555166721344
gemma_270m_base,official_language:8,official_language,declarative,12,14951.9853515625,29.932361602783203,0.14822685718536377
gemma_270m_base,official_language:8,official_language,declarative,13,20404.046875,28.509422302246094,0.11554479598999023
gemma_270m_base,official_language:8,official_language,declarative,14,24696.595703125,50.474422454833984,0.11404932290315628
gemma_270m_base,official_language:8,official_language,declarative,15,26658.24609375,34.761043548583984,0.09253743290901184
gemma_270m_base,official_language:8,official_language,declarative,16,33238.03515625,45.07223892211914,0.08486610651016235
gemma_270m_base,official_language:8,official_language,declarative,17,102.09580993652344,12.674564361572266,0.11176259070634842
gemma_270m_base,official_language:8,official_language,qa,0,111.04376983642578,141.9275665283203,0.24399873614311218
gemma_270m_base,official_language:8,official_language,qa,1,836.3296508789062,159.71522521972656,0.2347831130027771
gemma_270m_base,official_language:8,official_language,qa,2,1004.0509643554688,22.79803466796875,0.19054323434829712
gemma_270m_base,official_language:8,official_language,qa,3,2265.4013671875,14.392670631408691,0.2349819839000702
gemma_270m_base,official_language:8,official_language,qa,4,1688.943115234375,12.297696113586426,0.19279517233371735
gemma_270m_base,official_language:8,official_language,qa,5,3193.966552734375,17.240190505981445,0.15067420899868011
gemma_270m_base,official_language:8,official_language,qa,6,3362.04931640625,7.8035197257995605,0.14752496778964996
gemma_270m_base,official_language:8,official_language,qa,7,5218.89013671875,17.55279541015625,0.16892535984516144
gemma_270m_base,official_language:8,official_language,qa,8,5198.6064453125,21.158931732177734,0.19375541806221008
gemma_270m_base,official_language:8,official_language,qa,9,5724.89990234375,17.352214813232422,0.1538131833076477
gemma_270m_base,official_language:8,official_language,qa,10,10169.1328125,31.74260139465332,0.210530623793602
gemma_270m_base,official_language:8,official_language,qa,11,11043.5146484375,5.165921688079834,0.2110491245985031
gemma_270m_base,official_language:8,official_language,qa,12,14402.2578125,27.491056442260742,0.15454339981079102
gemma_270m_base,official_language:8,official_language,qa,13,18770.615234375,26.810712814331055,0.11697463691234589
gemma_270m_base,official_language:8,official_language,qa,14,23126.013671875,44.42479705810547,0.12596017122268677
gemma_270m_base,official_language:8,official_language,qa,15,25695.169921875,33.308677673339844,0.09832160919904709
gemma_270m_base,official_language:8,official_language,qa,16,34701.35546875,35.27655029296875,0.09243857115507126
gemma_270m_base,official_language:8,official_language,qa,17,99.07685089111328,10.713396072387695,0.11651892960071564
gemma_270m_base,official_language:8,official_language,chat_template,0,111.06851196289062,172.97340393066406,0.22894683480262756
gemma_270m_base,official_language:8,official_language,chat_template,1,792.9434204101562,111.26063537597656,0.2096610814332962
gemma_270m_base,official_language:8,official_language,chat_template,2,1061.886474609375,20.226890563964844,0.17499743402004242
gemma_270m_base,official_language:8,official_language,chat_template,3,1847.7393798828125,15.305099487304688,0.2346287965774536
gemma_270m_base,official_language:8,official_language,chat_template,4,2397.0634765625,9.882994651794434,0.1934806853532791
gemma_270m_base,official_language:8,official_language,chat_template,5,3300.495361328125,17.494766235351562,0.1529567539691925
gemma_270m_base,official_language:8,official_language,chat_template,6,3559.427001953125,6.013659954071045,0.15863095223903656
gemma_270m_base,official_language:8,official_language,chat_template,7,5107.70458984375,16.159788131713867,0.17319490015506744
gemma_270m_base,official_language:8,official_language,chat_template,8,5227.2060546875,20.502992630004883,0.21387138962745667
gemma_270m_base,official_language:8,official_language,chat_template,9,6063.720703125,12.800589561462402,0.15508997440338135
gemma_270m_base,official_language:8,official_language,chat_template,10,10279.9140625,26.80893898010254,0.2073838859796524
gemma_270m_base,official_language:8,official_language,chat_template,11,10781.3115234375,4.167486190795898,0.2182880938053131
gemma_270m_base,official_language:8,official_language,chat_template,12,14297.1025390625,22.836545944213867,0.1623537838459015
gemma_270m_base,official_language:8,official_language,chat_template,13,18774.18359375,28.72148323059082,0.12676465511322021
gemma_270m_base,official_language:8,official_language,chat_template,14,21825.314453125,41.76164245605469,0.13945096731185913
gemma_270m_base,official_language:8,official_language,chat_template,15,24449.68359375,30.86748504638672,0.11001882702112198
gemma_270m_base,official_language:8,official_language,chat_template,16,34585.703125,40.8797607421875,0.09699057042598724
gemma_270m_base,official_language:8,official_language,chat_template,17,88.6474609375,11.829334259033203,0.1258569061756134
gemma_270m_base,official_language:9,official_language,raw_question,0,147.2981414794922,188.22161865234375,0.21390700340270996
gemma_270m_base,official_language:9,official_language,raw_question,1,1092.2591552734375,95.40641021728516,0.18947985768318176
gemma_270m_base,official_language:9,official_language,raw_question,2,1276.2828369140625,16.971956253051758,0.16596859693527222
gemma_270m_base,official_language:9,official_language,raw_question,3,1952.47216796875,13.439374923706055,0.2244383990764618
gemma_270m_base,official_language:9,official_language,raw_question,4,2158.010009765625,9.32989501953125,0.1823328733444214
gemma_270m_base,official_language:9,official_language,raw_question,5,2772.807861328125,18.196069717407227,0.15114223957061768
gemma_270m_base,official_language:9,official_language,raw_question,6,3760.57275390625,7.618747234344482,0.16433146595954895
gemma_270m_base,official_language:9,official_language,raw_question,7,5373.1923828125,16.02727508544922,0.17807772755622864
gemma_270m_base,official_language:9,official_language,raw_question,8,5607.26513671875,21.438549041748047,0.18027544021606445
gemma_270m_base,official_language:9,official_language,raw_question,9,6218.9736328125,13.320826530456543,0.15434515476226807
gemma_270m_base,official_language:9,official_language,raw_question,10,11851.1015625,28.468116760253906,0.21229588985443115
gemma_270m_base,official_language:9,official_language,raw_question,11,12026.7353515625,4.536440372467041,0.19167771935462952
gemma_270m_base,official_language:9,official_language,raw_question,12,15599.4453125,25.62891387939453,0.15051433444023132
gemma_270m_base,official_language:9,official_language,raw_question,13,19227.373046875,30.541839599609375,0.11290287971496582
gemma_270m_base,official_language:9,official_language,raw_question,14,21429.421875,47.87830352783203,0.12235255539417267
gemma_270m_base,official_language:9,official_language,raw_question,15,23228.193359375,35.00276184082031,0.10613925755023956
gemma_270m_base,official_language:9,official_language,raw_question,16,32086.419921875,44.32307815551758,0.09940893948078156
gemma_270m_base,official_language:9,official_language,raw_question,17,86.7249526977539,13.110336303710938,0.12576410174369812
gemma_270m_base,official_language:9,official_language,declarative,0,128.9324951171875,149.5781707763672,0.1933998167514801
gemma_270m_base,official_language:9,official_language,declarative,1,912.847412109375,95.99382019042969,0.2132435142993927
gemma_270m_base,official_language:9,official_language,declarative,2,1218.1826171875,18.830907821655273,0.18467506766319275
gemma_270m_base,official_language:9,official_language,declarative,3,1787.9775390625,11.8278226852417,0.2225477695465088
gemma_270m_base,official_language:9,official_language,declarative,4,2422.597900390625,9.250396728515625,0.1862608790397644
gemma_270m_base,official_language:9,official_language,declarative,5,2809.4833984375,17.955076217651367,0.15235482156276703
gemma_270m_base,official_language:9,official_language,declarative,6,3663.4892578125,8.64707088470459,0.16306817531585693
gemma_270m_base,official_language:9,official_language,declarative,7,5888.4189453125,19.63446807861328,0.181779146194458
gemma_270m_base,official_language:9,official_language,declarative,8,5919.37744140625,18.577838897705078,0.1766643226146698
gemma_270m_base,official_language:9,official_language,declarative,9,6809.07958984375,15.400264739990234,0.1424744725227356
gemma_270m_base,official_language:9,official_language,declarative,10,9910.900390625,30.078941345214844,0.1851041615009308
gemma_270m_base,official_language:9,official_language,declarative,11,11647.578125,4.680147171020508,0.19926004111766815
gemma_270m_base,official_language:9,official_language,declarative,12,14727.4013671875,31.864389419555664,0.1531987488269806
gemma_270m_base,official_language:9,official_language,declarative,13,19544.68359375,29.36920738220215,0.11636844277381897
gemma_270m_base,official_language:9,official_language,declarative,14,23621.73828125,52.24968338012695,0.11323563754558563
gemma_270m_base,official_language:9,official_language,declarative,15,26442.29296875,37.28645706176758,0.09323852509260178
gemma_270m_base,official_language:9,official_language,declarative,16,33842.5703125,42.74248123168945,0.08307461440563202
gemma_270m_base,official_language:9,official_language,declarative,17,104.92955017089844,13.481100082397461,0.10454590618610382
gemma_270m_base,official_language:9,official_language,qa,0,112.44654846191406,140.9642333984375,0.2437715232372284
gemma_270m_base,official_language:9,official_language,qa,1,835.2432861328125,157.8433074951172,0.23310482501983643
gemma_270m_base,official_language:9,official_language,qa,2,1002.9988403320312,22.41950225830078,0.1897408664226532
gemma_270m_base,official_language:9,official_language,qa,3,2263.94677734375,14.330216407775879,0.23733767867088318
gemma_270m_base,official_language:9,official_language,qa,4,1693.40234375,12.402732849121094,0.19468671083450317
gemma_270m_base,official_language:9,official_language,qa,5,3174.852783203125,17.14466667175293,0.1502557396888733
gemma_270m_base,official_language:9,official_language,qa,6,3382.732177734375,7.638057708740234,0.14783678948879242
gemma_270m_base,official_language:9,official_language,qa,7,5233.662109375,17.129589080810547,0.164579838514328
gemma_270m_base,official_language:9,official_language,qa,8,5082.330078125,20.978885650634766,0.19098752737045288
gemma_270m_base,official_language:9,official_language,qa,9,5484.9951171875,17.013364791870117,0.15055233240127563
gemma_270m_base,official_language:9,official_language,qa,10,9800.9482421875,31.58380889892578,0.21144458651542664
gemma_270m_base,official_language:9,official_language,qa,11,10705.3193359375,5.213061332702637,0.21235890686511993
gemma_270m_base,official_language:9,official_language,qa,12,14238.095703125,31.706262588500977,0.16240927577018738
gemma_270m_base,official_language:9,official_language,qa,13,18352.451171875,29.803735733032227,0.12299511581659317
gemma_270m_base,official_language:9,official_language,qa,14,22824.939453125,45.4608268737793,0.12731286883354187
gemma_270m_base,official_language:9,official_language,qa,15,25733.548828125,35.77811813354492,0.10100588202476501
gemma_270m_base,official_language:9,official_language,qa,16,36133.83203125,35.066158294677734,0.09374222159385681
gemma_270m_base,official_language:9,official_language,qa,17,96.13142395019531,12.069612503051758,0.11071944981813431
gemma_270m_base,official_language:9,official_language,chat_template,0,111.7177734375,171.88597106933594,0.2299804389476776
gemma_270m_base,official_language:9,official_language,chat_template,1,793.041748046875,110.6960220336914,0.2093883752822876
gemma_270m_base,official_language:9,official_language,chat_template,2,1073.145263671875,20.37955093383789,0.17400874197483063
gemma_270m_base,official_language:9,official_language,chat_template,3,1863.1461181640625,15.160249710083008,0.23454412817955017
gemma_270m_base,official_language:9,official_language,chat_template,4,2380.341552734375,9.806343078613281,0.19457590579986572
gemma_270m_base,official_language:9,official_language,chat_template,5,3328.482177734375,17.559467315673828,0.1524200588464737
gemma_270m_base,official_language:9,official_language,chat_template,6,3551.5107421875,6.003207206726074,0.15896709263324738
gemma_270m_base,official_language:9,official_language,chat_template,7,5136.2490234375,16.20310401916504,0.1701073944568634
gemma_270m_base,official_language:9,official_language,chat_template,8,5282.20751953125,20.373390197753906,0.2126564383506775
gemma_270m_base,official_language:9,official_language,chat_template,9,6059.2783203125,12.658403396606445,0.15410831570625305
gemma_270m_base,official_language:9,official_language,chat_template,10,10338.478515625,26.25410270690918,0.20746690034866333
gemma_270m_base,official_language:9,official_language,chat_template,11,10803.6767578125,4.090907573699951,0.21834821999073029
gemma_270m_base,official_language:9,official_language,chat_template,12,14553.177734375,23.789081573486328,0.17065255343914032
gemma_270m_base,official_language:9,official_language,chat_template,13,18898.208984375,29.6712703704834,0.13116735219955444
gemma_270m_base,official_language:9,official_language,chat_template,14,22099.919921875,41.5941276550293,0.14048004150390625
gemma_270m_base,official_language:9,official_language,chat_template,15,25140.75,32.0771484375,0.11059820652008057
gemma_270m_base,official_language:9,official_language,chat_template,16,36050.1640625,40.5693244934082,0.0958627313375473
gemma_270m_base,official_language:9,official_language,chat_template,17,90.19091796875,12.552033424377441,0.12115022540092468
gemma_270m_base,official_language:10,official_language,raw_question,0,146.8610382080078,188.781005859375,0.21413087844848633
gemma_270m_base,official_language:10,official_language,raw_question,1,1092.056884765625,108.88839721679688,0.19094666838645935
gemma_270m_base,official_language:10,official_language,raw_question,2,1291.606201171875,16.548799514770508,0.16398493945598602
gemma_270m_base,official_language:10,official_language,raw_question,3,2003.56494140625,13.568324089050293,0.22295483946800232
gemma_270m_base,official_language:10,official_language,raw_question,4,2209.674072265625,9.295709609985352,0.1824333667755127
gemma_270m_base,official_language:10,official_language,raw_question,5,2838.909912109375,18.546340942382812,0.1511947214603424
gemma_270m_base,official_language:10,official_language,raw_question,6,3744.194091796875,7.783037185668945,0.1643509417772293
gemma_270m_base,official_language:10,official_language,raw_question,7,5395.13330078125,17.046934127807617,0.1771329790353775
gemma_270m_base,official_language:10,official_language,raw_question,8,5556.02587890625,20.498138427734375,0.17921216785907745
gemma_270m_base,official_language:10,official_language,raw_question,9,6331.46923828125,12.920854568481445,0.1566270887851715
gemma_270m_base,official_language:10,official_language,raw_question,10,12029.861328125,28.254398345947266,0.20713654160499573
gemma_270m_base,official_language:10,official_language,raw_question,11,12149.55859375,4.672857761383057,0.19268882274627686
gemma_270m_base,official_language:10,official_language,raw_question,12,16356.8046875,23.646230697631836,0.15073511004447937
gemma_270m_base,official_language:10,official_language,raw_question,13,19434.09765625,30.022127151489258,0.11624272167682648
gemma_270m_base,official_language:10,official_language,raw_question,14,21880.8828125,49.02955627441406,0.12692931294441223
gemma_270m_base,official_language:10,official_language,raw_question,15,24248.169921875,31.823373794555664,0.10997514426708221
gemma_270m_base,official_language:10,official_language,raw_question,16,33282.38671875,43.68034744262695,0.1013721376657486
gemma_270m_base,official_language:10,official_language,raw_question,17,91.45050048828125,13.700643539428711,0.12823329865932465
gemma_270m_base,official_language:10,official_language,declarative,0,130.1089630126953,155.70431518554688,0.19245004653930664
gemma_270m_base,official_language:10,official_language,declarative,1,902.1644287109375,110.26829528808594,0.2241773009300232
gemma_270m_base,official_language:10,official_language,declarative,2,1202.7593994140625,18.9144344329834,0.1861674189567566
gemma_270m_base,official_language:10,official_language,declarative,3,1790.0281982421875,12.046274185180664,0.22362595796585083
gemma_270m_base,official_language:10,official_language,declarative,4,2513.715576171875,9.526723861694336,0.19079335033893585
gemma_270m_base,official_language:10,official_language,declarative,5,2825.208251953125,18.162389755249023,0.15107472240924835
gemma_270m_base,official_language:10,official_language,declarative,6,3554.42236328125,8.659097671508789,0.16079841554164886
gemma_270m_base,official_language:10,official_language,declarative,7,5834.4619140625,21.574352264404297,0.18366047739982605
gemma_270m_base,official_language:10,official_language,declarative,8,5819.1630859375,18.100582122802734,0.17242619395256042
gemma_270m_base,official_language:10,official_language,declarative,9,6678.67919921875,14.910857200622559,0.14304864406585693
gemma_270m_base,official_language:10,official_language,declarative,10,9719.376953125,29.7702579498291,0.18334990739822388
gemma_270m_base,official_language:10,official_language,declarative,11,11296.6826171875,4.56281852722168,0.20086698234081268
gemma_270m_base,official_language:10,official_language,declarative,12,15895.5458984375,33.71873474121094,0.15457461774349213
gemma_270m_base,official_language:10,official_language,declarative,13,19933.720703125,28.604507446289062,0.11606588214635849
gemma_270m_base,official_language:10,official_language,declarative,14,25313.96875,51.637245178222656,0.11435511708259583
gemma_270m_base,official_language:10,official_language,declarative,15,27889.6171875,37.08248519897461,0.08783115446567535
gemma_270m_base,official_language:10,official_language,declarative,16,35112.6484375,41.826995849609375,0.07980147004127502
gemma_270m_base,official_language:10,official_language,declarative,17,107.42285919189453,13.596317291259766,0.10429638624191284
gemma_270m_base,official_language:10,official_language,qa,0,111.3044662475586,143.94241333007812,0.2408779263496399
gemma_270m_base,official_language:10,official_language,qa,1,821.9912719726562,167.56361389160156,0.23110350966453552
gemma_270m_base,official_language:10,official_language,qa,2,1015.1177368164062,21.484088897705078,0.18672850728034973
gemma_270m_base,official_language:10,official_language,qa,3,2277.45703125,14.420032501220703,0.23711234331130981
gemma_270m_base,official_language:10,official_language,qa,4,1798.1214599609375,12.077167510986328,0.1913141906261444
gemma_270m_base,official_language:10,official_language,qa,5,3269.281494140625,17.244808197021484,0.15043388307094574
gemma_270m_base,official_language:10,official_language,qa,6,3417.6767578125,8.259202003479004,0.14809675514698029
gemma_270m_base,official_language:10,official_language,qa,7,5169.2783203125,16.969343185424805,0.16497117280960083
gemma_270m_base,official_language:10,official_language,qa,8,5233.15283203125,20.625774383544922,0.19102057814598083
gemma_270m_base,official_language:10,official_language,qa,9,5690.7978515625,16.877431869506836,0.15386098623275757
gemma_270m_base,official_language:10,official_language,qa,10,9926.388671875,31.348203659057617,0.20730891823768616
gemma_270m_base,official_language:10,official_language,qa,11,10552.02734375,5.229493618011475,0.21358712017536163
gemma_270m_base,official_language:10,official_language,qa,12,15015.646484375,30.916738510131836,0.16199669241905212
gemma_270m_base,official_language:10,official_language,qa,13,18479.96875,27.630952835083008,0.12234038859605789
gemma_270m_base,official_language:10,official_language,qa,14,23175.58984375,47.036678314208984,0.12483875453472137
gemma_270m_base,official_language:10,official_language,qa,15,26591.64453125,34.79978561401367,0.09815879911184311
gemma_270m_base,official_language:10,official_language,qa,16,36040.08203125,33.8716926574707,0.09108317643404007
gemma_270m_base,official_language:10,official_language,qa,17,101.43653106689453,12.537087440490723,0.11278004944324493
gemma_270m_base,official_language:10,official_language,chat_template,0,112.0769271850586,174.61415100097656,0.2277510166168213
gemma_270m_base,official_language:10,official_language,chat_template,1,790.8268432617188,118.91002655029297,0.20930299162864685
gemma_270m_base,official_language:10,official_language,chat_template,2,1070.940185546875,20.977197647094727,0.17381231486797333
gemma_270m_base,official_language:10,official_language,chat_template,3,1879.8292236328125,15.13373851776123,0.23397371172904968
gemma_270m_base,official_language:10,official_language,chat_template,4,2364.822509765625,9.828413009643555,0.19487357139587402
gemma_270m_base,official_language:10,official_language,chat_template,5,3385.427978515625,17.67181968688965,0.15447528660297394
gemma_270m_base,official_language:10,official_language,chat_template,6,3567.880859375,5.99083137512207,0.15863090753555298
gemma_270m_base,official_language:10,official_language,chat_template,7,5230.68994140625,15.850154876708984,0.17733632028102875
gemma_270m_base,official_language:10,official_language,chat_template,8,5392.11572265625,20.705135345458984,0.21637268364429474
gemma_270m_base,official_language:10,official_language,chat_template,9,6106.2890625,12.29185676574707,0.15647479891777039
gemma_270m_base,official_language:10,official_language,chat_template,10,10398.544921875,25.60490608215332,0.20798978209495544
gemma_270m_base,official_language:10,official_language,chat_template,11,10796.599609375,4.177127361297607,0.2213459461927414
gemma_270m_base,official_language:10,official_language,chat_template,12,15121.80078125,23.772602081298828,0.16779789328575134
gemma_270m_base,official_language:10,official_language,chat_template,13,18539.205078125,29.92931365966797,0.13248072564601898
gemma_270m_base,official_language:10,official_language,chat_template,14,21962.177734375,43.307411193847656,0.1402948796749115
gemma_270m_base,official_language:10,official_language,chat_template,15,25368.095703125,31.207674026489258,0.10924181342124939
gemma_270m_base,official_language:10,official_language,chat_template,16,35678.42578125,40.108734130859375,0.0953235924243927
gemma_270m_base,official_language:10,official_language,chat_template,17,92.57599639892578,12.732840538024902,0.12136289477348328
gemma_270m_base,official_language:11,official_language,raw_question,0,144.23634338378906,194.49839782714844,0.21328794956207275
gemma_270m_base,official_language:11,official_language,raw_question,1,1092.3345947265625,94.78668975830078,0.19077622890472412
gemma_270m_base,official_language:11,official_language,raw_question,2,1238.7607421875,16.879716873168945,0.16573357582092285
gemma_270m_base,official_language:11,official_language,raw_question,3,1934.4368896484375,13.514487266540527,0.22569794952869415
gemma_270m_base,official_language:11,official_language,raw_question,4,2258.611083984375,8.989607810974121,0.18173453211784363
gemma_270m_base,official_language:11,official_language,raw_question,5,2909.44287109375,18.102441787719727,0.15473416447639465
gemma_270m_base,official_language:11,official_language,raw_question,6,3681.72216796875,7.591616153717041,0.1641673594713211
gemma_270m_base,official_language:11,official_language,raw_question,7,5317.70947265625,16.798627853393555,0.1797214299440384
gemma_270m_base,official_language:11,official_language,raw_question,8,5701.705078125,20.15181541442871,0.18136757612228394
gemma_270m_base,official_language:11,official_language,raw_question,9,6145.0322265625,13.526803016662598,0.15584170818328857
gemma_270m_base,official_language:11,official_language,raw_question,10,11919.767578125,28.47533416748047,0.20831623673439026
gemma_270m_base,official_language:11,official_language,raw_question,11,11982.720703125,4.36140251159668,0.1909470558166504
gemma_270m_base,official_language:11,official_language,raw_question,12,15781.9267578125,22.756853103637695,0.14314959943294525
gemma_270m_base,official_language:11,official_language,raw_question,13,19423.98046875,29.919559478759766,0.11238932609558105
gemma_270m_base,official_language:11,official_language,raw_question,14,21810.447265625,47.79447555541992,0.12164435535669327
gemma_270m_base,official_language:11,official_language,raw_question,15,23724.796875,31.55843162536621,0.10509800910949707
gemma_270m_base,official_language:11,official_language,raw_question,16,32308.88671875,42.79988098144531,0.09954759478569031
gemma_270m_base,official_language:11,official_language,raw_question,17,88.45234680175781,12.854723930358887,0.12776173651218414
gemma_270m_base,official_language:11,official_language,declarative,0,132.71417236328125,163.62728881835938,0.1888798475265503
gemma_270m_base,official_language:11,official_language,declarative,1,908.2650146484375,93.63500213623047,0.21388307213783264
gemma_270m_base,official_language:11,official_language,declarative,2,1209.997802734375,18.864276885986328,0.18366169929504395
gemma_270m_base,official_language:11,official_language,declarative,3,1794.843017578125,12.027033805847168,0.2210431694984436
gemma_270m_base,official_language:11,official_language,declarative,4,2563.58349609375,8.987035751342773,0.18701457977294922
gemma_270m_base,official_language:11,official_language,declarative,5,2963.39794921875,17.728431701660156,0.15601846575737
gemma_270m_base,official_language:11,official_language,declarative,6,3604.4375,8.536031723022461,0.1603330671787262
gemma_270m_base,official_language:11,official_language,declarative,7,5825.30322265625,21.159305572509766,0.17904940247535706
gemma_270m_base,official_language:11,official_language,declarative,8,5743.19091796875,18.650766372680664,0.17760802805423737
gemma_270m_base,official_language:11,official_language,declarative,9,6560.66015625,15.91325569152832,0.14603695273399353
gemma_270m_base,official_language:11,official_language,declarative,10,9562.0556640625,28.820171356201172,0.1871809959411621
gemma_270m_base,official_language:11,official_language,declarative,11,11250.1650390625,4.456428050994873,0.199001282453537
gemma_270m_base,official_language:11,official_language,declarative,12,14842.166015625,32.8960075378418,0.1479395627975464
gemma_270m_base,official_language:11,official_language,declarative,13,19137.958984375,28.501205444335938,0.11223067343235016
gemma_270m_base,official_language:11,official_language,declarative,14,23848.02734375,50.923709869384766,0.10977400094270706
gemma_270m_base,official_language:11,official_language,declarative,15,26464.5546875,35.73077392578125,0.0866621658205986
gemma_270m_base,official_language:11,official_language,declarative,16,34459.97265625,40.257972717285156,0.07853293418884277
gemma_270m_base,official_language:11,official_language,declarative,17,104.75599670410156,11.761893272399902,0.10191580653190613
gemma_270m_base,official_language:11,official_language,qa,0,111.87487030029297,143.35411071777344,0.2414475679397583
gemma_270m_base,official_language:11,official_language,qa,1,835.5934448242188,157.09075927734375,0.2365463376045227
gemma_270m_base,official_language:11,official_language,qa,2,1011.1856079101562,22.98981285095215,0.19138112664222717
gemma_270m_base,official_language:11,official_language,qa,3,2281.1474609375,14.34984016418457,0.234325110912323
gemma_270m_base,official_language:11,official_language,qa,4,1708.614013671875,12.406055450439453,0.192654550075531
gemma_270m_base,official_language:11,official_language,qa,5,3209.11083984375,17.309932708740234,0.15055570006370544
gemma_270m_base,official_language:11,official_language,qa,6,3462.23779296875,7.962374687194824,0.14854808151721954
gemma_270m_base,official_language:11,official_language,qa,7,5311.43359375,17.124168395996094,0.16688890755176544
gemma_270m_base,official_language:11,official_language,qa,8,5251.31201171875,20.54071617126465,0.19494125247001648
gemma_270m_base,official_language:11,official_language,qa,9,5825.50537109375,17.2506160736084,0.1532861888408661
gemma_270m_base,official_language:11,official_language,qa,10,9993.4345703125,30.443845748901367,0.21442842483520508
gemma_270m_base,official_language:11,official_language,qa,11,11067.0400390625,5.133136749267578,0.2138461470603943
gemma_270m_base,official_language:11,official_language,qa,12,14740.7490234375,29.420316696166992,0.15440867841243744
gemma_270m_base,official_language:11,official_language,qa,13,18321.173828125,26.882770538330078,0.11927951872348785
gemma_270m_base,official_language:11,official_language,qa,14,22913.177734375,45.27888107299805,0.12536033987998962
gemma_270m_base,official_language:11,official_language,qa,15,25819.859375,30.73759651184082,0.09598924964666367
gemma_270m_base,official_language:11,official_language,qa,16,35197.8359375,35.09478759765625,0.08820955455303192
gemma_270m_base,official_language:11,official_language,qa,17,97.55215454101562,10.696615219116211,0.11214425414800644
gemma_270m_base,official_language:11,official_language,chat_template,0,112.04292297363281,174.70362854003906,0.22849808633327484
gemma_270m_base,official_language:11,official_language,chat_template,1,786.3416137695312,108.83296966552734,0.2099040150642395
gemma_270m_base,official_language:11,official_language,chat_template,2,1065.665283203125,20.118961334228516,0.1753302961587906
gemma_270m_base,official_language:11,official_language,chat_template,3,1839.88623046875,15.16824722290039,0.23533329367637634
gemma_270m_base,official_language:11,official_language,chat_template,4,2381.42431640625,9.777347564697266,0.19399124383926392
gemma_270m_base,official_language:11,official_language,chat_template,5,3337.798583984375,17.477489471435547,0.1531522572040558
gemma_270m_base,official_language:11,official_language,chat_template,6,3598.38330078125,5.94977331161499,0.15912941098213196
gemma_270m_base,official_language:11,official_language,chat_template,7,5259.5205078125,15.962824821472168,0.17254538834095
gemma_270m_base,official_language:11,official_language,chat_template,8,5347.90185546875,20.309614181518555,0.21546843647956848
gemma_270m_base,official_language:11,official_language,chat_template,9,6185.86083984375,12.428553581237793,0.15273460745811462
gemma_270m_base,official_language:11,official_language,chat_template,10,10471.689453125,25.976049423217773,0.20744949579238892
gemma_270m_base,official_language:11,official_language,chat_template,11,11108.76171875,3.961947441101074,0.21967369318008423
gemma_270m_base,official_language:11,official_language,chat_template,12,14831.95703125,22.526573181152344,0.16281849145889282
gemma_270m_base,official_language:11,official_language,chat_template,13,18899.66015625,28.240262985229492,0.12926644086837769
gemma_270m_base,official_language:11,official_language,chat_template,14,22202.736328125,41.88512420654297,0.14144635200500488
gemma_270m_base,official_language:11,official_language,chat_template,15,25167.78125,30.104354858398438,0.10925541073083878
gemma_270m_base,official_language:11,official_language,chat_template,16,35495.12890625,39.383392333984375,0.09482291340827942
gemma_270m_base,official_language:11,official_language,chat_template,17,93.56948852539062,11.748909950256348,0.12333349883556366
gemma_270m_base,official_language:12,official_language,raw_question,0,144.98614501953125,189.7691192626953,0.2130645513534546
gemma_270m_base,official_language:12,official_language,raw_question,1,1095.3466796875,96.3502426147461,0.19012364745140076
gemma_270m_base,official_language:12,official_language,raw_question,2,1253.0687255859375,16.646451950073242,0.16476112604141235
gemma_270m_base,official_language:12,official_language,raw_question,3,1956.6875,13.57393741607666,0.22478696703910828
gemma_270m_base,official_language:12,official_language,raw_question,4,2242.120361328125,9.119012832641602,0.18095147609710693
gemma_270m_base,official_language:12,official_language,raw_question,5,2863.52099609375,18.176483154296875,0.1520538628101349
gemma_270m_base,official_language:12,official_language,raw_question,6,3726.387451171875,7.600510120391846,0.16407370567321777
gemma_270m_base,official_language:12,official_language,raw_question,7,5335.2763671875,16.432085037231445,0.1781744509935379
gemma_270m_base,official_language:12,official_language,raw_question,8,5591.47900390625,20.961721420288086,0.18363671004772186
gemma_270m_base,official_language:12,official_language,raw_question,9,6307.02783203125,13.45322322845459,0.15864688158035278
gemma_270m_base,official_language:12,official_language,raw_question,10,11911.9169921875,28.35688018798828,0.21060070395469666
gemma_270m_base,official_language:12,official_language,raw_question,11,12031.8154296875,4.564254283905029,0.19253875315189362
gemma_270m_base,official_language:12,official_language,raw_question,12,15792.953125,24.034542083740234,0.14666199684143066
gemma_270m_base,official_language:12,official_language,raw_question,13,19503.0546875,29.1776065826416,0.1146124079823494
gemma_270m_base,official_language:12,official_language,raw_question,14,21856.748046875,47.73508071899414,0.12393353134393692
gemma_270m_base,official_language:12,official_language,raw_question,15,24102.76171875,32.2890739440918,0.10585946589708328
gemma_270m_base,official_language:12,official_language,raw_question,16,32314.0546875,42.20915222167969,0.0987573117017746
gemma_270m_base,official_language:12,official_language,raw_question,17,89.75147247314453,14.633880615234375,0.12997698783874512
gemma_270m_base,official_language:12,official_language,declarative,0,131.74191284179688,158.2992401123047,0.191115602850914
gemma_270m_base,official_language:12,official_language,declarative,1,909.0008544921875,94.6722183227539,0.21383094787597656
gemma_270m_base,official_language:12,official_language,declarative,2,1210.6160888671875,18.739727020263672,0.18542326986789703
gemma_270m_base,official_language:12,official_language,declarative,3,1811.171142578125,11.958667755126953,0.22432106733322144
gemma_270m_base,official_language:12,official_language,declarative,4,2483.518798828125,9.327202796936035,0.18493802845478058
gemma_270m_base,official_language:12,official_language,declarative,5,2835.626220703125,17.903898239135742,0.15290555357933044
gemma_270m_base,official_language:12,official_language,declarative,6,3611.7578125,8.704510688781738,0.16066813468933105
gemma_270m_base,official_language:12,official_language,declarative,7,5895.09765625,20.614559173583984,0.18191874027252197
gemma_270m_base,official_language:12,official_language,declarative,8,5914.142578125,18.84605598449707,0.176401749253273
gemma_270m_base,official_language:12,official_language,declarative,9,6810.15673828125,15.495269775390625,0.14347147941589355
gemma_270m_base,official_language:12,official_language,declarative,10,9861.6845703125,29.753034591674805,0.18676498532295227
gemma_270m_base,official_language:12,official_language,declarative,11,11474.2001953125,4.642822742462158,0.1986876130104065
gemma_270m_base,official_language:12,official_language,declarative,12,15018.9033203125,33.35981369018555,0.15062738955020905
gemma_270m_base,official_language:12,official_language,declarative,13,19826.09375,27.866867065429688,0.11408324539661407
gemma_270m_base,official_language:12,official_language,declarative,14,24519.34765625,51.68965530395508,0.11420270800590515
gemma_270m_base,official_language:12,official_language,declarative,15,27508.158203125,38.94265365600586,0.08931728452444077
gemma_270m_base,official_language:12,official_language,declarative,16,35056.21484375,40.79058074951172,0.07985308021306992
gemma_270m_base,official_language:12,official_language,declarative,17,109.4305419921875,15.425414085388184,0.10381203889846802
gemma_270m_base,official_language:12,official_language,qa,0,111.05345916748047,141.85501098632812,0.24268169701099396
gemma_270m_base,official_language:12,official_language,qa,1,836.4556274414062,157.03953552246094,0.2361171841621399
gemma_270m_base,official_language:12,official_language,qa,2,1004.4837036132812,22.881214141845703,0.19084863364696503
gemma_270m_base,official_language:12,official_language,qa,3,2265.94775390625,14.351396560668945,0.2350439727306366
gemma_270m_base,official_language:12,official_language,qa,4,1694.7601318359375,12.431830406188965,0.19381411373615265
gemma_270m_base,official_language:12,official_language,qa,5,3222.30810546875,17.37895393371582,0.15073007345199585
gemma_270m_base,official_language:12,official_language,qa,6,3423.86328125,7.765707015991211,0.14781197905540466
gemma_270m_base,official_language:12,official_language,qa,7,5130.53857421875,16.68923568725586,0.1630043387413025
gemma_270m_base,official_language:12,official_language,qa,8,5189.64111328125,21.155908584594727,0.19415728747844696
gemma_270m_base,official_language:12,official_language,qa,9,5845.203125,16.895048141479492,0.15425729751586914
gemma_270m_base,official_language:12,official_language,qa,10,10050.9033203125,30.7259578704834,0.20925292372703552
gemma_270m_base,official_language:12,official_language,qa,11,10973.97265625,5.258054256439209,0.21311873197555542
gemma_270m_base,official_language:12,official_language,qa,12,14756.4990234375,30.28500747680664,0.15835225582122803
gemma_270m_base,official_language:12,official_language,qa,13,19041.2109375,26.792922973632812,0.12183838337659836
gemma_270m_base,official_language:12,official_language,qa,14,23584.45703125,46.2345085144043,0.12618789076805115
gemma_270m_base,official_language:12,official_language,qa,15,26551.544921875,33.04627990722656,0.09717711806297302
gemma_270m_base,official_language:12,official_language,qa,16,35888.39453125,34.48244094848633,0.08889743685722351
gemma_270m_base,official_language:12,official_language,qa,17,102.54244995117188,14.22592830657959,0.11286468803882599
gemma_270m_base,official_language:12,official_language,chat_template,0,112.67639923095703,173.00469970703125,0.22868028283119202
gemma_270m_base,official_language:12,official_language,chat_template,1,793.0903930664062,111.55181121826172,0.2123054414987564
gemma_270m_base,official_language:12,official_language,chat_template,2,1073.4796142578125,20.570077896118164,0.17462262511253357
gemma_270m_base,official_language:12,official_language,chat_template,3,1854.6898193359375,15.185323715209961,0.23324264585971832
gemma_270m_base,official_language:12,official_language,chat_template,4,2364.802978515625,9.853705406188965,0.1946561485528946
gemma_270m_base,official_language:12,official_language,chat_template,5,3343.2421875,17.506938934326172,0.15368083119392395
gemma_270m_base,official_language:12,official_language,chat_template,6,3610.875244140625,6.011767387390137,0.1592058688402176
gemma_270m_base,official_language:12,official_language,chat_template,7,5257.01513671875,15.707942008972168,0.1711380034685135
gemma_270m_base,official_language:12,official_language,chat_template,8,5345.623046875,20.519533157348633,0.21545417606830597
gemma_270m_base,official_language:12,official_language,chat_template,9,6181.7578125,12.320040702819824,0.15409092605113983
gemma_270m_base,official_language:12,official_language,chat_template,10,10465.673828125,25.977937698364258,0.20554658770561218
gemma_270m_base,official_language:12,official_language,chat_template,11,11047.4970703125,4.129554271697998,0.2188200056552887
gemma_270m_base,official_language:12,official_language,chat_template,12,14979.9951171875,22.51416015625,0.16520239412784576
gemma_270m_base,official_language:12,official_language,chat_template,13,19191.61328125,29.7178955078125,0.13048598170280457
gemma_270m_base,official_language:12,official_language,chat_template,14,22463.890625,42.29351806640625,0.14046317338943481
gemma_270m_base,official_language:12,official_language,chat_template,15,25442.150390625,30.87489891052246,0.1077716052532196
gemma_270m_base,official_language:12,official_language,chat_template,16,35454.5390625,39.00429153442383,0.09505638480186462
gemma_270m_base,official_language:12,official_language,chat_template,17,90.23409271240234,12.342306137084961,0.1238161101937294
gemma_270m_base,official_language:13,official_language,raw_question,0,146.08493041992188,190.4937286376953,0.2143256515264511
gemma_270m_base,official_language:13,official_language,raw_question,1,1102.663818359375,99.3288345336914,0.19104647636413574
gemma_270m_base,official_language:13,official_language,raw_question,2,1283.3092041015625,16.801069259643555,0.16392621397972107
gemma_270m_base,official_language:13,official_language,raw_question,3,1983.66259765625,13.314456939697266,0.2244190126657486
gemma_270m_base,official_language:13,official_language,raw_question,4,2257.09716796875,9.34720230102539,0.18287593126296997
gemma_270m_base,official_language:13,official_language,raw_question,5,2869.963623046875,18.317794799804688,0.15199045836925507
gemma_270m_base,official_language:13,official_language,raw_question,6,3703.3994140625,7.845108985900879,0.16436037421226501
gemma_270m_base,official_language:13,official_language,raw_question,7,5309.05419921875,17.258543014526367,0.18066608905792236
gemma_270m_base,official_language:13,official_language,raw_question,8,5626.37109375,20.69932746887207,0.1807689368724823
gemma_270m_base,official_language:13,official_language,raw_question,9,6250.68603515625,13.31256103515625,0.15572360157966614
gemma_270m_base,official_language:13,official_language,raw_question,10,11911.6611328125,28.55608367919922,0.20866583287715912
gemma_270m_base,official_language:13,official_language,raw_question,11,12023.3349609375,4.557314872741699,0.19513794779777527
gemma_270m_base,official_language:13,official_language,raw_question,12,15229.064453125,24.226776123046875,0.15198847651481628
gemma_270m_base,official_language:13,official_language,raw_question,13,19052.056640625,29.701581954956055,0.11501801013946533
gemma_270m_base,official_language:13,official_language,raw_question,14,21723.673828125,49.154693603515625,0.12607550621032715
gemma_270m_base,official_language:13,official_language,raw_question,15,23549.37109375,32.06529235839844,0.10963773727416992
gemma_270m_base,official_language:13,official_language,raw_question,16,31598.69140625,43.509864807128906,0.102831169962883
gemma_270m_base,official_language:13,official_language,raw_question,17,90.5528564453125,13.246072769165039,0.13325455784797668
gemma_270m_base,official_language:13,official_language,declarative,0,131.518798828125,161.4830780029297,0.1930229365825653
gemma_270m_base,official_language:13,official_language,declarative,1,907.9711303710938,100.48942565917969,0.22537384927272797
gemma_270m_base,official_language:13,official_language,declarative,2,1210.140380859375,18.561769485473633,0.18364816904067993
gemma_270m_base,official_language:13,official_language,declarative,3,1822.3673095703125,11.971214294433594,0.22184281051158905
gemma_270m_base,official_language:13,official_language,declarative,4,2576.395751953125,9.577462196350098,0.18795375525951385
gemma_270m_base,official_language:13,official_language,declarative,5,2893.3388671875,18.11524200439453,0.15325675904750824
gemma_270m_base,official_language:13,official_language,declarative,6,3582.738037109375,8.675697326660156,0.16174650192260742
gemma_270m_base,official_language:13,official_language,declarative,7,5831.1923828125,21.64120864868164,0.1850043684244156
gemma_270m_base,official_language:13,official_language,declarative,8,5763.79052734375,17.99094009399414,0.17326702177524567
gemma_270m_base,official_language:13,official_language,declarative,9,6718.421875,15.649354934692383,0.1454205960035324
gemma_270m_base,official_language:13,official_language,declarative,10,9798.6689453125,30.295747756958008,0.18537099659442902
gemma_270m_base,official_language:13,official_language,declarative,11,11273.6943359375,4.507577896118164,0.20163878798484802
gemma_270m_base,official_language:13,official_language,declarative,12,14081.693359375,36.870689392089844,0.1536380648612976
gemma_270m_base,official_language:13,official_language,declarative,13,18845.287109375,29.88623809814453,0.12078040838241577
gemma_270m_base,official_language:13,official_language,declarative,14,23833.412109375,54.00722885131836,0.11730358749628067
gemma_270m_base,official_language:13,official_language,declarative,15,25997.71484375,37.38078689575195,0.09220343828201294
gemma_270m_base,official_language:13,official_language,declarative,16,33650.2109375,40.310699462890625,0.08339890837669373
gemma_270m_base,official_language:13,official_language,declarative,17,117.43000030517578,12.658319473266602,0.10607711225748062
gemma_270m_base,official_language:13,official_language,qa,0,111.55170440673828,143.54815673828125,0.24282614886760712
gemma_270m_base,official_language:13,official_language,qa,1,836.1717529296875,159.40005493164062,0.23773328959941864
gemma_270m_base,official_language:13,official_language,qa,2,1000.9373168945312,22.632568359375,0.18948835134506226
gemma_270m_base,official_language:13,official_language,qa,3,2266.732666015625,14.430784225463867,0.23684507608413696
gemma_270m_base,official_language:13,official_language,qa,4,1674.3011474609375,12.504055976867676,0.19412162899971008
gemma_270m_base,official_language:13,official_language,qa,5,3206.593505859375,17.283479690551758,0.15199775993824005
gemma_270m_base,official_language:13,official_language,qa,6,3404.131103515625,8.17662525177002,0.14742019772529602
gemma_270m_base,official_language:13,official_language,qa,7,5226.33203125,17.236282348632812,0.16703104972839355
gemma_270m_base,official_language:13,official_language,qa,8,5182.75927734375,21.733776092529297,0.19079411029815674
gemma_270m_base,official_language:13,official_language,qa,9,5701.41455078125,17.32340431213379,0.1534745842218399
gemma_270m_base,official_language:13,official_language,qa,10,10115.6181640625,30.05878448486328,0.20711708068847656
gemma_270m_base,official_language:13,official_language,qa,11,10639.5751953125,5.186008453369141,0.2121945321559906
gemma_270m_base,official_language:13,official_language,qa,12,13648.466796875,30.104299545288086,0.16211360692977905
gemma_270m_base,official_language:13,official_language,qa,13,17772.001953125,28.540109634399414,0.12325316667556763
gemma_270m_base,official_language:13,official_language,qa,14,22503.67578125,47.51941680908203,0.12832164764404297
gemma_270m_base,official_language:13,official_language,qa,15,25381.357421875,33.36375427246094,0.10243359208106995
gemma_270m_base,official_language:13,official_language,qa,16,34094.703125,35.120723724365234,0.09183971583843231
gemma_270m_base,official_language:13,official_language,qa,17,106.51532745361328,12.691998481750488,0.11638810485601425
gemma_270m_base,official_language:13,official_language,chat_template,0,113.68086242675781,175.1068878173828,0.22768083214759827
gemma_270m_base,official_language:13,official_language,chat_template,1,799.7890625,113.73641204833984,0.21691656112670898
gemma_270m_base,official_language:13,official_language,chat_template,2,1084.7515869140625,20.618614196777344,0.17407149076461792
gemma_270m_base,official_language:13,official_language,chat_template,3,1845.930908203125,15.338196754455566,0.23232752084732056
gemma_270m_base,official_language:13,official_language,chat_template,4,2395.0,9.911194801330566,0.19401542842388153
gemma_270m_base,official_language:13,official_language,chat_template,5,3375.445556640625,17.495988845825195,0.15308786928653717
gemma_270m_base,official_language:13,official_language,chat_template,6,3617.98486328125,6.1459641456604,0.15902672708034515
gemma_270m_base,official_language:13,official_language,chat_template,7,5202.4306640625,15.773317337036133,0.17494910955429077
gemma_270m_base,official_language:13,official_language,chat_template,8,5350.62646484375,20.556333541870117,0.21369299292564392
gemma_270m_base,official_language:13,official_language,chat_template,9,6123.03369140625,12.411444664001465,0.15370404720306396
gemma_270m_base,official_language:13,official_language,chat_template,10,10468.84765625,26.0789737701416,0.20585697889328003
gemma_270m_base,official_language:13,official_language,chat_template,11,10923.6337890625,4.108248710632324,0.21856814622879028
gemma_270m_base,official_language:13,official_language,chat_template,12,14139.8662109375,24.84461212158203,0.16788432002067566
gemma_270m_base,official_language:13,official_language,chat_template,13,18469.94140625,31.40565299987793,0.13110291957855225
gemma_270m_base,official_language:13,official_language,chat_template,14,22138.1328125,43.098976135253906,0.14151351153850555
gemma_270m_base,official_language:13,official_language,chat_template,15,24735.908203125,30.751697540283203,0.1098291426897049
gemma_270m_base,official_language:13,official_language,chat_template,16,34501.28125,39.84600830078125,0.09565629065036774
gemma_270m_base,official_language:13,official_language,chat_template,17,90.70037078857422,11.976116180419922,0.12435412406921387
gemma_270m_base,official_language:14,official_language,raw_question,0,147.16998291015625,188.86929321289062,0.21506895124912262
gemma_270m_base,official_language:14,official_language,raw_question,1,1095.8876953125,98.9646987915039,0.18919536471366882
gemma_270m_base,official_language:14,official_language,raw_question,2,1246.04052734375,17.008878707885742,0.1642998456954956
gemma_270m_base,official_language:14,official_language,raw_question,3,1966.9461669921875,13.481431007385254,0.22576573491096497
gemma_270m_base,official_language:14,official_language,raw_question,4,2255.8193359375,9.3410062789917,0.18128874897956848
gemma_270m_base,official_language:14,official_language,raw_question,5,2844.58544921875,18.24980354309082,0.1520652174949646
gemma_270m_base,official_language:14,official_language,raw_question,6,3671.5234375,7.757889270782471,0.1635601818561554
gemma_270m_base,official_language:14,official_language,raw_question,7,5313.8359375,16.411985397338867,0.17809757590293884
gemma_270m_base,official_language:14,official_language,raw_question,8,5544.9345703125,20.39154624938965,0.18063104152679443
gemma_270m_base,official_language:14,official_language,raw_question,9,6258.1484375,13.772078514099121,0.1566312611103058
gemma_270m_base,official_language:14,official_language,raw_question,10,11846.078125,28.5506649017334,0.21146318316459656
gemma_270m_base,official_language:14,official_language,raw_question,11,11887.5849609375,4.585107803344727,0.19108891487121582
gemma_270m_base,official_language:14,official_language,raw_question,12,15271.6435546875,23.646516799926758,0.14585310220718384
gemma_270m_base,official_language:14,official_language,raw_question,13,19229.251953125,30.854074478149414,0.11255741119384766
gemma_270m_base,official_language:14,official_language,raw_question,14,21381.626953125,47.547340393066406,0.12248693406581879
gemma_270m_base,official_language:14,official_language,raw_question,15,23344.951171875,31.754201889038086,0.10764728486537933
gemma_270m_base,official_language:14,official_language,raw_question,16,31237.033203125,43.199859619140625,0.10045625269412994
gemma_270m_base,official_language:14,official_language,raw_question,17,91.80575561523438,13.156927108764648,0.13144835829734802
gemma_270m_base,official_language:14,official_language,declarative,0,130.846923828125,162.80323791503906,0.19154459238052368
gemma_270m_base,official_language:14,official_language,declarative,1,915.2907104492188,95.643310546875,0.21447712182998657
gemma_270m_base,official_language:14,official_language,declarative,2,1225.0172119140625,19.156177520751953,0.18418750166893005
gemma_270m_base,official_language:14,official_language,declarative,3,1816.1690673828125,11.859611511230469,0.22046880424022675
gemma_270m_base,official_language:14,official_language,declarative,4,2544.607177734375,9.557801246643066,0.18804611265659332
gemma_270m_base,official_language:14,official_language,declarative,5,2896.381103515625,18.13555145263672,0.153580904006958
gemma_270m_base,official_language:14,official_language,declarative,6,3576.84326171875,8.769634246826172,0.15904980897903442
gemma_270m_base,official_language:14,official_language,declarative,7,5835.10595703125,21.544282913208008,0.18072444200515747
gemma_270m_base,official_language:14,official_language,declarative,8,5768.6884765625,18.3990421295166,0.17635422945022583
gemma_270m_base,official_language:14,official_language,declarative,9,6744.125,15.768813133239746,0.14242538809776306
gemma_270m_base,official_language:14,official_language,declarative,10,9718.642578125,28.91023063659668,0.18150658905506134
gemma_270m_base,official_language:14,official_language,declarative,11,11688.8115234375,4.778761386871338,0.20260515809059143
gemma_270m_base,official_language:14,official_language,declarative,12,14781.064453125,29.725629806518555,0.14926522970199585
gemma_270m_base,official_language:14,official_language,declarative,13,20051.587890625,31.041046142578125,0.11717788875102997
gemma_270m_base,official_language:14,official_language,declarative,14,24693.15625,50.82783126831055,0.11368877440690994
gemma_270m_base,official_language:14,official_language,declarative,15,27243.716796875,33.445220947265625,0.09035387635231018
gemma_270m_base,official_language:14,official_language,declarative,16,34928.32421875,41.38825225830078,0.08151595294475555
gemma_270m_base,official_language:14,official_language,declarative,17,105.59563446044922,11.384140968322754,0.10375302284955978
gemma_270m_base,official_language:14,official_language,qa,0,112.01708221435547,142.15127563476562,0.24443256855010986
gemma_270m_base,official_language:14,official_language,qa,1,835.5462036132812,158.63296508789062,0.23777899146080017
gemma_270m_base,official_language:14,official_language,qa,2,1000.6939086914062,22.99584197998047,0.19239798188209534
gemma_270m_base,official_language:14,official_language,qa,3,2279.19580078125,14.388401985168457,0.23711824417114258
gemma_270m_base,official_language:14,official_language,qa,4,1662.611572265625,12.533570289611816,0.195095956325531
gemma_270m_base,official_language:14,official_language,qa,5,3190.718994140625,17.338214874267578,0.1508863866329193
gemma_270m_base,official_language:14,official_language,qa,6,3330.922607421875,7.930512428283691,0.147709459066391
gemma_270m_base,official_language:14,official_language,qa,7,5149.927734375,17.332143783569336,0.165554940700531
gemma_270m_base,official_language:14,official_language,qa,8,5110.22705078125,21.053329467773438,0.19517657160758972
gemma_270m_base,official_language:14,official_language,qa,9,5683.34423828125,17.586933135986328,0.15350723266601562
gemma_270m_base,official_language:14,official_language,qa,10,9987.720703125,30.864458084106445,0.21244819462299347
gemma_270m_base,official_language:14,official_language,qa,11,11167.4189453125,5.246972560882568,0.2122724950313568
gemma_270m_base,official_language:14,official_language,qa,12,14144.693359375,28.287494659423828,0.1560904085636139
gemma_270m_base,official_language:14,official_language,qa,13,18409.00390625,27.98569679260254,0.12071192264556885
gemma_270m_base,official_language:14,official_language,qa,14,22909.34375,44.475547790527344,0.12562870979309082
gemma_270m_base,official_language:14,official_language,qa,15,25872.76953125,31.08847999572754,0.0970560610294342
gemma_270m_base,official_language:14,official_language,qa,16,35008.42578125,34.048683166503906,0.08951765298843384
gemma_270m_base,official_language:14,official_language,qa,17,98.68048858642578,10.548826217651367,0.11191999912261963
gemma_270m_base,official_language:14,official_language,chat_template,0,111.71525573730469,173.12200927734375,0.22966820001602173
gemma_270m_base,official_language:14,official_language,chat_template,1,794.0045776367188,110.16901397705078,0.2112330198287964
gemma_270m_base,official_language:14,official_language,chat_template,2,1066.5657958984375,20.049480438232422,0.17384079098701477
gemma_270m_base,official_language:14,official_language,chat_template,3,1840.7269287109375,15.255860328674316,0.23420995473861694
gemma_270m_base,official_language:14,official_language,chat_template,4,2351.14501953125,9.760422706604004,0.19380566477775574
gemma_270m_base,official_language:14,official_language,chat_template,5,3342.2490234375,17.447996139526367,0.15383867919445038
gemma_270m_base,official_language:14,official_language,chat_template,6,3564.7783203125,6.040273189544678,0.1587660312652588
gemma_270m_base,official_language:14,official_language,chat_template,7,5201.9052734375,15.672165870666504,0.1737520396709442
gemma_270m_base,official_language:14,official_language,chat_template,8,5292.65185546875,20.1771240234375,0.21619245409965515
gemma_270m_base,official_language:14,official_language,chat_template,9,6101.8798828125,12.369634628295898,0.15569031238555908
gemma_270m_base,official_language:14,official_language,chat_template,10,10348.4912109375,26.189748764038086,0.21097002923488617
gemma_270m_base,official_language:14,official_language,chat_template,11,10869.9423828125,4.02663516998291,0.22121305763721466
gemma_270m_base,official_language:14,official_language,chat_template,12,14332.4931640625,22.654781341552734,0.16511385142803192
gemma_270m_base,official_language:14,official_language,chat_template,13,18647.4453125,30.563703536987305,0.13052964210510254
gemma_270m_base,official_language:14,official_language,chat_template,14,21793.29296875,41.030216217041016,0.14148008823394775
gemma_270m_base,official_language:14,official_language,chat_template,15,24614.34765625,30.535737991333008,0.11003601551055908
gemma_270m_base,official_language:14,official_language,chat_template,16,34703.69140625,39.13844299316406,0.09554377943277359
gemma_270m_base,official_language:14,official_language,chat_template,17,92.41997528076172,10.968812942504883,0.12357225269079208
gemma_270m_base,official_language:15,official_language,raw_question,0,147.0451202392578,188.87420654296875,0.21382169425487518
gemma_270m_base,official_language:15,official_language,raw_question,1,1095.5531005859375,99.98407745361328,0.18909704685211182
gemma_270m_base,official_language:15,official_language,raw_question,2,1283.5758056640625,16.769439697265625,0.1662674844264984
gemma_270m_base,official_language:15,official_language,raw_question,3,1967.6024169921875,13.358095169067383,0.2229122817516327
gemma_270m_base,official_language:15,official_language,raw_question,4,2210.529296875,9.033713340759277,0.18146231770515442
gemma_270m_base,official_language:15,official_language,raw_question,5,2842.18310546875,18.25433921813965,0.15252545475959778
gemma_270m_base,official_language:15,official_language,raw_question,6,3808.03173828125,7.52841854095459,0.16334545612335205
gemma_270m_base,official_language:15,official_language,raw_question,7,5549.064453125,16.127779006958008,0.17895254492759705
gemma_270m_base,official_language:15,official_language,raw_question,8,5685.9765625,20.52448081970215,0.178980752825737
gemma_270m_base,official_language:15,official_language,raw_question,9,6427.4765625,13.050307273864746,0.15744397044181824
gemma_270m_base,official_language:15,official_language,raw_question,10,12037.42578125,28.352880477905273,0.21091420948505402
gemma_270m_base,official_language:15,official_language,raw_question,11,12156.2578125,4.6241135597229,0.1926576793193817
gemma_270m_base,official_language:15,official_language,raw_question,12,16304.1201171875,24.582902908325195,0.15058928728103638
gemma_270m_base,official_language:15,official_language,raw_question,13,19583.45703125,29.833181381225586,0.11550052464008331
gemma_270m_base,official_language:15,official_language,raw_question,14,21994.181640625,48.58174514770508,0.12454784661531448
gemma_270m_base,official_language:15,official_language,raw_question,15,23998.537109375,32.92443084716797,0.10907013714313507
gemma_270m_base,official_language:15,official_language,raw_question,16,33158.0703125,44.57488250732422,0.10117889940738678
gemma_270m_base,official_language:15,official_language,raw_question,17,91.50785064697266,13.324883460998535,0.12735863029956818
gemma_270m_base,official_language:15,official_language,declarative,0,130.171875,156.07630920410156,0.19058802723884583
gemma_270m_base,official_language:15,official_language,declarative,1,909.4241943359375,102.86917114257812,0.21839572489261627
gemma_270m_base,official_language:15,official_language,declarative,2,1217.8671875,18.522010803222656,0.18618100881576538
gemma_270m_base,official_language:15,official_language,declarative,3,1806.425537109375,11.959342956542969,0.2219342291355133
gemma_270m_base,official_language:15,official_language,declarative,4,2499.646484375,9.036713600158691,0.1870010793209076
gemma_270m_base,official_language:15,official_language,declarative,5,2887.1650390625,17.97907066345215,0.1524132788181305
gemma_270m_base,official_language:15,official_language,declarative,6,3681.785888671875,8.575617790222168,0.16194798052310944
gemma_270m_base,official_language:15,official_language,declarative,7,6019.9794921875,20.235939025878906,0.18539933860301971
gemma_270m_base,official_language:15,official_language,declarative,8,6005.0419921875,18.16094207763672,0.17224276065826416
gemma_270m_base,official_language:15,official_language,declarative,9,6807.80517578125,14.789752960205078,0.14115095138549805
gemma_270m_base,official_language:15,official_language,declarative,10,9726.3134765625,29.577259063720703,0.18433153629302979
gemma_270m_base,official_language:15,official_language,declarative,11,11427.0146484375,4.677837371826172,0.199946790933609
gemma_270m_base,official_language:15,official_language,declarative,12,15341.138671875,32.4328727722168,0.15469768643379211
gemma_270m_base,official_language:15,official_language,declarative,13,19978.41796875,28.968278884887695,0.11620168387889862
gemma_270m_base,official_language:15,official_language,declarative,14,24769.28515625,51.971351623535156,0.11415135860443115
gemma_270m_base,official_language:15,official_language,declarative,15,27194.158203125,36.12514114379883,0.08925580978393555
gemma_270m_base,official_language:15,official_language,declarative,16,34748.9609375,41.973052978515625,0.08196721971035004
gemma_270m_base,official_language:15,official_language,declarative,17,108.48905944824219,13.79617691040039,0.10489746183156967
gemma_270m_base,official_language:15,official_language,qa,0,112.16497039794922,140.55613708496094,0.24384206533432007
gemma_270m_base,official_language:15,official_language,qa,1,822.4967651367188,160.19090270996094,0.23471374809741974
gemma_270m_base,official_language:15,official_language,qa,2,1000.9904174804688,22.503328323364258,0.1909756362438202
gemma_270m_base,official_language:15,official_language,qa,3,2278.26904296875,14.343860626220703,0.23732730746269226
gemma_270m_base,official_language:15,official_language,qa,4,1722.6700439453125,12.285253524780273,0.19375434517860413
gemma_270m_base,official_language:15,official_language,qa,5,3235.86669921875,17.321870803833008,0.15057039260864258
gemma_270m_base,official_language:15,official_language,qa,6,3391.480224609375,7.937874794006348,0.14691084623336792
gemma_270m_base,official_language:15,official_language,qa,7,5247.166015625,16.850589752197266,0.16649745404720306
gemma_270m_base,official_language:15,official_language,qa,8,5197.57421875,20.58514976501465,0.192209854722023
gemma_270m_base,official_language:15,official_language,qa,9,5661.23876953125,16.758529663085938,0.15504670143127441
gemma_270m_base,official_language:15,official_language,qa,10,9925.1796875,30.882034301757812,0.2100885510444641
gemma_270m_base,official_language:15,official_language,qa,11,10616.0205078125,5.390972137451172,0.21341851353645325
gemma_270m_base,official_language:15,official_language,qa,12,14525.3056640625,30.9787540435791,0.1639518439769745
gemma_270m_base,official_language:15,official_language,qa,13,18519.408203125,28.669832229614258,0.12306675314903259
gemma_270m_base,official_language:15,official_language,qa,14,23001.33984375,46.694034576416016,0.12641900777816772
gemma_270m_base,official_language:15,official_language,qa,15,26297.841796875,35.447635650634766,0.09782907366752625
gemma_270m_base,official_language:15,official_language,qa,16,36357.9609375,34.52408218383789,0.09163650870323181
gemma_270m_base,official_language:15,official_language,qa,17,98.45431518554688,13.635452270507812,0.11121523380279541
gemma_270m_base,official_language:15,official_language,chat_template,0,112.43251037597656,172.42074584960938,0.22983944416046143
gemma_270m_base,official_language:15,official_language,chat_template,1,789.766357421875,111.6977767944336,0.20980361104011536
gemma_270m_base,official_language:15,official_language,chat_template,2,1077.1470947265625,20.447612762451172,0.17326806485652924
gemma_270m_base,official_language:15,official_language,chat_template,3,1870.7005615234375,15.073634147644043,0.23333008587360382
gemma_270m_base,official_language:15,official_language,chat_template,4,2379.40869140625,9.737548828125,0.1934489905834198
gemma_270m_base,official_language:15,official_language,chat_template,5,3399.783935546875,17.645429611206055,0.15332308411598206
gemma_270m_base,official_language:15,official_language,chat_template,6,3593.050048828125,6.017670631408691,0.1588503122329712
gemma_270m_base,official_language:15,official_language,chat_template,7,5261.056640625,16.16426658630371,0.17343378067016602
gemma_270m_base,official_language:15,official_language,chat_template,8,5396.02392578125,20.46097755432129,0.2144608497619629
gemma_270m_base,official_language:15,official_language,chat_template,9,6137.05029296875,12.095349311828613,0.1540795862674713
gemma_270m_base,official_language:15,official_language,chat_template,10,10461.91796875,25.349306106567383,0.2073008418083191
gemma_270m_base,official_language:15,official_language,chat_template,11,10848.8095703125,4.23318338394165,0.2206064760684967
gemma_270m_base,official_language:15,official_language,chat_template,12,15009.4423828125,22.844179153442383,0.16974598169326782
gemma_270m_base,official_language:15,official_language,chat_template,13,18756.20703125,30.708255767822266,0.1319754272699356
gemma_270m_base,official_language:15,official_language,chat_template,14,22198.037109375,42.518226623535156,0.14067187905311584
gemma_270m_base,official_language:15,official_language,chat_template,15,25410.306640625,30.723548889160156,0.11042310297489166
gemma_270m_base,official_language:15,official_language,chat_template,16,36059.265625,41.391056060791016,0.09707750380039215
gemma_270m_base,official_language:15,official_language,chat_template,17,90.77312469482422,12.268670082092285,0.12391166388988495
gemma_270m_base,official_language:16,official_language,raw_question,0,147.45376586914062,190.96556091308594,0.2120743691921234
gemma_270m_base,official_language:16,official_language,raw_question,1,1099.70654296875,95.47818756103516,0.19088198244571686
gemma_270m_base,official_language:16,official_language,raw_question,2,1261.322265625,17.06730842590332,0.1664814054965973
gemma_270m_base,official_language:16,official_language,raw_question,3,1933.580078125,13.419587135314941,0.22726671397686005
gemma_270m_base,official_language:16,official_language,raw_question,4,2143.00146484375,9.395039558410645,0.18243587017059326
gemma_270m_base,official_language:16,official_language,raw_question,5,2783.9697265625,18.167587280273438,0.15183770656585693
gemma_270m_base,official_language:16,official_language,raw_question,6,3749.374267578125,7.604377269744873,0.16385602951049805
gemma_270m_base,official_language:16,official_language,raw_question,7,5374.02197265625,16.33180809020996,0.17789983749389648
gemma_270m_base,official_language:16,official_language,raw_question,8,5547.00732421875,20.882585525512695,0.1802728921175003
gemma_270m_base,official_language:16,official_language,raw_question,9,6310.294921875,13.349096298217773,0.1557902693748474
gemma_270m_base,official_language:16,official_language,raw_question,10,11910.4443359375,28.288171768188477,0.21114623546600342
gemma_270m_base,official_language:16,official_language,raw_question,11,12073.388671875,4.582731246948242,0.19193211197853088
gemma_270m_base,official_language:16,official_language,raw_question,12,15774.138671875,25.07673454284668,0.1482987254858017
gemma_270m_base,official_language:16,official_language,raw_question,13,19564.103515625,29.106433868408203,0.11148229241371155
gemma_270m_base,official_language:16,official_language,raw_question,14,21989.65625,47.19013214111328,0.12128543853759766
gemma_270m_base,official_language:16,official_language,raw_question,15,23905.525390625,33.65494918823242,0.10375478863716125
gemma_270m_base,official_language:16,official_language,raw_question,16,32269.150390625,43.985107421875,0.09727630019187927
gemma_270m_base,official_language:16,official_language,raw_question,17,87.06159973144531,12.648723602294922,0.1259799599647522
gemma_270m_base,official_language:16,official_language,declarative,0,129.79025268554688,152.3659210205078,0.19317632913589478
gemma_270m_base,official_language:16,official_language,declarative,1,912.771484375,95.30138397216797,0.21396318078041077
gemma_270m_base,official_language:16,official_language,declarative,2,1218.3143310546875,19.1662654876709,0.18697592616081238
gemma_270m_base,official_language:16,official_language,declarative,3,1773.084228515625,11.716757774353027,0.2216452658176422
gemma_270m_base,official_language:16,official_language,declarative,4,2390.77099609375,9.384096145629883,0.18625937402248383
gemma_270m_base,official_language:16,official_language,declarative,5,2797.777587890625,17.896636962890625,0.1523163914680481
gemma_270m_base,official_language:16,official_language,declarative,6,3562.203125,8.512469291687012,0.16245687007904053
gemma_270m_base,official_language:16,official_language,declarative,7,5830.5732421875,19.791156768798828,0.18182522058486938
gemma_270m_base,official_language:16,official_language,declarative,8,5830.318359375,18.622819900512695,0.17821750044822693
gemma_270m_base,official_language:16,official_language,declarative,9,6779.966796875,15.188583374023438,0.1438916027545929
gemma_270m_base,official_language:16,official_language,declarative,10,9847.6162109375,30.106307983398438,0.18614551424980164
gemma_270m_base,official_language:16,official_language,declarative,11,11674.3916015625,4.767171859741211,0.20020067691802979
gemma_270m_base,official_language:16,official_language,declarative,12,15088.00390625,32.348018646240234,0.15126532316207886
gemma_270m_base,official_language:16,official_language,declarative,13,19956.216796875,29.44675636291504,0.11360577493906021
gemma_270m_base,official_language:16,official_language,declarative,14,24349.322265625,50.959022521972656,0.11205191910266876
gemma_270m_base,official_language:16,official_language,declarative,15,27379.19140625,36.124385833740234,0.09036761522293091
gemma_270m_base,official_language:16,official_language,declarative,16,34448.6875,42.01216125488281,0.07955482602119446
gemma_270m_base,official_language:16,official_language,declarative,17,105.58316040039062,12.668607711791992,0.10259629040956497
gemma_270m_base,official_language:16,official_language,qa,0,111.14056396484375,142.38504028320312,0.23841001093387604
gemma_270m_base,official_language:16,official_language,qa,1,836.50244140625,156.9639434814453,0.23612260818481445
gemma_270m_base,official_language:16,official_language,qa,2,1007.7764282226562,22.65996551513672,0.19079473614692688
gemma_270m_base,official_language:16,official_language,qa,3,2262.71044921875,14.491483688354492,0.23777112364768982
gemma_270m_base,official_language:16,official_language,qa,4,1702.09228515625,12.443793296813965,0.1944337636232376
gemma_270m_base,official_language:16,official_language,qa,5,3223.6103515625,17.306943893432617,0.15113258361816406
gemma_270m_base,official_language:16,official_language,qa,6,3422.787841796875,7.638303756713867,0.14728230237960815
gemma_270m_base,official_language:16,official_language,qa,7,5246.7900390625,17.180877685546875,0.16515493392944336
gemma_270m_base,official_language:16,official_language,qa,8,5180.212890625,20.733280181884766,0.19297251105308533
gemma_270m_base,official_language:16,official_language,qa,9,5675.1787109375,16.697153091430664,0.15217112004756927
gemma_270m_base,official_language:16,official_language,qa,10,9991.841796875,31.027080535888672,0.2109830677509308
gemma_270m_base,official_language:16,official_language,qa,11,10879.5166015625,5.254574298858643,0.21217873692512512
gemma_270m_base,official_language:16,official_language,qa,12,14661.69921875,30.909921646118164,0.160348579287529
gemma_270m_base,official_language:16,official_language,qa,13,18912.42578125,28.642597198486328,0.11934788525104523
gemma_270m_base,official_language:16,official_language,qa,14,23443.435546875,45.49457550048828,0.12438700348138809
gemma_270m_base,official_language:16,official_language,qa,15,26464.560546875,33.473880767822266,0.0965651422739029
gemma_270m_base,official_language:16,official_language,qa,16,35984.03125,33.84868621826172,0.08966749161481857
gemma_270m_base,official_language:16,official_language,qa,17,92.65734100341797,12.253962516784668,0.11028866469860077
gemma_270m_base,official_language:16,official_language,chat_template,0,112.08914184570312,172.9769287109375,0.22716695070266724
gemma_270m_base,official_language:16,official_language,chat_template,1,793.075439453125,109.53446960449219,0.2110588550567627
gemma_270m_base,official_language:16,official_language,chat_template,2,1073.218994140625,20.17538070678711,0.17441421747207642
gemma_270m_base,official_language:16,official_language,chat_template,3,1855.6015625,15.149338722229004,0.2348434031009674
gemma_270m_base,official_language:16,official_language,chat_template,4,2395.23876953125,9.800446510314941,0.19476482272148132
gemma_270m_base,official_language:16,official_language,chat_template,5,3338.252197265625,17.543127059936523,0.15250858664512634
gemma_270m_base,official_language:16,official_language,chat_template,6,3573.89404296875,5.983606815338135,0.1589076966047287
gemma_270m_base,official_language:16,official_language,chat_template,7,5138.50830078125,16.038394927978516,0.17177563905715942
gemma_270m_base,official_language:16,official_language,chat_template,8,5282.42578125,20.29033851623535,0.21335378289222717
gemma_270m_base,official_language:16,official_language,chat_template,9,6119.47021484375,12.510268211364746,0.15322384238243103
gemma_270m_base,official_language:16,official_language,chat_template,10,10402.5986328125,26.07331085205078,0.20595212280750275
gemma_270m_base,official_language:16,official_language,chat_template,11,10876.9091796875,4.119020938873291,0.21841716766357422
gemma_270m_base,official_language:16,official_language,chat_template,12,14887.806640625,23.133935928344727,0.16634947061538696
gemma_270m_base,official_language:16,official_language,chat_template,13,18990.845703125,29.94839096069336,0.12888529896736145
gemma_270m_base,official_language:16,official_language,chat_template,14,22526.732421875,40.78252410888672,0.13910607993602753
gemma_270m_base,official_language:16,official_language,chat_template,15,25450.251953125,31.55192756652832,0.10702519118785858
gemma_270m_base,official_language:16,official_language,chat_template,16,35771.03515625,39.862552642822266,0.09386320412158966
gemma_270m_base,official_language:16,official_language,chat_template,17,88.57905578613281,11.367730140686035,0.12133429944515228
gemma_270m_base,official_language:17,official_language,raw_question,0,146.46038818359375,191.28033447265625,0.2153322845697403
gemma_270m_base,official_language:17,official_language,raw_question,1,1091.5489501953125,101.08029174804688,0.18895450234413147
gemma_270m_base,official_language:17,official_language,raw_question,2,1237.95751953125,16.82861328125,0.1658279448747635
gemma_270m_base,official_language:17,official_language,raw_question,3,1945.5482177734375,13.464815139770508,0.2257162183523178
gemma_270m_base,official_language:17,official_language,raw_question,4,2209.728271484375,9.13096809387207,0.18157333135604858
gemma_270m_base,official_language:17,official_language,raw_question,5,2800.60107421875,18.48341178894043,0.1509867161512375
gemma_270m_base,official_language:17,official_language,raw_question,6,3661.702392578125,7.75734281539917,0.1633235514163971
gemma_270m_base,official_language:17,official_language,raw_question,7,5301.83154296875,16.329833984375,0.17812438309192657
gemma_270m_base,official_language:17,official_language,raw_question,8,5533.5,20.187564849853516,0.18190646171569824
gemma_270m_base,official_language:17,official_language,raw_question,9,6250.18603515625,13.85263442993164,0.15842148661613464
gemma_270m_base,official_language:17,official_language,raw_question,10,11847.400390625,28.622940063476562,0.21195060014724731
gemma_270m_base,official_language:17,official_language,raw_question,11,11891.9873046875,4.674279689788818,0.19094005227088928
gemma_270m_base,official_language:17,official_language,raw_question,12,15499.978515625,22.205921173095703,0.14485293626785278
gemma_270m_base,official_language:17,official_language,raw_question,13,19231.732421875,29.49650001525879,0.11175686120986938
gemma_270m_base,official_language:17,official_language,raw_question,14,21463.3125,46.61094284057617,0.1237979382276535
gemma_270m_base,official_language:17,official_language,raw_question,15,23714.306640625,32.794803619384766,0.10834125429391861
gemma_270m_base,official_language:17,official_language,raw_question,16,31508.880859375,42.85786437988281,0.1012309193611145
gemma_270m_base,official_language:17,official_language,raw_question,17,93.83087921142578,14.96469783782959,0.12995292246341705
gemma_270m_base,official_language:17,official_language,declarative,0,132.0362091064453,163.3675079345703,0.18735161423683167
gemma_270m_base,official_language:17,official_language,declarative,1,916.1096801757812,100.25949096679688,0.21309734880924225
gemma_270m_base,official_language:17,official_language,declarative,2,1203.7022705078125,18.57904052734375,0.18396010994911194
gemma_270m_base,official_language:17,official_language,declarative,3,1832.35546875,12.110209465026855,0.2228752076625824
gemma_270m_base,official_language:17,official_language,declarative,4,2514.434814453125,9.260201454162598,0.18588107824325562
gemma_270m_base,official_language:17,official_language,declarative,5,2857.7890625,18.048662185668945,0.15234769880771637
gemma_270m_base,official_language:17,official_language,declarative,6,3559.64794921875,8.621864318847656,0.15991142392158508
gemma_270m_base,official_language:17,official_language,declarative,7,5896.21923828125,20.90995979309082,0.17994722723960876
gemma_270m_base,official_language:17,official_language,declarative,8,5747.7744140625,18.23994255065918,0.17713159322738647
gemma_270m_base,official_language:17,official_language,declarative,9,6659.63037109375,15.776108741760254,0.14289654791355133
gemma_270m_base,official_language:17,official_language,declarative,10,9669.9873046875,30.145244598388672,0.1871105432510376
gemma_270m_base,official_language:17,official_language,declarative,11,11444.5556640625,4.669986248016357,0.2008536458015442
gemma_270m_base,official_language:17,official_language,declarative,12,15065.560546875,28.383493423461914,0.14763109385967255
gemma_270m_base,official_language:17,official_language,declarative,13,19529.958984375,29.4058837890625,0.11441096663475037
gemma_270m_base,official_language:17,official_language,declarative,14,24238.865234375,50.8271484375,0.11478075385093689
gemma_270m_base,official_language:17,official_language,declarative,15,26862.1015625,35.26365280151367,0.09084941446781158
gemma_270m_base,official_language:17,official_language,declarative,16,34700.3515625,39.21261215209961,0.08252241462469101
gemma_270m_base,official_language:17,official_language,declarative,17,107.67576599121094,12.823763847351074,0.1031767725944519
gemma_270m_base,official_language:17,official_language,qa,0,112.02191925048828,142.2137451171875,0.2445560097694397
gemma_270m_base,official_language:17,official_language,qa,1,832.8944702148438,157.57957458496094,0.23662474751472473
gemma_270m_base,official_language:17,official_language,qa,2,993.9107666015625,23.021652221679688,0.19174174964427948
gemma_270m_base,official_language:17,official_language,qa,3,2281.93798828125,14.39627742767334,0.2384124994277954
gemma_270m_base,official_language:17,official_language,qa,4,1664.89990234375,12.462799072265625,0.1944931447505951
gemma_270m_base,official_language:17,official_language,qa,5,3190.579345703125,17.390125274658203,0.15147171914577484
gemma_270m_base,official_language:17,official_language,qa,6,3364.86669921875,7.9579315185546875,0.14724880456924438
gemma_270m_base,official_language:17,official_language,qa,7,5188.07958984375,17.131118774414062,0.16595372557640076
gemma_270m_base,official_language:17,official_language,qa,8,5117.9453125,21.14419937133789,0.19587919116020203
gemma_270m_base,official_language:17,official_language,qa,9,5712.51708984375,17.63469886779785,0.15367060899734497
gemma_270m_base,official_language:17,official_language,qa,10,10051.5927734375,30.88733673095703,0.21182021498680115
gemma_270m_base,official_language:17,official_language,qa,11,11000.7705078125,5.230289459228516,0.2138344943523407
gemma_270m_base,official_language:17,official_language,qa,12,14371.0703125,27.19980812072754,0.1565674990415573
gemma_270m_base,official_language:17,official_language,qa,13,18239.51953125,26.259254455566406,0.11990653723478317
gemma_270m_base,official_language:17,official_language,qa,14,22559.8046875,45.16056442260742,0.12826834619045258
gemma_270m_base,official_language:17,official_language,qa,15,25799.259765625,33.18061065673828,0.09935980290174484
gemma_270m_base,official_language:17,official_language,qa,16,34791.81640625,33.831424713134766,0.09127750247716904
gemma_270m_base,official_language:17,official_language,qa,17,99.54019927978516,12.486496925354004,0.11216966807842255
gemma_270m_base,official_language:17,official_language,chat_template,0,111.99437713623047,173.5089569091797,0.2293740212917328
gemma_270m_base,official_language:17,official_language,chat_template,1,790.6936645507812,108.790771484375,0.21032525599002838
gemma_270m_base,official_language:17,official_language,chat_template,2,1066.3377685546875,20.022480010986328,0.17470598220825195
gemma_270m_base,official_language:17,official_language,chat_template,3,1841.14892578125,15.28592586517334,0.23572687804698944
gemma_270m_base,official_language:17,official_language,chat_template,4,2366.482666015625,9.75846004486084,0.19329248368740082
gemma_270m_base,official_language:17,official_language,chat_template,5,3318.669677734375,17.546512603759766,0.1535561978816986
gemma_270m_base,official_language:17,official_language,chat_template,6,3543.364013671875,5.983535289764404,0.15834075212478638
gemma_270m_base,official_language:17,official_language,chat_template,7,5173.87646484375,15.844969749450684,0.17199833691120148
gemma_270m_base,official_language:17,official_language,chat_template,8,5262.931640625,20.741817474365234,0.21422576904296875
gemma_270m_base,official_language:17,official_language,chat_template,9,6069.56884765625,12.70814037322998,0.15473772585391998
gemma_270m_base,official_language:17,official_language,chat_template,10,10347.3134765625,26.216163635253906,0.20887276530265808
gemma_270m_base,official_language:17,official_language,chat_template,11,10876.548828125,4.0805277824401855,0.22054827213287354
gemma_270m_base,official_language:17,official_language,chat_template,12,14491.3310546875,21.61103630065918,0.16455486416816711
gemma_270m_base,official_language:17,official_language,chat_template,13,18582.97265625,29.8309268951416,0.13089913129806519
gemma_270m_base,official_language:17,official_language,chat_template,14,21719.791015625,41.699623107910156,0.14280077815055847
gemma_270m_base,official_language:17,official_language,chat_template,15,24583.462890625,31.614330291748047,0.11254500597715378
gemma_270m_base,official_language:17,official_language,chat_template,16,34747.05859375,38.91476058959961,0.09695612639188766
gemma_270m_base,official_language:17,official_language,chat_template,17,96.16754913330078,11.605762481689453,0.12246616184711456
gemma_270m_base,currency:0,currency,raw_question,0,149.185791015625,196.88536071777344,0.21872153878211975
gemma_270m_base,currency:0,currency,raw_question,1,1096.35107421875,96.80076599121094,0.19129806756973267
gemma_270m_base,currency:0,currency,raw_question,2,1307.0362548828125,16.318832397460938,0.16533227264881134
gemma_270m_base,currency:0,currency,raw_question,3,1924.141845703125,13.34880542755127,0.223793625831604
gemma_270m_base,currency:0,currency,raw_question,4,2227.909912109375,9.243212699890137,0.1810179352760315
gemma_270m_base,currency:0,currency,raw_question,5,2791.39599609375,18.169511795043945,0.1478394865989685
gemma_270m_base,currency:0,currency,raw_question,6,3656.695068359375,7.472188949584961,0.16353127360343933
gemma_270m_base,currency:0,currency,raw_question,7,5500.84814453125,17.778167724609375,0.17868806421756744
gemma_270m_base,currency:0,currency,raw_question,8,6083.93310546875,19.684160232543945,0.17951950430870056
gemma_270m_base,currency:0,currency,raw_question,9,6313.31201171875,14.19778823852539,0.14784465730190277
gemma_270m_base,currency:0,currency,raw_question,10,11860.5224609375,29.764062881469727,0.20041662454605103
gemma_270m_base,currency:0,currency,raw_question,11,12015.0810546875,4.471349716186523,0.18841025233268738
gemma_270m_base,currency:0,currency,raw_question,12,15668.5771484375,26.750534057617188,0.14599555730819702
gemma_270m_base,currency:0,currency,raw_question,13,19528.853515625,30.165830612182617,0.10791698098182678
gemma_270m_base,currency:0,currency,raw_question,14,21577.6953125,49.94236755371094,0.11600872874259949
gemma_270m_base,currency:0,currency,raw_question,15,23265.140625,32.8948974609375,0.10299511253833771
gemma_270m_base,currency:0,currency,raw_question,16,31067.2578125,43.58788299560547,0.09829418361186981
gemma_270m_base,currency:0,currency,raw_question,17,88.1048583984375,14.453518867492676,0.12860825657844543
gemma_270m_base,currency:0,currency,declarative,0,126.99852752685547,161.27542114257812,0.1936870664358139
gemma_270m_base,currency:0,currency,declarative,1,919.181884765625,101.11872863769531,0.2186099886894226
gemma_270m_base,currency:0,currency,declarative,2,1224.4268798828125,19.844619750976562,0.18976612389087677
gemma_270m_base,currency:0,currency,declarative,3,1681.3006591796875,12.32910442352295,0.23150324821472168
gemma_270m_base,currency:0,currency,declarative,4,2640.185546875,9.493830680847168,0.18976561725139618
gemma_270m_base,currency:0,currency,declarative,5,3057.753173828125,18.145919799804688,0.1493878960609436
gemma_270m_base,currency:0,currency,declarative,6,3431.593505859375,8.04686164855957,0.16161760687828064
gemma_270m_base,currency:0,currency,declarative,7,6135.3466796875,19.435632705688477,0.1896621584892273
gemma_270m_base,currency:0,currency,declarative,8,6379.1142578125,17.601858139038086,0.17413736879825592
gemma_270m_base,currency:0,currency,declarative,9,7014.1474609375,14.722394943237305,0.13787372410297394
gemma_270m_base,currency:0,currency,declarative,10,10162.16796875,30.88125228881836,0.17309650778770447
gemma_270m_base,currency:0,currency,declarative,11,12175.0869140625,4.595762729644775,0.20259293913841248
gemma_270m_base,currency:0,currency,declarative,12,15983.875,36.90696716308594,0.15138229727745056
gemma_270m_base,currency:0,currency,declarative,13,20917.125,27.839712142944336,0.11879532784223557
gemma_270m_base,currency:0,currency,declarative,14,26506.3359375,52.554019927978516,0.1163085326552391
gemma_270m_base,currency:0,currency,declarative,15,28491.80078125,35.926639556884766,0.09027078747749329
gemma_270m_base,currency:0,currency,declarative,16,35780.7734375,40.32986068725586,0.08768229931592941
gemma_270m_base,currency:0,currency,declarative,17,111.66384887695312,15.23159122467041,0.10995753109455109
gemma_270m_base,currency:0,currency,qa,0,113.59910583496094,139.47532653808594,0.2517157793045044
gemma_270m_base,currency:0,currency,qa,1,843.8135986328125,153.33384704589844,0.23796363174915314
gemma_270m_base,currency:0,currency,qa,2,994.04833984375,23.895326614379883,0.19182488322257996
gemma_270m_base,currency:0,currency,qa,3,2298.0009765625,14.47819995880127,0.23674005270004272
gemma_270m_base,currency:0,currency,qa,4,1619.4873046875,13.139196395874023,0.1948021948337555
gemma_270m_base,currency:0,currency,qa,5,3234.640869140625,17.20087432861328,0.1520255208015442
gemma_270m_base,currency:0,currency,qa,6,3467.435546875,7.766192436218262,0.14443734288215637
gemma_270m_base,currency:0,currency,qa,7,5118.47998046875,17.16817283630371,0.16013193130493164
gemma_270m_base,currency:0,currency,qa,8,5152.01416015625,22.476903915405273,0.188426673412323
gemma_270m_base,currency:0,currency,qa,9,5697.63671875,17.22830581665039,0.14428216218948364
gemma_270m_base,currency:0,currency,qa,10,10052.865234375,31.119354248046875,0.20358124375343323
gemma_270m_base,currency:0,currency,qa,11,10388.63671875,4.860405445098877,0.21009808778762817
gemma_270m_base,currency:0,currency,qa,12,14493.51171875,32.5174674987793,0.1627451479434967
gemma_270m_base,currency:0,currency,qa,13,18566.46484375,28.778278350830078,0.12075049430131912
gemma_270m_base,currency:0,currency,qa,14,23012.080078125,47.33325958251953,0.12386301159858704
gemma_270m_base,currency:0,currency,qa,15,25666.916015625,32.13544464111328,0.09621678292751312
gemma_270m_base,currency:0,currency,qa,16,35195.0703125,34.931724548339844,0.09105238318443298
gemma_270m_base,currency:0,currency,qa,17,95.36088562011719,12.218781471252441,0.11507285386323929
gemma_270m_base,currency:0,currency,chat_template,0,113.43161010742188,169.67250061035156,0.2358478307723999
gemma_270m_base,currency:0,currency,chat_template,1,800.1178588867188,104.91795349121094,0.21298295259475708
gemma_270m_base,currency:0,currency,chat_template,2,1080.2388916015625,19.886629104614258,0.17326197028160095
gemma_270m_base,currency:0,currency,chat_template,3,1847.596435546875,15.207398414611816,0.23509588837623596
gemma_270m_base,currency:0,currency,chat_template,4,2351.927734375,9.950545310974121,0.19283315539360046
gemma_270m_base,currency:0,currency,chat_template,5,3520.81201171875,17.700469970703125,0.15502029657363892
gemma_270m_base,currency:0,currency,chat_template,6,3757.7568359375,6.2957258224487305,0.1592009961605072
gemma_270m_base,currency:0,currency,chat_template,7,5295.10888671875,15.65866756439209,0.17108575999736786
gemma_270m_base,currency:0,currency,chat_template,8,5709.63134765625,20.225582122802734,0.2187797725200653
gemma_270m_base,currency:0,currency,chat_template,9,6534.0205078125,12.190160751342773,0.15411165356636047
gemma_270m_base,currency:0,currency,chat_template,10,11097.0810546875,27.231491088867188,0.20397290587425232
gemma_270m_base,currency:0,currency,chat_template,11,11281.0654296875,4.099096775054932,0.21402330696582794
gemma_270m_base,currency:0,currency,chat_template,12,15490.015625,25.717134475708008,0.1637357771396637
gemma_270m_base,currency:0,currency,chat_template,13,19504.2421875,30.59441375732422,0.12607671320438385
gemma_270m_base,currency:0,currency,chat_template,14,23517.572265625,44.13837814331055,0.1320173740386963
gemma_270m_base,currency:0,currency,chat_template,15,26378.416015625,32.977943420410156,0.09915898740291595
gemma_270m_base,currency:0,currency,chat_template,16,36627.3125,37.3087272644043,0.09003068506717682
gemma_270m_base,currency:0,currency,chat_template,17,91.63993072509766,13.07210922241211,0.11753446608781815
gemma_270m_base,currency:1,currency,raw_question,0,150.08094787597656,191.9636993408203,0.2220722883939743
gemma_270m_base,currency:1,currency,raw_question,1,1099.9542236328125,102.03162384033203,0.18861126899719238
gemma_270m_base,currency:1,currency,raw_question,2,1306.851806640625,16.439104080200195,0.16436313092708588
gemma_270m_base,currency:1,currency,raw_question,3,1941.9632568359375,13.176362037658691,0.22218388319015503
gemma_270m_base,currency:1,currency,raw_question,4,2243.715087890625,9.200970649719238,0.180341899394989
gemma_270m_base,currency:1,currency,raw_question,5,2774.156982421875,18.140493392944336,0.14702850580215454
gemma_270m_base,currency:1,currency,raw_question,6,3683.960693359375,7.4705352783203125,0.16484054923057556
gemma_270m_base,currency:1,currency,raw_question,7,5557.599609375,17.749841690063477,0.17948496341705322
gemma_270m_base,currency:1,currency,raw_question,8,5939.59912109375,19.787817001342773,0.1795872002840042
gemma_270m_base,currency:1,currency,raw_question,9,6306.3603515625,14.276766777038574,0.1497141420841217
gemma_270m_base,currency:1,currency,raw_question,10,11859.6474609375,29.982254028320312,0.20088204741477966
gemma_270m_base,currency:1,currency,raw_question,11,11976.6103515625,4.498676776885986,0.1878262758255005
gemma_270m_base,currency:1,currency,raw_question,12,16064.2490234375,27.27700424194336,0.14815974235534668
gemma_270m_base,currency:1,currency,raw_question,13,19713.759765625,30.53565216064453,0.11084429919719696
gemma_270m_base,currency:1,currency,raw_question,14,21860.01953125,50.265830993652344,0.11468563228845596
gemma_270m_base,currency:1,currency,raw_question,15,23429.814453125,33.037986755371094,0.10032656788825989
gemma_270m_base,currency:1,currency,raw_question,16,32214.826171875,42.19933319091797,0.09573529660701752
gemma_270m_base,currency:1,currency,raw_question,17,87.17041778564453,14.16759967803955,0.1195489913225174
gemma_270m_base,currency:1,currency,declarative,0,126.09000396728516,159.65695190429688,0.19395041465759277
gemma_270m_base,currency:1,currency,declarative,1,916.6185913085938,104.62662506103516,0.22303913533687592
gemma_270m_base,currency:1,currency,declarative,2,1225.0936279296875,19.239593505859375,0.18926095962524414
gemma_270m_base,currency:1,currency,declarative,3,1668.9205322265625,12.493475914001465,0.2302190214395523
gemma_270m_base,currency:1,currency,declarative,4,2654.55078125,9.307449340820312,0.1909005492925644
gemma_270m_base,currency:1,currency,declarative,5,3045.846923828125,17.954444885253906,0.15036293864250183
gemma_270m_base,currency:1,currency,declarative,6,3607.651611328125,7.8143839836120605,0.16239438951015472
gemma_270m_base,currency:1,currency,declarative,7,6336.5361328125,19.62166976928711,0.19049419462680817
gemma_270m_base,currency:1,currency,declarative,8,6490.083984375,17.74136734008789,0.1742207407951355
gemma_270m_base,currency:1,currency,declarative,9,6938.5,15.192108154296875,0.1397669017314911
gemma_270m_base,currency:1,currency,declarative,10,9951.353515625,31.438701629638672,0.1794966161251068
gemma_270m_base,currency:1,currency,declarative,11,11751.892578125,4.835327625274658,0.20349469780921936
gemma_270m_base,currency:1,currency,declarative,12,15524.060546875,42.06928253173828,0.15445223450660706
gemma_270m_base,currency:1,currency,declarative,13,20895.65234375,28.274763107299805,0.11924146860837936
gemma_270m_base,currency:1,currency,declarative,14,26652.9921875,52.138397216796875,0.11604563891887665
gemma_270m_base,currency:1,currency,declarative,15,28666.142578125,39.627498626708984,0.0881158784031868
gemma_270m_base,currency:1,currency,declarative,16,37637.1484375,38.33549118041992,0.08586204051971436
gemma_270m_base,currency:1,currency,declarative,17,123.07978820800781,15.534382820129395,0.10096420347690582
gemma_270m_base,currency:1,currency,qa,0,113.07890319824219,140.3639678955078,0.24848246574401855
gemma_270m_base,currency:1,currency,qa,1,836.5291748046875,154.9020538330078,0.23496288061141968
gemma_270m_base,currency:1,currency,qa,2,1004.3468017578125,23.400358200073242,0.1900712549686432
gemma_270m_base,currency:1,currency,qa,3,2279.3515625,14.370267868041992,0.23469746112823486
gemma_270m_base,currency:1,currency,qa,4,1743.5023193359375,12.689129829406738,0.1933489441871643
gemma_270m_base,currency:1,currency,qa,5,3281.25341796875,17.207984924316406,0.1506614238023758
gemma_270m_base,currency:1,currency,qa,6,3522.88623046875,7.9738569259643555,0.146667942404747
gemma_270m_base,currency:1,currency,qa,7,5358.41796875,17.579669952392578,0.16193431615829468
gemma_270m_base,currency:1,currency,qa,8,5431.4970703125,21.275314331054688,0.19064360857009888
gemma_270m_base,currency:1,currency,qa,9,5865.671875,16.722867965698242,0.14479848742485046
gemma_270m_base,currency:1,currency,qa,10,9875.9267578125,32.715614318847656,0.19985802471637726
gemma_270m_base,currency:1,currency,qa,11,10627.1181640625,4.880082607269287,0.21052023768424988
gemma_270m_base,currency:1,currency,qa,12,15008.09765625,35.591617584228516,0.16382011771202087
gemma_270m_base,currency:1,currency,qa,13,19678.853515625,26.725778579711914,0.12153582274913788
gemma_270m_base,currency:1,currency,qa,14,25299.759765625,46.426788330078125,0.12082649767398834
gemma_270m_base,currency:1,currency,qa,15,28186.509765625,31.800945281982422,0.09207532554864883
gemma_270m_base,currency:1,currency,qa,16,38947.8203125,33.330345153808594,0.09085498005151749
gemma_270m_base,currency:1,currency,qa,17,99.507568359375,14.3351411819458,0.10728409141302109
gemma_270m_base,currency:1,currency,chat_template,0,113.35293579101562,170.0931854248047,0.23342163860797882
gemma_270m_base,currency:1,currency,chat_template,1,803.4970703125,106.26976776123047,0.21122106909751892
gemma_270m_base,currency:1,currency,chat_template,2,1084.1077880859375,19.547645568847656,0.17211595177650452
gemma_270m_base,currency:1,currency,chat_template,3,1871.7982177734375,15.082046508789062,0.23482976853847504
gemma_270m_base,currency:1,currency,chat_template,4,2365.27978515625,9.836441993713379,0.1924070566892624
gemma_270m_base,currency:1,currency,chat_template,5,3515.798583984375,17.72722816467285,0.1542191505432129
gemma_270m_base,currency:1,currency,chat_template,6,3788.630615234375,6.292039394378662,0.15960608422756195
gemma_270m_base,currency:1,currency,chat_template,7,5291.47802734375,15.705610275268555,0.17131830751895905
gemma_270m_base,currency:1,currency,chat_template,8,5734.62548828125,19.85296058654785,0.21980923414230347
gemma_270m_base,currency:1,currency,chat_template,9,6503.0791015625,12.307439804077148,0.15416979789733887
gemma_270m_base,currency:1,currency,chat_template,10,11033.900390625,26.94986343383789,0.20316651463508606
gemma_270m_base,currency:1,currency,chat_template,11,11122.4306640625,4.064852714538574,0.2129264771938324
gemma_270m_base,currency:1,currency,chat_template,12,15495.2294921875,26.8887882232666,0.16423764824867249
gemma_270m_base,currency:1,currency,chat_template,13,19208.609375,29.94511604309082,0.12829241156578064
gemma_270m_base,currency:1,currency,chat_template,14,23344.625,41.52479553222656,0.13174398243427277
gemma_270m_base,currency:1,currency,chat_template,15,26343.92578125,31.375385284423828,0.09841488301753998
gemma_270m_base,currency:1,currency,chat_template,16,37166.37109375,36.893157958984375,0.08911176025867462
gemma_270m_base,currency:1,currency,chat_template,17,92.85140991210938,13.443078994750977,0.1137925535440445
gemma_270m_base,currency:2,currency,raw_question,0,151.25131225585938,195.70970153808594,0.22033025324344635
gemma_270m_base,currency:2,currency,raw_question,1,1099.2734375,97.7252426147461,0.19131672382354736
gemma_270m_base,currency:2,currency,raw_question,2,1291.17138671875,16.62554931640625,0.1667923778295517
gemma_270m_base,currency:2,currency,raw_question,3,1909.9290771484375,13.375381469726562,0.223115935921669
gemma_270m_base,currency:2,currency,raw_question,4,2197.923095703125,9.299202919006348,0.18226408958435059
gemma_270m_base,currency:2,currency,raw_question,5,2786.974365234375,17.929994583129883,0.14790721237659454
gemma_270m_base,currency:2,currency,raw_question,6,3650.478271484375,7.435001850128174,0.1644226610660553
gemma_270m_base,currency:2,currency,raw_question,7,5496.95751953125,17.743614196777344,0.17801083624362946
gemma_270m_base,currency:2,currency,raw_question,8,5936.04931640625,20.512632369995117,0.17867779731750488
gemma_270m_base,currency:2,currency,raw_question,9,6280.87451171875,14.119527816772461,0.14975911378860474
gemma_270m_base,currency:2,currency,raw_question,10,11926.6220703125,29.74176597595215,0.20091456174850464
gemma_270m_base,currency:2,currency,raw_question,11,12096.724609375,4.422797679901123,0.1857825070619583
gemma_270m_base,currency:2,currency,raw_question,12,15588.0771484375,26.15944480895996,0.14680829644203186
gemma_270m_base,currency:2,currency,raw_question,13,19430.736328125,31.126873016357422,0.10980211198329926
gemma_270m_base,currency:2,currency,raw_question,14,21564.423828125,48.27893829345703,0.11673787236213684
gemma_270m_base,currency:2,currency,raw_question,15,23312.05078125,33.740234375,0.1016513854265213
gemma_270m_base,currency:2,currency,raw_question,16,31517.076171875,42.37080001831055,0.09670183062553406
gemma_270m_base,currency:2,currency,raw_question,17,85.71116638183594,13.896451950073242,0.12214478105306625
gemma_270m_base,currency:2,currency,declarative,0,125.07288360595703,161.9988250732422,0.19570034742355347
gemma_270m_base,currency:2,currency,declarative,1,913.1719360351562,103.40801239013672,0.22201795876026154
gemma_270m_base,currency:2,currency,declarative,2,1217.3134765625,20.16109275817871,0.19143471121788025
gemma_270m_base,currency:2,currency,declarative,3,1687.300537109375,12.492321014404297,0.22940519452095032
gemma_270m_base,currency:2,currency,declarative,4,2607.666259765625,9.501232147216797,0.19022437930107117
gemma_270m_base,currency:2,currency,declarative,5,3039.0693359375,17.835073471069336,0.1492273509502411
gemma_270m_base,currency:2,currency,declarative,6,3599.67724609375,7.958874702453613,0.1618558168411255
gemma_270m_base,currency:2,currency,declarative,7,6207.9306640625,18.56456184387207,0.18868467211723328
gemma_270m_base,currency:2,currency,declarative,8,6487.892578125,18.538911819458008,0.17854616045951843
gemma_270m_base,currency:2,currency,declarative,9,7156.58154296875,15.12717056274414,0.14076489210128784
gemma_270m_base,currency:2,currency,declarative,10,10187.470703125,31.104555130004883,0.1796075701713562
gemma_270m_base,currency:2,currency,declarative,11,11918.41015625,4.860036849975586,0.20336207747459412
gemma_270m_base,currency:2,currency,declarative,12,15419.107421875,37.23210144042969,0.1531623899936676
gemma_270m_base,currency:2,currency,declarative,13,20524.029296875,28.837581634521484,0.11972840875387192
gemma_270m_base,currency:2,currency,declarative,14,25746.384765625,51.48079299926758,0.1161642074584961
gemma_270m_base,currency:2,currency,declarative,15,28681.099609375,38.04569625854492,0.09432876110076904
gemma_270m_base,currency:2,currency,declarative,16,37468.2734375,38.722957611083984,0.08975770324468613
gemma_270m_base,currency:2,currency,declarative,17,115.5347671508789,13.541942596435547,0.10610045492649078
gemma_270m_base,currency:2,currency,qa,0,112.9958724975586,139.4462432861328,0.25164854526519775
gemma_270m_base,currency:2,currency,qa,1,844.0020141601562,154.18336486816406,0.23986601829528809
gemma_270m_base,currency:2,currency,qa,2,991.0152587890625,23.931673049926758,0.19350093603134155
gemma_270m_base,currency:2,currency,qa,3,2299.162353515625,14.606904029846191,0.23701262474060059
gemma_270m_base,currency:2,currency,qa,4,1590.7947998046875,13.368584632873535,0.197092667222023
gemma_270m_base,currency:2,currency,qa,5,3257.315185546875,17.20374298095703,0.15335558354854584
gemma_270m_base,currency:2,currency,qa,6,3517.7001953125,7.738673686981201,0.14591798186302185
gemma_270m_base,currency:2,currency,qa,7,5165.8955078125,17.305198669433594,0.15800848603248596
gemma_270m_base,currency:2,currency,qa,8,5198.5078125,22.60076332092285,0.1900433748960495
gemma_270m_base,currency:2,currency,qa,9,5722.2373046875,16.98186683654785,0.14539428055286407
gemma_270m_base,currency:2,currency,qa,10,9868.1181640625,31.697057723999023,0.20548857748508453
gemma_270m_base,currency:2,currency,qa,11,10429.1103515625,4.946483135223389,0.21076028048992157
gemma_270m_base,currency:2,currency,qa,12,14420.2275390625,33.09278106689453,0.16611817479133606
gemma_270m_base,currency:2,currency,qa,13,19063.908203125,29.38016128540039,0.12403813004493713
gemma_270m_base,currency:2,currency,qa,14,24120.8125,44.92808151245117,0.12446382641792297
gemma_270m_base,currency:2,currency,qa,15,27871.275390625,32.87041473388672,0.09782591462135315
gemma_270m_base,currency:2,currency,qa,16,38429.828125,32.406558990478516,0.09330001473426819
gemma_270m_base,currency:2,currency,qa,17,95.83062744140625,12.043012619018555,0.11181019246578217
gemma_270m_base,currency:2,currency,chat_template,0,113.03923797607422,169.87765502929688,0.23457661271095276
gemma_270m_base,currency:2,currency,chat_template,1,803.61279296875,104.86499786376953,0.21481621265411377
gemma_270m_base,currency:2,currency,chat_template,2,1084.23681640625,19.690166473388672,0.17371729016304016
gemma_270m_base,currency:2,currency,chat_template,3,1855.6029052734375,15.156214714050293,0.23486483097076416
gemma_270m_base,currency:2,currency,chat_template,4,2366.006103515625,9.896795272827148,0.19297529757022858
gemma_270m_base,currency:2,currency,chat_template,5,3529.616943359375,17.699125289916992,0.15475577116012573
gemma_270m_base,currency:2,currency,chat_template,6,3763.907958984375,6.378078460693359,0.15939265489578247
gemma_270m_base,currency:2,currency,chat_template,7,5322.6328125,15.726685523986816,0.1709825098514557
gemma_270m_base,currency:2,currency,chat_template,8,5741.34765625,20.03705406188965,0.21878504753112793
gemma_270m_base,currency:2,currency,chat_template,9,6540.93701171875,12.242488861083984,0.15377500653266907
gemma_270m_base,currency:2,currency,chat_template,10,11036.634765625,26.98118782043457,0.2032996416091919
gemma_270m_base,currency:2,currency,chat_template,11,11272.8076171875,4.032382965087891,0.21299906075000763
gemma_270m_base,currency:2,currency,chat_template,12,15281.5673828125,26.371004104614258,0.16574440896511078
gemma_270m_base,currency:2,currency,chat_template,13,19523.623046875,30.617237091064453,0.12850400805473328
gemma_270m_base,currency:2,currency,chat_template,14,23799.3125,41.784908294677734,0.13193252682685852
gemma_270m_base,currency:2,currency,chat_template,15,27380.482421875,33.1274528503418,0.09830205142498016
gemma_270m_base,currency:2,currency,chat_template,16,38175.28515625,35.412845611572266,0.09022265672683716
gemma_270m_base,currency:2,currency,chat_template,17,90.23064422607422,13.514750480651855,0.11327353119850159
gemma_270m_base,currency:3,currency,raw_question,0,151.12957763671875,195.01968383789062,0.22043855488300323
gemma_270m_base,currency:3,currency,raw_question,1,1110.427734375,98.55673217773438,0.18952643871307373
gemma_270m_base,currency:3,currency,raw_question,2,1291.210205078125,17.12242317199707,0.1683875024318695
gemma_270m_base,currency:3,currency,raw_question,3,1926.189453125,13.694252014160156,0.2225862443447113
gemma_270m_base,currency:3,currency,raw_question,4,2213.073974609375,9.233138084411621,0.18010833859443665
gemma_270m_base,currency:3,currency,raw_question,5,2790.70947265625,17.97064971923828,0.148728147149086
gemma_270m_base,currency:3,currency,raw_question,6,3916.7705078125,7.521634101867676,0.16541406512260437
gemma_270m_base,currency:3,currency,raw_question,7,5662.81787109375,17.424638748168945,0.1784956008195877
gemma_270m_base,currency:3,currency,raw_question,8,6140.9482421875,20.495878219604492,0.18123024702072144
gemma_270m_base,currency:3,currency,raw_question,9,6304.33740234375,14.351951599121094,0.14826206862926483
gemma_270m_base,currency:3,currency,raw_question,10,12112.4599609375,29.39362144470215,0.19869360327720642
gemma_270m_base,currency:3,currency,raw_question,11,12004.49609375,4.127892971038818,0.18330888450145721
gemma_270m_base,currency:3,currency,raw_question,12,16240.572265625,25.03778648376465,0.14747539162635803
gemma_270m_base,currency:3,currency,raw_question,13,19896.76171875,30.648962020874023,0.11165060102939606
gemma_270m_base,currency:3,currency,raw_question,14,22002.447265625,48.37934875488281,0.11753596365451813
gemma_270m_base,currency:3,currency,raw_question,15,23785.783203125,34.3779182434082,0.10157845914363861
gemma_270m_base,currency:3,currency,raw_question,16,32554.359375,41.83779525756836,0.09780703485012054
gemma_270m_base,currency:3,currency,raw_question,17,86.37288665771484,13.844067573547363,0.11873947083950043
gemma_270m_base,currency:3,currency,declarative,0,126.67801666259766,157.63076782226562,0.19454778730869293
gemma_270m_base,currency:3,currency,declarative,1,926.5967407226562,105.16728973388672,0.22026336193084717
gemma_270m_base,currency:3,currency,declarative,2,1216.920654296875,20.534801483154297,0.19264015555381775
gemma_270m_base,currency:3,currency,declarative,3,1675.3624267578125,13.006073951721191,0.23022866249084473
gemma_270m_base,currency:3,currency,declarative,4,2627.295654296875,9.237738609313965,0.1854020357131958
gemma_270m_base,currency:3,currency,declarative,5,3049.121826171875,17.813079833984375,0.15104413032531738
gemma_270m_base,currency:3,currency,declarative,6,3736.112060546875,8.003263473510742,0.1604686677455902
gemma_270m_base,currency:3,currency,declarative,7,6408.525390625,17.942745208740234,0.18702919781208038
gemma_270m_base,currency:3,currency,declarative,8,6625.921875,18.296369552612305,0.1759255975484848
gemma_270m_base,currency:3,currency,declarative,9,7148.9169921875,15.148776054382324,0.1397424042224884
gemma_270m_base,currency:3,currency,declarative,10,10318.1533203125,30.49407958984375,0.18169736862182617
gemma_270m_base,currency:3,currency,declarative,11,12133.8486328125,4.852648735046387,0.2004070281982422
gemma_270m_base,currency:3,currency,declarative,12,16123.7265625,37.86542892456055,0.15644106268882751
gemma_270m_base,currency:3,currency,declarative,13,21236.49609375,29.128131866455078,0.11977425217628479
gemma_270m_base,currency:3,currency,declarative,14,27013.7734375,51.14528274536133,0.11877258121967316
gemma_270m_base,currency:3,currency,declarative,15,30149.2578125,36.96200942993164,0.09453414380550385
gemma_270m_base,currency:3,currency,declarative,16,39774.34765625,38.047786712646484,0.08916140347719193
gemma_270m_base,currency:3,currency,declarative,17,116.6505126953125,13.767707824707031,0.10265236347913742
gemma_270m_base,currency:3,currency,qa,0,113.87487030029297,139.60720825195312,0.251093327999115
gemma_270m_base,currency:3,currency,qa,1,843.7843017578125,155.2576141357422,0.23669002950191498
gemma_270m_base,currency:3,currency,qa,2,1001.2824096679688,23.79486846923828,0.19232109189033508
gemma_270m_base,currency:3,currency,qa,3,2300.47314453125,14.530243873596191,0.23551413416862488
gemma_270m_base,currency:3,currency,qa,4,1621.2862548828125,13.215439796447754,0.1957552433013916
gemma_270m_base,currency:3,currency,qa,5,3220.15380859375,17.046960830688477,0.15186183154582977
gemma_270m_base,currency:3,currency,qa,6,3696.42822265625,7.777893543243408,0.14747920632362366
gemma_270m_base,currency:3,currency,qa,7,5471.3359375,17.099864959716797,0.1607377529144287
gemma_270m_base,currency:3,currency,qa,8,5374.14892578125,20.55489158630371,0.18909955024719238
gemma_270m_base,currency:3,currency,qa,9,5791.27001953125,16.6237735748291,0.1445246934890747
gemma_270m_base,currency:3,currency,qa,10,9805.69921875,32.1055793762207,0.20420248806476593
gemma_270m_base,currency:3,currency,qa,11,10664.9013671875,4.836259841918945,0.2092341184616089
gemma_270m_base,currency:3,currency,qa,12,15323.935546875,32.476341247558594,0.16479289531707764
gemma_270m_base,currency:3,currency,qa,13,19757.791015625,28.546632766723633,0.12160351872444153
gemma_270m_base,currency:3,currency,qa,14,25070.546875,44.0004997253418,0.12337590754032135
gemma_270m_base,currency:3,currency,qa,15,28631.142578125,32.1860237121582,0.09402097761631012
gemma_270m_base,currency:3,currency,qa,16,39114.1171875,32.63526153564453,0.08955089747905731
gemma_270m_base,currency:3,currency,qa,17,94.75459289550781,11.913615226745605,0.10750745981931686
gemma_270m_base,currency:3,currency,chat_template,0,113.67073822021484,169.85833740234375,0.23502300679683685
gemma_270m_base,currency:3,currency,chat_template,1,799.17041015625,105.31926727294922,0.2130465805530548
gemma_270m_base,currency:3,currency,chat_template,2,1079.3544921875,19.550207138061523,0.1730557084083557
gemma_270m_base,currency:3,currency,chat_template,3,1841.9434814453125,15.1106595993042,0.23401668667793274
gemma_270m_base,currency:3,currency,chat_template,4,2335.967529296875,9.835188865661621,0.19264140725135803
gemma_270m_base,currency:3,currency,chat_template,5,3556.023681640625,17.705530166625977,0.15494273602962494
gemma_270m_base,currency:3,currency,chat_template,6,3792.128662109375,6.279295921325684,0.160077765583992
gemma_270m_base,currency:3,currency,chat_template,7,5260.5205078125,15.792806625366211,0.1711767613887787
gemma_270m_base,currency:3,currency,chat_template,8,5728.916015625,20.127084732055664,0.2218979001045227
gemma_270m_base,currency:3,currency,chat_template,9,6564.72314453125,12.786515235900879,0.15643884241580963
gemma_270m_base,currency:3,currency,chat_template,10,11030.845703125,26.896793365478516,0.20270293951034546
gemma_270m_base,currency:3,currency,chat_template,11,11168.9501953125,4.071166515350342,0.21107742190361023
gemma_270m_base,currency:3,currency,chat_template,12,15704.2255859375,25.375131607055664,0.1658288538455963
gemma_270m_base,currency:3,currency,chat_template,13,19345.501953125,30.600744247436523,0.1287989616394043
gemma_270m_base,currency:3,currency,chat_template,14,23575.482421875,40.42491912841797,0.13689783215522766
gemma_270m_base,currency:3,currency,chat_template,15,27117.794921875,33.03892517089844,0.10183212906122208
gemma_270m_base,currency:3,currency,chat_template,16,37761.83203125,35.83552551269531,0.09166841953992844
gemma_270m_base,currency:3,currency,chat_template,17,92.3840560913086,12.943580627441406,0.11522811651229858
gemma_270m_base,currency:4,currency,raw_question,0,148.2680206298828,194.04751586914062,0.22161893546581268
gemma_270m_base,currency:4,currency,raw_question,1,1103.5059814453125,98.15145111083984,0.1903548240661621
gemma_270m_base,currency:4,currency,raw_question,2,1276.4730224609375,16.948762893676758,0.16596317291259766
gemma_270m_base,currency:4,currency,raw_question,3,1946.689697265625,13.329517364501953,0.2245151847600937
gemma_270m_base,currency:4,currency,raw_question,4,2228.30859375,9.214757919311523,0.18060211837291718
gemma_270m_base,currency:4,currency,raw_question,5,2771.187255859375,17.93747329711914,0.14734163880348206
gemma_270m_base,currency:4,currency,raw_question,6,3623.5341796875,7.340433597564697,0.16322781145572662
gemma_270m_base,currency:4,currency,raw_question,7,5526.078125,17.56956672668457,0.1800404191017151
gemma_270m_base,currency:4,currency,raw_question,8,6026.5634765625,19.755075454711914,0.18040545284748077
gemma_270m_base,currency:4,currency,raw_question,9,6344.0625,14.475947380065918,0.15017718076705933
gemma_270m_base,currency:4,currency,raw_question,10,12053.9482421875,29.773344039916992,0.20296120643615723
gemma_270m_base,currency:4,currency,raw_question,11,12101.21484375,4.444324493408203,0.1846345067024231
gemma_270m_base,currency:4,currency,raw_question,12,16238.2294921875,26.93964958190918,0.14303739368915558
gemma_270m_base,currency:4,currency,raw_question,13,19862.416015625,31.22117805480957,0.10767146944999695
gemma_270m_base,currency:4,currency,raw_question,14,22012.09765625,47.800437927246094,0.11413388699293137
gemma_270m_base,currency:4,currency,raw_question,15,23944.515625,33.8852424621582,0.10007141530513763
gemma_270m_base,currency:4,currency,raw_question,16,32197.330078125,43.18368148803711,0.09421383589506149
gemma_270m_base,currency:4,currency,raw_question,17,86.24110412597656,13.390031814575195,0.11872850358486176
gemma_270m_base,currency:4,currency,declarative,0,126.4630355834961,160.37255859375,0.19309282302856445
gemma_270m_base,currency:4,currency,declarative,1,913.2379150390625,102.11703491210938,0.22179453074932098
gemma_270m_base,currency:4,currency,declarative,2,1210.2669677734375,20.858190536499023,0.19159922003746033
gemma_270m_base,currency:4,currency,declarative,3,1691.5982666015625,12.396679878234863,0.22968535125255585
gemma_270m_base,currency:4,currency,declarative,4,2593.198974609375,9.536210060119629,0.18941190838813782
gemma_270m_base,currency:4,currency,declarative,5,2989.4619140625,17.7552547454834,0.14994274079799652
gemma_270m_base,currency:4,currency,declarative,6,3584.8017578125,7.988336563110352,0.1628699004650116
gemma_270m_base,currency:4,currency,declarative,7,6275.61083984375,18.865291595458984,0.19059163331985474
gemma_270m_base,currency:4,currency,declarative,8,6581.767578125,18.782058715820312,0.17811954021453857
gemma_270m_base,currency:4,currency,declarative,9,7221.3837890625,15.341317176818848,0.1404166966676712
gemma_270m_base,currency:4,currency,declarative,10,10320.7294921875,30.715763092041016,0.1816292256116867
gemma_270m_base,currency:4,currency,declarative,11,11944.21484375,4.898593425750732,0.20364896953105927
gemma_270m_base,currency:4,currency,declarative,12,16181.36328125,39.86870574951172,0.15054833889007568
gemma_270m_base,currency:4,currency,declarative,13,20643.640625,30.333263397216797,0.1220145970582962
gemma_270m_base,currency:4,currency,declarative,14,26099.580078125,52.23316955566406,0.11693228036165237
gemma_270m_base,currency:4,currency,declarative,15,29301.703125,37.289581298828125,0.0963236540555954
gemma_270m_base,currency:4,currency,declarative,16,38552.046875,37.77206802368164,0.09204652905464172
gemma_270m_base,currency:4,currency,declarative,17,114.32839965820312,11.958419799804688,0.1070355772972107
gemma_270m_base,currency:4,currency,qa,0,112.23445129394531,139.99649047851562,0.25059860944747925
gemma_270m_base,currency:4,currency,qa,1,842.9491577148438,153.66522216796875,0.23852285742759705
gemma_270m_base,currency:4,currency,qa,2,993.934326171875,23.81638526916504,0.19286316633224487
gemma_270m_base,currency:4,currency,qa,3,2314.0517578125,14.543685913085938,0.23637798428535461
gemma_270m_base,currency:4,currency,qa,4,1611.061767578125,13.338953018188477,0.19640758633613586
gemma_270m_base,currency:4,currency,qa,5,3210.70849609375,17.028226852416992,0.1522832065820694
gemma_270m_base,currency:4,currency,qa,6,3388.152587890625,7.758790016174316,0.14502288401126862
gemma_270m_base,currency:4,currency,qa,7,5084.37939453125,17.346628189086914,0.158119335770607
gemma_270m_base,currency:4,currency,qa,8,5153.17626953125,21.759605407714844,0.187587708234787
gemma_270m_base,currency:4,currency,qa,9,5611.92919921875,16.74146270751953,0.14433853328227997
gemma_270m_base,currency:4,currency,qa,10,9873.060546875,31.525930404663086,0.2047576606273651
gemma_270m_base,currency:4,currency,qa,11,10574.1923828125,4.859635829925537,0.21251298487186432
gemma_270m_base,currency:4,currency,qa,12,15220.0400390625,33.02218246459961,0.16159549355506897
gemma_270m_base,currency:4,currency,qa,13,19493.142578125,28.37965965270996,0.12251771986484528
gemma_270m_base,currency:4,currency,qa,14,24860.146484375,43.4088249206543,0.1256410777568817
gemma_270m_base,currency:4,currency,qa,15,28970.921875,31.985204696655273,0.09746327996253967
gemma_270m_base,currency:4,currency,qa,16,39834.6640625,32.732425689697266,0.09280505031347275
gemma_270m_base,currency:4,currency,qa,17,95.51889038085938,11.345212936401367,0.10948020219802856
gemma_270m_base,currency:4,currency,chat_template,0,112.68665313720703,170.0406036376953,0.23435208201408386
gemma_270m_base,currency:4,currency,chat_template,1,803.58642578125,103.62890625,0.21233122050762177
gemma_270m_base,currency:4,currency,chat_template,2,1084.09033203125,19.630008697509766,0.1732598841190338
gemma_270m_base,currency:4,currency,chat_template,3,1855.981201171875,15.163509368896484,0.23492711782455444
gemma_270m_base,currency:4,currency,chat_template,4,2365.6748046875,9.903300285339355,0.1932348906993866
gemma_270m_base,currency:4,currency,chat_template,5,3511.477783203125,17.71906089782715,0.15455153584480286
gemma_270m_base,currency:4,currency,chat_template,6,3739.66455078125,6.257551670074463,0.1594744473695755
gemma_270m_base,currency:4,currency,chat_template,7,5265.5087890625,15.644661903381348,0.17217040061950684
gemma_270m_base,currency:4,currency,chat_template,8,5710.83935546875,20.133262634277344,0.22027936577796936
gemma_270m_base,currency:4,currency,chat_template,9,6538.30712890625,12.196331024169922,0.15405568480491638
gemma_270m_base,currency:4,currency,chat_template,10,11035.3203125,26.615615844726562,0.20338186621665955
gemma_270m_base,currency:4,currency,chat_template,11,11252.9296875,3.9948225021362305,0.2144353985786438
gemma_270m_base,currency:4,currency,chat_template,12,15982.466796875,26.232196807861328,0.16119641065597534
gemma_270m_base,currency:4,currency,chat_template,13,19425.103515625,30.346052169799805,0.12841664254665375
gemma_270m_base,currency:4,currency,chat_template,14,23614.22265625,40.44699478149414,0.13429835438728333
gemma_270m_base,currency:4,currency,chat_template,15,27136.076171875,33.10234069824219,0.10176732391119003
gemma_270m_base,currency:4,currency,chat_template,16,37843.23046875,36.80335235595703,0.0903853103518486
gemma_270m_base,currency:4,currency,chat_template,17,96.17568969726562,12.74933910369873,0.11393237113952637
gemma_270m_base,currency:5,currency,raw_question,0,143.21884155273438,175.04637145996094,0.21320581436157227
gemma_270m_base,currency:5,currency,raw_question,1,1110.153076171875,99.19176483154297,0.19058431684970856
gemma_270m_base,currency:5,currency,raw_question,2,1275.3431396484375,16.832324981689453,0.1686413735151291
gemma_270m_base,currency:5,currency,raw_question,3,1897.6064453125,13.394651412963867,0.22346404194831848
gemma_270m_base,currency:5,currency,raw_question,4,2049.819091796875,9.09048080444336,0.17778681218624115
gemma_270m_base,currency:5,currency,raw_question,5,2610.71337890625,18.334365844726562,0.14713889360427856
gemma_270m_base,currency:5,currency,raw_question,6,3694.72216796875,6.985534191131592,0.16522210836410522
gemma_270m_base,currency:5,currency,raw_question,7,5606.68603515625,17.28483009338379,0.18049702048301697
gemma_270m_base,currency:5,currency,raw_question,8,6081.4765625,18.867389678955078,0.18080981075763702
gemma_270m_base,currency:5,currency,raw_question,9,6432.8369140625,14.548418998718262,0.1509706974029541
gemma_270m_base,currency:5,currency,raw_question,10,12108.3916015625,28.697002410888672,0.20497983694076538
gemma_270m_base,currency:5,currency,raw_question,11,12082.2158203125,4.485023021697998,0.18568375706672668
gemma_270m_base,currency:5,currency,raw_question,12,15865.203125,25.96884536743164,0.14568021893501282
gemma_270m_base,currency:5,currency,raw_question,13,20056.173828125,29.695608139038086,0.10923060029745102
gemma_270m_base,currency:5,currency,raw_question,14,22085.607421875,46.9158821105957,0.11844871938228607
gemma_270m_base,currency:5,currency,raw_question,15,23895.255859375,32.65718460083008,0.10335124284029007
gemma_270m_base,currency:5,currency,raw_question,16,32113.82421875,42.343257904052734,0.09842882305383682
gemma_270m_base,currency:5,currency,raw_question,17,88.9005126953125,14.40790843963623,0.12405019998550415
gemma_270m_base,currency:5,currency,declarative,0,126.77046203613281,161.8587646484375,0.1925182342529297
gemma_270m_base,currency:5,currency,declarative,1,922.9110107421875,104.68934631347656,0.21903100609779358
gemma_270m_base,currency:5,currency,declarative,2,1164.459716796875,21.886648178100586,0.19819921255111694
gemma_270m_base,currency:5,currency,declarative,3,1680.50830078125,12.777024269104004,0.2377515435218811
gemma_270m_base,currency:5,currency,declarative,4,2406.023681640625,9.39500617980957,0.18974195420742035
gemma_270m_base,currency:5,currency,declarative,5,2927.455322265625,18.49596405029297,0.1527380645275116
gemma_270m_base,currency:5,currency,declarative,6,3486.24267578125,7.737348556518555,0.16067808866500854
gemma_270m_base,currency:5,currency,declarative,7,6083.8232421875,20.092849731445312,0.1865902692079544
gemma_270m_base,currency:5,currency,declarative,8,6368.28076171875,17.937740325927734,0.17591550946235657
gemma_270m_base,currency:5,currency,declarative,9,7246.18310546875,15.141947746276855,0.14102698862552643
gemma_270m_base,currency:5,currency,declarative,10,10318.8056640625,29.133264541625977,0.17994123697280884
gemma_270m_base,currency:5,currency,declarative,11,12048.7880859375,5.253947734832764,0.20000240206718445
gemma_270m_base,currency:5,currency,declarative,12,15265.2744140625,34.374671936035156,0.1509372591972351
gemma_270m_base,currency:5,currency,declarative,13,20789.984375,27.968664169311523,0.12037719786167145
gemma_270m_base,currency:5,currency,declarative,14,26805.78515625,49.73383331298828,0.12116926163434982
gemma_270m_base,currency:5,currency,declarative,15,29003.828125,36.7682991027832,0.09544958919286728
gemma_270m_base,currency:5,currency,declarative,16,38677.25390625,36.57978439331055,0.09259471297264099
gemma_270m_base,currency:5,currency,declarative,17,111.11050415039062,12.442331314086914,0.10650691390037537
gemma_270m_base,currency:5,currency,qa,0,110.78746032714844,139.63157653808594,0.24490205943584442
gemma_270m_base,currency:5,currency,qa,1,833.583984375,157.3353729248047,0.240385964512825
gemma_270m_base,currency:5,currency,qa,2,1001.9021606445312,22.752899169921875,0.19370922446250916
gemma_270m_base,currency:5,currency,qa,3,2246.423583984375,14.7794189453125,0.2364543378353119
gemma_270m_base,currency:5,currency,qa,4,1646.7686767578125,12.488581657409668,0.1979208141565323
gemma_270m_base,currency:5,currency,qa,5,3200.956787109375,17.263442993164062,0.15241844952106476
gemma_270m_base,currency:5,currency,qa,6,3435.057861328125,7.702945232391357,0.14805924892425537
gemma_270m_base,currency:5,currency,qa,7,5322.72607421875,17.431821823120117,0.1632450520992279
gemma_270m_base,currency:5,currency,qa,8,5341.92431640625,20.501537322998047,0.1940854787826538
gemma_270m_base,currency:5,currency,qa,9,5914.5361328125,16.394065856933594,0.14476898312568665
gemma_270m_base,currency:5,currency,qa,10,10005.03515625,31.296356201171875,0.204585462808609
gemma_270m_base,currency:5,currency,qa,11,11072.0517578125,4.882211208343506,0.20645470917224884
gemma_270m_base,currency:5,currency,qa,12,14691.6953125,30.5476016998291,0.16086269915103912
gemma_270m_base,currency:5,currency,qa,13,19832.412109375,27.17428207397461,0.12005407363176346
gemma_270m_base,currency:5,currency,qa,14,25754.42578125,42.92242431640625,0.12624570727348328
gemma_270m_base,currency:5,currency,qa,15,29089.37109375,31.554988861083984,0.0974416583776474
gemma_270m_base,currency:5,currency,qa,16,39963.72265625,31.78769874572754,0.09705188125371933
gemma_270m_base,currency:5,currency,qa,17,101.84624481201172,11.42222785949707,0.11285153031349182
gemma_270m_base,currency:5,currency,chat_template,0,111.36348724365234,168.96315002441406,0.23239994049072266
gemma_270m_base,currency:5,currency,chat_template,1,797.6256713867188,105.3177490234375,0.2121647745370865
gemma_270m_base,currency:5,currency,chat_template,2,1073.50927734375,19.3378849029541,0.17300303280353546
gemma_270m_base,currency:5,currency,chat_template,3,1849.3980712890625,15.073867797851562,0.2349790334701538
gemma_270m_base,currency:5,currency,chat_template,4,2320.71240234375,9.9462251663208,0.19251638650894165
gemma_270m_base,currency:5,currency,chat_template,5,3487.638671875,17.5541934967041,0.1538955271244049
gemma_270m_base,currency:5,currency,chat_template,6,3712.967529296875,6.128695011138916,0.159637451171875
gemma_270m_base,currency:5,currency,chat_template,7,5289.021484375,15.485635757446289,0.17058081924915314
gemma_270m_base,currency:5,currency,chat_template,8,5584.97998046875,19.662118911743164,0.2223338484764099
gemma_270m_base,currency:5,currency,chat_template,9,6477.076171875,12.281400680541992,0.15572911500930786
gemma_270m_base,currency:5,currency,chat_template,10,11037.29296875,26.605297088623047,0.20742130279541016
gemma_270m_base,currency:5,currency,chat_template,11,11365.787109375,4.160776615142822,0.21231523156166077
gemma_270m_base,currency:5,currency,chat_template,12,15373.064453125,24.828983306884766,0.16261699795722961
gemma_270m_base,currency:5,currency,chat_template,13,19671.11328125,29.892621994018555,0.12766306102275848
gemma_270m_base,currency:5,currency,chat_template,14,23575.615234375,41.56311798095703,0.13428905606269836
gemma_270m_base,currency:5,currency,chat_template,15,26732.369140625,32.394161224365234,0.10208221524953842
gemma_270m_base,currency:5,currency,chat_template,16,37202.36328125,36.208499908447266,0.09206300973892212
gemma_270m_base,currency:5,currency,chat_template,17,94.28449249267578,12.616847038269043,0.11575303971767426
gemma_270m_base,currency:6,currency,raw_question,0,148.2257843017578,196.44557189941406,0.2180587351322174
gemma_270m_base,currency:6,currency,raw_question,1,1103.6253662109375,96.69500732421875,0.1917254626750946
gemma_270m_base,currency:6,currency,raw_question,2,1291.671875,16.597232818603516,0.16551339626312256
gemma_270m_base,currency:6,currency,raw_question,3,1915.40283203125,13.340574264526367,0.22570723295211792
gemma_270m_base,currency:6,currency,raw_question,4,2212.686767578125,9.203768730163574,0.1805528700351715
gemma_270m_base,currency:6,currency,raw_question,5,2766.540283203125,18.0363826751709,0.14701500535011292
gemma_270m_base,currency:6,currency,raw_question,6,3563.321044921875,7.196334362030029,0.16346091032028198
gemma_270m_base,currency:6,currency,raw_question,7,5496.228515625,18.017433166503906,0.17956757545471191
gemma_270m_base,currency:6,currency,raw_question,8,5966.39208984375,20.170879364013672,0.17961353063583374
gemma_270m_base,currency:6,currency,raw_question,9,6190.79296875,14.364217758178711,0.14883533120155334
gemma_270m_base,currency:6,currency,raw_question,10,11733.0087890625,30.062040328979492,0.2051161825656891
gemma_270m_base,currency:6,currency,raw_question,11,11829.2744140625,4.525956630706787,0.18522439897060394
gemma_270m_base,currency:6,currency,raw_question,12,15369.13671875,27.957632064819336,0.14406698942184448
gemma_270m_base,currency:6,currency,raw_question,13,19516.744140625,31.397539138793945,0.1077788770198822
gemma_270m_base,currency:6,currency,raw_question,14,21686.2578125,48.50115966796875,0.11166786402463913
gemma_270m_base,currency:6,currency,raw_question,15,23251.455078125,35.224754333496094,0.10007292777299881
gemma_270m_base,currency:6,currency,raw_question,16,31256.142578125,44.733455657958984,0.09461319446563721
gemma_270m_base,currency:6,currency,raw_question,17,88.34184265136719,13.476404190063477,0.11951998621225357
gemma_270m_base,currency:6,currency,declarative,0,125.46784210205078,160.14315795898438,0.1938284933567047
gemma_270m_base,currency:6,currency,declarative,1,915.8574829101562,102.61756896972656,0.22088104486465454
gemma_270m_base,currency:6,currency,declarative,2,1232.3985595703125,20.481996536254883,0.19165918231010437
gemma_270m_base,currency:6,currency,declarative,3,1700.0465087890625,12.395369529724121,0.2286856323480606
gemma_270m_base,currency:6,currency,declarative,4,2654.34765625,9.525311470031738,0.18633387982845306
gemma_270m_base,currency:6,currency,declarative,5,2948.145751953125,18.05548667907715,0.1486087143421173
gemma_270m_base,currency:6,currency,declarative,6,3511.99267578125,7.889050483703613,0.162047877907753
gemma_270m_base,currency:6,currency,declarative,7,6285.236328125,18.277523040771484,0.19095724821090698
gemma_270m_base,currency:6,currency,declarative,8,6474.95654296875,18.426252365112305,0.17588630318641663
gemma_270m_base,currency:6,currency,declarative,9,7174.3505859375,15.276373863220215,0.13882678747177124
gemma_270m_base,currency:6,currency,declarative,10,10179.68359375,31.259092330932617,0.17604103684425354
gemma_270m_base,currency:6,currency,declarative,11,12064.7568359375,5.070993423461914,0.20162872970104218
gemma_270m_base,currency:6,currency,declarative,12,15669.96484375,37.70677947998047,0.14853501319885254
gemma_270m_base,currency:6,currency,declarative,13,21043.708984375,31.78133773803711,0.11905404925346375
gemma_270m_base,currency:6,currency,declarative,14,26368.5703125,51.745914459228516,0.11539742350578308
gemma_270m_base,currency:6,currency,declarative,15,28657.603515625,37.160919189453125,0.09603176265954971
gemma_270m_base,currency:6,currency,declarative,16,36984.02734375,40.16368103027344,0.08960115909576416
gemma_270m_base,currency:6,currency,declarative,17,111.2936019897461,12.563796043395996,0.10926893353462219
gemma_270m_base,currency:6,currency,qa,0,112.77571868896484,139.32716369628906,0.25040990114212036
gemma_270m_base,currency:6,currency,qa,1,843.095947265625,155.95458984375,0.2385808229446411
gemma_270m_base,currency:6,currency,qa,2,997.449951171875,23.89601707458496,0.19332581758499146
gemma_270m_base,currency:6,currency,qa,3,2295.3466796875,14.512996673583984,0.23668497800827026
gemma_270m_base,currency:6,currency,qa,4,1633.4085693359375,13.184144020080566,0.19638994336128235
gemma_270m_base,currency:6,currency,qa,5,3252.819580078125,17.064245223999023,0.1519065797328949
gemma_270m_base,currency:6,currency,qa,6,3441.784912109375,7.449800491333008,0.14453460276126862
gemma_270m_base,currency:6,currency,qa,7,5251.48583984375,17.266637802124023,0.16069281101226807
gemma_270m_base,currency:6,currency,qa,8,5294.857421875,21.90842628479004,0.18954721093177795
gemma_270m_base,currency:6,currency,qa,9,5674.47216796875,17.065139770507812,0.14312198758125305
gemma_270m_base,currency:6,currency,qa,10,9806.85546875,32.73249053955078,0.2027336061000824
gemma_270m_base,currency:6,currency,qa,11,10492.5419921875,5.07089900970459,0.20783007144927979
gemma_270m_base,currency:6,currency,qa,12,14476.7978515625,34.07876205444336,0.15947623550891876
gemma_270m_base,currency:6,currency,qa,13,19182.943359375,30.412094116210938,0.12244176864624023
gemma_270m_base,currency:6,currency,qa,14,24593.556640625,43.77206039428711,0.1243852823972702
gemma_270m_base,currency:6,currency,qa,15,27832.546875,34.15171813964844,0.09878890216350555
gemma_270m_base,currency:6,currency,qa,16,38555.71875,34.527809143066406,0.09539155662059784
gemma_270m_base,currency:6,currency,qa,17,96.33817291259766,12.502108573913574,0.11094507575035095
gemma_270m_base,currency:6,currency,chat_template,0,113.0640640258789,169.40933227539062,0.23562857508659363
gemma_270m_base,currency:6,currency,chat_template,1,800.1807861328125,104.5865249633789,0.21321576833724976
gemma_270m_base,currency:6,currency,chat_template,2,1087.607666015625,19.547115325927734,0.17338323593139648
gemma_270m_base,currency:6,currency,chat_template,3,1848.465087890625,15.217429161071777,0.23452365398406982
gemma_270m_base,currency:6,currency,chat_template,4,2366.706787109375,9.98530101776123,0.1935419738292694
gemma_270m_base,currency:6,currency,chat_template,5,3495.468994140625,17.694379806518555,0.1536599099636078
gemma_270m_base,currency:6,currency,chat_template,6,3717.328857421875,6.355227947235107,0.15930508077144623
gemma_270m_base,currency:6,currency,chat_template,7,5234.45947265625,16.01959228515625,0.17177671194076538
gemma_270m_base,currency:6,currency,chat_template,8,5712.29736328125,20.489009857177734,0.21862934529781342
gemma_270m_base,currency:6,currency,chat_template,9,6512.7236328125,12.426003456115723,0.1540149748325348
gemma_270m_base,currency:6,currency,chat_template,10,10973.921875,27.36209487915039,0.20263871550559998
gemma_270m_base,currency:6,currency,chat_template,11,11272.5146484375,4.090495586395264,0.21184344589710236
gemma_270m_base,currency:6,currency,chat_template,12,15501.765625,27.287424087524414,0.16096635162830353
gemma_270m_base,currency:6,currency,chat_template,13,19520.416015625,31.43483543395996,0.12833049893379211
gemma_270m_base,currency:6,currency,chat_template,14,23867.478515625,41.562225341796875,0.1330818235874176
gemma_270m_base,currency:6,currency,chat_template,15,27070.935546875,34.849754333496094,0.10178571939468384
gemma_270m_base,currency:6,currency,chat_template,16,37719.68359375,37.97265625,0.09225348383188248
gemma_270m_base,currency:6,currency,chat_template,17,93.76221466064453,13.320159912109375,0.11479239910840988
gemma_270m_base,currency:7,currency,raw_question,0,148.53758239746094,195.45367431640625,0.2188224494457245
gemma_270m_base,currency:7,currency,raw_question,1,1085.2371826171875,109.85871887207031,0.1893947273492813
gemma_270m_base,currency:7,currency,raw_question,2,1292.067138671875,16.63065528869629,0.16539016366004944
gemma_270m_base,currency:7,currency,raw_question,3,1960.4342041015625,13.388486862182617,0.22383083403110504
gemma_270m_base,currency:7,currency,raw_question,4,2259.1513671875,9.074122428894043,0.18089763820171356
gemma_270m_base,currency:7,currency,raw_question,5,2785.8720703125,18.202007293701172,0.14728125929832458
gemma_270m_base,currency:7,currency,raw_question,6,3667.483642578125,7.394364356994629,0.16378533840179443
gemma_270m_base,currency:7,currency,raw_question,7,5557.576171875,18.233163833618164,0.17902767658233643
gemma_270m_base,currency:7,currency,raw_question,8,5904.255859375,19.65483856201172,0.17831458151340485
gemma_270m_base,currency:7,currency,raw_question,9,6305.83154296875,14.208340644836426,0.15125161409378052
gemma_270m_base,currency:7,currency,raw_question,10,11863.37109375,29.782548904418945,0.20054227113723755
gemma_270m_base,currency:7,currency,raw_question,11,12090.55078125,4.589794158935547,0.18872296810150146
gemma_270m_base,currency:7,currency,raw_question,12,16388.359375,27.519739151000977,0.15062215924263
gemma_270m_base,currency:7,currency,raw_question,13,19920.669921875,29.853044509887695,0.1110229641199112
gemma_270m_base,currency:7,currency,raw_question,14,22195.73828125,50.33121109008789,0.11698456108570099
gemma_270m_base,currency:7,currency,raw_question,15,23880.25390625,32.75548553466797,0.10257808864116669
gemma_270m_base,currency:7,currency,raw_question,16,32531.435546875,44.22095489501953,0.098168283700943
gemma_270m_base,currency:7,currency,raw_question,17,89.17251586914062,14.54792594909668,0.12334777414798737
gemma_270m_base,currency:7,currency,declarative,0,127.60459899902344,165.40640258789062,0.19337892532348633
gemma_270m_base,currency:7,currency,declarative,1,906.0497436523438,113.48605346679688,0.2252935916185379
gemma_270m_base,currency:7,currency,declarative,2,1209.869873046875,19.928457260131836,0.19089236855506897
gemma_270m_base,currency:7,currency,declarative,3,1658.1416015625,12.403106689453125,0.23019863665103912
gemma_270m_base,currency:7,currency,declarative,4,2656.6640625,9.363154411315918,0.19311797618865967
gemma_270m_base,currency:7,currency,declarative,5,3061.592041015625,18.105392456054688,0.14953380823135376
gemma_270m_base,currency:7,currency,declarative,6,3580.193603515625,8.02847671508789,0.16083797812461853
gemma_270m_base,currency:7,currency,declarative,7,6273.1875,19.799575805664062,0.19141805171966553
gemma_270m_base,currency:7,currency,declarative,8,6454.06396484375,17.261146545410156,0.1705201268196106
gemma_270m_base,currency:7,currency,declarative,9,6965.134765625,14.913578987121582,0.13815125823020935
gemma_270m_base,currency:7,currency,declarative,10,10053.8564453125,31.5549259185791,0.17240189015865326
gemma_270m_base,currency:7,currency,declarative,11,11814.400390625,4.702579021453857,0.1988004446029663
gemma_270m_base,currency:7,currency,declarative,12,16317.9765625,40.006874084472656,0.15505261719226837
gemma_270m_base,currency:7,currency,declarative,13,20828.740234375,28.629682540893555,0.11810469627380371
gemma_270m_base,currency:7,currency,declarative,14,26403.59765625,52.596317291259766,0.11334805190563202
gemma_270m_base,currency:7,currency,declarative,15,28573.029296875,38.65597152709961,0.08781857043504715
gemma_270m_base,currency:7,currency,declarative,16,36862.1171875,40.03110885620117,0.08531379699707031
gemma_270m_base,currency:7,currency,declarative,17,116.85282897949219,14.624205589294434,0.10518431663513184
gemma_270m_base,currency:7,currency,qa,0,113.77830505371094,139.9005126953125,0.250169038772583
gemma_270m_base,currency:7,currency,qa,1,821.879150390625,169.70046997070312,0.22872817516326904
gemma_270m_base,currency:7,currency,qa,2,1013.8707275390625,21.63312530517578,0.18473407626152039
gemma_270m_base,currency:7,currency,qa,3,2276.9208984375,14.430856704711914,0.2350439727306366
gemma_270m_base,currency:7,currency,qa,4,1783.4066162109375,12.385516166687012,0.19194748997688293
gemma_270m_base,currency:7,currency,qa,5,3321.77490234375,17.238941192626953,0.15058444440364838
gemma_270m_base,currency:7,currency,qa,6,3449.60986328125,7.9303879737854,0.14687950909137726
gemma_270m_base,currency:7,currency,qa,7,5360.89111328125,17.56157112121582,0.16337555646896362
gemma_270m_base,currency:7,currency,qa,8,5432.2294921875,20.621965408325195,0.19118285179138184
gemma_270m_base,currency:7,currency,qa,9,5811.10400390625,17.043323516845703,0.14503660798072815
gemma_270m_base,currency:7,currency,qa,10,9873.5693359375,34.21415710449219,0.19948452711105347
gemma_270m_base,currency:7,currency,qa,11,10600.01171875,4.970491886138916,0.20996633172035217
gemma_270m_base,currency:7,currency,qa,12,15317.0947265625,35.03584671020508,0.16700714826583862
gemma_270m_base,currency:7,currency,qa,13,19517.564453125,27.501028060913086,0.12046016752719879
gemma_270m_base,currency:7,currency,qa,14,25252.78515625,46.29066467285156,0.1216626986861229
gemma_270m_base,currency:7,currency,qa,15,28234.9609375,33.735599517822266,0.09282729029655457
gemma_270m_base,currency:7,currency,qa,16,38799.07421875,33.38938522338867,0.09176664054393768
gemma_270m_base,currency:7,currency,qa,17,100.62957000732422,13.152352333068848,0.10989922285079956
gemma_270m_base,currency:7,currency,chat_template,0,113.35015869140625,170.11888122558594,0.23518162965774536
gemma_270m_base,currency:7,currency,chat_template,1,787.6099243164062,118.27399444580078,0.20923736691474915
gemma_270m_base,currency:7,currency,chat_template,2,1070.8206787109375,20.296741485595703,0.17359647154808044
gemma_270m_base,currency:7,currency,chat_template,3,1881.9617919921875,15.102673530578613,0.2369484305381775
gemma_270m_base,currency:7,currency,chat_template,4,2380.591552734375,9.995612144470215,0.19435864686965942
gemma_270m_base,currency:7,currency,chat_template,5,3481.305908203125,17.739946365356445,0.1542353332042694
gemma_270m_base,currency:7,currency,chat_template,6,3659.52734375,6.263818264007568,0.15958338975906372
gemma_270m_base,currency:7,currency,chat_template,7,5245.20166015625,16.00284767150879,0.17198671400547028
gemma_270m_base,currency:7,currency,chat_template,8,5747.42578125,20.167570114135742,0.22101761400699615
gemma_270m_base,currency:7,currency,chat_template,9,6514.14111328125,12.399923324584961,0.1545540690422058
gemma_270m_base,currency:7,currency,chat_template,10,10974.6015625,27.00408363342285,0.20199933648109436
gemma_270m_base,currency:7,currency,chat_template,11,11094.45703125,4.114190101623535,0.21326996386051178
gemma_270m_base,currency:7,currency,chat_template,12,15668.7705078125,26.655244827270508,0.16704881191253662
gemma_270m_base,currency:7,currency,chat_template,13,19288.408203125,30.14446449279785,0.12514932453632355
gemma_270m_base,currency:7,currency,chat_template,14,23313.484375,43.11979675292969,0.1311139464378357
gemma_270m_base,currency:7,currency,chat_template,15,26484.888671875,31.528167724609375,0.09949439018964767
gemma_270m_base,currency:7,currency,chat_template,16,36984.5703125,37.87330627441406,0.09010431170463562
gemma_270m_base,currency:7,currency,chat_template,17,91.97454071044922,13.680809020996094,0.1150905191898346
gemma_270m_base,currency:8,currency,raw_question,0,149.1507110595703,194.25198364257812,0.22307780385017395
gemma_270m_base,currency:8,currency,raw_question,1,1096.136962890625,96.63664245605469,0.19176897406578064
gemma_270m_base,currency:8,currency,raw_question,2,1268.93310546875,16.544891357421875,0.16501909494400024
gemma_270m_base,currency:8,currency,raw_question,3,1916.6220703125,13.289850234985352,0.22506314516067505
gemma_270m_base,currency:8,currency,raw_question,4,2199.132568359375,9.103480339050293,0.1803516447544098
gemma_270m_base,currency:8,currency,raw_question,5,2709.14404296875,17.961410522460938,0.1472662389278412
gemma_270m_base,currency:8,currency,raw_question,6,3655.87646484375,7.411870956420898,0.16638630628585815
gemma_270m_base,currency:8,currency,raw_question,7,5472.4111328125,18.170469284057617,0.18207687139511108
gemma_270m_base,currency:8,currency,raw_question,8,6007.22314453125,19.870929718017578,0.18091344833374023
gemma_270m_base,currency:8,currency,raw_question,9,6166.71728515625,14.33784294128418,0.14916718006134033
gemma_270m_base,currency:8,currency,raw_question,10,11795.8583984375,30.334749221801758,0.2051837295293808
gemma_270m_base,currency:8,currency,raw_question,11,11822.5400390625,4.500671863555908,0.1873590648174286
gemma_270m_base,currency:8,currency,raw_question,12,15362.685546875,27.587772369384766,0.14491762220859528
gemma_270m_base,currency:8,currency,raw_question,13,19796.0859375,29.90891456604004,0.10661248862743378
gemma_270m_base,currency:8,currency,raw_question,14,21969.6953125,47.005367279052734,0.11422136425971985
gemma_270m_base,currency:8,currency,raw_question,15,23373.1640625,34.970272064208984,0.10163195431232452
gemma_270m_base,currency:8,currency,raw_question,16,31271.169921875,45.176849365234375,0.09848230332136154
gemma_270m_base,currency:8,currency,raw_question,17,88.0796890258789,13.56989860534668,0.1263347864151001
gemma_270m_base,currency:8,currency,declarative,0,128.98333740234375,165.95472717285156,0.19172897934913635
gemma_270m_base,currency:8,currency,declarative,1,920.0838623046875,100.07112884521484,0.21877546608448029
gemma_270m_base,currency:8,currency,declarative,2,1217.217041015625,20.517614364624023,0.19221629202365875
gemma_270m_base,currency:8,currency,declarative,3,1654.9366455078125,12.359682083129883,0.2301776111125946
gemma_270m_base,currency:8,currency,declarative,4,2593.973388671875,9.285589218139648,0.1888839155435562
gemma_270m_base,currency:8,currency,declarative,5,2974.35986328125,18.087528228759766,0.1482742726802826
gemma_270m_base,currency:8,currency,declarative,6,3546.05078125,8.161612510681152,0.16299085319042206
gemma_270m_base,currency:8,currency,declarative,7,6196.396484375,18.94338035583496,0.1875959038734436
gemma_270m_base,currency:8,currency,declarative,8,6451.38818359375,17.76186752319336,0.1730160415172577
gemma_270m_base,currency:8,currency,declarative,9,7115.97607421875,15.093372344970703,0.1377594918012619
gemma_270m_base,currency:8,currency,declarative,10,10173.9873046875,31.279067993164062,0.17644937336444855
gemma_270m_base,currency:8,currency,declarative,11,11939.2744140625,4.896176338195801,0.20079605281352997
gemma_270m_base,currency:8,currency,declarative,12,15435.9775390625,37.37672424316406,0.14754509925842285
gemma_270m_base,currency:8,currency,declarative,13,21084.37890625,28.718660354614258,0.11776375770568848
gemma_270m_base,currency:8,currency,declarative,14,26184.572265625,50.80121612548828,0.11489603668451309
gemma_270m_base,currency:8,currency,declarative,15,27319.23828125,34.45358657836914,0.09478870779275894
gemma_270m_base,currency:8,currency,declarative,16,35202.7109375,40.309547424316406,0.09378314763307571
gemma_270m_base,currency:8,currency,declarative,17,101.40916442871094,15.049726486206055,0.1132109984755516
gemma_270m_base,currency:8,currency,qa,0,111.5717544555664,140.20675659179688,0.2498880922794342
gemma_270m_base,currency:8,currency,qa,1,842.7000732421875,154.38539123535156,0.2367885708808899
gemma_270m_base,currency:8,currency,qa,2,993.1507568359375,23.683609008789062,0.1921318620443344
gemma_270m_base,currency:8,currency,qa,3,2282.46630859375,14.546022415161133,0.23631687462329865
gemma_270m_base,currency:8,currency,qa,4,1636.13916015625,12.961416244506836,0.1953008770942688
gemma_270m_base,currency:8,currency,qa,5,3259.62060546875,17.18001365661621,0.152364581823349
gemma_270m_base,currency:8,currency,qa,6,3452.91796875,7.61861515045166,0.14669689536094666
gemma_270m_base,currency:8,currency,qa,7,5240.01220703125,17.64723777770996,0.16409961879253387
gemma_270m_base,currency:8,currency,qa,8,5291.63525390625,21.4246768951416,0.19212032854557037
gemma_270m_base,currency:8,currency,qa,9,5759.35791015625,17.23337173461914,0.14438387751579285
gemma_270m_base,currency:8,currency,qa,10,10050.1259765625,32.856285095214844,0.20275507867336273
gemma_270m_base,currency:8,currency,qa,11,10904.6083984375,5.055655479431152,0.20749115943908691
gemma_270m_base,currency:8,currency,qa,12,14871.76953125,31.624223709106445,0.1569116711616516
gemma_270m_base,currency:8,currency,qa,13,19972.740234375,28.638853073120117,0.11641009896993637
gemma_270m_base,currency:8,currency,qa,14,25031.451171875,42.923667907714844,0.12127320468425751
gemma_270m_base,currency:8,currency,qa,15,27322.3125,31.253448486328125,0.09584271907806396
gemma_270m_base,currency:8,currency,qa,16,37523.90234375,33.95514678955078,0.0956067144870758
gemma_270m_base,currency:8,currency,qa,17,96.94035339355469,13.062959671020508,0.11468153446912766
gemma_270m_base,currency:8,currency,chat_template,0,112.79081726074219,169.98695373535156,0.23450732231140137
gemma_270m_base,currency:8,currency,chat_template,1,801.09716796875,105.31277465820312,0.21310028433799744
gemma_270m_base,currency:8,currency,chat_template,2,1069.9395751953125,19.440298080444336,0.174101322889328
gemma_270m_base,currency:8,currency,chat_template,3,1842.058349609375,15.23056411743164,0.23514166474342346
gemma_270m_base,currency:8,currency,chat_template,4,2352.81982421875,9.925578117370605,0.19278189539909363
gemma_270m_base,currency:8,currency,chat_template,5,3506.904541015625,17.64666748046875,0.15434154868125916
gemma_270m_base,currency:8,currency,chat_template,6,3738.391357421875,6.291319847106934,0.15952068567276
gemma_270m_base,currency:8,currency,chat_template,7,5268.05810546875,15.915987968444824,0.17178159952163696
gemma_270m_base,currency:8,currency,chat_template,8,5737.3701171875,20.39515495300293,0.21971356868743896
gemma_270m_base,currency:8,currency,chat_template,9,6596.3642578125,12.419926643371582,0.15432877838611603
gemma_270m_base,currency:8,currency,chat_template,10,11098.177734375,27.506847381591797,0.20383921265602112
gemma_270m_base,currency:8,currency,chat_template,11,11344.275390625,4.054515838623047,0.21332930028438568
gemma_270m_base,currency:8,currency,chat_template,12,15327.1943359375,25.583370208740234,0.16183389723300934
gemma_270m_base,currency:8,currency,chat_template,13,19601.82421875,30.190284729003906,0.12466099858283997
gemma_270m_base,currency:8,currency,chat_template,14,23663.498046875,41.643280029296875,0.1318853497505188
gemma_270m_base,currency:8,currency,chat_template,15,26307.029296875,32.23866653442383,0.10246455669403076
gemma_270m_base,currency:8,currency,chat_template,16,36764.578125,38.73774337768555,0.09555430710315704
gemma_270m_base,currency:8,currency,chat_template,17,90.86675262451172,14.015101432800293,0.12183910608291626
gemma_270m_base,currency:9,currency,raw_question,0,150.5220184326172,192.7760467529297,0.22155338525772095
gemma_270m_base,currency:9,currency,raw_question,1,1107.267822265625,96.96036529541016,0.18940606713294983
gemma_270m_base,currency:9,currency,raw_question,2,1299.18017578125,16.413103103637695,0.16524919867515564
gemma_270m_base,currency:9,currency,raw_question,3,1928.01025390625,13.341527938842773,0.22261841595172882
gemma_270m_base,currency:9,currency,raw_question,4,2228.19580078125,9.087706565856934,0.17948731780052185
gemma_270m_base,currency:9,currency,raw_question,5,2760.045166015625,17.93170166015625,0.14748194813728333
gemma_270m_base,currency:9,currency,raw_question,6,3677.814208984375,7.068790435791016,0.16520559787750244
gemma_270m_base,currency:9,currency,raw_question,7,5622.1201171875,17.498022079467773,0.17999398708343506
gemma_270m_base,currency:9,currency,raw_question,8,6042.0185546875,20.604496002197266,0.17904017865657806
gemma_270m_base,currency:9,currency,raw_question,9,6222.23193359375,14.176605224609375,0.1473107635974884
gemma_270m_base,currency:9,currency,raw_question,10,11736.505859375,29.8909854888916,0.20227092504501343
gemma_270m_base,currency:9,currency,raw_question,11,11819.55078125,4.41782283782959,0.18827515840530396
gemma_270m_base,currency:9,currency,raw_question,12,15745.4697265625,26.9425106048584,0.14936324954032898
gemma_270m_base,currency:9,currency,raw_question,13,19724.908203125,30.24994659423828,0.10831896960735321
gemma_270m_base,currency:9,currency,raw_question,14,21906.15234375,48.503990173339844,0.11297744512557983
gemma_270m_base,currency:9,currency,raw_question,15,23344.26953125,35.58088302612305,0.09924207627773285
gemma_270m_base,currency:9,currency,raw_question,16,31946.908203125,44.13206481933594,0.09444118291139603
gemma_270m_base,currency:9,currency,raw_question,17,86.81883239746094,14.048713684082031,0.12008500099182129
gemma_270m_base,currency:9,currency,declarative,0,126.07876586914062,156.16064453125,0.19623108208179474
gemma_270m_base,currency:9,currency,declarative,1,920.2651977539062,101.68753814697266,0.21930265426635742
gemma_270m_base,currency:9,currency,declarative,2,1217.2059326171875,20.338472366333008,0.19238817691802979
gemma_270m_base,currency:9,currency,declarative,3,1640.9556884765625,12.523065567016602,0.23037269711494446
gemma_270m_base,currency:9,currency,declarative,4,2580.96630859375,9.239194869995117,0.18825241923332214
gemma_270m_base,currency:9,currency,declarative,5,2971.47021484375,17.817686080932617,0.1497417688369751
gemma_270m_base,currency:9,currency,declarative,6,3671.46142578125,7.841189384460449,0.1641225516796112
gemma_270m_base,currency:9,currency,declarative,7,6447.34912109375,18.16730308532715,0.19090557098388672
gemma_270m_base,currency:9,currency,declarative,8,6647.41357421875,18.01666831970215,0.1755739450454712
gemma_270m_base,currency:9,currency,declarative,9,7221.220703125,15.270169258117676,0.13922055065631866
gemma_270m_base,currency:9,currency,declarative,10,10318.0771484375,30.82941246032715,0.17744258046150208
gemma_270m_base,currency:9,currency,declarative,11,11843.7685546875,4.879796504974365,0.1977919340133667
gemma_270m_base,currency:9,currency,declarative,12,15371.2841796875,38.54749298095703,0.15409716963768005
gemma_270m_base,currency:9,currency,declarative,13,20614.125,29.025054931640625,0.11926545947790146
gemma_270m_base,currency:9,currency,declarative,14,26072.978515625,52.038387298583984,0.11421877145767212
gemma_270m_base,currency:9,currency,declarative,15,28616.443359375,36.164268493652344,0.09281498193740845
gemma_270m_base,currency:9,currency,declarative,16,38177.828125,38.25033950805664,0.08875268697738647
gemma_270m_base,currency:9,currency,declarative,17,108.77037048339844,13.698031425476074,0.1042199581861496
gemma_270m_base,currency:9,currency,qa,0,113.52461242675781,139.1999969482422,0.25038719177246094
gemma_270m_base,currency:9,currency,qa,1,846.212646484375,153.72967529296875,0.23478707671165466
gemma_270m_base,currency:9,currency,qa,2,1003.7670288085938,23.444393157958984,0.19108864665031433
gemma_270m_base,currency:9,currency,qa,3,2310.7802734375,14.500409126281738,0.2356836497783661
gemma_270m_base,currency:9,currency,qa,4,1663.0986328125,12.965794563293457,0.19466538727283478
gemma_270m_base,currency:9,currency,qa,5,3252.949462890625,17.01238250732422,0.15141814947128296
gemma_270m_base,currency:9,currency,qa,6,3497.45166015625,7.434220790863037,0.14654770493507385
gemma_270m_base,currency:9,currency,qa,7,5279.61328125,17.44454002380371,0.16001445055007935
gemma_270m_base,currency:9,currency,qa,8,5238.31884765625,20.530073165893555,0.18992775678634644
gemma_270m_base,currency:9,currency,qa,9,5608.49365234375,16.965356826782227,0.1422734260559082
gemma_270m_base,currency:9,currency,qa,10,9800.873046875,32.94825744628906,0.2049371302127838
gemma_270m_base,currency:9,currency,qa,11,10610.6953125,4.961841106414795,0.2079993486404419
gemma_270m_base,currency:9,currency,qa,12,14975.0185546875,33.55449676513672,0.16374605894088745
gemma_270m_base,currency:9,currency,qa,13,19748.857421875,28.87693214416504,0.12126077711582184
gemma_270m_base,currency:9,currency,qa,14,25269.904296875,44.504573822021484,0.12330137938261032
gemma_270m_base,currency:9,currency,qa,15,28126.68359375,32.1428337097168,0.09498904645442963
gemma_270m_base,currency:9,currency,qa,16,39632.24609375,33.39316177368164,0.09113666415214539
gemma_270m_base,currency:9,currency,qa,17,95.42278289794922,13.006521224975586,0.10754157602787018
gemma_270m_base,currency:9,currency,chat_template,0,112.60546875,169.30636596679688,0.23619399964809418
gemma_270m_base,currency:9,currency,chat_template,1,800.1926879882812,104.7911148071289,0.21187683939933777
gemma_270m_base,currency:9,currency,chat_template,2,1080.234130859375,19.475568771362305,0.17296826839447021
gemma_270m_base,currency:9,currency,chat_template,3,1849.529541015625,15.093132972717285,0.2355385422706604
gemma_270m_base,currency:9,currency,chat_template,4,2350.157958984375,9.853926658630371,0.1926518678665161
gemma_270m_base,currency:9,currency,chat_template,5,3515.591796875,17.674680709838867,0.1544167399406433
gemma_270m_base,currency:9,currency,chat_template,6,3741.0146484375,6.289832592010498,0.16000118851661682
gemma_270m_base,currency:9,currency,chat_template,7,5232.04150390625,15.78935718536377,0.17095205187797546
gemma_270m_base,currency:9,currency,chat_template,8,5706.7841796875,20.301345825195312,0.22087351977825165
gemma_270m_base,currency:9,currency,chat_template,9,6511.60888671875,12.368136405944824,0.15436384081840515
gemma_270m_base,currency:9,currency,chat_template,10,10972.638671875,27.63797378540039,0.20544297993183136
gemma_270m_base,currency:9,currency,chat_template,11,11156.572265625,4.026728630065918,0.21213753521442413
gemma_270m_base,currency:9,currency,chat_template,12,15486.904296875,26.030071258544922,0.16645362973213196
gemma_270m_base,currency:9,currency,chat_template,13,19347.98046875,29.44028091430664,0.12805286049842834
gemma_270m_base,currency:9,currency,chat_template,14,23634.3125,41.91259765625,0.13276100158691406
gemma_270m_base,currency:9,currency,chat_template,15,26763.9921875,33.14420700073242,0.09911409020423889
gemma_270m_base,currency:9,currency,chat_template,16,37799.82421875,37.3886833190918,0.08860176801681519
gemma_270m_base,currency:9,currency,chat_template,17,92.6614761352539,14.310253143310547,0.11363483965396881
gemma_270m_base,currency:10,currency,raw_question,0,149.28221130371094,193.81005859375,0.2213638573884964
gemma_270m_base,currency:10,currency,raw_question,1,1096.0186767578125,110.62623596191406,0.19209644198417664
gemma_270m_base,currency:10,currency,raw_question,2,1307.0059814453125,16.153301239013672,0.16480469703674316
gemma_270m_base,currency:10,currency,raw_question,3,1971.171630859375,13.427286148071289,0.22354140877723694
gemma_270m_base,currency:10,currency,raw_question,4,2211.454345703125,9.144922256469727,0.18017993867397308
gemma_270m_base,currency:10,currency,raw_question,5,2769.36376953125,18.342226028442383,0.14694976806640625
gemma_270m_base,currency:10,currency,raw_question,6,3722.970947265625,7.4029741287231445,0.16466808319091797
gemma_270m_base,currency:10,currency,raw_question,7,5560.49560546875,18.27288818359375,0.17759549617767334
gemma_270m_base,currency:10,currency,raw_question,8,5904.984375,19.84423828125,0.17789503931999207
gemma_270m_base,currency:10,currency,raw_question,9,6213.66796875,14.096883773803711,0.15012937784194946
gemma_270m_base,currency:10,currency,raw_question,10,11796.013671875,29.505962371826172,0.20110946893692017
gemma_270m_base,currency:10,currency,raw_question,11,11964.8955078125,4.535731315612793,0.19046148657798767
gemma_270m_base,currency:10,currency,raw_question,12,16192.3251953125,26.0616512298584,0.15065355598926544
gemma_270m_base,currency:10,currency,raw_question,13,19853.6484375,29.31736183166504,0.11151362955570221
gemma_270m_base,currency:10,currency,raw_question,14,22028.509765625,50.33461380004883,0.11805185675621033
gemma_270m_base,currency:10,currency,raw_question,15,23881.5546875,32.905731201171875,0.10360223799943924
gemma_270m_base,currency:10,currency,raw_question,16,32681.890625,43.52692413330078,0.09876435995101929
gemma_270m_base,currency:10,currency,raw_question,17,88.27342224121094,14.567973136901855,0.12302245199680328
gemma_270m_base,currency:10,currency,declarative,0,126.99022674560547,162.71737670898438,0.19438983500003815
gemma_270m_base,currency:10,currency,declarative,1,909.7819213867188,114.47095489501953,0.22976085543632507
gemma_270m_base,currency:10,currency,declarative,2,1209.8072509765625,19.97527313232422,0.19078952074050903
gemma_270m_base,currency:10,currency,declarative,3,1674.3265380859375,12.541837692260742,0.2311578392982483
gemma_270m_base,currency:10,currency,declarative,4,2642.60107421875,9.636552810668945,0.1929725706577301
gemma_270m_base,currency:10,currency,declarative,5,3006.151123046875,18.157485961914062,0.1488065868616104
gemma_270m_base,currency:10,currency,declarative,6,3580.757568359375,8.084102630615234,0.16207396984100342
gemma_270m_base,currency:10,currency,declarative,7,6156.4189453125,19.5917911529541,0.19084575772285461
gemma_270m_base,currency:10,currency,declarative,8,6426.85986328125,17.50583267211914,0.17243491113185883
gemma_270m_base,currency:10,currency,declarative,9,6965.45361328125,14.70444107055664,0.1392236053943634
gemma_270m_base,currency:10,currency,declarative,10,10119.5927734375,31.050445556640625,0.17325036227703094
gemma_270m_base,currency:10,currency,declarative,11,11894.24609375,4.820857048034668,0.20166417956352234
gemma_270m_base,currency:10,currency,declarative,12,16828.990234375,38.79448318481445,0.15637309849262238
gemma_270m_base,currency:10,currency,declarative,13,21650.3671875,28.695280075073242,0.11926567554473877
gemma_270m_base,currency:10,currency,declarative,14,27701.28125,52.55034637451172,0.11507834494113922
gemma_270m_base,currency:10,currency,declarative,15,30204.96875,39.703819274902344,0.08871693164110184
gemma_270m_base,currency:10,currency,declarative,16,38500.08984375,40.18401336669922,0.08740891516208649
gemma_270m_base,currency:10,currency,declarative,17,118.92313385009766,14.088028907775879,0.10679096728563309
gemma_270m_base,currency:10,currency,qa,0,111.77339935302734,142.22357177734375,0.24662838876247406
gemma_270m_base,currency:10,currency,qa,1,829.0828247070312,163.0989990234375,0.23080401122570038
gemma_270m_base,currency:10,currency,qa,2,1018.265625,22.10153579711914,0.18664836883544922
gemma_270m_base,currency:10,currency,qa,3,2292.836181640625,14.277952194213867,0.2355472296476364
gemma_270m_base,currency:10,currency,qa,4,1796.071533203125,12.514115333557129,0.1917821764945984
gemma_270m_base,currency:10,currency,qa,5,3312.03173828125,17.035682678222656,0.1506763994693756
gemma_270m_base,currency:10,currency,qa,6,3478.102294921875,7.926836013793945,0.1466270238161087
gemma_270m_base,currency:10,currency,qa,7,5297.1767578125,17.797565460205078,0.16158880293369293
gemma_270m_base,currency:10,currency,qa,8,5368.138671875,20.825143814086914,0.18966355919837952
gemma_270m_base,currency:10,currency,qa,9,5768.87548828125,16.828712463378906,0.1469636857509613
gemma_270m_base,currency:10,currency,qa,10,9866.630859375,31.74326515197754,0.20047621428966522
gemma_270m_base,currency:10,currency,qa,11,10537.3408203125,4.771148681640625,0.2130863070487976
gemma_270m_base,currency:10,currency,qa,12,15674.8671875,33.32724380493164,0.16745886206626892
gemma_270m_base,currency:10,currency,qa,13,19805.095703125,27.838563919067383,0.12226415425539017
gemma_270m_base,currency:10,currency,qa,14,25497.525390625,46.14680862426758,0.12288698554039001
gemma_270m_base,currency:10,currency,qa,15,28479.705078125,33.469791412353516,0.0950850248336792
gemma_270m_base,currency:10,currency,qa,16,39189.71875,32.92091369628906,0.09348253905773163
gemma_270m_base,currency:10,currency,qa,17,102.26998138427734,12.507701873779297,0.1112263947725296
gemma_270m_base,currency:10,currency,chat_template,0,113.04644012451172,171.59201049804688,0.23314106464385986
gemma_270m_base,currency:10,currency,chat_template,1,800.1837158203125,113.59989166259766,0.21107584238052368
gemma_270m_base,currency:10,currency,chat_template,2,1084.64404296875,20.030664443969727,0.1722058653831482
gemma_270m_base,currency:10,currency,chat_template,3,1880.8031005859375,15.051599502563477,0.23444679379463196
gemma_270m_base,currency:10,currency,chat_template,4,2349.702392578125,9.909014701843262,0.1938646137714386
gemma_270m_base,currency:10,currency,chat_template,5,3549.192626953125,17.779619216918945,0.1549893319606781
gemma_270m_base,currency:10,currency,chat_template,6,3764.378173828125,6.176166534423828,0.1594926416873932
gemma_270m_base,currency:10,currency,chat_template,7,5299.10205078125,15.721576690673828,0.17369380593299866
gemma_270m_base,currency:10,currency,chat_template,8,5792.80615234375,20.49142837524414,0.22160133719444275
gemma_270m_base,currency:10,currency,chat_template,9,6563.01416015625,12.252654075622559,0.1549740433692932
gemma_270m_base,currency:10,currency,chat_template,10,11033.9677734375,27.069292068481445,0.20269912481307983
gemma_270m_base,currency:10,currency,chat_template,11,11155.3115234375,4.117995738983154,0.21375328302383423
gemma_270m_base,currency:10,currency,chat_template,12,15958.65234375,25.901569366455078,0.1665043830871582
gemma_270m_base,currency:10,currency,chat_template,13,19602.919921875,28.898454666137695,0.12702204287052155
gemma_270m_base,currency:10,currency,chat_template,14,23914.560546875,43.4480094909668,0.13143256306648254
gemma_270m_base,currency:10,currency,chat_template,15,27153.39453125,32.12950897216797,0.09994896501302719
gemma_270m_base,currency:10,currency,chat_template,16,37752.703125,37.15285873413086,0.0898166373372078
gemma_270m_base,currency:10,currency,chat_template,17,94.62094116210938,13.528081893920898,0.1147153377532959
gemma_270m_base,currency:11,currency,raw_question,0,147.0229034423828,199.48854064941406,0.22029370069503784
gemma_270m_base,currency:11,currency,raw_question,1,1107.2041015625,96.96331024169922,0.19031502306461334
gemma_270m_base,currency:11,currency,raw_question,2,1276.5570068359375,16.466957092285156,0.16510885953903198
gemma_270m_base,currency:11,currency,raw_question,3,1924.2119140625,13.321805000305176,0.22400525212287903
gemma_270m_base,currency:11,currency,raw_question,4,2319.23876953125,8.790337562561035,0.18016108870506287
gemma_270m_base,currency:11,currency,raw_question,5,2805.03955078125,17.860153198242188,0.15104717016220093
gemma_270m_base,currency:11,currency,raw_question,6,3731.025634765625,7.4820332527160645,0.16543430089950562
gemma_270m_base,currency:11,currency,raw_question,7,5537.3896484375,18.334505081176758,0.18476958572864532
gemma_270m_base,currency:11,currency,raw_question,8,6164.81640625,20.478342056274414,0.1802399456501007
gemma_270m_base,currency:11,currency,raw_question,9,6264.93115234375,14.054337501525879,0.14905133843421936
gemma_270m_base,currency:11,currency,raw_question,10,11938.365234375,29.376129150390625,0.19663795828819275
gemma_270m_base,currency:11,currency,raw_question,11,11801.6416015625,4.15513277053833,0.1872313916683197
gemma_270m_base,currency:11,currency,raw_question,12,15600.310546875,24.787172317504883,0.14435984194278717
gemma_270m_base,currency:11,currency,raw_question,13,19677.6640625,29.793087005615234,0.11056434363126755
gemma_270m_base,currency:11,currency,raw_question,14,21951.8359375,48.469825744628906,0.11513081938028336
gemma_270m_base,currency:11,currency,raw_question,15,23531.8046875,33.89839553833008,0.10062861442565918
gemma_270m_base,currency:11,currency,raw_question,16,32287.544921875,42.68061065673828,0.09826231002807617
gemma_270m_base,currency:11,currency,raw_question,17,85.66429901123047,13.344381332397461,0.12273373454809189
gemma_270m_base,currency:11,currency,declarative,0,129.7250518798828,170.87490844726562,0.1902608573436737
gemma_270m_base,currency:11,currency,declarative,1,927.1866455078125,99.63164520263672,0.21598514914512634
gemma_270m_base,currency:11,currency,declarative,2,1225.116455078125,20.04224967956543,0.18854151666164398
gemma_270m_base,currency:11,currency,declarative,3,1702.880859375,12.822667121887207,0.23126937448978424
gemma_270m_base,currency:11,currency,declarative,4,2734.395263671875,8.73365592956543,0.1881246268749237
gemma_270m_base,currency:11,currency,declarative,5,3001.243408203125,17.40187644958496,0.151962548494339
gemma_270m_base,currency:11,currency,declarative,6,3717.2421875,7.9198384284973145,0.16238181293010712
gemma_270m_base,currency:11,currency,declarative,7,6351.65478515625,18.60980987548828,0.18918180465698242
gemma_270m_base,currency:11,currency,declarative,8,6631.98828125,18.206819534301758,0.17493963241577148
gemma_270m_base,currency:11,currency,declarative,9,7114.1962890625,15.286444664001465,0.13976344466209412
gemma_270m_base,currency:11,currency,declarative,10,10405.5625,30.499399185180664,0.18234644830226898
gemma_270m_base,currency:11,currency,declarative,11,11895.4921875,4.741002559661865,0.2029341757297516
gemma_270m_base,currency:11,currency,declarative,12,15682.03515625,38.691246032714844,0.14896202087402344
gemma_270m_base,currency:11,currency,declarative,13,20619.76953125,28.55482292175293,0.11796353757381439
gemma_270m_base,currency:11,currency,declarative,14,26550.4296875,52.1793212890625,0.12017125636339188
gemma_270m_base,currency:11,currency,declarative,15,28594.478515625,38.84894943237305,0.09541745483875275
gemma_270m_base,currency:11,currency,declarative,16,38019.71875,37.45950698852539,0.09518370032310486
gemma_270m_base,currency:11,currency,declarative,17,111.96167755126953,13.651044845581055,0.10868746787309647
gemma_270m_base,currency:11,currency,qa,0,111.13806915283203,141.7128143310547,0.2483808845281601
gemma_270m_base,currency:11,currency,qa,1,840.3095703125,153.4639434814453,0.23706543445587158
gemma_270m_base,currency:11,currency,qa,2,1004.97802734375,23.686843872070312,0.19198212027549744
gemma_270m_base,currency:11,currency,qa,3,2299.810302734375,14.516584396362305,0.234840989112854
gemma_270m_base,currency:11,currency,qa,4,1680.46240234375,12.903178215026855,0.19477629661560059
gemma_270m_base,currency:11,currency,qa,5,3283.1748046875,17.276269912719727,0.15196527540683746
gemma_270m_base,currency:11,currency,qa,6,3642.12353515625,7.846642971038818,0.14768293499946594
gemma_270m_base,currency:11,currency,qa,7,5459.14208984375,17.509714126586914,0.16311603784561157
gemma_270m_base,currency:11,currency,qa,8,5440.0712890625,20.371688842773438,0.19103887677192688
gemma_270m_base,currency:11,currency,qa,9,5912.76220703125,16.6614990234375,0.1440138816833496
gemma_270m_base,currency:11,currency,qa,10,10063.376953125,31.401119232177734,0.20356065034866333
gemma_270m_base,currency:11,currency,qa,11,10802.587890625,4.9088263511657715,0.2101849764585495
gemma_270m_base,currency:11,currency,qa,12,15033.81640625,32.439510345458984,0.1573142111301422
gemma_270m_base,currency:11,currency,qa,13,19578.59765625,27.225065231323242,0.11870985478162766
gemma_270m_base,currency:11,currency,qa,14,25249.162109375,43.786067962646484,0.12364278733730316
gemma_270m_base,currency:11,currency,qa,15,28264.146484375,31.263925552368164,0.09589098393917084
gemma_270m_base,currency:11,currency,qa,16,38966.26953125,33.40420150756836,0.09592527151107788
gemma_270m_base,currency:11,currency,qa,17,97.59422302246094,12.12639331817627,0.11211171746253967
gemma_270m_base,currency:11,currency,chat_template,0,112.26042938232422,171.52078247070312,0.23374316096305847
gemma_270m_base,currency:11,currency,chat_template,1,793.3226318359375,104.09605407714844,0.21233636140823364
gemma_270m_base,currency:11,currency,chat_template,2,1076.401611328125,19.37360191345215,0.17416642606258392
gemma_270m_base,currency:11,currency,chat_template,3,1841.9251708984375,15.115509033203125,0.23574480414390564
gemma_270m_base,currency:11,currency,chat_template,4,2336.65234375,9.876357078552246,0.19377779960632324
gemma_270m_base,currency:11,currency,chat_template,5,3506.272705078125,17.715530395507812,0.15522414445877075
gemma_270m_base,currency:11,currency,chat_template,6,3747.66064453125,6.327005863189697,0.16015249490737915
gemma_270m_base,currency:11,currency,chat_template,7,5264.51025390625,15.82811164855957,0.17195414006710052
gemma_270m_base,currency:11,currency,chat_template,8,5683.8017578125,20.2171573638916,0.220576211810112
gemma_270m_base,currency:11,currency,chat_template,9,6571.40478515625,12.508570671081543,0.15402379631996155
gemma_270m_base,currency:11,currency,chat_template,10,11101.2900390625,26.654504776000977,0.2017340362071991
gemma_270m_base,currency:11,currency,chat_template,11,11404.9619140625,3.9795830249786377,0.21197152137756348
gemma_270m_base,currency:11,currency,chat_template,12,15518.9599609375,25.067184448242188,0.1602119505405426
gemma_270m_base,currency:11,currency,chat_template,13,19459.75,28.46916389465332,0.12613660097122192
gemma_270m_base,currency:11,currency,chat_template,14,23661.056640625,41.76492691040039,0.13358554244041443
gemma_270m_base,currency:11,currency,chat_template,15,26867.57421875,32.20637512207031,0.10208503156900406
gemma_270m_base,currency:11,currency,chat_template,16,37338.12890625,37.09746170043945,0.09395886957645416
gemma_270m_base,currency:11,currency,chat_template,17,93.29927062988281,13.120874404907227,0.11992992460727692
gemma_270m_base,currency:12,currency,raw_question,0,148.04310607910156,194.66180419921875,0.2198551744222641
gemma_270m_base,currency:12,currency,raw_question,1,1099.9212646484375,97.84783935546875,0.1912125200033188
gemma_270m_base,currency:12,currency,raw_question,2,1276.5203857421875,16.20561981201172,0.16439123451709747
gemma_270m_base,currency:12,currency,raw_question,3,1933.717529296875,13.347014427185059,0.22410504519939423
gemma_270m_base,currency:12,currency,raw_question,4,2291.133056640625,8.995562553405762,0.17926296591758728
gemma_270m_base,currency:12,currency,raw_question,5,2822.15087890625,17.95035171508789,0.14862225949764252
gemma_270m_base,currency:12,currency,raw_question,6,3743.294189453125,7.5152268409729,0.16494902968406677
gemma_270m_base,currency:12,currency,raw_question,7,5648.88427734375,17.793426513671875,0.17997097969055176
gemma_270m_base,currency:12,currency,raw_question,8,6063.05517578125,20.251970291137695,0.1807951182126999
gemma_270m_base,currency:12,currency,raw_question,9,6315.3134765625,14.44863510131836,0.15034963190555573
gemma_270m_base,currency:12,currency,raw_question,10,11991.2138671875,29.582904815673828,0.20007570087909698
gemma_270m_base,currency:12,currency,raw_question,11,12030.5087890625,4.372284412384033,0.18682868778705597
gemma_270m_base,currency:12,currency,raw_question,12,15832.2734375,26.217939376831055,0.1461910456418991
gemma_270m_base,currency:12,currency,raw_question,13,19947.453125,29.189044952392578,0.11033880710601807
gemma_270m_base,currency:12,currency,raw_question,14,22193.177734375,47.697166442871094,0.1167563945055008
gemma_270m_base,currency:12,currency,raw_question,15,23935.28125,33.52275466918945,0.10145483165979385
gemma_270m_base,currency:12,currency,raw_question,16,32120.607421875,42.10247039794922,0.09724251180887222
gemma_270m_base,currency:12,currency,raw_question,17,87.2108154296875,15.234515190124512,0.12385243922472
gemma_270m_base,currency:12,currency,declarative,0,128.71102905273438,165.12315368652344,0.1931113451719284
gemma_270m_base,currency:12,currency,declarative,1,919.9686279296875,99.53321075439453,0.21904341876506805
gemma_270m_base,currency:12,currency,declarative,2,1210.091796875,19.916749954223633,0.19068938493728638
gemma_270m_base,currency:12,currency,declarative,3,1680.7437744140625,12.45191478729248,0.23219221830368042
gemma_270m_base,currency:12,currency,declarative,4,2639.47705078125,9.27623462677002,0.18827590346336365
gemma_270m_base,currency:12,currency,declarative,5,3037.265869140625,17.82600975036621,0.150636225938797
gemma_270m_base,currency:12,currency,declarative,6,3681.86181640625,8.312919616699219,0.1618887484073639
gemma_270m_base,currency:12,currency,declarative,7,6322.2080078125,18.719816207885742,0.18505215644836426
gemma_270m_base,currency:12,currency,declarative,8,6539.66650390625,18.259122848510742,0.1748206615447998
gemma_270m_base,currency:12,currency,declarative,9,7179.72705078125,15.262743949890137,0.138721764087677
gemma_270m_base,currency:12,currency,declarative,10,10321.052734375,31.582836151123047,0.1799388825893402
gemma_270m_base,currency:12,currency,declarative,11,11876.0361328125,4.986015319824219,0.2031264305114746
gemma_270m_base,currency:12,currency,declarative,12,15389.90625,41.23347091674805,0.15169525146484375
gemma_270m_base,currency:12,currency,declarative,13,20932.3828125,28.07330322265625,0.12020018696784973
gemma_270m_base,currency:12,currency,declarative,14,26547.232421875,52.07844924926758,0.1215667575597763
gemma_270m_base,currency:12,currency,declarative,15,29887.73828125,39.20082473754883,0.0962970033288002
gemma_270m_base,currency:12,currency,declarative,16,39577.4296875,38.32380676269531,0.09297776222229004
gemma_270m_base,currency:12,currency,declarative,17,116.70467376708984,16.238685607910156,0.10688720643520355
gemma_270m_base,currency:12,currency,qa,0,112.50462341308594,140.05572509765625,0.24855731427669525
gemma_270m_base,currency:12,currency,qa,1,843.7899780273438,153.6380157470703,0.23791645467281342
gemma_270m_base,currency:12,currency,qa,2,1001.5305786132812,23.72415542602539,0.19232800602912903
gemma_270m_base,currency:12,currency,qa,3,2298.637451171875,14.361035346984863,0.23453181982040405
gemma_270m_base,currency:12,currency,qa,4,1679.45849609375,12.991984367370605,0.19433575868606567
gemma_270m_base,currency:12,currency,qa,5,3294.73388671875,17.28170394897461,0.15133976936340332
gemma_270m_base,currency:12,currency,qa,6,3568.699951171875,7.788375377655029,0.14677828550338745
gemma_270m_base,currency:12,currency,qa,7,5245.234375,17.287612915039062,0.16025537252426147
gemma_270m_base,currency:12,currency,qa,8,5343.70947265625,21.45149803161621,0.19213679432868958
gemma_270m_base,currency:12,currency,qa,9,5900.00390625,16.53162384033203,0.14677301049232483
gemma_270m_base,currency:12,currency,qa,10,9994.6748046875,31.512104034423828,0.20331703126430511
gemma_270m_base,currency:12,currency,qa,11,10748.8779296875,4.932729244232178,0.2121259868144989
gemma_270m_base,currency:12,currency,qa,12,14907.4541015625,33.76368713378906,0.1615775227546692
gemma_270m_base,currency:12,currency,qa,13,19983.8984375,27.548877716064453,0.12204107642173767
gemma_270m_base,currency:12,currency,qa,14,25221.927734375,44.02552032470703,0.1254972666501999
gemma_270m_base,currency:12,currency,qa,15,28902.703125,32.66472244262695,0.09712251275777817
gemma_270m_base,currency:12,currency,qa,16,40017.0234375,31.853382110595703,0.09547100961208344
gemma_270m_base,currency:12,currency,qa,17,99.57801818847656,14.203479766845703,0.11098350584506989
gemma_270m_base,currency:12,currency,chat_template,0,113.74109649658203,170.07179260253906,0.23404116928577423
gemma_270m_base,currency:12,currency,chat_template,1,803.5432739257812,106.14729309082031,0.21478867530822754
gemma_270m_base,currency:12,currency,chat_template,2,1087.84033203125,19.754636764526367,0.17359179258346558
gemma_270m_base,currency:12,currency,chat_template,3,1847.4822998046875,15.132928848266602,0.23337611556053162
gemma_270m_base,currency:12,currency,chat_template,4,2365.030029296875,9.957029342651367,0.19267411530017853
gemma_270m_base,currency:12,currency,chat_template,5,3551.56494140625,17.700101852416992,0.1544012874364853
gemma_270m_base,currency:12,currency,chat_template,6,3760.89453125,6.2643561363220215,0.15978851914405823
gemma_270m_base,currency:12,currency,chat_template,7,5319.5,15.597819328308105,0.1705082654953003
gemma_270m_base,currency:12,currency,chat_template,8,5733.18896484375,20.22071647644043,0.22234562039375305
gemma_270m_base,currency:12,currency,chat_template,9,6567.541015625,12.155455589294434,0.15547820925712585
gemma_270m_base,currency:12,currency,chat_template,10,11035.3525390625,27.003000259399414,0.20304371416568756
gemma_270m_base,currency:12,currency,chat_template,11,11295.814453125,4.084352493286133,0.21362684667110443
gemma_270m_base,currency:12,currency,chat_template,12,15535.625,26.19960594177246,0.1637209951877594
gemma_270m_base,currency:12,currency,chat_template,13,19811.544921875,29.479646682739258,0.12871474027633667
gemma_270m_base,currency:12,currency,chat_template,14,23979.533203125,41.932518005371094,0.1340605467557907
gemma_270m_base,currency:12,currency,chat_template,15,27059.9140625,32.51358413696289,0.10097197443246841
gemma_270m_base,currency:12,currency,chat_template,16,37239.875,36.297767639160156,0.09214526414871216
gemma_270m_base,currency:12,currency,chat_template,17,91.7086181640625,14.724542617797852,0.11831624805927277
gemma_270m_base,currency:13,currency,raw_question,0,148.93385314941406,195.5145263671875,0.22160226106643677
gemma_270m_base,currency:13,currency,raw_question,1,1099.2830810546875,101.87178802490234,0.1929493248462677
gemma_270m_base,currency:13,currency,raw_question,2,1298.788818359375,16.413372039794922,0.16420795023441315
gemma_270m_base,currency:13,currency,raw_question,3,1959.359619140625,13.216320991516113,0.2249877154827118
gemma_270m_base,currency:13,currency,raw_question,4,2288.762451171875,9.250579833984375,0.18078066408634186
gemma_270m_base,currency:13,currency,raw_question,5,2821.621337890625,18.10877799987793,0.14802779257297516
gemma_270m_base,currency:13,currency,raw_question,6,3648.413818359375,7.472467422485352,0.1649339199066162
gemma_270m_base,currency:13,currency,raw_question,7,5500.26611328125,18.534578323364258,0.18147578835487366
gemma_270m_base,currency:13,currency,raw_question,8,6031.50732421875,19.78325653076172,0.17897526919841766
gemma_270m_base,currency:13,currency,raw_question,9,6256.06298828125,14.198770523071289,0.14913353323936462
gemma_270m_base,currency:13,currency,raw_question,10,11861.525390625,30.042255401611328,0.20321179926395416
gemma_270m_base,currency:13,currency,raw_question,11,11889.46484375,4.478816509246826,0.19075430929660797
gemma_270m_base,currency:13,currency,raw_question,12,15184.384765625,27.830490112304688,0.1507304608821869
gemma_270m_base,currency:13,currency,raw_question,13,19321.123046875,29.882741928100586,0.11121923476457596
gemma_270m_base,currency:13,currency,raw_question,14,22120.744140625,49.46058654785156,0.118752621114254
gemma_270m_base,currency:13,currency,raw_question,15,23440.16015625,33.50553512573242,0.10451552271842957
gemma_270m_base,currency:13,currency,raw_question,16,31486.03125,43.39855194091797,0.10132168233394623
gemma_270m_base,currency:13,currency,raw_question,17,88.19515991210938,14.108073234558105,0.12865421175956726
gemma_270m_base,currency:13,currency,declarative,0,129.15097045898438,167.08164978027344,0.19375121593475342
gemma_270m_base,currency:13,currency,declarative,1,912.7491455078125,107.09028625488281,0.2324109673500061
gemma_270m_base,currency:13,currency,declarative,2,1218.07177734375,19.6292667388916,0.1906997561454773
gemma_270m_base,currency:13,currency,declarative,3,1701.56640625,12.450879096984863,0.23183493316173553
gemma_270m_base,currency:13,currency,declarative,4,2702.8466796875,9.641868591308594,0.18978817760944366
gemma_270m_base,currency:13,currency,declarative,5,3048.24462890625,18.058317184448242,0.150251567363739
gemma_270m_base,currency:13,currency,declarative,6,3513.296142578125,7.967503547668457,0.1630420833826065
gemma_270m_base,currency:13,currency,declarative,7,6199.0830078125,20.131980895996094,0.19248583912849426
gemma_270m_base,currency:13,currency,declarative,8,6357.3037109375,16.84308433532715,0.1718481183052063
gemma_270m_base,currency:13,currency,declarative,9,6993.98779296875,15.29788589477539,0.14038613438606262
gemma_270m_base,currency:13,currency,declarative,10,10124.3955078125,31.4566593170166,0.17707714438438416
gemma_270m_base,currency:13,currency,declarative,11,11746.884765625,4.880957126617432,0.20327267050743103
gemma_270m_base,currency:13,currency,declarative,12,14730.1220703125,42.050804138183594,0.15433183312416077
gemma_270m_base,currency:13,currency,declarative,13,20244.5,29.37742805480957,0.12454255670309067
gemma_270m_base,currency:13,currency,declarative,14,26722.35546875,53.24589920043945,0.12194392830133438
gemma_270m_base,currency:13,currency,declarative,15,28663.2734375,38.27174377441406,0.09520100057125092
gemma_270m_base,currency:13,currency,declarative,16,37644.30078125,38.123573303222656,0.09364181756973267
gemma_270m_base,currency:13,currency,declarative,17,122.65337371826172,14.802774429321289,0.10875336825847626
gemma_270m_base,currency:13,currency,qa,0,111.50347900390625,142.07186889648438,0.24894164502620697
gemma_270m_base,currency:13,currency,qa,1,845.9800415039062,156.4700469970703,0.23885932564735413
gemma_270m_base,currency:13,currency,qa,2,997.3229370117188,23.552520751953125,0.19129222631454468
gemma_270m_base,currency:13,currency,qa,3,2297.301513671875,14.552499771118164,0.23592738807201385
gemma_270m_base,currency:13,currency,qa,4,1642.1865234375,13.101719856262207,0.19559842348098755
gemma_270m_base,currency:13,currency,qa,5,3264.537841796875,17.19231414794922,0.1528012603521347
gemma_270m_base,currency:13,currency,qa,6,3535.513916015625,8.03508472442627,0.14617039263248444
gemma_270m_base,currency:13,currency,qa,7,5207.05908203125,17.286087036132812,0.16276367008686066
gemma_270m_base,currency:13,currency,qa,8,5201.18115234375,22.540367126464844,0.18975377082824707
gemma_270m_base,currency:13,currency,qa,9,5750.18212890625,17.04632568359375,0.14823298156261444
gemma_270m_base,currency:13,currency,qa,10,10121.8291015625,30.90140724182129,0.20405371487140656
gemma_270m_base,currency:13,currency,qa,11,10669.232421875,4.845482349395752,0.21281498670578003
gemma_270m_base,currency:13,currency,qa,12,14294.9248046875,33.3503303527832,0.16712871193885803
gemma_270m_base,currency:13,currency,qa,13,18839.302734375,28.93372344970703,0.12478245794773102
gemma_270m_base,currency:13,currency,qa,14,24672.416015625,44.756587982177734,0.1274881362915039
gemma_270m_base,currency:13,currency,qa,15,27492.24609375,32.271759033203125,0.09908151626586914
gemma_270m_base,currency:13,currency,qa,16,37443.0,33.527347564697266,0.09706997871398926
gemma_270m_base,currency:13,currency,qa,17,102.1406021118164,13.755309104919434,0.11633908748626709
gemma_270m_base,currency:13,currency,chat_template,0,113.3985595703125,172.1444091796875,0.2342456579208374
gemma_270m_base,currency:13,currency,chat_template,1,806.848876953125,108.44316101074219,0.2197519838809967
gemma_270m_base,currency:13,currency,chat_template,2,1088.2335205078125,19.939237594604492,0.1731511950492859
gemma_270m_base,currency:13,currency,chat_template,3,1845.8134765625,15.2066650390625,0.2340199053287506
gemma_270m_base,currency:13,currency,chat_template,4,2350.173828125,10.022268295288086,0.19359058141708374
gemma_270m_base,currency:13,currency,chat_template,5,3575.232177734375,17.629528045654297,0.15457263588905334
gemma_270m_base,currency:13,currency,chat_template,6,3759.416259765625,6.383634090423584,0.15967199206352234
gemma_270m_base,currency:13,currency,chat_template,7,5293.748046875,15.54396915435791,0.1739659309387207
gemma_270m_base,currency:13,currency,chat_template,8,5733.9921875,20.228275299072266,0.22048300504684448
gemma_270m_base,currency:13,currency,chat_template,9,6536.4404296875,12.027933120727539,0.15397243201732635
gemma_270m_base,currency:13,currency,chat_template,10,11038.5478515625,27.214292526245117,0.20381027460098267
gemma_270m_base,currency:13,currency,chat_template,11,11294.6943359375,4.055071830749512,0.2147168070077896
gemma_270m_base,currency:13,currency,chat_template,12,15060.0146484375,27.729259490966797,0.16680322587490082
gemma_270m_base,currency:13,currency,chat_template,13,19061.564453125,32.48808670043945,0.12922537326812744
gemma_270m_base,currency:13,currency,chat_template,14,23885.16796875,42.69580841064453,0.13464203476905823
gemma_270m_base,currency:13,currency,chat_template,15,26460.708984375,32.467674255371094,0.10214792191982269
gemma_270m_base,currency:13,currency,chat_template,16,36865.37890625,37.083091735839844,0.09395582973957062
gemma_270m_base,currency:13,currency,chat_template,17,92.74333953857422,13.303984642028809,0.11838775128126144
gemma_270m_base,currency:14,currency,raw_question,0,150.02987670898438,193.94671630859375,0.22193491458892822
gemma_270m_base,currency:14,currency,raw_question,1,1107.117431640625,101.927001953125,0.1894664317369461
gemma_270m_base,currency:14,currency,raw_question,2,1268.8179931640625,16.661603927612305,0.16411469876766205
gemma_270m_base,currency:14,currency,raw_question,3,1940.6849365234375,13.369156837463379,0.22420722246170044
gemma_270m_base,currency:14,currency,raw_question,4,2287.87109375,9.212139129638672,0.1798611432313919
gemma_270m_base,currency:14,currency,raw_question,5,2770.81201171875,17.942659378051758,0.1486319899559021
gemma_270m_base,currency:14,currency,raw_question,6,3637.03369140625,7.468569278717041,0.16494250297546387
gemma_270m_base,currency:14,currency,raw_question,7,5496.53515625,17.85304069519043,0.18229928612709045
gemma_270m_base,currency:14,currency,raw_question,8,6004.0439453125,19.729677200317383,0.18049149215221405
gemma_270m_base,currency:14,currency,raw_question,9,6256.95751953125,14.403311729431152,0.14976735413074493
gemma_270m_base,currency:14,currency,raw_question,10,11984.7197265625,29.489994049072266,0.20245057344436646
gemma_270m_base,currency:14,currency,raw_question,11,12016.37109375,4.476278305053711,0.18530389666557312
gemma_270m_base,currency:14,currency,raw_question,12,15675.181640625,26.85255241394043,0.14339277148246765
gemma_270m_base,currency:14,currency,raw_question,13,19963.81640625,30.149986267089844,0.10798465460538864
gemma_270m_base,currency:14,currency,raw_question,14,22251.662109375,47.64360046386719,0.11438226699829102
gemma_270m_base,currency:14,currency,raw_question,15,23755.7421875,33.36284637451172,0.1003088653087616
gemma_270m_base,currency:14,currency,raw_question,16,31891.48828125,43.11835479736328,0.0972808450460434
gemma_270m_base,currency:14,currency,raw_question,17,86.45298767089844,14.621786117553711,0.12320345640182495
gemma_270m_base,currency:14,currency,declarative,0,129.12229919433594,169.95565795898438,0.19305714964866638
gemma_270m_base,currency:14,currency,declarative,1,930.78076171875,101.43941497802734,0.21799324452877045
gemma_270m_base,currency:14,currency,declarative,2,1232.692138671875,20.13128662109375,0.1893671751022339
gemma_270m_base,currency:14,currency,declarative,3,1694.808349609375,12.525555610656738,0.2298469841480255
gemma_270m_base,currency:14,currency,declarative,4,2641.3251953125,9.453547477722168,0.19080036878585815
gemma_270m_base,currency:14,currency,declarative,5,3040.489990234375,17.912981033325195,0.15060584247112274
gemma_270m_base,currency:14,currency,declarative,6,3555.419921875,7.9198455810546875,0.15873822569847107
gemma_270m_base,currency:14,currency,declarative,7,6263.0068359375,19.787935256958008,0.1865847110748291
gemma_270m_base,currency:14,currency,declarative,8,6424.6455078125,17.56804656982422,0.17285983264446259
gemma_270m_base,currency:14,currency,declarative,9,7088.0546875,15.23819637298584,0.13784345984458923
gemma_270m_base,currency:14,currency,declarative,10,10313.6796875,29.470298767089844,0.1771056205034256
gemma_270m_base,currency:14,currency,declarative,11,11999.201171875,4.986513137817383,0.20060588419437408
gemma_270m_base,currency:14,currency,declarative,12,15423.931640625,38.979244232177734,0.1473863422870636
gemma_270m_base,currency:14,currency,declarative,13,20937.39453125,29.920923233032227,0.11916230618953705
gemma_270m_base,currency:14,currency,declarative,14,26414.44921875,51.989906311035156,0.11782604455947876
gemma_270m_base,currency:14,currency,declarative,15,28420.732421875,34.2324333190918,0.09329107403755188
gemma_270m_base,currency:14,currency,declarative,16,37333.44140625,38.12734603881836,0.09130241721868515
gemma_270m_base,currency:14,currency,declarative,17,108.18607330322266,13.973421096801758,0.10581479221582413
gemma_270m_base,currency:14,currency,qa,0,112.49128723144531,140.51095581054688,0.25101110339164734
gemma_270m_base,currency:14,currency,qa,1,843.7757568359375,155.2924346923828,0.2383357435464859
gemma_270m_base,currency:14,currency,qa,2,998.0803833007812,23.820575714111328,0.19248682260513306
gemma_270m_base,currency:14,currency,qa,3,2298.679931640625,14.50171184539795,0.23678123950958252
gemma_270m_base,currency:14,currency,qa,4,1619.9393310546875,13.136051177978516,0.19673077762126923
gemma_270m_base,currency:14,currency,qa,5,3250.315185546875,17.258285522460938,0.1521977186203003
gemma_270m_base,currency:14,currency,qa,6,3500.718017578125,7.83665132522583,0.14664894342422485
gemma_270m_base,currency:14,currency,qa,7,5294.19482421875,17.454835891723633,0.16120533645153046
gemma_270m_base,currency:14,currency,qa,8,5300.6318359375,20.603519439697266,0.19229069352149963
gemma_270m_base,currency:14,currency,qa,9,5744.5517578125,16.80872917175293,0.1446259319782257
gemma_270m_base,currency:14,currency,qa,10,9997.8056640625,31.267066955566406,0.20531843602657318
gemma_270m_base,currency:14,currency,qa,11,10800.078125,4.962172985076904,0.20905375480651855
gemma_270m_base,currency:14,currency,qa,12,14763.4697265625,33.98685836791992,0.15874871611595154
gemma_270m_base,currency:14,currency,qa,13,19627.36328125,27.80718231201172,0.11950691044330597
gemma_270m_base,currency:14,currency,qa,14,25016.9765625,43.81181716918945,0.1232876256108284
gemma_270m_base,currency:14,currency,qa,15,28078.984375,30.233949661254883,0.09560728818178177
gemma_270m_base,currency:14,currency,qa,16,38494.09375,33.54806900024414,0.0943993404507637
gemma_270m_base,currency:14,currency,qa,17,98.44026947021484,13.247157096862793,0.11149604618549347
gemma_270m_base,currency:14,currency,chat_template,0,113.32392120361328,170.47622680664062,0.23465335369110107
gemma_270m_base,currency:14,currency,chat_template,1,797.6640625,106.05644226074219,0.21276560425758362
gemma_270m_base,currency:14,currency,chat_template,2,1073.767578125,19.438417434692383,0.17315606772899628
gemma_270m_base,currency:14,currency,chat_template,3,1833.0526123046875,15.211736679077148,0.23679760098457336
gemma_270m_base,currency:14,currency,chat_template,4,2335.596923828125,9.888163566589355,0.1930396407842636
gemma_270m_base,currency:14,currency,chat_template,5,3533.21044921875,17.60993003845215,0.15474818646907806
gemma_270m_base,currency:14,currency,chat_template,6,3730.47607421875,6.361150741577148,0.1595841497182846
gemma_270m_base,currency:14,currency,chat_template,7,5267.3076171875,15.718366622924805,0.17203256487846375
gemma_270m_base,currency:14,currency,chat_template,8,5687.4228515625,20.010486602783203,0.21941126883029938
gemma_270m_base,currency:14,currency,chat_template,9,6519.64208984375,12.289606094360352,0.1545676290988922
gemma_270m_base,currency:14,currency,chat_template,10,11039.8837890625,27.022724151611328,0.2050880789756775
gemma_270m_base,currency:14,currency,chat_template,11,11228.021484375,4.046612739562988,0.212781623005867
gemma_270m_base,currency:14,currency,chat_template,12,15257.6162109375,26.45808982849121,0.16112175583839417
gemma_270m_base,currency:14,currency,chat_template,13,19381.396484375,30.556121826171875,0.1262854039669037
gemma_270m_base,currency:14,currency,chat_template,14,23531.13671875,40.959754943847656,0.13280053436756134
gemma_270m_base,currency:14,currency,chat_template,15,26577.90625,31.61078453063965,0.10095960646867752
gemma_270m_base,currency:14,currency,chat_template,16,37196.26953125,36.975467681884766,0.0925152599811554
gemma_270m_base,currency:14,currency,chat_template,17,90.54048156738281,13.099431991577148,0.11651809513568878
gemma_270m_base,currency:15,currency,raw_question,0,150.36465454101562,193.81202697753906,0.22082237899303436
gemma_270m_base,currency:15,currency,raw_question,1,1103.8916015625,102.76548767089844,0.19003507494926453
gemma_270m_base,currency:15,currency,raw_question,2,1314.7950439453125,16.340286254882812,0.16559261083602905
gemma_270m_base,currency:15,currency,raw_question,3,1951.65625,13.289032936096191,0.22258542478084564
gemma_270m_base,currency:15,currency,raw_question,4,2227.130859375,8.894821166992188,0.178395077586174
gemma_270m_base,currency:15,currency,raw_question,5,2767.740478515625,18.116865158081055,0.14841827750205994
gemma_270m_base,currency:15,currency,raw_question,6,3728.34423828125,7.223391056060791,0.16423478722572327
gemma_270m_base,currency:15,currency,raw_question,7,5712.51220703125,17.638673782348633,0.18194973468780518
gemma_270m_base,currency:15,currency,raw_question,8,6120.07958984375,19.88310432434082,0.17840412259101868
gemma_270m_base,currency:15,currency,raw_question,9,6369.07666015625,14.039748191833496,0.14949384331703186
gemma_270m_base,currency:15,currency,raw_question,10,11925.5009765625,29.322128295898438,0.202061265707016
gemma_270m_base,currency:15,currency,raw_question,11,12036.1259765625,4.52539587020874,0.1892167627811432
gemma_270m_base,currency:15,currency,raw_question,12,16408.66796875,26.537761688232422,0.15048310160636902
gemma_270m_base,currency:15,currency,raw_question,13,20297.26953125,29.597000122070312,0.11071482300758362
gemma_270m_base,currency:15,currency,raw_question,14,22442.814453125,49.565765380859375,0.11571408063173294
gemma_270m_base,currency:15,currency,raw_question,15,24084.87890625,33.686851501464844,0.1019618958234787
gemma_270m_base,currency:15,currency,raw_question,16,32923.26953125,44.565853118896484,0.09832920134067535
gemma_270m_base,currency:15,currency,raw_question,17,89.79639434814453,14.391712188720703,0.12194925546646118
gemma_270m_base,currency:15,currency,declarative,0,127.8398208618164,162.6420440673828,0.1919267326593399
gemma_270m_base,currency:15,currency,declarative,1,913.37255859375,109.72953033447266,0.22539053857326508
gemma_270m_base,currency:15,currency,declarative,2,1217.6417236328125,19.62224578857422,0.1911182701587677
gemma_270m_base,currency:15,currency,declarative,3,1676.1187744140625,12.589676856994629,0.2291969209909439
gemma_270m_base,currency:15,currency,declarative,4,2609.00146484375,9.165506362915039,0.1892039179801941
gemma_270m_base,currency:15,currency,declarative,5,3009.336181640625,18.07402801513672,0.14977368712425232
gemma_270m_base,currency:15,currency,declarative,6,3610.972900390625,7.889636516571045,0.1629391461610794
gemma_270m_base,currency:15,currency,declarative,7,6335.95263671875,18.845083236694336,0.19495441019535065
gemma_270m_base,currency:15,currency,declarative,8,6668.5771484375,17.68437957763672,0.1731405258178711
gemma_270m_base,currency:15,currency,declarative,9,7120.2333984375,14.888479232788086,0.13753752410411835
gemma_270m_base,currency:15,currency,declarative,10,10184.6826171875,31.501750946044922,0.1743272840976715
gemma_270m_base,currency:15,currency,declarative,11,12020.677734375,4.887506484985352,0.20151472091674805
gemma_270m_base,currency:15,currency,declarative,12,16111.970703125,37.915672302246094,0.15494893491268158
gemma_270m_base,currency:15,currency,declarative,13,21296.095703125,29.179927825927734,0.12038371711969376
gemma_270m_base,currency:15,currency,declarative,14,27081.20703125,52.15679168701172,0.11530730128288269
gemma_270m_base,currency:15,currency,declarative,15,29245.9140625,38.39665985107422,0.09183172881603241
gemma_270m_base,currency:15,currency,declarative,16,38010.828125,39.99129104614258,0.0910058319568634
gemma_270m_base,currency:15,currency,declarative,17,114.74655151367188,15.089272499084473,0.10816330462694168
gemma_270m_base,currency:15,currency,qa,0,113.29271697998047,138.9489288330078,0.2513911724090576
gemma_270m_base,currency:15,currency,qa,1,829.702880859375,157.24851989746094,0.23541396856307983
gemma_270m_base,currency:15,currency,qa,2,1001.5626831054688,23.11965560913086,0.19132864475250244
gemma_270m_base,currency:15,currency,qa,3,2310.96240234375,14.427419662475586,0.23663122951984406
gemma_270m_base,currency:15,currency,qa,4,1706.5423583984375,12.79726791381836,0.19429725408554077
gemma_270m_base,currency:15,currency,qa,5,3287.068115234375,17.24180793762207,0.1517472118139267
gemma_270m_base,currency:15,currency,qa,6,3483.067138671875,7.776928424835205,0.1462334841489792
gemma_270m_base,currency:15,currency,qa,7,5321.1572265625,17.568187713623047,0.16200599074363708
gemma_270m_base,currency:15,currency,qa,8,5368.1943359375,20.827495574951172,0.18966896831989288
gemma_270m_base,currency:15,currency,qa,9,5800.09326171875,16.551496505737305,0.14539800584316254
gemma_270m_base,currency:15,currency,qa,10,9930.29296875,32.020118713378906,0.20213063061237335
gemma_270m_base,currency:15,currency,qa,11,10754.7763671875,5.031800746917725,0.2119188755750656
gemma_270m_base,currency:15,currency,qa,12,15390.607421875,32.01768493652344,0.1666417121887207
gemma_270m_base,currency:15,currency,qa,13,20147.96484375,28.61017417907715,0.12227805703878403
gemma_270m_base,currency:15,currency,qa,14,25492.623046875,44.96977996826172,0.12329722940921783
gemma_270m_base,currency:15,currency,qa,15,28516.26171875,34.28982925415039,0.09653240442276001
gemma_270m_base,currency:15,currency,qa,16,39620.3671875,33.20806884765625,0.0966591089963913
gemma_270m_base,currency:15,currency,qa,17,99.2484130859375,13.39939022064209,0.11196402460336685
gemma_270m_base,currency:15,currency,chat_template,0,113.69288635253906,169.6292724609375,0.23502518236637115
gemma_270m_base,currency:15,currency,chat_template,1,800.2135009765625,106.81027221679688,0.21129052340984344
gemma_270m_base,currency:15,currency,chat_template,2,1091.6783447265625,19.6527099609375,0.17199623584747314
gemma_270m_base,currency:15,currency,chat_template,3,1873.89453125,14.979681015014648,0.23401036858558655
gemma_270m_base,currency:15,currency,chat_template,4,2349.87744140625,9.825568199157715,0.1936400979757309
gemma_270m_base,currency:15,currency,chat_template,5,3570.370849609375,17.78281021118164,0.1548401117324829
gemma_270m_base,currency:15,currency,chat_template,6,3772.98583984375,6.221288204193115,0.16001629829406738
gemma_270m_base,currency:15,currency,chat_template,7,5329.1533203125,15.692626953125,0.17288713157176971
gemma_270m_base,currency:15,currency,chat_template,8,5822.12451171875,20.495630264282227,0.2197331190109253
gemma_270m_base,currency:15,currency,chat_template,9,6588.0830078125,12.16617202758789,0.15431740880012512
gemma_270m_base,currency:15,currency,chat_template,10,11156.638671875,26.63076400756836,0.2011387050151825
gemma_270m_base,currency:15,currency,chat_template,11,11216.158203125,4.0789408683776855,0.2130914032459259
gemma_270m_base,currency:15,currency,chat_template,12,15855.0673828125,24.978715896606445,0.16541838645935059
gemma_270m_base,currency:15,currency,chat_template,13,19807.009765625,30.163476943969727,0.12654653191566467
gemma_270m_base,currency:15,currency,chat_template,14,23863.57421875,43.09623336791992,0.13176900148391724
gemma_270m_base,currency:15,currency,chat_template,15,27004.4765625,32.081031799316406,0.10012437403202057
gemma_270m_base,currency:15,currency,chat_template,16,37965.12109375,38.249088287353516,0.09247082471847534
gemma_270m_base,currency:15,currency,chat_template,17,92.09789276123047,13.899150848388672,0.11752961575984955
gemma_270m_base,currency:16,currency,raw_question,0,150.45933532714844,195.5714111328125,0.22000491619110107
gemma_270m_base,currency:16,currency,raw_question,1,1103.6788330078125,97.32561492919922,0.1916031688451767
gemma_270m_base,currency:16,currency,raw_question,2,1284.273681640625,16.542537689208984,0.1663033664226532
gemma_270m_base,currency:16,currency,raw_question,3,1908.5323486328125,13.207612037658691,0.22646093368530273
gemma_270m_base,currency:16,currency,raw_question,4,2196.815673828125,9.155969619750977,0.1803281307220459
gemma_270m_base,currency:16,currency,raw_question,5,2750.11474609375,17.934345245361328,0.14770200848579407
gemma_270m_base,currency:16,currency,raw_question,6,3663.192626953125,7.191011428833008,0.1650666743516922
gemma_270m_base,currency:16,currency,raw_question,7,5586.25927734375,17.482336044311523,0.18041002750396729
gemma_270m_base,currency:16,currency,raw_question,8,5975.0107421875,20.127824783325195,0.17952075600624084
gemma_270m_base,currency:16,currency,raw_question,9,6224.181640625,14.17958927154541,0.1498725265264511
gemma_270m_base,currency:16,currency,raw_question,10,11732.0966796875,29.589746475219727,0.20476555824279785
gemma_270m_base,currency:16,currency,raw_question,11,11946.9833984375,4.570468425750732,0.18882101774215698
gemma_270m_base,currency:16,currency,raw_question,12,15869.9443359375,26.7117919921875,0.14630718529224396
gemma_270m_base,currency:16,currency,raw_question,13,19899.65234375,29.40268325805664,0.10717927664518356
gemma_270m_base,currency:16,currency,raw_question,14,22331.853515625,47.190799713134766,0.11375565826892853
gemma_270m_base,currency:16,currency,raw_question,15,23965.330078125,34.42568588256836,0.09805089235305786
gemma_270m_base,currency:16,currency,raw_question,16,32180.896484375,43.95254898071289,0.09337589889764786
gemma_270m_base,currency:16,currency,raw_question,17,85.7370834350586,13.534585952758789,0.12009511888027191
gemma_270m_base,currency:16,currency,declarative,0,127.57811737060547,158.17181396484375,0.19428986310958862
gemma_270m_base,currency:16,currency,declarative,1,920.228271484375,102.09905242919922,0.21875232458114624
gemma_270m_base,currency:16,currency,declarative,2,1225.2633056640625,20.419076919555664,0.19173374772071838
gemma_270m_base,currency:16,currency,declarative,3,1663.6588134765625,12.023263931274414,0.22859662771224976
gemma_270m_base,currency:16,currency,declarative,4,2578.26513671875,9.377254486083984,0.18772020936012268
gemma_270m_base,currency:16,currency,declarative,5,2952.146728515625,17.84803009033203,0.14896129071712494
gemma_270m_base,currency:16,currency,declarative,6,3599.3232421875,7.742918968200684,0.16432370245456696
gemma_270m_base,currency:16,currency,declarative,7,6320.98583984375,18.284135818481445,0.18987229466438293
gemma_270m_base,currency:16,currency,declarative,8,6548.06396484375,18.039148330688477,0.176153764128685
gemma_270m_base,currency:16,currency,declarative,9,7153.5,15.319945335388184,0.13987593352794647
gemma_270m_base,currency:16,currency,declarative,10,10189.5830078125,30.847976684570312,0.17873963713645935
gemma_270m_base,currency:16,currency,declarative,11,11906.6455078125,5.00637674331665,0.20014217495918274
gemma_270m_base,currency:16,currency,declarative,12,15678.673828125,38.35273361206055,0.1509208381175995
gemma_270m_base,currency:16,currency,declarative,13,20934.49609375,29.7608699798584,0.1175873875617981
gemma_270m_base,currency:16,currency,declarative,14,26587.029296875,50.25776672363281,0.11485275626182556
gemma_270m_base,currency:16,currency,declarative,15,29324.05078125,36.17497634887695,0.09200292825698853
gemma_270m_base,currency:16,currency,declarative,16,38459.79296875,38.00712966918945,0.08847744017839432
gemma_270m_base,currency:16,currency,declarative,17,112.33531188964844,14.367474555969238,0.10334997624158859
gemma_270m_base,currency:16,currency,qa,0,111.9423599243164,140.45916748046875,0.24507220089435577
gemma_270m_base,currency:16,currency,qa,1,840.3003540039062,153.22366333007812,0.23837102949619293
gemma_270m_base,currency:16,currency,qa,2,1005.0349731445312,23.80643653869629,0.19288370013237
gemma_270m_base,currency:16,currency,qa,3,2280.30517578125,14.497532844543457,0.23613357543945312
gemma_270m_base,currency:16,currency,qa,4,1649.2276611328125,13.001572608947754,0.19649618864059448
gemma_270m_base,currency:16,currency,qa,5,3272.836669921875,17.192520141601562,0.15227416157722473
gemma_270m_base,currency:16,currency,qa,6,3523.608642578125,7.483222961425781,0.1464405059814453
gemma_270m_base,currency:16,currency,qa,7,5260.90869140625,17.510831832885742,0.1594102680683136
gemma_270m_base,currency:16,currency,qa,8,5265.91650390625,20.5709285736084,0.19024255871772766
gemma_270m_base,currency:16,currency,qa,9,5669.2998046875,16.512042999267578,0.14384204149246216
gemma_270m_base,currency:16,currency,qa,10,9867.171875,32.41824722290039,0.20675107836723328
gemma_270m_base,currency:16,currency,qa,11,10743.06640625,5.050073146820068,0.21058708429336548
gemma_270m_base,currency:16,currency,qa,12,15217.6298828125,32.83810806274414,0.16239005327224731
gemma_270m_base,currency:16,currency,qa,13,20009.498046875,30.07181167602539,0.11937250196933746
gemma_270m_base,currency:16,currency,qa,14,25843.77734375,42.69337844848633,0.1227484717965126
gemma_270m_base,currency:16,currency,qa,15,29037.771484375,31.712318420410156,0.09379269182682037
gemma_270m_base,currency:16,currency,qa,16,40367.28515625,31.85774803161621,0.09043510258197784
gemma_270m_base,currency:16,currency,qa,17,94.07270812988281,12.697822570800781,0.10643117874860764
gemma_270m_base,currency:16,currency,chat_template,0,113.46707916259766,170.31141662597656,0.23280763626098633
gemma_270m_base,currency:16,currency,chat_template,1,800.1875610351562,104.16864013671875,0.2134244441986084
gemma_270m_base,currency:16,currency,chat_template,2,1080.309814453125,19.534835815429688,0.17361189424991608
gemma_270m_base,currency:16,currency,chat_template,3,1841.7535400390625,15.14378547668457,0.23538590967655182
gemma_270m_base,currency:16,currency,chat_template,4,2350.123291015625,9.87520694732666,0.19356326758861542
gemma_270m_base,currency:16,currency,chat_template,5,3513.0849609375,17.724639892578125,0.1544376015663147
gemma_270m_base,currency:16,currency,chat_template,6,3756.291259765625,6.312896728515625,0.16018179059028625
gemma_270m_base,currency:16,currency,chat_template,7,5198.46533203125,15.672257423400879,0.17176830768585205
gemma_270m_base,currency:16,currency,chat_template,8,5671.60009765625,20.281545639038086,0.22183722257614136
gemma_270m_base,currency:16,currency,chat_template,9,6504.2392578125,12.390822410583496,0.1553393304347992
gemma_270m_base,currency:16,currency,chat_template,10,10971.4873046875,27.38275718688965,0.20462149381637573
gemma_270m_base,currency:16,currency,chat_template,11,11177.337890625,4.094240665435791,0.21317701041698456
gemma_270m_base,currency:16,currency,chat_template,12,15740.576171875,26.139429092407227,0.16330818831920624
gemma_270m_base,currency:16,currency,chat_template,13,19524.837890625,31.4365177154541,0.1258329153060913
gemma_270m_base,currency:16,currency,chat_template,14,24036.189453125,40.81209945678711,0.1319674551486969
gemma_270m_base,currency:16,currency,chat_template,15,27304.47265625,32.71666717529297,0.09669235348701477
gemma_270m_base,currency:16,currency,chat_template,16,38005.015625,37.00566482543945,0.0886392593383789
gemma_270m_base,currency:16,currency,chat_template,17,90.27593231201172,13.09732723236084,0.11321883648633957
gemma_270m_base,currency:17,currency,raw_question,0,149.2233428955078,196.3337860107422,0.2214023470878601
gemma_270m_base,currency:17,currency,raw_question,1,1099.7781982421875,104.15612030029297,0.18888968229293823
gemma_270m_base,currency:17,currency,raw_question,2,1253.7747802734375,16.516788482666016,0.16499732434749603
gemma_270m_base,currency:17,currency,raw_question,3,1921.587158203125,13.312419891357422,0.22468504309654236
gemma_270m_base,currency:17,currency,raw_question,4,2257.08349609375,8.891707420349121,0.17875199019908905
gemma_270m_base,currency:17,currency,raw_question,5,2743.128173828125,18.197233200073242,0.14726197719573975
gemma_270m_base,currency:17,currency,raw_question,6,3674.262451171875,7.50827693939209,0.164828360080719
gemma_270m_base,currency:17,currency,raw_question,7,5608.82861328125,17.776229858398438,0.18025901913642883
gemma_270m_base,currency:17,currency,raw_question,8,6118.74169921875,19.100543975830078,0.18066459894180298
gemma_270m_base,currency:17,currency,raw_question,9,6286.78076171875,14.556923866271973,0.1495959311723709
gemma_270m_base,currency:17,currency,raw_question,10,11926.3642578125,29.871307373046875,0.20400401949882507
gemma_270m_base,currency:17,currency,raw_question,11,11958.279296875,4.521850109100342,0.186629980802536
gemma_270m_base,currency:17,currency,raw_question,12,15719.8232421875,25.725893020629883,0.14450818300247192
gemma_270m_base,currency:17,currency,raw_question,13,19793.087890625,29.530494689941406,0.10821913182735443
gemma_270m_base,currency:17,currency,raw_question,14,22048.486328125,47.150962829589844,0.1157049909234047
gemma_270m_base,currency:17,currency,raw_question,15,23777.556640625,34.21805191040039,0.10249461233615875
gemma_270m_base,currency:17,currency,raw_question,16,31767.732421875,43.018089294433594,0.09959814697504044
gemma_270m_base,currency:17,currency,raw_question,17,90.18708801269531,16.06374740600586,0.12307502329349518
gemma_270m_base,currency:17,currency,declarative,0,128.9030303955078,170.22044372558594,0.18916960060596466
gemma_270m_base,currency:17,currency,declarative,1,923.5645751953125,106.2270736694336,0.2183256447315216
gemma_270m_base,currency:17,currency,declarative,2,1203.20361328125,19.783079147338867,0.1899017095565796
gemma_270m_base,currency:17,currency,declarative,3,1702.781005859375,12.55111312866211,0.23150774836540222
gemma_270m_base,currency:17,currency,declarative,4,2657.357177734375,9.096883773803711,0.18781433999538422
gemma_270m_base,currency:17,currency,declarative,5,3031.357666015625,18.01765251159668,0.14964205026626587
gemma_270m_base,currency:17,currency,declarative,6,3577.505859375,7.959240436553955,0.15937428176403046
gemma_270m_base,currency:17,currency,declarative,7,6294.99365234375,19.496173858642578,0.18475216627120972
gemma_270m_base,currency:17,currency,declarative,8,6493.61572265625,17.370359420776367,0.1735747754573822
gemma_270m_base,currency:17,currency,declarative,9,7093.58544921875,15.243209838867188,0.13723444938659668
gemma_270m_base,currency:17,currency,declarative,10,10324.07421875,30.735780715942383,0.17963907122612
gemma_270m_base,currency:17,currency,declarative,11,11995.1962890625,4.984673976898193,0.2005564421415329
gemma_270m_base,currency:17,currency,declarative,12,15836.9765625,36.04963302612305,0.1471870392560959
gemma_270m_base,currency:17,currency,declarative,13,21017.056640625,29.017240524291992,0.11632417142391205
gemma_270m_base,currency:17,currency,declarative,14,26579.615234375,51.31696701049805,0.11816927045583725
gemma_270m_base,currency:17,currency,declarative,15,28565.662109375,36.467010498046875,0.093850277364254
gemma_270m_base,currency:17,currency,declarative,16,38087.296875,37.172611236572266,0.09290526807308197
gemma_270m_base,currency:17,currency,declarative,17,113.60223388671875,15.878241539001465,0.1039697527885437
gemma_270m_base,currency:17,currency,qa,0,113.11302947998047,140.4703369140625,0.25081372261047363
gemma_270m_base,currency:17,currency,qa,1,842.8343505859375,155.0247039794922,0.2370794117450714
gemma_270m_base,currency:17,currency,qa,2,990.2260131835938,23.774703979492188,0.19216375052928925
gemma_270m_base,currency:17,currency,qa,3,2313.917236328125,14.4445219039917,0.23718367516994476
gemma_270m_base,currency:17,currency,qa,4,1625.138671875,13.090203285217285,0.19637437164783478
gemma_270m_base,currency:17,currency,qa,5,3249.047607421875,17.306272506713867,0.15234249830245972
gemma_270m_base,currency:17,currency,qa,6,3493.2265625,7.876066207885742,0.14673426747322083
gemma_270m_base,currency:17,currency,qa,7,5258.4716796875,17.22565269470215,0.16211333870887756
gemma_270m_base,currency:17,currency,qa,8,5266.6201171875,20.960735321044922,0.19352689385414124
gemma_270m_base,currency:17,currency,qa,9,5747.466796875,16.976940155029297,0.1452259123325348
gemma_270m_base,currency:17,currency,qa,10,9937.33984375,32.29189682006836,0.20917218923568726
gemma_270m_base,currency:17,currency,qa,11,10745.5625,5.069945335388184,0.2110186219215393
gemma_270m_base,currency:17,currency,qa,12,14868.5048828125,33.05915451049805,0.16010305285453796
gemma_270m_base,currency:17,currency,qa,13,19582.580078125,27.651611328125,0.11938875913619995
gemma_270m_base,currency:17,currency,qa,14,25232.564453125,43.14950180053711,0.1254047155380249
gemma_270m_base,currency:17,currency,qa,15,28345.84375,32.18660354614258,0.09803126007318497
gemma_270m_base,currency:17,currency,qa,16,39233.9296875,32.348506927490234,0.0977884829044342
gemma_270m_base,currency:17,currency,qa,17,102.97595977783203,14.520418167114258,0.1102847307920456
gemma_270m_base,currency:17,currency,chat_template,0,112.68544006347656,170.51976013183594,0.2361687421798706
gemma_270m_base,currency:17,currency,chat_template,1,800.094970703125,104.7730941772461,0.2122071534395218
gemma_270m_base,currency:17,currency,chat_template,2,1072.721435546875,19.388113021850586,0.17353712022304535
gemma_270m_base,currency:17,currency,chat_template,3,1834.2806396484375,15.250809669494629,0.23622560501098633
gemma_270m_base,currency:17,currency,chat_template,4,2336.035400390625,9.875460624694824,0.19342216849327087
gemma_270m_base,currency:17,currency,chat_template,5,3487.421142578125,17.699068069458008,0.15480279922485352
gemma_270m_base,currency:17,currency,chat_template,6,3695.40869140625,6.28291130065918,0.15980808436870575
gemma_270m_base,currency:17,currency,chat_template,7,5261.58056640625,15.64477825164795,0.17172333598136902
gemma_270m_base,currency:17,currency,chat_template,8,5622.8203125,20.223169326782227,0.21997979283332825
gemma_270m_base,currency:17,currency,chat_template,9,6482.3095703125,12.471348762512207,0.1550728678703308
gemma_270m_base,currency:17,currency,chat_template,10,11039.099609375,27.143619537353516,0.20448482036590576
gemma_270m_base,currency:17,currency,chat_template,11,11306.41015625,4.06680965423584,0.21343272924423218
gemma_270m_base,currency:17,currency,chat_template,12,15541.7900390625,25.566364288330078,0.1606944501399994
gemma_270m_base,currency:17,currency,chat_template,13,19554.6015625,30.152511596679688,0.12614929676055908
gemma_270m_base,currency:17,currency,chat_template,14,23461.484375,41.56459426879883,0.134243905544281
gemma_270m_base,currency:17,currency,chat_template,15,26722.384765625,32.95268630981445,0.10396286100149155
gemma_270m_base,currency:17,currency,chat_template,16,37185.0390625,36.22529983520508,0.09476112574338913
gemma_270m_base,currency:17,currency,chat_template,17,95.61030578613281,14.359721183776855,0.11661884188652039
gemma_270m_base,headquarters:0,headquarters,raw_question,0,147.96530151367188,184.9877166748047,0.22340720891952515
gemma_270m_base,headquarters:0,headquarters,raw_question,1,1044.288330078125,88.55060577392578,0.18673549592494965
gemma_270m_base,headquarters:0,headquarters,raw_question,2,1171.993896484375,17.288793563842773,0.1670016348361969
gemma_270m_base,headquarters:0,headquarters,raw_question,3,1838.053955078125,12.908830642700195,0.2253379225730896
gemma_270m_base,headquarters:0,headquarters,raw_question,4,2173.203369140625,8.81669807434082,0.17756177484989166
gemma_270m_base,headquarters:0,headquarters,raw_question,5,2724.7255859375,17.858421325683594,0.15382921695709229
gemma_270m_base,headquarters:0,headquarters,raw_question,6,3354.5927734375,7.453773021697998,0.16664081811904907
gemma_270m_base,headquarters:0,headquarters,raw_question,7,5277.95751953125,18.38710594177246,0.17345157265663147
gemma_270m_base,headquarters:0,headquarters,raw_question,8,5469.05126953125,18.88136863708496,0.18679669499397278
gemma_270m_base,headquarters:0,headquarters,raw_question,9,6189.3876953125,12.571771621704102,0.15258926153182983
gemma_270m_base,headquarters:0,headquarters,raw_question,10,10985.0595703125,29.995792388916016,0.21951809525489807
gemma_270m_base,headquarters:0,headquarters,raw_question,11,11668.09375,4.640018463134766,0.20313669741153717
gemma_270m_base,headquarters:0,headquarters,raw_question,12,14766.1171875,23.700101852416992,0.15822705626487732
gemma_270m_base,headquarters:0,headquarters,raw_question,13,19193.310546875,33.44399642944336,0.11670548468828201
gemma_270m_base,headquarters:0,headquarters,raw_question,14,20879.2734375,46.67580795288086,0.12461838126182556
gemma_270m_base,headquarters:0,headquarters,raw_question,15,22718.98046875,33.220481872558594,0.11652793735265732
gemma_270m_base,headquarters:0,headquarters,raw_question,16,31358.974609375,45.44340133666992,0.1067013144493103
gemma_270m_base,headquarters:0,headquarters,raw_question,17,92.93949890136719,12.497515678405762,0.13527747988700867
gemma_270m_base,headquarters:0,headquarters,declarative,0,167.72198486328125,208.75320434570312,0.18978536128997803
gemma_270m_base,headquarters:0,headquarters,declarative,1,956.2020263671875,115.09194946289062,0.20204606652259827
gemma_270m_base,headquarters:0,headquarters,declarative,2,1018.4055786132812,20.144702911376953,0.19076332449913025
gemma_270m_base,headquarters:0,headquarters,declarative,3,1614.774169921875,14.846292495727539,0.2773985266685486
gemma_270m_base,headquarters:0,headquarters,declarative,4,2165.94287109375,11.336104393005371,0.19946835935115814
gemma_270m_base,headquarters:0,headquarters,declarative,5,3327.798095703125,17.928787231445312,0.15465912222862244
gemma_270m_base,headquarters:0,headquarters,declarative,6,3221.963623046875,8.757794380187988,0.16895604133605957
gemma_270m_base,headquarters:0,headquarters,declarative,7,5334.271484375,24.338106155395508,0.17874392867088318
gemma_270m_base,headquarters:0,headquarters,declarative,8,5538.44140625,18.915285110473633,0.17759671807289124
gemma_270m_base,headquarters:0,headquarters,declarative,9,6207.24609375,17.276643753051758,0.15523368120193481
gemma_270m_base,headquarters:0,headquarters,declarative,10,9227.4677734375,33.598934173583984,0.18811824917793274
gemma_270m_base,headquarters:0,headquarters,declarative,11,10581.2919921875,5.290733337402344,0.2082250714302063
gemma_270m_base,headquarters:0,headquarters,declarative,12,12901.4345703125,28.900676727294922,0.163345068693161
gemma_270m_base,headquarters:0,headquarters,declarative,13,17338.703125,28.18876075744629,0.13139590620994568
gemma_270m_base,headquarters:0,headquarters,declarative,14,21869.638671875,53.655250549316406,0.13288909196853638
gemma_270m_base,headquarters:0,headquarters,declarative,15,23518.044921875,33.07855224609375,0.11220226436853409
gemma_270m_base,headquarters:0,headquarters,declarative,16,31113.3984375,39.86651611328125,0.10835075378417969
gemma_270m_base,headquarters:0,headquarters,declarative,17,111.71220397949219,11.872832298278809,0.1253451555967331
gemma_270m_base,headquarters:0,headquarters,qa,0,109.4348373413086,143.4802703857422,0.24358513951301575
gemma_270m_base,headquarters:0,headquarters,qa,1,822.5855712890625,150.39833068847656,0.23377461731433868
gemma_270m_base,headquarters:0,headquarters,qa,2,1047.2813720703125,23.24480438232422,0.18855413794517517
gemma_270m_base,headquarters:0,headquarters,qa,3,2312.0283203125,13.654186248779297,0.22845004498958588
gemma_270m_base,headquarters:0,headquarters,qa,4,1858.5267333984375,11.59011173248291,0.18818645179271698
gemma_270m_base,headquarters:0,headquarters,qa,5,3327.08544921875,16.895517349243164,0.14841896295547485
gemma_270m_base,headquarters:0,headquarters,qa,6,3596.69970703125,8.559560775756836,0.1515045166015625
gemma_270m_base,headquarters:0,headquarters,qa,7,5252.923828125,17.666946411132812,0.16825011372566223
gemma_270m_base,headquarters:0,headquarters,qa,8,5368.50927734375,19.016279220581055,0.20574653148651123
gemma_270m_base,headquarters:0,headquarters,qa,9,6343.23046875,17.303016662597656,0.15671280026435852
gemma_270m_base,headquarters:0,headquarters,qa,10,10219.21484375,34.136688232421875,0.20970037579536438
gemma_270m_base,headquarters:0,headquarters,qa,11,10573.125,4.639436721801758,0.21209439635276794
gemma_270m_base,headquarters:0,headquarters,qa,12,14074.9072265625,31.21392059326172,0.17339682579040527
gemma_270m_base,headquarters:0,headquarters,qa,13,18316.478515625,30.02098274230957,0.12463164329528809
gemma_270m_base,headquarters:0,headquarters,qa,14,22882.568359375,46.21482849121094,0.1283479928970337
gemma_270m_base,headquarters:0,headquarters,qa,15,24476.716796875,30.715837478637695,0.10741712152957916
gemma_270m_base,headquarters:0,headquarters,qa,16,34990.796875,38.020023345947266,0.09898422658443451
gemma_270m_base,headquarters:0,headquarters,qa,17,100.61144256591797,11.853853225708008,0.1167958676815033
gemma_270m_base,headquarters:0,headquarters,chat_template,0,110.47669219970703,167.32611083984375,0.23062291741371155
gemma_270m_base,headquarters:0,headquarters,chat_template,1,791.051513671875,106.0347900390625,0.21132853627204895
gemma_270m_base,headquarters:0,headquarters,chat_template,2,1062.7777099609375,19.796539306640625,0.17514605820178986
gemma_270m_base,headquarters:0,headquarters,chat_template,3,1875.0052490234375,15.183891296386719,0.23476195335388184
gemma_270m_base,headquarters:0,headquarters,chat_template,4,2377.558837890625,9.987845420837402,0.19581496715545654
gemma_270m_base,headquarters:0,headquarters,chat_template,5,3431.548828125,17.216861724853516,0.15343661606311798
gemma_270m_base,headquarters:0,headquarters,chat_template,6,3840.306640625,6.325189590454102,0.1578414887189865
gemma_270m_base,headquarters:0,headquarters,chat_template,7,5203.595703125,16.321208953857422,0.16861902177333832
gemma_270m_base,headquarters:0,headquarters,chat_template,8,5493.06982421875,22.169275283813477,0.2171330451965332
gemma_270m_base,headquarters:0,headquarters,chat_template,9,6365.84619140625,12.053450584411621,0.15185917913913727
gemma_270m_base,headquarters:0,headquarters,chat_template,10,10739.2421875,29.74823570251465,0.21507835388183594
gemma_270m_base,headquarters:0,headquarters,chat_template,11,10705.9970703125,3.847100019454956,0.21641197800636292
gemma_270m_base,headquarters:0,headquarters,chat_template,12,14659.6826171875,21.55348777770996,0.17306099832057953
gemma_270m_base,headquarters:0,headquarters,chat_template,13,18845.654296875,32.26455307006836,0.12774646282196045
gemma_270m_base,headquarters:0,headquarters,chat_template,14,21457.740234375,44.76450729370117,0.13668552041053772
gemma_270m_base,headquarters:0,headquarters,chat_template,15,24606.6953125,31.37750816345215,0.11123135685920715
gemma_270m_base,headquarters:0,headquarters,chat_template,16,34742.2265625,43.87388229370117,0.09802815318107605
gemma_270m_base,headquarters:0,headquarters,chat_template,17,99.84528350830078,11.446301460266113,0.12652921676635742
gemma_270m_base,headquarters:1,headquarters,raw_question,0,147.10987854003906,187.8585968017578,0.2204626351594925
gemma_270m_base,headquarters:1,headquarters,raw_question,1,1037.0321044921875,89.30274963378906,0.18605035543441772
gemma_270m_base,headquarters:1,headquarters,raw_question,2,1179.684814453125,17.384122848510742,0.16709579527378082
gemma_270m_base,headquarters:1,headquarters,raw_question,3,1813.385498046875,12.778213500976562,0.22454097867012024
gemma_270m_base,headquarters:1,headquarters,raw_question,4,2186.79150390625,8.9453763961792,0.17837229371070862
gemma_270m_base,headquarters:1,headquarters,raw_question,5,2732.046875,17.909252166748047,0.1508955955505371
gemma_270m_base,headquarters:1,headquarters,raw_question,6,3295.87158203125,7.6324357986450195,0.16760584712028503
gemma_270m_base,headquarters:1,headquarters,raw_question,7,5188.17919921875,18.63833999633789,0.17878130078315735
gemma_270m_base,headquarters:1,headquarters,raw_question,8,5404.20849609375,19.401601791381836,0.18753883242607117
gemma_270m_base,headquarters:1,headquarters,raw_question,9,6054.41162109375,12.54149341583252,0.15146782994270325
gemma_270m_base,headquarters:1,headquarters,raw_question,10,10664.0673828125,31.06158447265625,0.21651822328567505
gemma_270m_base,headquarters:1,headquarters,raw_question,11,11458.935546875,4.416842937469482,0.20747141540050507
gemma_270m_base,headquarters:1,headquarters,raw_question,12,14788.1279296875,25.008237838745117,0.1594211757183075
gemma_270m_base,headquarters:1,headquarters,raw_question,13,18680.751953125,35.49815368652344,0.11837249249219894
gemma_270m_base,headquarters:1,headquarters,raw_question,14,20474.40234375,48.07709884643555,0.12638825178146362
gemma_270m_base,headquarters:1,headquarters,raw_question,15,22574.322265625,32.500240325927734,0.11542963981628418
gemma_270m_base,headquarters:1,headquarters,raw_question,16,31076.076171875,45.14822769165039,0.10578401386737823
gemma_270m_base,headquarters:1,headquarters,raw_question,17,90.83876037597656,12.864900588989258,0.13502992689609528
gemma_270m_base,headquarters:1,headquarters,declarative,0,168.96595764160156,204.8497314453125,0.19067764282226562
gemma_270m_base,headquarters:1,headquarters,declarative,1,962.0592651367188,111.70960998535156,0.20215114951133728
gemma_270m_base,headquarters:1,headquarters,declarative,2,1038.9613037109375,19.991910934448242,0.18898412585258484
gemma_270m_base,headquarters:1,headquarters,declarative,3,1608.5716552734375,14.712749481201172,0.27462413907051086
gemma_270m_base,headquarters:1,headquarters,declarative,4,2167.404541015625,11.470763206481934,0.20211298763751984
gemma_270m_base,headquarters:1,headquarters,declarative,5,3364.2666015625,17.823671340942383,0.15603569149971008
gemma_270m_base,headquarters:1,headquarters,declarative,6,3252.892578125,8.775147438049316,0.1683252453804016
gemma_270m_base,headquarters:1,headquarters,declarative,7,5421.798828125,24.00503921508789,0.1778773069381714
gemma_270m_base,headquarters:1,headquarters,declarative,8,5684.84912109375,19.103586196899414,0.17786875367164612
gemma_270m_base,headquarters:1,headquarters,declarative,9,6328.77294921875,17.180028915405273,0.15490666031837463
gemma_270m_base,headquarters:1,headquarters,declarative,10,9337.2138671875,34.62226104736328,0.1894371062517166
gemma_270m_base,headquarters:1,headquarters,declarative,11,10681.2431640625,5.199156761169434,0.20743310451507568
gemma_270m_base,headquarters:1,headquarters,declarative,12,12681.390625,27.438739776611328,0.16131016612052917
gemma_270m_base,headquarters:1,headquarters,declarative,13,17175.107421875,29.157045364379883,0.1320316344499588
gemma_270m_base,headquarters:1,headquarters,declarative,14,21409.77734375,55.14413070678711,0.13394050300121307
gemma_270m_base,headquarters:1,headquarters,declarative,15,22752.72265625,32.85060119628906,0.10942212492227554
gemma_270m_base,headquarters:1,headquarters,declarative,16,30652.2890625,41.71408462524414,0.1067371815443039
gemma_270m_base,headquarters:1,headquarters,declarative,17,114.01958465576172,11.781119346618652,0.12670820951461792
gemma_270m_base,headquarters:1,headquarters,qa,0,108.82575988769531,144.7700653076172,0.23936456441879272
gemma_270m_base,headquarters:1,headquarters,qa,1,822.6422729492188,148.8439483642578,0.23002660274505615
gemma_270m_base,headquarters:1,headquarters,qa,2,1057.9683837890625,22.690303802490234,0.18847054243087769
gemma_270m_base,headquarters:1,headquarters,qa,3,2281.813720703125,13.718210220336914,0.2282612919807434
gemma_270m_base,headquarters:1,headquarters,qa,4,1867.9039306640625,11.587918281555176,0.188102126121521
gemma_270m_base,headquarters:1,headquarters,qa,5,3399.783935546875,16.750892639160156,0.14914557337760925
gemma_270m_base,headquarters:1,headquarters,qa,6,3613.208740234375,8.517645835876465,0.15098392963409424
gemma_270m_base,headquarters:1,headquarters,qa,7,5340.42138671875,17.743865966796875,0.1684776246547699
gemma_270m_base,headquarters:1,headquarters,qa,8,5426.0791015625,18.9259090423584,0.2041562795639038
gemma_270m_base,headquarters:1,headquarters,qa,9,6191.91845703125,17.861536026000977,0.15422029793262482
gemma_270m_base,headquarters:1,headquarters,qa,10,10153.994140625,35.742706298828125,0.20932182669639587
gemma_270m_base,headquarters:1,headquarters,qa,11,10595.1513671875,4.724186420440674,0.21119074523448944
gemma_270m_base,headquarters:1,headquarters,qa,12,14318.7109375,34.3742561340332,0.1680264174938202
gemma_270m_base,headquarters:1,headquarters,qa,13,18303.42578125,31.753631591796875,0.12333907932043076
gemma_270m_base,headquarters:1,headquarters,qa,14,22818.380859375,47.37765884399414,0.12798509001731873
gemma_270m_base,headquarters:1,headquarters,qa,15,24435.544921875,31.60284996032715,0.10607296228408813
gemma_270m_base,headquarters:1,headquarters,qa,16,34566.87890625,37.91236114501953,0.09805680811405182
gemma_270m_base,headquarters:1,headquarters,qa,17,100.12483215332031,14.082085609436035,0.11729882657527924
gemma_270m_base,headquarters:1,headquarters,chat_template,0,110.6741943359375,167.40548706054688,0.2293318212032318
gemma_270m_base,headquarters:1,headquarters,chat_template,1,787.60888671875,106.6836929321289,0.21108859777450562
gemma_270m_base,headquarters:1,headquarters,chat_template,2,1055.6492919921875,20.05580711364746,0.1758134961128235
gemma_270m_base,headquarters:1,headquarters,chat_template,3,1845.85888671875,15.25289535522461,0.23607391119003296
gemma_270m_base,headquarters:1,headquarters,chat_template,4,2364.480712890625,10.090109825134277,0.19661752879619598
gemma_270m_base,headquarters:1,headquarters,chat_template,5,3488.450439453125,17.14597511291504,0.1546744853258133
gemma_270m_base,headquarters:1,headquarters,chat_template,6,3788.28759765625,6.360157012939453,0.15692053735256195
gemma_270m_base,headquarters:1,headquarters,chat_template,7,5200.15234375,16.65191650390625,0.1685996651649475
gemma_270m_base,headquarters:1,headquarters,chat_template,8,5405.45849609375,21.43471336364746,0.21389272809028625
gemma_270m_base,headquarters:1,headquarters,chat_template,9,6301.12451171875,12.160956382751465,0.15178006887435913
gemma_270m_base,headquarters:1,headquarters,chat_template,10,10672.4140625,30.04718017578125,0.21459434926509857
gemma_270m_base,headquarters:1,headquarters,chat_template,11,10712.8271484375,3.971418619155884,0.21770933270454407
gemma_270m_base,headquarters:1,headquarters,chat_template,12,14792.5205078125,22.445924758911133,0.16923633217811584
gemma_270m_base,headquarters:1,headquarters,chat_template,13,19068.451171875,33.98332595825195,0.12680590152740479
gemma_270m_base,headquarters:1,headquarters,chat_template,14,21945.94921875,45.11240005493164,0.13399484753608704
gemma_270m_base,headquarters:1,headquarters,chat_template,15,25311.521484375,30.82465362548828,0.10744594037532806
gemma_270m_base,headquarters:1,headquarters,chat_template,16,35443.64453125,43.27744674682617,0.09575863182544708
gemma_270m_base,headquarters:1,headquarters,chat_template,17,95.89591217041016,13.091536521911621,0.12387749552726746
gemma_270m_base,headquarters:2,headquarters,raw_question,0,148.543212890625,176.25762939453125,0.22545576095581055
gemma_270m_base,headquarters:2,headquarters,raw_question,1,1044.2144775390625,89.08283996582031,0.18675675988197327
gemma_270m_base,headquarters:2,headquarters,raw_question,2,1186.1790771484375,17.41497230529785,0.16675904393196106
gemma_270m_base,headquarters:2,headquarters,raw_question,3,1832.2939453125,12.888946533203125,0.22357609868049622
gemma_270m_base,headquarters:2,headquarters,raw_question,4,2154.412109375,8.806547164916992,0.1778382509946823
gemma_270m_base,headquarters:2,headquarters,raw_question,5,2712.312744140625,17.901683807373047,0.1519501656293869
gemma_270m_base,headquarters:2,headquarters,raw_question,6,3275.514404296875,7.557130813598633,0.1674087643623352
gemma_270m_base,headquarters:2,headquarters,raw_question,7,5272.7841796875,18.243589401245117,0.18050873279571533
gemma_270m_base,headquarters:2,headquarters,raw_question,8,5455.48828125,19.06893539428711,0.19002284109592438
gemma_270m_base,headquarters:2,headquarters,raw_question,9,6138.79345703125,12.927725791931152,0.1523701399564743
gemma_270m_base,headquarters:2,headquarters,raw_question,10,10845.375,30.490093231201172,0.22030770778656006
gemma_270m_base,headquarters:2,headquarters,raw_question,11,11597.6005859375,4.596713066101074,0.20826435089111328
gemma_270m_base,headquarters:2,headquarters,raw_question,12,14566.39453125,24.378637313842773,0.16299933195114136
gemma_270m_base,headquarters:2,headquarters,raw_question,13,18822.802734375,34.2576789855957,0.12328535318374634
gemma_270m_base,headquarters:2,headquarters,raw_question,14,20655.40234375,48.88673782348633,0.12890231609344482
gemma_270m_base,headquarters:2,headquarters,raw_question,15,23034.490234375,34.20376205444336,0.11791516095399857
gemma_270m_base,headquarters:2,headquarters,raw_question,16,31244.0,45.88795852661133,0.10825549811124802
gemma_270m_base,headquarters:2,headquarters,raw_question,17,93.253173828125,15.718246459960938,0.13725878298282623
gemma_270m_base,headquarters:2,headquarters,declarative,0,168.24803161621094,202.20669555664062,0.19146817922592163
gemma_270m_base,headquarters:2,headquarters,declarative,1,959.2713623046875,115.18861389160156,0.20354990661144257
gemma_270m_base,headquarters:2,headquarters,declarative,2,1040.307861328125,20.401111602783203,0.19213971495628357
gemma_270m_base,headquarters:2,headquarters,declarative,3,1619.7576904296875,14.905746459960938,0.2757641673088074
gemma_270m_base,headquarters:2,headquarters,declarative,4,2166.581298828125,11.28500747680664,0.2001919150352478
gemma_270m_base,headquarters:2,headquarters,declarative,5,3344.69287109375,17.814111709594727,0.15498040616512299
gemma_270m_base,headquarters:2,headquarters,declarative,6,3202.26904296875,8.949207305908203,0.16749979555606842
gemma_270m_base,headquarters:2,headquarters,declarative,7,5358.3671875,23.54657745361328,0.1799498200416565
gemma_270m_base,headquarters:2,headquarters,declarative,8,5679.162109375,19.153657913208008,0.17899185419082642
gemma_270m_base,headquarters:2,headquarters,declarative,9,6260.46337890625,17.44934844970703,0.1534615457057953
gemma_270m_base,headquarters:2,headquarters,declarative,10,9275.984375,34.15732192993164,0.1881212294101715
gemma_270m_base,headquarters:2,headquarters,declarative,11,10636.484375,5.348528861999512,0.20828227698802948
gemma_270m_base,headquarters:2,headquarters,declarative,12,12651.677734375,27.215702056884766,0.16504639387130737
gemma_270m_base,headquarters:2,headquarters,declarative,13,17385.03125,28.511289596557617,0.1395236998796463
gemma_270m_base,headquarters:2,headquarters,declarative,14,21577.880859375,55.69617462158203,0.13726964592933655
gemma_270m_base,headquarters:2,headquarters,declarative,15,23332.8671875,34.576515197753906,0.11375181376934052
gemma_270m_base,headquarters:2,headquarters,declarative,16,30613.181640625,41.39093780517578,0.10854387283325195
gemma_270m_base,headquarters:2,headquarters,declarative,17,116.20166015625,13.286321640014648,0.12765580415725708
gemma_270m_base,headquarters:2,headquarters,qa,0,111.45449829101562,139.5723419189453,0.24660082161426544
gemma_270m_base,headquarters:2,headquarters,qa,1,825.9628295898438,147.97044372558594,0.2312088906764984
gemma_270m_base,headquarters:2,headquarters,qa,2,1047.14990234375,22.941055297851562,0.18822512030601501
gemma_270m_base,headquarters:2,headquarters,qa,3,2310.1240234375,13.582571029663086,0.228654146194458
gemma_270m_base,headquarters:2,headquarters,qa,4,1849.295166015625,11.680608749389648,0.1891210377216339
gemma_270m_base,headquarters:2,headquarters,qa,5,3359.114501953125,16.973752975463867,0.14897513389587402
gemma_270m_base,headquarters:2,headquarters,qa,6,3550.594482421875,8.403707504272461,0.15065233409404755
gemma_270m_base,headquarters:2,headquarters,qa,7,5242.880859375,17.706533432006836,0.16801491379737854
gemma_270m_base,headquarters:2,headquarters,qa,8,5360.81591796875,19.39475440979004,0.20282675325870514
gemma_270m_base,headquarters:2,headquarters,qa,9,6155.67626953125,17.818378448486328,0.1540059894323349
gemma_270m_base,headquarters:2,headquarters,qa,10,10098.2177734375,35.41572952270508,0.21154379844665527
gemma_270m_base,headquarters:2,headquarters,qa,11,10571.3623046875,4.927783489227295,0.21354293823242188
gemma_270m_base,headquarters:2,headquarters,qa,12,14177.5029296875,32.016727447509766,0.17053931951522827
gemma_270m_base,headquarters:2,headquarters,qa,13,18503.26953125,30.23775863647461,0.1296434998512268
gemma_270m_base,headquarters:2,headquarters,qa,14,23398.08984375,48.28860855102539,0.1308271884918213
gemma_270m_base,headquarters:2,headquarters,qa,15,24677.341796875,33.55039596557617,0.10616636276245117
gemma_270m_base,headquarters:2,headquarters,qa,16,34616.30078125,37.10777282714844,0.09989538788795471
gemma_270m_base,headquarters:2,headquarters,qa,17,100.5068130493164,14.7565336227417,0.11845889687538147
gemma_270m_base,headquarters:2,headquarters,chat_template,0,111.70927429199219,165.78565979003906,0.2312508076429367
gemma_270m_base,headquarters:2,headquarters,chat_template,1,786.6068115234375,108.93695831298828,0.21184855699539185
gemma_270m_base,headquarters:2,headquarters,chat_template,2,1062.1319580078125,20.198787689208984,0.17543649673461914
gemma_270m_base,headquarters:2,headquarters,chat_template,3,1873.88330078125,15.139554023742676,0.23373118042945862
gemma_270m_base,headquarters:2,headquarters,chat_template,4,2361.9736328125,9.914610862731934,0.19483321905136108
gemma_270m_base,headquarters:2,headquarters,chat_template,5,3510.772216796875,17.258617401123047,0.15486225485801697
gemma_270m_base,headquarters:2,headquarters,chat_template,6,3829.799560546875,6.257785797119141,0.1572059988975525
gemma_270m_base,headquarters:2,headquarters,chat_template,7,5228.99755859375,16.415496826171875,0.1691131293773651
gemma_270m_base,headquarters:2,headquarters,chat_template,8,5428.33056640625,21.559959411621094,0.21582631766796112
gemma_270m_base,headquarters:2,headquarters,chat_template,9,6328.39599609375,12.144169807434082,0.15262258052825928
gemma_270m_base,headquarters:2,headquarters,chat_template,10,10672.28515625,30.03520393371582,0.21594348549842834
gemma_270m_base,headquarters:2,headquarters,chat_template,11,10640.4580078125,3.989100694656372,0.21902722120285034
gemma_270m_base,headquarters:2,headquarters,chat_template,12,14501.1376953125,21.474132537841797,0.1710982322692871
gemma_270m_base,headquarters:2,headquarters,chat_template,13,18897.0,33.11733627319336,0.12798374891281128
gemma_270m_base,headquarters:2,headquarters,chat_template,14,21761.5390625,45.63209533691406,0.13422039151191711
gemma_270m_base,headquarters:2,headquarters,chat_template,15,24931.775390625,31.801572799682617,0.1091044694185257
gemma_270m_base,headquarters:2,headquarters,chat_template,16,34960.26171875,43.79739761352539,0.09717206656932831
gemma_270m_base,headquarters:2,headquarters,chat_template,17,95.04104614257812,14.308965682983398,0.12567083537578583
gemma_270m_base,headquarters:3,headquarters,raw_question,0,147.2537841796875,177.50692749023438,0.22496333718299866
gemma_270m_base,headquarters:3,headquarters,raw_question,1,1040.496337890625,87.81839752197266,0.18735124170780182
gemma_270m_base,headquarters:3,headquarters,raw_question,2,1149.5169677734375,17.37372589111328,0.16674968600273132
gemma_270m_base,headquarters:3,headquarters,raw_question,3,1833.3797607421875,13.221362113952637,0.22380246222019196
gemma_270m_base,headquarters:3,headquarters,raw_question,4,2149.30322265625,9.136218070983887,0.18037471175193787
gemma_270m_base,headquarters:3,headquarters,raw_question,5,2780.91845703125,17.799318313598633,0.1516222059726715
gemma_270m_base,headquarters:3,headquarters,raw_question,6,3217.594482421875,7.556323528289795,0.1663728803396225
gemma_270m_base,headquarters:3,headquarters,raw_question,7,5220.4296875,18.370393753051758,0.1785585582256317
gemma_270m_base,headquarters:3,headquarters,raw_question,8,5322.90087890625,19.419511795043945,0.1875382363796234
gemma_270m_base,headquarters:3,headquarters,raw_question,9,6030.0703125,12.537007331848145,0.15314064919948578
gemma_270m_base,headquarters:3,headquarters,raw_question,10,10784.7578125,31.519250869750977,0.22125281393527985
gemma_270m_base,headquarters:3,headquarters,raw_question,11,11527.4765625,4.6035566329956055,0.20494812726974487
gemma_270m_base,headquarters:3,headquarters,raw_question,12,14855.4580078125,23.325809478759766,0.16227902472019196
gemma_270m_base,headquarters:3,headquarters,raw_question,13,19021.091796875,32.73812484741211,0.11875474452972412
gemma_270m_base,headquarters:3,headquarters,raw_question,14,20714.279296875,47.3609619140625,0.1273449957370758
gemma_270m_base,headquarters:3,headquarters,raw_question,15,23037.259765625,32.89128875732422,0.11764746904373169
gemma_270m_base,headquarters:3,headquarters,raw_question,16,31472.5546875,44.4880256652832,0.10582546889781952
gemma_270m_base,headquarters:3,headquarters,raw_question,17,94.25108337402344,14.108309745788574,0.1358000487089157
gemma_270m_base,headquarters:3,headquarters,declarative,0,167.92306518554688,207.8736114501953,0.19114452600479126
gemma_270m_base,headquarters:3,headquarters,declarative,1,970.2700805664062,112.38131713867188,0.20345637202262878
gemma_270m_base,headquarters:3,headquarters,declarative,2,1036.9185791015625,20.442672729492188,0.1907215118408203
gemma_270m_base,headquarters:3,headquarters,declarative,3,1633.947021484375,14.95101261138916,0.2758125066757202
gemma_270m_base,headquarters:3,headquarters,declarative,4,2159.577392578125,11.479690551757812,0.20022958517074585
gemma_270m_base,headquarters:3,headquarters,declarative,5,3355.17236328125,17.88677978515625,0.1545804738998413
gemma_270m_base,headquarters:3,headquarters,declarative,6,3137.314453125,8.74368667602539,0.166880801320076
gemma_270m_base,headquarters:3,headquarters,declarative,7,5300.19677734375,24.373044967651367,0.1782502382993698
gemma_270m_base,headquarters:3,headquarters,declarative,8,5567.28857421875,18.920982360839844,0.17881789803504944
gemma_270m_base,headquarters:3,headquarters,declarative,9,6059.59912109375,17.470691680908203,0.15764674544334412
gemma_270m_base,headquarters:3,headquarters,declarative,10,9099.6650390625,34.47493362426758,0.18967291712760925
gemma_270m_base,headquarters:3,headquarters,declarative,11,10368.154296875,5.175244331359863,0.2066444456577301
gemma_270m_base,headquarters:3,headquarters,declarative,12,12774.890625,27.009136199951172,0.16585737466812134
gemma_270m_base,headquarters:3,headquarters,declarative,13,16997.673828125,27.79496192932129,0.13201066851615906
gemma_270m_base,headquarters:3,headquarters,declarative,14,21545.146484375,54.125545501708984,0.13675594329833984
gemma_270m_base,headquarters:3,headquarters,declarative,15,22960.7734375,33.09885025024414,0.11304854601621628
gemma_270m_base,headquarters:3,headquarters,declarative,16,31462.416015625,39.27758026123047,0.1071363240480423
gemma_270m_base,headquarters:3,headquarters,declarative,17,110.52491760253906,11.247366905212402,0.1247265636920929
gemma_270m_base,headquarters:3,headquarters,qa,0,109.44844818115234,142.3053436279297,0.24533209204673767
gemma_270m_base,headquarters:3,headquarters,qa,1,822.5962524414062,150.08143615722656,0.2326289415359497
gemma_270m_base,headquarters:3,headquarters,qa,2,1043.76513671875,22.973676681518555,0.18967124819755554
gemma_270m_base,headquarters:3,headquarters,qa,3,2295.022216796875,13.510587692260742,0.22859206795692444
gemma_270m_base,headquarters:3,headquarters,qa,4,1878.239990234375,11.486612319946289,0.18964633345603943
gemma_270m_base,headquarters:3,headquarters,qa,5,3368.09619140625,16.965457916259766,0.1494188755750656
gemma_270m_base,headquarters:3,headquarters,qa,6,3615.513427734375,8.427693367004395,0.15136539936065674
gemma_270m_base,headquarters:3,headquarters,qa,7,5334.14599609375,17.576026916503906,0.1671718955039978
gemma_270m_base,headquarters:3,headquarters,qa,8,5420.8232421875,19.27383804321289,0.2038818895816803
gemma_270m_base,headquarters:3,headquarters,qa,9,6399.32275390625,17.481555938720703,0.1553596556186676
gemma_270m_base,headquarters:3,headquarters,qa,10,10275.474609375,34.17835998535156,0.20886912941932678
gemma_270m_base,headquarters:3,headquarters,qa,11,10554.19921875,4.550637245178223,0.21122869849205017
gemma_270m_base,headquarters:3,headquarters,qa,12,14432.6552734375,33.53374481201172,0.1736219823360443
gemma_270m_base,headquarters:3,headquarters,qa,13,18508.24609375,29.140865325927734,0.12672853469848633
gemma_270m_base,headquarters:3,headquarters,qa,14,23232.076171875,47.07859420776367,0.13283905386924744
gemma_270m_base,headquarters:3,headquarters,qa,15,25022.986328125,31.281639099121094,0.11019249260425568
gemma_270m_base,headquarters:3,headquarters,qa,16,35781.5390625,34.67826461791992,0.1002969890832901
gemma_270m_base,headquarters:3,headquarters,qa,17,105.62660217285156,13.236764907836914,0.11951462924480438
gemma_270m_base,headquarters:3,headquarters,chat_template,0,110.40068054199219,167.42510986328125,0.23154643177986145
gemma_270m_base,headquarters:3,headquarters,chat_template,1,790.1082153320312,107.60393524169922,0.21169446408748627
gemma_270m_base,headquarters:3,headquarters,chat_template,2,1054.9344482421875,20.61062240600586,0.176144540309906
gemma_270m_base,headquarters:3,headquarters,chat_template,3,1863.936279296875,15.47830581665039,0.23502078652381897
gemma_270m_base,headquarters:3,headquarters,chat_template,4,2377.92138671875,9.937532424926758,0.1951974332332611
gemma_270m_base,headquarters:3,headquarters,chat_template,5,3442.47314453125,17.098392486572266,0.15399029850959778
gemma_270m_base,headquarters:3,headquarters,chat_template,6,3825.398681640625,6.278207302093506,0.1575676053762436
gemma_270m_base,headquarters:3,headquarters,chat_template,7,5168.54833984375,16.337373733520508,0.16931352019309998
gemma_270m_base,headquarters:3,headquarters,chat_template,8,5376.12890625,21.537195205688477,0.21718493103981018
gemma_270m_base,headquarters:3,headquarters,chat_template,9,6278.1640625,11.77293586730957,0.15319040417671204
gemma_270m_base,headquarters:3,headquarters,chat_template,10,10615.3701171875,30.302125930786133,0.21815821528434753
gemma_270m_base,headquarters:3,headquarters,chat_template,11,10666.068359375,3.850496292114258,0.21847359836101532
gemma_270m_base,headquarters:3,headquarters,chat_template,12,14766.4306640625,22.033138275146484,0.17077867686748505
gemma_270m_base,headquarters:3,headquarters,chat_template,13,19025.775390625,30.693126678466797,0.12726466357707977
gemma_270m_base,headquarters:3,headquarters,chat_template,14,21874.232421875,43.970645904541016,0.13606324791908264
gemma_270m_base,headquarters:3,headquarters,chat_template,15,25040.822265625,31.383256912231445,0.11037638038396835
gemma_270m_base,headquarters:3,headquarters,chat_template,16,35329.4375,41.98469543457031,0.09711576998233795
gemma_270m_base,headquarters:3,headquarters,chat_template,17,102.91941833496094,12.714184761047363,0.12565164268016815
gemma_270m_base,headquarters:4,headquarters,raw_question,0,146.86436462402344,185.3270721435547,0.22179122269153595
gemma_270m_base,headquarters:4,headquarters,raw_question,1,1044.5111083984375,93.13444519042969,0.18564638495445251
gemma_270m_base,headquarters:4,headquarters,raw_question,2,1179.11083984375,17.001615524291992,0.16624481976032257
gemma_270m_base,headquarters:4,headquarters,raw_question,3,1828.5810546875,12.814289093017578,0.2239333540201187
gemma_270m_base,headquarters:4,headquarters,raw_question,4,2187.093505859375,9.16346549987793,0.17620283365249634
gemma_270m_base,headquarters:4,headquarters,raw_question,5,2646.907958984375,17.836727142333984,0.14994874596595764
gemma_270m_base,headquarters:4,headquarters,raw_question,6,3272.950927734375,7.509222984313965,0.1670939028263092
gemma_270m_base,headquarters:4,headquarters,raw_question,7,5154.79541015625,18.714996337890625,0.1800561547279358
gemma_270m_base,headquarters:4,headquarters,raw_question,8,5330.02490234375,19.521364212036133,0.18914318084716797
gemma_270m_base,headquarters:4,headquarters,raw_question,9,6013.7607421875,12.7518892288208,0.15336352586746216
gemma_270m_base,headquarters:4,headquarters,raw_question,10,10717.6298828125,31.640146255493164,0.22413361072540283
gemma_270m_base,headquarters:4,headquarters,raw_question,11,11523.7001953125,4.658746242523193,0.21011462807655334
gemma_270m_base,headquarters:4,headquarters,raw_question,12,14672.98828125,24.977487564086914,0.16255342960357666
gemma_270m_base,headquarters:4,headquarters,raw_question,13,18664.791015625,34.245418548583984,0.11994147300720215
gemma_270m_base,headquarters:4,headquarters,raw_question,14,20722.244140625,48.291263580322266,0.12677617371082306
gemma_270m_base,headquarters:4,headquarters,raw_question,15,22953.748046875,33.57223129272461,0.11612820625305176
gemma_270m_base,headquarters:4,headquarters,raw_question,16,31217.58984375,46.732547760009766,0.10679581761360168
gemma_270m_base,headquarters:4,headquarters,raw_question,17,91.88752746582031,11.872037887573242,0.1372831165790558
gemma_270m_base,headquarters:4,headquarters,declarative,0,169.78561401367188,207.98338317871094,0.19001984596252441
gemma_270m_base,headquarters:4,headquarters,declarative,1,959.1046752929688,113.712646484375,0.20306122303009033
gemma_270m_base,headquarters:4,headquarters,declarative,2,1039.389404296875,19.675691604614258,0.18907369673252106
gemma_270m_base,headquarters:4,headquarters,declarative,3,1602.4793701171875,14.507792472839355,0.27303507924079895
gemma_270m_base,headquarters:4,headquarters,declarative,4,2137.1083984375,11.652166366577148,0.20272593200206757
gemma_270m_base,headquarters:4,headquarters,declarative,5,3352.552490234375,17.86001205444336,0.1551057994365692
gemma_270m_base,headquarters:4,headquarters,declarative,6,3228.556396484375,8.882889747619629,0.1670588105916977
gemma_270m_base,headquarters:4,headquarters,declarative,7,5357.578125,23.481170654296875,0.17855757474899292
gemma_270m_base,headquarters:4,headquarters,declarative,8,5678.53759765625,19.448152542114258,0.17944106459617615
gemma_270m_base,headquarters:4,headquarters,declarative,9,6199.20654296875,17.57236099243164,0.15357705950737
gemma_270m_base,headquarters:4,headquarters,declarative,10,9219.2001953125,34.656829833984375,0.1898873746395111
gemma_270m_base,headquarters:4,headquarters,declarative,11,10563.6572265625,5.2632246017456055,0.20880553126335144
gemma_270m_base,headquarters:4,headquarters,declarative,12,12528.0322265625,27.6196231842041,0.16549670696258545
gemma_270m_base,headquarters:4,headquarters,declarative,13,16886.052734375,29.02583885192871,0.13279277086257935
gemma_270m_base,headquarters:4,headquarters,declarative,14,21081.0546875,54.5273551940918,0.13320642709732056
gemma_270m_base,headquarters:4,headquarters,declarative,15,22555.1875,34.31326675415039,0.10825155675411224
gemma_270m_base,headquarters:4,headquarters,declarative,16,30135.662109375,43.0592155456543,0.10617046058177948
gemma_270m_base,headquarters:4,headquarters,declarative,17,111.2820816040039,11.759417533874512,0.1248626559972763
gemma_270m_base,headquarters:4,headquarters,qa,0,109.78206634521484,147.390869140625,0.23761889338493347
gemma_270m_base,headquarters:4,headquarters,qa,1,815.7617797851562,151.48886108398438,0.23496896028518677
gemma_270m_base,headquarters:4,headquarters,qa,2,1044.1007080078125,23.230642318725586,0.19040623307228088
gemma_270m_base,headquarters:4,headquarters,qa,3,2308.428955078125,13.68148422241211,0.23034504055976868
gemma_270m_base,headquarters:4,headquarters,qa,4,1835.5400390625,11.654497146606445,0.18920481204986572
gemma_270m_base,headquarters:4,headquarters,qa,5,3328.92626953125,16.937314987182617,0.14908206462860107
gemma_270m_base,headquarters:4,headquarters,qa,6,3578.22998046875,8.37116813659668,0.15062175691127777
gemma_270m_base,headquarters:4,headquarters,qa,7,5291.857421875,17.912572860717773,0.16556832194328308
gemma_270m_base,headquarters:4,headquarters,qa,8,5361.67626953125,18.567155838012695,0.20341095328330994
gemma_270m_base,headquarters:4,headquarters,qa,9,6161.44091796875,17.736234664916992,0.15490436553955078
gemma_270m_base,headquarters:4,headquarters,qa,10,10147.505859375,35.433834075927734,0.21308383345603943
gemma_270m_base,headquarters:4,headquarters,qa,11,10541.4501953125,4.861999988555908,0.21226561069488525
gemma_270m_base,headquarters:4,headquarters,qa,12,14094.826171875,34.05225372314453,0.16998633742332458
gemma_270m_base,headquarters:4,headquarters,qa,13,18010.859375,31.529865264892578,0.12567715346813202
gemma_270m_base,headquarters:4,headquarters,qa,14,22266.0,48.23500061035156,0.12595388293266296
gemma_270m_base,headquarters:4,headquarters,qa,15,23642.125,31.565763473510742,0.10441143810749054
gemma_270m_base,headquarters:4,headquarters,qa,16,34067.484375,39.43667221069336,0.09828032553195953
gemma_270m_base,headquarters:4,headquarters,qa,17,98.40879821777344,11.441083908081055,0.11695598065853119
gemma_270m_base,headquarters:4,headquarters,chat_template,0,110.72338104248047,169.01712036132812,0.22953346371650696
gemma_270m_base,headquarters:4,headquarters,chat_template,1,789.9790649414062,105.63817596435547,0.21177145838737488
gemma_270m_base,headquarters:4,headquarters,chat_template,2,1065.5777587890625,19.672021865844727,0.17426760494709015
gemma_270m_base,headquarters:4,headquarters,chat_template,3,1861.50244140625,15.224184036254883,0.23278436064720154
gemma_270m_base,headquarters:4,headquarters,chat_template,4,2382.12255859375,9.995071411132812,0.19511400163173676
gemma_270m_base,headquarters:4,headquarters,chat_template,5,3495.233642578125,17.379663467407227,0.15451866388320923
gemma_270m_base,headquarters:4,headquarters,chat_template,6,3820.382080078125,6.0947113037109375,0.15712890028953552
gemma_270m_base,headquarters:4,headquarters,chat_template,7,5197.91015625,16.588504791259766,0.16800129413604736
gemma_270m_base,headquarters:4,headquarters,chat_template,8,5378.14501953125,21.432052612304688,0.21495980024337769
gemma_270m_base,headquarters:4,headquarters,chat_template,9,6274.78759765625,12.047882080078125,0.1527368128299713
gemma_270m_base,headquarters:4,headquarters,chat_template,10,10614.3984375,29.81998634338379,0.21463099122047424
gemma_270m_base,headquarters:4,headquarters,chat_template,11,10728.85546875,4.035800457000732,0.2197902351617813
gemma_270m_base,headquarters:4,headquarters,chat_template,12,14757.2666015625,22.588136672973633,0.1689937263727188
gemma_270m_base,headquarters:4,headquarters,chat_template,13,19062.900390625,34.617408752441406,0.12664303183555603
gemma_270m_base,headquarters:4,headquarters,chat_template,14,21821.05859375,44.83778381347656,0.135281503200531
gemma_270m_base,headquarters:4,headquarters,chat_template,15,24897.669921875,31.37545394897461,0.1092953309416771
gemma_270m_base,headquarters:4,headquarters,chat_template,16,35162.82421875,44.32875061035156,0.09713301062583923
gemma_270m_base,headquarters:4,headquarters,chat_template,17,92.86216735839844,11.849143028259277,0.12628917396068573
gemma_270m_base,headquarters:5,headquarters,raw_question,0,147.10443115234375,180.94578552246094,0.22175219655036926
gemma_270m_base,headquarters:5,headquarters,raw_question,1,1036.9525146484375,87.25645446777344,0.1869296133518219
gemma_270m_base,headquarters:5,headquarters,raw_question,2,1186.9627685546875,17.239185333251953,0.1648203432559967
gemma_270m_base,headquarters:5,headquarters,raw_question,3,1844.4091796875,12.910445213317871,0.22321560978889465
gemma_270m_base,headquarters:5,headquarters,raw_question,4,2134.145263671875,9.13991641998291,0.17710845172405243
gemma_270m_base,headquarters:5,headquarters,raw_question,5,2776.64697265625,17.97998046875,0.15102019906044006
gemma_270m_base,headquarters:5,headquarters,raw_question,6,3269.37646484375,7.62683629989624,0.16713684797286987
gemma_270m_base,headquarters:5,headquarters,raw_question,7,5132.99267578125,18.391477584838867,0.17825132608413696
gemma_270m_base,headquarters:5,headquarters,raw_question,8,5324.31689453125,19.322404861450195,0.19053152203559875
gemma_270m_base,headquarters:5,headquarters,raw_question,9,5977.30126953125,12.487141609191895,0.15343338251113892
gemma_270m_base,headquarters:5,headquarters,raw_question,10,10727.572265625,30.282926559448242,0.22456997632980347
gemma_270m_base,headquarters:5,headquarters,raw_question,11,11308.6669921875,4.747402667999268,0.20524761080741882
gemma_270m_base,headquarters:5,headquarters,raw_question,12,14448.7060546875,24.143110275268555,0.16007548570632935
gemma_270m_base,headquarters:5,headquarters,raw_question,13,18515.630859375,31.942399978637695,0.11750945448875427
gemma_270m_base,headquarters:5,headquarters,raw_question,14,20450.869140625,47.8599739074707,0.12722507119178772
gemma_270m_base,headquarters:5,headquarters,raw_question,15,22525.30859375,33.643951416015625,0.11505402624607086
gemma_270m_base,headquarters:5,headquarters,raw_question,16,30912.55859375,44.56022644042969,0.10448501259088516
gemma_270m_base,headquarters:5,headquarters,raw_question,17,93.21434020996094,12.695718765258789,0.13388581573963165
gemma_270m_base,headquarters:5,headquarters,declarative,0,169.66770935058594,210.8535614013672,0.19076679646968842
gemma_270m_base,headquarters:5,headquarters,declarative,1,970.2643432617188,117.9242172241211,0.20199644565582275
gemma_270m_base,headquarters:5,headquarters,declarative,2,1050.5230712890625,20.223432540893555,0.19042953848838806
gemma_270m_base,headquarters:5,headquarters,declarative,3,1640.0819091796875,14.778766632080078,0.27316874265670776
gemma_270m_base,headquarters:5,headquarters,declarative,4,2152.13916015625,11.390466690063477,0.19840764999389648
gemma_270m_base,headquarters:5,headquarters,declarative,5,3329.0576171875,17.8493709564209,0.1545233279466629
gemma_270m_base,headquarters:5,headquarters,declarative,6,3207.10791015625,8.81983470916748,0.16843514144420624
gemma_270m_base,headquarters:5,headquarters,declarative,7,5335.70654296875,23.882905960083008,0.17927615344524384
gemma_270m_base,headquarters:5,headquarters,declarative,8,5661.11865234375,18.830610275268555,0.17927153408527374
gemma_270m_base,headquarters:5,headquarters,declarative,9,6273.681640625,17.255075454711914,0.15694424510002136
gemma_270m_base,headquarters:5,headquarters,declarative,10,9227.1318359375,33.58666229248047,0.1872824728488922
gemma_270m_base,headquarters:5,headquarters,declarative,11,10506.8662109375,5.351433277130127,0.20606574416160583
gemma_270m_base,headquarters:5,headquarters,declarative,12,12673.138671875,26.555347442626953,0.16549474000930786
gemma_270m_base,headquarters:5,headquarters,declarative,13,16893.98828125,28.183897018432617,0.13139602541923523
gemma_270m_base,headquarters:5,headquarters,declarative,14,21723.1875,53.7935905456543,0.135182186961174
gemma_270m_base,headquarters:5,headquarters,declarative,15,23276.79296875,34.14042663574219,0.1104942113161087
gemma_270m_base,headquarters:5,headquarters,declarative,16,31143.384765625,39.25075912475586,0.1057756096124649
gemma_270m_base,headquarters:5,headquarters,declarative,17,111.0772476196289,11.25577449798584,0.12513339519500732
gemma_270m_base,headquarters:5,headquarters,qa,0,110.5476303100586,144.87351989746094,0.24196013808250427
gemma_270m_base,headquarters:5,headquarters,qa,1,825.9767456054688,150.64810180664062,0.23381641507148743
gemma_270m_base,headquarters:5,headquarters,qa,2,1047.4814453125,23.3997802734375,0.18935799598693848
gemma_270m_base,headquarters:5,headquarters,qa,3,2312.685302734375,13.719951629638672,0.22823269665241241
gemma_270m_base,headquarters:5,headquarters,qa,4,1851.7640380859375,11.633477210998535,0.18810167908668518
gemma_270m_base,headquarters:5,headquarters,qa,5,3368.27197265625,16.93349838256836,0.14864856004714966
gemma_270m_base,headquarters:5,headquarters,qa,6,3582.32666015625,8.480178833007812,0.15092919766902924
gemma_270m_base,headquarters:5,headquarters,qa,7,5241.62744140625,17.79413604736328,0.16614532470703125
gemma_270m_base,headquarters:5,headquarters,qa,8,5367.99755859375,19.330833435058594,0.20115944743156433
gemma_270m_base,headquarters:5,headquarters,qa,9,6281.43603515625,17.355239868164062,0.1538347452878952
gemma_270m_base,headquarters:5,headquarters,qa,10,10281.3037109375,34.28854751586914,0.20962905883789062
gemma_270m_base,headquarters:5,headquarters,qa,11,10657.7353515625,4.748582363128662,0.20962649583816528
gemma_270m_base,headquarters:5,headquarters,qa,12,14088.2412109375,32.542720794677734,0.17103268206119537
gemma_270m_base,headquarters:5,headquarters,qa,13,18182.1796875,29.079328536987305,0.12506785988807678
gemma_270m_base,headquarters:5,headquarters,qa,14,23307.970703125,47.4475212097168,0.13175983726978302
gemma_270m_base,headquarters:5,headquarters,qa,15,24533.14453125,31.58049201965332,0.1065232902765274
gemma_270m_base,headquarters:5,headquarters,qa,16,34648.2734375,35.3250617980957,0.10090269893407822
gemma_270m_base,headquarters:5,headquarters,qa,17,103.35340118408203,10.728019714355469,0.1208128035068512
gemma_270m_base,headquarters:5,headquarters,chat_template,0,110.76598358154297,167.66812133789062,0.23061519861221313
gemma_270m_base,headquarters:5,headquarters,chat_template,1,793.353515625,107.81486511230469,0.21121855080127716
gemma_270m_base,headquarters:5,headquarters,chat_template,2,1065.7327880859375,20.317977905273438,0.17604468762874603
gemma_270m_base,headquarters:5,headquarters,chat_template,3,1866.7408447265625,15.29782772064209,0.23500941693782806
gemma_270m_base,headquarters:5,headquarters,chat_template,4,2346.986083984375,10.014680862426758,0.19602379202842712
gemma_270m_base,headquarters:5,headquarters,chat_template,5,3477.683837890625,17.10605812072754,0.15388885140419006
gemma_270m_base,headquarters:5,headquarters,chat_template,6,3748.9990234375,6.369358062744141,0.15686364471912384
gemma_270m_base,headquarters:5,headquarters,chat_template,7,5161.95654296875,16.4401912689209,0.1704811304807663
gemma_270m_base,headquarters:5,headquarters,chat_template,8,5371.31005859375,21.551116943359375,0.21608704328536987
gemma_270m_base,headquarters:5,headquarters,chat_template,9,6276.53857421875,11.506023406982422,0.15347608923912048
gemma_270m_base,headquarters:5,headquarters,chat_template,10,10616.8486328125,30.33277702331543,0.22051292657852173
gemma_270m_base,headquarters:5,headquarters,chat_template,11,10663.193359375,3.9308884143829346,0.2194104790687561
gemma_270m_base,headquarters:5,headquarters,chat_template,12,14645.8095703125,21.93985939025879,0.17283371090888977
gemma_270m_base,headquarters:5,headquarters,chat_template,13,18826.958984375,30.606056213378906,0.12702903151512146
gemma_270m_base,headquarters:5,headquarters,chat_template,14,21681.017578125,44.75509262084961,0.13583645224571228
gemma_270m_base,headquarters:5,headquarters,chat_template,15,24654.458984375,31.96405601501465,0.10879631340503693
gemma_270m_base,headquarters:5,headquarters,chat_template,16,35026.53515625,42.55527877807617,0.09587685763835907
gemma_270m_base,headquarters:5,headquarters,chat_template,17,98.27954864501953,12.771379470825195,0.12422086298465729
gemma_270m_base,headquarters:6,headquarters,raw_question,0,148.0637664794922,177.87950134277344,0.2249167263507843
gemma_270m_base,headquarters:6,headquarters,raw_question,1,1044.1302490234375,87.13115692138672,0.1867782175540924
gemma_270m_base,headquarters:6,headquarters,raw_question,2,1156.991455078125,17.3286190032959,0.16707256436347961
gemma_270m_base,headquarters:6,headquarters,raw_question,3,1818.65625,13.030110359191895,0.22422415018081665
gemma_270m_base,headquarters:6,headquarters,raw_question,4,2089.5380859375,9.056177139282227,0.1783779412508011
gemma_270m_base,headquarters:6,headquarters,raw_question,5,2780.6005859375,17.031147003173828,0.15401844680309296
gemma_270m_base,headquarters:6,headquarters,raw_question,6,3183.20068359375,8.029399871826172,0.16792410612106323
gemma_270m_base,headquarters:6,headquarters,raw_question,7,5158.81298828125,18.742328643798828,0.17711563408374786
gemma_270m_base,headquarters:6,headquarters,raw_question,8,5345.76220703125,19.158283233642578,0.189223974943161
gemma_270m_base,headquarters:6,headquarters,raw_question,9,5968.2060546875,12.595401763916016,0.15186317265033722
gemma_270m_base,headquarters:6,headquarters,raw_question,10,10782.6015625,31.328369140625,0.22139066457748413
gemma_270m_base,headquarters:6,headquarters,raw_question,11,11462.4140625,4.610197067260742,0.2065466046333313
gemma_270m_base,headquarters:6,headquarters,raw_question,12,14744.2021484375,24.668704986572266,0.1587071716785431
gemma_270m_base,headquarters:6,headquarters,raw_question,13,19052.673828125,31.643009185791016,0.11849609017372131
gemma_270m_base,headquarters:6,headquarters,raw_question,14,20851.5390625,47.448177337646484,0.1288382112979889
gemma_270m_base,headquarters:6,headquarters,raw_question,15,22848.103515625,33.87938690185547,0.1159587949514389
gemma_270m_base,headquarters:6,headquarters,raw_question,16,31244.525390625,44.88434982299805,0.1057477593421936
gemma_270m_base,headquarters:6,headquarters,raw_question,17,97.28850555419922,13.589476585388184,0.1350778192281723
gemma_270m_base,headquarters:6,headquarters,declarative,0,169.7284698486328,209.6007080078125,0.1911241114139557
gemma_270m_base,headquarters:6,headquarters,declarative,1,969.5020751953125,112.95149230957031,0.2025521695613861
gemma_270m_base,headquarters:6,headquarters,declarative,2,1039.2684326171875,20.129314422607422,0.18896029889583588
gemma_270m_base,headquarters:6,headquarters,declarative,3,1627.414306640625,14.815905570983887,0.2734830379486084
gemma_270m_base,headquarters:6,headquarters,declarative,4,2129.5361328125,11.334590911865234,0.20040687918663025
gemma_270m_base,headquarters:6,headquarters,declarative,5,3331.03125,17.9062442779541,0.1539492905139923
gemma_270m_base,headquarters:6,headquarters,declarative,6,3160.18798828125,8.812644958496094,0.1685575246810913
gemma_270m_base,headquarters:6,headquarters,declarative,7,5362.85693359375,24.224626541137695,0.18052071332931519
gemma_270m_base,headquarters:6,headquarters,declarative,8,5658.49267578125,18.832195281982422,0.1795046329498291
gemma_270m_base,headquarters:6,headquarters,declarative,9,6210.55078125,17.508628845214844,0.15776051580905914
gemma_270m_base,headquarters:6,headquarters,declarative,10,9160.2431640625,34.19858932495117,0.18888665735721588
gemma_270m_base,headquarters:6,headquarters,declarative,11,10448.7998046875,5.4199538230896,0.20753362774848938
gemma_270m_base,headquarters:6,headquarters,declarative,12,12753.9658203125,28.37883186340332,0.16428765654563904
gemma_270m_base,headquarters:6,headquarters,declarative,13,16813.150390625,27.92740249633789,0.1314905732870102
gemma_270m_base,headquarters:6,headquarters,declarative,14,21655.599609375,54.354736328125,0.13650478422641754
gemma_270m_base,headquarters:6,headquarters,declarative,15,22791.044921875,34.807987213134766,0.11161425709724426
gemma_270m_base,headquarters:6,headquarters,declarative,16,30995.37890625,39.5960578918457,0.10650227963924408
gemma_270m_base,headquarters:6,headquarters,declarative,17,115.12445831298828,10.913260459899902,0.12301208078861237
gemma_270m_base,headquarters:6,headquarters,qa,0,111.32731628417969,142.3992919921875,0.2431495040655136
gemma_270m_base,headquarters:6,headquarters,qa,1,819.0708618164062,149.9280242919922,0.2333410531282425
gemma_270m_base,headquarters:6,headquarters,qa,2,1047.4522705078125,23.041006088256836,0.1889035403728485
gemma_270m_base,headquarters:6,headquarters,qa,3,2309.17431640625,13.605550765991211,0.22943001985549927
gemma_270m_base,headquarters:6,headquarters,qa,4,1847.8878173828125,11.706761360168457,0.18898852169513702
gemma_270m_base,headquarters:6,headquarters,qa,5,3335.0009765625,16.997751235961914,0.14896193146705627
gemma_270m_base,headquarters:6,headquarters,qa,6,3527.8251953125,8.48827075958252,0.1509568989276886
gemma_270m_base,headquarters:6,headquarters,qa,7,5210.95654296875,17.77947998046875,0.16616077721118927
gemma_270m_base,headquarters:6,headquarters,qa,8,5361.048828125,19.122705459594727,0.20333817601203918
gemma_270m_base,headquarters:6,headquarters,qa,9,6248.9296875,17.844818115234375,0.15548303723335266
gemma_270m_base,headquarters:6,headquarters,qa,10,10094.1669921875,34.599639892578125,0.20832028985023499
gemma_270m_base,headquarters:6,headquarters,qa,11,10472.794921875,4.842471599578857,0.212568461894989
gemma_270m_base,headquarters:6,headquarters,qa,12,14548.5205078125,34.63892364501953,0.17255531251430511
gemma_270m_base,headquarters:6,headquarters,qa,13,18497.279296875,29.552698135375977,0.1251707375049591
gemma_270m_base,headquarters:6,headquarters,qa,14,23675.125,47.50813674926758,0.13308893144130707
gemma_270m_base,headquarters:6,headquarters,qa,15,24246.71875,34.83670425415039,0.10713566839694977
gemma_270m_base,headquarters:6,headquarters,qa,16,34734.31640625,35.14717483520508,0.10106030851602554
gemma_270m_base,headquarters:6,headquarters,qa,17,106.04043579101562,10.314347267150879,0.11920241266489029
gemma_270m_base,headquarters:6,headquarters,chat_template,0,111.34212493896484,167.11448669433594,0.23110145330429077
gemma_270m_base,headquarters:6,headquarters,chat_template,1,789.9671630859375,109.02333068847656,0.21203464269638062
gemma_270m_base,headquarters:6,headquarters,chat_template,2,1065.9501953125,20.620698928833008,0.17603065073490143
gemma_270m_base,headquarters:6,headquarters,chat_template,3,1859.281005859375,15.16693115234375,0.23426075279712677
gemma_270m_base,headquarters:6,headquarters,chat_template,4,2347.118408203125,10.02759075164795,0.1970634162425995
gemma_270m_base,headquarters:6,headquarters,chat_template,5,3465.7470703125,17.1173038482666,0.1548996865749359
gemma_270m_base,headquarters:6,headquarters,chat_template,6,3828.03515625,6.367654800415039,0.1575102061033249
gemma_270m_base,headquarters:6,headquarters,chat_template,7,5283.41357421875,16.382919311523438,0.17185014486312866
gemma_270m_base,headquarters:6,headquarters,chat_template,8,5488.29833984375,21.500240325927734,0.2163160741329193
gemma_270m_base,headquarters:6,headquarters,chat_template,9,6363.76416015625,11.688115119934082,0.15263399481773376
gemma_270m_base,headquarters:6,headquarters,chat_template,10,10675.2060546875,30.228984832763672,0.21678748726844788
gemma_270m_base,headquarters:6,headquarters,chat_template,11,10712.3427734375,3.8932082653045654,0.21925053000450134
gemma_270m_base,headquarters:6,headquarters,chat_template,12,14829.9384765625,22.146886825561523,0.1720629334449768
gemma_270m_base,headquarters:6,headquarters,chat_template,13,19018.412109375,30.87652587890625,0.1267949938774109
gemma_270m_base,headquarters:6,headquarters,chat_template,14,21876.728515625,44.40930938720703,0.13631132245063782
gemma_270m_base,headquarters:6,headquarters,chat_template,15,24937.947265625,32.357948303222656,0.1089811772108078
gemma_270m_base,headquarters:6,headquarters,chat_template,16,35264.19140625,42.82878494262695,0.09704412519931793
gemma_270m_base,headquarters:6,headquarters,chat_template,17,102.50169372558594,12.399333000183105,0.12502822279930115
gemma_270m_base,headquarters:7,headquarters,raw_question,0,145.64349365234375,174.63525390625,0.2229258120059967
gemma_270m_base,headquarters:7,headquarters,raw_question,1,1029.6546630859375,86.7099380493164,0.18724380433559418
gemma_270m_base,headquarters:7,headquarters,raw_question,2,1148.9725341796875,16.5220947265625,0.16622385382652283
gemma_270m_base,headquarters:7,headquarters,raw_question,3,1844.525390625,12.97217845916748,0.22499814629554749
gemma_270m_base,headquarters:7,headquarters,raw_question,4,2217.90283203125,8.969439506530762,0.1798800230026245
gemma_270m_base,headquarters:7,headquarters,raw_question,5,2704.67724609375,17.810531616210938,0.15227322280406952
gemma_270m_base,headquarters:7,headquarters,raw_question,6,3312.955078125,7.745842933654785,0.166858971118927
gemma_270m_base,headquarters:7,headquarters,raw_question,7,5208.0673828125,18.27034568786621,0.1732228845357895
gemma_270m_base,headquarters:7,headquarters,raw_question,8,5480.9599609375,19.911943435668945,0.1903790384531021
gemma_270m_base,headquarters:7,headquarters,raw_question,9,6117.728515625,12.83482837677002,0.1515907347202301
gemma_270m_base,headquarters:7,headquarters,raw_question,10,10922.8701171875,31.114913940429688,0.22051537036895752
gemma_270m_base,headquarters:7,headquarters,raw_question,11,11543.837890625,4.4254069328308105,0.20765861868858337
gemma_270m_base,headquarters:7,headquarters,raw_question,12,14950.7119140625,25.924449920654297,0.1585197150707245
gemma_270m_base,headquarters:7,headquarters,raw_question,13,19069.296875,34.5457763671875,0.11985449492931366
gemma_270m_base,headquarters:7,headquarters,raw_question,14,20858.134765625,48.35682678222656,0.12478676438331604
gemma_270m_base,headquarters:7,headquarters,raw_question,15,22754.353515625,34.42193603515625,0.11175976693630219
gemma_270m_base,headquarters:7,headquarters,raw_question,16,31434.146484375,45.381710052490234,0.10381065309047699
gemma_270m_base,headquarters:7,headquarters,raw_question,17,94.33584594726562,13.464035987854004,0.13175630569458008
gemma_270m_base,headquarters:7,headquarters,declarative,0,170.34805297851562,193.34571838378906,0.19437259435653687
gemma_270m_base,headquarters:7,headquarters,declarative,1,962.1976318359375,114.59949493408203,0.2073156237602234
gemma_270m_base,headquarters:7,headquarters,declarative,2,1045.54150390625,19.9718074798584,0.18966776132583618
gemma_270m_base,headquarters:7,headquarters,declarative,3,1641.5228271484375,14.666338920593262,0.27383559942245483
gemma_270m_base,headquarters:7,headquarters,declarative,4,2134.96240234375,11.449389457702637,0.19918951392173767
gemma_270m_base,headquarters:7,headquarters,declarative,5,3348.970703125,17.89411735534668,0.15501001477241516
gemma_270m_base,headquarters:7,headquarters,declarative,6,3177.175537109375,9.157835006713867,0.16960908472537994
gemma_270m_base,headquarters:7,headquarters,declarative,7,5384.61083984375,23.76640510559082,0.18092398345470428
gemma_270m_base,headquarters:7,headquarters,declarative,8,5706.150390625,19.021879196166992,0.18255682289600372
gemma_270m_base,headquarters:7,headquarters,declarative,9,6170.666015625,17.967111587524414,0.1548961102962494
gemma_270m_base,headquarters:7,headquarters,declarative,10,9218.244140625,33.96620178222656,0.1886405348777771
gemma_270m_base,headquarters:7,headquarters,declarative,11,10538.318359375,5.210715293884277,0.20851382613182068
gemma_270m_base,headquarters:7,headquarters,declarative,12,13083.806640625,28.035329818725586,0.16188625991344452
gemma_270m_base,headquarters:7,headquarters,declarative,13,17439.70703125,28.251380920410156,0.1292228102684021
gemma_270m_base,headquarters:7,headquarters,declarative,14,21860.30859375,54.80826950073242,0.1321050226688385
gemma_270m_base,headquarters:7,headquarters,declarative,15,22913.7109375,34.722599029541016,0.10637293756008148
gemma_270m_base,headquarters:7,headquarters,declarative,16,30564.8515625,41.94913101196289,0.10375434160232544
gemma_270m_base,headquarters:7,headquarters,declarative,17,113.83157348632812,11.589859962463379,0.12274959683418274
gemma_270m_base,headquarters:7,headquarters,qa,0,110.2647705078125,137.8706817626953,0.24117416143417358
gemma_270m_base,headquarters:7,headquarters,qa,1,819.4031982421875,148.0205535888672,0.23369982838630676
gemma_270m_base,headquarters:7,headquarters,qa,2,1072.9466552734375,22.695539474487305,0.1896902322769165
gemma_270m_base,headquarters:7,headquarters,qa,3,2304.395751953125,13.40065860748291,0.22830753028392792
gemma_270m_base,headquarters:7,headquarters,qa,4,1912.853271484375,11.337040901184082,0.18850770592689514
gemma_270m_base,headquarters:7,headquarters,qa,5,3383.05322265625,17.04758644104004,0.14869064092636108
gemma_270m_base,headquarters:7,headquarters,qa,6,3531.83642578125,8.399543762207031,0.15073123574256897
gemma_270m_base,headquarters:7,headquarters,qa,7,5350.2783203125,17.632925033569336,0.16620880365371704
gemma_270m_base,headquarters:7,headquarters,qa,8,5444.03955078125,18.06090545654297,0.20497633516788483
gemma_270m_base,headquarters:7,headquarters,qa,9,6282.92822265625,18.052902221679688,0.1558346003293991
gemma_270m_base,headquarters:7,headquarters,qa,10,10089.1640625,34.927066802978516,0.21243754029273987
gemma_270m_base,headquarters:7,headquarters,qa,11,10387.7294921875,4.685166835784912,0.21275430917739868
gemma_270m_base,headquarters:7,headquarters,qa,12,14441.71484375,30.984399795532227,0.16877664625644684
gemma_270m_base,headquarters:7,headquarters,qa,13,18570.173828125,30.86437225341797,0.12425015866756439
gemma_270m_base,headquarters:7,headquarters,qa,14,23070.291015625,49.41533660888672,0.1283164918422699
gemma_270m_base,headquarters:7,headquarters,qa,15,23949.943359375,31.961458206176758,0.10252400487661362
gemma_270m_base,headquarters:7,headquarters,qa,16,34362.03125,38.99336242675781,0.0958707183599472
gemma_270m_base,headquarters:7,headquarters,qa,17,101.8302230834961,12.703987121582031,0.1140807643532753
gemma_270m_base,headquarters:7,headquarters,chat_template,0,110.52123260498047,163.69223022460938,0.22999227046966553
gemma_270m_base,headquarters:7,headquarters,chat_template,1,796.7586669921875,106.7935791015625,0.21108949184417725
gemma_270m_base,headquarters:7,headquarters,chat_template,2,1073.3297119140625,20.11407470703125,0.17478244006633759
gemma_270m_base,headquarters:7,headquarters,chat_template,3,1889.6126708984375,15.097206115722656,0.23403511941432953
gemma_270m_base,headquarters:7,headquarters,chat_template,4,2376.9208984375,10.03510856628418,0.1964920163154602
gemma_270m_base,headquarters:7,headquarters,chat_template,5,3506.496337890625,17.20557975769043,0.15436705946922302
gemma_270m_base,headquarters:7,headquarters,chat_template,6,3894.69482421875,6.176853656768799,0.15808621048927307
gemma_270m_base,headquarters:7,headquarters,chat_template,7,5291.67578125,16.29975128173828,0.16854619979858398
gemma_270m_base,headquarters:7,headquarters,chat_template,8,5461.75537109375,21.858592987060547,0.21585381031036377
gemma_270m_base,headquarters:7,headquarters,chat_template,9,6296.48046875,12.150566101074219,0.15273037552833557
gemma_270m_base,headquarters:7,headquarters,chat_template,10,10731.083984375,29.711196899414062,0.21378013491630554
gemma_270m_base,headquarters:7,headquarters,chat_template,11,10722.525390625,3.8942618370056152,0.21845364570617676
gemma_270m_base,headquarters:7,headquarters,chat_template,12,15272.10546875,21.239744186401367,0.1681971251964569
gemma_270m_base,headquarters:7,headquarters,chat_template,13,19429.6796875,33.575870513916016,0.1278243362903595
gemma_270m_base,headquarters:7,headquarters,chat_template,14,21932.935546875,44.886566162109375,0.1365068554878235
gemma_270m_base,headquarters:7,headquarters,chat_template,15,25078.578125,31.465087890625,0.10972333699464798
gemma_270m_base,headquarters:7,headquarters,chat_template,16,35026.90625,43.65552520751953,0.09683174639940262
gemma_270m_base,headquarters:7,headquarters,chat_template,17,100.9964370727539,12.762975692749023,0.12629619240760803
gemma_270m_base,headquarters:8,headquarters,raw_question,0,147.818603515625,179.69351196289062,0.2240246683359146
gemma_270m_base,headquarters:8,headquarters,raw_question,1,1044.2529296875,88.34689331054688,0.18623565137386322
gemma_270m_base,headquarters:8,headquarters,raw_question,2,1179.629638671875,17.189960479736328,0.1659359335899353
gemma_270m_base,headquarters:8,headquarters,raw_question,3,1859.406494140625,12.729881286621094,0.22432507574558258
gemma_270m_base,headquarters:8,headquarters,raw_question,4,2187.028076171875,8.927647590637207,0.17642375826835632
gemma_270m_base,headquarters:8,headquarters,raw_question,5,2762.810791015625,17.965192794799805,0.1511390209197998
gemma_270m_base,headquarters:8,headquarters,raw_question,6,3337.08056640625,7.619415283203125,0.16759033501148224
gemma_270m_base,headquarters:8,headquarters,raw_question,7,5217.609375,18.440906524658203,0.17659689486026764
gemma_270m_base,headquarters:8,headquarters,raw_question,8,5435.5380859375,19.16861343383789,0.18930214643478394
gemma_270m_base,headquarters:8,headquarters,raw_question,9,6121.07763671875,12.469810485839844,0.152154803276062
gemma_270m_base,headquarters:8,headquarters,raw_question,10,10853.015625,30.69314193725586,0.22059252858161926
gemma_270m_base,headquarters:8,headquarters,raw_question,11,11535.9912109375,4.67281436920166,0.20593786239624023
gemma_270m_base,headquarters:8,headquarters,raw_question,12,14693.740234375,25.095308303833008,0.16152657568454742
gemma_270m_base,headquarters:8,headquarters,raw_question,13,18828.75,32.215179443359375,0.11813268065452576
gemma_270m_base,headquarters:8,headquarters,raw_question,14,20752.447265625,48.2578125,0.12688304483890533
gemma_270m_base,headquarters:8,headquarters,raw_question,15,22919.66015625,33.02057647705078,0.11670656502246857
gemma_270m_base,headquarters:8,headquarters,raw_question,16,31264.345703125,45.928077697753906,0.10695542395114899
gemma_270m_base,headquarters:8,headquarters,raw_question,17,92.56816101074219,13.088090896606445,0.13643188774585724
gemma_270m_base,headquarters:8,headquarters,declarative,0,167.86827087402344,212.02796936035156,0.18957573175430298
gemma_270m_base,headquarters:8,headquarters,declarative,1,958.3823852539062,112.12596893310547,0.2032877802848816
gemma_270m_base,headquarters:8,headquarters,declarative,2,1024.927001953125,20.02252769470215,0.19116148352622986
gemma_270m_base,headquarters:8,headquarters,declarative,3,1612.908203125,14.713601112365723,0.2734471559524536
gemma_270m_base,headquarters:8,headquarters,declarative,4,2144.971435546875,11.52580451965332,0.2011653482913971
gemma_270m_base,headquarters:8,headquarters,declarative,5,3344.66796875,17.94962501525879,0.15463033318519592
gemma_270m_base,headquarters:8,headquarters,declarative,6,3207.390869140625,8.812077522277832,0.16791760921478271
gemma_270m_base,headquarters:8,headquarters,declarative,7,5328.689453125,23.573192596435547,0.17923304438591003
gemma_270m_base,headquarters:8,headquarters,declarative,8,5682.03125,19.361608505249023,0.17880553007125854
gemma_270m_base,headquarters:8,headquarters,declarative,9,6206.5498046875,17.46936798095703,0.1561584174633026
gemma_270m_base,headquarters:8,headquarters,declarative,10,9219.53515625,34.05779266357422,0.18907055258750916
gemma_270m_base,headquarters:8,headquarters,declarative,11,10428.1201171875,5.34066915512085,0.2067359834909439
gemma_270m_base,headquarters:8,headquarters,declarative,12,12384.8310546875,27.78982925415039,0.16572114825248718
gemma_270m_base,headquarters:8,headquarters,declarative,13,16775.86328125,28.355451583862305,0.13226662576198578
gemma_270m_base,headquarters:8,headquarters,declarative,14,21409.5625,54.376094818115234,0.13612507283687592
gemma_270m_base,headquarters:8,headquarters,declarative,15,22704.482421875,33.70674133300781,0.11056707799434662
gemma_270m_base,headquarters:8,headquarters,declarative,16,30059.8515625,42.03684997558594,0.10515168309211731
gemma_270m_base,headquarters:8,headquarters,declarative,17,111.41049194335938,11.689383506774902,0.12515054643154144
gemma_270m_base,headquarters:8,headquarters,qa,0,110.00260925292969,145.6925811767578,0.23986852169036865
gemma_270m_base,headquarters:8,headquarters,qa,1,821.6050415039062,150.35476684570312,0.23359520733356476
gemma_270m_base,headquarters:8,headquarters,qa,2,1039.60009765625,23.533166885375977,0.19011950492858887
gemma_270m_base,headquarters:8,headquarters,qa,3,2324.914306640625,13.666455268859863,0.22866526246070862
gemma_270m_base,headquarters:8,headquarters,qa,4,1831.0692138671875,11.709380149841309,0.1896328330039978
gemma_270m_base,headquarters:8,headquarters,qa,5,3306.1884765625,17.07855796813965,0.14883455634117126
gemma_270m_base,headquarters:8,headquarters,qa,6,3579.93994140625,8.52906322479248,0.15150237083435059
gemma_270m_base,headquarters:8,headquarters,qa,7,5198.681640625,17.690982818603516,0.16629622876644135
gemma_270m_base,headquarters:8,headquarters,qa,8,5325.72216796875,18.86409568786621,0.20370256900787354
gemma_270m_base,headquarters:8,headquarters,qa,9,6245.84033203125,17.364912033081055,0.15503589808940887
gemma_270m_base,headquarters:8,headquarters,qa,10,10092.2763671875,34.38652801513672,0.21172377467155457
gemma_270m_base,headquarters:8,headquarters,qa,11,10490.80859375,4.944471836090088,0.21328940987586975
gemma_270m_base,headquarters:8,headquarters,qa,12,13750.6171875,35.600181579589844,0.1744401454925537
gemma_270m_base,headquarters:8,headquarters,qa,13,17936.123046875,29.541017532348633,0.12608923017978668
gemma_270m_base,headquarters:8,headquarters,qa,14,22755.591796875,48.08039474487305,0.130038321018219
gemma_270m_base,headquarters:8,headquarters,qa,15,23827.548828125,31.515384674072266,0.10758496820926666
gemma_270m_base,headquarters:8,headquarters,qa,16,33716.72265625,38.38069152832031,0.1002199798822403
gemma_270m_base,headquarters:8,headquarters,qa,17,104.45035552978516,12.543797492980957,0.12040677666664124
gemma_270m_base,headquarters:8,headquarters,chat_template,0,110.37007141113281,168.994384765625,0.23002919554710388
gemma_270m_base,headquarters:8,headquarters,chat_template,1,794.4164428710938,105.99940490722656,0.2111169993877411
gemma_270m_base,headquarters:8,headquarters,chat_template,2,1069.8323974609375,19.945276260375977,0.17423959076404572
gemma_270m_base,headquarters:8,headquarters,chat_template,3,1876.32568359375,15.21799087524414,0.23152515292167664
gemma_270m_base,headquarters:8,headquarters,chat_template,4,2394.598388671875,9.864572525024414,0.194099560379982
gemma_270m_base,headquarters:8,headquarters,chat_template,5,3413.808837890625,17.269933700561523,0.1531924307346344
gemma_270m_base,headquarters:8,headquarters,chat_template,6,3750.822265625,6.326903820037842,0.157072052359581
gemma_270m_base,headquarters:8,headquarters,chat_template,7,5113.31103515625,16.772018432617188,0.16691501438617706
gemma_270m_base,headquarters:8,headquarters,chat_template,8,5346.4912109375,21.723175048828125,0.21433793008327484
gemma_270m_base,headquarters:8,headquarters,chat_template,9,6213.62255859375,12.007568359375,0.15257152915000916
gemma_270m_base,headquarters:8,headquarters,chat_template,10,10614.0029296875,29.84578514099121,0.21575091779232025
gemma_270m_base,headquarters:8,headquarters,chat_template,11,10680.5859375,3.9636170864105225,0.21741235256195068
gemma_270m_base,headquarters:8,headquarters,chat_template,12,14770.6455078125,22.558032989501953,0.1699824035167694
gemma_270m_base,headquarters:8,headquarters,chat_template,13,18872.51953125,32.45295333862305,0.1268240511417389
gemma_270m_base,headquarters:8,headquarters,chat_template,14,21977.6015625,44.78244400024414,0.13570673763751984
gemma_270m_base,headquarters:8,headquarters,chat_template,15,25105.34765625,31.756559371948242,0.10831902921199799
gemma_270m_base,headquarters:8,headquarters,chat_template,16,35707.125,43.46268081665039,0.09587249159812927
gemma_270m_base,headquarters:8,headquarters,chat_template,17,95.90916442871094,11.971586227416992,0.12372318655252457
gemma_270m_base,headquarters:9,headquarters,raw_question,0,145.80531311035156,188.48912048339844,0.22034531831741333
gemma_270m_base,headquarters:9,headquarters,raw_question,1,1040.64990234375,86.83372497558594,0.18712715804576874
gemma_270m_base,headquarters:9,headquarters,raw_question,2,1164.7044677734375,17.13382339477539,0.16604474186897278
gemma_270m_base,headquarters:9,headquarters,raw_question,3,1851.2890625,12.931296348571777,0.22439998388290405
gemma_270m_base,headquarters:9,headquarters,raw_question,4,2174.7099609375,8.904511451721191,0.1778647005558014
gemma_270m_base,headquarters:9,headquarters,raw_question,5,2764.616943359375,17.770751953125,0.15152908861637115
gemma_270m_base,headquarters:9,headquarters,raw_question,6,3259.547119140625,7.93668270111084,0.16658370196819305
gemma_270m_base,headquarters:9,headquarters,raw_question,7,5124.7783203125,18.66697120666504,0.17367330193519592
gemma_270m_base,headquarters:9,headquarters,raw_question,8,5310.55859375,19.165151596069336,0.1871015727519989
gemma_270m_base,headquarters:9,headquarters,raw_question,9,6024.7236328125,12.493158340454102,0.15319308638572693
gemma_270m_base,headquarters:9,headquarters,raw_question,10,10913.333984375,31.75055694580078,0.21938207745552063
gemma_270m_base,headquarters:9,headquarters,raw_question,11,11646.919921875,4.495754718780518,0.20504732429981232
gemma_270m_base,headquarters:9,headquarters,raw_question,12,15137.5478515625,24.01588249206543,0.16067640483379364
gemma_270m_base,headquarters:9,headquarters,raw_question,13,19340.560546875,30.933860778808594,0.11863942444324493
gemma_270m_base,headquarters:9,headquarters,raw_question,14,21245.796875,47.615848541259766,0.12976498901844025
gemma_270m_base,headquarters:9,headquarters,raw_question,15,23474.490234375,32.31325149536133,0.11576518416404724
gemma_270m_base,headquarters:9,headquarters,raw_question,16,32199.4296875,44.404808044433594,0.10686682164669037
gemma_270m_base,headquarters:9,headquarters,raw_question,17,96.2029037475586,13.169633865356445,0.1366116851568222
gemma_270m_base,headquarters:9,headquarters,declarative,0,169.6031494140625,216.57437133789062,0.1894725263118744
gemma_270m_base,headquarters:9,headquarters,declarative,1,970.0902709960938,113.94805908203125,0.20211413502693176
gemma_270m_base,headquarters:9,headquarters,declarative,2,1042.244873046875,20.11273765563965,0.18851053714752197
gemma_270m_base,headquarters:9,headquarters,declarative,3,1627.0108642578125,14.653202056884766,0.2765062749385834
gemma_270m_base,headquarters:9,headquarters,declarative,4,2195.409423828125,11.188459396362305,0.20236258208751678
gemma_270m_base,headquarters:9,headquarters,declarative,5,3388.2001953125,17.95168685913086,0.15378999710083008
gemma_270m_base,headquarters:9,headquarters,declarative,6,3195.643310546875,8.729145050048828,0.16774868965148926
gemma_270m_base,headquarters:9,headquarters,declarative,7,5417.07958984375,24.29461097717285,0.1772674024105072
gemma_270m_base,headquarters:9,headquarters,declarative,8,5744.35498046875,19.285127639770508,0.17911291122436523
gemma_270m_base,headquarters:9,headquarters,declarative,9,6208.6689453125,17.522010803222656,0.15590178966522217
gemma_270m_base,headquarters:9,headquarters,declarative,10,9168.1328125,33.87322235107422,0.18794092535972595
gemma_270m_base,headquarters:9,headquarters,declarative,11,10483.9228515625,5.390394687652588,0.2071933001279831
gemma_270m_base,headquarters:9,headquarters,declarative,12,13080.1318359375,28.2152099609375,0.1680569052696228
gemma_270m_base,headquarters:9,headquarters,declarative,13,17386.251953125,27.493688583374023,0.13158847391605377
gemma_270m_base,headquarters:9,headquarters,declarative,14,22099.181640625,54.4572868347168,0.13703083992004395
gemma_270m_base,headquarters:9,headquarters,declarative,15,23620.740234375,32.94576644897461,0.1098732203245163
gemma_270m_base,headquarters:9,headquarters,declarative,16,31541.822265625,39.006874084472656,0.10485467314720154
gemma_270m_base,headquarters:9,headquarters,declarative,17,116.96932983398438,10.298959732055664,0.12233547121286392
gemma_270m_base,headquarters:9,headquarters,qa,0,110.50897979736328,145.65255737304688,0.2383362352848053
gemma_270m_base,headquarters:9,headquarters,qa,1,811.398193359375,155.0526580810547,0.23446020483970642
gemma_270m_base,headquarters:9,headquarters,qa,2,1055.03759765625,23.04185676574707,0.190852552652359
gemma_270m_base,headquarters:9,headquarters,qa,3,2336.69189453125,13.5873384475708,0.22804585099220276
gemma_270m_base,headquarters:9,headquarters,qa,4,1875.635009765625,11.529485702514648,0.18950815498828888
gemma_270m_base,headquarters:9,headquarters,qa,5,3429.50830078125,16.914913177490234,0.14912644028663635
gemma_270m_base,headquarters:9,headquarters,qa,6,3727.413818359375,8.78347396850586,0.1515161395072937
gemma_270m_base,headquarters:9,headquarters,qa,7,5451.64013671875,17.17259407043457,0.166734978556633
gemma_270m_base,headquarters:9,headquarters,qa,8,5473.10302734375,18.49601936340332,0.20200926065444946
gemma_270m_base,headquarters:9,headquarters,qa,9,6457.09423828125,17.336238861083984,0.15542900562286377
gemma_270m_base,headquarters:9,headquarters,qa,10,10465.998046875,33.86017608642578,0.2080179750919342
gemma_270m_base,headquarters:9,headquarters,qa,11,10645.8984375,4.628425598144531,0.21123257279396057
gemma_270m_base,headquarters:9,headquarters,qa,12,14905.16796875,33.37854766845703,0.17632532119750977
gemma_270m_base,headquarters:9,headquarters,qa,13,18883.986328125,28.696847915649414,0.1270250678062439
gemma_270m_base,headquarters:9,headquarters,qa,14,23665.712890625,47.210201263427734,0.135695219039917
gemma_270m_base,headquarters:9,headquarters,qa,15,24853.857421875,33.835933685302734,0.1080760806798935
gemma_270m_base,headquarters:9,headquarters,qa,16,35319.03125,35.15943145751953,0.1027790904045105
gemma_270m_base,headquarters:9,headquarters,qa,17,106.1969223022461,11.208261489868164,0.12125939130783081
gemma_270m_base,headquarters:9,headquarters,chat_template,0,111.06793212890625,168.27406311035156,0.23027190566062927
gemma_270m_base,headquarters:9,headquarters,chat_template,1,787.8265380859375,107.93875885009766,0.2112698256969452
gemma_270m_base,headquarters:9,headquarters,chat_template,2,1081.070556640625,19.80260467529297,0.1747952103614807
gemma_270m_base,headquarters:9,headquarters,chat_template,3,1863.81787109375,15.109169960021973,0.2312593162059784
gemma_270m_base,headquarters:9,headquarters,chat_template,4,2382.55712890625,9.785954475402832,0.19401822984218597
gemma_270m_base,headquarters:9,headquarters,chat_template,5,3520.832275390625,17.136886596679688,0.15410462021827698
gemma_270m_base,headquarters:9,headquarters,chat_template,6,3844.528564453125,6.385611057281494,0.15698134899139404
gemma_270m_base,headquarters:9,headquarters,chat_template,7,5239.00927734375,16.585622787475586,0.1689663678407669
gemma_270m_base,headquarters:9,headquarters,chat_template,8,5523.6279296875,21.339937210083008,0.21912530064582825
gemma_270m_base,headquarters:9,headquarters,chat_template,9,6398.48486328125,12.106184959411621,0.1531102955341339
gemma_270m_base,headquarters:9,headquarters,chat_template,10,10683.580078125,30.583044052124023,0.21876707673072815
gemma_270m_base,headquarters:9,headquarters,chat_template,11,10740.798828125,3.971937417984009,0.21946707367897034
gemma_270m_base,headquarters:9,headquarters,chat_template,12,14904.494140625,22.408309936523438,0.17476825416088104
gemma_270m_base,headquarters:9,headquarters,chat_template,13,19073.1953125,30.394325256347656,0.1283418834209442
gemma_270m_base,headquarters:9,headquarters,chat_template,14,22270.373046875,45.09733963012695,0.1368127465248108
gemma_270m_base,headquarters:9,headquarters,chat_template,15,25381.66796875,31.972623825073242,0.10853161662817001
gemma_270m_base,headquarters:9,headquarters,chat_template,16,35821.70703125,43.068546295166016,0.09629830718040466
gemma_270m_base,headquarters:9,headquarters,chat_template,17,102.7320556640625,12.159586906433105,0.1250188797712326
gemma_270m_base,headquarters:10,headquarters,raw_question,0,144.5625,187.77474975585938,0.220439150929451
gemma_270m_base,headquarters:10,headquarters,raw_question,1,1044.459716796875,88.55374145507812,0.18722003698349
gemma_270m_base,headquarters:10,headquarters,raw_question,2,1193.9893798828125,17.495712280273438,0.1670892834663391
gemma_270m_base,headquarters:10,headquarters,raw_question,3,1854.232421875,13.049322128295898,0.22261154651641846
gemma_270m_base,headquarters:10,headquarters,raw_question,4,2152.1298828125,8.857325553894043,0.17844682931900024
gemma_270m_base,headquarters:10,headquarters,raw_question,5,2807.559814453125,17.901193618774414,0.15166163444519043
gemma_270m_base,headquarters:10,headquarters,raw_question,6,3310.965576171875,8.320932388305664,0.16737781465053558
gemma_270m_base,headquarters:10,headquarters,raw_question,7,5014.6787109375,18.727741241455078,0.1709398329257965
gemma_270m_base,headquarters:10,headquarters,raw_question,8,5312.53271484375,20.072734832763672,0.1905549168586731
gemma_270m_base,headquarters:10,headquarters,raw_question,9,6032.25146484375,12.78238296508789,0.1521456241607666
gemma_270m_base,headquarters:10,headquarters,raw_question,10,10975.95703125,30.34062957763672,0.2218649834394455
gemma_270m_base,headquarters:10,headquarters,raw_question,11,11653.25390625,4.5527191162109375,0.20512349903583527
gemma_270m_base,headquarters:10,headquarters,raw_question,12,14934.0078125,24.126365661621094,0.15752674639225006
gemma_270m_base,headquarters:10,headquarters,raw_question,13,19268.923828125,32.01960754394531,0.11525154113769531
gemma_270m_base,headquarters:10,headquarters,raw_question,14,21051.943359375,48.11585235595703,0.12429629266262054
gemma_270m_base,headquarters:10,headquarters,raw_question,15,23296.021484375,30.786544799804688,0.1127929538488388
gemma_270m_base,headquarters:10,headquarters,raw_question,16,31719.46875,45.97868728637695,0.10453161597251892
gemma_270m_base,headquarters:10,headquarters,raw_question,17,90.5077896118164,12.257270812988281,0.135140061378479
gemma_270m_base,headquarters:10,headquarters,declarative,0,170.41763305664062,213.3182830810547,0.19258981943130493
gemma_270m_base,headquarters:10,headquarters,declarative,1,958.7063598632812,114.21883392333984,0.20310676097869873
gemma_270m_base,headquarters:10,headquarters,declarative,2,1017.8244018554688,20.389617919921875,0.19038152694702148
gemma_270m_base,headquarters:10,headquarters,declarative,3,1601.9998779296875,14.77985954284668,0.2759268283843994
gemma_270m_base,headquarters:10,headquarters,declarative,4,2189.57177734375,11.158300399780273,0.2022402286529541
gemma_270m_base,headquarters:10,headquarters,declarative,5,3377.4365234375,17.945829391479492,0.1537771224975586
gemma_270m_base,headquarters:10,headquarters,declarative,6,3239.61767578125,9.2493257522583,0.16808389127254486
gemma_270m_base,headquarters:10,headquarters,declarative,7,5383.982421875,23.83351707458496,0.17663073539733887
gemma_270m_base,headquarters:10,headquarters,declarative,8,5705.73828125,19.874910354614258,0.18082541227340698
gemma_270m_base,headquarters:10,headquarters,declarative,9,6200.388671875,18.155664443969727,0.15294614434242249
gemma_270m_base,headquarters:10,headquarters,declarative,10,9158.70703125,33.84880065917969,0.18775734305381775
gemma_270m_base,headquarters:10,headquarters,declarative,11,10444.693359375,5.412947177886963,0.2093639373779297
gemma_270m_base,headquarters:10,headquarters,declarative,12,13074.1201171875,30.30620574951172,0.16677117347717285
gemma_270m_base,headquarters:10,headquarters,declarative,13,17544.16796875,28.000959396362305,0.1316889226436615
gemma_270m_base,headquarters:10,headquarters,declarative,14,21582.34375,54.16905212402344,0.13524310290813446
gemma_270m_base,headquarters:10,headquarters,declarative,15,23482.130859375,31.857511520385742,0.10828664898872375
gemma_270m_base,headquarters:10,headquarters,declarative,16,30657.14453125,40.96883773803711,0.10543504357337952
gemma_270m_base,headquarters:10,headquarters,declarative,17,119.61324310302734,10.847405433654785,0.12724348902702332
gemma_270m_base,headquarters:10,headquarters,qa,0,110.91719818115234,144.2318878173828,0.24168336391448975
gemma_270m_base,headquarters:10,headquarters,qa,1,819.3062744140625,151.91659545898438,0.23395007848739624
gemma_270m_base,headquarters:10,headquarters,qa,2,1040.8140869140625,22.72260284423828,0.19032645225524902
gemma_270m_base,headquarters:10,headquarters,qa,3,2254.20947265625,13.99682903289795,0.22888953983783722
gemma_270m_base,headquarters:10,headquarters,qa,4,1797.2486572265625,11.812864303588867,0.19128860533237457
gemma_270m_base,headquarters:10,headquarters,qa,5,3356.98193359375,16.921171188354492,0.14963552355766296
gemma_270m_base,headquarters:10,headquarters,qa,6,3546.750732421875,8.679911613464355,0.15128034353256226
gemma_270m_base,headquarters:10,headquarters,qa,7,5269.505859375,17.67605972290039,0.16440045833587646
gemma_270m_base,headquarters:10,headquarters,qa,8,5309.81640625,18.541059494018555,0.20242279767990112
gemma_270m_base,headquarters:10,headquarters,qa,9,6198.8232421875,18.660675048828125,0.15503153204917908
gemma_270m_base,headquarters:10,headquarters,qa,10,10155.998046875,34.36020278930664,0.21096329391002655
gemma_270m_base,headquarters:10,headquarters,qa,11,10616.46875,4.860909938812256,0.21092231571674347
gemma_270m_base,headquarters:10,headquarters,qa,12,14382.9775390625,36.02355194091797,0.1717914193868637
gemma_270m_base,headquarters:10,headquarters,qa,13,18371.21875,30.2611026763916,0.1245877593755722
gemma_270m_base,headquarters:10,headquarters,qa,14,22537.298828125,48.48687744140625,0.12684282660484314
gemma_270m_base,headquarters:10,headquarters,qa,15,24331.53125,30.432632446289062,0.10421879589557648
gemma_270m_base,headquarters:10,headquarters,qa,16,34417.44140625,38.48688888549805,0.09841625392436981
gemma_270m_base,headquarters:10,headquarters,qa,17,99.95274353027344,11.3731107711792,0.11748844385147095
gemma_270m_base,headquarters:10,headquarters,chat_template,0,111.22320556640625,168.7569580078125,0.2298402637243271
gemma_270m_base,headquarters:10,headquarters,chat_template,1,794.4420776367188,107.2200698852539,0.21142563223838806
gemma_270m_base,headquarters:10,headquarters,chat_template,2,1070.4246826171875,20.4290771484375,0.1758773922920227
gemma_270m_base,headquarters:10,headquarters,chat_template,3,1839.6209716796875,15.386019706726074,0.23416996002197266
gemma_270m_base,headquarters:10,headquarters,chat_template,4,2458.533447265625,9.915124893188477,0.19576382637023926
gemma_270m_base,headquarters:10,headquarters,chat_template,5,3435.7802734375,17.09604835510254,0.1536180078983307
gemma_270m_base,headquarters:10,headquarters,chat_template,6,3741.908203125,6.518739700317383,0.15761175751686096
gemma_270m_base,headquarters:10,headquarters,chat_template,7,5227.21728515625,17.01909637451172,0.16656234860420227
gemma_270m_base,headquarters:10,headquarters,chat_template,8,5411.7265625,21.130584716796875,0.2142443060874939
gemma_270m_base,headquarters:10,headquarters,chat_template,9,6307.8046875,12.220922470092773,0.1509246826171875
gemma_270m_base,headquarters:10,headquarters,chat_template,10,10616.5380859375,30.11756706237793,0.2144961953163147
gemma_270m_base,headquarters:10,headquarters,chat_template,11,10752.9658203125,4.097002983093262,0.21742436289787292
gemma_270m_base,headquarters:10,headquarters,chat_template,12,14683.1240234375,22.91342544555664,0.1715225726366043
gemma_270m_base,headquarters:10,headquarters,chat_template,13,18866.701171875,31.027667999267578,0.12608778476715088
gemma_270m_base,headquarters:10,headquarters,chat_template,14,21578.251953125,45.78969192504883,0.1343422830104828
gemma_270m_base,headquarters:10,headquarters,chat_template,15,24744.544921875,30.790851593017578,0.1083727777004242
gemma_270m_base,headquarters:10,headquarters,chat_template,16,34711.1640625,44.055328369140625,0.09639294445514679
gemma_270m_base,headquarters:10,headquarters,chat_template,17,96.24243927001953,12.12813663482666,0.12478861212730408
gemma_270m_base,headquarters:11,headquarters,raw_question,0,145.9001922607422,181.6495361328125,0.21996039152145386
gemma_270m_base,headquarters:11,headquarters,raw_question,1,1041.3826904296875,90.90335845947266,0.18666619062423706
gemma_270m_base,headquarters:11,headquarters,raw_question,2,1187.3431396484375,17.91880989074707,0.16632497310638428
gemma_270m_base,headquarters:11,headquarters,raw_question,3,1810.6239013671875,13.11591625213623,0.22324740886688232
gemma_270m_base,headquarters:11,headquarters,raw_question,4,2066.77294921875,9.09677791595459,0.17857348918914795
gemma_270m_base,headquarters:11,headquarters,raw_question,5,2716.862548828125,17.45901107788086,0.15237775444984436
gemma_270m_base,headquarters:11,headquarters,raw_question,6,3199.62890625,7.69738245010376,0.1672644019126892
gemma_270m_base,headquarters:11,headquarters,raw_question,7,5103.111328125,18.776437759399414,0.1751425564289093
gemma_270m_base,headquarters:11,headquarters,raw_question,8,5197.60693359375,19.27100944519043,0.19017362594604492
gemma_270m_base,headquarters:11,headquarters,raw_question,9,6001.1328125,12.872872352600098,0.15586674213409424
gemma_270m_base,headquarters:11,headquarters,raw_question,10,10784.12890625,30.320674896240234,0.2235940396785736
gemma_270m_base,headquarters:11,headquarters,raw_question,11,11469.1806640625,4.812496185302734,0.2078223079442978
gemma_270m_base,headquarters:11,headquarters,raw_question,12,14742.125,24.12666130065918,0.1609070897102356
gemma_270m_base,headquarters:11,headquarters,raw_question,13,18757.669921875,32.04521942138672,0.119439497590065
gemma_270m_base,headquarters:11,headquarters,raw_question,14,20697.02734375,47.187416076660156,0.1287018358707428
gemma_270m_base,headquarters:11,headquarters,raw_question,15,22844.224609375,32.98928451538086,0.11698797345161438
gemma_270m_base,headquarters:11,headquarters,raw_question,16,31357.67578125,44.108768463134766,0.10670235753059387
gemma_270m_base,headquarters:11,headquarters,raw_question,17,93.16162109375,13.024370193481445,0.13685691356658936
gemma_270m_base,headquarters:11,headquarters,declarative,0,167.89627075195312,209.1731414794922,0.18967005610466003
gemma_270m_base,headquarters:11,headquarters,declarative,1,962.8924560546875,118.60063934326172,0.20353306829929352
gemma_270m_base,headquarters:11,headquarters,declarative,2,1032.30517578125,20.59763526916504,0.19049274921417236
gemma_270m_base,headquarters:11,headquarters,declarative,3,1607.185302734375,14.811412811279297,0.27566659450531006
gemma_270m_base,headquarters:11,headquarters,declarative,4,2144.8251953125,11.340715408325195,0.20371747016906738
gemma_270m_base,headquarters:11,headquarters,declarative,5,3370.79052734375,17.92122459411621,0.1541655957698822
gemma_270m_base,headquarters:11,headquarters,declarative,6,3151.279296875,8.647261619567871,0.1678200662136078
gemma_270m_base,headquarters:11,headquarters,declarative,7,5358.02685546875,24.33738899230957,0.1784372627735138
gemma_270m_base,headquarters:11,headquarters,declarative,8,5595.28125,18.94662094116211,0.17838916182518005
gemma_270m_base,headquarters:11,headquarters,declarative,9,6178.42822265625,17.85879135131836,0.1577669382095337
gemma_270m_base,headquarters:11,headquarters,declarative,10,9095.5146484375,34.113975524902344,0.18912416696548462
gemma_270m_base,headquarters:11,headquarters,declarative,11,10454.5615234375,5.418789386749268,0.20631593465805054
gemma_270m_base,headquarters:11,headquarters,declarative,12,13144.8310546875,29.18644905090332,0.16252383589744568
gemma_270m_base,headquarters:11,headquarters,declarative,13,17187.9296875,28.02071762084961,0.1299315094947815
gemma_270m_base,headquarters:11,headquarters,declarative,14,22034.5078125,54.96164321899414,0.13409653306007385
gemma_270m_base,headquarters:11,headquarters,declarative,15,23146.287109375,33.59933090209961,0.11153930425643921
gemma_270m_base,headquarters:11,headquarters,declarative,16,31485.125,38.6146354675293,0.1071445643901825
gemma_270m_base,headquarters:11,headquarters,declarative,17,116.4524154663086,11.153172492980957,0.12388438731431961
gemma_270m_base,headquarters:11,headquarters,qa,0,110.3018798828125,141.8524627685547,0.2436830997467041
gemma_270m_base,headquarters:11,headquarters,qa,1,819.1281127929688,154.2274627685547,0.23307326436042786
gemma_270m_base,headquarters:11,headquarters,qa,2,1054.676513671875,23.04972267150879,0.1896457076072693
gemma_270m_base,headquarters:11,headquarters,qa,3,2308.3525390625,13.546839714050293,0.2288345992565155
gemma_270m_base,headquarters:11,headquarters,qa,4,1839.1451416015625,11.702555656433105,0.1908550262451172
gemma_270m_base,headquarters:11,headquarters,qa,5,3411.0712890625,16.934412002563477,0.14851784706115723
gemma_270m_base,headquarters:11,headquarters,qa,6,3631.490966796875,8.528791427612305,0.1506514847278595
gemma_270m_base,headquarters:11,headquarters,qa,7,5295.8466796875,17.759180068969727,0.16476595401763916
gemma_270m_base,headquarters:11,headquarters,qa,8,5414.52783203125,18.865814208984375,0.2027590572834015
gemma_270m_base,headquarters:11,headquarters,qa,9,6367.796875,18.41583824157715,0.15746259689331055
gemma_270m_base,headquarters:11,headquarters,qa,10,10220.2880859375,33.78466033935547,0.20742249488830566
gemma_270m_base,headquarters:11,headquarters,qa,11,10485.5478515625,4.716175079345703,0.21168404817581177
gemma_270m_base,headquarters:11,headquarters,qa,12,14781.3544921875,33.61906814575195,0.1709611415863037
gemma_270m_base,headquarters:11,headquarters,qa,13,18418.58984375,29.106412887573242,0.1262238621711731
gemma_270m_base,headquarters:11,headquarters,qa,14,23625.10546875,46.47004699707031,0.13339263200759888
gemma_270m_base,headquarters:11,headquarters,qa,15,25009.322265625,33.90007019042969,0.10944972932338715
gemma_270m_base,headquarters:11,headquarters,qa,16,35619.30078125,34.842201232910156,0.10156768560409546
gemma_270m_base,headquarters:11,headquarters,qa,17,102.33073425292969,11.18403148651123,0.12095774710178375
gemma_270m_base,headquarters:11,headquarters,chat_template,0,110.48651123046875,167.28419494628906,0.23075145483016968
gemma_270m_base,headquarters:11,headquarters,chat_template,1,787.62353515625,108.59500122070312,0.21232420206069946
gemma_270m_base,headquarters:11,headquarters,chat_template,2,1063.0694580078125,20.343225479125977,0.17546819150447845
gemma_270m_base,headquarters:11,headquarters,chat_template,3,1866.66162109375,15.176163673400879,0.2344476282596588
gemma_270m_base,headquarters:11,headquarters,chat_template,4,2316.46923828125,10.031846046447754,0.1962585151195526
gemma_270m_base,headquarters:11,headquarters,chat_template,5,3490.53759765625,17.29792022705078,0.1552761346101761
gemma_270m_base,headquarters:11,headquarters,chat_template,6,3813.988525390625,6.358807563781738,0.15765583515167236
gemma_270m_base,headquarters:11,headquarters,chat_template,7,5255.43359375,16.336580276489258,0.17031246423721313
gemma_270m_base,headquarters:11,headquarters,chat_template,8,5465.65625,21.364912033081055,0.21833258867263794
gemma_270m_base,headquarters:11,headquarters,chat_template,9,6370.50244140625,11.877713203430176,0.15317068994045258
gemma_270m_base,headquarters:11,headquarters,chat_template,10,10615.275390625,30.208839416503906,0.21821853518486023
gemma_270m_base,headquarters:11,headquarters,chat_template,11,10705.681640625,3.929996967315674,0.21901077032089233
gemma_270m_base,headquarters:11,headquarters,chat_template,12,14985.7392578125,22.406322479248047,0.17108851671218872
gemma_270m_base,headquarters:11,headquarters,chat_template,13,18808.5,31.99626350402832,0.12827986478805542
gemma_270m_base,headquarters:11,headquarters,chat_template,14,21667.869140625,44.2813835144043,0.13758733868598938
gemma_270m_base,headquarters:11,headquarters,chat_template,15,24806.318359375,31.69422149658203,0.11120907962322235
gemma_270m_base,headquarters:11,headquarters,chat_template,16,35087.72265625,41.9818229675293,0.09835007786750793
gemma_270m_base,headquarters:11,headquarters,chat_template,17,100.1399154663086,11.201869010925293,0.12731727957725525
gemma_270m_base,headquarters:12,headquarters,raw_question,0,148.3188018798828,182.5260467529297,0.21944662928581238
gemma_270m_base,headquarters:12,headquarters,raw_question,1,1033.919189453125,91.49832153320312,0.18642547726631165
gemma_270m_base,headquarters:12,headquarters,raw_question,2,1165.3746337890625,17.36040687561035,0.16732260584831238
gemma_270m_base,headquarters:12,headquarters,raw_question,3,1841.039794921875,13.126506805419922,0.2249186635017395
gemma_270m_base,headquarters:12,headquarters,raw_question,4,2216.718994140625,9.035935401916504,0.17630696296691895
gemma_270m_base,headquarters:12,headquarters,raw_question,5,2819.29736328125,17.519027709960938,0.15279443562030792
gemma_270m_base,headquarters:12,headquarters,raw_question,6,3276.63916015625,7.339634418487549,0.16526027023792267
gemma_270m_base,headquarters:12,headquarters,raw_question,7,5304.95458984375,18.49923324584961,0.1731458455324173
gemma_270m_base,headquarters:12,headquarters,raw_question,8,5527.3662109375,18.97593879699707,0.1839543581008911
gemma_270m_base,headquarters:12,headquarters,raw_question,9,6062.65576171875,12.763140678405762,0.1508929580450058
gemma_270m_base,headquarters:12,headquarters,raw_question,10,10853.6884765625,30.39422607421875,0.21641863882541656
gemma_270m_base,headquarters:12,headquarters,raw_question,11,11470.1591796875,4.598367214202881,0.2021017223596573
gemma_270m_base,headquarters:12,headquarters,raw_question,12,15095.828125,23.375141143798828,0.1572430580854416
gemma_270m_base,headquarters:12,headquarters,raw_question,13,19021.048828125,35.37015914916992,0.11825437098741531
gemma_270m_base,headquarters:12,headquarters,raw_question,14,20872.5390625,47.636444091796875,0.1256045401096344
gemma_270m_base,headquarters:12,headquarters,raw_question,15,22749.65625,34.362709045410156,0.11583125591278076
gemma_270m_base,headquarters:12,headquarters,raw_question,16,31253.45703125,44.14800262451172,0.10406610369682312
gemma_270m_base,headquarters:12,headquarters,raw_question,17,89.6097640991211,13.597123146057129,0.1354120671749115
gemma_270m_base,headquarters:12,headquarters,declarative,0,170.83758544921875,206.375732421875,0.19148042798042297
gemma_270m_base,headquarters:12,headquarters,declarative,1,970.0120239257812,116.26197052001953,0.20424117147922516
gemma_270m_base,headquarters:12,headquarters,declarative,2,1053.5511474609375,19.96547508239746,0.18904723227024078
gemma_270m_base,headquarters:12,headquarters,declarative,3,1612.237060546875,14.997982025146484,0.27153149247169495
gemma_270m_base,headquarters:12,headquarters,declarative,4,2127.908203125,11.423233032226562,0.19961053133010864
gemma_270m_base,headquarters:12,headquarters,declarative,5,3329.789306640625,17.886363983154297,0.15482696890830994
gemma_270m_base,headquarters:12,headquarters,declarative,6,3138.287353515625,8.75764274597168,0.16743803024291992
gemma_270m_base,headquarters:12,headquarters,declarative,7,5332.787109375,23.971574783325195,0.1771531105041504
gemma_270m_base,headquarters:12,headquarters,declarative,8,5540.41845703125,18.56083869934082,0.17591741681098938
gemma_270m_base,headquarters:12,headquarters,declarative,9,5936.49365234375,17.594654083251953,0.15642306208610535
gemma_270m_base,headquarters:12,headquarters,declarative,10,9100.51953125,32.9890251159668,0.18742014467716217
gemma_270m_base,headquarters:12,headquarters,declarative,11,10498.91796875,5.029562473297119,0.20597194135189056
gemma_270m_base,headquarters:12,headquarters,declarative,12,13180.8125,24.961868286132812,0.16208261251449585
gemma_270m_base,headquarters:12,headquarters,declarative,13,17245.94921875,29.12224578857422,0.13041645288467407
gemma_270m_base,headquarters:12,headquarters,declarative,14,22385.13671875,54.384620666503906,0.13512134552001953
gemma_270m_base,headquarters:12,headquarters,declarative,15,23951.83984375,36.77979278564453,0.11130091547966003
gemma_270m_base,headquarters:12,headquarters,declarative,16,32200.658203125,38.79785919189453,0.10409262031316757
gemma_270m_base,headquarters:12,headquarters,declarative,17,113.18478393554688,11.70073413848877,0.1235303059220314
gemma_270m_base,headquarters:12,headquarters,qa,0,108.09435272216797,142.6957244873047,0.2412223517894745
gemma_270m_base,headquarters:12,headquarters,qa,1,822.4429321289062,153.23721313476562,0.2340203821659088
gemma_270m_base,headquarters:12,headquarters,qa,2,1043.243896484375,22.795106887817383,0.18742012977600098
gemma_270m_base,headquarters:12,headquarters,qa,3,2281.8818359375,13.57469367980957,0.22971630096435547
gemma_270m_base,headquarters:12,headquarters,qa,4,1894.2373046875,11.374202728271484,0.1875787079334259
gemma_270m_base,headquarters:12,headquarters,qa,5,3329.959716796875,17.026329040527344,0.14901421964168549
gemma_270m_base,headquarters:12,headquarters,qa,6,3634.974365234375,8.538981437683105,0.1523168534040451
gemma_270m_base,headquarters:12,headquarters,qa,7,5286.61962890625,17.59813117980957,0.16933056712150574
gemma_270m_base,headquarters:12,headquarters,qa,8,5446.86279296875,19.793460845947266,0.2046871781349182
gemma_270m_base,headquarters:12,headquarters,qa,9,6301.34765625,17.49669075012207,0.15543708205223083
gemma_270m_base,headquarters:12,headquarters,qa,10,10150.3837890625,34.001548767089844,0.20710489153862
gemma_270m_base,headquarters:12,headquarters,qa,11,10438.203125,4.47705602645874,0.2124725878238678
gemma_270m_base,headquarters:12,headquarters,qa,12,14336.2041015625,28.431013107299805,0.17278331518173218
gemma_270m_base,headquarters:12,headquarters,qa,13,18317.3515625,30.842121124267578,0.12794145941734314
gemma_270m_base,headquarters:12,headquarters,qa,14,23887.068359375,46.9307861328125,0.13295865058898926
gemma_270m_base,headquarters:12,headquarters,qa,15,25480.123046875,33.4743766784668,0.10824577510356903
gemma_270m_base,headquarters:12,headquarters,qa,16,36568.3125,35.599300384521484,0.09687496721744537
gemma_270m_base,headquarters:12,headquarters,qa,17,105.33538818359375,12.373680114746094,0.11954890191555023
gemma_270m_base,headquarters:12,headquarters,chat_template,0,110.46541595458984,167.37649536132812,0.23012042045593262
gemma_270m_base,headquarters:12,headquarters,chat_template,1,800.2910766601562,106.92532348632812,0.212710902094841
gemma_270m_base,headquarters:12,headquarters,chat_template,2,1062.225830078125,20.35309410095215,0.17361971735954285
gemma_270m_base,headquarters:12,headquarters,chat_template,3,1882.0172119140625,15.353161811828613,0.23446092009544373
gemma_270m_base,headquarters:12,headquarters,chat_template,4,2361.690185546875,10.086363792419434,0.19645869731903076
gemma_270m_base,headquarters:12,headquarters,chat_template,5,3406.03515625,17.20526695251465,0.15354937314987183
gemma_270m_base,headquarters:12,headquarters,chat_template,6,3829.16259765625,6.256886005401611,0.15814250707626343
gemma_270m_base,headquarters:12,headquarters,chat_template,7,5173.56103515625,16.40220069885254,0.17018359899520874
gemma_270m_base,headquarters:12,headquarters,chat_template,8,5465.54736328125,22.019878387451172,0.21822993457317352
gemma_270m_base,headquarters:12,headquarters,chat_template,9,6338.4580078125,11.79617691040039,0.15303251147270203
gemma_270m_base,headquarters:12,headquarters,chat_template,10,10677.8154296875,29.883930206298828,0.21525703370571136
gemma_270m_base,headquarters:12,headquarters,chat_template,11,10745.3271484375,3.8277220726013184,0.2171911895275116
gemma_270m_base,headquarters:12,headquarters,chat_template,12,14926.92578125,20.306676864624023,0.17122234404087067
gemma_270m_base,headquarters:12,headquarters,chat_template,13,19173.115234375,31.34290313720703,0.1279202699661255
gemma_270m_base,headquarters:12,headquarters,chat_template,14,21852.51953125,44.650638580322266,0.13648506999015808
gemma_270m_base,headquarters:12,headquarters,chat_template,15,25195.203125,31.954341888427734,0.1109914779663086
gemma_270m_base,headquarters:12,headquarters,chat_template,16,35643.8125,42.45596694946289,0.09541983902454376
gemma_270m_base,headquarters:12,headquarters,chat_template,17,101.97440338134766,11.5783052444458,0.1254042685031891
gemma_270m_base,headquarters:13,headquarters,raw_question,0,146.31382751464844,182.26089477539062,0.2209707349538803
gemma_270m_base,headquarters:13,headquarters,raw_question,1,1044.9830322265625,88.93013000488281,0.18635150790214539
gemma_270m_base,headquarters:13,headquarters,raw_question,2,1165.421630859375,17.52204704284668,0.16511696577072144
gemma_270m_base,headquarters:13,headquarters,raw_question,3,1851.6748046875,12.873270988464355,0.22596590220928192
gemma_270m_base,headquarters:13,headquarters,raw_question,4,2187.6845703125,8.885364532470703,0.1766580045223236
gemma_270m_base,headquarters:13,headquarters,raw_question,5,2776.6181640625,17.813894271850586,0.15214553475379944
gemma_270m_base,headquarters:13,headquarters,raw_question,6,3213.71826171875,7.582189083099365,0.16728992760181427
gemma_270m_base,headquarters:13,headquarters,raw_question,7,5157.6162109375,18.512609481811523,0.17907920479774475
gemma_270m_base,headquarters:13,headquarters,raw_question,8,5405.22314453125,19.610780715942383,0.18970179557800293
gemma_270m_base,headquarters:13,headquarters,raw_question,9,6054.84716796875,12.700783729553223,0.15160271525382996
gemma_270m_base,headquarters:13,headquarters,raw_question,10,10798.103515625,30.28856658935547,0.2172257900238037
gemma_270m_base,headquarters:13,headquarters,raw_question,11,11587.0537109375,4.49777889251709,0.20837292075157166
gemma_270m_base,headquarters:13,headquarters,raw_question,12,14591.5146484375,24.386077880859375,0.16263489425182343
gemma_270m_base,headquarters:13,headquarters,raw_question,13,18502.17578125,32.198326110839844,0.12221364676952362
gemma_270m_base,headquarters:13,headquarters,raw_question,14,20803.25390625,47.46989822387695,0.13110744953155518
gemma_270m_base,headquarters:13,headquarters,raw_question,15,22875.798828125,34.00472640991211,0.11716274917125702
gemma_270m_base,headquarters:13,headquarters,raw_question,16,31643.96484375,44.05715560913086,0.10731832683086395
gemma_270m_base,headquarters:13,headquarters,raw_question,17,89.61424255371094,14.35488510131836,0.13564729690551758
gemma_270m_base,headquarters:13,headquarters,declarative,0,166.85255432128906,211.33555603027344,0.18934538960456848
gemma_270m_base,headquarters:13,headquarters,declarative,1,958.9530029296875,116.99662017822266,0.20468398928642273
gemma_270m_base,headquarters:13,headquarters,declarative,2,1042.865234375,20.439571380615234,0.19160619378089905
gemma_270m_base,headquarters:13,headquarters,declarative,3,1632.1900634765625,14.822622299194336,0.2763045132160187
gemma_270m_base,headquarters:13,headquarters,declarative,4,2195.248291015625,11.36786937713623,0.201365128159523
gemma_270m_base,headquarters:13,headquarters,declarative,5,3387.99267578125,17.89044761657715,0.15443703532218933
gemma_270m_base,headquarters:13,headquarters,declarative,6,3174.581787109375,8.636730194091797,0.1665346473455429
gemma_270m_base,headquarters:13,headquarters,declarative,7,5332.87109375,23.783363342285156,0.178373321890831
gemma_270m_base,headquarters:13,headquarters,declarative,8,5627.78125,18.79729461669922,0.17788410186767578
gemma_270m_base,headquarters:13,headquarters,declarative,9,6178.025390625,17.355016708374023,0.15627264976501465
gemma_270m_base,headquarters:13,headquarters,declarative,10,9217.8154296875,34.28105545043945,0.18983447551727295
gemma_270m_base,headquarters:13,headquarters,declarative,11,10505.33203125,5.224401950836182,0.20712581276893616
gemma_270m_base,headquarters:13,headquarters,declarative,12,12707.7294921875,26.50007438659668,0.1655171811580658
gemma_270m_base,headquarters:13,headquarters,declarative,13,16730.361328125,27.9984073638916,0.13412243127822876
gemma_270m_base,headquarters:13,headquarters,declarative,14,21965.05078125,53.183692932128906,0.1375008523464203
gemma_270m_base,headquarters:13,headquarters,declarative,15,23692.7109375,35.99113464355469,0.11181117594242096
gemma_270m_base,headquarters:13,headquarters,declarative,16,31977.76953125,39.357635498046875,0.10424137115478516
gemma_270m_base,headquarters:13,headquarters,declarative,17,116.67660522460938,13.051939964294434,0.12196410447359085
gemma_270m_base,headquarters:13,headquarters,qa,0,109.65872192382812,142.3965606689453,0.23987683653831482
gemma_270m_base,headquarters:13,headquarters,qa,1,818.1520385742188,153.84910583496094,0.2352902889251709
gemma_270m_base,headquarters:13,headquarters,qa,2,1047.682373046875,23.325401306152344,0.1919054090976715
gemma_270m_base,headquarters:13,headquarters,qa,3,2351.548095703125,13.240662574768066,0.22940045595169067
gemma_270m_base,headquarters:13,headquarters,qa,4,1893.655029296875,11.359848022460938,0.18871359527111053
gemma_270m_base,headquarters:13,headquarters,qa,5,3409.917236328125,16.930147171020508,0.14902621507644653
gemma_270m_base,headquarters:13,headquarters,qa,6,3629.400146484375,8.554110527038574,0.1510351002216339
gemma_270m_base,headquarters:13,headquarters,qa,7,5267.92822265625,17.857934951782227,0.16639964282512665
gemma_270m_base,headquarters:13,headquarters,qa,8,5411.96240234375,18.817079544067383,0.20237605273723602
gemma_270m_base,headquarters:13,headquarters,qa,9,6212.15087890625,17.4119815826416,0.15390175580978394
gemma_270m_base,headquarters:13,headquarters,qa,10,10214.443359375,34.23188018798828,0.2112642228603363
gemma_270m_base,headquarters:13,headquarters,qa,11,10538.142578125,4.751113414764404,0.211208775639534
gemma_270m_base,headquarters:13,headquarters,qa,12,14431.45703125,33.03569793701172,0.17667758464813232
gemma_270m_base,headquarters:13,headquarters,qa,13,18140.9140625,29.707780838012695,0.1294652819633484
gemma_270m_base,headquarters:13,headquarters,qa,14,24083.560546875,45.54640197753906,0.13570578396320343
gemma_270m_base,headquarters:13,headquarters,qa,15,26063.611328125,35.903404235839844,0.11134234070777893
gemma_270m_base,headquarters:13,headquarters,qa,16,37662.875,34.47444152832031,0.0989861786365509
gemma_270m_base,headquarters:13,headquarters,qa,17,101.82066345214844,13.145880699157715,0.116437166929245
gemma_270m_base,headquarters:13,headquarters,chat_template,0,110.3448486328125,168.07449340820312,0.22979837656021118
gemma_270m_base,headquarters:13,headquarters,chat_template,1,794.4774169921875,108.09410858154297,0.2126077264547348
gemma_270m_base,headquarters:13,headquarters,chat_template,2,1081.0760498046875,19.416845321655273,0.1729404628276825
gemma_270m_base,headquarters:13,headquarters,chat_template,3,1869.9456787109375,15.029335021972656,0.23149114847183228
gemma_270m_base,headquarters:13,headquarters,chat_template,4,2348.428466796875,9.928213119506836,0.19384755194187164
gemma_270m_base,headquarters:13,headquarters,chat_template,5,3571.075927734375,17.238666534423828,0.15557357668876648
gemma_270m_base,headquarters:13,headquarters,chat_template,6,3891.517578125,6.29355001449585,0.1572151780128479
gemma_270m_base,headquarters:13,headquarters,chat_template,7,5236.9521484375,16.205020904541016,0.1702188402414322
gemma_270m_base,headquarters:13,headquarters,chat_template,8,5458.69873046875,21.810096740722656,0.21813365817070007
gemma_270m_base,headquarters:13,headquarters,chat_template,9,6358.9169921875,12.425630569458008,0.15389816462993622
gemma_270m_base,headquarters:13,headquarters,chat_template,10,10676.1767578125,30.373109817504883,0.2184670865535736
gemma_270m_base,headquarters:13,headquarters,chat_template,11,10640.017578125,4.030149936676025,0.21944639086723328
gemma_270m_base,headquarters:13,headquarters,chat_template,12,14368.82421875,21.707365036010742,0.17497055232524872
gemma_270m_base,headquarters:13,headquarters,chat_template,13,18639.365234375,31.30962371826172,0.13051506876945496
gemma_270m_base,headquarters:13,headquarters,chat_template,14,21891.25390625,44.28675842285156,0.13811646401882172
gemma_270m_base,headquarters:13,headquarters,chat_template,15,25310.2421875,31.525146484375,0.11026714742183685
gemma_270m_base,headquarters:13,headquarters,chat_template,16,35754.21875,42.85972213745117,0.09741129726171494
gemma_270m_base,headquarters:13,headquarters,chat_template,17,96.11381530761719,12.169204711914062,0.12504610419273376
gemma_270m_base,headquarters:14,headquarters,raw_question,0,145.49755859375,186.2714385986328,0.21818360686302185
gemma_270m_base,headquarters:14,headquarters,raw_question,1,1047.8582763671875,89.91751861572266,0.18580657243728638
gemma_270m_base,headquarters:14,headquarters,raw_question,2,1149.770263671875,17.34370231628418,0.16578799486160278
gemma_270m_base,headquarters:14,headquarters,raw_question,3,1808.489990234375,12.767179489135742,0.2265843003988266
gemma_270m_base,headquarters:14,headquarters,raw_question,4,2112.586669921875,8.9039306640625,0.17941918969154358
gemma_270m_base,headquarters:14,headquarters,raw_question,5,2758.40869140625,17.7617130279541,0.1532728672027588
gemma_270m_base,headquarters:14,headquarters,raw_question,6,3228.468017578125,7.765232563018799,0.16708186268806458
gemma_270m_base,headquarters:14,headquarters,raw_question,7,5166.36083984375,18.76751708984375,0.17521025240421295
gemma_270m_base,headquarters:14,headquarters,raw_question,8,5316.3505859375,19.13371467590332,0.18834900856018066
gemma_270m_base,headquarters:14,headquarters,raw_question,9,5936.60205078125,12.450206756591797,0.15170037746429443
gemma_270m_base,headquarters:14,headquarters,raw_question,10,10665.8212890625,31.164989471435547,0.22259333729743958
gemma_270m_base,headquarters:14,headquarters,raw_question,11,11394.0732421875,4.5795159339904785,0.20916540920734406
gemma_270m_base,headquarters:14,headquarters,raw_question,12,14685.1083984375,24.60779571533203,0.15996186435222626
gemma_270m_base,headquarters:14,headquarters,raw_question,13,18860.869140625,34.456600189208984,0.1209561824798584
gemma_270m_base,headquarters:14,headquarters,raw_question,14,20803.7421875,47.445457458496094,0.12847024202346802
gemma_270m_base,headquarters:14,headquarters,raw_question,15,23221.849609375,33.52724838256836,0.11545927077531815
gemma_270m_base,headquarters:14,headquarters,raw_question,16,31688.5859375,44.466732025146484,0.1045483648777008
gemma_270m_base,headquarters:14,headquarters,raw_question,17,94.78829193115234,13.604901313781738,0.13618409633636475
gemma_270m_base,headquarters:14,headquarters,declarative,0,165.2763671875,207.1812286376953,0.19155916571617126
gemma_270m_base,headquarters:14,headquarters,declarative,1,955.1986694335938,118.42965698242188,0.20187443494796753
gemma_270m_base,headquarters:14,headquarters,declarative,2,1032.744140625,20.449079513549805,0.1914938986301422
gemma_270m_base,headquarters:14,headquarters,declarative,3,1634.646484375,14.883570671081543,0.27505162358283997
gemma_270m_base,headquarters:14,headquarters,declarative,4,2180.512939453125,11.298672676086426,0.20032089948654175
gemma_270m_base,headquarters:14,headquarters,declarative,5,3361.903564453125,17.863906860351562,0.15414325892925262
gemma_270m_base,headquarters:14,headquarters,declarative,6,3199.767578125,8.947005271911621,0.1678774207830429
gemma_270m_base,headquarters:14,headquarters,declarative,7,5296.212890625,24.312501907348633,0.17829886078834534
gemma_270m_base,headquarters:14,headquarters,declarative,8,5620.951171875,18.926231384277344,0.1788410097360611
gemma_270m_base,headquarters:14,headquarters,declarative,9,6175.287109375,17.366146087646484,0.15697702765464783
gemma_270m_base,headquarters:14,headquarters,declarative,10,9153.853515625,34.75777816772461,0.19270099699497223
gemma_270m_base,headquarters:14,headquarters,declarative,11,10528.6552734375,5.147729396820068,0.20742228627204895
gemma_270m_base,headquarters:14,headquarters,declarative,12,12810.927734375,27.7602481842041,0.16102781891822815
gemma_270m_base,headquarters:14,headquarters,declarative,13,17039.494140625,27.338773727416992,0.13160660862922668
gemma_270m_base,headquarters:14,headquarters,declarative,14,21697.88671875,53.599937438964844,0.1356080174446106
gemma_270m_base,headquarters:14,headquarters,declarative,15,23625.6640625,36.16629409790039,0.10967786610126495
gemma_270m_base,headquarters:14,headquarters,declarative,16,31217.318359375,41.100215911865234,0.10375314205884933
gemma_270m_base,headquarters:14,headquarters,declarative,17,114.68110656738281,11.704734802246094,0.1262122243642807
gemma_270m_base,headquarters:14,headquarters,qa,0,109.75109100341797,144.2152557373047,0.23787465691566467
gemma_270m_base,headquarters:14,headquarters,qa,1,817.7806396484375,157.2300262451172,0.22786815464496613
gemma_270m_base,headquarters:14,headquarters,qa,2,1050.8701171875,22.55984115600586,0.19130653142929077
gemma_270m_base,headquarters:14,headquarters,qa,3,2319.44189453125,13.176629066467285,0.22916200757026672
gemma_270m_base,headquarters:14,headquarters,qa,4,1885.1156005859375,11.304096221923828,0.18921399116516113
gemma_270m_base,headquarters:14,headquarters,qa,5,3397.623291015625,16.917434692382812,0.14942651987075806
gemma_270m_base,headquarters:14,headquarters,qa,6,3593.0947265625,8.737214088439941,0.15100975334644318
gemma_270m_base,headquarters:14,headquarters,qa,7,5264.8359375,18.05946922302246,0.16552820801734924
gemma_270m_base,headquarters:14,headquarters,qa,8,5417.82373046875,18.74407958984375,0.20280121266841888
gemma_270m_base,headquarters:14,headquarters,qa,9,6217.9345703125,17.247461318969727,0.154496967792511
gemma_270m_base,headquarters:14,headquarters,qa,10,10151.8984375,35.466426849365234,0.2130187749862671
gemma_270m_base,headquarters:14,headquarters,qa,11,10461.5849609375,4.752986907958984,0.2118252068758011
gemma_270m_base,headquarters:14,headquarters,qa,12,14665.0849609375,32.68833923339844,0.17124950885772705
gemma_270m_base,headquarters:14,headquarters,qa,13,18569.7890625,29.86972427368164,0.12623268365859985
gemma_270m_base,headquarters:14,headquarters,qa,14,23773.865234375,46.27402114868164,0.1336621344089508
gemma_270m_base,headquarters:14,headquarters,qa,15,26307.3515625,34.41379165649414,0.10573570430278778
gemma_270m_base,headquarters:14,headquarters,qa,16,36811.25390625,36.44919204711914,0.097065269947052
gemma_270m_base,headquarters:14,headquarters,qa,17,104.32028198242188,13.429252624511719,0.11899091303348541
gemma_270m_base,headquarters:14,headquarters,chat_template,0,110.0757827758789,167.9388885498047,0.22992518544197083
gemma_270m_base,headquarters:14,headquarters,chat_template,1,790.9448852539062,110.11873626708984,0.21044257283210754
gemma_270m_base,headquarters:14,headquarters,chat_template,2,1074.2015380859375,19.867868423461914,0.17527833580970764
gemma_270m_base,headquarters:14,headquarters,chat_template,3,1876.5191650390625,15.028721809387207,0.23346158862113953
gemma_270m_base,headquarters:14,headquarters,chat_template,4,2345.6279296875,10.029464721679688,0.19673864543437958
gemma_270m_base,headquarters:14,headquarters,chat_template,5,3581.20263671875,17.191646575927734,0.15504607558250427
gemma_270m_base,headquarters:14,headquarters,chat_template,6,3876.253662109375,6.368791580200195,0.15728308260440826
gemma_270m_base,headquarters:14,headquarters,chat_template,7,5294.912109375,16.22336769104004,0.17111638188362122
gemma_270m_base,headquarters:14,headquarters,chat_template,8,5552.61669921875,22.102970123291016,0.21805241703987122
gemma_270m_base,headquarters:14,headquarters,chat_template,9,6398.02294921875,12.027416229248047,0.15259242057800293
gemma_270m_base,headquarters:14,headquarters,chat_template,10,10741.0390625,30.634979248046875,0.2189435213804245
gemma_270m_base,headquarters:14,headquarters,chat_template,11,10671.1865234375,3.9196131229400635,0.21836435794830322
gemma_270m_base,headquarters:14,headquarters,chat_template,12,14872.9013671875,21.949295043945312,0.16937239468097687
gemma_270m_base,headquarters:14,headquarters,chat_template,13,18981.31640625,32.79317092895508,0.12841618061065674
gemma_270m_base,headquarters:14,headquarters,chat_template,14,21990.845703125,44.18308639526367,0.13682855665683746
gemma_270m_base,headquarters:14,headquarters,chat_template,15,25441.54296875,31.194530487060547,0.1086830124258995
gemma_270m_base,headquarters:14,headquarters,chat_template,16,35639.61328125,42.90121841430664,0.09484174847602844
gemma_270m_base,headquarters:14,headquarters,chat_template,17,99.62643432617188,12.328572273254395,0.12643963098526
gemma_270m_base,headquarters:15,headquarters,raw_question,0,145.4097900390625,169.87831115722656,0.21591302752494812
gemma_270m_base,headquarters:15,headquarters,raw_question,1,1040.44677734375,86.2552261352539,0.1863369196653366
gemma_270m_base,headquarters:15,headquarters,raw_question,2,1171.924560546875,18.228708267211914,0.168757364153862
gemma_270m_base,headquarters:15,headquarters,raw_question,3,1851.9288330078125,12.920363426208496,0.22216972708702087
gemma_270m_base,headquarters:15,headquarters,raw_question,4,2067.889404296875,9.163019180297852,0.17874491214752197
gemma_270m_base,headquarters:15,headquarters,raw_question,5,2862.192626953125,18.002784729003906,0.15287533402442932
gemma_270m_base,headquarters:15,headquarters,raw_question,6,3108.43017578125,8.012587547302246,0.16881465911865234
gemma_270m_base,headquarters:15,headquarters,raw_question,7,5007.5283203125,18.66244888305664,0.17563685774803162
gemma_270m_base,headquarters:15,headquarters,raw_question,8,5351.71142578125,19.071949005126953,0.18926574289798737
gemma_270m_base,headquarters:15,headquarters,raw_question,9,5924.84765625,13.040202140808105,0.15112975239753723
gemma_270m_base,headquarters:15,headquarters,raw_question,10,10983.783203125,29.755849838256836,0.21999353170394897
gemma_270m_base,headquarters:15,headquarters,raw_question,11,11720.197265625,4.513772964477539,0.19885408878326416
gemma_270m_base,headquarters:15,headquarters,raw_question,12,14516.4599609375,22.215219497680664,0.15426421165466309
gemma_270m_base,headquarters:15,headquarters,raw_question,13,18856.04296875,29.42357063293457,0.11547791212797165
gemma_270m_base,headquarters:15,headquarters,raw_question,14,20745.689453125,48.79316329956055,0.12590821087360382
gemma_270m_base,headquarters:15,headquarters,raw_question,15,22574.072265625,32.194698333740234,0.11200188100337982
gemma_270m_base,headquarters:15,headquarters,raw_question,16,30887.998046875,43.93395233154297,0.10435079038143158
gemma_270m_base,headquarters:15,headquarters,raw_question,17,94.50316619873047,11.887102127075195,0.13303296267986298
gemma_270m_base,headquarters:15,headquarters,declarative,0,170.40501403808594,201.41790771484375,0.19493775069713593
gemma_270m_base,headquarters:15,headquarters,declarative,1,962.8800659179688,114.9649887084961,0.20594006776809692
gemma_270m_base,headquarters:15,headquarters,declarative,2,1050.6800537109375,20.56541633605957,0.19203993678092957
gemma_270m_base,headquarters:15,headquarters,declarative,3,1669.95458984375,14.834875106811523,0.2760884761810303
gemma_270m_base,headquarters:15,headquarters,declarative,4,2209.664306640625,11.154960632324219,0.1968044936656952
gemma_270m_base,headquarters:15,headquarters,declarative,5,3365.912841796875,17.854413986206055,0.15483884513378143
gemma_270m_base,headquarters:15,headquarters,declarative,6,3042.48388671875,8.979540824890137,0.16693562269210815
gemma_270m_base,headquarters:15,headquarters,declarative,7,5265.79833984375,24.491601943969727,0.1787097007036209
gemma_270m_base,headquarters:15,headquarters,declarative,8,5626.29541015625,18.919591903686523,0.17656251788139343
gemma_270m_base,headquarters:15,headquarters,declarative,9,6032.9990234375,18.55303192138672,0.15715959668159485
gemma_270m_base,headquarters:15,headquarters,declarative,10,9004.201171875,33.90082931518555,0.19270651042461395
gemma_270m_base,headquarters:15,headquarters,declarative,11,10184.6025390625,6.012847900390625,0.2098904848098755
gemma_270m_base,headquarters:15,headquarters,declarative,12,12592.275390625,28.639551162719727,0.16550664603710175
gemma_270m_base,headquarters:15,headquarters,declarative,13,16214.408203125,26.23577880859375,0.1340118944644928
gemma_270m_base,headquarters:15,headquarters,declarative,14,21617.5078125,54.359619140625,0.13801491260528564
gemma_270m_base,headquarters:15,headquarters,declarative,15,22465.9765625,35.57726287841797,0.11121924221515656
gemma_270m_base,headquarters:15,headquarters,declarative,16,30694.57421875,37.09750747680664,0.10776065289974213
gemma_270m_base,headquarters:15,headquarters,declarative,17,125.76397705078125,10.475951194763184,0.12245956808328629
gemma_270m_base,headquarters:15,headquarters,qa,0,112.93603515625,141.3578338623047,0.24177569150924683
gemma_270m_base,headquarters:15,headquarters,qa,1,828.6322631835938,147.7023468017578,0.2360895276069641
gemma_270m_base,headquarters:15,headquarters,qa,2,1043.723388671875,22.89480209350586,0.19058579206466675
gemma_270m_base,headquarters:15,headquarters,qa,3,2310.390869140625,13.568408966064453,0.23115551471710205
gemma_270m_base,headquarters:15,headquarters,qa,4,1831.9659423828125,11.495293617248535,0.1908542513847351
gemma_270m_base,headquarters:15,headquarters,qa,5,3356.75244140625,16.99844741821289,0.14958128333091736
gemma_270m_base,headquarters:15,headquarters,qa,6,3616.120361328125,8.596964836120605,0.1519823968410492
gemma_270m_base,headquarters:15,headquarters,qa,7,5246.2294921875,17.800262451171875,0.16809657216072083
gemma_270m_base,headquarters:15,headquarters,qa,8,5410.8251953125,19.09119987487793,0.20109714567661285
gemma_270m_base,headquarters:15,headquarters,qa,9,6299.12939453125,18.116697311401367,0.15626069903373718
gemma_270m_base,headquarters:15,headquarters,qa,10,10232.5947265625,33.326168060302734,0.20587465167045593
gemma_270m_base,headquarters:15,headquarters,qa,11,10752.662109375,4.753228664398193,0.21085160970687866
gemma_270m_base,headquarters:15,headquarters,qa,12,14380.9677734375,28.44559097290039,0.17203837633132935
gemma_270m_base,headquarters:15,headquarters,qa,13,18182.150390625,26.729360580444336,0.1286725550889969
gemma_270m_base,headquarters:15,headquarters,qa,14,23846.71875,49.53139114379883,0.1353435218334198
gemma_270m_base,headquarters:15,headquarters,qa,15,24897.34375,36.96499252319336,0.11044147610664368
gemma_270m_base,headquarters:15,headquarters,qa,16,35526.31640625,34.76996612548828,0.10285501182079315
gemma_270m_base,headquarters:15,headquarters,qa,17,108.37102508544922,10.787096977233887,0.120560422539711
gemma_270m_base,headquarters:15,headquarters,chat_template,0,111.7607650756836,165.71556091308594,0.23183713853359222
gemma_270m_base,headquarters:15,headquarters,chat_template,1,794.3082885742188,109.4491958618164,0.21500207483768463
gemma_270m_base,headquarters:15,headquarters,chat_template,2,1059.66650390625,20.65797233581543,0.1747482717037201
gemma_270m_base,headquarters:15,headquarters,chat_template,3,1866.4903564453125,15.165618896484375,0.2349192500114441
gemma_270m_base,headquarters:15,headquarters,chat_template,4,2378.068115234375,10.002726554870605,0.19598424434661865
gemma_270m_base,headquarters:15,headquarters,chat_template,5,3470.89794921875,16.982988357543945,0.15463155508041382
gemma_270m_base,headquarters:15,headquarters,chat_template,6,3765.4794921875,6.477734565734863,0.15769997239112854
gemma_270m_base,headquarters:15,headquarters,chat_template,7,5313.75634765625,16.7075252532959,0.16987162828445435
gemma_270m_base,headquarters:15,headquarters,chat_template,8,5558.57763671875,20.993614196777344,0.21459364891052246
gemma_270m_base,headquarters:15,headquarters,chat_template,9,6401.2412109375,11.909158706665039,0.15104344487190247
gemma_270m_base,headquarters:15,headquarters,chat_template,10,10803.111328125,29.82700538635254,0.214025616645813
gemma_270m_base,headquarters:15,headquarters,chat_template,11,11033.67578125,3.876333475112915,0.2163853645324707
gemma_270m_base,headquarters:15,headquarters,chat_template,12,14860.974609375,20.847957611083984,0.17080801725387573
gemma_270m_base,headquarters:15,headquarters,chat_template,13,19056.244140625,29.91826057434082,0.12818202376365662
gemma_270m_base,headquarters:15,headquarters,chat_template,14,22036.181640625,44.875457763671875,0.13798415660858154
gemma_270m_base,headquarters:15,headquarters,chat_template,15,25403.03515625,30.971540451049805,0.11055009067058563
gemma_270m_base,headquarters:15,headquarters,chat_template,16,35302.4296875,41.88412094116211,0.09817712008953094
gemma_270m_base,headquarters:15,headquarters,chat_template,17,99.4784927368164,12.811326026916504,0.12706929445266724
gemma_270m_base,headquarters:16,headquarters,raw_question,0,147.4385223388672,178.3951873779297,0.22467203438282013
gemma_270m_base,headquarters:16,headquarters,raw_question,1,1055.482177734375,89.2537612915039,0.18643194437026978
gemma_270m_base,headquarters:16,headquarters,raw_question,2,1186.2872314453125,17.79049301147461,0.1655808687210083
gemma_270m_base,headquarters:16,headquarters,raw_question,3,1844.14208984375,13.029478073120117,0.22173459827899933
gemma_270m_base,headquarters:16,headquarters,raw_question,4,2167.446044921875,8.977422714233398,0.18054291605949402
gemma_270m_base,headquarters:16,headquarters,raw_question,5,2796.6201171875,17.812881469726562,0.1506941318511963
gemma_270m_base,headquarters:16,headquarters,raw_question,6,3224.982177734375,7.804304122924805,0.16711871325969696
gemma_270m_base,headquarters:16,headquarters,raw_question,7,5118.80078125,18.492321014404297,0.17826753854751587
gemma_270m_base,headquarters:16,headquarters,raw_question,8,5450.45703125,19.806167602539062,0.18927787244319916
gemma_270m_base,headquarters:16,headquarters,raw_question,9,6046.11767578125,12.614151954650879,0.15091928839683533
gemma_270m_base,headquarters:16,headquarters,raw_question,10,10907.2509765625,30.760332107543945,0.22116419672966003
gemma_270m_base,headquarters:16,headquarters,raw_question,11,11513.759765625,4.500463485717773,0.2053619623184204
gemma_270m_base,headquarters:16,headquarters,raw_question,12,14764.236328125,24.181045532226562,0.1604880690574646
gemma_270m_base,headquarters:16,headquarters,raw_question,13,18506.240234375,33.48197555541992,0.12132477760314941
gemma_270m_base,headquarters:16,headquarters,raw_question,14,20543.66796875,48.725555419921875,0.12938256561756134
gemma_270m_base,headquarters:16,headquarters,raw_question,15,22927.29296875,33.023773193359375,0.11632040143013
gemma_270m_base,headquarters:16,headquarters,raw_question,16,31354.474609375,44.42525863647461,0.10594135522842407
gemma_270m_base,headquarters:16,headquarters,raw_question,17,94.37004852294922,12.93828010559082,0.13778376579284668
gemma_270m_base,headquarters:16,headquarters,declarative,0,166.96241760253906,207.1221923828125,0.19069546461105347
gemma_270m_base,headquarters:16,headquarters,declarative,1,962.8080444335938,115.16155242919922,0.20237721502780914
gemma_270m_base,headquarters:16,headquarters,declarative,2,1051.0601806640625,20.296735763549805,0.18990032374858856
gemma_270m_base,headquarters:16,headquarters,declarative,3,1634.8988037109375,14.620624542236328,0.2716842591762543
gemma_270m_base,headquarters:16,headquarters,declarative,4,2182.484375,11.331040382385254,0.20068171620368958
gemma_270m_base,headquarters:16,headquarters,declarative,5,3370.56201171875,17.8382511138916,0.15474538505077362
gemma_270m_base,headquarters:16,headquarters,declarative,6,3248.164794921875,8.946260452270508,0.16710317134857178
gemma_270m_base,headquarters:16,headquarters,declarative,7,5393.8330078125,23.847612380981445,0.179200679063797
gemma_270m_base,headquarters:16,headquarters,declarative,8,5807.8310546875,19.353546142578125,0.17985233664512634
gemma_270m_base,headquarters:16,headquarters,declarative,9,6241.0009765625,17.566476821899414,0.1544685661792755
gemma_270m_base,headquarters:16,headquarters,declarative,10,9285.462890625,34.95383071899414,0.19305923581123352
gemma_270m_base,headquarters:16,headquarters,declarative,11,10554.869140625,5.257826805114746,0.20806153118610382
gemma_270m_base,headquarters:16,headquarters,declarative,12,12979.61328125,27.088333129882812,0.1626087725162506
gemma_270m_base,headquarters:16,headquarters,declarative,13,17091.814453125,28.05807113647461,0.13230812549591064
gemma_270m_base,headquarters:16,headquarters,declarative,14,21360.94921875,55.607154846191406,0.13356401026248932
gemma_270m_base,headquarters:16,headquarters,declarative,15,23497.265625,33.753780364990234,0.11014363169670105
gemma_270m_base,headquarters:16,headquarters,declarative,16,30984.697265625,39.77012634277344,0.10603708773851395
gemma_270m_base,headquarters:16,headquarters,declarative,17,117.0438461303711,11.097705841064453,0.1267675906419754
gemma_270m_base,headquarters:16,headquarters,qa,0,110.44891357421875,140.5994110107422,0.2445129156112671
gemma_270m_base,headquarters:16,headquarters,qa,1,822.7904663085938,150.05322265625,0.2326139509677887
gemma_270m_base,headquarters:16,headquarters,qa,2,1044.13232421875,23.103361129760742,0.1898242086172104
gemma_270m_base,headquarters:16,headquarters,qa,3,2280.195068359375,13.724600791931152,0.22844789922237396
gemma_270m_base,headquarters:16,headquarters,qa,4,1797.279052734375,11.802239418029785,0.19017016887664795
gemma_270m_base,headquarters:16,headquarters,qa,5,3358.82861328125,16.831689834594727,0.14915461838245392
gemma_270m_base,headquarters:16,headquarters,qa,6,3554.72119140625,8.509221076965332,0.1500743329524994
gemma_270m_base,headquarters:16,headquarters,qa,7,5322.521484375,17.677406311035156,0.16511304676532745
gemma_270m_base,headquarters:16,headquarters,qa,8,5419.07763671875,18.882848739624023,0.2015698254108429
gemma_270m_base,headquarters:16,headquarters,qa,9,6276.91259765625,17.357065200805664,0.15259043872356415
gemma_270m_base,headquarters:16,headquarters,qa,10,10150.1220703125,35.57604217529297,0.21307867765426636
gemma_270m_base,headquarters:16,headquarters,qa,11,10678.009765625,4.816668510437012,0.2126341462135315
gemma_270m_base,headquarters:16,headquarters,qa,12,14554.1572265625,31.893203735351562,0.16871076822280884
gemma_270m_base,headquarters:16,headquarters,qa,13,18316.103515625,30.864797592163086,0.12718261778354645
gemma_270m_base,headquarters:16,headquarters,qa,14,22919.841796875,48.10405731201172,0.13037896156311035
gemma_270m_base,headquarters:16,headquarters,qa,15,24809.087890625,34.16057205200195,0.10643694549798965
gemma_270m_base,headquarters:16,headquarters,qa,16,35028.9921875,37.78233337402344,0.10103335231542587
gemma_270m_base,headquarters:16,headquarters,qa,17,102.30367279052734,11.075529098510742,0.11984371393918991
gemma_270m_base,headquarters:16,headquarters,chat_template,0,110.5077896118164,166.25784301757812,0.23113784193992615
gemma_270m_base,headquarters:16,headquarters,chat_template,1,787.7432250976562,107.31916809082031,0.21047629415988922
gemma_270m_base,headquarters:16,headquarters,chat_template,2,1062.8316650390625,20.1094970703125,0.17603352665901184
gemma_270m_base,headquarters:16,headquarters,chat_template,3,1853.2108154296875,15.26650619506836,0.23416408896446228
gemma_270m_base,headquarters:16,headquarters,chat_template,4,2334.6337890625,10.003130912780762,0.19608820974826813
gemma_270m_base,headquarters:16,headquarters,chat_template,5,3508.6728515625,17.284496307373047,0.15523697435855865
gemma_270m_base,headquarters:16,headquarters,chat_template,6,3802.158447265625,6.310099124908447,0.1570219099521637
gemma_270m_base,headquarters:16,headquarters,chat_template,7,5316.2275390625,16.499692916870117,0.16927188634872437
gemma_270m_base,headquarters:16,headquarters,chat_template,8,5523.23681640625,21.264135360717773,0.21585117280483246
gemma_270m_base,headquarters:16,headquarters,chat_template,9,6394.09423828125,12.180810928344727,0.1516593098640442
gemma_270m_base,headquarters:16,headquarters,chat_template,10,10736.5888671875,30.402206420898438,0.2161550521850586
gemma_270m_base,headquarters:16,headquarters,chat_template,11,10831.7978515625,3.9800848960876465,0.21808567643165588
gemma_270m_base,headquarters:16,headquarters,chat_template,12,14961.0068359375,21.917509078979492,0.1695532351732254
gemma_270m_base,headquarters:16,headquarters,chat_template,13,19000.21875,33.236183166503906,0.1275472193956375
gemma_270m_base,headquarters:16,headquarters,chat_template,14,21862.255859375,45.047576904296875,0.13499781489372253
gemma_270m_base,headquarters:16,headquarters,chat_template,15,25114.25,31.149089813232422,0.10820712149143219
gemma_270m_base,headquarters:16,headquarters,chat_template,16,35219.05859375,44.12704849243164,0.09715648740530014
gemma_270m_base,headquarters:16,headquarters,chat_template,17,99.16734313964844,11.70995807647705,0.12628138065338135
gemma_270m_base,headquarters:17,headquarters,raw_question,0,148.5170440673828,177.9430389404297,0.22426560521125793
gemma_270m_base,headquarters:17,headquarters,raw_question,1,1040.6014404296875,88.52538299560547,0.18646089732646942
gemma_270m_base,headquarters:17,headquarters,raw_question,2,1149.62109375,17.38600730895996,0.16612009704113007
gemma_270m_base,headquarters:17,headquarters,raw_question,3,1854.77783203125,13.038901329040527,0.22606657445430756
gemma_270m_base,headquarters:17,headquarters,raw_question,4,2146.68798828125,9.033032417297363,0.17964211106300354
gemma_270m_base,headquarters:17,headquarters,raw_question,5,2779.394775390625,17.978227615356445,0.15099148452281952
gemma_270m_base,headquarters:17,headquarters,raw_question,6,3212.224365234375,7.5776872634887695,0.1678999364376068
gemma_270m_base,headquarters:17,headquarters,raw_question,7,5209.2626953125,18.385122299194336,0.17897698283195496
gemma_270m_base,headquarters:17,headquarters,raw_question,8,5400.63623046875,19.433866500854492,0.18827630579471588
gemma_270m_base,headquarters:17,headquarters,raw_question,9,5996.78564453125,12.711308479309082,0.15227529406547546
gemma_270m_base,headquarters:17,headquarters,raw_question,10,10791.841796875,30.549291610717773,0.22099320590496063
gemma_270m_base,headquarters:17,headquarters,raw_question,11,11275.0009765625,4.460909843444824,0.20354622602462769
gemma_270m_base,headquarters:17,headquarters,raw_question,12,14499.9853515625,25.628437042236328,0.1588529646396637
gemma_270m_base,headquarters:17,headquarters,raw_question,13,18458.900390625,34.56196975708008,0.11963111162185669
gemma_270m_base,headquarters:17,headquarters,raw_question,14,20611.943359375,47.50008773803711,0.12775126099586487
gemma_270m_base,headquarters:17,headquarters,raw_question,15,22658.833984375,35.97523498535156,0.11545069515705109
gemma_270m_base,headquarters:17,headquarters,raw_question,16,31003.625,45.017616271972656,0.10282150655984879
gemma_270m_base,headquarters:17,headquarters,raw_question,17,91.90377044677734,13.795576095581055,0.1364264190196991
gemma_270m_base,headquarters:17,headquarters,declarative,0,166.48175048828125,207.3612823486328,0.1905525177717209
gemma_270m_base,headquarters:17,headquarters,declarative,1,962.6383056640625,113.63963317871094,0.20292145013809204
gemma_270m_base,headquarters:17,headquarters,declarative,2,1054.3172607421875,20.04051971435547,0.19002275168895721
gemma_270m_base,headquarters:17,headquarters,declarative,3,1646.739990234375,14.82378101348877,0.2729577422142029
gemma_270m_base,headquarters:17,headquarters,declarative,4,2172.57861328125,11.521985054016113,0.19969263672828674
gemma_270m_base,headquarters:17,headquarters,declarative,5,3353.662109375,17.852231979370117,0.15484270453453064
gemma_270m_base,headquarters:17,headquarters,declarative,6,3164.88427734375,8.835014343261719,0.1676667481660843
gemma_270m_base,headquarters:17,headquarters,declarative,7,5209.57958984375,24.237470626831055,0.17962761223316193
gemma_270m_base,headquarters:17,headquarters,declarative,8,5505.896484375,18.96297264099121,0.17885011434555054
gemma_270m_base,headquarters:17,headquarters,declarative,9,5964.595703125,17.598506927490234,0.1591557264328003
gemma_270m_base,headquarters:17,headquarters,declarative,10,9033.87109375,34.1583251953125,0.19288234412670135
gemma_270m_base,headquarters:17,headquarters,declarative,11,10405.416015625,5.149327754974365,0.20789676904678345
gemma_270m_base,headquarters:17,headquarters,declarative,12,12761.515625,27.816986083984375,0.16054289042949677
gemma_270m_base,headquarters:17,headquarters,declarative,13,16776.263671875,28.529333114624023,0.13106919825077057
gemma_270m_base,headquarters:17,headquarters,declarative,14,21213.10546875,54.08671188354492,0.13589975237846375
gemma_270m_base,headquarters:17,headquarters,declarative,15,22974.7734375,39.53104019165039,0.1146637350320816
gemma_270m_base,headquarters:17,headquarters,declarative,16,31011.494140625,40.655982971191406,0.10588070005178452
gemma_270m_base,headquarters:17,headquarters,declarative,17,112.73995208740234,11.854544639587402,0.12862810492515564
gemma_270m_base,headquarters:17,headquarters,qa,0,110.65937805175781,141.9421844482422,0.24335676431655884
gemma_270m_base,headquarters:17,headquarters,qa,1,822.6825561523438,152.213623046875,0.23390433192253113
gemma_270m_base,headquarters:17,headquarters,qa,2,1047.596435546875,23.40546989440918,0.1904691457748413
gemma_270m_base,headquarters:17,headquarters,qa,3,2326.523193359375,13.530136108398438,0.2295406460762024
gemma_270m_base,headquarters:17,headquarters,qa,4,1862.9598388671875,11.546293258666992,0.18850600719451904
gemma_270m_base,headquarters:17,headquarters,qa,5,3373.3427734375,16.848018646240234,0.1486392766237259
gemma_270m_base,headquarters:17,headquarters,qa,6,3578.7470703125,8.534761428833008,0.15067389607429504
gemma_270m_base,headquarters:17,headquarters,qa,7,5271.6181640625,17.783872604370117,0.1679995357990265
gemma_270m_base,headquarters:17,headquarters,qa,8,5421.37841796875,19.73963737487793,0.2029716968536377
gemma_270m_base,headquarters:17,headquarters,qa,9,6216.8369140625,17.908353805541992,0.15414901077747345
gemma_270m_base,headquarters:17,headquarters,qa,10,10220.8583984375,34.61330032348633,0.21134218573570251
gemma_270m_base,headquarters:17,headquarters,qa,11,10508.7177734375,4.644967555999756,0.21215757727622986
gemma_270m_base,headquarters:17,headquarters,qa,12,14495.6201171875,34.36549758911133,0.16852368414402008
gemma_270m_base,headquarters:17,headquarters,qa,13,18268.423828125,30.199745178222656,0.12659558653831482
gemma_270m_base,headquarters:17,headquarters,qa,14,23549.390625,46.79622268676758,0.13245363533496857
gemma_270m_base,headquarters:17,headquarters,qa,15,25694.736328125,36.62412643432617,0.10887210071086884
gemma_270m_base,headquarters:17,headquarters,qa,16,36367.07421875,36.11228561401367,0.0980856642127037
gemma_270m_base,headquarters:17,headquarters,qa,17,103.3252944946289,13.23454475402832,0.1208295151591301
gemma_270m_base,headquarters:17,headquarters,chat_template,0,110.68407440185547,167.42025756835938,0.2295440435409546
gemma_270m_base,headquarters:17,headquarters,chat_template,1,790.0630493164062,108.95584869384766,0.212358757853508
gemma_270m_base,headquarters:17,headquarters,chat_template,2,1062.25341796875,20.2412052154541,0.17593471705913544
gemma_270m_base,headquarters:17,headquarters,chat_template,3,1866.582763671875,15.157611846923828,0.23408135771751404
gemma_270m_base,headquarters:17,headquarters,chat_template,4,2331.23388671875,9.98374080657959,0.19525191187858582
gemma_270m_base,headquarters:17,headquarters,chat_template,5,3477.86962890625,17.296348571777344,0.15491214394569397
gemma_270m_base,headquarters:17,headquarters,chat_template,6,3770.16259765625,6.136136054992676,0.15740960836410522
gemma_270m_base,headquarters:17,headquarters,chat_template,7,5200.01953125,16.23326301574707,0.17220430076122284
gemma_270m_base,headquarters:17,headquarters,chat_template,8,5465.5673828125,21.845335006713867,0.21797147393226624
gemma_270m_base,headquarters:17,headquarters,chat_template,9,6338.572265625,12.153139114379883,0.15276846289634705
gemma_270m_base,headquarters:17,headquarters,chat_template,10,10677.650390625,30.62607192993164,0.2189539223909378
gemma_270m_base,headquarters:17,headquarters,chat_template,11,10604.5439453125,3.913919448852539,0.21906021237373352
gemma_270m_base,headquarters:17,headquarters,chat_template,12,14789.7197265625,22.61716651916504,0.16881081461906433
gemma_270m_base,headquarters:17,headquarters,chat_template,13,18583.15625,35.18131637573242,0.12871918082237244
gemma_270m_base,headquarters:17,headquarters,chat_template,14,21825.015625,44.80971908569336,0.13646557927131653
gemma_270m_base,headquarters:17,headquarters,chat_template,15,25166.734375,32.70816421508789,0.10819566249847412
gemma_270m_base,headquarters:17,headquarters,chat_template,16,35358.32421875,43.15956497192383,0.09398607164621353
gemma_270m_base,headquarters:17,headquarters,chat_template,17,97.40071105957031,12.514559745788574,0.12450869381427765
gemma_270m_base,birth_place:0,birth_place,raw_question,0,148.7762908935547,198.0853729248047,0.22980383038520813
gemma_270m_base,birth_place:0,birth_place,raw_question,1,1007.5772094726562,89.71792602539062,0.19040760397911072
gemma_270m_base,birth_place:0,birth_place,raw_question,2,1224.5615234375,17.370458602905273,0.16964423656463623
gemma_270m_base,birth_place:0,birth_place,raw_question,3,1784.8125,13.661909103393555,0.22558927536010742
gemma_270m_base,birth_place:0,birth_place,raw_question,4,2263.135498046875,9.976284980773926,0.19259291887283325
gemma_270m_base,birth_place:0,birth_place,raw_question,5,2931.452880859375,18.88501739501953,0.1503421664237976
gemma_270m_base,birth_place:0,birth_place,raw_question,6,3533.332763671875,7.968744277954102,0.16268816590309143
gemma_270m_base,birth_place:0,birth_place,raw_question,7,5386.7509765625,18.175464630126953,0.17989449203014374
gemma_270m_base,birth_place:0,birth_place,raw_question,8,5807.630859375,19.45860481262207,0.19309762120246887
gemma_270m_base,birth_place:0,birth_place,raw_question,9,6221.37109375,14.618605613708496,0.15060731768608093
gemma_270m_base,birth_place:0,birth_place,raw_question,10,11236.47265625,31.162303924560547,0.21635554730892181
gemma_270m_base,birth_place:0,birth_place,raw_question,11,11212.9560546875,4.113166809082031,0.2023780643939972
gemma_270m_base,birth_place:0,birth_place,raw_question,12,15006.603515625,24.03727912902832,0.1613323986530304
gemma_270m_base,birth_place:0,birth_place,raw_question,13,19063.5390625,33.12299728393555,0.12021420896053314
gemma_270m_base,birth_place:0,birth_place,raw_question,14,20959.87109375,50.172183990478516,0.12762196362018585
gemma_270m_base,birth_place:0,birth_place,raw_question,15,23100.822265625,32.535003662109375,0.11856511235237122
gemma_270m_base,birth_place:0,birth_place,raw_question,16,32210.45703125,42.156925201416016,0.10468126088380814
gemma_270m_base,birth_place:0,birth_place,raw_question,17,91.95275115966797,13.227169036865234,0.13323253393173218
gemma_270m_base,birth_place:0,birth_place,declarative,0,181.44772338867188,255.6144256591797,0.1915004849433899
gemma_270m_base,birth_place:0,birth_place,declarative,1,1016.540283203125,107.72647857666016,0.20102673768997192
gemma_270m_base,birth_place:0,birth_place,declarative,2,1292.79345703125,19.782047271728516,0.17530925571918488
gemma_270m_base,birth_place:0,birth_place,declarative,3,1999.111572265625,15.993273735046387,0.24442920088768005
gemma_270m_base,birth_place:0,birth_place,declarative,4,2727.090087890625,12.6627779006958,0.18773208558559418
gemma_270m_base,birth_place:0,birth_place,declarative,5,3739.749267578125,17.632286071777344,0.15970326960086823
gemma_270m_base,birth_place:0,birth_place,declarative,6,4168.1513671875,9.271265983581543,0.16958706080913544
gemma_270m_base,birth_place:0,birth_place,declarative,7,5968.88623046875,25.53415870666504,0.1757022738456726
gemma_270m_base,birth_place:0,birth_place,declarative,8,6001.89013671875,21.026058197021484,0.17298048734664917
gemma_270m_base,birth_place:0,birth_place,declarative,9,6567.86181640625,19.924406051635742,0.1506033092737198
gemma_270m_base,birth_place:0,birth_place,declarative,10,9840.390625,34.75746536254883,0.18805760145187378
gemma_270m_base,birth_place:0,birth_place,declarative,11,10607.41015625,4.671056747436523,0.20453213155269623
gemma_270m_base,birth_place:0,birth_place,declarative,12,12111.8447265625,22.290433883666992,0.1581520438194275
gemma_270m_base,birth_place:0,birth_place,declarative,13,16510.51171875,29.05554962158203,0.13061818480491638
gemma_270m_base,birth_place:0,birth_place,declarative,14,21026.388671875,53.72773361206055,0.13412229716777802
gemma_270m_base,birth_place:0,birth_place,declarative,15,23395.83984375,36.89393615722656,0.11019161343574524
gemma_270m_base,birth_place:0,birth_place,declarative,16,31414.669921875,36.465213775634766,0.09613040834665298
gemma_270m_base,birth_place:0,birth_place,declarative,17,111.43946838378906,12.326340675354004,0.11822570860385895
gemma_270m_base,birth_place:0,birth_place,qa,0,108.53575134277344,147.99232482910156,0.2403184026479721
gemma_270m_base,birth_place:0,birth_place,qa,1,815.45361328125,149.16748046875,0.23343971371650696
gemma_270m_base,birth_place:0,birth_place,qa,2,1010.4223022460938,22.386266708374023,0.19091466069221497
gemma_270m_base,birth_place:0,birth_place,qa,3,2285.56103515625,14.22223949432373,0.23237398266792297
gemma_270m_base,birth_place:0,birth_place,qa,4,1779.4422607421875,12.184126853942871,0.19025781750679016
gemma_270m_base,birth_place:0,birth_place,qa,5,3321.4111328125,16.929723739624023,0.14796414971351624
gemma_270m_base,birth_place:0,birth_place,qa,6,3430.082275390625,8.293610572814941,0.1487308144569397
gemma_270m_base,birth_place:0,birth_place,qa,7,5378.677734375,17.2802791595459,0.1705477237701416
gemma_270m_base,birth_place:0,birth_place,qa,8,5435.306640625,19.499305725097656,0.20184023678302765
gemma_270m_base,birth_place:0,birth_place,qa,9,6249.18115234375,19.01064682006836,0.1528477668762207
gemma_270m_base,birth_place:0,birth_place,qa,10,9848.958984375,36.18547439575195,0.2126627266407013
gemma_270m_base,birth_place:0,birth_place,qa,11,10247.498046875,4.7924041748046875,0.22019103169441223
gemma_270m_base,birth_place:0,birth_place,qa,12,13921.017578125,27.76152992248535,0.17316532135009766
gemma_270m_base,birth_place:0,birth_place,qa,13,17783.919921875,30.680112838745117,0.13240933418273926
gemma_270m_base,birth_place:0,birth_place,qa,14,21587.2578125,47.9930419921875,0.13360510766506195
gemma_270m_base,birth_place:0,birth_place,qa,15,23854.65234375,31.84833526611328,0.11255627870559692
gemma_270m_base,birth_place:0,birth_place,qa,16,34113.35546875,38.691497802734375,0.09593334048986435
gemma_270m_base,birth_place:0,birth_place,qa,17,98.35137176513672,11.000651359558105,0.12049262225627899
gemma_270m_base,birth_place:0,birth_place,chat_template,0,112.5706787109375,170.00450134277344,0.2318582385778427
gemma_270m_base,birth_place:0,birth_place,chat_template,1,797.7316284179688,107.30509185791016,0.20952783524990082
gemma_270m_base,birth_place:0,birth_place,chat_template,2,1088.846435546875,19.118745803833008,0.17398859560489655
gemma_270m_base,birth_place:0,birth_place,chat_template,3,1872.2841796875,14.874360084533691,0.2357243299484253
gemma_270m_base,birth_place:0,birth_place,chat_template,4,2409.060302734375,10.0075044631958,0.19515210390090942
gemma_270m_base,birth_place:0,birth_place,chat_template,5,3484.699462890625,17.44888687133789,0.15303027629852295
gemma_270m_base,birth_place:0,birth_place,chat_template,6,3735.9677734375,6.433640956878662,0.15812227129936218
gemma_270m_base,birth_place:0,birth_place,chat_template,7,5182.93505859375,16.323543548583984,0.16770270466804504
gemma_270m_base,birth_place:0,birth_place,chat_template,8,5438.54736328125,19.891490936279297,0.21350881457328796
gemma_270m_base,birth_place:0,birth_place,chat_template,9,6331.94140625,12.386758804321289,0.1492805778980255
gemma_270m_base,birth_place:0,birth_place,chat_template,10,10862.837890625,27.860742568969727,0.20693418383598328
gemma_270m_base,birth_place:0,birth_place,chat_template,11,11039.134765625,3.9734699726104736,0.2158767580986023
gemma_270m_base,birth_place:0,birth_place,chat_template,12,14901.4794921875,21.778600692749023,0.16426199674606323
gemma_270m_base,birth_place:0,birth_place,chat_template,13,19027.755859375,31.808095932006836,0.12694643437862396
gemma_270m_base,birth_place:0,birth_place,chat_template,14,21379.951171875,44.34427261352539,0.1349962055683136
gemma_270m_base,birth_place:0,birth_place,chat_template,15,24587.849609375,29.84378433227539,0.11222168803215027
gemma_270m_base,birth_place:0,birth_place,chat_template,16,34539.23046875,42.68010711669922,0.09740304946899414
gemma_270m_base,birth_place:0,birth_place,chat_template,17,97.35772705078125,12.207237243652344,0.12855681777000427
gemma_270m_base,birth_place:1,birth_place,raw_question,0,149.7914581298828,207.5830841064453,0.22337377071380615
gemma_270m_base,birth_place:1,birth_place,raw_question,1,1030.1849365234375,89.61824798583984,0.18634842336177826
gemma_270m_base,birth_place:1,birth_place,raw_question,2,1247.4364013671875,17.672752380371094,0.16803711652755737
gemma_270m_base,birth_place:1,birth_place,raw_question,3,1885.0079345703125,13.685826301574707,0.22302627563476562
gemma_270m_base,birth_place:1,birth_place,raw_question,4,2127.697998046875,10.059708595275879,0.18819299340248108
gemma_270m_base,birth_place:1,birth_place,raw_question,5,2910.60791015625,18.804624557495117,0.14768707752227783
gemma_270m_base,birth_place:1,birth_place,raw_question,6,3514.075927734375,7.8624420166015625,0.1647636592388153
gemma_270m_base,birth_place:1,birth_place,raw_question,7,5323.31689453125,18.211910247802734,0.1759231686592102
gemma_270m_base,birth_place:1,birth_place,raw_question,8,5529.10546875,19.369375228881836,0.19029968976974487
gemma_270m_base,birth_place:1,birth_place,raw_question,9,6183.16064453125,13.626863479614258,0.15493762493133545
gemma_270m_base,birth_place:1,birth_place,raw_question,10,11095.076171875,30.604520797729492,0.21804872155189514
gemma_270m_base,birth_place:1,birth_place,raw_question,11,11509.0009765625,4.424496173858643,0.2042500078678131
gemma_270m_base,birth_place:1,birth_place,raw_question,12,14991.6904296875,20.892024993896484,0.15826408565044403
gemma_270m_base,birth_place:1,birth_place,raw_question,13,18864.76953125,31.129716873168945,0.11662723124027252
gemma_270m_base,birth_place:1,birth_place,raw_question,14,20664.86328125,48.62372589111328,0.12749791145324707
gemma_270m_base,birth_place:1,birth_place,raw_question,15,23108.61328125,32.89682388305664,0.11491899192333221
gemma_270m_base,birth_place:1,birth_place,raw_question,16,31435.880859375,45.100311279296875,0.10194408893585205
gemma_270m_base,birth_place:1,birth_place,raw_question,17,91.654296875,12.985405921936035,0.1365235596895218
gemma_270m_base,birth_place:1,birth_place,declarative,0,186.7587890625,277.7702331542969,0.18688136339187622
gemma_270m_base,birth_place:1,birth_place,declarative,1,1020.4150390625,104.66450500488281,0.2013150453567505
gemma_270m_base,birth_place:1,birth_place,declarative,2,1309.314453125,19.451963424682617,0.17347893118858337
gemma_270m_base,birth_place:1,birth_place,declarative,3,1980.5616455078125,15.782003402709961,0.24567565321922302
gemma_270m_base,birth_place:1,birth_place,declarative,4,2742.436767578125,12.731220245361328,0.19039280712604523
gemma_270m_base,birth_place:1,birth_place,declarative,5,3670.55126953125,17.905168533325195,0.15939000248908997
gemma_270m_base,birth_place:1,birth_place,declarative,6,4400.69775390625,11.53321647644043,0.17248356342315674
gemma_270m_base,birth_place:1,birth_place,declarative,7,5682.45556640625,26.01690101623535,0.17405658960342407
gemma_270m_base,birth_place:1,birth_place,declarative,8,5668.30029296875,21.301063537597656,0.17616820335388184
gemma_270m_base,birth_place:1,birth_place,declarative,9,6324.84326171875,19.42229461669922,0.1542450338602066
gemma_270m_base,birth_place:1,birth_place,declarative,10,9683.513671875,33.308345794677734,0.195957213640213
gemma_270m_base,birth_place:1,birth_place,declarative,11,10164.912109375,4.9449543952941895,0.20706415176391602
gemma_270m_base,birth_place:1,birth_place,declarative,12,12200.9189453125,29.53187370300293,0.15880459547042847
gemma_270m_base,birth_place:1,birth_place,declarative,13,15883.6103515625,30.583324432373047,0.1305077075958252
gemma_270m_base,birth_place:1,birth_place,declarative,14,20402.7109375,54.65597915649414,0.13028158247470856
gemma_270m_base,birth_place:1,birth_place,declarative,15,23432.73046875,37.00682067871094,0.10532864183187485
gemma_270m_base,birth_place:1,birth_place,declarative,16,30361.14453125,36.467987060546875,0.08930046111345291
gemma_270m_base,birth_place:1,birth_place,declarative,17,123.6124267578125,11.527480125427246,0.1070888563990593
gemma_270m_base,birth_place:1,birth_place,qa,0,111.56038665771484,156.14764404296875,0.23823079466819763
gemma_270m_base,birth_place:1,birth_place,qa,1,815.4539184570312,151.39881896972656,0.23338744044303894
gemma_270m_base,birth_place:1,birth_place,qa,2,992.8794555664062,22.401948928833008,0.19137580692768097
gemma_270m_base,birth_place:1,birth_place,qa,3,2247.081298828125,14.794464111328125,0.2348403036594391
gemma_270m_base,birth_place:1,birth_place,qa,4,1611.8662109375,12.81757640838623,0.19512349367141724
gemma_270m_base,birth_place:1,birth_place,qa,5,3274.3251953125,16.84039306640625,0.15162348747253418
gemma_270m_base,birth_place:1,birth_place,qa,6,3347.27197265625,8.151424407958984,0.14714565873146057
gemma_270m_base,birth_place:1,birth_place,qa,7,5159.84716796875,18.21280860900879,0.16544002294540405
gemma_270m_base,birth_place:1,birth_place,qa,8,5065.44384765625,20.193002700805664,0.1961212158203125
gemma_270m_base,birth_place:1,birth_place,qa,9,5834.5673828125,17.744319915771484,0.15670323371887207
gemma_270m_base,birth_place:1,birth_place,qa,10,9784.150390625,35.83964920043945,0.21512579917907715
gemma_270m_base,birth_place:1,birth_place,qa,11,10130.1806640625,4.793791770935059,0.21848754584789276
gemma_270m_base,birth_place:1,birth_place,qa,12,14523.271484375,30.77503776550293,0.16694685816764832
gemma_270m_base,birth_place:1,birth_place,qa,13,17922.576171875,32.3129997253418,0.1292860507965088
gemma_270m_base,birth_place:1,birth_place,qa,14,22100.564453125,44.54024124145508,0.1310977190732956
gemma_270m_base,birth_place:1,birth_place,qa,15,24762.953125,32.185279846191406,0.1067284643650055
gemma_270m_base,birth_place:1,birth_place,qa,16,35371.07421875,38.509765625,0.08951576054096222
gemma_270m_base,birth_place:1,birth_place,qa,17,99.88902282714844,11.0789794921875,0.11267110705375671
gemma_270m_base,birth_place:1,birth_place,chat_template,0,112.10090637207031,175.48944091796875,0.2302359938621521
gemma_270m_base,birth_place:1,birth_place,chat_template,1,799.9481201171875,107.09939575195312,0.20917680859565735
gemma_270m_base,birth_place:1,birth_place,chat_template,2,1084.2235107421875,20.02299690246582,0.17524610459804535
gemma_270m_base,birth_place:1,birth_place,chat_template,3,1862.8948974609375,15.130892753601074,0.23515227437019348
gemma_270m_base,birth_place:1,birth_place,chat_template,4,2410.7353515625,9.894671440124512,0.19414059817790985
gemma_270m_base,birth_place:1,birth_place,chat_template,5,3486.064208984375,17.296306610107422,0.15243379771709442
gemma_270m_base,birth_place:1,birth_place,chat_template,6,3635.09033203125,6.461655139923096,0.15694567561149597
gemma_270m_base,birth_place:1,birth_place,chat_template,7,5147.4150390625,16.911462783813477,0.16955947875976562
gemma_270m_base,birth_place:1,birth_place,chat_template,8,5289.8232421875,19.72537612915039,0.2112497091293335
gemma_270m_base,birth_place:1,birth_place,chat_template,9,6146.04345703125,11.962557792663574,0.15148910880088806
gemma_270m_base,birth_place:1,birth_place,chat_template,10,10664.009765625,27.930763244628906,0.20966674387454987
gemma_270m_base,birth_place:1,birth_place,chat_template,11,11158.703125,3.858396291732788,0.2173817753791809
gemma_270m_base,birth_place:1,birth_place,chat_template,12,15324.689453125,22.107683181762695,0.16046202182769775
gemma_270m_base,birth_place:1,birth_place,chat_template,13,18850.193359375,35.5501594543457,0.12586179375648499
gemma_270m_base,birth_place:1,birth_place,chat_template,14,21821.92578125,42.19038009643555,0.13699355721473694
gemma_270m_base,birth_place:1,birth_place,chat_template,15,25036.37890625,30.40060043334961,0.10970437526702881
gemma_270m_base,birth_place:1,birth_place,chat_template,16,35161.0234375,43.41533279418945,0.09412913024425507
gemma_270m_base,birth_place:1,birth_place,chat_template,17,97.87294006347656,12.220917701721191,0.12674900889396667
gemma_270m_base,birth_place:2,birth_place,raw_question,0,145.74020385742188,217.34458923339844,0.21757976710796356
gemma_270m_base,birth_place:2,birth_place,raw_question,1,1014.3185424804688,92.25961303710938,0.1889634132385254
gemma_270m_base,birth_place:2,birth_place,raw_question,2,1246.32861328125,17.62769889831543,0.1700032502412796
gemma_270m_base,birth_place:2,birth_place,raw_question,3,1826.16943359375,13.612228393554688,0.2241274118423462
gemma_270m_base,birth_place:2,birth_place,raw_question,4,2214.865234375,10.061410903930664,0.19127510488033295
gemma_270m_base,birth_place:2,birth_place,raw_question,5,2883.421875,18.78546905517578,0.14906293153762817
gemma_270m_base,birth_place:2,birth_place,raw_question,6,3541.0634765625,7.673375129699707,0.1633797287940979
gemma_270m_base,birth_place:2,birth_place,raw_question,7,5355.99365234375,18.208112716674805,0.17817887663841248
gemma_270m_base,birth_place:2,birth_place,raw_question,8,5591.001953125,18.820938110351562,0.19124862551689148
gemma_270m_base,birth_place:2,birth_place,raw_question,9,6299.484375,13.611224174499512,0.15086141228675842
gemma_270m_base,birth_place:2,birth_place,raw_question,10,11213.2900390625,30.127485275268555,0.2149803340435028
gemma_270m_base,birth_place:2,birth_place,raw_question,11,11619.013671875,4.438094139099121,0.20506320893764496
gemma_270m_base,birth_place:2,birth_place,raw_question,12,14797.939453125,21.03417205810547,0.16014614701271057
gemma_270m_base,birth_place:2,birth_place,raw_question,13,19108.072265625,29.172409057617188,0.11896073818206787
gemma_270m_base,birth_place:2,birth_place,raw_question,14,20793.005859375,49.422393798828125,0.1289035975933075
gemma_270m_base,birth_place:2,birth_place,raw_question,15,23347.095703125,31.365976333618164,0.1194317638874054
gemma_270m_base,birth_place:2,birth_place,raw_question,16,31607.78125,45.68995666503906,0.10651999711990356
gemma_270m_base,birth_place:2,birth_place,raw_question,17,92.36882781982422,13.185370445251465,0.14093294739723206
gemma_270m_base,birth_place:2,birth_place,declarative,0,186.5989227294922,278.21136474609375,0.1849883794784546
gemma_270m_base,birth_place:2,birth_place,declarative,1,1017.2440185546875,104.96927642822266,0.20064754784107208
gemma_270m_base,birth_place:2,birth_place,declarative,2,1295.10302734375,19.169071197509766,0.17366118729114532
gemma_270m_base,birth_place:2,birth_place,declarative,3,1958.7066650390625,15.964068412780762,0.2450331747531891
gemma_270m_base,birth_place:2,birth_place,declarative,4,2775.355224609375,12.389379501342773,0.18917988240718842
gemma_270m_base,birth_place:2,birth_place,declarative,5,3665.098388671875,17.601911544799805,0.15937966108322144
gemma_270m_base,birth_place:2,birth_place,declarative,6,4165.4287109375,10.137214660644531,0.17062048614025116
gemma_270m_base,birth_place:2,birth_place,declarative,7,5567.220703125,25.5076961517334,0.17516273260116577
gemma_270m_base,birth_place:2,birth_place,declarative,8,5673.12744140625,20.334884643554688,0.17779669165611267
gemma_270m_base,birth_place:2,birth_place,declarative,9,6286.08349609375,19.376127243041992,0.15130947530269623
gemma_270m_base,birth_place:2,birth_place,declarative,10,9844.8466796875,34.64425277709961,0.19276714324951172
gemma_270m_base,birth_place:2,birth_place,declarative,11,10319.1015625,4.809900760650635,0.2028844952583313
gemma_270m_base,birth_place:2,birth_place,declarative,12,11631.4755859375,25.626771926879883,0.1610858142375946
gemma_270m_base,birth_place:2,birth_place,declarative,13,16169.7646484375,30.237642288208008,0.12983934581279755
gemma_270m_base,birth_place:2,birth_place,declarative,14,20626.89453125,55.41130065917969,0.13199245929718018
gemma_270m_base,birth_place:2,birth_place,declarative,15,23078.58984375,36.351280212402344,0.10952240973711014
gemma_270m_base,birth_place:2,birth_place,declarative,16,31366.876953125,37.331939697265625,0.09648475050926208
gemma_270m_base,birth_place:2,birth_place,declarative,17,112.36376190185547,12.24078369140625,0.11686423420906067
gemma_270m_base,birth_place:2,birth_place,qa,0,108.74418640136719,155.4434356689453,0.23477157950401306
gemma_270m_base,birth_place:2,birth_place,qa,1,808.6061401367188,149.4972381591797,0.23319077491760254
gemma_270m_base,birth_place:2,birth_place,qa,2,999.4564819335938,22.901248931884766,0.19148071110248566
gemma_270m_base,birth_place:2,birth_place,qa,3,2227.578125,14.502523422241211,0.23270578682422638
gemma_270m_base,birth_place:2,birth_place,qa,4,1684.13134765625,12.564339637756348,0.19280874729156494
gemma_270m_base,birth_place:2,birth_place,qa,5,3303.97216796875,16.770057678222656,0.14944016933441162
gemma_270m_base,birth_place:2,birth_place,qa,6,3404.64501953125,7.954172611236572,0.1485288441181183
gemma_270m_base,birth_place:2,birth_place,qa,7,5334.54345703125,17.954532623291016,0.16726085543632507
gemma_270m_base,birth_place:2,birth_place,qa,8,5192.90283203125,19.09311866760254,0.19761690497398376
gemma_270m_base,birth_place:2,birth_place,qa,9,6117.18212890625,17.62209701538086,0.15571407973766327
gemma_270m_base,birth_place:2,birth_place,qa,10,10029.5283203125,35.85723114013672,0.21175386011600494
gemma_270m_base,birth_place:2,birth_place,qa,11,10431.8115234375,4.964132785797119,0.21794185042381287
gemma_270m_base,birth_place:2,birth_place,qa,12,13701.013671875,28.77602195739746,0.1728959083557129
gemma_270m_base,birth_place:2,birth_place,qa,13,17914.9296875,28.437490463256836,0.12955453991889954
gemma_270m_base,birth_place:2,birth_place,qa,14,22238.884765625,46.34857177734375,0.13020771741867065
gemma_270m_base,birth_place:2,birth_place,qa,15,24152.755859375,31.308748245239258,0.10668767243623734
gemma_270m_base,birth_place:2,birth_place,qa,16,33793.9921875,40.083126068115234,0.09404406696557999
gemma_270m_base,birth_place:2,birth_place,qa,17,100.5831527709961,11.134902000427246,0.11663256585597992
gemma_270m_base,birth_place:2,birth_place,chat_template,0,112.08071899414062,174.22068786621094,0.22962608933448792
gemma_270m_base,birth_place:2,birth_place,chat_template,1,787.4385986328125,108.56437683105469,0.20629869401454926
gemma_270m_base,birth_place:2,birth_place,chat_template,2,1069.9371337890625,20.105215072631836,0.17696821689605713
gemma_270m_base,birth_place:2,birth_place,chat_template,3,1856.2808837890625,15.272892951965332,0.237306147813797
gemma_270m_base,birth_place:2,birth_place,chat_template,4,2354.3701171875,10.116302490234375,0.19450390338897705
gemma_270m_base,birth_place:2,birth_place,chat_template,5,3418.243896484375,17.272981643676758,0.15312516689300537
gemma_270m_base,birth_place:2,birth_place,chat_template,6,3585.796875,6.347764015197754,0.15655985474586487
gemma_270m_base,birth_place:2,birth_place,chat_template,7,5233.0498046875,17.0047550201416,0.16694211959838867
gemma_270m_base,birth_place:2,birth_place,chat_template,8,5360.68896484375,19.151966094970703,0.21088045835494995
gemma_270m_base,birth_place:2,birth_place,chat_template,9,6219.0908203125,11.992448806762695,0.14993464946746826
gemma_270m_base,birth_place:2,birth_place,chat_template,10,10674.8115234375,27.865554809570312,0.21051761507987976
gemma_270m_base,birth_place:2,birth_place,chat_template,11,11221.6689453125,4.061169624328613,0.217800110578537
gemma_270m_base,birth_place:2,birth_place,chat_template,12,14818.107421875,21.155475616455078,0.164442241191864
gemma_270m_base,birth_place:2,birth_place,chat_template,13,19230.904296875,29.36395263671875,0.12519100308418274
gemma_270m_base,birth_place:2,birth_place,chat_template,14,21946.470703125,44.40533447265625,0.13204188644886017
gemma_270m_base,birth_place:2,birth_place,chat_template,15,24991.19140625,30.873201370239258,0.107526034116745
gemma_270m_base,birth_place:2,birth_place,chat_template,16,34606.296875,43.94140625,0.0937236100435257
gemma_270m_base,birth_place:2,birth_place,chat_template,17,96.06983947753906,11.583849906921387,0.12564226984977722
gemma_270m_base,birth_place:3,birth_place,raw_question,0,146.3091583251953,217.7358856201172,0.22521568834781647
gemma_270m_base,birth_place:3,birth_place,raw_question,1,1019.3602294921875,89.49478912353516,0.18762964010238647
gemma_270m_base,birth_place:3,birth_place,raw_question,2,1240.068603515625,17.282119750976562,0.16800013184547424
gemma_270m_base,birth_place:3,birth_place,raw_question,3,1824.9456787109375,13.574666976928711,0.22464704513549805
gemma_270m_base,birth_place:3,birth_place,raw_question,4,2276.393798828125,9.883504867553711,0.19041576981544495
gemma_270m_base,birth_place:3,birth_place,raw_question,5,2873.425048828125,18.717803955078125,0.14885658025741577
gemma_270m_base,birth_place:3,birth_place,raw_question,6,3564.97314453125,8.00370979309082,0.1641354262828827
gemma_270m_base,birth_place:3,birth_place,raw_question,7,5269.66748046875,18.433767318725586,0.17879748344421387
gemma_270m_base,birth_place:3,birth_place,raw_question,8,5681.3671875,19.515106201171875,0.19212333858013153
gemma_270m_base,birth_place:3,birth_place,raw_question,9,6305.064453125,14.457059860229492,0.15231573581695557
gemma_270m_base,birth_place:3,birth_place,raw_question,10,11169.138671875,31.29328155517578,0.21565288305282593
gemma_270m_base,birth_place:3,birth_place,raw_question,11,11524.8779296875,4.263377666473389,0.20528019964694977
gemma_270m_base,birth_place:3,birth_place,raw_question,12,14827.966796875,21.457258224487305,0.16246995329856873
gemma_270m_base,birth_place:3,birth_place,raw_question,13,19215.46875,29.58078956604004,0.1192638948559761
gemma_270m_base,birth_place:3,birth_place,raw_question,14,21190.5234375,49.909751892089844,0.12676116824150085
gemma_270m_base,birth_place:3,birth_place,raw_question,15,23469.15625,30.14498519897461,0.11952696740627289
gemma_270m_base,birth_place:3,birth_place,raw_question,16,32107.548828125,43.0378303527832,0.10731041431427002
gemma_270m_base,birth_place:3,birth_place,raw_question,17,92.93505096435547,13.11289119720459,0.13805270195007324
gemma_270m_base,birth_place:3,birth_place,declarative,0,181.33949279785156,264.42767333984375,0.1890709400177002
gemma_270m_base,birth_place:3,birth_place,declarative,1,1021.4708862304688,105.40913391113281,0.20010939240455627
gemma_270m_base,birth_place:3,birth_place,declarative,2,1309.657470703125,18.772123336791992,0.17243611812591553
gemma_270m_base,birth_place:3,birth_place,declarative,3,1991.399169921875,16.204591751098633,0.2451275736093521
gemma_270m_base,birth_place:3,birth_place,declarative,4,2756.578369140625,12.679557800292969,0.18788696825504303
gemma_270m_base,birth_place:3,birth_place,declarative,5,3712.6259765625,17.638591766357422,0.1607723832130432
gemma_270m_base,birth_place:3,birth_place,declarative,6,4224.5439453125,10.191868782043457,0.16999337077140808
gemma_270m_base,birth_place:3,birth_place,declarative,7,5817.4453125,26.075984954833984,0.17516829073429108
gemma_270m_base,birth_place:3,birth_place,declarative,8,5788.01513671875,21.155406951904297,0.17488425970077515
gemma_270m_base,birth_place:3,birth_place,declarative,9,6474.216796875,20.483522415161133,0.14948812127113342
gemma_270m_base,birth_place:3,birth_place,declarative,10,9853.33203125,34.85786056518555,0.18938149511814117
gemma_270m_base,birth_place:3,birth_place,declarative,11,10306.9462890625,4.929527759552002,0.20246551930904388
gemma_270m_base,birth_place:3,birth_place,declarative,12,11611.0712890625,25.012460708618164,0.15650039911270142
gemma_270m_base,birth_place:3,birth_place,declarative,13,15627.3994140625,30.74073028564453,0.1280316412448883
gemma_270m_base,birth_place:3,birth_place,declarative,14,19373.39453125,54.72463607788086,0.1288062334060669
gemma_270m_base,birth_place:3,birth_place,declarative,15,21706.994140625,34.5761604309082,0.1100054681301117
gemma_270m_base,birth_place:3,birth_place,declarative,16,29466.69921875,36.19150924682617,0.09878922998905182
gemma_270m_base,birth_place:3,birth_place,declarative,17,108.02725982666016,11.75883674621582,0.11792222410440445
gemma_270m_base,birth_place:3,birth_place,qa,0,106.29967498779297,160.1278533935547,0.2321978509426117
gemma_270m_base,birth_place:3,birth_place,qa,1,805.2777709960938,151.29421997070312,0.2338929921388626
gemma_270m_base,birth_place:3,birth_place,qa,2,1007.3588256835938,22.767986297607422,0.19280317425727844
gemma_270m_base,birth_place:3,birth_place,qa,3,2243.839111328125,14.39154052734375,0.2324838638305664
gemma_270m_base,birth_place:3,birth_place,qa,4,1724.0101318359375,12.440468788146973,0.1922173798084259
gemma_270m_base,birth_place:3,birth_place,qa,5,3285.291748046875,16.879850387573242,0.14902105927467346
gemma_270m_base,birth_place:3,birth_place,qa,6,3442.506591796875,8.333747863769531,0.14907094836235046
gemma_270m_base,birth_place:3,birth_place,qa,7,5373.642578125,17.4792423248291,0.16877099871635437
gemma_270m_base,birth_place:3,birth_place,qa,8,5406.61279296875,19.57630729675293,0.1993008702993393
gemma_270m_base,birth_place:3,birth_place,qa,9,6221.990234375,19.2852783203125,0.15406519174575806
gemma_270m_base,birth_place:3,birth_place,qa,10,10037.669921875,35.82210159301758,0.21226172149181366
gemma_270m_base,birth_place:3,birth_place,qa,11,10427.1767578125,4.805342674255371,0.21825967729091644
gemma_270m_base,birth_place:3,birth_place,qa,12,13765.869140625,27.235557556152344,0.17163072526454926
gemma_270m_base,birth_place:3,birth_place,qa,13,18062.103515625,28.435697555541992,0.13047657907009125
gemma_270m_base,birth_place:3,birth_place,qa,14,21818.6328125,47.74797058105469,0.1302623152732849
gemma_270m_base,birth_place:3,birth_place,qa,15,23809.3515625,31.713834762573242,0.11091931164264679
gemma_270m_base,birth_place:3,birth_place,qa,16,33304.2109375,39.137351989746094,0.09596647322177887
gemma_270m_base,birth_place:3,birth_place,qa,17,101.30884552001953,10.571023941040039,0.12094604969024658
gemma_270m_base,birth_place:3,birth_place,chat_template,0,111.32814025878906,175.12562561035156,0.22920790314674377
gemma_270m_base,birth_place:3,birth_place,chat_template,1,789.9275512695312,107.04208374023438,0.20850975811481476
gemma_270m_base,birth_place:3,birth_place,chat_template,2,1080.4327392578125,19.023866653442383,0.17459456622600555
gemma_270m_base,birth_place:3,birth_place,chat_template,3,1866.183837890625,14.978500366210938,0.2354530394077301
gemma_270m_base,birth_place:3,birth_place,chat_template,4,2409.325927734375,10.01938533782959,0.1955653727054596
gemma_270m_base,birth_place:3,birth_place,chat_template,5,3454.235107421875,17.600261688232422,0.1530762016773224
gemma_270m_base,birth_place:3,birth_place,chat_template,6,3639.851318359375,6.38297700881958,0.1582532823085785
gemma_270m_base,birth_place:3,birth_place,chat_template,7,5064.85791015625,16.7276611328125,0.16828370094299316
gemma_270m_base,birth_place:3,birth_place,chat_template,8,5325.0361328125,20.301843643188477,0.21364672482013702
gemma_270m_base,birth_place:3,birth_place,chat_template,9,6246.09765625,12.558478355407715,0.1508592665195465
gemma_270m_base,birth_place:3,birth_place,chat_template,10,10796.4404296875,27.824596405029297,0.20570603013038635
gemma_270m_base,birth_place:3,birth_place,chat_template,11,11089.8994140625,3.9831910133361816,0.21553431451320648
gemma_270m_base,birth_place:3,birth_place,chat_template,12,14837.1435546875,20.43024253845215,0.16401167213916779
gemma_270m_base,birth_place:3,birth_place,chat_template,13,19280.326171875,29.567197799682617,0.125721737742424
gemma_270m_base,birth_place:3,birth_place,chat_template,14,21743.5546875,43.3512077331543,0.13537535071372986
gemma_270m_base,birth_place:3,birth_place,chat_template,15,24797.7890625,28.75702476501465,0.11160457134246826
gemma_270m_base,birth_place:3,birth_place,chat_template,16,34499.72265625,42.997222900390625,0.09804940223693848
gemma_270m_base,birth_place:3,birth_place,chat_template,17,97.70774841308594,12.373170852661133,0.13081559538841248
gemma_270m_base,birth_place:4,birth_place,raw_question,0,145.88845825195312,202.17945861816406,0.2229149341583252
gemma_270m_base,birth_place:4,birth_place,raw_question,1,1022.158447265625,89.17137908935547,0.18877191841602325
gemma_270m_base,birth_place:4,birth_place,raw_question,2,1224.4683837890625,17.16837501525879,0.16955001652240753
gemma_270m_base,birth_place:4,birth_place,raw_question,3,1837.4991455078125,13.179951667785645,0.22612357139587402
gemma_270m_base,birth_place:4,birth_place,raw_question,4,2168.308349609375,9.931474685668945,0.18878236413002014
gemma_270m_base,birth_place:4,birth_place,raw_question,5,2908.341796875,18.606765747070312,0.14902549982070923
gemma_270m_base,birth_place:4,birth_place,raw_question,6,3530.766845703125,8.132616996765137,0.16448554396629333
gemma_270m_base,birth_place:4,birth_place,raw_question,7,5330.244140625,18.091541290283203,0.1803569495677948
gemma_270m_base,birth_place:4,birth_place,raw_question,8,5589.47265625,19.0729923248291,0.1922149807214737
gemma_270m_base,birth_place:4,birth_place,raw_question,9,6242.61962890625,13.824329376220703,0.15503913164138794
gemma_270m_base,birth_place:4,birth_place,raw_question,10,11286.3994140625,31.391918182373047,0.22021570801734924
gemma_270m_base,birth_place:4,birth_place,raw_question,11,11584.375,4.488349437713623,0.2041316032409668
gemma_270m_base,birth_place:4,birth_place,raw_question,12,14820.9951171875,20.02630043029785,0.1595342457294464
gemma_270m_base,birth_place:4,birth_place,raw_question,13,18999.37890625,28.902860641479492,0.11864618957042694
gemma_270m_base,birth_place:4,birth_place,raw_question,14,20668.79296875,47.50562286376953,0.12849652767181396
gemma_270m_base,birth_place:4,birth_place,raw_question,15,23078.109375,31.847755432128906,0.11934615671634674
gemma_270m_base,birth_place:4,birth_place,raw_question,16,31706.384765625,45.50893783569336,0.10646772384643555
gemma_270m_base,birth_place:4,birth_place,raw_question,17,95.20384979248047,11.956101417541504,0.13860829174518585
gemma_270m_base,birth_place:4,birth_place,declarative,0,183.10609436035156,269.0416259765625,0.18765348196029663
gemma_270m_base,birth_place:4,birth_place,declarative,1,1013.7402954101562,104.5948715209961,0.20236745476722717
gemma_270m_base,birth_place:4,birth_place,declarative,2,1295.46923828125,19.445999145507812,0.1744023710489273
gemma_270m_base,birth_place:4,birth_place,declarative,3,1974.2037353515625,15.759543418884277,0.24781006574630737
gemma_270m_base,birth_place:4,birth_place,declarative,4,2806.700927734375,12.22107982635498,0.18892088532447815
gemma_270m_base,birth_place:4,birth_place,declarative,5,3742.356689453125,17.55605125427246,0.1592608094215393
gemma_270m_base,birth_place:4,birth_place,declarative,6,4509.2744140625,11.489787101745605,0.17211663722991943
gemma_270m_base,birth_place:4,birth_place,declarative,7,5864.658203125,26.08504867553711,0.17658627033233643
gemma_270m_base,birth_place:4,birth_place,declarative,8,5872.0419921875,20.91519546508789,0.17564673721790314
gemma_270m_base,birth_place:4,birth_place,declarative,9,6596.85302734375,19.42347526550293,0.15208692848682404
gemma_270m_base,birth_place:4,birth_place,declarative,10,10041.29296875,34.500972747802734,0.1922968626022339
gemma_270m_base,birth_place:4,birth_place,declarative,11,10571.5458984375,5.113485336303711,0.20456823706626892
gemma_270m_base,birth_place:4,birth_place,declarative,12,12164.5087890625,26.31712532043457,0.15421263873577118
gemma_270m_base,birth_place:4,birth_place,declarative,13,16290.681640625,27.810527801513672,0.12675094604492188
gemma_270m_base,birth_place:4,birth_place,declarative,14,20983.98046875,55.51939392089844,0.13238279521465302
gemma_270m_base,birth_place:4,birth_place,declarative,15,22584.431640625,36.51337814331055,0.10647936910390854
gemma_270m_base,birth_place:4,birth_place,declarative,16,30269.205078125,36.859134674072266,0.09726345539093018
gemma_270m_base,birth_place:4,birth_place,declarative,17,111.19522094726562,12.097288131713867,0.11689919233322144
gemma_270m_base,birth_place:4,birth_place,qa,0,109.71134948730469,149.04153442382812,0.23902177810668945
gemma_270m_base,birth_place:4,birth_place,qa,1,815.5143432617188,151.3487548828125,0.23373447358608246
gemma_270m_base,birth_place:4,birth_place,qa,2,1006.4126586914062,23.17366600036621,0.19092199206352234
gemma_270m_base,birth_place:4,birth_place,qa,3,2259.43212890625,14.392163276672363,0.23243053257465363
gemma_270m_base,birth_place:4,birth_place,qa,4,1735.581787109375,12.11860179901123,0.19020339846611023
gemma_270m_base,birth_place:4,birth_place,qa,5,3325.10205078125,16.849483489990234,0.14869093894958496
gemma_270m_base,birth_place:4,birth_place,qa,6,3318.210693359375,7.983944892883301,0.14890705049037933
gemma_270m_base,birth_place:4,birth_place,qa,7,5219.66845703125,18.57710838317871,0.16685551404953003
gemma_270m_base,birth_place:4,birth_place,qa,8,5224.9970703125,19.269485473632812,0.19788025319576263
gemma_270m_base,birth_place:4,birth_place,qa,9,6033.08740234375,18.138097763061523,0.15660062432289124
gemma_270m_base,birth_place:4,birth_place,qa,10,9977.673828125,37.901893615722656,0.21671134233474731
gemma_270m_base,birth_place:4,birth_place,qa,11,10359.5107421875,4.955874443054199,0.21820969879627228
gemma_270m_base,birth_place:4,birth_place,qa,12,13695.7763671875,25.046937942504883,0.16824010014533997
gemma_270m_base,birth_place:4,birth_place,qa,13,17780.205078125,28.153881072998047,0.12746451795101166
gemma_270m_base,birth_place:4,birth_place,qa,14,21952.3671875,45.04670715332031,0.12978661060333252
gemma_270m_base,birth_place:4,birth_place,qa,15,23692.447265625,32.00032043457031,0.10606488585472107
gemma_270m_base,birth_place:4,birth_place,qa,16,33661.4921875,39.03124237060547,0.0938049852848053
gemma_270m_base,birth_place:4,birth_place,qa,17,103.46321868896484,10.053791999816895,0.11629423499107361
gemma_270m_base,birth_place:4,birth_place,chat_template,0,112.53948974609375,170.53053283691406,0.23197060823440552
gemma_270m_base,birth_place:4,birth_place,chat_template,1,796.5736694335938,107.65580749511719,0.20990565419197083
gemma_270m_base,birth_place:4,birth_place,chat_template,2,1076.7503662109375,19.723371505737305,0.17528130114078522
gemma_270m_base,birth_place:4,birth_place,chat_template,3,1856.4150390625,15.061063766479492,0.23551441729068756
gemma_270m_base,birth_place:4,birth_place,chat_template,4,2366.64697265625,9.956665992736816,0.19420775771141052
gemma_270m_base,birth_place:4,birth_place,chat_template,5,3435.447021484375,17.351560592651367,0.1530134677886963
gemma_270m_base,birth_place:4,birth_place,chat_template,6,3622.94384765625,6.482333183288574,0.1580069363117218
gemma_270m_base,birth_place:4,birth_place,chat_template,7,5147.87646484375,17.028303146362305,0.1682329624891281
gemma_270m_base,birth_place:4,birth_place,chat_template,8,5199.70556640625,19.89792823791504,0.21145415306091309
gemma_270m_base,birth_place:4,birth_place,chat_template,9,6078.7216796875,12.107687950134277,0.1512519121170044
gemma_270m_base,birth_place:4,birth_place,chat_template,10,10671.5439453125,27.972549438476562,0.21278159320354462
gemma_270m_base,birth_place:4,birth_place,chat_template,11,11176.9970703125,4.0760498046875,0.2180761694908142
gemma_270m_base,birth_place:4,birth_place,chat_template,12,14890.03515625,21.010435104370117,0.1619543433189392
gemma_270m_base,birth_place:4,birth_place,chat_template,13,19091.54296875,30.976728439331055,0.12273897975683212
gemma_270m_base,birth_place:4,birth_place,chat_template,14,21647.03515625,42.77463150024414,0.13370561599731445
gemma_270m_base,birth_place:4,birth_place,chat_template,15,24873.173828125,29.94727897644043,0.10874217748641968
gemma_270m_base,birth_place:4,birth_place,chat_template,16,34877.6171875,43.61029052734375,0.09470787644386292
gemma_270m_base,birth_place:4,birth_place,chat_template,17,97.02488708496094,11.607921600341797,0.125946506857872
gemma_270m_base,birth_place:5,birth_place,raw_question,0,145.96739196777344,211.00048828125,0.22201567888259888
gemma_270m_base,birth_place:5,birth_place,raw_question,1,1019.3040161132812,90.2818832397461,0.18906961381435394
gemma_270m_base,birth_place:5,birth_place,raw_question,2,1247.5611572265625,17.226970672607422,0.1665828824043274
gemma_270m_base,birth_place:5,birth_place,raw_question,3,1866.8387451171875,13.485570907592773,0.22396162152290344
gemma_270m_base,birth_place:5,birth_place,raw_question,4,2182.638671875,10.026979446411133,0.18681861460208893
gemma_270m_base,birth_place:5,birth_place,raw_question,5,2881.432861328125,18.838926315307617,0.14727827906608582
gemma_270m_base,birth_place:5,birth_place,raw_question,6,3511.674560546875,7.999202728271484,0.16238927841186523
gemma_270m_base,birth_place:5,birth_place,raw_question,7,5158.08642578125,18.512826919555664,0.17873507738113403
gemma_270m_base,birth_place:5,birth_place,raw_question,8,5625.56884765625,19.84023094177246,0.19290828704833984
gemma_270m_base,birth_place:5,birth_place,raw_question,9,6224.0283203125,14.745687484741211,0.15672974288463593
gemma_270m_base,birth_place:5,birth_place,raw_question,10,11306.126953125,31.00432777404785,0.21946580708026886
gemma_270m_base,birth_place:5,birth_place,raw_question,11,11672.7255859375,4.251510143280029,0.20681466162204742
gemma_270m_base,birth_place:5,birth_place,raw_question,12,15554.6298828125,22.770383834838867,0.15932640433311462
gemma_270m_base,birth_place:5,birth_place,raw_question,13,19258.349609375,30.655555725097656,0.12067252397537231
gemma_270m_base,birth_place:5,birth_place,raw_question,14,21820.51953125,48.833255767822266,0.12946981191635132
gemma_270m_base,birth_place:5,birth_place,raw_question,15,24185.654296875,30.1979923248291,0.11685119569301605
gemma_270m_base,birth_place:5,birth_place,raw_question,16,32745.83203125,42.92469024658203,0.10487908869981766
gemma_270m_base,birth_place:5,birth_place,raw_question,17,93.29833221435547,13.981756210327148,0.13079483807086945
gemma_270m_base,birth_place:5,birth_place,declarative,0,182.90707397460938,276.7561950683594,0.18762707710266113
gemma_270m_base,birth_place:5,birth_place,declarative,1,1021.11767578125,106.55777740478516,0.20091767609119415
gemma_270m_base,birth_place:5,birth_place,declarative,2,1309.3748779296875,19.41408920288086,0.17082642018795013
gemma_270m_base,birth_place:5,birth_place,declarative,3,1940.5682373046875,15.98621940612793,0.23937492072582245
gemma_270m_base,birth_place:5,birth_place,declarative,4,2757.64404296875,12.401287078857422,0.18785151839256287
gemma_270m_base,birth_place:5,birth_place,declarative,5,3592.404296875,17.636137008666992,0.15884344279766083
gemma_270m_base,birth_place:5,birth_place,declarative,6,4081.15087890625,10.49576473236084,0.17278248071670532
gemma_270m_base,birth_place:5,birth_place,declarative,7,5678.6162109375,26.308568954467773,0.18216699361801147
gemma_270m_base,birth_place:5,birth_place,declarative,8,5839.7822265625,21.620716094970703,0.1762162148952484
gemma_270m_base,birth_place:5,birth_place,declarative,9,6500.48193359375,19.838407516479492,0.1539410948753357
gemma_270m_base,birth_place:5,birth_place,declarative,10,9835.0576171875,33.076900482177734,0.19272097945213318
gemma_270m_base,birth_place:5,birth_place,declarative,11,10357.2919921875,5.098499298095703,0.20416566729545593
gemma_270m_base,birth_place:5,birth_place,declarative,12,12248.7001953125,27.78868865966797,0.16275012493133545
gemma_270m_base,birth_place:5,birth_place,declarative,13,15424.841796875,29.519128799438477,0.134947270154953
gemma_270m_base,birth_place:5,birth_place,declarative,14,20328.587890625,55.55617141723633,0.1399841606616974
gemma_270m_base,birth_place:5,birth_place,declarative,15,22827.0703125,40.201316833496094,0.11320137977600098
gemma_270m_base,birth_place:5,birth_place,declarative,16,30410.458984375,36.814815521240234,0.10166434943675995
gemma_270m_base,birth_place:5,birth_place,declarative,17,126.53915405273438,11.319219589233398,0.11867398768663406
gemma_270m_base,birth_place:5,birth_place,qa,0,108.0712661743164,151.44960021972656,0.23627692461013794
gemma_270m_base,birth_place:5,birth_place,qa,1,808.701904296875,153.90487670898438,0.2358238250017166
gemma_270m_base,birth_place:5,birth_place,qa,2,1025.8441162109375,22.833871841430664,0.19233591854572296
gemma_270m_base,birth_place:5,birth_place,qa,3,2263.59765625,14.089577674865723,0.23135946691036224
gemma_270m_base,birth_place:5,birth_place,qa,4,1741.697998046875,12.216994285583496,0.19175803661346436
gemma_270m_base,birth_place:5,birth_place,qa,5,3240.69287109375,16.925268173217773,0.14859972894191742
gemma_270m_base,birth_place:5,birth_place,qa,6,3270.684814453125,8.048086166381836,0.14734172821044922
gemma_270m_base,birth_place:5,birth_place,qa,7,5238.39501953125,18.275096893310547,0.1635260283946991
gemma_270m_base,birth_place:5,birth_place,qa,8,5303.796875,20.38541030883789,0.20014238357543945
gemma_270m_base,birth_place:5,birth_place,qa,9,6118.646484375,18.765254974365234,0.15855753421783447
gemma_270m_base,birth_place:5,birth_place,qa,10,10023.5478515625,36.13846969604492,0.21486610174179077
gemma_270m_base,birth_place:5,birth_place,qa,11,10299.640625,5.118044853210449,0.2174082100391388
gemma_270m_base,birth_place:5,birth_place,qa,12,13975.21875,28.76814079284668,0.17312881350517273
gemma_270m_base,birth_place:5,birth_place,qa,13,17843.208984375,29.27267837524414,0.12949927151203156
gemma_270m_base,birth_place:5,birth_place,qa,14,22153.158203125,46.28688049316406,0.13158641755580902
gemma_270m_base,birth_place:5,birth_place,qa,15,24686.865234375,33.35171890258789,0.1080644279718399
gemma_270m_base,birth_place:5,birth_place,qa,16,33860.51953125,39.13856887817383,0.0935293585062027
gemma_270m_base,birth_place:5,birth_place,qa,17,105.5820541381836,10.966859817504883,0.114898681640625
gemma_270m_base,birth_place:5,birth_place,chat_template,0,111.3718032836914,173.1229248046875,0.23036974668502808
gemma_270m_base,birth_place:5,birth_place,chat_template,1,789.7706298828125,108.91820526123047,0.2125578075647354
gemma_270m_base,birth_place:5,birth_place,chat_template,2,1092.5450439453125,19.92207145690918,0.17346206307411194
gemma_270m_base,birth_place:5,birth_place,chat_template,3,1855.71240234375,15.163583755493164,0.23479220271110535
gemma_270m_base,birth_place:5,birth_place,chat_template,4,2500.233642578125,10.03298282623291,0.1959909200668335
gemma_270m_base,birth_place:5,birth_place,chat_template,5,3460.701904296875,17.35416603088379,0.15268972516059875
gemma_270m_base,birth_place:5,birth_place,chat_template,6,3663.64501953125,6.354424953460693,0.15817499160766602
gemma_270m_base,birth_place:5,birth_place,chat_template,7,5120.01513671875,16.92892074584961,0.16849704086780548
gemma_270m_base,birth_place:5,birth_place,chat_template,8,5356.37744140625,19.50177574157715,0.21453799307346344
gemma_270m_base,birth_place:5,birth_place,chat_template,9,6329.0810546875,11.743186950683594,0.1520671397447586
gemma_270m_base,birth_place:5,birth_place,chat_template,10,10799.4853515625,28.32098960876465,0.20956987142562866
gemma_270m_base,birth_place:5,birth_place,chat_template,11,11123.01171875,4.159614562988281,0.21630185842514038
gemma_270m_base,birth_place:5,birth_place,chat_template,12,15205.3046875,22.207340240478516,0.16288593411445618
gemma_270m_base,birth_place:5,birth_place,chat_template,13,19263.900390625,29.953752517700195,0.12553268671035767
gemma_270m_base,birth_place:5,birth_place,chat_template,14,22249.583984375,43.14394760131836,0.13461050391197205
gemma_270m_base,birth_place:5,birth_place,chat_template,15,25638.470703125,30.68683624267578,0.10821069777011871
gemma_270m_base,birth_place:5,birth_place,chat_template,16,35122.6484375,43.1040153503418,0.09440399706363678
gemma_270m_base,birth_place:5,birth_place,chat_template,17,98.91846466064453,13.356534004211426,0.12309505045413971
gemma_270m_base,birth_place:6,birth_place,raw_question,0,146.93841552734375,199.54629516601562,0.22531074285507202
gemma_270m_base,birth_place:6,birth_place,raw_question,1,1026.3677978515625,93.42089080810547,0.18764789402484894
gemma_270m_base,birth_place:6,birth_place,raw_question,2,1247.1341552734375,17.122167587280273,0.1699751764535904
gemma_270m_base,birth_place:6,birth_place,raw_question,3,1805.716796875,13.433125495910645,0.22253555059432983
gemma_270m_base,birth_place:6,birth_place,raw_question,4,2182.232666015625,9.677911758422852,0.18919074535369873
gemma_270m_base,birth_place:6,birth_place,raw_question,5,2867.677490234375,18.9427433013916,0.1490771323442459
gemma_270m_base,birth_place:6,birth_place,raw_question,6,3606.88623046875,7.992402076721191,0.16458401083946228
gemma_270m_base,birth_place:6,birth_place,raw_question,7,5310.0712890625,18.121232986450195,0.17686378955841064
gemma_270m_base,birth_place:6,birth_place,raw_question,8,5655.7236328125,19.47347068786621,0.1924065351486206
gemma_270m_base,birth_place:6,birth_place,raw_question,9,6131.8779296875,14.06914234161377,0.15372294187545776
gemma_270m_base,birth_place:6,birth_place,raw_question,10,11230.62109375,30.65276336669922,0.22168713808059692
gemma_270m_base,birth_place:6,birth_place,raw_question,11,11577.947265625,4.357579231262207,0.20839166641235352
gemma_270m_base,birth_place:6,birth_place,raw_question,12,15419.7822265625,22.126407623291016,0.161439910531044
gemma_270m_base,birth_place:6,birth_place,raw_question,13,19259.228515625,32.48735809326172,0.11800237745046616
gemma_270m_base,birth_place:6,birth_place,raw_question,14,20964.68359375,50.166595458984375,0.12801529467105865
gemma_270m_base,birth_place:6,birth_place,raw_question,15,23478.205078125,30.713502883911133,0.11765687167644501
gemma_270m_base,birth_place:6,birth_place,raw_question,16,32063.486328125,44.72098922729492,0.10438748449087143
gemma_270m_base,birth_place:6,birth_place,raw_question,17,94.87496185302734,14.4509859085083,0.13781994581222534
gemma_270m_base,birth_place:6,birth_place,declarative,0,184.65806579589844,273.1307373046875,0.18762698769569397
gemma_270m_base,birth_place:6,birth_place,declarative,1,1013.3944702148438,105.45379638671875,0.2003517895936966
gemma_270m_base,birth_place:6,birth_place,declarative,2,1301.2930908203125,19.058635711669922,0.17311003804206848
gemma_270m_base,birth_place:6,birth_place,declarative,3,1955.6417236328125,15.783143997192383,0.24045521020889282
gemma_270m_base,birth_place:6,birth_place,declarative,4,2772.53173828125,11.991724014282227,0.18408048152923584
gemma_270m_base,birth_place:6,birth_place,declarative,5,3667.50439453125,17.763742446899414,0.15886378288269043
gemma_270m_base,birth_place:6,birth_place,declarative,6,4404.20361328125,10.784506797790527,0.1723819375038147
gemma_270m_base,birth_place:6,birth_place,declarative,7,5849.95703125,25.399702072143555,0.17373935878276825
gemma_270m_base,birth_place:6,birth_place,declarative,8,5892.05517578125,19.913097381591797,0.1767474263906479
gemma_270m_base,birth_place:6,birth_place,declarative,9,6495.73876953125,19.861873626708984,0.14954879879951477
gemma_270m_base,birth_place:6,birth_place,declarative,10,10033.9482421875,35.312782287597656,0.19221371412277222
gemma_270m_base,birth_place:6,birth_place,declarative,11,10604.314453125,4.788376808166504,0.20527420938014984
gemma_270m_base,birth_place:6,birth_place,declarative,12,12586.134765625,28.923023223876953,0.15441636741161346
gemma_270m_base,birth_place:6,birth_place,declarative,13,16275.08984375,30.90104866027832,0.1262299120426178
gemma_270m_base,birth_place:6,birth_place,declarative,14,20646.958984375,55.5236701965332,0.12920522689819336
gemma_270m_base,birth_place:6,birth_place,declarative,15,22637.65234375,33.575321197509766,0.10573264211416245
gemma_270m_base,birth_place:6,birth_place,declarative,16,30044.763671875,37.89213562011719,0.09505333006381989
gemma_270m_base,birth_place:6,birth_place,declarative,17,113.32738494873047,13.141277313232422,0.11416521668434143
gemma_270m_base,birth_place:6,birth_place,qa,0,108.51493072509766,150.7017822265625,0.2371903955936432
gemma_270m_base,birth_place:6,birth_place,qa,1,808.6948852539062,151.14720153808594,0.23388835787773132
gemma_270m_base,birth_place:6,birth_place,qa,2,1025.380126953125,22.542648315429688,0.19110149145126343
gemma_270m_base,birth_place:6,birth_place,qa,3,2256.796875,14.598106384277344,0.2303924262523651
gemma_270m_base,birth_place:6,birth_place,qa,4,1736.28271484375,12.203962326049805,0.18945083022117615
gemma_270m_base,birth_place:6,birth_place,qa,5,3343.896484375,16.893030166625977,0.14923910796642303
gemma_270m_base,birth_place:6,birth_place,qa,6,3355.880859375,8.259387016296387,0.14946161210536957
gemma_270m_base,birth_place:6,birth_place,qa,7,5425.47509765625,18.41819190979004,0.16466930508613586
gemma_270m_base,birth_place:6,birth_place,qa,8,5331.919921875,19.006471633911133,0.1927998661994934
gemma_270m_base,birth_place:6,birth_place,qa,9,6086.603515625,18.08078384399414,0.15297575294971466
gemma_270m_base,birth_place:6,birth_place,qa,10,10031.83203125,38.01387405395508,0.21201173961162567
gemma_270m_base,birth_place:6,birth_place,qa,11,10452.458984375,4.815357685089111,0.2185949981212616
gemma_270m_base,birth_place:6,birth_place,qa,12,14206.021484375,29.57649803161621,0.16965988278388977
gemma_270m_base,birth_place:6,birth_place,qa,13,18025.486328125,30.289113998413086,0.12582744657993317
gemma_270m_base,birth_place:6,birth_place,qa,14,22192.9609375,47.345401763916016,0.12650462985038757
gemma_270m_base,birth_place:6,birth_place,qa,15,24072.890625,32.2537841796875,0.10322411358356476
gemma_270m_base,birth_place:6,birth_place,qa,16,33615.90625,39.59325408935547,0.09163330495357513
gemma_270m_base,birth_place:6,birth_place,qa,17,97.49713897705078,11.851247787475586,0.1146940216422081
gemma_270m_base,birth_place:6,birth_place,chat_template,0,112.1236572265625,172.1921844482422,0.23058754205703735
gemma_270m_base,birth_place:6,birth_place,chat_template,1,793.3548583984375,109.09080505371094,0.20868569612503052
gemma_270m_base,birth_place:6,birth_place,chat_template,2,1087.9063720703125,20.015649795532227,0.1750793755054474
gemma_270m_base,birth_place:6,birth_place,chat_template,3,1872.0716552734375,15.151688575744629,0.23417000472545624
gemma_270m_base,birth_place:6,birth_place,chat_template,4,2398.13720703125,9.867976188659668,0.1949489563703537
gemma_270m_base,birth_place:6,birth_place,chat_template,5,3419.1083984375,17.521045684814453,0.15309090912342072
gemma_270m_base,birth_place:6,birth_place,chat_template,6,3587.02978515625,6.363162517547607,0.1574566662311554
gemma_270m_base,birth_place:6,birth_place,chat_template,7,5120.4228515625,17.27507209777832,0.16549894213676453
gemma_270m_base,birth_place:6,birth_place,chat_template,8,5235.77734375,19.699729919433594,0.2114267498254776
gemma_270m_base,birth_place:6,birth_place,chat_template,9,6087.400390625,12.194771766662598,0.1515367031097412
gemma_270m_base,birth_place:6,birth_place,chat_template,10,10546.1845703125,27.78535270690918,0.2091197371482849
gemma_270m_base,birth_place:6,birth_place,chat_template,11,11021.08984375,4.168450832366943,0.21962004899978638
gemma_270m_base,birth_place:6,birth_place,chat_template,12,15003.0966796875,21.790006637573242,0.16226893663406372
gemma_270m_base,birth_place:6,birth_place,chat_template,13,19120.2578125,32.901058197021484,0.12372730672359467
gemma_270m_base,birth_place:6,birth_place,chat_template,14,21484.4375,44.5853157043457,0.13457587361335754
gemma_270m_base,birth_place:6,birth_place,chat_template,15,24721.576171875,30.286855697631836,0.1100582703948021
gemma_270m_base,birth_place:6,birth_place,chat_template,16,34596.99609375,44.54899978637695,0.09691308438777924
gemma_270m_base,birth_place:6,birth_place,chat_template,17,98.16976928710938,12.361760139465332,0.12860465049743652
gemma_270m_base,birth_place:7,birth_place,raw_question,0,149.3958740234375,200.8827362060547,0.22415778040885925
gemma_270m_base,birth_place:7,birth_place,raw_question,1,1007.5543823242188,89.17828369140625,0.18768587708473206
gemma_270m_base,birth_place:7,birth_place,raw_question,2,1239.2294921875,17.810470581054688,0.16810154914855957
gemma_270m_base,birth_place:7,birth_place,raw_question,3,1832.22607421875,13.423833847045898,0.22227291762828827
gemma_270m_base,birth_place:7,birth_place,raw_question,4,2196.128173828125,9.709827423095703,0.19054138660430908
gemma_270m_base,birth_place:7,birth_place,raw_question,5,2916.983154296875,18.928247451782227,0.1490885317325592
gemma_270m_base,birth_place:7,birth_place,raw_question,6,3534.874755859375,8.036750793457031,0.1654011756181717
gemma_270m_base,birth_place:7,birth_place,raw_question,7,5162.216796875,18.614253997802734,0.17775209248065948
gemma_270m_base,birth_place:7,birth_place,raw_question,8,5635.65771484375,19.777347564697266,0.19539526104927063
gemma_270m_base,birth_place:7,birth_place,raw_question,9,6018.6494140625,14.425487518310547,0.1543893814086914
gemma_270m_base,birth_place:7,birth_place,raw_question,10,11170.755859375,30.58502197265625,0.22159986197948456
gemma_270m_base,birth_place:7,birth_place,raw_question,11,11208.697265625,4.198992729187012,0.20233435928821564
gemma_270m_base,birth_place:7,birth_place,raw_question,12,14879.900390625,21.360607147216797,0.1596764624118805
gemma_270m_base,birth_place:7,birth_place,raw_question,13,18892.529296875,33.36299133300781,0.11860116571187973
gemma_270m_base,birth_place:7,birth_place,raw_question,14,20823.16015625,50.45293045043945,0.12644875049591064
gemma_270m_base,birth_place:7,birth_place,raw_question,15,23161.490234375,32.280643463134766,0.1180228590965271
gemma_270m_base,birth_place:7,birth_place,raw_question,16,31815.0703125,42.594520568847656,0.10378193855285645
gemma_270m_base,birth_place:7,birth_place,raw_question,17,93.48236083984375,12.61799144744873,0.13494247198104858
gemma_270m_base,birth_place:7,birth_place,declarative,0,183.03651428222656,267.52630615234375,0.1883206069469452
gemma_270m_base,birth_place:7,birth_place,declarative,1,1010.5880126953125,107.39839935302734,0.20166707038879395
gemma_270m_base,birth_place:7,birth_place,declarative,2,1287.6947021484375,19.847816467285156,0.17491091787815094
gemma_270m_base,birth_place:7,birth_place,declarative,3,1959.783203125,15.818839073181152,0.24767783284187317
gemma_270m_base,birth_place:7,birth_place,declarative,4,2654.961181640625,12.393281936645508,0.1896664798259735
gemma_270m_base,birth_place:7,birth_place,declarative,5,3672.757080078125,17.663715362548828,0.1601288616657257
gemma_270m_base,birth_place:7,birth_place,declarative,6,4057.888427734375,10.006195068359375,0.16972893476486206
gemma_270m_base,birth_place:7,birth_place,declarative,7,5677.271484375,26.077611923217773,0.1744755059480667
gemma_270m_base,birth_place:7,birth_place,declarative,8,5692.49853515625,20.542741775512695,0.17491111159324646
gemma_270m_base,birth_place:7,birth_place,declarative,9,6375.4619140625,19.72888946533203,0.15505072474479675
gemma_270m_base,birth_place:7,birth_place,declarative,10,9711.16796875,33.43637466430664,0.19154605269432068
gemma_270m_base,birth_place:7,birth_place,declarative,11,10381.45703125,4.902717590332031,0.2055310606956482
gemma_270m_base,birth_place:7,birth_place,declarative,12,11645.1279296875,24.969018936157227,0.16208383440971375
gemma_270m_base,birth_place:7,birth_place,declarative,13,15963.625,28.72658348083496,0.1325111836194992
gemma_270m_base,birth_place:7,birth_place,declarative,14,20359.826171875,54.483421325683594,0.13666486740112305
gemma_270m_base,birth_place:7,birth_place,declarative,15,23174.96875,37.0008430480957,0.1109151765704155
gemma_270m_base,birth_place:7,birth_place,declarative,16,30579.751953125,36.331626892089844,0.09423333406448364
gemma_270m_base,birth_place:7,birth_place,declarative,17,109.6484603881836,12.461586952209473,0.11954173445701599
gemma_270m_base,birth_place:7,birth_place,qa,0,109.18733978271484,150.7419891357422,0.2362218201160431
gemma_270m_base,birth_place:7,birth_place,qa,1,812.0513916015625,150.90255737304688,0.2352934330701828
gemma_270m_base,birth_place:7,birth_place,qa,2,1017.8023071289062,22.69383430480957,0.19263777136802673
gemma_270m_base,birth_place:7,birth_place,qa,3,2240.657958984375,14.392922401428223,0.23228272795677185
gemma_270m_base,birth_place:7,birth_place,qa,4,1734.3187255859375,12.030362129211426,0.1926443725824356
gemma_270m_base,birth_place:7,birth_place,qa,5,3276.240234375,16.900146484375,0.14789938926696777
gemma_270m_base,birth_place:7,birth_place,qa,6,3281.979248046875,7.982715606689453,0.14964233338832855
gemma_270m_base,birth_place:7,birth_place,qa,7,5287.8359375,18.21377182006836,0.169035404920578
gemma_270m_base,birth_place:7,birth_place,qa,8,5268.1416015625,19.40825653076172,0.20080740749835968
gemma_270m_base,birth_place:7,birth_place,qa,9,6040.001953125,18.735488891601562,0.1571892648935318
gemma_270m_base,birth_place:7,birth_place,qa,10,9850.7998046875,38.103759765625,0.21711795032024384
gemma_270m_base,birth_place:7,birth_place,qa,11,10174.3193359375,4.996700286865234,0.21707141399383545
gemma_270m_base,birth_place:7,birth_place,qa,12,13422.998046875,24.669897079467773,0.17483249306678772
gemma_270m_base,birth_place:7,birth_place,qa,13,17542.439453125,29.40738296508789,0.1297837644815445
gemma_270m_base,birth_place:7,birth_place,qa,14,21478.1953125,47.6656494140625,0.13181766867637634
gemma_270m_base,birth_place:7,birth_place,qa,15,23862.77734375,32.97190475463867,0.11039888858795166
gemma_270m_base,birth_place:7,birth_place,qa,16,33433.36328125,38.86572265625,0.09329929202795029
gemma_270m_base,birth_place:7,birth_place,qa,17,101.59597778320312,10.308932304382324,0.11886559426784515
gemma_270m_base,birth_place:7,birth_place,chat_template,0,111.78453063964844,171.9285888671875,0.23002372682094574
gemma_270m_base,birth_place:7,birth_place,chat_template,1,796.69189453125,107.86002349853516,0.20833894610404968
gemma_270m_base,birth_place:7,birth_place,chat_template,2,1080.6922607421875,19.656911849975586,0.17457175254821777
gemma_270m_base,birth_place:7,birth_place,chat_template,3,1878.515869140625,14.935877799987793,0.23603028059005737
gemma_270m_base,birth_place:7,birth_place,chat_template,4,2423.944580078125,9.879992485046387,0.1955004334449768
gemma_270m_base,birth_place:7,birth_place,chat_template,5,3377.447021484375,17.70675277709961,0.1520664542913437
gemma_270m_base,birth_place:7,birth_place,chat_template,6,3613.805419921875,6.4500041007995605,0.15801367163658142
gemma_270m_base,birth_place:7,birth_place,chat_template,7,5033.24267578125,16.957006454467773,0.1679181009531021
gemma_270m_base,birth_place:7,birth_place,chat_template,8,5205.16064453125,19.820222854614258,0.21183133125305176
gemma_270m_base,birth_place:7,birth_place,chat_template,9,6060.91455078125,12.842009544372559,0.15122877061367035
gemma_270m_base,birth_place:7,birth_place,chat_template,10,10608.1435546875,28.08489990234375,0.2074769139289856
gemma_270m_base,birth_place:7,birth_place,chat_template,11,10897.0537109375,4.01323938369751,0.21616590023040771
gemma_270m_base,birth_place:7,birth_place,chat_template,12,14896.919921875,20.520244598388672,0.16154922544956207
gemma_270m_base,birth_place:7,birth_place,chat_template,13,18719.189453125,33.69652557373047,0.12690584361553192
gemma_270m_base,birth_place:7,birth_place,chat_template,14,21419.451171875,44.14069366455078,0.13592776656150818
gemma_270m_base,birth_place:7,birth_place,chat_template,15,24426.15234375,29.822309494018555,0.11118358373641968
gemma_270m_base,birth_place:7,birth_place,chat_template,16,34086.62109375,42.6992301940918,0.0953194797039032
gemma_270m_base,birth_place:7,birth_place,chat_template,17,96.42083740234375,11.37231731414795,0.1290428191423416
gemma_270m_base,birth_place:8,birth_place,raw_question,0,147.3600616455078,200.38803100585938,0.22490273416042328
gemma_270m_base,birth_place:8,birth_place,raw_question,1,1018.5986328125,89.21568298339844,0.18651200830936432
gemma_270m_base,birth_place:8,birth_place,raw_question,2,1231.8067626953125,17.570079803466797,0.16806520521640778
gemma_270m_base,birth_place:8,birth_place,raw_question,3,1842.8358154296875,13.418492317199707,0.22488929331302643
gemma_270m_base,birth_place:8,birth_place,raw_question,4,2198.926513671875,10.13983154296875,0.18904908001422882
gemma_270m_base,birth_place:8,birth_place,raw_question,5,2910.95361328125,18.788724899291992,0.14799615740776062
gemma_270m_base,birth_place:8,birth_place,raw_question,6,3559.712890625,8.060480117797852,0.16315805912017822
gemma_270m_base,birth_place:8,birth_place,raw_question,7,5303.49853515625,18.210468292236328,0.17699548602104187
gemma_270m_base,birth_place:8,birth_place,raw_question,8,5595.63525390625,19.358304977416992,0.1914905607700348
gemma_270m_base,birth_place:8,birth_place,raw_question,9,6188.982421875,14.245323181152344,0.1533503532409668
gemma_270m_base,birth_place:8,birth_place,raw_question,10,11160.734375,31.19507598876953,0.21927078068256378
gemma_270m_base,birth_place:8,birth_place,raw_question,11,11524.33984375,4.473833084106445,0.20661213994026184
gemma_270m_base,birth_place:8,birth_place,raw_question,12,15125.796875,21.233684539794922,0.1596425622701645
gemma_270m_base,birth_place:8,birth_place,raw_question,13,19038.677734375,32.004798889160156,0.11957365274429321
gemma_270m_base,birth_place:8,birth_place,raw_question,14,20842.048828125,49.07368087768555,0.13021431863307953
gemma_270m_base,birth_place:8,birth_place,raw_question,15,23392.3359375,31.163497924804688,0.1200159341096878
gemma_270m_base,birth_place:8,birth_place,raw_question,16,32010.849609375,43.95814895629883,0.10833241045475006
gemma_270m_base,birth_place:8,birth_place,raw_question,17,95.50431060791016,13.862553596496582,0.13992860913276672
gemma_270m_base,birth_place:8,birth_place,declarative,0,183.5105743408203,276.00537109375,0.18631675839424133
gemma_270m_base,birth_place:8,birth_place,declarative,1,1013.656494140625,105.7020034790039,0.19882145524024963
gemma_270m_base,birth_place:8,birth_place,declarative,2,1302.33544921875,19.362525939941406,0.17285537719726562
gemma_270m_base,birth_place:8,birth_place,declarative,3,1970.5126953125,15.84923267364502,0.24598902463912964
gemma_270m_base,birth_place:8,birth_place,declarative,4,2803.3720703125,12.4326171875,0.18713009357452393
gemma_270m_base,birth_place:8,birth_place,declarative,5,3667.68798828125,17.77140235900879,0.15872472524642944
gemma_270m_base,birth_place:8,birth_place,declarative,6,4314.15234375,10.201635360717773,0.1710713505744934
gemma_270m_base,birth_place:8,birth_place,declarative,7,5768.81103515625,25.223756790161133,0.1747439205646515
gemma_270m_base,birth_place:8,birth_place,declarative,8,5780.58544921875,20.262828826904297,0.1764620542526245
gemma_270m_base,birth_place:8,birth_place,declarative,9,6463.4208984375,19.433063507080078,0.15277957916259766
gemma_270m_base,birth_place:8,birth_place,declarative,10,9833.7958984375,33.43928527832031,0.19207343459129333
gemma_270m_base,birth_place:8,birth_place,declarative,11,10457.7880859375,5.017367362976074,0.20389679074287415
gemma_270m_base,birth_place:8,birth_place,declarative,12,12059.0126953125,25.438650131225586,0.15625974535942078
gemma_270m_base,birth_place:8,birth_place,declarative,13,16377.853515625,29.36414337158203,0.1286085844039917
gemma_270m_base,birth_place:8,birth_place,declarative,14,20974.970703125,55.3153190612793,0.131003737449646
gemma_270m_base,birth_place:8,birth_place,declarative,15,24114.5625,36.396812438964844,0.1085747629404068
gemma_270m_base,birth_place:8,birth_place,declarative,16,31631.13671875,37.349727630615234,0.09625568240880966
gemma_270m_base,birth_place:8,birth_place,declarative,17,114.64945220947266,11.280436515808105,0.11955723911523819
gemma_270m_base,birth_place:8,birth_place,qa,0,109.2608642578125,150.48611450195312,0.2356158345937729
gemma_270m_base,birth_place:8,birth_place,qa,1,812.3265991210938,148.98338317871094,0.23621980845928192
gemma_270m_base,birth_place:8,birth_place,qa,2,1025.8419189453125,23.012752532958984,0.1929006725549698
gemma_270m_base,birth_place:8,birth_place,qa,3,2236.71533203125,14.356542587280273,0.23071101307868958
gemma_270m_base,birth_place:8,birth_place,qa,4,1733.032470703125,12.344473838806152,0.19210833311080933
gemma_270m_base,birth_place:8,birth_place,qa,5,3343.365966796875,16.86513900756836,0.14898544549942017
gemma_270m_base,birth_place:8,birth_place,qa,6,3441.602294921875,8.230891227722168,0.14823585748672485
gemma_270m_base,birth_place:8,birth_place,qa,7,5297.57275390625,17.815128326416016,0.16383078694343567
gemma_270m_base,birth_place:8,birth_place,qa,8,5252.20068359375,19.388154983520508,0.19866672158241272
gemma_270m_base,birth_place:8,birth_place,qa,9,6098.74755859375,17.953493118286133,0.15708649158477783
gemma_270m_base,birth_place:8,birth_place,qa,10,9962.892578125,36.044227600097656,0.21488544344902039
gemma_270m_base,birth_place:8,birth_place,qa,11,10251.1181640625,4.916780471801758,0.21912521123886108
gemma_270m_base,birth_place:8,birth_place,qa,12,14055.580078125,27.064071655273438,0.16738261282444
gemma_270m_base,birth_place:8,birth_place,qa,13,17926.203125,30.989267349243164,0.1291537880897522
gemma_270m_base,birth_place:8,birth_place,qa,14,21606.1953125,44.77493667602539,0.13201779127120972
gemma_270m_base,birth_place:8,birth_place,qa,15,24137.828125,30.737709045410156,0.10963243246078491
gemma_270m_base,birth_place:8,birth_place,qa,16,33768.03125,39.84577941894531,0.0953344851732254
gemma_270m_base,birth_place:8,birth_place,qa,17,102.0672378540039,10.897737503051758,0.12155401706695557
gemma_270m_base,birth_place:8,birth_place,chat_template,0,111.39022064208984,172.0340576171875,0.23043939471244812
gemma_270m_base,birth_place:8,birth_place,chat_template,1,797.7867431640625,105.9490966796875,0.20904994010925293
gemma_270m_base,birth_place:8,birth_place,chat_template,2,1088.576904296875,19.830263137817383,0.17506051063537598
gemma_270m_base,birth_place:8,birth_place,chat_template,3,1856.5107421875,15.234804153442383,0.23484890162944794
gemma_270m_base,birth_place:8,birth_place,chat_template,4,2396.6767578125,10.016620635986328,0.19457679986953735
gemma_270m_base,birth_place:8,birth_place,chat_template,5,3412.9287109375,17.418964385986328,0.153542160987854
gemma_270m_base,birth_place:8,birth_place,chat_template,6,3626.873291015625,6.455056667327881,0.1576056182384491
gemma_270m_base,birth_place:8,birth_place,chat_template,7,5119.09716796875,16.984539031982422,0.16771334409713745
gemma_270m_base,birth_place:8,birth_place,chat_template,8,5320.42529296875,19.529041290283203,0.21351753175258636
gemma_270m_base,birth_place:8,birth_place,chat_template,9,6244.0703125,12.119452476501465,0.15234601497650146
gemma_270m_base,birth_place:8,birth_place,chat_template,10,10798.07421875,28.00020980834961,0.2077338695526123
gemma_270m_base,birth_place:8,birth_place,chat_template,11,11189.8330078125,4.086643218994141,0.2169101983308792
gemma_270m_base,birth_place:8,birth_place,chat_template,12,14920.5322265625,20.552337646484375,0.1606229990720749
gemma_270m_base,birth_place:8,birth_place,chat_template,13,18989.517578125,33.233638763427734,0.12624701857566833
gemma_270m_base,birth_place:8,birth_place,chat_template,14,21554.388671875,43.75166320800781,0.13516876101493835
gemma_270m_base,birth_place:8,birth_place,chat_template,15,24878.3125,29.800378799438477,0.11044906079769135
gemma_270m_base,birth_place:8,birth_place,chat_template,16,34514.37109375,44.26026916503906,0.09594962745904922
gemma_270m_base,birth_place:8,birth_place,chat_template,17,99.90811920166016,14.14443302154541,0.13056620955467224
gemma_270m_base,birth_place:9,birth_place,raw_question,0,145.44105529785156,210.65817260742188,0.22232119739055634
gemma_270m_base,birth_place:9,birth_place,raw_question,1,1025.8485107421875,90.02838134765625,0.1885228008031845
gemma_270m_base,birth_place:9,birth_place,raw_question,2,1231.785400390625,17.10292625427246,0.1657850444316864
gemma_270m_base,birth_place:9,birth_place,raw_question,3,1852.21044921875,13.52625560760498,0.22328899800777435
gemma_270m_base,birth_place:9,birth_place,raw_question,4,2159.872802734375,10.018013954162598,0.19098618626594543
gemma_270m_base,birth_place:9,birth_place,raw_question,5,2824.1181640625,18.872350692749023,0.14719080924987793
gemma_270m_base,birth_place:9,birth_place,raw_question,6,3523.891845703125,8.234314918518066,0.16412760317325592
gemma_270m_base,birth_place:9,birth_place,raw_question,7,5156.37109375,18.575302124023438,0.1784372627735138
gemma_270m_base,birth_place:9,birth_place,raw_question,8,5655.83984375,19.69855308532715,0.19236452877521515
gemma_270m_base,birth_place:9,birth_place,raw_question,9,6194.03125,14.717751502990723,0.15544140338897705
gemma_270m_base,birth_place:9,birth_place,raw_question,10,11364.890625,30.406564712524414,0.21749205887317657
gemma_270m_base,birth_place:9,birth_place,raw_question,11,11666.8154296875,4.208771228790283,0.20521003007888794
gemma_270m_base,birth_place:9,birth_place,raw_question,12,16072.357421875,24.114248275756836,0.15100668370723724
gemma_270m_base,birth_place:9,birth_place,raw_question,13,19360.7890625,34.919063568115234,0.1198963075876236
gemma_270m_base,birth_place:9,birth_place,raw_question,14,21855.154296875,49.362709045410156,0.12723228335380554
gemma_270m_base,birth_place:9,birth_place,raw_question,15,24004.841796875,31.64614486694336,0.1142616719007492
gemma_270m_base,birth_place:9,birth_place,raw_question,16,32916.2890625,42.771297454833984,0.10316373407840729
gemma_270m_base,birth_place:9,birth_place,raw_question,17,88.36878204345703,13.0419921875,0.1293598711490631
gemma_270m_base,birth_place:9,birth_place,declarative,0,183.6358184814453,284.0326843261719,0.186688631772995
gemma_270m_base,birth_place:9,birth_place,declarative,1,1013.8424072265625,104.59852600097656,0.20015692710876465
gemma_270m_base,birth_place:9,birth_place,declarative,2,1294.283447265625,19.15494155883789,0.17125388979911804
gemma_270m_base,birth_place:9,birth_place,declarative,3,1940.5147705078125,16.174264907836914,0.2406415343284607
gemma_270m_base,birth_place:9,birth_place,declarative,4,2757.15234375,12.280756950378418,0.18730765581130981
gemma_270m_base,birth_place:9,birth_place,declarative,5,3574.923583984375,17.766586303710938,0.15864978730678558
gemma_270m_base,birth_place:9,birth_place,declarative,6,4148.64013671875,10.568208694458008,0.17189458012580872
gemma_270m_base,birth_place:9,birth_place,declarative,7,5675.173828125,25.741594314575195,0.18083655834197998
gemma_270m_base,birth_place:9,birth_place,declarative,8,5839.06689453125,21.72667121887207,0.1761641949415207
gemma_270m_base,birth_place:9,birth_place,declarative,9,6559.85986328125,20.0145320892334,0.15454471111297607
gemma_270m_base,birth_place:9,birth_place,declarative,10,9840.28515625,32.502140045166016,0.1943000704050064
gemma_270m_base,birth_place:9,birth_place,declarative,11,10344.52734375,5.224359512329102,0.2054828554391861
gemma_270m_base,birth_place:9,birth_place,declarative,12,12132.8876953125,28.694293975830078,0.15613557398319244
gemma_270m_base,birth_place:9,birth_place,declarative,13,15516.4384765625,30.55463409423828,0.1334695965051651
gemma_270m_base,birth_place:9,birth_place,declarative,14,20189.166015625,56.071144104003906,0.13509425520896912
gemma_270m_base,birth_place:9,birth_place,declarative,15,22899.48046875,39.0487060546875,0.11037744581699371
gemma_270m_base,birth_place:9,birth_place,declarative,16,29925.25390625,37.7596321105957,0.0973113477230072
gemma_270m_base,birth_place:9,birth_place,declarative,17,126.139404296875,11.392407417297363,0.11763803660869598
gemma_270m_base,birth_place:9,birth_place,qa,0,108.07878112792969,150.52027893066406,0.2368984967470169
gemma_270m_base,birth_place:9,birth_place,qa,1,808.6931762695312,154.20001220703125,0.2346896529197693
gemma_270m_base,birth_place:9,birth_place,qa,2,1018.16015625,22.803945541381836,0.19113892316818237
gemma_270m_base,birth_place:9,birth_place,qa,3,2221.92822265625,14.422399520874023,0.22970759868621826
gemma_270m_base,birth_place:9,birth_place,qa,4,1714.841064453125,12.30101203918457,0.19295741617679596
gemma_270m_base,birth_place:9,birth_place,qa,5,3287.904052734375,16.92135238647461,0.14955708384513855
gemma_270m_base,birth_place:9,birth_place,qa,6,3364.9248046875,8.147224426269531,0.146932452917099
gemma_270m_base,birth_place:9,birth_place,qa,7,5309.56005859375,17.610612869262695,0.16650964319705963
gemma_270m_base,birth_place:9,birth_place,qa,8,5403.15625,20.166399002075195,0.20047184824943542
gemma_270m_base,birth_place:9,birth_place,qa,9,6183.537109375,18.433996200561523,0.15559011697769165
gemma_270m_base,birth_place:9,birth_place,qa,10,10095.90625,34.83628845214844,0.21069017052650452
gemma_270m_base,birth_place:9,birth_place,qa,11,10340.3095703125,5.008341312408447,0.2153400182723999
gemma_270m_base,birth_place:9,birth_place,qa,12,14683.4296875,29.4837703704834,0.1604175865650177
gemma_270m_base,birth_place:9,birth_place,qa,13,18143.96484375,30.55604362487793,0.12837058305740356
gemma_270m_base,birth_place:9,birth_place,qa,14,22513.14453125,45.34825134277344,0.13050417602062225
gemma_270m_base,birth_place:9,birth_place,qa,15,25141.29296875,31.48794937133789,0.10545337200164795
gemma_270m_base,birth_place:9,birth_place,qa,16,34832.21484375,38.964263916015625,0.09073399007320404
gemma_270m_base,birth_place:9,birth_place,qa,17,97.04296112060547,12.234689712524414,0.11421199142932892
gemma_270m_base,birth_place:9,birth_place,chat_template,0,111.38063049316406,172.92735290527344,0.22950130701065063
gemma_270m_base,birth_place:9,birth_place,chat_template,1,794.3046875,107.24552154541016,0.2121458500623703
gemma_270m_base,birth_place:9,birth_place,chat_template,2,1081.95849609375,20.01744842529297,0.17422552406787872
gemma_270m_base,birth_place:9,birth_place,chat_template,3,1833.9708251953125,15.223494529724121,0.2357502281665802
gemma_270m_base,birth_place:9,birth_place,chat_template,4,2516.766845703125,9.968589782714844,0.19667592644691467
gemma_270m_base,birth_place:9,birth_place,chat_template,5,3437.194091796875,17.370742797851562,0.15215088427066803
gemma_270m_base,birth_place:9,birth_place,chat_template,6,3601.24267578125,6.2681779861450195,0.1576177328824997
gemma_270m_base,birth_place:9,birth_place,chat_template,7,5061.998046875,16.976640701293945,0.16842466592788696
gemma_270m_base,birth_place:9,birth_place,chat_template,8,5364.95654296875,19.621028900146484,0.2148284912109375
gemma_270m_base,birth_place:9,birth_place,chat_template,9,6303.78125,12.14003849029541,0.15088790655136108
gemma_270m_base,birth_place:9,birth_place,chat_template,10,10801.4599609375,28.421274185180664,0.20873162150382996
gemma_270m_base,birth_place:9,birth_place,chat_template,11,11089.482421875,4.110100746154785,0.2157735526561737
gemma_270m_base,birth_place:9,birth_place,chat_template,12,15474.4091796875,22.794008255004883,0.15722620487213135
gemma_270m_base,birth_place:9,birth_place,chat_template,13,18984.923828125,31.443735122680664,0.12695401906967163
gemma_270m_base,birth_place:9,birth_place,chat_template,14,22164.822265625,43.70369338989258,0.1339046061038971
gemma_270m_base,birth_place:9,birth_place,chat_template,15,25428.244140625,31.038095474243164,0.10513482242822647
gemma_270m_base,birth_place:9,birth_place,chat_template,16,34875.015625,42.16390609741211,0.09246894717216492
gemma_270m_base,birth_place:9,birth_place,chat_template,17,94.9098892211914,13.38161849975586,0.12198516726493835
gemma_270m_base,birth_place:10,birth_place,raw_question,0,149.284423828125,196.5482940673828,0.22434547543525696
gemma_270m_base,birth_place:10,birth_place,raw_question,1,1014.8646850585938,89.055908203125,0.1861773282289505
gemma_270m_base,birth_place:10,birth_place,raw_question,2,1231.7861328125,17.75694465637207,0.1683748960494995
gemma_270m_base,birth_place:10,birth_place,raw_question,3,1849.4295654296875,13.483831405639648,0.22193771600723267
gemma_270m_base,birth_place:10,birth_place,raw_question,4,2198.857421875,9.76140022277832,0.18782436847686768
gemma_270m_base,birth_place:10,birth_place,raw_question,5,2916.006103515625,19.11240577697754,0.14924867451190948
gemma_270m_base,birth_place:10,birth_place,raw_question,6,3672.61572265625,8.29415225982666,0.16590848565101624
gemma_270m_base,birth_place:10,birth_place,raw_question,7,5380.341796875,17.606903076171875,0.1773151457309723
gemma_270m_base,birth_place:10,birth_place,raw_question,8,5745.23681640625,19.90332794189453,0.1915421187877655
gemma_270m_base,birth_place:10,birth_place,raw_question,9,6165.63330078125,14.181562423706055,0.15434014797210693
gemma_270m_base,birth_place:10,birth_place,raw_question,10,11241.71875,31.35433006286621,0.21731755137443542
gemma_270m_base,birth_place:10,birth_place,raw_question,11,11182.1328125,4.230024814605713,0.20010000467300415
gemma_270m_base,birth_place:10,birth_place,raw_question,12,15106.0595703125,23.31716537475586,0.15694893896579742
gemma_270m_base,birth_place:10,birth_place,raw_question,13,18659.966796875,32.781009674072266,0.11812368780374527
gemma_270m_base,birth_place:10,birth_place,raw_question,14,20837.658203125,49.231964111328125,0.12525682151317596
gemma_270m_base,birth_place:10,birth_place,raw_question,15,23238.431640625,33.264225006103516,0.11078375577926636
gemma_270m_base,birth_place:10,birth_place,raw_question,16,31853.015625,44.282283782958984,0.09972237050533295
gemma_270m_base,birth_place:10,birth_place,raw_question,17,90.68151092529297,12.446900367736816,0.1293892115354538
gemma_270m_base,birth_place:10,birth_place,declarative,0,186.86825561523438,268.0338134765625,0.18762357532978058
gemma_270m_base,birth_place:10,birth_place,declarative,1,1017.39111328125,107.87821197509766,0.20012938976287842
gemma_270m_base,birth_place:10,birth_place,declarative,2,1294.0721435546875,19.743297576904297,0.17524677515029907
gemma_270m_base,birth_place:10,birth_place,declarative,3,1964.1361083984375,15.480744361877441,0.24401816725730896
gemma_270m_base,birth_place:10,birth_place,declarative,4,2792.125732421875,12.1650972366333,0.18775030970573425
gemma_270m_base,birth_place:10,birth_place,declarative,5,3697.116943359375,17.882802963256836,0.1579466462135315
gemma_270m_base,birth_place:10,birth_place,declarative,6,4165.77587890625,10.241739273071289,0.17134323716163635
gemma_270m_base,birth_place:10,birth_place,declarative,7,5760.75927734375,24.378522872924805,0.17584297060966492
gemma_270m_base,birth_place:10,birth_place,declarative,8,5828.388671875,21.430509567260742,0.17406857013702393
gemma_270m_base,birth_place:10,birth_place,declarative,9,6527.62353515625,18.81519889831543,0.1591448187828064
gemma_270m_base,birth_place:10,birth_place,declarative,10,9694.873046875,32.70497131347656,0.19958165287971497
gemma_270m_base,birth_place:10,birth_place,declarative,11,10371.0078125,4.908508777618408,0.2117980718612671
gemma_270m_base,birth_place:10,birth_place,declarative,12,13312.7041015625,32.05042266845703,0.1596449911594391
gemma_270m_base,birth_place:10,birth_place,declarative,13,16789.5625,29.285140991210938,0.13077104091644287
gemma_270m_base,birth_place:10,birth_place,declarative,14,21492.228515625,54.85079574584961,0.13333535194396973
gemma_270m_base,birth_place:10,birth_place,declarative,15,24500.998046875,37.84578323364258,0.10674165189266205
gemma_270m_base,birth_place:10,birth_place,declarative,16,31580.998046875,34.51704025268555,0.09620413184165955
gemma_270m_base,birth_place:10,birth_place,declarative,17,137.31008911132812,11.116320610046387,0.11793599277734756
gemma_270m_base,birth_place:10,birth_place,qa,0,109.98600769042969,151.6175537109375,0.2365940511226654
gemma_270m_base,birth_place:10,birth_place,qa,1,818.8541259765625,153.94935607910156,0.23567968606948853
gemma_270m_base,birth_place:10,birth_place,qa,2,1014.4108276367188,22.618412017822266,0.19146671891212463
gemma_270m_base,birth_place:10,birth_place,qa,3,2271.502685546875,14.392388343811035,0.23017610609531403
gemma_270m_base,birth_place:10,birth_place,qa,4,1720.6839599609375,12.282743453979492,0.19188113510608673
gemma_270m_base,birth_place:10,birth_place,qa,5,3296.732666015625,16.922531127929688,0.14933337271213531
gemma_270m_base,birth_place:10,birth_place,qa,6,3466.328857421875,8.381660461425781,0.14890030026435852
gemma_270m_base,birth_place:10,birth_place,qa,7,5304.8173828125,17.568378448486328,0.16930893063545227
gemma_270m_base,birth_place:10,birth_place,qa,8,5309.95703125,19.744531631469727,0.20034201443195343
gemma_270m_base,birth_place:10,birth_place,qa,9,6179.3359375,18.547931671142578,0.15937556326389313
gemma_270m_base,birth_place:10,birth_place,qa,10,9864.9267578125,35.77947235107422,0.21115942299365997
gemma_270m_base,birth_place:10,birth_place,qa,11,10141.6240234375,4.728248119354248,0.22191567718982697
gemma_270m_base,birth_place:10,birth_place,qa,12,14521.59375,30.557092666625977,0.1712665855884552
gemma_270m_base,birth_place:10,birth_place,qa,13,18127.654296875,28.776288986206055,0.1316627562046051
gemma_270m_base,birth_place:10,birth_place,qa,14,22453.0,46.48068618774414,0.13214382529258728
gemma_270m_base,birth_place:10,birth_place,qa,15,25398.94140625,31.953664779663086,0.10831158608198166
gemma_270m_base,birth_place:10,birth_place,qa,16,35458.64453125,37.02120590209961,0.09327489137649536
gemma_270m_base,birth_place:10,birth_place,qa,17,104.5296401977539,10.216856002807617,0.11442941427230835
gemma_270m_base,birth_place:10,birth_place,chat_template,0,112.125,172.99856567382812,0.22984498739242554
gemma_270m_base,birth_place:10,birth_place,chat_template,1,801.095703125,108.64913940429688,0.20886272192001343
gemma_270m_base,birth_place:10,birth_place,chat_template,2,1088.81103515625,19.921876907348633,0.1736673265695572
gemma_270m_base,birth_place:10,birth_place,chat_template,3,1864.9075927734375,14.978351593017578,0.2363651692867279
gemma_270m_base,birth_place:10,birth_place,chat_template,4,2409.56884765625,9.849442481994629,0.19401678442955017
gemma_270m_base,birth_place:10,birth_place,chat_template,5,3426.93310546875,17.436370849609375,0.1527419239282608
gemma_270m_base,birth_place:10,birth_place,chat_template,6,3660.45751953125,6.513908863067627,0.1577233523130417
gemma_270m_base,birth_place:10,birth_place,chat_template,7,5086.8662109375,16.746912002563477,0.16766980290412903
gemma_270m_base,birth_place:10,birth_place,chat_template,8,5232.73046875,19.403310775756836,0.20915763080120087
gemma_270m_base,birth_place:10,birth_place,chat_template,9,6111.7890625,12.532105445861816,0.15072140097618103
gemma_270m_base,birth_place:10,birth_place,chat_template,10,10730.384765625,27.942153930664062,0.21027085185050964
gemma_270m_base,birth_place:10,birth_place,chat_template,11,10877.85546875,3.9487099647521973,0.21494518220424652
gemma_270m_base,birth_place:10,birth_place,chat_template,12,14998.205078125,22.97505760192871,0.16347907483577728
gemma_270m_base,birth_place:10,birth_place,chat_template,13,18699.5078125,33.80606460571289,0.12723809480667114
gemma_270m_base,birth_place:10,birth_place,chat_template,14,22025.693359375,42.428043365478516,0.13510450720787048
gemma_270m_base,birth_place:10,birth_place,chat_template,15,25294.580078125,31.222734451293945,0.10703858733177185
gemma_270m_base,birth_place:10,birth_place,chat_template,16,35119.98046875,41.832977294921875,0.09222115576267242
gemma_270m_base,birth_place:10,birth_place,chat_template,17,96.77850341796875,12.857630729675293,0.12240156531333923
gemma_270m_base,birth_place:11,birth_place,raw_question,0,148.39344787597656,198.79531860351562,0.2245732545852661
gemma_270m_base,birth_place:11,birth_place,raw_question,1,1011.4168701171875,87.24889373779297,0.18857097625732422
gemma_270m_base,birth_place:11,birth_place,raw_question,2,1239.4241943359375,17.385910034179688,0.16853639483451843
gemma_270m_base,birth_place:11,birth_place,raw_question,3,1829.598388671875,13.452584266662598,0.22318409383296967
gemma_270m_base,birth_place:11,birth_place,raw_question,4,2137.1142578125,9.995773315429688,0.19057051837444305
gemma_270m_base,birth_place:11,birth_place,raw_question,5,2867.286376953125,19.072547912597656,0.1483519822359085
gemma_270m_base,birth_place:11,birth_place,raw_question,6,3475.128173828125,7.767376899719238,0.16494843363761902
gemma_270m_base,birth_place:11,birth_place,raw_question,7,5193.00048828125,18.081953048706055,0.17887917160987854
gemma_270m_base,birth_place:11,birth_place,raw_question,8,5542.85595703125,19.030529022216797,0.1931283175945282
gemma_270m_base,birth_place:11,birth_place,raw_question,9,6198.1357421875,13.99810791015625,0.156482994556427
gemma_270m_base,birth_place:11,birth_place,raw_question,10,11164.724609375,31.06993865966797,0.2181122601032257
gemma_270m_base,birth_place:11,birth_place,raw_question,11,11392.2392578125,4.3751606941223145,0.20213231444358826
gemma_270m_base,birth_place:11,birth_place,raw_question,12,14779.314453125,20.691776275634766,0.15690943598747253
gemma_270m_base,birth_place:11,birth_place,raw_question,13,18990.85546875,29.08247184753418,0.1190076619386673
gemma_270m_base,birth_place:11,birth_place,raw_question,14,20676.748046875,48.156681060791016,0.125924214720726
gemma_270m_base,birth_place:11,birth_place,raw_question,15,22922.40234375,31.7629337310791,0.1165313795208931
gemma_270m_base,birth_place:11,birth_place,raw_question,16,31505.5,43.34632110595703,0.10538692772388458
gemma_270m_base,birth_place:11,birth_place,raw_question,17,92.99451446533203,12.590022087097168,0.13525371253490448
gemma_270m_base,birth_place:11,birth_place,declarative,0,185.1808624267578,276.9310607910156,0.18489429354667664
gemma_270m_base,birth_place:11,birth_place,declarative,1,1015.9449462890625,104.74825286865234,0.20257122814655304
gemma_270m_base,birth_place:11,birth_place,declarative,2,1293.5435791015625,19.847122192382812,0.17525924742221832
gemma_270m_base,birth_place:11,birth_place,declarative,3,1970.8284912109375,15.998005867004395,0.24760949611663818
gemma_270m_base,birth_place:11,birth_place,declarative,4,2697.167724609375,12.379557609558105,0.18973305821418762
gemma_270m_base,birth_place:11,birth_place,declarative,5,3631.49658203125,17.78641128540039,0.15942996740341187
gemma_270m_base,birth_place:11,birth_place,declarative,6,4202.08935546875,10.333352088928223,0.17072486877441406
gemma_270m_base,birth_place:11,birth_place,declarative,7,5745.6435546875,24.73533058166504,0.1749950349330902
gemma_270m_base,birth_place:11,birth_place,declarative,8,5817.869140625,21.013900756835938,0.17655065655708313
gemma_270m_base,birth_place:11,birth_place,declarative,9,6506.6328125,19.767337799072266,0.1546020805835724
gemma_270m_base,birth_place:11,birth_place,declarative,10,9843.0654296875,33.56395721435547,0.19149598479270935
gemma_270m_base,birth_place:11,birth_place,declarative,11,10332.9619140625,5.051764488220215,0.20229443907737732
gemma_270m_base,birth_place:11,birth_place,declarative,12,12527.509765625,26.037137985229492,0.15568897128105164
gemma_270m_base,birth_place:11,birth_place,declarative,13,16321.8740234375,29.286087036132812,0.12902554869651794
gemma_270m_base,birth_place:11,birth_place,declarative,14,20330.7734375,55.85659408569336,0.1334872841835022
gemma_270m_base,birth_place:11,birth_place,declarative,15,22226.806640625,35.97795104980469,0.1133413165807724
gemma_270m_base,birth_place:11,birth_place,declarative,16,30440.849609375,35.021507263183594,0.09942372143268585
gemma_270m_base,birth_place:11,birth_place,declarative,17,115.17316436767578,11.61740493774414,0.11807917803525925
gemma_270m_base,birth_place:11,birth_place,qa,0,109.79013061523438,149.96531677246094,0.23761031031608582
gemma_270m_base,birth_place:11,birth_place,qa,1,815.5630493164062,150.41555786132812,0.2355796992778778
gemma_270m_base,birth_place:11,birth_place,qa,2,1018.0479125976562,22.66080093383789,0.19219841063022614
gemma_270m_base,birth_place:11,birth_place,qa,3,2256.265380859375,14.274933815002441,0.23151342570781708
gemma_270m_base,birth_place:11,birth_place,qa,4,1751.37548828125,12.125640869140625,0.19193178415298462
gemma_270m_base,birth_place:11,birth_place,qa,5,3345.429443359375,16.942399978637695,0.14830908179283142
gemma_270m_base,birth_place:11,birth_place,qa,6,3385.218505859375,8.178869247436523,0.14873811602592468
gemma_270m_base,birth_place:11,birth_place,qa,7,5337.904296875,17.539207458496094,0.16949769854545593
gemma_270m_base,birth_place:11,birth_place,qa,8,5277.47802734375,19.199270248413086,0.20074039697647095
gemma_270m_base,birth_place:11,birth_place,qa,9,6184.14208984375,18.475481033325195,0.1594727635383606
gemma_270m_base,birth_place:11,birth_place,qa,10,10032.7890625,35.94425964355469,0.2131006121635437
gemma_270m_base,birth_place:11,birth_place,qa,11,10312.7841796875,5.045126914978027,0.21637335419654846
gemma_270m_base,birth_place:11,birth_place,qa,12,13836.255859375,26.262434005737305,0.16959944367408752
gemma_270m_base,birth_place:11,birth_place,qa,13,17906.912109375,28.452611923217773,0.12883396446704865
gemma_270m_base,birth_place:11,birth_place,qa,14,21627.755859375,46.4149055480957,0.13116112351417542
gemma_270m_base,birth_place:11,birth_place,qa,15,23313.380859375,31.60921859741211,0.10689519345760345
gemma_270m_base,birth_place:11,birth_place,qa,16,32774.39453125,37.470306396484375,0.09387148171663284
gemma_270m_base,birth_place:11,birth_place,qa,17,104.36267852783203,10.212833404541016,0.11623360216617584
gemma_270m_base,birth_place:11,birth_place,chat_template,0,112.4238510131836,172.3426971435547,0.2297494113445282
gemma_270m_base,birth_place:11,birth_place,chat_template,1,797.7302856445312,107.177490234375,0.20771867036819458
gemma_270m_base,birth_place:11,birth_place,chat_template,2,1081.3624267578125,19.774600982666016,0.1752803921699524
gemma_270m_base,birth_place:11,birth_place,chat_template,3,1877.830078125,14.98766040802002,0.2363259196281433
gemma_270m_base,birth_place:11,birth_place,chat_template,4,2378.130126953125,10.004688262939453,0.19528254866600037
gemma_270m_base,birth_place:11,birth_place,chat_template,5,3394.68505859375,17.526588439941406,0.15295596420764923
gemma_270m_base,birth_place:11,birth_place,chat_template,6,3561.2119140625,6.424712657928467,0.15797826647758484
gemma_270m_base,birth_place:11,birth_place,chat_template,7,5118.50390625,17.05841064453125,0.1679934412240982
gemma_270m_base,birth_place:11,birth_place,chat_template,8,5267.23193359375,19.670013427734375,0.21289411187171936
gemma_270m_base,birth_place:11,birth_place,chat_template,9,6185.02490234375,12.115290641784668,0.15213435888290405
gemma_270m_base,birth_place:11,birth_place,chat_template,10,10735.0986328125,28.00228500366211,0.2097090482711792
gemma_270m_base,birth_place:11,birth_place,chat_template,11,11124.2197265625,4.000837326049805,0.21577173471450806
gemma_270m_base,birth_place:11,birth_place,chat_template,12,14953.6005859375,21.061092376708984,0.16146034002304077
gemma_270m_base,birth_place:11,birth_place,chat_template,13,19073.20703125,29.953166961669922,0.1260160654783249
gemma_270m_base,birth_place:11,birth_place,chat_template,14,21554.388671875,45.00505447387695,0.13528704643249512
gemma_270m_base,birth_place:11,birth_place,chat_template,15,24468.076171875,29.817716598510742,0.10904859751462936
gemma_270m_base,birth_place:11,birth_place,chat_template,16,34239.3203125,41.94292449951172,0.09650670737028122
gemma_270m_base,birth_place:11,birth_place,chat_template,17,98.50554656982422,12.056962966918945,0.12779302895069122
gemma_270m_base,birth_place:12,birth_place,raw_question,0,147.3130340576172,204.0662078857422,0.22530406713485718
gemma_270m_base,birth_place:12,birth_place,raw_question,1,1011.278076171875,95.92396545410156,0.18823638558387756
gemma_270m_base,birth_place:12,birth_place,raw_question,2,1239.258544921875,17.9122257232666,0.16872376203536987
gemma_270m_base,birth_place:12,birth_place,raw_question,3,1809.8125,13.629676818847656,0.2204250991344452
gemma_270m_base,birth_place:12,birth_place,raw_question,4,2164.50537109375,9.834735870361328,0.1881939023733139
gemma_270m_base,birth_place:12,birth_place,raw_question,5,2952.463134765625,19.133697509765625,0.149213045835495
gemma_270m_base,birth_place:12,birth_place,raw_question,6,3656.234619140625,8.029406547546387,0.16503888368606567
gemma_270m_base,birth_place:12,birth_place,raw_question,7,5274.35498046875,18.656543731689453,0.17878800630569458
gemma_270m_base,birth_place:12,birth_place,raw_question,8,5662.57958984375,19.615135192871094,0.19214800000190735
gemma_270m_base,birth_place:12,birth_place,raw_question,9,6163.78173828125,14.031922340393066,0.15318086743354797
gemma_270m_base,birth_place:12,birth_place,raw_question,10,11308.4306640625,31.83452606201172,0.21720832586288452
gemma_270m_base,birth_place:12,birth_place,raw_question,11,11276.3095703125,4.258991241455078,0.20503918826580048
gemma_270m_base,birth_place:12,birth_place,raw_question,12,15244.80078125,22.051021575927734,0.16851197183132172
gemma_270m_base,birth_place:12,birth_place,raw_question,13,19358.19140625,31.089799880981445,0.12272443622350693
gemma_270m_base,birth_place:12,birth_place,raw_question,14,21476.72265625,51.70120620727539,0.13025420904159546
gemma_270m_base,birth_place:12,birth_place,raw_question,15,24059.451171875,30.084110260009766,0.11889089643955231
gemma_270m_base,birth_place:12,birth_place,raw_question,16,33390.77734375,41.51443862915039,0.10574503242969513
gemma_270m_base,birth_place:12,birth_place,raw_question,17,95.45653533935547,12.883811950683594,0.1321694254875183
gemma_270m_base,birth_place:12,birth_place,declarative,0,180.1283416748047,274.2251892089844,0.18551380932331085
gemma_270m_base,birth_place:12,birth_place,declarative,1,1010.50634765625,107.9873046875,0.20258410274982452
gemma_270m_base,birth_place:12,birth_place,declarative,2,1295.044921875,19.664335250854492,0.17421908676624298
gemma_270m_base,birth_place:12,birth_place,declarative,3,1992.502685546875,15.857519149780273,0.24300652742385864
gemma_270m_base,birth_place:12,birth_place,declarative,4,2711.730224609375,12.384092330932617,0.1880166232585907
gemma_270m_base,birth_place:12,birth_place,declarative,5,3660.276611328125,17.543546676635742,0.16003696620464325
gemma_270m_base,birth_place:12,birth_place,declarative,6,4376.4091796875,10.46772575378418,0.1717004030942917
gemma_270m_base,birth_place:12,birth_place,declarative,7,5749.52783203125,26.101165771484375,0.17609702050685883
gemma_270m_base,birth_place:12,birth_place,declarative,8,5718.05712890625,20.610206604003906,0.1762630045413971
gemma_270m_base,birth_place:12,birth_place,declarative,9,6467.2880859375,19.480363845825195,0.15139660239219666
gemma_270m_base,birth_place:12,birth_place,declarative,10,10049.1630859375,34.21804428100586,0.1928197741508484
gemma_270m_base,birth_place:12,birth_place,declarative,11,10461.6611328125,4.953743934631348,0.20464012026786804
gemma_270m_base,birth_place:12,birth_place,declarative,12,11762.8916015625,27.32407569885254,0.159852996468544
gemma_270m_base,birth_place:12,birth_place,declarative,13,16321.4443359375,29.623498916625977,0.13264673948287964
gemma_270m_base,birth_place:12,birth_place,declarative,14,20436.19140625,55.96297836303711,0.1345934271812439
gemma_270m_base,birth_place:12,birth_place,declarative,15,23112.185546875,34.497467041015625,0.11157229542732239
gemma_270m_base,birth_place:12,birth_place,declarative,16,31617.25390625,35.700740814208984,0.10023553669452667
gemma_270m_base,birth_place:12,birth_place,declarative,17,112.87662506103516,12.168465614318848,0.11889582872390747
gemma_270m_base,birth_place:12,birth_place,qa,0,108.4745864868164,157.21466064453125,0.2351895421743393
gemma_270m_base,birth_place:12,birth_place,qa,1,801.5612182617188,153.1853790283203,0.22865836322307587
gemma_270m_base,birth_place:12,birth_place,qa,2,1013.8480834960938,22.44077491760254,0.19042350351810455
gemma_270m_base,birth_place:12,birth_place,qa,3,2212.649658203125,14.499151229858398,0.23096123337745667
gemma_270m_base,birth_place:12,birth_place,qa,4,1757.396728515625,12.272744178771973,0.19116848707199097
gemma_270m_base,birth_place:12,birth_place,qa,5,3370.060302734375,16.849403381347656,0.14926943182945251
gemma_270m_base,birth_place:12,birth_place,qa,6,3436.54443359375,8.412055969238281,0.15023376047611237
gemma_270m_base,birth_place:12,birth_place,qa,7,5438.33544921875,18.359167098999023,0.1687794327735901
gemma_270m_base,birth_place:12,birth_place,qa,8,5347.6171875,19.08551025390625,0.19831767678260803
gemma_270m_base,birth_place:12,birth_place,qa,9,6156.74462890625,17.942102432250977,0.15450385212898254
gemma_270m_base,birth_place:12,birth_place,qa,10,9922.4228515625,38.139286041259766,0.21206066012382507
gemma_270m_base,birth_place:12,birth_place,qa,11,10268.505859375,4.8205695152282715,0.22074979543685913
gemma_270m_base,birth_place:12,birth_place,qa,12,13882.4970703125,26.069856643676758,0.17405597865581512
gemma_270m_base,birth_place:12,birth_place,qa,13,18149.7265625,29.21795082092285,0.13231247663497925
gemma_270m_base,birth_place:12,birth_place,qa,14,22102.7109375,48.238372802734375,0.13235630095005035
gemma_270m_base,birth_place:12,birth_place,qa,15,24314.421875,31.079334259033203,0.11197426915168762
gemma_270m_base,birth_place:12,birth_place,qa,16,34706.40234375,37.101810455322266,0.09690520167350769
gemma_270m_base,birth_place:12,birth_place,qa,17,103.5689468383789,10.498428344726562,0.11871659755706787
gemma_270m_base,birth_place:12,birth_place,chat_template,0,111.57386779785156,175.76380920410156,0.2298966944217682
gemma_270m_base,birth_place:12,birth_place,chat_template,1,793.1837158203125,109.53277587890625,0.20567010343074799
gemma_270m_base,birth_place:12,birth_place,chat_template,2,1080.23193359375,19.673391342163086,0.17559030652046204
gemma_270m_base,birth_place:12,birth_place,chat_template,3,1856.80078125,15.093416213989258,0.23508530855178833
gemma_270m_base,birth_place:12,birth_place,chat_template,4,2350.162109375,10.010395050048828,0.19477888941764832
gemma_270m_base,birth_place:12,birth_place,chat_template,5,3484.285888671875,17.449541091918945,0.15339091420173645
gemma_270m_base,birth_place:12,birth_place,chat_template,6,3628.72509765625,6.448581695556641,0.15716850757598877
gemma_270m_base,birth_place:12,birth_place,chat_template,7,5057.30322265625,16.82370948791504,0.1677040159702301
gemma_270m_base,birth_place:12,birth_place,chat_template,8,5149.36474609375,18.859294891357422,0.21148665249347687
gemma_270m_base,birth_place:12,birth_place,chat_template,9,6089.85791015625,12.242267608642578,0.15168842673301697
gemma_270m_base,birth_place:12,birth_place,chat_template,10,10544.9580078125,28.249603271484375,0.20997267961502075
gemma_270m_base,birth_place:12,birth_place,chat_template,11,10844.4033203125,4.021967887878418,0.21979880332946777
gemma_270m_base,birth_place:12,birth_place,chat_template,12,14499.3193359375,20.379606246948242,0.1668182909488678
gemma_270m_base,birth_place:12,birth_place,chat_template,13,18850.93359375,30.816370010375977,0.12468113750219345
gemma_270m_base,birth_place:12,birth_place,chat_template,14,21432.060546875,44.86565399169922,0.13460321724414825
gemma_270m_base,birth_place:12,birth_place,chat_template,15,24638.0859375,29.131973266601562,0.11061166226863861
gemma_270m_base,birth_place:12,birth_place,chat_template,16,34681.25390625,42.8450927734375,0.09618578851222992
gemma_270m_base,birth_place:12,birth_place,chat_template,17,98.67317962646484,11.621906280517578,0.12741361558437347
gemma_270m_base,birth_place:13,birth_place,raw_question,0,146.8455047607422,206.59310913085938,0.22173385322093964
gemma_270m_base,birth_place:13,birth_place,raw_question,1,1015.0057373046875,86.49069213867188,0.18739816546440125
gemma_270m_base,birth_place:13,birth_place,raw_question,2,1231.8953857421875,17.449148178100586,0.16748324036598206
gemma_270m_base,birth_place:13,birth_place,raw_question,3,1822.848876953125,13.579964637756348,0.22367337346076965
gemma_270m_base,birth_place:13,birth_place,raw_question,4,2168.793212890625,9.873784065246582,0.19036269187927246
gemma_270m_base,birth_place:13,birth_place,raw_question,5,2906.81103515625,18.829885482788086,0.1490301787853241
gemma_270m_base,birth_place:13,birth_place,raw_question,6,3537.35498046875,8.026754379272461,0.16189739108085632
gemma_270m_base,birth_place:13,birth_place,raw_question,7,5181.2294921875,18.44987678527832,0.1767655909061432
gemma_270m_base,birth_place:13,birth_place,raw_question,8,5533.00927734375,19.26118278503418,0.19166222214698792
gemma_270m_base,birth_place:13,birth_place,raw_question,9,6130.220703125,14.444729804992676,0.1565183699131012
gemma_270m_base,birth_place:13,birth_place,raw_question,10,11357.63671875,30.560775756835938,0.22095203399658203
gemma_270m_base,birth_place:13,birth_place,raw_question,11,11718.98046875,4.344357013702393,0.20608451962471008
gemma_270m_base,birth_place:13,birth_place,raw_question,12,15546.318359375,22.59840202331543,0.15679429471492767
gemma_270m_base,birth_place:13,birth_place,raw_question,13,19161.4921875,32.35514831542969,0.12101032584905624
gemma_270m_base,birth_place:13,birth_place,raw_question,14,21546.140625,48.912506103515625,0.12963499128818512
gemma_270m_base,birth_place:13,birth_place,raw_question,15,23851.8359375,30.445629119873047,0.11656375229358673
gemma_270m_base,birth_place:13,birth_place,raw_question,16,33024.8125,42.22737121582031,0.10737765580415726
gemma_270m_base,birth_place:13,birth_place,raw_question,17,97.1013412475586,12.555536270141602,0.13426876068115234
gemma_270m_base,birth_place:13,birth_place,declarative,0,184.79275512695312,281.8616638183594,0.1871151477098465
gemma_270m_base,birth_place:13,birth_place,declarative,1,1014.1679077148438,107.44837951660156,0.1990891396999359
gemma_270m_base,birth_place:13,birth_place,declarative,2,1302.510986328125,19.945375442504883,0.1726003885269165
gemma_270m_base,birth_place:13,birth_place,declarative,3,1971.04833984375,16.037899017333984,0.2461804747581482
gemma_270m_base,birth_place:13,birth_place,declarative,4,2712.159912109375,12.628562927246094,0.18890632688999176
gemma_270m_base,birth_place:13,birth_place,declarative,5,3642.01953125,17.788347244262695,0.15991608798503876
gemma_270m_base,birth_place:13,birth_place,declarative,6,4211.353515625,10.178275108337402,0.17230401933193207
gemma_270m_base,birth_place:13,birth_place,declarative,7,5765.26513671875,26.015052795410156,0.17849010229110718
gemma_270m_base,birth_place:13,birth_place,declarative,8,5871.599609375,20.313541412353516,0.17480725049972534
gemma_270m_base,birth_place:13,birth_place,declarative,9,6557.94921875,20.395776748657227,0.15504616498947144
gemma_270m_base,birth_place:13,birth_place,declarative,10,9769.74609375,33.86880874633789,0.19223856925964355
gemma_270m_base,birth_place:13,birth_place,declarative,11,10373.447265625,5.295839786529541,0.2034059464931488
gemma_270m_base,birth_place:13,birth_place,declarative,12,12142.7275390625,26.079885482788086,0.15750998258590698
gemma_270m_base,birth_place:13,birth_place,declarative,13,16020.6806640625,28.7392635345459,0.13274246454238892
gemma_270m_base,birth_place:13,birth_place,declarative,14,21068.349609375,54.91727066040039,0.1359632909297943
gemma_270m_base,birth_place:13,birth_place,declarative,15,23230.404296875,40.153202056884766,0.1084282249212265
gemma_270m_base,birth_place:13,birth_place,declarative,16,31577.537109375,35.47914505004883,0.09648317098617554
gemma_270m_base,birth_place:13,birth_place,declarative,17,123.67800903320312,11.997868537902832,0.11324915289878845
gemma_270m_base,birth_place:13,birth_place,qa,0,108.77061462402344,150.6026153564453,0.2385912835597992
gemma_270m_base,birth_place:13,birth_place,qa,1,815.4856567382812,150.98353576660156,0.23683294653892517
gemma_270m_base,birth_place:13,birth_place,qa,2,1010.834716796875,22.957399368286133,0.19210737943649292
gemma_270m_base,birth_place:13,birth_place,qa,3,2257.03466796875,14.433372497558594,0.23098988831043243
gemma_270m_base,birth_place:13,birth_place,qa,4,1723.912841796875,12.299141883850098,0.19104662537574768
gemma_270m_base,birth_place:13,birth_place,qa,5,3282.6982421875,16.79875946044922,0.14877435564994812
gemma_270m_base,birth_place:13,birth_place,qa,6,3334.54345703125,8.121356964111328,0.1466752588748932
gemma_270m_base,birth_place:13,birth_place,qa,7,5243.04833984375,18.089515686035156,0.16490089893341064
gemma_270m_base,birth_place:13,birth_place,qa,8,5220.2734375,19.416105270385742,0.19888046383857727
gemma_270m_base,birth_place:13,birth_place,qa,9,6031.18212890625,18.201488494873047,0.15846434235572815
gemma_270m_base,birth_place:13,birth_place,qa,10,9969.4326171875,36.162330627441406,0.21525074541568756
gemma_270m_base,birth_place:13,birth_place,qa,11,10340.9658203125,5.195539951324463,0.21726056933403015
gemma_270m_base,birth_place:13,birth_place,qa,12,14127.3974609375,27.01229476928711,0.16782546043395996
gemma_270m_base,birth_place:13,birth_place,qa,13,17983.443359375,28.80351448059082,0.1302289366722107
gemma_270m_base,birth_place:13,birth_place,qa,14,21945.0625,46.17769241333008,0.13307632505893707
gemma_270m_base,birth_place:13,birth_place,qa,15,24126.666015625,31.534709930419922,0.10910728573799133
gemma_270m_base,birth_place:13,birth_place,qa,16,33859.18359375,37.76190948486328,0.09423062205314636
gemma_270m_base,birth_place:13,birth_place,qa,17,106.37442779541016,10.203299522399902,0.11822210252285004
gemma_270m_base,birth_place:13,birth_place,chat_template,0,111.7189712524414,172.56094360351562,0.2306900918483734
gemma_270m_base,birth_place:13,birth_place,chat_template,1,793.1754760742188,107.6559829711914,0.21098671853542328
gemma_270m_base,birth_place:13,birth_place,chat_template,2,1092.267578125,20.97064781188965,0.17632341384887695
gemma_270m_base,birth_place:13,birth_place,chat_template,3,1854.7730712890625,15.33454704284668,0.23779438436031342
gemma_270m_base,birth_place:13,birth_place,chat_template,4,2547.55859375,9.954804420471191,0.1953369677066803
gemma_270m_base,birth_place:13,birth_place,chat_template,5,3389.153564453125,17.31957244873047,0.15195050835609436
gemma_270m_base,birth_place:13,birth_place,chat_template,6,3552.87890625,6.340383052825928,0.15683278441429138
gemma_270m_base,birth_place:13,birth_place,chat_template,7,5142.94970703125,17.15151023864746,0.16738465428352356
gemma_270m_base,birth_place:13,birth_place,chat_template,8,5380.13525390625,19.918983459472656,0.2141956388950348
gemma_270m_base,birth_place:13,birth_place,chat_template,9,6240.34765625,12.05363655090332,0.15098702907562256
gemma_270m_base,birth_place:13,birth_place,chat_template,10,10615.501953125,29.165979385375977,0.21093431115150452
gemma_270m_base,birth_place:13,birth_place,chat_template,11,11040.720703125,4.208700656890869,0.21731942892074585
gemma_270m_base,birth_place:13,birth_place,chat_template,12,14956.62890625,21.750411987304688,0.16040875017642975
gemma_270m_base,birth_place:13,birth_place,chat_template,13,18906.908203125,31.64800453186035,0.1253434419631958
gemma_270m_base,birth_place:13,birth_place,chat_template,14,21834.951171875,44.19843673706055,0.13357621431350708
gemma_270m_base,birth_place:13,birth_place,chat_template,15,24866.041015625,30.68060302734375,0.10835440456867218
gemma_270m_base,birth_place:13,birth_place,chat_template,16,34803.36328125,41.50349044799805,0.09443287551403046
gemma_270m_base,birth_place:13,birth_place,chat_template,17,100.82077026367188,10.978131294250488,0.12317413091659546
gemma_270m_base,birth_place:14,birth_place,raw_question,0,144.52186584472656,210.15892028808594,0.22101184725761414
gemma_270m_base,birth_place:14,birth_place,raw_question,1,1011.3189697265625,88.40873718261719,0.18838061392307281
gemma_270m_base,birth_place:14,birth_place,raw_question,2,1239.310791015625,17.163183212280273,0.1679389774799347
gemma_270m_base,birth_place:14,birth_place,raw_question,3,1826.1099853515625,13.48781681060791,0.2230832576751709
gemma_270m_base,birth_place:14,birth_place,raw_question,4,2182.109130859375,9.934844970703125,0.18982718884944916
gemma_270m_base,birth_place:14,birth_place,raw_question,5,2925.833984375,18.795801162719727,0.14873354136943817
gemma_270m_base,birth_place:14,birth_place,raw_question,6,3550.845458984375,8.140646934509277,0.16443774104118347
gemma_270m_base,birth_place:14,birth_place,raw_question,7,5209.5703125,18.570528030395508,0.17920543253421783
gemma_270m_base,birth_place:14,birth_place,raw_question,8,5592.5751953125,19.464969635009766,0.19380804896354675
gemma_270m_base,birth_place:14,birth_place,raw_question,9,6098.6455078125,14.333024024963379,0.15732023119926453
gemma_270m_base,birth_place:14,birth_place,raw_question,10,11305.4677734375,31.196002960205078,0.2207164317369461
gemma_270m_base,birth_place:14,birth_place,raw_question,11,11478.517578125,4.223517894744873,0.20677252113819122
gemma_270m_base,birth_place:14,birth_place,raw_question,12,15237.859375,22.334449768066406,0.16030463576316833
gemma_270m_base,birth_place:14,birth_place,raw_question,13,19237.794921875,31.15598487854004,0.12103771418333054
gemma_270m_base,birth_place:14,birth_place,raw_question,14,21416.453125,49.726036071777344,0.12874090671539307
gemma_270m_base,birth_place:14,birth_place,raw_question,15,23534.517578125,30.197214126586914,0.1184258759021759
gemma_270m_base,birth_place:14,birth_place,raw_question,16,32412.224609375,42.273189544677734,0.10660099983215332
gemma_270m_base,birth_place:14,birth_place,raw_question,17,94.4636459350586,15.389636993408203,0.13307954370975494
gemma_270m_base,birth_place:14,birth_place,declarative,0,180.3454132080078,261.9331970214844,0.18948957324028015
gemma_270m_base,birth_place:14,birth_place,declarative,1,1010.0281982421875,107.80951690673828,0.20300032198429108
gemma_270m_base,birth_place:14,birth_place,declarative,2,1302.2215576171875,19.456035614013672,0.17514953017234802
gemma_270m_base,birth_place:14,birth_place,declarative,3,1950.031494140625,15.645496368408203,0.2452186495065689
gemma_270m_base,birth_place:14,birth_place,declarative,4,2713.028564453125,12.420570373535156,0.18944507837295532
gemma_270m_base,birth_place:14,birth_place,declarative,5,3655.12890625,17.608957290649414,0.15997827053070068
gemma_270m_base,birth_place:14,birth_place,declarative,6,4078.669921875,10.127495765686035,0.17174656689167023
gemma_270m_base,birth_place:14,birth_place,declarative,7,5748.1259765625,26.277204513549805,0.17925041913986206
gemma_270m_base,birth_place:14,birth_place,declarative,8,5821.39013671875,19.909732818603516,0.1759571135044098
gemma_270m_base,birth_place:14,birth_place,declarative,9,6563.84130859375,19.710302352905273,0.1540767252445221
gemma_270m_base,birth_place:14,birth_place,declarative,10,9974.8046875,34.24174880981445,0.19177478551864624
gemma_270m_base,birth_place:14,birth_place,declarative,11,10616.8857421875,5.206027984619141,0.20292046666145325
gemma_270m_base,birth_place:14,birth_place,declarative,12,12245.8828125,24.689199447631836,0.15862427651882172
gemma_270m_base,birth_place:14,birth_place,declarative,13,16091.2314453125,28.901023864746094,0.131302148103714
gemma_270m_base,birth_place:14,birth_place,declarative,14,20836.6484375,54.44050216674805,0.13562899827957153
gemma_270m_base,birth_place:14,birth_place,declarative,15,23149.19140625,37.796775817871094,0.11047147214412689
gemma_270m_base,birth_place:14,birth_place,declarative,16,31684.404296875,36.43016815185547,0.0987127423286438
gemma_270m_base,birth_place:14,birth_place,declarative,17,112.70172119140625,12.608267784118652,0.11713120341300964
gemma_270m_base,birth_place:14,birth_place,qa,0,108.83645629882812,149.75315856933594,0.2399856150150299
gemma_270m_base,birth_place:14,birth_place,qa,1,808.9140014648438,149.12796020507812,0.23679882287979126
gemma_270m_base,birth_place:14,birth_place,qa,2,1004.0422973632812,23.251386642456055,0.19351264834403992
gemma_270m_base,birth_place:14,birth_place,qa,3,2241.786376953125,14.447738647460938,0.23197604715824127
gemma_270m_base,birth_place:14,birth_place,qa,4,1693.13623046875,12.426721572875977,0.1937711536884308
gemma_270m_base,birth_place:14,birth_place,qa,5,3292.89208984375,16.83086585998535,0.1494954228401184
gemma_270m_base,birth_place:14,birth_place,qa,6,3341.606201171875,8.073609352111816,0.14755065739154816
gemma_270m_base,birth_place:14,birth_place,qa,7,5217.716796875,17.991695404052734,0.16635197401046753
gemma_270m_base,birth_place:14,birth_place,qa,8,5224.78173828125,19.719505310058594,0.19914713501930237
gemma_270m_base,birth_place:14,birth_place,qa,9,6031.46142578125,18.148345947265625,0.1575886458158493
gemma_270m_base,birth_place:14,birth_place,qa,10,10042.24609375,37.19511032104492,0.21502165496349335
gemma_270m_base,birth_place:14,birth_place,qa,11,10424.017578125,5.077861309051514,0.21864227950572968
gemma_270m_base,birth_place:14,birth_place,qa,12,14095.91796875,25.846933364868164,0.169924795627594
gemma_270m_base,birth_place:14,birth_place,qa,13,18140.85546875,28.774641036987305,0.13185976445674896
gemma_270m_base,birth_place:14,birth_place,qa,14,21953.703125,46.619354248046875,0.13284695148468018
gemma_270m_base,birth_place:14,birth_place,qa,15,23974.912109375,31.491926193237305,0.11174078285694122
gemma_270m_base,birth_place:14,birth_place,qa,16,33563.9921875,37.83111572265625,0.09528578817844391
gemma_270m_base,birth_place:14,birth_place,qa,17,102.8830337524414,11.633634567260742,0.11926861107349396
gemma_270m_base,birth_place:14,birth_place,chat_template,0,111.81798553466797,171.937255859375,0.23081403970718384
gemma_270m_base,birth_place:14,birth_place,chat_template,1,793.342041015625,106.51744842529297,0.20919807255268097
gemma_270m_base,birth_place:14,birth_place,chat_template,2,1088.1689453125,19.92500114440918,0.17590858042240143
gemma_270m_base,birth_place:14,birth_place,chat_template,3,1869.71240234375,15.081138610839844,0.23642903566360474
gemma_270m_base,birth_place:14,birth_place,chat_template,4,2453.906982421875,9.888897895812988,0.19528792798519135
gemma_270m_base,birth_place:14,birth_place,chat_template,5,3401.764892578125,17.45790672302246,0.15222039818763733
gemma_270m_base,birth_place:14,birth_place,chat_template,6,3608.698486328125,6.527193069458008,0.15739920735359192
gemma_270m_base,birth_place:14,birth_place,chat_template,7,5089.4287109375,16.941387176513672,0.16642704606056213
gemma_270m_base,birth_place:14,birth_place,chat_template,8,5207.74072265625,19.56025505065918,0.20957669615745544
gemma_270m_base,birth_place:14,birth_place,chat_template,9,6148.9072265625,12.245771408081055,0.1504373401403427
gemma_270m_base,birth_place:14,birth_place,chat_template,10,10609.6865234375,28.53377342224121,0.20775094628334045
gemma_270m_base,birth_place:14,birth_place,chat_template,11,10967.04296875,4.13821268081665,0.21741557121276855
gemma_270m_base,birth_place:14,birth_place,chat_template,12,15010.2763671875,21.60786247253418,0.16026416420936584
gemma_270m_base,birth_place:14,birth_place,chat_template,13,19093.9453125,30.898557662963867,0.12624570727348328
gemma_270m_base,birth_place:14,birth_place,chat_template,14,21675.365234375,44.01403045654297,0.134568452835083
gemma_270m_base,birth_place:14,birth_place,chat_template,15,24542.791015625,30.091665267944336,0.10991431027650833
gemma_270m_base,birth_place:14,birth_place,chat_template,16,34284.87109375,41.338443756103516,0.09600449353456497
gemma_270m_base,birth_place:14,birth_place,chat_template,17,96.93113708496094,13.67612075805664,0.1265614628791809
gemma_270m_base,birth_place:15,birth_place,raw_question,0,145.51852416992188,194.51707458496094,0.2257460206747055
gemma_270m_base,birth_place:15,birth_place,raw_question,1,1022.200439453125,86.83615112304688,0.18837809562683105
gemma_270m_base,birth_place:15,birth_place,raw_question,2,1246.901611328125,17.45622444152832,0.16935530304908752
gemma_270m_base,birth_place:15,birth_place,raw_question,3,1815.543212890625,13.682927131652832,0.22303807735443115
gemma_270m_base,birth_place:15,birth_place,raw_question,4,2278.03369140625,9.578630447387695,0.18745598196983337
gemma_270m_base,birth_place:15,birth_place,raw_question,5,2959.6884765625,18.77962875366211,0.15025031566619873
gemma_270m_base,birth_place:15,birth_place,raw_question,6,3673.062744140625,8.129810333251953,0.16549941897392273
gemma_270m_base,birth_place:15,birth_place,raw_question,7,5446.16748046875,18.2419376373291,0.17821073532104492
gemma_270m_base,birth_place:15,birth_place,raw_question,8,5897.166015625,19.10636329650879,0.19241325557231903
gemma_270m_base,birth_place:15,birth_place,raw_question,9,6322.3857421875,14.610005378723145,0.1524192988872528
gemma_270m_base,birth_place:15,birth_place,raw_question,10,11433.4208984375,30.588605880737305,0.21623480319976807
gemma_270m_base,birth_place:15,birth_place,raw_question,11,11349.6806640625,4.034013748168945,0.19784067571163177
gemma_270m_base,birth_place:15,birth_place,raw_question,12,14912.748046875,21.67742347717285,0.15842372179031372
gemma_270m_base,birth_place:15,birth_place,raw_question,13,18805.888671875,34.196876525878906,0.1194920539855957
gemma_270m_base,birth_place:15,birth_place,raw_question,14,21109.033203125,48.76958084106445,0.1261669397354126
gemma_270m_base,birth_place:15,birth_place,raw_question,15,22990.765625,32.09579086303711,0.11536909639835358
gemma_270m_base,birth_place:15,birth_place,raw_question,16,32053.9375,42.78825378417969,0.10478804260492325
gemma_270m_base,birth_place:15,birth_place,raw_question,17,94.42144012451172,12.145569801330566,0.13206058740615845
gemma_270m_base,birth_place:15,birth_place,declarative,0,179.1314697265625,259.601806640625,0.19111619889736176
gemma_270m_base,birth_place:15,birth_place,declarative,1,1020.8109741210938,103.68948364257812,0.20302754640579224
gemma_270m_base,birth_place:15,birth_place,declarative,2,1308.5994873046875,19.151437759399414,0.17369824647903442
gemma_270m_base,birth_place:15,birth_place,declarative,3,1989.4630126953125,16.00752067565918,0.24303555488586426
gemma_270m_base,birth_place:15,birth_place,declarative,4,2771.4521484375,12.515810012817383,0.18931671977043152
gemma_270m_base,birth_place:15,birth_place,declarative,5,3803.583740234375,17.79128646850586,0.16141696274280548
gemma_270m_base,birth_place:15,birth_place,declarative,6,4260.1142578125,10.255331993103027,0.1667168289422989
gemma_270m_base,birth_place:15,birth_place,declarative,7,6005.75634765625,25.889490127563477,0.17648303508758545
gemma_270m_base,birth_place:15,birth_place,declarative,8,6059.609375,20.946300506591797,0.17268796265125275
gemma_270m_base,birth_place:15,birth_place,declarative,9,6602.7646484375,20.831758499145508,0.14993003010749817
gemma_270m_base,birth_place:15,birth_place,declarative,10,9913.2265625,34.72357177734375,0.19003649055957794
gemma_270m_base,birth_place:15,birth_place,declarative,11,10556.9287109375,5.234701633453369,0.19985821843147278
gemma_270m_base,birth_place:15,birth_place,declarative,12,12503.654296875,28.915863037109375,0.16479355096817017
gemma_270m_base,birth_place:15,birth_place,declarative,13,16271.349609375,29.307476043701172,0.13660824298858643
gemma_270m_base,birth_place:15,birth_place,declarative,14,21344.021484375,54.593135833740234,0.1374245285987854
gemma_270m_base,birth_place:15,birth_place,declarative,15,23652.68359375,38.53044128417969,0.10942656546831131
gemma_270m_base,birth_place:15,birth_place,declarative,16,31457.50390625,36.12742233276367,0.09879224002361298
gemma_270m_base,birth_place:15,birth_place,declarative,17,123.24930572509766,11.058849334716797,0.11643454432487488
gemma_270m_base,birth_place:15,birth_place,qa,0,108.2384033203125,144.59326171875,0.24245858192443848
gemma_270m_base,birth_place:15,birth_place,qa,1,815.6065063476562,147.83792114257812,0.23587727546691895
gemma_270m_base,birth_place:15,birth_place,qa,2,1017.7811889648438,22.734037399291992,0.1922573447227478
gemma_270m_base,birth_place:15,birth_place,qa,3,2272.879150390625,14.256636619567871,0.23194770514965057
gemma_270m_base,birth_place:15,birth_place,qa,4,1784.180908203125,11.990630149841309,0.1897733062505722
gemma_270m_base,birth_place:15,birth_place,qa,5,3275.153076171875,16.962249755859375,0.14838770031929016
gemma_270m_base,birth_place:15,birth_place,qa,6,3440.26318359375,8.350712776184082,0.14953604340553284
gemma_270m_base,birth_place:15,birth_place,qa,7,5476.05419921875,17.604286193847656,0.1720348596572876
gemma_270m_base,birth_place:15,birth_place,qa,8,5493.09375,19.628660202026367,0.20215734839439392
gemma_270m_base,birth_place:15,birth_place,qa,9,6370.57275390625,19.606111526489258,0.15724147856235504
gemma_270m_base,birth_place:15,birth_place,qa,10,9980.9609375,35.946441650390625,0.2103404998779297
gemma_270m_base,birth_place:15,birth_place,qa,11,10249.69140625,4.880152225494385,0.21613222360610962
gemma_270m_base,birth_place:15,birth_place,qa,12,13545.5361328125,25.51761245727539,0.17358019948005676
gemma_270m_base,birth_place:15,birth_place,qa,13,17539.7890625,28.2500057220459,0.1336718499660492
gemma_270m_base,birth_place:15,birth_place,qa,14,21756.193359375,45.942054748535156,0.13393104076385498
gemma_270m_base,birth_place:15,birth_place,qa,15,23922.00390625,33.24119186401367,0.11299258470535278
gemma_270m_base,birth_place:15,birth_place,qa,16,33796.10546875,39.55992889404297,0.09846123307943344
gemma_270m_base,birth_place:15,birth_place,qa,17,106.9617919921875,9.652753829956055,0.11877879500389099
gemma_270m_base,birth_place:15,birth_place,chat_template,0,110.79985046386719,167.98239135742188,0.2327747941017151
gemma_270m_base,birth_place:15,birth_place,chat_template,1,801.1401977539062,107.27653503417969,0.21147343516349792
gemma_270m_base,birth_place:15,birth_place,chat_template,2,1088.9405517578125,19.70035171508789,0.17431862652301788
gemma_270m_base,birth_place:15,birth_place,chat_template,3,1887.0880126953125,14.840544700622559,0.2352248728275299
gemma_270m_base,birth_place:15,birth_place,chat_template,4,2423.77001953125,9.923714637756348,0.19469305872917175
gemma_270m_base,birth_place:15,birth_place,chat_template,5,3409.3974609375,17.58138084411621,0.15315522253513336
gemma_270m_base,birth_place:15,birth_place,chat_template,6,3640.42041015625,6.373602390289307,0.15798385441303253
gemma_270m_base,birth_place:15,birth_place,chat_template,7,5153.31982421875,16.5582332611084,0.16926069557666779
gemma_270m_base,birth_place:15,birth_place,chat_template,8,5381.138671875,20.339330673217773,0.212167888879776
gemma_270m_base,birth_place:15,birth_place,chat_template,9,6272.8408203125,12.882877349853516,0.15103194117546082
gemma_270m_base,birth_place:15,birth_place,chat_template,10,10861.650390625,27.512554168701172,0.20652098953723907
gemma_270m_base,birth_place:15,birth_place,chat_template,11,11145.9375,4.015605926513672,0.21373812854290009
gemma_270m_base,birth_place:15,birth_place,chat_template,12,14981.1552734375,21.19396209716797,0.16193318367004395
gemma_270m_base,birth_place:15,birth_place,chat_template,13,19086.837890625,32.47410583496094,0.12817247211933136
gemma_270m_base,birth_place:15,birth_place,chat_template,14,21901.64453125,42.688663482666016,0.13482937216758728
gemma_270m_base,birth_place:15,birth_place,chat_template,15,25202.359375,30.044727325439453,0.10880619287490845
gemma_270m_base,birth_place:15,birth_place,chat_template,16,35062.79296875,42.32203674316406,0.09403535723686218
gemma_270m_base,birth_place:15,birth_place,chat_template,17,102.37274169921875,10.987068176269531,0.12431159615516663
gemma_270m_base,birth_place:16,birth_place,raw_question,0,148.629638671875,207.853271484375,0.22079980373382568
gemma_270m_base,birth_place:16,birth_place,raw_question,1,1018.6600341796875,87.35015106201172,0.18928806483745575
gemma_270m_base,birth_place:16,birth_place,raw_question,2,1254.3692626953125,17.753812789916992,0.16934069991111755
gemma_270m_base,birth_place:16,birth_place,raw_question,3,1830.2275390625,13.540648460388184,0.22208774089813232
gemma_270m_base,birth_place:16,birth_place,raw_question,4,2153.24853515625,10.236898422241211,0.18838489055633545
gemma_270m_base,birth_place:16,birth_place,raw_question,5,2849.596435546875,19.08243751525879,0.14723707735538483
gemma_270m_base,birth_place:16,birth_place,raw_question,6,3495.159912109375,7.81492280960083,0.16461661458015442
gemma_270m_base,birth_place:16,birth_place,raw_question,7,5239.9619140625,18.068334579467773,0.177620068192482
gemma_270m_base,birth_place:16,birth_place,raw_question,8,5589.8017578125,18.9040584564209,0.1931280642747879
gemma_270m_base,birth_place:16,birth_place,raw_question,9,6249.0830078125,14.154681205749512,0.15445934236049652
gemma_270m_base,birth_place:16,birth_place,raw_question,10,11229.4638671875,31.063880920410156,0.21971523761749268
gemma_270m_base,birth_place:16,birth_place,raw_question,11,11461.69921875,4.385802745819092,0.20339657366275787
gemma_270m_base,birth_place:16,birth_place,raw_question,12,14526.580078125,21.061731338500977,0.16298168897628784
gemma_270m_base,birth_place:16,birth_place,raw_question,13,18907.16015625,29.399700164794922,0.11990831047296524
gemma_270m_base,birth_place:16,birth_place,raw_question,14,20458.7734375,49.97469711303711,0.12774592638015747
gemma_270m_base,birth_place:16,birth_place,raw_question,15,23036.25390625,31.646595001220703,0.11931423842906952
gemma_270m_base,birth_place:16,birth_place,raw_question,16,31895.37109375,44.871788024902344,0.10509897023439407
gemma_270m_base,birth_place:16,birth_place,raw_question,17,91.82683563232422,16.108661651611328,0.13884752988815308
gemma_270m_base,birth_place:16,birth_place,declarative,0,182.91848754882812,276.7685852050781,0.18489593267440796
gemma_270m_base,birth_place:16,birth_place,declarative,1,1013.2920532226562,102.92021179199219,0.20101812481880188
gemma_270m_base,birth_place:16,birth_place,declarative,2,1286.8037109375,19.71040916442871,0.1754041165113449
gemma_270m_base,birth_place:16,birth_place,declarative,3,1953.212646484375,15.933686256408691,0.24383339285850525
gemma_270m_base,birth_place:16,birth_place,declarative,4,2776.150390625,12.355057716369629,0.18694470822811127
gemma_270m_base,birth_place:16,birth_place,declarative,5,3671.978271484375,17.8898868560791,0.1586456149816513
gemma_270m_base,birth_place:16,birth_place,declarative,6,4346.73828125,10.94367790222168,0.17207935452461243
gemma_270m_base,birth_place:16,birth_place,declarative,7,5711.50146484375,24.983585357666016,0.17481784522533417
gemma_270m_base,birth_place:16,birth_place,declarative,8,5784.1943359375,21.573503494262695,0.17806783318519592
gemma_270m_base,birth_place:16,birth_place,declarative,9,6576.2744140625,19.98410415649414,0.15446017682552338
gemma_270m_base,birth_place:16,birth_place,declarative,10,9864.12890625,33.09864044189453,0.19334378838539124
gemma_270m_base,birth_place:16,birth_place,declarative,11,10243.7783203125,5.059186935424805,0.2062351405620575
gemma_270m_base,birth_place:16,birth_place,declarative,12,11721.0537109375,28.146474838256836,0.15797612071037292
gemma_270m_base,birth_place:16,birth_place,declarative,13,16180.330078125,29.850364685058594,0.12947960197925568
gemma_270m_base,birth_place:16,birth_place,declarative,14,20326.138671875,55.49108123779297,0.13054323196411133
gemma_270m_base,birth_place:16,birth_place,declarative,15,22365.7421875,34.0909309387207,0.10776732861995697
gemma_270m_base,birth_place:16,birth_place,declarative,16,30102.349609375,37.278358459472656,0.0974595919251442
gemma_270m_base,birth_place:16,birth_place,declarative,17,108.85377502441406,11.70572566986084,0.11608145385980606
gemma_270m_base,birth_place:16,birth_place,qa,0,107.0827407836914,158.6730499267578,0.2271060347557068
gemma_270m_base,birth_place:16,birth_place,qa,1,807.7034912109375,153.20118713378906,0.23648081719875336
gemma_270m_base,birth_place:16,birth_place,qa,2,992.0172729492188,23.09332847595215,0.19261160492897034
gemma_270m_base,birth_place:16,birth_place,qa,3,2289.7900390625,14.602736473083496,0.23199746012687683
gemma_270m_base,birth_place:16,birth_place,qa,4,1734.0711669921875,12.201213836669922,0.19062212109565735
gemma_270m_base,birth_place:16,birth_place,qa,5,3315.796875,17.004610061645508,0.14912563562393188
gemma_270m_base,birth_place:16,birth_place,qa,6,3350.12353515625,8.20665168762207,0.1486358940601349
gemma_270m_base,birth_place:16,birth_place,qa,7,5252.5498046875,17.84565544128418,0.16908934712409973
gemma_270m_base,birth_place:16,birth_place,qa,8,5196.263671875,19.159887313842773,0.1987614780664444
gemma_270m_base,birth_place:16,birth_place,qa,9,6154.27294921875,18.43094825744629,0.1581864207983017
gemma_270m_base,birth_place:16,birth_place,qa,10,9975.228515625,37.41940689086914,0.21436192095279694
gemma_270m_base,birth_place:16,birth_place,qa,11,10232.3603515625,4.943702220916748,0.21570181846618652
gemma_270m_base,birth_place:16,birth_place,qa,12,13335.490234375,27.666196823120117,0.17363831400871277
gemma_270m_base,birth_place:16,birth_place,qa,13,17791.51953125,29.146066665649414,0.1301758736371994
gemma_270m_base,birth_place:16,birth_place,qa,14,21690.71875,46.00425720214844,0.12902194261550903
gemma_270m_base,birth_place:16,birth_place,qa,15,23501.90234375,32.42396545410156,0.10729596763849258
gemma_270m_base,birth_place:16,birth_place,qa,16,33937.28125,39.046756744384766,0.0933772623538971
gemma_270m_base,birth_place:16,birth_place,qa,17,99.87118530273438,11.393579483032227,0.11626540869474411
gemma_270m_base,birth_place:16,birth_place,chat_template,0,112.58409118652344,172.93040466308594,0.22927916049957275
gemma_270m_base,birth_place:16,birth_place,chat_template,1,789.7977294921875,106.26582336425781,0.208428293466568
gemma_270m_base,birth_place:16,birth_place,chat_template,2,1076.849609375,19.927997589111328,0.1764868050813675
gemma_270m_base,birth_place:16,birth_place,chat_template,3,1862.841552734375,15.053656578063965,0.23717844486236572
gemma_270m_base,birth_place:16,birth_place,chat_template,4,2424.4384765625,9.941829681396484,0.19556961953639984
gemma_270m_base,birth_place:16,birth_place,chat_template,5,3358.402099609375,17.539567947387695,0.15152506530284882
gemma_270m_base,birth_place:16,birth_place,chat_template,6,3547.61083984375,6.16764497756958,0.15703295171260834
gemma_270m_base,birth_place:16,birth_place,chat_template,7,5089.60205078125,17.06667137145996,0.1687542349100113
gemma_270m_base,birth_place:16,birth_place,chat_template,8,5211.03466796875,20.079692840576172,0.21218857169151306
gemma_270m_base,birth_place:16,birth_place,chat_template,9,6091.05322265625,12.304356575012207,0.15047688782215118
gemma_270m_base,birth_place:16,birth_place,chat_template,10,10672.6064453125,27.982446670532227,0.21071608364582062
gemma_270m_base,birth_place:16,birth_place,chat_template,11,11045.7080078125,4.000955581665039,0.21639348566532135
gemma_270m_base,birth_place:16,birth_place,chat_template,12,14336.56640625,21.518266677856445,0.1665293276309967
gemma_270m_base,birth_place:16,birth_place,chat_template,13,18710.99609375,30.47759437561035,0.12651470303535461
gemma_270m_base,birth_place:16,birth_place,chat_template,14,21151.5234375,43.921382904052734,0.1358116865158081
gemma_270m_base,birth_place:16,birth_place,chat_template,15,24367.14453125,30.54088020324707,0.11252497136592865
gemma_270m_base,birth_place:16,birth_place,chat_template,16,34711.01171875,43.969024658203125,0.09610572457313538
gemma_270m_base,birth_place:16,birth_place,chat_template,17,95.0342788696289,13.754778861999512,0.12756270170211792
gemma_270m_base,birth_place:17,birth_place,raw_question,0,151.1662139892578,194.78677368164062,0.22725123167037964
gemma_270m_base,birth_place:17,birth_place,raw_question,1,1052.0562744140625,101.65897369384766,0.18873301148414612
gemma_270m_base,birth_place:17,birth_place,raw_question,2,1299.7652587890625,17.304908752441406,0.1671288013458252
gemma_270m_base,birth_place:17,birth_place,raw_question,3,1762.2991943359375,12.997660636901855,0.21598678827285767
gemma_270m_base,birth_place:17,birth_place,raw_question,4,2212.1494140625,9.78587532043457,0.18747718632221222
gemma_270m_base,birth_place:17,birth_place,raw_question,5,2878.617431640625,18.89683723449707,0.14907020330429077
gemma_270m_base,birth_place:17,birth_place,raw_question,6,3646.624755859375,8.168923377990723,0.16653934121131897
gemma_270m_base,birth_place:17,birth_place,raw_question,7,5185.53955078125,18.481388092041016,0.1786535233259201
gemma_270m_base,birth_place:17,birth_place,raw_question,8,5658.93408203125,19.681222915649414,0.1930135041475296
gemma_270m_base,birth_place:17,birth_place,raw_question,9,6223.484375,14.213340759277344,0.1555766463279724
gemma_270m_base,birth_place:17,birth_place,raw_question,10,11297.1630859375,30.893722534179688,0.21858328580856323
gemma_270m_base,birth_place:17,birth_place,raw_question,11,11330.2900390625,4.21537446975708,0.20179888606071472
gemma_270m_base,birth_place:17,birth_place,raw_question,12,14737.130859375,21.596120834350586,0.16062773764133453
gemma_270m_base,birth_place:17,birth_place,raw_question,13,18817.513671875,33.10413360595703,0.12141766399145126
gemma_270m_base,birth_place:17,birth_place,raw_question,14,21116.84765625,49.35023498535156,0.12792658805847168
gemma_270m_base,birth_place:17,birth_place,raw_question,15,23257.375,31.736787796020508,0.11898140609264374
gemma_270m_base,birth_place:17,birth_place,raw_question,16,32509.19921875,43.47965621948242,0.10582922399044037
gemma_270m_base,birth_place:17,birth_place,raw_question,17,94.60917663574219,13.136556625366211,0.13524429500102997
gemma_270m_base,birth_place:17,birth_place,declarative,0,181.2728271484375,268.7481384277344,0.18699222803115845
gemma_270m_base,birth_place:17,birth_place,declarative,1,1014.2155151367188,107.8739242553711,0.20127283036708832
gemma_270m_base,birth_place:17,birth_place,declarative,2,1295.322265625,19.408254623413086,0.17323020100593567
gemma_270m_base,birth_place:17,birth_place,declarative,3,1979.31396484375,15.927934646606445,0.24589040875434875
gemma_270m_base,birth_place:17,birth_place,declarative,4,2821.819580078125,11.997879981994629,0.18548583984375
gemma_270m_base,birth_place:17,birth_place,declarative,5,3680.390625,17.670133590698242,0.15977007150650024
gemma_270m_base,birth_place:17,birth_place,declarative,6,4222.58154296875,10.18489933013916,0.1704673022031784
gemma_270m_base,birth_place:17,birth_place,declarative,7,5902.18017578125,25.948076248168945,0.17600974440574646
gemma_270m_base,birth_place:17,birth_place,declarative,8,5876.62841796875,20.52033805847168,0.1733342856168747
gemma_270m_base,birth_place:17,birth_place,declarative,9,6594.447265625,19.35101890563965,0.15272893011569977
gemma_270m_base,birth_place:17,birth_place,declarative,10,9973.7412109375,34.752037048339844,0.19249528646469116
gemma_270m_base,birth_place:17,birth_place,declarative,11,10537.392578125,5.023047924041748,0.2029460072517395
gemma_270m_base,birth_place:17,birth_place,declarative,12,11697.5009765625,24.94892692565918,0.15517893433570862
gemma_270m_base,birth_place:17,birth_place,declarative,13,15624.330078125,29.706066131591797,0.13190338015556335
gemma_270m_base,birth_place:17,birth_place,declarative,14,20126.224609375,55.251461029052734,0.13368543982505798
gemma_270m_base,birth_place:17,birth_place,declarative,15,22650.765625,36.18705368041992,0.11216256022453308
gemma_270m_base,birth_place:17,birth_place,declarative,16,31072.076171875,36.70986557006836,0.09847056865692139
gemma_270m_base,birth_place:17,birth_place,declarative,17,109.93494415283203,12.894217491149902,0.12041261792182922
gemma_270m_base,birth_place:17,birth_place,qa,0,110.87615966796875,147.7277069091797,0.24284860491752625
gemma_270m_base,birth_place:17,birth_place,qa,1,815.6608276367188,150.8504638671875,0.2356663942337036
gemma_270m_base,birth_place:17,birth_place,qa,2,1010.7332763671875,22.926603317260742,0.1923636794090271
gemma_270m_base,birth_place:17,birth_place,qa,3,2274.25341796875,14.372764587402344,0.2328401505947113
gemma_270m_base,birth_place:17,birth_place,qa,4,1665.5771484375,12.618179321289062,0.19278250634670258
gemma_270m_base,birth_place:17,birth_place,qa,5,3289.93359375,16.854846954345703,0.15018443763256073
gemma_270m_base,birth_place:17,birth_place,qa,6,3339.670166015625,8.13347053527832,0.14888012409210205
gemma_270m_base,birth_place:17,birth_place,qa,7,5306.193359375,18.059045791625977,0.16879042983055115
gemma_270m_base,birth_place:17,birth_place,qa,8,5258.89453125,19.90608024597168,0.19908547401428223
gemma_270m_base,birth_place:17,birth_place,qa,9,5975.62939453125,18.441911697387695,0.15592549741268158
gemma_270m_base,birth_place:17,birth_place,qa,10,9904.6806640625,36.324344635009766,0.2136085331439972
gemma_270m_base,birth_place:17,birth_place,qa,11,10223.6103515625,4.828603744506836,0.2177962213754654
gemma_270m_base,birth_place:17,birth_place,qa,12,13655.6005859375,27.159944534301758,0.16968727111816406
gemma_270m_base,birth_place:17,birth_place,qa,13,17347.205078125,31.196928024291992,0.13431984186172485
gemma_270m_base,birth_place:17,birth_place,qa,14,21396.841796875,46.37250518798828,0.1336304247379303
gemma_270m_base,birth_place:17,birth_place,qa,15,23518.755859375,32.635990142822266,0.11187860369682312
gemma_270m_base,birth_place:17,birth_place,qa,16,33785.109375,40.35298538208008,0.09631679952144623
gemma_270m_base,birth_place:17,birth_place,qa,17,100.05116271972656,12.181496620178223,0.1195119097828865
gemma_270m_base,birth_place:17,birth_place,chat_template,0,112.78653717041016,170.9154815673828,0.23280231654644012
gemma_270m_base,birth_place:17,birth_place,chat_template,1,801.1005859375,106.69723510742188,0.2089613974094391
gemma_270m_base,birth_place:17,birth_place,chat_template,2,1092.3624267578125,19.69425392150879,0.17506568133831024
gemma_270m_base,birth_place:17,birth_place,chat_template,3,1877.836669921875,14.979747772216797,0.2342238426208496
gemma_270m_base,birth_place:17,birth_place,chat_template,4,2440.564697265625,10.108548164367676,0.1945990025997162
gemma_270m_base,birth_place:17,birth_place,chat_template,5,3406.6494140625,17.467063903808594,0.152995303273201
gemma_270m_base,birth_place:17,birth_place,chat_template,6,3594.917236328125,6.636500835418701,0.15723863244056702
gemma_270m_base,birth_place:17,birth_place,chat_template,7,5002.517578125,17.17110252380371,0.1670045554637909
gemma_270m_base,birth_place:17,birth_place,chat_template,8,5237.62646484375,19.526212692260742,0.21439754962921143
gemma_270m_base,birth_place:17,birth_place,chat_template,9,6154.29736328125,12.500931739807129,0.15132316946983337
gemma_270m_base,birth_place:17,birth_place,chat_template,10,10734.7353515625,28.025217056274414,0.2071848213672638
gemma_270m_base,birth_place:17,birth_place,chat_template,11,11104.8662109375,3.964414358139038,0.21543344855308533
gemma_270m_base,birth_place:17,birth_place,chat_template,12,14803.6640625,21.33954429626465,0.16208069026470184
gemma_270m_base,birth_place:17,birth_place,chat_template,13,18680.87890625,33.34075164794922,0.1271318942308426
gemma_270m_base,birth_place:17,birth_place,chat_template,14,21473.111328125,44.14531326293945,0.13614487648010254
gemma_270m_base,birth_place:17,birth_place,chat_template,15,24407.77734375,29.946151733398438,0.11110952496528625
gemma_270m_base,birth_place:17,birth_place,chat_template,16,34090.13671875,43.76737976074219,0.09721438586711884
gemma_270m_base,birth_place:17,birth_place,chat_template,17,95.65865325927734,14.525961875915527,0.12930533289909363
