model_name,fact_id,relation,prompt_family,layer,hidden_norm,attention_norm,mlp_mean_abs
qwen2_5_0_5b_base,capital:0,capital,raw_question,0,4.4340386390686035,0.455009400844574,0.13321547210216522
qwen2_5_0_5b_base,capital:0,capital,raw_question,1,7.977333068847656,2.8642308712005615,0.16925139725208282
qwen2_5_0_5b_base,capital:0,capital,raw_question,2,8.101463317871094,1.6038490533828735,0.17229002714157104
qwen2_5_0_5b_base,capital:0,capital,raw_question,3,9.495121955871582,1.870081901550293,0.19229303300380707
qwen2_5_0_5b_base,capital:0,capital,raw_question,4,10.74051284790039,2.6926681995391846,0.210548996925354
qwen2_5_0_5b_base,capital:0,capital,raw_question,5,11.720569610595703,2.998232364654541,0.21241584420204163
qwen2_5_0_5b_base,capital:0,capital,raw_question,6,13.165923118591309,1.698213815689087,0.2182886153459549
qwen2_5_0_5b_base,capital:0,capital,raw_question,7,14.317687034606934,2.3258156776428223,0.2184544801712036
qwen2_5_0_5b_base,capital:0,capital,raw_question,8,14.475484848022461,3.419740676879883,0.2072070986032486
qwen2_5_0_5b_base,capital:0,capital,raw_question,9,15.260260581970215,2.7249867916107178,0.20344392955303192
qwen2_5_0_5b_base,capital:0,capital,raw_question,10,15.213622093200684,3.8698835372924805,0.19772019982337952
qwen2_5_0_5b_base,capital:0,capital,raw_question,11,15.617897033691406,2.5672876834869385,0.20276279747486115
qwen2_5_0_5b_base,capital:0,capital,raw_question,12,16.314496994018555,2.907060384750366,0.20528683066368103
qwen2_5_0_5b_base,capital:0,capital,raw_question,13,17.31184959411621,3.063096523284912,0.204107865691185
qwen2_5_0_5b_base,capital:0,capital,raw_question,14,17.80659294128418,3.51047420501709,0.222270667552948
qwen2_5_0_5b_base,capital:0,capital,raw_question,15,19.825788497924805,3.6197190284729004,0.2432035207748413
qwen2_5_0_5b_base,capital:0,capital,raw_question,16,24.319610595703125,1.2765251398086548,0.2735153138637543
qwen2_5_0_5b_base,capital:0,capital,raw_question,17,28.977371215820312,3.976938247680664,0.2516244947910309
qwen2_5_0_5b_base,capital:0,capital,raw_question,18,32.81214141845703,1.7460131645202637,0.24561485648155212
qwen2_5_0_5b_base,capital:0,capital,raw_question,19,36.47304916381836,3.5880565643310547,0.2749229073524475
qwen2_5_0_5b_base,capital:0,capital,raw_question,20,50.79338455200195,9.937812805175781,0.2866000533103943
qwen2_5_0_5b_base,capital:0,capital,raw_question,21,72.16809844970703,13.700319290161133,0.2575136423110962
qwen2_5_0_5b_base,capital:0,capital,raw_question,22,77.55488586425781,3.8329100608825684,0.28173694014549255
qwen2_5_0_5b_base,capital:0,capital,raw_question,23,283.788818359375,11.190020561218262,0.3701811730861664
qwen2_5_0_5b_base,capital:0,capital,declarative,0,4.944603443145752,0.43150386214256287,0.13831788301467896
qwen2_5_0_5b_base,capital:0,capital,declarative,1,8.043105125427246,2.7747859954833984,0.16468816995620728
qwen2_5_0_5b_base,capital:0,capital,declarative,2,8.519231796264648,1.7231107950210571,0.17736834287643433
qwen2_5_0_5b_base,capital:0,capital,declarative,3,9.911443710327148,2.3465240001678467,0.1927511841058731
qwen2_5_0_5b_base,capital:0,capital,declarative,4,11.175664901733398,3.6050546169281006,0.22117511928081512
qwen2_5_0_5b_base,capital:0,capital,declarative,5,13.51577377319336,3.7918314933776855,0.22119811177253723
qwen2_5_0_5b_base,capital:0,capital,declarative,6,13.758054733276367,2.482290029525757,0.23045256733894348
qwen2_5_0_5b_base,capital:0,capital,declarative,7,14.058483123779297,3.3521180152893066,0.2240307778120041
qwen2_5_0_5b_base,capital:0,capital,declarative,8,14.448482513427734,4.400452613830566,0.2158176451921463
qwen2_5_0_5b_base,capital:0,capital,declarative,9,14.84259033203125,2.3867952823638916,0.20743219554424286
qwen2_5_0_5b_base,capital:0,capital,declarative,10,15.395757675170898,3.9812560081481934,0.20639558136463165
qwen2_5_0_5b_base,capital:0,capital,declarative,11,15.623034477233887,2.7163312435150146,0.20614716410636902
qwen2_5_0_5b_base,capital:0,capital,declarative,12,16.550922393798828,3.086529016494751,0.2049684077501297
qwen2_5_0_5b_base,capital:0,capital,declarative,13,17.716991424560547,2.276315927505493,0.19644606113433838
qwen2_5_0_5b_base,capital:0,capital,declarative,14,18.83234977722168,3.764854669570923,0.2184750884771347
qwen2_5_0_5b_base,capital:0,capital,declarative,15,21.340045928955078,4.6060919761657715,0.2392212152481079
qwen2_5_0_5b_base,capital:0,capital,declarative,16,25.290586471557617,1.3192222118377686,0.27024194598197937
qwen2_5_0_5b_base,capital:0,capital,declarative,17,29.617156982421875,4.59418249130249,0.24356596171855927
qwen2_5_0_5b_base,capital:0,capital,declarative,18,35.43959045410156,4.309262275695801,0.2470935732126236
qwen2_5_0_5b_base,capital:0,capital,declarative,19,38.468448638916016,4.285584926605225,0.27601251006126404
qwen2_5_0_5b_base,capital:0,capital,declarative,20,51.03115463256836,10.44123649597168,0.2904606759548187
qwen2_5_0_5b_base,capital:0,capital,declarative,21,72.44274139404297,19.622547149658203,0.2887183725833893
qwen2_5_0_5b_base,capital:0,capital,declarative,22,82.854736328125,4.384829521179199,0.3559649884700775
qwen2_5_0_5b_base,capital:0,capital,declarative,23,280.7184753417969,10.43950366973877,0.3814432621002197
qwen2_5_0_5b_base,capital:0,capital,qa,0,4.097570896148682,0.5525761842727661,0.14079049229621887
qwen2_5_0_5b_base,capital:0,capital,qa,1,6.902932167053223,2.88383150100708,0.17588095366954803
qwen2_5_0_5b_base,capital:0,capital,qa,2,8.778909683227539,2.3399229049682617,0.23059596121311188
qwen2_5_0_5b_base,capital:0,capital,qa,3,9.570292472839355,3.1356310844421387,0.21969135105609894
qwen2_5_0_5b_base,capital:0,capital,qa,4,10.394917488098145,2.5516624450683594,0.21221336722373962
qwen2_5_0_5b_base,capital:0,capital,qa,5,10.953608512878418,3.24377703666687,0.21099872887134552
qwen2_5_0_5b_base,capital:0,capital,qa,6,12.112862586975098,2.2365972995758057,0.22254519164562225
qwen2_5_0_5b_base,capital:0,capital,qa,7,12.219047546386719,2.5388317108154297,0.2193727046251297
qwen2_5_0_5b_base,capital:0,capital,qa,8,12.973812103271484,3.2221291065216064,0.19868481159210205
qwen2_5_0_5b_base,capital:0,capital,qa,9,14.097810745239258,2.9396867752075195,0.2084500640630722
qwen2_5_0_5b_base,capital:0,capital,qa,10,13.165901184082031,3.163287401199341,0.1967148631811142
qwen2_5_0_5b_base,capital:0,capital,qa,11,14.70279312133789,2.3981399536132812,0.2079629898071289
qwen2_5_0_5b_base,capital:0,capital,qa,12,14.968743324279785,3.086662769317627,0.21121561527252197
qwen2_5_0_5b_base,capital:0,capital,qa,13,15.670083045959473,2.682004451751709,0.2131987065076828
qwen2_5_0_5b_base,capital:0,capital,qa,14,19.144878387451172,6.072359561920166,0.24166493117809296
qwen2_5_0_5b_base,capital:0,capital,qa,15,21.785484313964844,4.4093337059021,0.26059916615486145
qwen2_5_0_5b_base,capital:0,capital,qa,16,24.230457305908203,1.8343629837036133,0.28166091442108154
qwen2_5_0_5b_base,capital:0,capital,qa,17,28.881174087524414,6.254147052764893,0.2519509792327881
qwen2_5_0_5b_base,capital:0,capital,qa,18,36.14805221557617,3.618147373199463,0.24117404222488403
qwen2_5_0_5b_base,capital:0,capital,qa,19,39.0048828125,4.331151485443115,0.28694748878479004
qwen2_5_0_5b_base,capital:0,capital,qa,20,49.96245574951172,13.079723358154297,0.30050012469291687
qwen2_5_0_5b_base,capital:0,capital,qa,21,69.78229522705078,21.9024600982666,0.30808305740356445
qwen2_5_0_5b_base,capital:0,capital,qa,22,81.44377136230469,4.068900108337402,0.431479811668396
qwen2_5_0_5b_base,capital:0,capital,qa,23,244.67318725585938,12.512346267700195,0.4360070526599884
qwen2_5_0_5b_base,capital:0,capital,chat_template,0,3.5879902839660645,0.5916925668716431,0.10485677421092987
qwen2_5_0_5b_base,capital:0,capital,chat_template,1,6.834245681762695,2.844451665878296,0.1680883914232254
qwen2_5_0_5b_base,capital:0,capital,chat_template,2,7.317770481109619,1.5090395212173462,0.1488318294286728
qwen2_5_0_5b_base,capital:0,capital,chat_template,3,8.337271690368652,2.303764820098877,0.17078717052936554
qwen2_5_0_5b_base,capital:0,capital,chat_template,4,9.5709228515625,2.8294949531555176,0.19418500363826752
qwen2_5_0_5b_base,capital:0,capital,chat_template,5,10.410428047180176,3.853135585784912,0.21115900576114655
qwen2_5_0_5b_base,capital:0,capital,chat_template,6,11.645099639892578,3.0786306858062744,0.21881389617919922
qwen2_5_0_5b_base,capital:0,capital,chat_template,7,13.031037330627441,3.7814557552337646,0.22317087650299072
qwen2_5_0_5b_base,capital:0,capital,chat_template,8,12.68327808380127,4.287534236907959,0.20379142463207245
qwen2_5_0_5b_base,capital:0,capital,chat_template,9,13.175671577453613,2.928600549697876,0.20654542744159698
qwen2_5_0_5b_base,capital:0,capital,chat_template,10,14.436787605285645,3.990995168685913,0.20482735335826874
qwen2_5_0_5b_base,capital:0,capital,chat_template,11,16.08820915222168,2.3670549392700195,0.22180978953838348
qwen2_5_0_5b_base,capital:0,capital,chat_template,12,15.661500930786133,4.034919261932373,0.22444963455200195
qwen2_5_0_5b_base,capital:0,capital,chat_template,13,16.014860153198242,2.9475951194763184,0.22416754066944122
qwen2_5_0_5b_base,capital:0,capital,chat_template,14,19.727123260498047,5.354383945465088,0.2487860471010208
qwen2_5_0_5b_base,capital:0,capital,chat_template,15,20.81812858581543,4.624073028564453,0.25712698698043823
qwen2_5_0_5b_base,capital:0,capital,chat_template,16,23.340415954589844,2.651219606399536,0.28664472699165344
qwen2_5_0_5b_base,capital:0,capital,chat_template,17,30.05149269104004,5.33081579208374,0.2580045461654663
qwen2_5_0_5b_base,capital:0,capital,chat_template,18,33.7193717956543,3.289558172225952,0.24967123568058014
qwen2_5_0_5b_base,capital:0,capital,chat_template,19,37.47517776489258,3.365068197250366,0.2815459370613098
qwen2_5_0_5b_base,capital:0,capital,chat_template,20,50.731727600097656,10.65837287902832,0.28991633653640747
qwen2_5_0_5b_base,capital:0,capital,chat_template,21,66.39278411865234,25.524127960205078,0.252814382314682
qwen2_5_0_5b_base,capital:0,capital,chat_template,22,71.44023132324219,10.632990837097168,0.3175605237483978
qwen2_5_0_5b_base,capital:0,capital,chat_template,23,246.28562927246094,16.152063369750977,0.3940950036048889
qwen2_5_0_5b_base,capital:1,capital,raw_question,0,4.513335704803467,0.4491795599460602,0.13359981775283813
qwen2_5_0_5b_base,capital:1,capital,raw_question,1,8.037501335144043,2.8485891819000244,0.1689603477716446
qwen2_5_0_5b_base,capital:1,capital,raw_question,2,8.22414779663086,1.6093790531158447,0.17294882237911224
qwen2_5_0_5b_base,capital:1,capital,raw_question,3,9.55594253540039,1.9269875288009644,0.19228577613830566
qwen2_5_0_5b_base,capital:1,capital,raw_question,4,10.961372375488281,2.8808374404907227,0.21048995852470398
qwen2_5_0_5b_base,capital:1,capital,raw_question,5,11.863019943237305,3.174236536026001,0.21251046657562256
qwen2_5_0_5b_base,capital:1,capital,raw_question,6,13.523981094360352,1.7039700746536255,0.2190040796995163
qwen2_5_0_5b_base,capital:1,capital,raw_question,7,14.746634483337402,2.3875372409820557,0.2192925214767456
qwen2_5_0_5b_base,capital:1,capital,raw_question,8,14.823925971984863,3.5019967555999756,0.20758485794067383
qwen2_5_0_5b_base,capital:1,capital,raw_question,9,15.451085090637207,2.705260992050171,0.20420126616954803
qwen2_5_0_5b_base,capital:1,capital,raw_question,10,15.18652629852295,3.7771878242492676,0.19655965268611908
qwen2_5_0_5b_base,capital:1,capital,raw_question,11,15.621211051940918,2.5468227863311768,0.2002020627260208
qwen2_5_0_5b_base,capital:1,capital,raw_question,12,16.2277889251709,3.0023257732391357,0.2051563858985901
qwen2_5_0_5b_base,capital:1,capital,raw_question,13,17.330839157104492,2.964827299118042,0.20270128548145294
qwen2_5_0_5b_base,capital:1,capital,raw_question,14,18.122562408447266,3.3953890800476074,0.22354426980018616
qwen2_5_0_5b_base,capital:1,capital,raw_question,15,20.0556640625,3.769623041152954,0.245951846241951
qwen2_5_0_5b_base,capital:1,capital,raw_question,16,24.22224235534668,1.8079020977020264,0.27406442165374756
qwen2_5_0_5b_base,capital:1,capital,raw_question,17,28.918319702148438,4.098773002624512,0.25026923418045044
qwen2_5_0_5b_base,capital:1,capital,raw_question,18,32.92886734008789,1.9158234596252441,0.24365675449371338
qwen2_5_0_5b_base,capital:1,capital,raw_question,19,36.67536544799805,3.8144032955169678,0.274661660194397
qwen2_5_0_5b_base,capital:1,capital,raw_question,20,51.17535400390625,10.373652458190918,0.2915697693824768
qwen2_5_0_5b_base,capital:1,capital,raw_question,21,73.10710906982422,15.823307037353516,0.25966477394104004
qwen2_5_0_5b_base,capital:1,capital,raw_question,22,78.85246276855469,5.739344596862793,0.28766804933547974
qwen2_5_0_5b_base,capital:1,capital,raw_question,23,293.21759033203125,12.577499389648438,0.37560492753982544
qwen2_5_0_5b_base,capital:1,capital,declarative,0,5.009950637817383,0.42510613799095154,0.13906331360340118
qwen2_5_0_5b_base,capital:1,capital,declarative,1,8.108735084533691,2.8017964363098145,0.16544318199157715
qwen2_5_0_5b_base,capital:1,capital,declarative,2,8.674311637878418,1.72146737575531,0.17975974082946777
qwen2_5_0_5b_base,capital:1,capital,declarative,3,9.899218559265137,2.374211549758911,0.1930774599313736
qwen2_5_0_5b_base,capital:1,capital,declarative,4,11.474467277526855,3.6203291416168213,0.22359220683574677
qwen2_5_0_5b_base,capital:1,capital,declarative,5,13.634984016418457,3.7340219020843506,0.22127394378185272
qwen2_5_0_5b_base,capital:1,capital,declarative,6,13.529641151428223,2.2595202922821045,0.2296733409166336
qwen2_5_0_5b_base,capital:1,capital,declarative,7,13.919885635375977,3.4243392944335938,0.22359029948711395
qwen2_5_0_5b_base,capital:1,capital,declarative,8,14.262300491333008,4.233490943908691,0.2131609171628952
qwen2_5_0_5b_base,capital:1,capital,declarative,9,14.810521125793457,2.412703514099121,0.20452184975147247
qwen2_5_0_5b_base,capital:1,capital,declarative,10,15.099379539489746,4.124297142028809,0.20614175498485565
qwen2_5_0_5b_base,capital:1,capital,declarative,11,15.288010597229004,2.646440029144287,0.20534448325634003
qwen2_5_0_5b_base,capital:1,capital,declarative,12,15.92093563079834,3.0834224224090576,0.20221160352230072
qwen2_5_0_5b_base,capital:1,capital,declarative,13,17.502429962158203,2.374879837036133,0.1971157193183899
qwen2_5_0_5b_base,capital:1,capital,declarative,14,18.45127296447754,3.8396127223968506,0.22081324458122253
qwen2_5_0_5b_base,capital:1,capital,declarative,15,21.124311447143555,4.521159648895264,0.24140217900276184
qwen2_5_0_5b_base,capital:1,capital,declarative,16,24.453672409057617,1.3049720525741577,0.27001842856407166
qwen2_5_0_5b_base,capital:1,capital,declarative,17,29.14937400817871,4.917562484741211,0.24450522661209106
qwen2_5_0_5b_base,capital:1,capital,declarative,18,35.191917419433594,4.3692240715026855,0.2487967163324356
qwen2_5_0_5b_base,capital:1,capital,declarative,19,37.80820846557617,4.18161153793335,0.2758040130138397
qwen2_5_0_5b_base,capital:1,capital,declarative,20,49.555328369140625,8.892024040222168,0.28981247544288635
qwen2_5_0_5b_base,capital:1,capital,declarative,21,69.88174438476562,20.35955810546875,0.2835066020488739
qwen2_5_0_5b_base,capital:1,capital,declarative,22,81.00910186767578,4.190895080566406,0.33845600485801697
qwen2_5_0_5b_base,capital:1,capital,declarative,23,293.210693359375,10.963991165161133,0.377819299697876
qwen2_5_0_5b_base,capital:1,capital,qa,0,4.133142471313477,0.5514891743659973,0.14077000319957733
qwen2_5_0_5b_base,capital:1,capital,qa,1,6.857412815093994,2.854891061782837,0.17469315230846405
qwen2_5_0_5b_base,capital:1,capital,qa,2,8.79106616973877,2.366866111755371,0.23191432654857635
qwen2_5_0_5b_base,capital:1,capital,qa,3,9.55916976928711,3.06986665725708,0.21945832669734955
qwen2_5_0_5b_base,capital:1,capital,qa,4,10.391304016113281,2.520491600036621,0.21154384315013885
qwen2_5_0_5b_base,capital:1,capital,qa,5,10.922098159790039,3.2524526119232178,0.21023574471473694
qwen2_5_0_5b_base,capital:1,capital,qa,6,12.097610473632812,2.265162944793701,0.22299568355083466
qwen2_5_0_5b_base,capital:1,capital,qa,7,12.117517471313477,2.4844183921813965,0.2193182408809662
qwen2_5_0_5b_base,capital:1,capital,qa,8,13.017975807189941,3.2337429523468018,0.1987062692642212
qwen2_5_0_5b_base,capital:1,capital,qa,9,14.160319328308105,2.9454262256622314,0.20928922295570374
qwen2_5_0_5b_base,capital:1,capital,qa,10,13.044417381286621,3.2000234127044678,0.19707374274730682
qwen2_5_0_5b_base,capital:1,capital,qa,11,14.631668090820312,2.346055269241333,0.20664386451244354
qwen2_5_0_5b_base,capital:1,capital,qa,12,14.98480224609375,3.16667103767395,0.21159377694129944
qwen2_5_0_5b_base,capital:1,capital,qa,13,15.950271606445312,2.7255074977874756,0.21467061340808868
qwen2_5_0_5b_base,capital:1,capital,qa,14,19.470842361450195,6.275035381317139,0.24477596580982208
qwen2_5_0_5b_base,capital:1,capital,qa,15,21.778425216674805,4.475788116455078,0.2620556354522705
qwen2_5_0_5b_base,capital:1,capital,qa,16,23.819948196411133,1.6392955780029297,0.2819601893424988
qwen2_5_0_5b_base,capital:1,capital,qa,17,28.63677406311035,6.685948371887207,0.2532154321670532
qwen2_5_0_5b_base,capital:1,capital,qa,18,36.142940521240234,3.6895923614501953,0.24348269402980804
qwen2_5_0_5b_base,capital:1,capital,qa,19,39.68016815185547,4.370453357696533,0.28704753518104553
qwen2_5_0_5b_base,capital:1,capital,qa,20,47.355560302734375,11.278923034667969,0.3026461601257324
qwen2_5_0_5b_base,capital:1,capital,qa,21,67.11497497558594,21.388626098632812,0.3034900724887848
qwen2_5_0_5b_base,capital:1,capital,qa,22,76.94715118408203,4.422195911407471,0.4418410658836365
qwen2_5_0_5b_base,capital:1,capital,qa,23,254.30642700195312,11.203106880187988,0.46805357933044434
qwen2_5_0_5b_base,capital:1,capital,chat_template,0,3.5954089164733887,0.5919919013977051,0.10476464033126831
qwen2_5_0_5b_base,capital:1,capital,chat_template,1,6.835460186004639,2.8476133346557617,0.16819025576114655
qwen2_5_0_5b_base,capital:1,capital,chat_template,2,7.335461616516113,1.5220094919204712,0.14928513765335083
qwen2_5_0_5b_base,capital:1,capital,chat_template,3,8.344868659973145,2.318419933319092,0.17093203961849213
qwen2_5_0_5b_base,capital:1,capital,chat_template,4,9.541284561157227,2.8215808868408203,0.19391846656799316
qwen2_5_0_5b_base,capital:1,capital,chat_template,5,10.447352409362793,3.900341749191284,0.21083781123161316
qwen2_5_0_5b_base,capital:1,capital,chat_template,6,11.631381034851074,3.0547213554382324,0.2185876965522766
qwen2_5_0_5b_base,capital:1,capital,chat_template,7,13.017687797546387,3.7002525329589844,0.22212660312652588
qwen2_5_0_5b_base,capital:1,capital,chat_template,8,12.68775463104248,4.246127128601074,0.20292730629444122
qwen2_5_0_5b_base,capital:1,capital,chat_template,9,13.121070861816406,2.875481128692627,0.2059756964445114
qwen2_5_0_5b_base,capital:1,capital,chat_template,10,14.434321403503418,3.9766454696655273,0.2051205188035965
qwen2_5_0_5b_base,capital:1,capital,chat_template,11,15.962974548339844,2.37384033203125,0.2216763198375702
qwen2_5_0_5b_base,capital:1,capital,chat_template,12,15.597776412963867,4.03941011428833,0.22381561994552612
qwen2_5_0_5b_base,capital:1,capital,chat_template,13,15.978097915649414,2.9780611991882324,0.22400017082691193
qwen2_5_0_5b_base,capital:1,capital,chat_template,14,19.72327995300293,5.298821449279785,0.2484600692987442
qwen2_5_0_5b_base,capital:1,capital,chat_template,15,20.783710479736328,4.598482131958008,0.2570263147354126
qwen2_5_0_5b_base,capital:1,capital,chat_template,16,23.2503604888916,2.5071394443511963,0.28731799125671387
qwen2_5_0_5b_base,capital:1,capital,chat_template,17,30.09575843811035,5.354398250579834,0.2586309313774109
qwen2_5_0_5b_base,capital:1,capital,chat_template,18,33.866546630859375,3.2834513187408447,0.251095712184906
qwen2_5_0_5b_base,capital:1,capital,chat_template,19,37.489601135253906,3.356748104095459,0.28362712264060974
qwen2_5_0_5b_base,capital:1,capital,chat_template,20,51.108943939208984,10.16672420501709,0.29071521759033203
qwen2_5_0_5b_base,capital:1,capital,chat_template,21,66.69104766845703,26.43752098083496,0.2515909671783447
qwen2_5_0_5b_base,capital:1,capital,chat_template,22,71.82976531982422,11.411643981933594,0.3177538812160492
qwen2_5_0_5b_base,capital:1,capital,chat_template,23,246.263916015625,15.970331192016602,0.3979472219944
qwen2_5_0_5b_base,capital:2,capital,raw_question,0,4.453469276428223,0.44775721430778503,0.1319131851196289
qwen2_5_0_5b_base,capital:2,capital,raw_question,1,7.920016288757324,2.8440709114074707,0.1687246561050415
qwen2_5_0_5b_base,capital:2,capital,raw_question,2,8.096370697021484,1.6071932315826416,0.1716955006122589
qwen2_5_0_5b_base,capital:2,capital,raw_question,3,9.517780303955078,1.9602906703948975,0.19186349213123322
qwen2_5_0_5b_base,capital:2,capital,raw_question,4,10.989944458007812,3.001253128051758,0.21132762730121613
qwen2_5_0_5b_base,capital:2,capital,raw_question,5,11.924382209777832,3.122450590133667,0.21257807314395905
qwen2_5_0_5b_base,capital:2,capital,raw_question,6,13.35927677154541,1.6881399154663086,0.21953211724758148
qwen2_5_0_5b_base,capital:2,capital,raw_question,7,14.519048690795898,2.3389225006103516,0.21918818354606628
qwen2_5_0_5b_base,capital:2,capital,raw_question,8,14.734807968139648,3.5410406589508057,0.20725998282432556
qwen2_5_0_5b_base,capital:2,capital,raw_question,9,15.470093727111816,2.7176151275634766,0.20501355826854706
qwen2_5_0_5b_base,capital:2,capital,raw_question,10,15.215024948120117,3.845609426498413,0.19624650478363037
qwen2_5_0_5b_base,capital:2,capital,raw_question,11,15.619332313537598,2.55564022064209,0.20147979259490967
qwen2_5_0_5b_base,capital:2,capital,raw_question,12,16.236581802368164,2.972346305847168,0.2045670449733734
qwen2_5_0_5b_base,capital:2,capital,raw_question,13,17.32286834716797,3.071943998336792,0.2029905468225479
qwen2_5_0_5b_base,capital:2,capital,raw_question,14,18.06435203552246,3.4904587268829346,0.22238367795944214
qwen2_5_0_5b_base,capital:2,capital,raw_question,15,19.869417190551758,3.6392736434936523,0.2444734126329422
qwen2_5_0_5b_base,capital:2,capital,raw_question,16,24.088275909423828,1.4605894088745117,0.27331483364105225
qwen2_5_0_5b_base,capital:2,capital,raw_question,17,28.675010681152344,4.0466413497924805,0.24965602159500122
qwen2_5_0_5b_base,capital:2,capital,raw_question,18,32.588279724121094,1.8050713539123535,0.24387569725513458
qwen2_5_0_5b_base,capital:2,capital,raw_question,19,36.458736419677734,3.7870471477508545,0.273000031709671
qwen2_5_0_5b_base,capital:2,capital,raw_question,20,50.51395797729492,9.424065589904785,0.2895052134990692
qwen2_5_0_5b_base,capital:2,capital,raw_question,21,72.68424224853516,14.53128433227539,0.2570841908454895
qwen2_5_0_5b_base,capital:2,capital,raw_question,22,77.32796478271484,6.008567810058594,0.28329455852508545
qwen2_5_0_5b_base,capital:2,capital,raw_question,23,290.9378662109375,11.802955627441406,0.37167271971702576
qwen2_5_0_5b_base,capital:2,capital,declarative,0,4.792760848999023,0.4270232319831848,0.1366296261548996
qwen2_5_0_5b_base,capital:2,capital,declarative,1,7.9966139793396,2.762592077255249,0.1646127700805664
qwen2_5_0_5b_base,capital:2,capital,declarative,2,8.514627456665039,1.7210677862167358,0.17864523828029633
qwen2_5_0_5b_base,capital:2,capital,declarative,3,9.877673149108887,2.4190449714660645,0.19360429048538208
qwen2_5_0_5b_base,capital:2,capital,declarative,4,11.41876220703125,3.671001672744751,0.22484664618968964
qwen2_5_0_5b_base,capital:2,capital,declarative,5,14.052014350891113,3.7739548683166504,0.2204137146472931
qwen2_5_0_5b_base,capital:2,capital,declarative,6,13.6267728805542,2.3111326694488525,0.23328740894794464
qwen2_5_0_5b_base,capital:2,capital,declarative,7,13.983467102050781,3.102363348007202,0.22483837604522705
qwen2_5_0_5b_base,capital:2,capital,declarative,8,14.390731811523438,4.520718574523926,0.2132558375597
qwen2_5_0_5b_base,capital:2,capital,declarative,9,14.895659446716309,2.5693814754486084,0.20585569739341736
qwen2_5_0_5b_base,capital:2,capital,declarative,10,15.598193168640137,4.181590557098389,0.20656774938106537
qwen2_5_0_5b_base,capital:2,capital,declarative,11,15.55952262878418,2.682440757751465,0.20746096968650818
qwen2_5_0_5b_base,capital:2,capital,declarative,12,16.161968231201172,3.017892599105835,0.20507176220417023
qwen2_5_0_5b_base,capital:2,capital,declarative,13,17.668933868408203,2.297187566757202,0.19710536301136017
qwen2_5_0_5b_base,capital:2,capital,declarative,14,18.575923919677734,3.7726798057556152,0.2197299301624298
qwen2_5_0_5b_base,capital:2,capital,declarative,15,21.25656509399414,4.673871040344238,0.24133285880088806
qwen2_5_0_5b_base,capital:2,capital,declarative,16,24.711355209350586,1.5341548919677734,0.27029845118522644
qwen2_5_0_5b_base,capital:2,capital,declarative,17,29.218915939331055,5.157557010650635,0.2431083768606186
qwen2_5_0_5b_base,capital:2,capital,declarative,18,35.5843620300293,4.386481761932373,0.24737654626369476
qwen2_5_0_5b_base,capital:2,capital,declarative,19,37.99245071411133,4.1439032554626465,0.2746475040912628
qwen2_5_0_5b_base,capital:2,capital,declarative,20,49.967411041259766,9.481498718261719,0.2895512580871582
qwen2_5_0_5b_base,capital:2,capital,declarative,21,69.93562316894531,21.137880325317383,0.29305076599121094
qwen2_5_0_5b_base,capital:2,capital,declarative,22,80.52659606933594,4.475318908691406,0.3621869385242462
qwen2_5_0_5b_base,capital:2,capital,declarative,23,282.1710205078125,10.415007591247559,0.3940313756465912
qwen2_5_0_5b_base,capital:2,capital,qa,0,4.142090797424316,0.5539845824241638,0.1382252722978592
qwen2_5_0_5b_base,capital:2,capital,qa,1,6.927391529083252,2.8755528926849365,0.17522108554840088
qwen2_5_0_5b_base,capital:2,capital,qa,2,8.864015579223633,2.379016399383545,0.23190248012542725
qwen2_5_0_5b_base,capital:2,capital,qa,3,9.556520462036133,3.0949769020080566,0.21974432468414307
qwen2_5_0_5b_base,capital:2,capital,qa,4,10.405834197998047,2.5174264907836914,0.21168959140777588
qwen2_5_0_5b_base,capital:2,capital,qa,5,10.905939102172852,3.2232565879821777,0.2102944552898407
qwen2_5_0_5b_base,capital:2,capital,qa,6,12.250064849853516,2.331916332244873,0.22328324615955353
qwen2_5_0_5b_base,capital:2,capital,qa,7,12.144914627075195,2.583606243133545,0.22087980806827545
qwen2_5_0_5b_base,capital:2,capital,qa,8,12.982038497924805,3.245002508163452,0.19839748740196228
qwen2_5_0_5b_base,capital:2,capital,qa,9,14.172311782836914,2.8705837726593018,0.20936252176761627
qwen2_5_0_5b_base,capital:2,capital,qa,10,13.098072052001953,3.1962618827819824,0.19869668781757355
qwen2_5_0_5b_base,capital:2,capital,qa,11,14.586856842041016,2.366852283477783,0.20766477286815643
qwen2_5_0_5b_base,capital:2,capital,qa,12,14.981353759765625,3.102066993713379,0.21089422702789307
qwen2_5_0_5b_base,capital:2,capital,qa,13,15.870135307312012,2.7151103019714355,0.21426185965538025
qwen2_5_0_5b_base,capital:2,capital,qa,14,19.550844192504883,6.421471118927002,0.2440754771232605
qwen2_5_0_5b_base,capital:2,capital,qa,15,22.04831314086914,4.447915554046631,0.2624664306640625
qwen2_5_0_5b_base,capital:2,capital,qa,16,24.12813377380371,1.7360408306121826,0.28281110525131226
qwen2_5_0_5b_base,capital:2,capital,qa,17,28.74442481994629,7.301239967346191,0.25256267189979553
qwen2_5_0_5b_base,capital:2,capital,qa,18,36.597938537597656,3.576812267303467,0.24345259368419647
qwen2_5_0_5b_base,capital:2,capital,qa,19,39.3686637878418,4.109036445617676,0.2857007384300232
qwen2_5_0_5b_base,capital:2,capital,qa,20,47.877540588378906,10.752110481262207,0.3016549050807953
qwen2_5_0_5b_base,capital:2,capital,qa,21,64.7037582397461,20.191904067993164,0.3067221939563751
qwen2_5_0_5b_base,capital:2,capital,qa,22,79.9720687866211,3.9810128211975098,0.41730353236198425
qwen2_5_0_5b_base,capital:2,capital,qa,23,255.4695281982422,10.302214622497559,0.45497703552246094
qwen2_5_0_5b_base,capital:2,capital,chat_template,0,3.5962936878204346,0.5918762683868408,0.1046857163310051
qwen2_5_0_5b_base,capital:2,capital,chat_template,1,6.852488994598389,2.847698926925659,0.16756188869476318
qwen2_5_0_5b_base,capital:2,capital,chat_template,2,7.322006702423096,1.5056089162826538,0.14858956634998322
qwen2_5_0_5b_base,capital:2,capital,chat_template,3,8.3414306640625,2.310248851776123,0.17085325717926025
qwen2_5_0_5b_base,capital:2,capital,chat_template,4,9.561806678771973,2.833547830581665,0.19450174272060394
qwen2_5_0_5b_base,capital:2,capital,chat_template,5,10.432861328125,3.936305046081543,0.2107495814561844
qwen2_5_0_5b_base,capital:2,capital,chat_template,6,11.639607429504395,3.105058193206787,0.21910464763641357
qwen2_5_0_5b_base,capital:2,capital,chat_template,7,13.061301231384277,3.7463510036468506,0.22273334860801697
qwen2_5_0_5b_base,capital:2,capital,chat_template,8,12.79471206665039,4.310302257537842,0.20453931391239166
qwen2_5_0_5b_base,capital:2,capital,chat_template,9,13.143370628356934,2.8271350860595703,0.20757098495960236
qwen2_5_0_5b_base,capital:2,capital,chat_template,10,14.44762897491455,3.9859182834625244,0.20507127046585083
qwen2_5_0_5b_base,capital:2,capital,chat_template,11,16.036853790283203,2.3659720420837402,0.2222115844488144
qwen2_5_0_5b_base,capital:2,capital,chat_template,12,15.556779861450195,4.044620990753174,0.22379644215106964
qwen2_5_0_5b_base,capital:2,capital,chat_template,13,15.96770191192627,2.9346230030059814,0.2237672507762909
qwen2_5_0_5b_base,capital:2,capital,chat_template,14,19.727495193481445,5.289425849914551,0.24848616123199463
qwen2_5_0_5b_base,capital:2,capital,chat_template,15,20.82374382019043,4.573436260223389,0.2572392523288727
qwen2_5_0_5b_base,capital:2,capital,chat_template,16,23.2724609375,2.494148015975952,0.28791356086730957
qwen2_5_0_5b_base,capital:2,capital,chat_template,17,30.155351638793945,5.309128761291504,0.25842589139938354
qwen2_5_0_5b_base,capital:2,capital,chat_template,18,33.87305450439453,3.245328903198242,0.25094661116600037
qwen2_5_0_5b_base,capital:2,capital,chat_template,19,37.517398834228516,3.3412961959838867,0.28297048807144165
qwen2_5_0_5b_base,capital:2,capital,chat_template,20,51.07286834716797,10.457119941711426,0.29204046726226807
qwen2_5_0_5b_base,capital:2,capital,chat_template,21,66.42350006103516,25.77312469482422,0.2531339228153229
qwen2_5_0_5b_base,capital:2,capital,chat_template,22,71.73151397705078,12.210861206054688,0.32026612758636475
qwen2_5_0_5b_base,capital:2,capital,chat_template,23,246.36717224121094,16.374916076660156,0.39947107434272766
qwen2_5_0_5b_base,capital:3,capital,raw_question,0,4.365602493286133,0.4580146372318268,0.13259392976760864
qwen2_5_0_5b_base,capital:3,capital,raw_question,1,7.7859883308410645,2.756793737411499,0.16768305003643036
qwen2_5_0_5b_base,capital:3,capital,raw_question,2,7.833366870880127,1.5337598323822021,0.17282019555568695
qwen2_5_0_5b_base,capital:3,capital,raw_question,3,9.157235145568848,2.021414041519165,0.18931861221790314
qwen2_5_0_5b_base,capital:3,capital,raw_question,4,10.571883201599121,2.970341205596924,0.20866438746452332
qwen2_5_0_5b_base,capital:3,capital,raw_question,5,11.80014705657959,3.2522013187408447,0.2145557403564453
qwen2_5_0_5b_base,capital:3,capital,raw_question,6,13.439579963684082,1.6448014974594116,0.22098633646965027
qwen2_5_0_5b_base,capital:3,capital,raw_question,7,15.140332221984863,2.7033379077911377,0.2219354659318924
qwen2_5_0_5b_base,capital:3,capital,raw_question,8,15.014942169189453,3.8565962314605713,0.21125392615795135
qwen2_5_0_5b_base,capital:3,capital,raw_question,9,15.686420440673828,2.6923012733459473,0.207872211933136
qwen2_5_0_5b_base,capital:3,capital,raw_question,10,15.307893753051758,3.871187925338745,0.19912944734096527
qwen2_5_0_5b_base,capital:3,capital,raw_question,11,15.559553146362305,2.532731771469116,0.2016490399837494
qwen2_5_0_5b_base,capital:3,capital,raw_question,12,16.168500900268555,3.097801446914673,0.2073598951101303
qwen2_5_0_5b_base,capital:3,capital,raw_question,13,17.336124420166016,2.8677308559417725,0.20552408695220947
qwen2_5_0_5b_base,capital:3,capital,raw_question,14,18.26053810119629,3.600285530090332,0.2278095781803131
qwen2_5_0_5b_base,capital:3,capital,raw_question,15,20.204057693481445,4.228799819946289,0.25122126936912537
qwen2_5_0_5b_base,capital:3,capital,raw_question,16,24.053966522216797,1.9948034286499023,0.2762916386127472
qwen2_5_0_5b_base,capital:3,capital,raw_question,17,28.797094345092773,4.2152557373046875,0.2506994903087616
qwen2_5_0_5b_base,capital:3,capital,raw_question,18,32.445953369140625,2.277177333831787,0.24397006630897522
qwen2_5_0_5b_base,capital:3,capital,raw_question,19,36.5693244934082,4.676662445068359,0.2779620289802551
qwen2_5_0_5b_base,capital:3,capital,raw_question,20,51.04411315917969,12.502367973327637,0.2928207814693451
qwen2_5_0_5b_base,capital:3,capital,raw_question,21,73.29268646240234,14.584287643432617,0.2547916769981384
qwen2_5_0_5b_base,capital:3,capital,raw_question,22,79.99485778808594,12.723344802856445,0.2868974208831787
qwen2_5_0_5b_base,capital:3,capital,raw_question,23,293.8563232421875,12.06236743927002,0.37375274300575256
qwen2_5_0_5b_base,capital:3,capital,declarative,0,4.702718257904053,0.43472611904144287,0.13345159590244293
qwen2_5_0_5b_base,capital:3,capital,declarative,1,7.985113143920898,2.752492904663086,0.16520003974437714
qwen2_5_0_5b_base,capital:3,capital,declarative,2,8.60379409790039,1.6878747940063477,0.18176108598709106
qwen2_5_0_5b_base,capital:3,capital,declarative,3,9.908622741699219,2.637636423110962,0.19392283260822296
qwen2_5_0_5b_base,capital:3,capital,declarative,4,11.648579597473145,3.9278242588043213,0.22606734931468964
qwen2_5_0_5b_base,capital:3,capital,declarative,5,12.950756072998047,3.718254566192627,0.22278715670108795
qwen2_5_0_5b_base,capital:3,capital,declarative,6,13.19903564453125,2.3659372329711914,0.22888444364070892
qwen2_5_0_5b_base,capital:3,capital,declarative,7,13.618537902832031,3.303295850753784,0.22449688613414764
qwen2_5_0_5b_base,capital:3,capital,declarative,8,13.791138648986816,4.0966796875,0.21161361038684845
qwen2_5_0_5b_base,capital:3,capital,declarative,9,14.240067481994629,2.670074462890625,0.20524783432483673
qwen2_5_0_5b_base,capital:3,capital,declarative,10,14.590683937072754,4.48800802230835,0.20672595500946045
qwen2_5_0_5b_base,capital:3,capital,declarative,11,15.079530715942383,2.8238203525543213,0.20294618606567383
qwen2_5_0_5b_base,capital:3,capital,declarative,12,15.956008911132812,3.183905839920044,0.20487447082996368
qwen2_5_0_5b_base,capital:3,capital,declarative,13,16.953027725219727,2.4740052223205566,0.19692739844322205
qwen2_5_0_5b_base,capital:3,capital,declarative,14,17.551864624023438,4.7464375495910645,0.22349001467227936
qwen2_5_0_5b_base,capital:3,capital,declarative,15,19.9354190826416,4.892752647399902,0.24236176908016205
qwen2_5_0_5b_base,capital:3,capital,declarative,16,22.975873947143555,2.0789148807525635,0.2741811275482178
qwen2_5_0_5b_base,capital:3,capital,declarative,17,28.21681785583496,4.789975166320801,0.24328038096427917
qwen2_5_0_5b_base,capital:3,capital,declarative,18,34.782047271728516,4.538845062255859,0.24849793314933777
qwen2_5_0_5b_base,capital:3,capital,declarative,19,36.63170623779297,4.570868968963623,0.27582013607025146
qwen2_5_0_5b_base,capital:3,capital,declarative,20,48.10545349121094,13.49072265625,0.2908554971218109
qwen2_5_0_5b_base,capital:3,capital,declarative,21,67.95243835449219,24.147876739501953,0.2954697012901306
qwen2_5_0_5b_base,capital:3,capital,declarative,22,81.22758483886719,12.215837478637695,0.3971176743507385
qwen2_5_0_5b_base,capital:3,capital,declarative,23,278.57061767578125,11.82021427154541,0.39586275815963745
qwen2_5_0_5b_base,capital:3,capital,qa,0,4.116730690002441,0.5559672713279724,0.13776783645153046
qwen2_5_0_5b_base,capital:3,capital,qa,1,6.888208866119385,2.849163770675659,0.1742665320634842
qwen2_5_0_5b_base,capital:3,capital,qa,2,8.878780364990234,2.430001974105835,0.23259682953357697
qwen2_5_0_5b_base,capital:3,capital,qa,3,9.427231788635254,3.1456353664398193,0.22012226283550262
qwen2_5_0_5b_base,capital:3,capital,qa,4,10.468750953674316,2.545605182647705,0.21082572638988495
qwen2_5_0_5b_base,capital:3,capital,qa,5,10.897258758544922,3.1436517238616943,0.2106023132801056
qwen2_5_0_5b_base,capital:3,capital,qa,6,12.259346008300781,2.278691530227661,0.22242821753025055
qwen2_5_0_5b_base,capital:3,capital,qa,7,12.171441078186035,2.3894500732421875,0.2203032374382019
qwen2_5_0_5b_base,capital:3,capital,qa,8,13.120232582092285,3.3068881034851074,0.19981257617473602
qwen2_5_0_5b_base,capital:3,capital,qa,9,14.380789756774902,2.926867961883545,0.2110033482313156
qwen2_5_0_5b_base,capital:3,capital,qa,10,13.110160827636719,3.2651007175445557,0.19805927574634552
qwen2_5_0_5b_base,capital:3,capital,qa,11,14.74181842803955,2.307434558868408,0.20718318223953247
qwen2_5_0_5b_base,capital:3,capital,qa,12,15.220926284790039,3.1621546745300293,0.21373577415943146
qwen2_5_0_5b_base,capital:3,capital,qa,13,16.058563232421875,2.67923903465271,0.21532540023326874
qwen2_5_0_5b_base,capital:3,capital,qa,14,19.560474395751953,6.668516635894775,0.24302005767822266
qwen2_5_0_5b_base,capital:3,capital,qa,15,22.005064010620117,4.700728893280029,0.261739045381546
qwen2_5_0_5b_base,capital:3,capital,qa,16,24.069494247436523,1.5344163179397583,0.28093111515045166
qwen2_5_0_5b_base,capital:3,capital,qa,17,28.57442855834961,6.719786643981934,0.2538200318813324
qwen2_5_0_5b_base,capital:3,capital,qa,18,34.857276916503906,3.539168357849121,0.24245096743106842
qwen2_5_0_5b_base,capital:3,capital,qa,19,38.43095779418945,4.554199695587158,0.2843569815158844
qwen2_5_0_5b_base,capital:3,capital,qa,20,47.45871353149414,13.144137382507324,0.3041154444217682
qwen2_5_0_5b_base,capital:3,capital,qa,21,70.20764923095703,22.115785598754883,0.29973629117012024
qwen2_5_0_5b_base,capital:3,capital,qa,22,82.75910949707031,9.418866157531738,0.4575188159942627
qwen2_5_0_5b_base,capital:3,capital,qa,23,267.93634033203125,12.428821563720703,0.4705507755279541
qwen2_5_0_5b_base,capital:3,capital,chat_template,0,3.573323965072632,0.5942734479904175,0.10441551357507706
qwen2_5_0_5b_base,capital:3,capital,chat_template,1,6.797007083892822,2.837597131729126,0.16735447943210602
qwen2_5_0_5b_base,capital:3,capital,chat_template,2,7.280220985412598,1.5101231336593628,0.14836806058883667
qwen2_5_0_5b_base,capital:3,capital,chat_template,3,8.304219245910645,2.3046581745147705,0.1700669825077057
qwen2_5_0_5b_base,capital:3,capital,chat_template,4,9.588190078735352,2.8644704818725586,0.19451603293418884
qwen2_5_0_5b_base,capital:3,capital,chat_template,5,10.395044326782227,3.867954969406128,0.21067774295806885
qwen2_5_0_5b_base,capital:3,capital,chat_template,6,11.426755905151367,2.968445062637329,0.21822823584079742
qwen2_5_0_5b_base,capital:3,capital,chat_template,7,12.990771293640137,3.642910957336426,0.2212338149547577
qwen2_5_0_5b_base,capital:3,capital,chat_template,8,12.644891738891602,4.279523849487305,0.2042129933834076
qwen2_5_0_5b_base,capital:3,capital,chat_template,9,13.050491333007812,2.8730478286743164,0.20790719985961914
qwen2_5_0_5b_base,capital:3,capital,chat_template,10,14.357564926147461,3.9215517044067383,0.20516790449619293
qwen2_5_0_5b_base,capital:3,capital,chat_template,11,15.783331871032715,2.3996665477752686,0.22156953811645508
qwen2_5_0_5b_base,capital:3,capital,chat_template,12,15.51755428314209,4.156032085418701,0.2244783192873001
qwen2_5_0_5b_base,capital:3,capital,chat_template,13,15.698384284973145,2.959089994430542,0.2225922793149948
qwen2_5_0_5b_base,capital:3,capital,chat_template,14,19.269941329956055,5.1020636558532715,0.24767237901687622
qwen2_5_0_5b_base,capital:3,capital,chat_template,15,20.1910457611084,4.566503524780273,0.25718075037002563
qwen2_5_0_5b_base,capital:3,capital,chat_template,16,22.866008758544922,2.396221160888672,0.2890484929084778
qwen2_5_0_5b_base,capital:3,capital,chat_template,17,29.723304748535156,5.296382427215576,0.26124417781829834
qwen2_5_0_5b_base,capital:3,capital,chat_template,18,33.63771438598633,3.2636373043060303,0.2541177570819855
qwen2_5_0_5b_base,capital:3,capital,chat_template,19,37.43912124633789,3.475294828414917,0.2863011956214905
qwen2_5_0_5b_base,capital:3,capital,chat_template,20,51.213504791259766,10.104615211486816,0.28860098123550415
qwen2_5_0_5b_base,capital:3,capital,chat_template,21,66.80900573730469,25.99934196472168,0.2495625615119934
qwen2_5_0_5b_base,capital:3,capital,chat_template,22,71.9390640258789,12.461658477783203,0.3181260824203491
qwen2_5_0_5b_base,capital:3,capital,chat_template,23,246.0663299560547,14.467096328735352,0.3995296359062195
qwen2_5_0_5b_base,capital:4,capital,raw_question,0,4.404455661773682,0.4619687497615814,0.1317053735256195
qwen2_5_0_5b_base,capital:4,capital,raw_question,1,7.885011672973633,2.797433614730835,0.16934709250926971
qwen2_5_0_5b_base,capital:4,capital,raw_question,2,8.015569686889648,1.5926655530929565,0.17254042625427246
qwen2_5_0_5b_base,capital:4,capital,raw_question,3,9.46424674987793,1.9474494457244873,0.1914578676223755
qwen2_5_0_5b_base,capital:4,capital,raw_question,4,11.121651649475098,3.23857045173645,0.21236048638820648
qwen2_5_0_5b_base,capital:4,capital,raw_question,5,11.736100196838379,3.0941343307495117,0.2122209519147873
qwen2_5_0_5b_base,capital:4,capital,raw_question,6,13.070247650146484,1.656976342201233,0.21598002314567566
qwen2_5_0_5b_base,capital:4,capital,raw_question,7,14.27466869354248,2.280484676361084,0.21604779362678528
qwen2_5_0_5b_base,capital:4,capital,raw_question,8,14.515421867370605,3.6588540077209473,0.20627328753471375
qwen2_5_0_5b_base,capital:4,capital,raw_question,9,15.184320449829102,2.6534924507141113,0.20221221446990967
qwen2_5_0_5b_base,capital:4,capital,raw_question,10,15.103697776794434,3.766512870788574,0.19568058848381042
qwen2_5_0_5b_base,capital:4,capital,raw_question,11,15.580806732177734,2.5512619018554688,0.20078451931476593
qwen2_5_0_5b_base,capital:4,capital,raw_question,12,16.178739547729492,2.998074769973755,0.2059948593378067
qwen2_5_0_5b_base,capital:4,capital,raw_question,13,17.27194595336914,3.0025315284729004,0.20345215499401093
qwen2_5_0_5b_base,capital:4,capital,raw_question,14,18.010282516479492,3.4552669525146484,0.2231106013059616
qwen2_5_0_5b_base,capital:4,capital,raw_question,15,19.80473518371582,3.807385206222534,0.24528174102306366
qwen2_5_0_5b_base,capital:4,capital,raw_question,16,24.029491424560547,1.4376044273376465,0.27368035912513733
qwen2_5_0_5b_base,capital:4,capital,raw_question,17,28.760852813720703,3.986459732055664,0.24915365874767303
qwen2_5_0_5b_base,capital:4,capital,raw_question,18,32.614288330078125,1.8469704389572144,0.2421635538339615
qwen2_5_0_5b_base,capital:4,capital,raw_question,19,36.535789489746094,3.980106830596924,0.27408260107040405
qwen2_5_0_5b_base,capital:4,capital,raw_question,20,50.95076370239258,10.35111141204834,0.2910507023334503
qwen2_5_0_5b_base,capital:4,capital,raw_question,21,73.19244384765625,16.147974014282227,0.2598995864391327
qwen2_5_0_5b_base,capital:4,capital,raw_question,22,78.31060791015625,4.527639389038086,0.288767009973526
qwen2_5_0_5b_base,capital:4,capital,raw_question,23,291.5032043457031,13.450417518615723,0.37667402625083923
qwen2_5_0_5b_base,capital:4,capital,declarative,0,4.868041515350342,0.4378676116466522,0.13656052947044373
qwen2_5_0_5b_base,capital:4,capital,declarative,1,8.016024589538574,2.7794265747070312,0.1637292206287384
qwen2_5_0_5b_base,capital:4,capital,declarative,2,8.443098068237305,1.7474786043167114,0.17646396160125732
qwen2_5_0_5b_base,capital:4,capital,declarative,3,9.87773323059082,2.3430676460266113,0.1921244114637375
qwen2_5_0_5b_base,capital:4,capital,declarative,4,12.112597465515137,3.9626083374023438,0.22591686248779297
qwen2_5_0_5b_base,capital:4,capital,declarative,5,13.18322467803955,3.8129312992095947,0.21827203035354614
qwen2_5_0_5b_base,capital:4,capital,declarative,6,13.608077049255371,2.299445867538452,0.2270660698413849
qwen2_5_0_5b_base,capital:4,capital,declarative,7,14.159964561462402,3.318701982498169,0.2212529480457306
qwen2_5_0_5b_base,capital:4,capital,declarative,8,14.42886734008789,4.487703323364258,0.21316851675510406
qwen2_5_0_5b_base,capital:4,capital,declarative,9,14.84701156616211,2.3969762325286865,0.2064068615436554
qwen2_5_0_5b_base,capital:4,capital,declarative,10,15.458736419677734,4.059720516204834,0.20874302089214325
qwen2_5_0_5b_base,capital:4,capital,declarative,11,15.724693298339844,2.822169542312622,0.20827333629131317
qwen2_5_0_5b_base,capital:4,capital,declarative,12,16.6546573638916,3.1750388145446777,0.20600853860378265
qwen2_5_0_5b_base,capital:4,capital,declarative,13,18.102243423461914,2.3265347480773926,0.19953350722789764
qwen2_5_0_5b_base,capital:4,capital,declarative,14,19.023012161254883,4.021702289581299,0.225260928273201
qwen2_5_0_5b_base,capital:4,capital,declarative,15,21.54081916809082,4.666347026824951,0.2430904358625412
qwen2_5_0_5b_base,capital:4,capital,declarative,16,24.72503662109375,1.2838577032089233,0.2708436846733093
qwen2_5_0_5b_base,capital:4,capital,declarative,17,29.018953323364258,4.896137714385986,0.24263392388820648
qwen2_5_0_5b_base,capital:4,capital,declarative,18,35.34199905395508,3.929551124572754,0.2464444488286972
qwen2_5_0_5b_base,capital:4,capital,declarative,19,37.367774963378906,4.142509937286377,0.2737012207508087
qwen2_5_0_5b_base,capital:4,capital,declarative,20,48.740570068359375,10.45423698425293,0.289094477891922
qwen2_5_0_5b_base,capital:4,capital,declarative,21,68.48145294189453,21.713382720947266,0.29537126421928406
qwen2_5_0_5b_base,capital:4,capital,declarative,22,80.54258728027344,4.756424427032471,0.3856264054775238
qwen2_5_0_5b_base,capital:4,capital,declarative,23,276.7938232421875,10.285555839538574,0.4043288826942444
qwen2_5_0_5b_base,capital:4,capital,qa,0,4.085970878601074,0.5539310574531555,0.1371050924062729
qwen2_5_0_5b_base,capital:4,capital,qa,1,6.865466594696045,2.8480701446533203,0.17478127777576447
qwen2_5_0_5b_base,capital:4,capital,qa,2,8.897209167480469,2.3852040767669678,0.23313884437084198
qwen2_5_0_5b_base,capital:4,capital,qa,3,9.541011810302734,3.1552975177764893,0.22069619596004486
qwen2_5_0_5b_base,capital:4,capital,qa,4,10.357370376586914,2.550854444503784,0.21151626110076904
qwen2_5_0_5b_base,capital:4,capital,qa,5,10.890027046203613,3.16902494430542,0.2096538543701172
qwen2_5_0_5b_base,capital:4,capital,qa,6,12.239171981811523,2.333223819732666,0.22227568924427032
qwen2_5_0_5b_base,capital:4,capital,qa,7,12.232320785522461,2.4352355003356934,0.2195236086845398
qwen2_5_0_5b_base,capital:4,capital,qa,8,12.987472534179688,3.246560573577881,0.1992449313402176
qwen2_5_0_5b_base,capital:4,capital,qa,9,14.117395401000977,2.950798988342285,0.20802193880081177
qwen2_5_0_5b_base,capital:4,capital,qa,10,13.16229248046875,3.1922264099121094,0.19692327082157135
qwen2_5_0_5b_base,capital:4,capital,qa,11,14.618480682373047,2.4726643562316895,0.20558184385299683
qwen2_5_0_5b_base,capital:4,capital,qa,12,15.024466514587402,3.056983709335327,0.210751011967659
qwen2_5_0_5b_base,capital:4,capital,qa,13,15.782960891723633,2.641519069671631,0.21305601298809052
qwen2_5_0_5b_base,capital:4,capital,qa,14,19.3958797454834,6.2831878662109375,0.2442847341299057
qwen2_5_0_5b_base,capital:4,capital,qa,15,21.917734146118164,4.463241100311279,0.2619270384311676
qwen2_5_0_5b_base,capital:4,capital,qa,16,24.005001068115234,1.7147969007492065,0.28311657905578613
qwen2_5_0_5b_base,capital:4,capital,qa,17,28.63541030883789,6.709362506866455,0.25394558906555176
qwen2_5_0_5b_base,capital:4,capital,qa,18,37.43174743652344,3.387220859527588,0.24403496086597443
qwen2_5_0_5b_base,capital:4,capital,qa,19,39.69221496582031,4.340882778167725,0.28654220700263977
qwen2_5_0_5b_base,capital:4,capital,qa,20,48.00766372680664,12.668377876281738,0.29986581206321716
qwen2_5_0_5b_base,capital:4,capital,qa,21,69.28117370605469,21.681842803955078,0.3115231394767761
qwen2_5_0_5b_base,capital:4,capital,qa,22,82.94750213623047,4.568458080291748,0.4669274687767029
qwen2_5_0_5b_base,capital:4,capital,qa,23,252.10272216796875,11.864272117614746,0.4845432937145233
qwen2_5_0_5b_base,capital:4,capital,chat_template,0,3.583911180496216,0.5935196876525879,0.10472995042800903
qwen2_5_0_5b_base,capital:4,capital,chat_template,1,6.819889545440674,2.8429338932037354,0.16782796382904053
qwen2_5_0_5b_base,capital:4,capital,chat_template,2,7.309578895568848,1.5100984573364258,0.1488179862499237
qwen2_5_0_5b_base,capital:4,capital,chat_template,3,8.334511756896973,2.3233277797698975,0.1710086613893509
qwen2_5_0_5b_base,capital:4,capital,chat_template,4,9.56874942779541,2.845106601715088,0.19420598447322845
qwen2_5_0_5b_base,capital:4,capital,chat_template,5,10.46175765991211,3.915926933288574,0.21088971197605133
qwen2_5_0_5b_base,capital:4,capital,chat_template,6,11.578897476196289,3.0622236728668213,0.21876490116119385
qwen2_5_0_5b_base,capital:4,capital,chat_template,7,13.007071495056152,3.68967866897583,0.22195886075496674
qwen2_5_0_5b_base,capital:4,capital,chat_template,8,12.67257308959961,4.242535591125488,0.20355474948883057
qwen2_5_0_5b_base,capital:4,capital,chat_template,9,13.13215446472168,2.8628716468811035,0.20618930459022522
qwen2_5_0_5b_base,capital:4,capital,chat_template,10,14.52942180633545,4.069442272186279,0.20568403601646423
qwen2_5_0_5b_base,capital:4,capital,chat_template,11,15.91207218170166,2.405526638031006,0.2218143492937088
qwen2_5_0_5b_base,capital:4,capital,chat_template,12,15.441978454589844,4.059786319732666,0.22320450842380524
qwen2_5_0_5b_base,capital:4,capital,chat_template,13,15.916605949401855,2.9932305812835693,0.22288532555103302
qwen2_5_0_5b_base,capital:4,capital,chat_template,14,19.66324806213379,5.25156831741333,0.24868136644363403
qwen2_5_0_5b_base,capital:4,capital,chat_template,15,20.801795959472656,4.57643985748291,0.25704970955848694
qwen2_5_0_5b_base,capital:4,capital,chat_template,16,23.27021598815918,2.4890105724334717,0.2879607081413269
qwen2_5_0_5b_base,capital:4,capital,chat_template,17,29.980594635009766,5.342839241027832,0.2593275308609009
qwen2_5_0_5b_base,capital:4,capital,chat_template,18,33.67378234863281,3.3402962684631348,0.2518340051174164
qwen2_5_0_5b_base,capital:4,capital,chat_template,19,37.33820343017578,3.35258412361145,0.28405213356018066
qwen2_5_0_5b_base,capital:4,capital,chat_template,20,50.81018829345703,10.304187774658203,0.29059386253356934
qwen2_5_0_5b_base,capital:4,capital,chat_template,21,66.50382995605469,26.988441467285156,0.252057284116745
qwen2_5_0_5b_base,capital:4,capital,chat_template,22,70.59822082519531,10.858352661132812,0.32064828276634216
qwen2_5_0_5b_base,capital:4,capital,chat_template,23,248.86819458007812,17.63999366760254,0.39445948600769043
qwen2_5_0_5b_base,capital:5,capital,raw_question,0,4.331345558166504,0.45738279819488525,0.130731463432312
qwen2_5_0_5b_base,capital:5,capital,raw_question,1,8.065013885498047,2.7728772163391113,0.16621209681034088
qwen2_5_0_5b_base,capital:5,capital,raw_question,2,8.001002311706543,1.5004442930221558,0.17045214772224426
qwen2_5_0_5b_base,capital:5,capital,raw_question,3,9.346149444580078,1.8590784072875977,0.18991807103157043
qwen2_5_0_5b_base,capital:5,capital,raw_question,4,10.544384956359863,2.700195550918579,0.21016085147857666
qwen2_5_0_5b_base,capital:5,capital,raw_question,5,11.936016082763672,3.1332976818084717,0.21314610540866852
qwen2_5_0_5b_base,capital:5,capital,raw_question,6,13.7417573928833,1.650220513343811,0.22342531383037567
qwen2_5_0_5b_base,capital:5,capital,raw_question,7,15.024206161499023,2.5651421546936035,0.2235030084848404
qwen2_5_0_5b_base,capital:5,capital,raw_question,8,14.95229721069336,3.3447461128234863,0.2086666226387024
qwen2_5_0_5b_base,capital:5,capital,raw_question,9,15.634825706481934,2.6855711936950684,0.20624536275863647
qwen2_5_0_5b_base,capital:5,capital,raw_question,10,15.061783790588379,3.8101184368133545,0.1970142275094986
qwen2_5_0_5b_base,capital:5,capital,raw_question,11,15.43948745727539,2.527106285095215,0.19832786917686462
qwen2_5_0_5b_base,capital:5,capital,raw_question,12,16.116140365600586,2.9753360748291016,0.2054750770330429
qwen2_5_0_5b_base,capital:5,capital,raw_question,13,17.36009407043457,2.7662153244018555,0.2038336545228958
qwen2_5_0_5b_base,capital:5,capital,raw_question,14,18.383249282836914,3.3762409687042236,0.2256803959608078
qwen2_5_0_5b_base,capital:5,capital,raw_question,15,20.045530319213867,4.266657829284668,0.250531405210495
qwen2_5_0_5b_base,capital:5,capital,raw_question,16,23.50391387939453,2.0550789833068848,0.27481019496917725
qwen2_5_0_5b_base,capital:5,capital,raw_question,17,27.97028350830078,4.169707775115967,0.2532844543457031
qwen2_5_0_5b_base,capital:5,capital,raw_question,18,32.225101470947266,2.5417165756225586,0.2498822659254074
qwen2_5_0_5b_base,capital:5,capital,raw_question,19,36.78169631958008,4.60741662979126,0.2831026315689087
qwen2_5_0_5b_base,capital:5,capital,raw_question,20,51.05355453491211,13.18720531463623,0.298438161611557
qwen2_5_0_5b_base,capital:5,capital,raw_question,21,75.54882049560547,15.687714576721191,0.2587881088256836
qwen2_5_0_5b_base,capital:5,capital,raw_question,22,81.72696685791016,9.40622329711914,0.29829463362693787
qwen2_5_0_5b_base,capital:5,capital,raw_question,23,292.22015380859375,13.921086311340332,0.3815929591655731
qwen2_5_0_5b_base,capital:5,capital,declarative,0,4.7835164070129395,0.42866039276123047,0.1323215216398239
qwen2_5_0_5b_base,capital:5,capital,declarative,1,7.884241580963135,2.7241475582122803,0.1626070737838745
qwen2_5_0_5b_base,capital:5,capital,declarative,2,8.347098350524902,1.490906834602356,0.17945155501365662
qwen2_5_0_5b_base,capital:5,capital,declarative,3,9.643401145935059,2.3325111865997314,0.18715408444404602
qwen2_5_0_5b_base,capital:5,capital,declarative,4,11.36698055267334,3.6893470287323,0.22350101172924042
qwen2_5_0_5b_base,capital:5,capital,declarative,5,13.825546264648438,3.7181615829467773,0.2201017290353775
qwen2_5_0_5b_base,capital:5,capital,declarative,6,13.87165641784668,2.4405877590179443,0.2333754003047943
qwen2_5_0_5b_base,capital:5,capital,declarative,7,14.328781127929688,3.2674241065979004,0.22700703144073486
qwen2_5_0_5b_base,capital:5,capital,declarative,8,14.450757026672363,4.070722579956055,0.21260803937911987
qwen2_5_0_5b_base,capital:5,capital,declarative,9,14.718897819519043,2.647998332977295,0.2052932232618332
qwen2_5_0_5b_base,capital:5,capital,declarative,10,15.365188598632812,4.269874572753906,0.20969252288341522
qwen2_5_0_5b_base,capital:5,capital,declarative,11,15.661953926086426,2.7314510345458984,0.20205941796302795
qwen2_5_0_5b_base,capital:5,capital,declarative,12,16.61318588256836,3.0501933097839355,0.2058626413345337
qwen2_5_0_5b_base,capital:5,capital,declarative,13,17.864931106567383,2.198826313018799,0.19670242071151733
qwen2_5_0_5b_base,capital:5,capital,declarative,14,18.72488784790039,4.487287521362305,0.22193196415901184
qwen2_5_0_5b_base,capital:5,capital,declarative,15,21.455352783203125,4.632191181182861,0.24157536029815674
qwen2_5_0_5b_base,capital:5,capital,declarative,16,24.867799758911133,1.6606111526489258,0.2735745906829834
qwen2_5_0_5b_base,capital:5,capital,declarative,17,29.628145217895508,5.204063892364502,0.2397981733083725
qwen2_5_0_5b_base,capital:5,capital,declarative,18,36.7159538269043,4.862565040588379,0.24798579514026642
qwen2_5_0_5b_base,capital:5,capital,declarative,19,38.67638397216797,4.262608051300049,0.2774573266506195
qwen2_5_0_5b_base,capital:5,capital,declarative,20,48.53007125854492,12.049943923950195,0.2939496636390686
qwen2_5_0_5b_base,capital:5,capital,declarative,21,73.6357192993164,21.21091651916504,0.2935965061187744
qwen2_5_0_5b_base,capital:5,capital,declarative,22,83.37018585205078,5.117556095123291,0.39491939544677734
qwen2_5_0_5b_base,capital:5,capital,declarative,23,267.2065124511719,11.473638534545898,0.41233760118484497
qwen2_5_0_5b_base,capital:5,capital,qa,0,4.13641357421875,0.5568716526031494,0.13684839010238647
qwen2_5_0_5b_base,capital:5,capital,qa,1,6.9308342933654785,2.863973617553711,0.17487478256225586
qwen2_5_0_5b_base,capital:5,capital,qa,2,8.868093490600586,2.4207546710968018,0.2319389432668686
qwen2_5_0_5b_base,capital:5,capital,qa,3,9.56325626373291,3.2170333862304688,0.2202920913696289
qwen2_5_0_5b_base,capital:5,capital,qa,4,10.43600082397461,2.5867087841033936,0.21097604930400848
qwen2_5_0_5b_base,capital:5,capital,qa,5,10.981156349182129,3.058759927749634,0.2111504226922989
qwen2_5_0_5b_base,capital:5,capital,qa,6,12.25497817993164,2.297734498977661,0.22311991453170776
qwen2_5_0_5b_base,capital:5,capital,qa,7,12.313192367553711,2.204315185546875,0.21961288154125214
qwen2_5_0_5b_base,capital:5,capital,qa,8,12.983145713806152,3.2289633750915527,0.19930237531661987
qwen2_5_0_5b_base,capital:5,capital,qa,9,14.414405822753906,3.0678906440734863,0.21132102608680725
qwen2_5_0_5b_base,capital:5,capital,qa,10,13.11646842956543,3.2587971687316895,0.19953922927379608
qwen2_5_0_5b_base,capital:5,capital,qa,11,14.85503101348877,2.344693183898926,0.20846787095069885
qwen2_5_0_5b_base,capital:5,capital,qa,12,15.25879192352295,3.1709702014923096,0.2145576924085617
qwen2_5_0_5b_base,capital:5,capital,qa,13,16.07666015625,2.68045711517334,0.21519704163074493
qwen2_5_0_5b_base,capital:5,capital,qa,14,19.456735610961914,6.362858772277832,0.2448616325855255
qwen2_5_0_5b_base,capital:5,capital,qa,15,21.948486328125,4.8399481773376465,0.26317572593688965
qwen2_5_0_5b_base,capital:5,capital,qa,16,23.964174270629883,1.3665056228637695,0.2821315824985504
qwen2_5_0_5b_base,capital:5,capital,qa,17,28.122989654541016,5.760136127471924,0.25196948647499084
qwen2_5_0_5b_base,capital:5,capital,qa,18,35.32880783081055,4.064108848571777,0.24394936859607697
qwen2_5_0_5b_base,capital:5,capital,qa,19,38.875389099121094,4.315440654754639,0.28967615962028503
qwen2_5_0_5b_base,capital:5,capital,qa,20,47.123008728027344,12.839397430419922,0.30127307772636414
qwen2_5_0_5b_base,capital:5,capital,qa,21,76.63626098632812,20.215076446533203,0.29406842589378357
qwen2_5_0_5b_base,capital:5,capital,qa,22,83.80596160888672,5.772095203399658,0.42389416694641113
qwen2_5_0_5b_base,capital:5,capital,qa,23,259.1897277832031,13.110169410705566,0.45644959807395935
qwen2_5_0_5b_base,capital:5,capital,chat_template,0,3.5827033519744873,0.592259407043457,0.10448548942804337
qwen2_5_0_5b_base,capital:5,capital,chat_template,1,6.7763872146606445,2.819220542907715,0.16766782104969025
qwen2_5_0_5b_base,capital:5,capital,chat_template,2,7.2636919021606445,1.4843111038208008,0.14813287556171417
qwen2_5_0_5b_base,capital:5,capital,chat_template,3,8.369129180908203,2.2826483249664307,0.17018276453018188
qwen2_5_0_5b_base,capital:5,capital,chat_template,4,9.658493995666504,2.951948642730713,0.19529515504837036
qwen2_5_0_5b_base,capital:5,capital,chat_template,5,10.687492370605469,4.070967674255371,0.21263548731803894
qwen2_5_0_5b_base,capital:5,capital,chat_template,6,11.690797805786133,3.0148134231567383,0.2214268147945404
qwen2_5_0_5b_base,capital:5,capital,chat_template,7,13.21017074584961,3.5933055877685547,0.2217431366443634
qwen2_5_0_5b_base,capital:5,capital,chat_template,8,12.743831634521484,4.258835792541504,0.20481254160404205
qwen2_5_0_5b_base,capital:5,capital,chat_template,9,13.024651527404785,2.7860827445983887,0.20634543895721436
qwen2_5_0_5b_base,capital:5,capital,chat_template,10,14.391200065612793,4.010799407958984,0.20557017624378204
qwen2_5_0_5b_base,capital:5,capital,chat_template,11,15.592072486877441,2.417752981185913,0.2198336273431778
qwen2_5_0_5b_base,capital:5,capital,chat_template,12,15.405595779418945,4.043707847595215,0.22176024317741394
qwen2_5_0_5b_base,capital:5,capital,chat_template,13,15.777534484863281,2.9296741485595703,0.22229282557964325
qwen2_5_0_5b_base,capital:5,capital,chat_template,14,19.547714233398438,5.217641353607178,0.24721641838550568
qwen2_5_0_5b_base,capital:5,capital,chat_template,15,20.379249572753906,4.539461135864258,0.2566737234592438
qwen2_5_0_5b_base,capital:5,capital,chat_template,16,23.138450622558594,2.472895383834839,0.2885868549346924
qwen2_5_0_5b_base,capital:5,capital,chat_template,17,29.626564025878906,5.193322658538818,0.2622070014476776
qwen2_5_0_5b_base,capital:5,capital,chat_template,18,33.59347915649414,3.1807124614715576,0.2561931908130646
qwen2_5_0_5b_base,capital:5,capital,chat_template,19,37.651336669921875,3.539851665496826,0.2894810736179352
qwen2_5_0_5b_base,capital:5,capital,chat_template,20,51.10348129272461,10.068486213684082,0.2898162305355072
qwen2_5_0_5b_base,capital:5,capital,chat_template,21,67.16683197021484,25.775287628173828,0.24971440434455872
qwen2_5_0_5b_base,capital:5,capital,chat_template,22,70.64105224609375,10.152145385742188,0.31948214769363403
qwen2_5_0_5b_base,capital:5,capital,chat_template,23,246.17738342285156,15.528392791748047,0.39494919776916504
qwen2_5_0_5b_base,capital:6,capital,raw_question,0,4.486272811889648,0.45437926054000854,0.1346255987882614
qwen2_5_0_5b_base,capital:6,capital,raw_question,1,7.904480934143066,2.825535297393799,0.17009253799915314
qwen2_5_0_5b_base,capital:6,capital,raw_question,2,8.011313438415527,1.6570498943328857,0.17211121320724487
qwen2_5_0_5b_base,capital:6,capital,raw_question,3,9.452473640441895,1.872371792793274,0.19286231696605682
qwen2_5_0_5b_base,capital:6,capital,raw_question,4,10.872542381286621,2.851188898086548,0.2106884866952896
qwen2_5_0_5b_base,capital:6,capital,raw_question,5,12.069075584411621,3.1286861896514893,0.2139248549938202
qwen2_5_0_5b_base,capital:6,capital,raw_question,6,13.591887474060059,1.6595255136489868,0.22094763815402985
qwen2_5_0_5b_base,capital:6,capital,raw_question,7,14.674005508422852,2.3870322704315186,0.21983352303504944
qwen2_5_0_5b_base,capital:6,capital,raw_question,8,14.696393966674805,3.5982589721679688,0.20717169344425201
qwen2_5_0_5b_base,capital:6,capital,raw_question,9,15.408186912536621,2.671201229095459,0.20430848002433777
qwen2_5_0_5b_base,capital:6,capital,raw_question,10,15.152539253234863,3.7608253955841064,0.19583678245544434
qwen2_5_0_5b_base,capital:6,capital,raw_question,11,15.480960845947266,2.5384960174560547,0.20009155571460724
qwen2_5_0_5b_base,capital:6,capital,raw_question,12,16.158422470092773,2.853945732116699,0.20376209914684296
qwen2_5_0_5b_base,capital:6,capital,raw_question,13,17.308494567871094,2.9718408584594727,0.20179322361946106
qwen2_5_0_5b_base,capital:6,capital,raw_question,14,18.042583465576172,3.4722976684570312,0.2220095545053482
qwen2_5_0_5b_base,capital:6,capital,raw_question,15,20.030147552490234,3.663175106048584,0.24416983127593994
qwen2_5_0_5b_base,capital:6,capital,raw_question,16,24.249300003051758,1.4586602449417114,0.27294042706489563
qwen2_5_0_5b_base,capital:6,capital,raw_question,17,28.765331268310547,4.124989986419678,0.2494780421257019
qwen2_5_0_5b_base,capital:6,capital,raw_question,18,32.683692932128906,1.7891180515289307,0.24395550787448883
qwen2_5_0_5b_base,capital:6,capital,raw_question,19,36.38888168334961,3.372955083847046,0.27239087224006653
qwen2_5_0_5b_base,capital:6,capital,raw_question,20,50.10166549682617,9.327284812927246,0.2868931293487549
qwen2_5_0_5b_base,capital:6,capital,raw_question,21,72.4327163696289,14.21447467803955,0.25513017177581787
qwen2_5_0_5b_base,capital:6,capital,raw_question,22,77.40425872802734,3.807311773300171,0.28235483169555664
qwen2_5_0_5b_base,capital:6,capital,raw_question,23,291.01507568359375,11.173254013061523,0.3686046600341797
qwen2_5_0_5b_base,capital:6,capital,declarative,0,4.939140796661377,0.4322298467159271,0.13949555158615112
qwen2_5_0_5b_base,capital:6,capital,declarative,1,8.06293773651123,2.792234420776367,0.16580790281295776
qwen2_5_0_5b_base,capital:6,capital,declarative,2,8.316261291503906,1.6963179111480713,0.17499205470085144
qwen2_5_0_5b_base,capital:6,capital,declarative,3,9.725969314575195,2.4324045181274414,0.19410550594329834
qwen2_5_0_5b_base,capital:6,capital,declarative,4,11.079096794128418,3.8202381134033203,0.22323620319366455
qwen2_5_0_5b_base,capital:6,capital,declarative,5,14.168828964233398,3.8880624771118164,0.22399204969406128
qwen2_5_0_5b_base,capital:6,capital,declarative,6,13.76294994354248,2.333247423171997,0.233027383685112
qwen2_5_0_5b_base,capital:6,capital,declarative,7,14.113679885864258,3.0746564865112305,0.22406437993049622
qwen2_5_0_5b_base,capital:6,capital,declarative,8,14.573369979858398,4.472184181213379,0.2138431966304779
qwen2_5_0_5b_base,capital:6,capital,declarative,9,15.08935260772705,2.457477569580078,0.2064640372991562
qwen2_5_0_5b_base,capital:6,capital,declarative,10,15.7683687210083,4.09486198425293,0.20552511513233185
qwen2_5_0_5b_base,capital:6,capital,declarative,11,15.886244773864746,2.6623220443725586,0.20724891126155853
qwen2_5_0_5b_base,capital:6,capital,declarative,12,16.25874137878418,2.9919629096984863,0.20411553978919983
qwen2_5_0_5b_base,capital:6,capital,declarative,13,17.829885482788086,2.2429139614105225,0.19570958614349365
qwen2_5_0_5b_base,capital:6,capital,declarative,14,18.776742935180664,3.6982603073120117,0.21544323861598969
qwen2_5_0_5b_base,capital:6,capital,declarative,15,21.52747344970703,4.633142471313477,0.23827964067459106
qwen2_5_0_5b_base,capital:6,capital,declarative,16,25.249649047851562,1.4405685663223267,0.27079325914382935
qwen2_5_0_5b_base,capital:6,capital,declarative,17,30.011199951171875,5.005477428436279,0.24357281625270844
qwen2_5_0_5b_base,capital:6,capital,declarative,18,36.9818000793457,4.657177925109863,0.248765766620636
qwen2_5_0_5b_base,capital:6,capital,declarative,19,39.15929412841797,4.129335403442383,0.27644971013069153
qwen2_5_0_5b_base,capital:6,capital,declarative,20,51.12194061279297,9.590248107910156,0.2892856299877167
qwen2_5_0_5b_base,capital:6,capital,declarative,21,71.84344482421875,20.375913619995117,0.28333964943885803
qwen2_5_0_5b_base,capital:6,capital,declarative,22,83.31155395507812,3.98193097114563,0.34440097212791443
qwen2_5_0_5b_base,capital:6,capital,declarative,23,282.4612731933594,10.659770011901855,0.3778541386127472
qwen2_5_0_5b_base,capital:6,capital,qa,0,4.15858268737793,0.5538330674171448,0.1399756222963333
qwen2_5_0_5b_base,capital:6,capital,qa,1,6.918494701385498,2.863982677459717,0.17544734477996826
qwen2_5_0_5b_base,capital:6,capital,qa,2,8.972138404846191,2.4314868450164795,0.23397214710712433
qwen2_5_0_5b_base,capital:6,capital,qa,3,9.607087135314941,3.143842935562134,0.2208254486322403
qwen2_5_0_5b_base,capital:6,capital,qa,4,10.44504451751709,2.517727851867676,0.2116922289133072
qwen2_5_0_5b_base,capital:6,capital,qa,5,11.027358055114746,3.273789882659912,0.2110532522201538
qwen2_5_0_5b_base,capital:6,capital,qa,6,12.385854721069336,2.357975482940674,0.22482846677303314
qwen2_5_0_5b_base,capital:6,capital,qa,7,12.193950653076172,2.571343183517456,0.22146004438400269
qwen2_5_0_5b_base,capital:6,capital,qa,8,12.959839820861816,3.227530002593994,0.198708176612854
qwen2_5_0_5b_base,capital:6,capital,qa,9,14.129426956176758,2.8883635997772217,0.20961642265319824
qwen2_5_0_5b_base,capital:6,capital,qa,10,13.026762008666992,3.215991973876953,0.1993269920349121
qwen2_5_0_5b_base,capital:6,capital,qa,11,14.559844970703125,2.3801472187042236,0.20819081366062164
qwen2_5_0_5b_base,capital:6,capital,qa,12,14.990103721618652,3.060851812362671,0.21135063469409943
qwen2_5_0_5b_base,capital:6,capital,qa,13,15.88537311553955,2.70641827583313,0.21436038613319397
qwen2_5_0_5b_base,capital:6,capital,qa,14,19.60480308532715,6.792219638824463,0.24446344375610352
qwen2_5_0_5b_base,capital:6,capital,qa,15,22.291767120361328,4.482361793518066,0.26361849904060364
qwen2_5_0_5b_base,capital:6,capital,qa,16,24.032943725585938,1.9500844478607178,0.2834104597568512
qwen2_5_0_5b_base,capital:6,capital,qa,17,28.48021125793457,7.164018154144287,0.2508789598941803
qwen2_5_0_5b_base,capital:6,capital,qa,18,37.966087341308594,3.5586600303649902,0.2424069195985794
qwen2_5_0_5b_base,capital:6,capital,qa,19,39.12690734863281,4.398520469665527,0.285509318113327
qwen2_5_0_5b_base,capital:6,capital,qa,20,48.19572830200195,11.178841590881348,0.29639655351638794
qwen2_5_0_5b_base,capital:6,capital,qa,21,66.5921401977539,20.764862060546875,0.2919209599494934
qwen2_5_0_5b_base,capital:6,capital,qa,22,78.10140228271484,4.185433864593506,0.3962081968784332
qwen2_5_0_5b_base,capital:6,capital,qa,23,245.58250427246094,10.876208305358887,0.42147770524024963
qwen2_5_0_5b_base,capital:6,capital,chat_template,0,3.5858852863311768,0.5940786004066467,0.10466861724853516
qwen2_5_0_5b_base,capital:6,capital,chat_template,1,6.823019027709961,2.8465120792388916,0.16788657009601593
qwen2_5_0_5b_base,capital:6,capital,chat_template,2,7.3177618980407715,1.5100529193878174,0.14896611869335175
qwen2_5_0_5b_base,capital:6,capital,chat_template,3,8.330753326416016,2.317629098892212,0.17135876417160034
qwen2_5_0_5b_base,capital:6,capital,chat_template,4,9.522446632385254,2.801020860671997,0.19420596957206726
qwen2_5_0_5b_base,capital:6,capital,chat_template,5,10.470297813415527,3.9131219387054443,0.21099843084812164
qwen2_5_0_5b_base,capital:6,capital,chat_template,6,11.628239631652832,3.031466245651245,0.2188960611820221
qwen2_5_0_5b_base,capital:6,capital,chat_template,7,12.97305679321289,3.6718573570251465,0.22207649052143097
qwen2_5_0_5b_base,capital:6,capital,chat_template,8,12.61677074432373,4.201833248138428,0.2018749862909317
qwen2_5_0_5b_base,capital:6,capital,chat_template,9,12.9995756149292,2.8778069019317627,0.20433756709098816
qwen2_5_0_5b_base,capital:6,capital,chat_template,10,14.361814498901367,3.9831676483154297,0.2051113247871399
qwen2_5_0_5b_base,capital:6,capital,chat_template,11,15.663944244384766,2.4021050930023193,0.22088508307933807
qwen2_5_0_5b_base,capital:6,capital,chat_template,12,15.511507987976074,4.00130033493042,0.2227824330329895
qwen2_5_0_5b_base,capital:6,capital,chat_template,13,15.873001098632812,2.927009344100952,0.22405476868152618
qwen2_5_0_5b_base,capital:6,capital,chat_template,14,19.528945922851562,5.217967987060547,0.24922235310077667
qwen2_5_0_5b_base,capital:6,capital,chat_template,15,20.660661697387695,4.691266059875488,0.25646162033081055
qwen2_5_0_5b_base,capital:6,capital,chat_template,16,23.061870574951172,2.4065163135528564,0.28699713945388794
qwen2_5_0_5b_base,capital:6,capital,chat_template,17,29.67788314819336,5.366253852844238,0.25872308015823364
qwen2_5_0_5b_base,capital:6,capital,chat_template,18,33.42795181274414,3.3856515884399414,0.2507290244102478
qwen2_5_0_5b_base,capital:6,capital,chat_template,19,37.2064323425293,3.368786573410034,0.2818651795387268
qwen2_5_0_5b_base,capital:6,capital,chat_template,20,50.35213088989258,10.057069778442383,0.2883709967136383
qwen2_5_0_5b_base,capital:6,capital,chat_template,21,66.48388671875,26.886436462402344,0.2528037130832672
qwen2_5_0_5b_base,capital:6,capital,chat_template,22,70.93473815917969,10.193788528442383,0.3188682496547699
qwen2_5_0_5b_base,capital:6,capital,chat_template,23,247.25767517089844,16.249448776245117,0.3975730538368225
qwen2_5_0_5b_base,capital:7,capital,raw_question,0,4.5383830070495605,0.4397122859954834,0.1338638961315155
qwen2_5_0_5b_base,capital:7,capital,raw_question,1,8.007240295410156,2.8380603790283203,0.16873706877231598
qwen2_5_0_5b_base,capital:7,capital,raw_question,2,8.12452220916748,1.594092845916748,0.17185255885124207
qwen2_5_0_5b_base,capital:7,capital,raw_question,3,9.537388801574707,1.9507348537445068,0.1920192837715149
qwen2_5_0_5b_base,capital:7,capital,raw_question,4,10.782732009887695,2.8140833377838135,0.21070916950702667
qwen2_5_0_5b_base,capital:7,capital,raw_question,5,11.759068489074707,3.07098650932312,0.2141817808151245
qwen2_5_0_5b_base,capital:7,capital,raw_question,6,13.306583404541016,1.7350132465362549,0.21943891048431396
qwen2_5_0_5b_base,capital:7,capital,raw_question,7,14.48096752166748,2.3814351558685303,0.2186540812253952
qwen2_5_0_5b_base,capital:7,capital,raw_question,8,14.576492309570312,3.586094856262207,0.20768678188323975
qwen2_5_0_5b_base,capital:7,capital,raw_question,9,15.298283576965332,2.742311716079712,0.20477037131786346
qwen2_5_0_5b_base,capital:7,capital,raw_question,10,15.071290016174316,3.761547565460205,0.19681274890899658
qwen2_5_0_5b_base,capital:7,capital,raw_question,11,15.491719245910645,2.550861120223999,0.2005194127559662
qwen2_5_0_5b_base,capital:7,capital,raw_question,12,16.137109756469727,3.0354762077331543,0.20437784492969513
qwen2_5_0_5b_base,capital:7,capital,raw_question,13,17.303190231323242,3.0111618041992188,0.2018531709909439
qwen2_5_0_5b_base,capital:7,capital,raw_question,14,18.174978256225586,3.386535167694092,0.2228705734014511
qwen2_5_0_5b_base,capital:7,capital,raw_question,15,20.06043815612793,3.8608994483947754,0.24623936414718628
qwen2_5_0_5b_base,capital:7,capital,raw_question,16,24.37398910522461,1.7346985340118408,0.27332228422164917
qwen2_5_0_5b_base,capital:7,capital,raw_question,17,29.152372360229492,4.106549263000488,0.24956567585468292
qwen2_5_0_5b_base,capital:7,capital,raw_question,18,33.0839729309082,1.7727004289627075,0.24268288910388947
qwen2_5_0_5b_base,capital:7,capital,raw_question,19,36.96384811401367,3.8231587409973145,0.2738189995288849
qwen2_5_0_5b_base,capital:7,capital,raw_question,20,51.6861457824707,10.594011306762695,0.28910285234451294
qwen2_5_0_5b_base,capital:7,capital,raw_question,21,73.77055358886719,16.700641632080078,0.25610169768333435
qwen2_5_0_5b_base,capital:7,capital,raw_question,22,79.23666381835938,4.131254196166992,0.28720709681510925
qwen2_5_0_5b_base,capital:7,capital,raw_question,23,273.023193359375,13.055575370788574,0.3785906732082367
qwen2_5_0_5b_base,capital:7,capital,declarative,0,5.046243667602539,0.419626921415329,0.1380544751882553
qwen2_5_0_5b_base,capital:7,capital,declarative,1,8.162040710449219,2.8631107807159424,0.16421695053577423
qwen2_5_0_5b_base,capital:7,capital,declarative,2,8.552189826965332,1.7057406902313232,0.17757214605808258
qwen2_5_0_5b_base,capital:7,capital,declarative,3,9.928285598754883,2.4407198429107666,0.19280827045440674
qwen2_5_0_5b_base,capital:7,capital,declarative,4,11.309172630310059,3.6002142429351807,0.2252006083726883
qwen2_5_0_5b_base,capital:7,capital,declarative,5,13.779739379882812,3.6843318939208984,0.22616511583328247
qwen2_5_0_5b_base,capital:7,capital,declarative,6,13.392416954040527,2.501964569091797,0.23082010447978973
qwen2_5_0_5b_base,capital:7,capital,declarative,7,13.643126487731934,3.3580892086029053,0.22416169941425323
qwen2_5_0_5b_base,capital:7,capital,declarative,8,14.023953437805176,4.245330333709717,0.21243077516555786
qwen2_5_0_5b_base,capital:7,capital,declarative,9,14.621710777282715,2.424119710922241,0.20517994463443756
qwen2_5_0_5b_base,capital:7,capital,declarative,10,15.08755111694336,4.092777252197266,0.20661897957324982
qwen2_5_0_5b_base,capital:7,capital,declarative,11,15.294438362121582,2.745313882827759,0.20413291454315186
qwen2_5_0_5b_base,capital:7,capital,declarative,12,16.19814682006836,3.1065244674682617,0.20272375643253326
qwen2_5_0_5b_base,capital:7,capital,declarative,13,17.6032772064209,2.3760452270507812,0.19735974073410034
qwen2_5_0_5b_base,capital:7,capital,declarative,14,18.3613338470459,4.2831950187683105,0.22427166998386383
qwen2_5_0_5b_base,capital:7,capital,declarative,15,20.811311721801758,4.7686848640441895,0.24262450635433197
qwen2_5_0_5b_base,capital:7,capital,declarative,16,24.115371704101562,1.586154818534851,0.27229785919189453
qwen2_5_0_5b_base,capital:7,capital,declarative,17,29.16230583190918,5.270415306091309,0.2440360188484192
qwen2_5_0_5b_base,capital:7,capital,declarative,18,35.87435531616211,4.668925762176514,0.2480430155992508
qwen2_5_0_5b_base,capital:7,capital,declarative,19,38.090980529785156,4.113358020782471,0.27727097272872925
qwen2_5_0_5b_base,capital:7,capital,declarative,20,49.83649444580078,11.429234504699707,0.290650874376297
qwen2_5_0_5b_base,capital:7,capital,declarative,21,69.64453887939453,24.95711326599121,0.29658421874046326
qwen2_5_0_5b_base,capital:7,capital,declarative,22,80.53777313232422,5.624202251434326,0.40360310673713684
qwen2_5_0_5b_base,capital:7,capital,declarative,23,266.60455322265625,12.804435729980469,0.4103333652019501
qwen2_5_0_5b_base,capital:7,capital,qa,0,4.151015758514404,0.5478814244270325,0.13979323208332062
qwen2_5_0_5b_base,capital:7,capital,qa,1,6.901190280914307,2.871131420135498,0.1753813773393631
qwen2_5_0_5b_base,capital:7,capital,qa,2,8.858720779418945,2.357206344604492,0.23236726224422455
qwen2_5_0_5b_base,capital:7,capital,qa,3,9.531898498535156,3.1271424293518066,0.21987104415893555
qwen2_5_0_5b_base,capital:7,capital,qa,4,10.392322540283203,2.4799296855926514,0.21079106628894806
qwen2_5_0_5b_base,capital:7,capital,qa,5,10.983020782470703,3.226318120956421,0.21075113117694855
qwen2_5_0_5b_base,capital:7,capital,qa,6,12.178887367248535,2.233936071395874,0.222461998462677
qwen2_5_0_5b_base,capital:7,capital,qa,7,12.19035816192627,2.5637450218200684,0.21972039341926575
qwen2_5_0_5b_base,capital:7,capital,qa,8,13.063356399536133,3.2498202323913574,0.198863223195076
qwen2_5_0_5b_base,capital:7,capital,qa,9,14.14212417602539,3.0756993293762207,0.20931057631969452
qwen2_5_0_5b_base,capital:7,capital,qa,10,13.147001266479492,3.173405885696411,0.19659793376922607
qwen2_5_0_5b_base,capital:7,capital,qa,11,14.6931734085083,2.40556263923645,0.20637516677379608
qwen2_5_0_5b_base,capital:7,capital,qa,12,14.931476593017578,3.093599796295166,0.209952712059021
qwen2_5_0_5b_base,capital:7,capital,qa,13,15.804622650146484,2.580697774887085,0.21318084001541138
qwen2_5_0_5b_base,capital:7,capital,qa,14,19.357070922851562,6.138111591339111,0.24299468100070953
qwen2_5_0_5b_base,capital:7,capital,qa,15,21.697092056274414,4.584074020385742,0.26042717695236206
qwen2_5_0_5b_base,capital:7,capital,qa,16,23.879995346069336,1.7241710424423218,0.2809644043445587
qwen2_5_0_5b_base,capital:7,capital,qa,17,28.859737396240234,6.551794052124023,0.25312671065330505
qwen2_5_0_5b_base,capital:7,capital,qa,18,35.87809371948242,3.4902310371398926,0.2411988377571106
qwen2_5_0_5b_base,capital:7,capital,qa,19,39.02806091308594,4.279143333435059,0.28488022089004517
qwen2_5_0_5b_base,capital:7,capital,qa,20,48.6999626159668,11.770257949829102,0.29935866594314575
qwen2_5_0_5b_base,capital:7,capital,qa,21,71.10633850097656,23.734458923339844,0.30600497126579285
qwen2_5_0_5b_base,capital:7,capital,qa,22,78.8712387084961,3.928847074508667,0.4469742476940155
qwen2_5_0_5b_base,capital:7,capital,qa,23,245.47093200683594,13.708524703979492,0.4566512405872345
qwen2_5_0_5b_base,capital:7,capital,chat_template,0,3.5969181060791016,0.591899573802948,0.10473079234361649
qwen2_5_0_5b_base,capital:7,capital,chat_template,1,6.825624942779541,2.845028877258301,0.16799332201480865
qwen2_5_0_5b_base,capital:7,capital,chat_template,2,7.309091091156006,1.5144057273864746,0.14922185242176056
qwen2_5_0_5b_base,capital:7,capital,chat_template,3,8.357020378112793,2.3195602893829346,0.17084529995918274
qwen2_5_0_5b_base,capital:7,capital,chat_template,4,9.572755813598633,2.8448221683502197,0.19453756511211395
qwen2_5_0_5b_base,capital:7,capital,chat_template,5,10.494024276733398,3.9177603721618652,0.21120695769786835
qwen2_5_0_5b_base,capital:7,capital,chat_template,6,11.70362663269043,3.192142963409424,0.2196025848388672
qwen2_5_0_5b_base,capital:7,capital,chat_template,7,12.95206356048584,3.7412075996398926,0.22301597893238068
qwen2_5_0_5b_base,capital:7,capital,chat_template,8,12.690868377685547,4.261104106903076,0.20278333127498627
qwen2_5_0_5b_base,capital:7,capital,chat_template,9,13.11679458618164,2.8599255084991455,0.20600436627864838
qwen2_5_0_5b_base,capital:7,capital,chat_template,10,14.389618873596191,3.954927444458008,0.20485134422779083
qwen2_5_0_5b_base,capital:7,capital,chat_template,11,15.961438179016113,2.3519952297210693,0.22199274599552155
qwen2_5_0_5b_base,capital:7,capital,chat_template,12,15.516684532165527,4.043132781982422,0.2234557867050171
qwen2_5_0_5b_base,capital:7,capital,chat_template,13,15.903508186340332,2.9575836658477783,0.22399751842021942
qwen2_5_0_5b_base,capital:7,capital,chat_template,14,19.648527145385742,5.264874458312988,0.24868746101856232
qwen2_5_0_5b_base,capital:7,capital,chat_template,15,20.647275924682617,4.618821620941162,0.2569516599178314
qwen2_5_0_5b_base,capital:7,capital,chat_template,16,23.209928512573242,2.597862720489502,0.2878509759902954
qwen2_5_0_5b_base,capital:7,capital,chat_template,17,30.109128952026367,5.3651838302612305,0.2585979700088501
qwen2_5_0_5b_base,capital:7,capital,chat_template,18,33.74341583251953,3.2578587532043457,0.2504440248012543
qwen2_5_0_5b_base,capital:7,capital,chat_template,19,37.3718376159668,3.3846538066864014,0.2828165888786316
qwen2_5_0_5b_base,capital:7,capital,chat_template,20,50.753597259521484,10.271626472473145,0.2900657057762146
qwen2_5_0_5b_base,capital:7,capital,chat_template,21,66.81884765625,26.82354736328125,0.25046756863594055
qwen2_5_0_5b_base,capital:7,capital,chat_template,22,71.11155700683594,10.36251449584961,0.31954702734947205
qwen2_5_0_5b_base,capital:7,capital,chat_template,23,243.5924072265625,17.809677124023438,0.3960621654987335
qwen2_5_0_5b_base,capital:8,capital,raw_question,0,4.416553974151611,0.46304526925086975,0.13594652712345123
qwen2_5_0_5b_base,capital:8,capital,raw_question,1,7.8543829917907715,2.8553695678710938,0.16933275759220123
qwen2_5_0_5b_base,capital:8,capital,raw_question,2,8.028078079223633,1.5960230827331543,0.1727575808763504
qwen2_5_0_5b_base,capital:8,capital,raw_question,3,9.498278617858887,1.8142739534378052,0.19228829443454742
qwen2_5_0_5b_base,capital:8,capital,raw_question,4,11.052041053771973,2.9523465633392334,0.21077163517475128
qwen2_5_0_5b_base,capital:8,capital,raw_question,5,11.91208553314209,3.0461065769195557,0.2135736048221588
qwen2_5_0_5b_base,capital:8,capital,raw_question,6,13.279908180236816,1.7148947715759277,0.2231394648551941
qwen2_5_0_5b_base,capital:8,capital,raw_question,7,14.830408096313477,2.2068634033203125,0.22092372179031372
qwen2_5_0_5b_base,capital:8,capital,raw_question,8,14.7783784866333,3.527212381362915,0.2096238136291504
qwen2_5_0_5b_base,capital:8,capital,raw_question,9,15.593996047973633,2.6677141189575195,0.20599594712257385
qwen2_5_0_5b_base,capital:8,capital,raw_question,10,15.153618812561035,3.6996450424194336,0.1978122740983963
qwen2_5_0_5b_base,capital:8,capital,raw_question,11,15.670146942138672,2.540602445602417,0.20235875248908997
qwen2_5_0_5b_base,capital:8,capital,raw_question,12,16.196165084838867,2.9705753326416016,0.20559373497962952
qwen2_5_0_5b_base,capital:8,capital,raw_question,13,17.422836303710938,2.9542181491851807,0.20412276685237885
qwen2_5_0_5b_base,capital:8,capital,raw_question,14,18.084402084350586,3.4889001846313477,0.2238137125968933
qwen2_5_0_5b_base,capital:8,capital,raw_question,15,20.097318649291992,3.679466962814331,0.24420058727264404
qwen2_5_0_5b_base,capital:8,capital,raw_question,16,24.37858009338379,1.530609130859375,0.274977445602417
qwen2_5_0_5b_base,capital:8,capital,raw_question,17,29.0340518951416,4.040919780731201,0.2515292763710022
qwen2_5_0_5b_base,capital:8,capital,raw_question,18,32.98185729980469,1.8788748979568481,0.24621571600437164
qwen2_5_0_5b_base,capital:8,capital,raw_question,19,36.26852035522461,3.0910484790802,0.2743281424045563
qwen2_5_0_5b_base,capital:8,capital,raw_question,20,49.990116119384766,9.363876342773438,0.2862228751182556
qwen2_5_0_5b_base,capital:8,capital,raw_question,21,71.03445434570312,13.880898475646973,0.25654336810112
qwen2_5_0_5b_base,capital:8,capital,raw_question,22,76.77962493896484,2.5328378677368164,0.2817819118499756
qwen2_5_0_5b_base,capital:8,capital,raw_question,23,286.26202392578125,10.104074478149414,0.363674134016037
qwen2_5_0_5b_base,capital:8,capital,declarative,0,4.907108306884766,0.43591204285621643,0.1393483281135559
qwen2_5_0_5b_base,capital:8,capital,declarative,1,7.968600749969482,2.834049701690674,0.1650293469429016
qwen2_5_0_5b_base,capital:8,capital,declarative,2,8.409073829650879,1.6649668216705322,0.17602315545082092
qwen2_5_0_5b_base,capital:8,capital,declarative,3,9.932145118713379,2.465738296508789,0.19528105854988098
qwen2_5_0_5b_base,capital:8,capital,declarative,4,11.428950309753418,3.9100732803344727,0.22246646881103516
qwen2_5_0_5b_base,capital:8,capital,declarative,5,13.85769271850586,3.7836921215057373,0.2220640629529953
qwen2_5_0_5b_base,capital:8,capital,declarative,6,13.48163890838623,2.350172758102417,0.2318321317434311
qwen2_5_0_5b_base,capital:8,capital,declarative,7,13.882543563842773,3.0955810546875,0.2228250950574875
qwen2_5_0_5b_base,capital:8,capital,declarative,8,14.428465843200684,4.192687034606934,0.2140054702758789
qwen2_5_0_5b_base,capital:8,capital,declarative,9,14.861438751220703,2.3821487426757812,0.20690323412418365
qwen2_5_0_5b_base,capital:8,capital,declarative,10,15.401606559753418,4.196744441986084,0.20360322296619415
qwen2_5_0_5b_base,capital:8,capital,declarative,11,15.83443546295166,2.834933042526245,0.20907314121723175
qwen2_5_0_5b_base,capital:8,capital,declarative,12,16.122844696044922,3.1434741020202637,0.20637057721614838
qwen2_5_0_5b_base,capital:8,capital,declarative,13,17.542015075683594,2.2910375595092773,0.1940958946943283
qwen2_5_0_5b_base,capital:8,capital,declarative,14,18.4668025970459,3.567823648452759,0.21062172949314117
qwen2_5_0_5b_base,capital:8,capital,declarative,15,21.29399299621582,4.638420104980469,0.23427468538284302
qwen2_5_0_5b_base,capital:8,capital,declarative,16,25.245792388916016,1.634329915046692,0.2713121175765991
qwen2_5_0_5b_base,capital:8,capital,declarative,17,29.67206382751465,4.861423492431641,0.24065856635570526
qwen2_5_0_5b_base,capital:8,capital,declarative,18,35.853118896484375,4.62193489074707,0.24634745717048645
qwen2_5_0_5b_base,capital:8,capital,declarative,19,39.01816177368164,4.112962245941162,0.2764955461025238
qwen2_5_0_5b_base,capital:8,capital,declarative,20,51.32952880859375,9.505372047424316,0.28750696778297424
qwen2_5_0_5b_base,capital:8,capital,declarative,21,72.36468505859375,15.099864959716797,0.2778151035308838
qwen2_5_0_5b_base,capital:8,capital,declarative,22,82.31993103027344,4.213376045227051,0.3154051601886749
qwen2_5_0_5b_base,capital:8,capital,declarative,23,288.7104187011719,10.06865119934082,0.3569723069667816
qwen2_5_0_5b_base,capital:8,capital,qa,0,4.135166645050049,0.5559611320495605,0.14096054434776306
qwen2_5_0_5b_base,capital:8,capital,qa,1,6.894359111785889,2.8847854137420654,0.175995871424675
qwen2_5_0_5b_base,capital:8,capital,qa,2,8.81804084777832,2.3584845066070557,0.23084016144275665
qwen2_5_0_5b_base,capital:8,capital,qa,3,9.56773567199707,3.1359643936157227,0.21966537833213806
qwen2_5_0_5b_base,capital:8,capital,qa,4,10.428645133972168,2.537278652191162,0.211151123046875
qwen2_5_0_5b_base,capital:8,capital,qa,5,10.899872779846191,3.209568977355957,0.21030108630657196
qwen2_5_0_5b_base,capital:8,capital,qa,6,12.16989517211914,2.2928719520568848,0.22229142487049103
qwen2_5_0_5b_base,capital:8,capital,qa,7,12.19309139251709,2.517886161804199,0.2202131152153015
qwen2_5_0_5b_base,capital:8,capital,qa,8,13.023477554321289,3.269240617752075,0.19852156937122345
qwen2_5_0_5b_base,capital:8,capital,qa,9,14.232208251953125,2.905909538269043,0.21005241572856903
qwen2_5_0_5b_base,capital:8,capital,qa,10,13.222134590148926,3.2557594776153564,0.1985032856464386
qwen2_5_0_5b_base,capital:8,capital,qa,11,14.707893371582031,2.4284210205078125,0.20815221965312958
qwen2_5_0_5b_base,capital:8,capital,qa,12,14.962784767150879,3.138230085372925,0.2110789716243744
qwen2_5_0_5b_base,capital:8,capital,qa,13,15.852950096130371,2.7410480976104736,0.21360266208648682
qwen2_5_0_5b_base,capital:8,capital,qa,14,19.448081970214844,6.161134243011475,0.2424415498971939
qwen2_5_0_5b_base,capital:8,capital,qa,15,22.337160110473633,4.471159934997559,0.26231253147125244
qwen2_5_0_5b_base,capital:8,capital,qa,16,24.031320571899414,1.8179380893707275,0.28208985924720764
qwen2_5_0_5b_base,capital:8,capital,qa,17,28.813112258911133,6.971108913421631,0.24904079735279083
qwen2_5_0_5b_base,capital:8,capital,qa,18,36.86101531982422,3.4200971126556396,0.24234184622764587
qwen2_5_0_5b_base,capital:8,capital,qa,19,38.201255798339844,4.3108625411987305,0.2876747250556946
qwen2_5_0_5b_base,capital:8,capital,qa,20,50.594482421875,11.102806091308594,0.2955434322357178
qwen2_5_0_5b_base,capital:8,capital,qa,21,66.04352569580078,18.805418014526367,0.2948382496833801
qwen2_5_0_5b_base,capital:8,capital,qa,22,78.011474609375,3.409454822540283,0.3850807547569275
qwen2_5_0_5b_base,capital:8,capital,qa,23,246.20480346679688,10.521346092224121,0.4011225402355194
qwen2_5_0_5b_base,capital:8,capital,chat_template,0,3.5957863330841064,0.5922461152076721,0.10488300025463104
qwen2_5_0_5b_base,capital:8,capital,chat_template,1,6.836536407470703,2.8467912673950195,0.16796168684959412
qwen2_5_0_5b_base,capital:8,capital,chat_template,2,7.314171314239502,1.5103024244308472,0.14911893010139465
qwen2_5_0_5b_base,capital:8,capital,chat_template,3,8.321496963500977,2.314835786819458,0.1713535338640213
qwen2_5_0_5b_base,capital:8,capital,chat_template,4,9.552267074584961,2.827491044998169,0.194309264421463
qwen2_5_0_5b_base,capital:8,capital,chat_template,5,10.441420555114746,3.9106173515319824,0.21078652143478394
qwen2_5_0_5b_base,capital:8,capital,chat_template,6,11.560859680175781,2.976137638092041,0.2187313288450241
qwen2_5_0_5b_base,capital:8,capital,chat_template,7,12.949017524719238,3.648024797439575,0.22165118157863617
qwen2_5_0_5b_base,capital:8,capital,chat_template,8,12.608916282653809,4.199938774108887,0.20189118385314941
qwen2_5_0_5b_base,capital:8,capital,chat_template,9,13.023484230041504,2.904555320739746,0.20442044734954834
qwen2_5_0_5b_base,capital:8,capital,chat_template,10,14.394899368286133,4.024590492248535,0.20545628666877747
qwen2_5_0_5b_base,capital:8,capital,chat_template,11,15.656353950500488,2.3814542293548584,0.22096116840839386
qwen2_5_0_5b_base,capital:8,capital,chat_template,12,15.42971134185791,4.017179012298584,0.2222360372543335
qwen2_5_0_5b_base,capital:8,capital,chat_template,13,15.835563659667969,2.9478819370269775,0.22358322143554688
qwen2_5_0_5b_base,capital:8,capital,chat_template,14,19.625280380249023,5.424431324005127,0.2496698498725891
qwen2_5_0_5b_base,capital:8,capital,chat_template,15,20.745424270629883,4.710413932800293,0.25627487897872925
qwen2_5_0_5b_base,capital:8,capital,chat_template,16,23.217805862426758,2.3719422817230225,0.28737911581993103
qwen2_5_0_5b_base,capital:8,capital,chat_template,17,29.725645065307617,5.360440731048584,0.2602800726890564
qwen2_5_0_5b_base,capital:8,capital,chat_template,18,33.56303405761719,3.4187984466552734,0.25206008553504944
qwen2_5_0_5b_base,capital:8,capital,chat_template,19,37.39249038696289,3.3841910362243652,0.28246936202049255
qwen2_5_0_5b_base,capital:8,capital,chat_template,20,50.5423698425293,9.799596786499023,0.28876063227653503
qwen2_5_0_5b_base,capital:8,capital,chat_template,21,66.85826110839844,28.12575340270996,0.25101637840270996
qwen2_5_0_5b_base,capital:8,capital,chat_template,22,70.32694244384766,9.364706039428711,0.3161136209964752
qwen2_5_0_5b_base,capital:8,capital,chat_template,23,243.1596221923828,15.480766296386719,0.3937740921974182
qwen2_5_0_5b_base,capital:9,capital,raw_question,0,4.459111213684082,0.46135351061820984,0.13300737738609314
qwen2_5_0_5b_base,capital:9,capital,raw_question,1,7.916214942932129,2.85129451751709,0.16897131502628326
qwen2_5_0_5b_base,capital:9,capital,raw_question,2,8.110387802124023,1.5964117050170898,0.17293626070022583
qwen2_5_0_5b_base,capital:9,capital,raw_question,3,9.496603012084961,1.9233510494232178,0.1923638880252838
qwen2_5_0_5b_base,capital:9,capital,raw_question,4,10.958026885986328,2.835261106491089,0.21102498471736908
qwen2_5_0_5b_base,capital:9,capital,raw_question,5,11.929462432861328,3.1536355018615723,0.21368038654327393
qwen2_5_0_5b_base,capital:9,capital,raw_question,6,13.422492027282715,1.6677411794662476,0.22087419033050537
qwen2_5_0_5b_base,capital:9,capital,raw_question,7,14.723999977111816,2.2279183864593506,0.22012002766132355
qwen2_5_0_5b_base,capital:9,capital,raw_question,8,14.724230766296387,3.7261576652526855,0.20824645459651947
qwen2_5_0_5b_base,capital:9,capital,raw_question,9,15.58795166015625,2.7778403759002686,0.20515750348567963
qwen2_5_0_5b_base,capital:9,capital,raw_question,10,15.377643585205078,3.794105291366577,0.19734631478786469
qwen2_5_0_5b_base,capital:9,capital,raw_question,11,15.688766479492188,2.525723695755005,0.20188698172569275
qwen2_5_0_5b_base,capital:9,capital,raw_question,12,16.291057586669922,2.973055601119995,0.20672710239887238
qwen2_5_0_5b_base,capital:9,capital,raw_question,13,17.3901424407959,2.983645439147949,0.20401781797409058
qwen2_5_0_5b_base,capital:9,capital,raw_question,14,18.115564346313477,3.475334644317627,0.2251797914505005
qwen2_5_0_5b_base,capital:9,capital,raw_question,15,20.09897232055664,3.774371385574341,0.24686743319034576
qwen2_5_0_5b_base,capital:9,capital,raw_question,16,24.299888610839844,1.5390223264694214,0.27485671639442444
qwen2_5_0_5b_base,capital:9,capital,raw_question,17,29.026399612426758,4.167790412902832,0.2505066692829132
qwen2_5_0_5b_base,capital:9,capital,raw_question,18,32.694793701171875,1.9545938968658447,0.24360232055187225
qwen2_5_0_5b_base,capital:9,capital,raw_question,19,36.31829833984375,3.6512203216552734,0.27436885237693787
qwen2_5_0_5b_base,capital:9,capital,raw_question,20,51.111080169677734,10.690656661987305,0.2865617275238037
qwen2_5_0_5b_base,capital:9,capital,raw_question,21,72.76588439941406,13.726312637329102,0.26152998208999634
qwen2_5_0_5b_base,capital:9,capital,raw_question,22,78.68561553955078,2.787818670272827,0.2934042811393738
qwen2_5_0_5b_base,capital:9,capital,raw_question,23,288.8667297363281,11.047541618347168,0.3700987994670868
qwen2_5_0_5b_base,capital:9,capital,declarative,0,4.9096269607543945,0.4393587112426758,0.13677701354026794
qwen2_5_0_5b_base,capital:9,capital,declarative,1,7.919356822967529,2.839099168777466,0.16477027535438538
qwen2_5_0_5b_base,capital:9,capital,declarative,2,8.527793884277344,1.7294795513153076,0.17724712193012238
qwen2_5_0_5b_base,capital:9,capital,declarative,3,9.810093879699707,2.483459234237671,0.19512903690338135
qwen2_5_0_5b_base,capital:9,capital,declarative,4,11.192615509033203,3.590381145477295,0.2230149805545807
qwen2_5_0_5b_base,capital:9,capital,declarative,5,13.758271217346191,3.645519971847534,0.22179129719734192
qwen2_5_0_5b_base,capital:9,capital,declarative,6,13.662389755249023,2.3398995399475098,0.23130133748054504
qwen2_5_0_5b_base,capital:9,capital,declarative,7,13.939043998718262,3.1895225048065186,0.22399777173995972
qwen2_5_0_5b_base,capital:9,capital,declarative,8,14.450450897216797,4.211312294006348,0.21314866840839386
qwen2_5_0_5b_base,capital:9,capital,declarative,9,14.957075119018555,2.408299446105957,0.2056693583726883
qwen2_5_0_5b_base,capital:9,capital,declarative,10,15.53207778930664,4.110823631286621,0.20788125693798065
qwen2_5_0_5b_base,capital:9,capital,declarative,11,15.650707244873047,2.602365493774414,0.20656818151474
qwen2_5_0_5b_base,capital:9,capital,declarative,12,16.1257266998291,3.059583902359009,0.2054033726453781
qwen2_5_0_5b_base,capital:9,capital,declarative,13,17.829875946044922,2.2691218852996826,0.19802123308181763
qwen2_5_0_5b_base,capital:9,capital,declarative,14,18.50594139099121,3.87990403175354,0.21681414544582367
qwen2_5_0_5b_base,capital:9,capital,declarative,15,21.329864501953125,4.634806156158447,0.2380186915397644
qwen2_5_0_5b_base,capital:9,capital,declarative,16,24.836008071899414,1.4821882247924805,0.26950424909591675
qwen2_5_0_5b_base,capital:9,capital,declarative,17,29.85393714904785,4.720927715301514,0.24279510974884033
qwen2_5_0_5b_base,capital:9,capital,declarative,18,36.36420440673828,4.636643409729004,0.24724559485912323
qwen2_5_0_5b_base,capital:9,capital,declarative,19,38.858604431152344,4.290247440338135,0.27685078978538513
qwen2_5_0_5b_base,capital:9,capital,declarative,20,51.900089263916016,9.769623756408691,0.29010772705078125
qwen2_5_0_5b_base,capital:9,capital,declarative,21,72.9738540649414,17.63633155822754,0.283545583486557
qwen2_5_0_5b_base,capital:9,capital,declarative,22,83.3025894165039,4.014711856842041,0.34254932403564453
qwen2_5_0_5b_base,capital:9,capital,declarative,23,278.7953186035156,10.489998817443848,0.37283697724342346
qwen2_5_0_5b_base,capital:9,capital,qa,0,4.1713361740112305,0.5567041039466858,0.1389472633600235
qwen2_5_0_5b_base,capital:9,capital,qa,1,6.9227213859558105,2.871594190597534,0.174826979637146
qwen2_5_0_5b_base,capital:9,capital,qa,2,8.80896282196045,2.345219850540161,0.23024985194206238
qwen2_5_0_5b_base,capital:9,capital,qa,3,9.484829902648926,3.049182891845703,0.21909911930561066
qwen2_5_0_5b_base,capital:9,capital,qa,4,10.443502426147461,2.5146539211273193,0.2109174281358719
qwen2_5_0_5b_base,capital:9,capital,qa,5,10.806282043457031,3.169055700302124,0.20937152206897736
qwen2_5_0_5b_base,capital:9,capital,qa,6,12.14702033996582,2.3861265182495117,0.22316093742847443
qwen2_5_0_5b_base,capital:9,capital,qa,7,12.154131889343262,2.5371575355529785,0.22063754498958588
qwen2_5_0_5b_base,capital:9,capital,qa,8,13.017285346984863,3.296861410140991,0.19954949617385864
qwen2_5_0_5b_base,capital:9,capital,qa,9,14.250370025634766,2.9241325855255127,0.21077103912830353
qwen2_5_0_5b_base,capital:9,capital,qa,10,13.170717239379883,3.260324478149414,0.19919784367084503
qwen2_5_0_5b_base,capital:9,capital,qa,11,14.731589317321777,2.3097355365753174,0.20914697647094727
qwen2_5_0_5b_base,capital:9,capital,qa,12,15.01655387878418,3.1838574409484863,0.21226687729358673
qwen2_5_0_5b_base,capital:9,capital,qa,13,15.927038192749023,2.7875006198883057,0.21596761047840118
qwen2_5_0_5b_base,capital:9,capital,qa,14,19.702350616455078,6.418863773345947,0.24561229348182678
qwen2_5_0_5b_base,capital:9,capital,qa,15,22.234548568725586,4.469541072845459,0.2633785307407379
qwen2_5_0_5b_base,capital:9,capital,qa,16,24.108932495117188,1.6326532363891602,0.28261756896972656
qwen2_5_0_5b_base,capital:9,capital,qa,17,29.171077728271484,7.1589202880859375,0.25248944759368896
qwen2_5_0_5b_base,capital:9,capital,qa,18,37.90986251831055,3.1189382076263428,0.24417158961296082
qwen2_5_0_5b_base,capital:9,capital,qa,19,38.83884811401367,4.343784332275391,0.28832030296325684
qwen2_5_0_5b_base,capital:9,capital,qa,20,49.18819808959961,12.434621810913086,0.29938557744026184
qwen2_5_0_5b_base,capital:9,capital,qa,21,72.69892883300781,20.055604934692383,0.30204612016677856
qwen2_5_0_5b_base,capital:9,capital,qa,22,82.99051666259766,4.642092704772949,0.4136506915092468
qwen2_5_0_5b_base,capital:9,capital,qa,23,242.03158569335938,10.61750316619873,0.43414753675460815
qwen2_5_0_5b_base,capital:9,capital,chat_template,0,3.584376811981201,0.5936703085899353,0.10461145639419556
qwen2_5_0_5b_base,capital:9,capital,chat_template,1,6.812695503234863,2.846813917160034,0.16779839992523193
qwen2_5_0_5b_base,capital:9,capital,chat_template,2,7.315092086791992,1.5157119035720825,0.14904893934726715
qwen2_5_0_5b_base,capital:9,capital,chat_template,3,8.334630966186523,2.310750722885132,0.17143180966377258
qwen2_5_0_5b_base,capital:9,capital,chat_template,4,9.590653419494629,2.8388288021087646,0.1942715346813202
qwen2_5_0_5b_base,capital:9,capital,chat_template,5,10.442047119140625,3.899479866027832,0.21089734137058258
qwen2_5_0_5b_base,capital:9,capital,chat_template,6,11.56772518157959,3.0533981323242188,0.21862250566482544
qwen2_5_0_5b_base,capital:9,capital,chat_template,7,12.968317031860352,3.722416400909424,0.22175025939941406
qwen2_5_0_5b_base,capital:9,capital,chat_template,8,12.687394142150879,4.295563697814941,0.20294472575187683
qwen2_5_0_5b_base,capital:9,capital,chat_template,9,13.1041841506958,2.8865511417388916,0.20569853484630585
qwen2_5_0_5b_base,capital:9,capital,chat_template,10,14.475993156433105,3.9991166591644287,0.20500513911247253
qwen2_5_0_5b_base,capital:9,capital,chat_template,11,15.840883255004883,2.364549398422241,0.22139641642570496
qwen2_5_0_5b_base,capital:9,capital,chat_template,12,15.459768295288086,4.034300804138184,0.22273023426532745
qwen2_5_0_5b_base,capital:9,capital,chat_template,13,15.84571361541748,2.9411075115203857,0.22340312600135803
qwen2_5_0_5b_base,capital:9,capital,chat_template,14,19.678056716918945,5.350761413574219,0.24911916255950928
qwen2_5_0_5b_base,capital:9,capital,chat_template,15,20.72735023498535,4.651122570037842,0.2569839656352997
qwen2_5_0_5b_base,capital:9,capital,chat_template,16,23.173477172851562,2.442436933517456,0.2882407009601593
qwen2_5_0_5b_base,capital:9,capital,chat_template,17,29.988027572631836,5.335825443267822,0.25960782170295715
qwen2_5_0_5b_base,capital:9,capital,chat_template,18,33.64284896850586,3.3194868564605713,0.2520255148410797
qwen2_5_0_5b_base,capital:9,capital,chat_template,19,37.39058303833008,3.4242119789123535,0.28366774320602417
qwen2_5_0_5b_base,capital:9,capital,chat_template,20,51.183414459228516,10.136305809020996,0.28889238834381104
qwen2_5_0_5b_base,capital:9,capital,chat_template,21,66.71308898925781,25.875017166137695,0.251382440328598
qwen2_5_0_5b_base,capital:9,capital,chat_template,22,71.17901611328125,10.309882164001465,0.31257376074790955
qwen2_5_0_5b_base,capital:9,capital,chat_template,23,246.06149291992188,14.888113975524902,0.393781453371048
qwen2_5_0_5b_base,capital:10,capital,raw_question,0,4.437459468841553,0.45100075006484985,0.13355593383312225
qwen2_5_0_5b_base,capital:10,capital,raw_question,1,7.961258888244629,2.8152730464935303,0.16963611543178558
qwen2_5_0_5b_base,capital:10,capital,raw_question,2,8.132485389709473,1.647229790687561,0.1728029102087021
qwen2_5_0_5b_base,capital:10,capital,raw_question,3,9.485258102416992,1.9679220914840698,0.1932150423526764
qwen2_5_0_5b_base,capital:10,capital,raw_question,4,10.909529685974121,3.0239686965942383,0.21302087604999542
qwen2_5_0_5b_base,capital:10,capital,raw_question,5,11.74933910369873,3.122648000717163,0.21268126368522644
qwen2_5_0_5b_base,capital:10,capital,raw_question,6,13.466864585876465,1.7125873565673828,0.2219245880842209
qwen2_5_0_5b_base,capital:10,capital,raw_question,7,14.638291358947754,2.506930351257324,0.22189532220363617
qwen2_5_0_5b_base,capital:10,capital,raw_question,8,14.816179275512695,3.5676050186157227,0.20838843286037445
qwen2_5_0_5b_base,capital:10,capital,raw_question,9,15.458213806152344,2.5926856994628906,0.20557047426700592
qwen2_5_0_5b_base,capital:10,capital,raw_question,10,14.898881912231445,3.6963303089141846,0.19662617146968842
qwen2_5_0_5b_base,capital:10,capital,raw_question,11,15.40524959564209,2.5336012840270996,0.1989326924085617
qwen2_5_0_5b_base,capital:10,capital,raw_question,12,15.919427871704102,2.9867451190948486,0.2037644386291504
qwen2_5_0_5b_base,capital:10,capital,raw_question,13,17.146448135375977,2.9593665599823,0.2028687447309494
qwen2_5_0_5b_base,capital:10,capital,raw_question,14,18.099647521972656,3.413625478744507,0.2236819565296173
qwen2_5_0_5b_base,capital:10,capital,raw_question,15,19.99700164794922,3.878573417663574,0.2471296340227127
qwen2_5_0_5b_base,capital:10,capital,raw_question,16,24.022233963012695,1.7890537977218628,0.274456650018692
qwen2_5_0_5b_base,capital:10,capital,raw_question,17,28.714170455932617,4.045423984527588,0.2501283288002014
qwen2_5_0_5b_base,capital:10,capital,raw_question,18,32.43503189086914,1.825412392616272,0.24479562044143677
qwen2_5_0_5b_base,capital:10,capital,raw_question,19,36.30942916870117,3.9782252311706543,0.2748885452747345
qwen2_5_0_5b_base,capital:10,capital,raw_question,20,50.88577651977539,11.448269844055176,0.29141542315483093
qwen2_5_0_5b_base,capital:10,capital,raw_question,21,72.46794128417969,17.305906295776367,0.26279133558273315
qwen2_5_0_5b_base,capital:10,capital,raw_question,22,79.02279663085938,3.494959592819214,0.2915639877319336
qwen2_5_0_5b_base,capital:10,capital,raw_question,23,283.9484558105469,11.935538291931152,0.37355318665504456
qwen2_5_0_5b_base,capital:10,capital,declarative,0,4.931481838226318,0.41822847723960876,0.13736262917518616
qwen2_5_0_5b_base,capital:10,capital,declarative,1,8.186483383178711,2.815308094024658,0.16469156742095947
qwen2_5_0_5b_base,capital:10,capital,declarative,2,8.776145935058594,1.7604703903198242,0.17716826498508453
qwen2_5_0_5b_base,capital:10,capital,declarative,3,9.983688354492188,2.4805827140808105,0.19443759322166443
qwen2_5_0_5b_base,capital:10,capital,declarative,4,11.556733131408691,3.6801350116729736,0.22676262259483337
qwen2_5_0_5b_base,capital:10,capital,declarative,5,13.500006675720215,3.696101427078247,0.2233554720878601
qwen2_5_0_5b_base,capital:10,capital,declarative,6,13.444059371948242,2.2718417644500732,0.229114830493927
qwen2_5_0_5b_base,capital:10,capital,declarative,7,13.61866569519043,3.312370777130127,0.22441628575325012
qwen2_5_0_5b_base,capital:10,capital,declarative,8,13.878959655761719,4.120026111602783,0.21298415958881378
qwen2_5_0_5b_base,capital:10,capital,declarative,9,14.533419609069824,2.3579261302948,0.20417407155036926
qwen2_5_0_5b_base,capital:10,capital,declarative,10,14.59166431427002,4.1738362312316895,0.20397384464740753
qwen2_5_0_5b_base,capital:10,capital,declarative,11,14.903351783752441,2.6649138927459717,0.2044491320848465
qwen2_5_0_5b_base,capital:10,capital,declarative,12,15.639320373535156,3.0941784381866455,0.2036295384168625
qwen2_5_0_5b_base,capital:10,capital,declarative,13,17.155073165893555,2.413208246231079,0.19978471100330353
qwen2_5_0_5b_base,capital:10,capital,declarative,14,17.812673568725586,3.795013189315796,0.219013974070549
qwen2_5_0_5b_base,capital:10,capital,declarative,15,20.372451782226562,4.609649658203125,0.2406281977891922
qwen2_5_0_5b_base,capital:10,capital,declarative,16,23.717802047729492,1.282236099243164,0.2689826488494873
qwen2_5_0_5b_base,capital:10,capital,declarative,17,28.494062423706055,4.908111572265625,0.24394449591636658
qwen2_5_0_5b_base,capital:10,capital,declarative,18,34.54054641723633,4.682838439941406,0.24832428991794586
qwen2_5_0_5b_base,capital:10,capital,declarative,19,37.50068283081055,4.386492729187012,0.27629873156547546
qwen2_5_0_5b_base,capital:10,capital,declarative,20,50.072444915771484,9.666804313659668,0.28983792662620544
qwen2_5_0_5b_base,capital:10,capital,declarative,21,70.96026611328125,20.305034637451172,0.28765082359313965
qwen2_5_0_5b_base,capital:10,capital,declarative,22,80.8200912475586,4.945587158203125,0.35369372367858887
qwen2_5_0_5b_base,capital:10,capital,declarative,23,280.84381103515625,11.133627891540527,0.38533708453178406
qwen2_5_0_5b_base,capital:10,capital,qa,0,4.134937286376953,0.5515289306640625,0.14046473801136017
qwen2_5_0_5b_base,capital:10,capital,qa,1,6.863903045654297,2.8621509075164795,0.1747996062040329
qwen2_5_0_5b_base,capital:10,capital,qa,2,8.809609413146973,2.344912052154541,0.23118731379508972
qwen2_5_0_5b_base,capital:10,capital,qa,3,9.586220741271973,3.10945463180542,0.21943077445030212
qwen2_5_0_5b_base,capital:10,capital,qa,4,10.375897407531738,2.555372476577759,0.21136650443077087
qwen2_5_0_5b_base,capital:10,capital,qa,5,10.946942329406738,3.2505550384521484,0.21067780256271362
qwen2_5_0_5b_base,capital:10,capital,qa,6,12.264901161193848,2.3265576362609863,0.22276145219802856
qwen2_5_0_5b_base,capital:10,capital,qa,7,12.10515308380127,2.587874174118042,0.22000034153461456
qwen2_5_0_5b_base,capital:10,capital,qa,8,13.011605262756348,3.224111795425415,0.20059734582901
qwen2_5_0_5b_base,capital:10,capital,qa,9,14.008427619934082,2.9630751609802246,0.21039023995399475
qwen2_5_0_5b_base,capital:10,capital,qa,10,12.954968452453613,3.1682322025299072,0.19729335606098175
qwen2_5_0_5b_base,capital:10,capital,qa,11,14.711481094360352,2.36711049079895,0.20857606828212738
qwen2_5_0_5b_base,capital:10,capital,qa,12,14.958331108093262,3.14249587059021,0.21234619617462158
qwen2_5_0_5b_base,capital:10,capital,qa,13,15.771832466125488,2.7054660320281982,0.21521131694316864
qwen2_5_0_5b_base,capital:10,capital,qa,14,19.31047821044922,6.28406286239624,0.24508686363697052
qwen2_5_0_5b_base,capital:10,capital,qa,15,21.9083309173584,4.532832622528076,0.2624010145664215
qwen2_5_0_5b_base,capital:10,capital,qa,16,24.104389190673828,1.597089171409607,0.2826860249042511
qwen2_5_0_5b_base,capital:10,capital,qa,17,28.641395568847656,6.650035381317139,0.2533034086227417
qwen2_5_0_5b_base,capital:10,capital,qa,18,36.03420639038086,3.4441001415252686,0.2431766539812088
qwen2_5_0_5b_base,capital:10,capital,qa,19,39.44160461425781,4.369356632232666,0.285957008600235
qwen2_5_0_5b_base,capital:10,capital,qa,20,49.543704986572266,12.091527938842773,0.30020901560783386
qwen2_5_0_5b_base,capital:10,capital,qa,21,72.66842651367188,23.203243255615234,0.3137448728084564
qwen2_5_0_5b_base,capital:10,capital,qa,22,78.36624908447266,3.841611862182617,0.44370049238204956
qwen2_5_0_5b_base,capital:10,capital,qa,23,244.2689666748047,13.267477035522461,0.47741207480430603
qwen2_5_0_5b_base,capital:10,capital,chat_template,0,3.5961222648620605,0.5919890403747559,0.10482722520828247
qwen2_5_0_5b_base,capital:10,capital,chat_template,1,6.8423051834106445,2.8480889797210693,0.16746892035007477
qwen2_5_0_5b_base,capital:10,capital,chat_template,2,7.324858665466309,1.5180171728134155,0.14887548983097076
qwen2_5_0_5b_base,capital:10,capital,chat_template,3,8.352072715759277,2.309612989425659,0.17070245742797852
qwen2_5_0_5b_base,capital:10,capital,chat_template,4,9.63315486907959,2.861273765563965,0.19463472068309784
qwen2_5_0_5b_base,capital:10,capital,chat_template,5,10.536553382873535,3.9354422092437744,0.21125352382659912
qwen2_5_0_5b_base,capital:10,capital,chat_template,6,11.601874351501465,3.0252578258514404,0.21864880621433258
qwen2_5_0_5b_base,capital:10,capital,chat_template,7,13.086308479309082,3.585869789123535,0.22159983217716217
qwen2_5_0_5b_base,capital:10,capital,chat_template,8,12.76466178894043,4.346696376800537,0.203960120677948
qwen2_5_0_5b_base,capital:10,capital,chat_template,9,13.106050491333008,2.8281614780426025,0.20738106966018677
qwen2_5_0_5b_base,capital:10,capital,chat_template,10,14.415075302124023,3.9568231105804443,0.2052062451839447
qwen2_5_0_5b_base,capital:10,capital,chat_template,11,15.858030319213867,2.39410138130188,0.22197918593883514
qwen2_5_0_5b_base,capital:10,capital,chat_template,12,15.521717071533203,4.12969446182251,0.22308781743049622
qwen2_5_0_5b_base,capital:10,capital,chat_template,13,15.836923599243164,2.9215495586395264,0.22351443767547607
qwen2_5_0_5b_base,capital:10,capital,chat_template,14,19.76314926147461,5.280262470245361,0.24898496270179749
qwen2_5_0_5b_base,capital:10,capital,chat_template,15,20.696043014526367,4.597858905792236,0.25771626830101013
qwen2_5_0_5b_base,capital:10,capital,chat_template,16,23.168800354003906,2.4402432441711426,0.2884826064109802
qwen2_5_0_5b_base,capital:10,capital,chat_template,17,29.91268539428711,5.2360005378723145,0.2600858509540558
qwen2_5_0_5b_base,capital:10,capital,chat_template,18,33.58253479003906,3.170182943344116,0.25353094935417175
qwen2_5_0_5b_base,capital:10,capital,chat_template,19,37.32681655883789,3.456861972808838,0.2853623330593109
qwen2_5_0_5b_base,capital:10,capital,chat_template,20,51.44591522216797,10.196714401245117,0.2914934754371643
qwen2_5_0_5b_base,capital:10,capital,chat_template,21,67.05257415771484,25.78079605102539,0.25118306279182434
qwen2_5_0_5b_base,capital:10,capital,chat_template,22,71.87812805175781,10.635878562927246,0.3162611722946167
qwen2_5_0_5b_base,capital:10,capital,chat_template,23,244.77659606933594,15.049800872802734,0.4003187417984009
qwen2_5_0_5b_base,capital:11,capital,raw_question,0,4.396184921264648,0.45579224824905396,0.13446852564811707
qwen2_5_0_5b_base,capital:11,capital,raw_question,1,7.913993835449219,2.8502182960510254,0.1695180982351303
qwen2_5_0_5b_base,capital:11,capital,raw_question,2,8.05057430267334,1.6534959077835083,0.17217876017093658
qwen2_5_0_5b_base,capital:11,capital,raw_question,3,9.497248649597168,1.9500526189804077,0.19196440279483795
qwen2_5_0_5b_base,capital:11,capital,raw_question,4,10.858769416809082,3.005030632019043,0.21329335868358612
qwen2_5_0_5b_base,capital:11,capital,raw_question,5,11.941608428955078,3.0076851844787598,0.21524982154369354
qwen2_5_0_5b_base,capital:11,capital,raw_question,6,13.527517318725586,1.7094709873199463,0.22302250564098358
qwen2_5_0_5b_base,capital:11,capital,raw_question,7,14.915422439575195,2.4583005905151367,0.22217971086502075
qwen2_5_0_5b_base,capital:11,capital,raw_question,8,14.981893539428711,3.602365493774414,0.20961542427539825
qwen2_5_0_5b_base,capital:11,capital,raw_question,9,15.566394805908203,2.621074914932251,0.20654627680778503
qwen2_5_0_5b_base,capital:11,capital,raw_question,10,15.375053405761719,3.752509593963623,0.19761629402637482
qwen2_5_0_5b_base,capital:11,capital,raw_question,11,15.751654624938965,2.564828395843506,0.20256082713603973
qwen2_5_0_5b_base,capital:11,capital,raw_question,12,16.336990356445312,2.9124650955200195,0.20680640637874603
qwen2_5_0_5b_base,capital:11,capital,raw_question,13,17.381418228149414,2.8706858158111572,0.20478403568267822
qwen2_5_0_5b_base,capital:11,capital,raw_question,14,18.128252029418945,3.464442491531372,0.2253461331129074
qwen2_5_0_5b_base,capital:11,capital,raw_question,15,19.74234390258789,4.024869918823242,0.2482561618089676
qwen2_5_0_5b_base,capital:11,capital,raw_question,16,23.52334976196289,1.6226081848144531,0.2733679711818695
qwen2_5_0_5b_base,capital:11,capital,raw_question,17,28.005510330200195,4.036468505859375,0.25132647156715393
qwen2_5_0_5b_base,capital:11,capital,raw_question,18,31.994773864746094,1.991476058959961,0.24671755731105804
qwen2_5_0_5b_base,capital:11,capital,raw_question,19,35.82366180419922,4.504105567932129,0.2791605293750763
qwen2_5_0_5b_base,capital:11,capital,raw_question,20,49.98915481567383,13.455362319946289,0.2940264642238617
qwen2_5_0_5b_base,capital:11,capital,raw_question,21,71.9337158203125,15.392135620117188,0.2669455409049988
qwen2_5_0_5b_base,capital:11,capital,raw_question,22,78.9578628540039,3.4173223972320557,0.31222647428512573
qwen2_5_0_5b_base,capital:11,capital,raw_question,23,291.0610656738281,11.111003875732422,0.37932920455932617
qwen2_5_0_5b_base,capital:11,capital,declarative,0,4.72667121887207,0.43721094727516174,0.13874082267284393
qwen2_5_0_5b_base,capital:11,capital,declarative,1,7.8918776512146,2.77064847946167,0.1640663892030716
qwen2_5_0_5b_base,capital:11,capital,declarative,2,8.550329208374023,1.7485973834991455,0.17735397815704346
qwen2_5_0_5b_base,capital:11,capital,declarative,3,9.89826488494873,2.57598876953125,0.19354021549224854
qwen2_5_0_5b_base,capital:11,capital,declarative,4,11.534537315368652,3.865152597427368,0.22438067197799683
qwen2_5_0_5b_base,capital:11,capital,declarative,5,12.89169979095459,3.6392741203308105,0.21954400837421417
qwen2_5_0_5b_base,capital:11,capital,declarative,6,13.571098327636719,2.191459894180298,0.22661249339580536
qwen2_5_0_5b_base,capital:11,capital,declarative,7,13.873930931091309,3.4076216220855713,0.22075125575065613
qwen2_5_0_5b_base,capital:11,capital,declarative,8,14.264069557189941,4.455977439880371,0.21255703270435333
qwen2_5_0_5b_base,capital:11,capital,declarative,9,14.691048622131348,2.56510066986084,0.20436425507068634
qwen2_5_0_5b_base,capital:11,capital,declarative,10,15.6118745803833,4.184110164642334,0.2071618288755417
qwen2_5_0_5b_base,capital:11,capital,declarative,11,15.60782527923584,2.6710164546966553,0.20317105948925018
qwen2_5_0_5b_base,capital:11,capital,declarative,12,16.494691848754883,3.1369707584381104,0.20321640372276306
qwen2_5_0_5b_base,capital:11,capital,declarative,13,17.923856735229492,2.270076274871826,0.19768913090229034
qwen2_5_0_5b_base,capital:11,capital,declarative,14,18.746736526489258,4.078726291656494,0.22307169437408447
qwen2_5_0_5b_base,capital:11,capital,declarative,15,22.010318756103516,4.794445037841797,0.24305549263954163
qwen2_5_0_5b_base,capital:11,capital,declarative,16,25.58806610107422,1.2765512466430664,0.2759288549423218
qwen2_5_0_5b_base,capital:11,capital,declarative,17,30.043760299682617,4.954112529754639,0.241779625415802
qwen2_5_0_5b_base,capital:11,capital,declarative,18,36.113250732421875,3.7463622093200684,0.24844470620155334
qwen2_5_0_5b_base,capital:11,capital,declarative,19,38.344966888427734,4.060940742492676,0.2755385637283325
qwen2_5_0_5b_base,capital:11,capital,declarative,20,49.867164611816406,13.044262886047363,0.2896813452243805
qwen2_5_0_5b_base,capital:11,capital,declarative,21,73.6906967163086,22.231454849243164,0.2988812327384949
qwen2_5_0_5b_base,capital:11,capital,declarative,22,81.67646026611328,4.8403449058532715,0.38457828760147095
qwen2_5_0_5b_base,capital:11,capital,declarative,23,277.8897399902344,10.731118202209473,0.4037741720676422
qwen2_5_0_5b_base,capital:11,capital,qa,0,4.096131801605225,0.5561909675598145,0.13941806554794312
qwen2_5_0_5b_base,capital:11,capital,qa,1,6.896648406982422,2.87005615234375,0.17559342086315155
qwen2_5_0_5b_base,capital:11,capital,qa,2,8.812681198120117,2.3942646980285645,0.2317047417163849
qwen2_5_0_5b_base,capital:11,capital,qa,3,9.489986419677734,3.1741342544555664,0.21998870372772217
qwen2_5_0_5b_base,capital:11,capital,qa,4,10.365466117858887,2.562598943710327,0.2114706039428711
qwen2_5_0_5b_base,capital:11,capital,qa,5,10.912984848022461,3.1571431159973145,0.21026429533958435
qwen2_5_0_5b_base,capital:11,capital,qa,6,12.203527450561523,2.323486566543579,0.22175954282283783
qwen2_5_0_5b_base,capital:11,capital,qa,7,12.192366600036621,2.5058650970458984,0.21973168849945068
qwen2_5_0_5b_base,capital:11,capital,qa,8,12.872069358825684,3.2370481491088867,0.19828808307647705
qwen2_5_0_5b_base,capital:11,capital,qa,9,14.12095832824707,2.9454336166381836,0.20877185463905334
qwen2_5_0_5b_base,capital:11,capital,qa,10,13.155252456665039,3.2129898071289062,0.19832973182201385
qwen2_5_0_5b_base,capital:11,capital,qa,11,14.62938117980957,2.4080820083618164,0.20655658841133118
qwen2_5_0_5b_base,capital:11,capital,qa,12,15.02907657623291,3.074097156524658,0.21102333068847656
qwen2_5_0_5b_base,capital:11,capital,qa,13,15.820428848266602,2.6332714557647705,0.21454760432243347
qwen2_5_0_5b_base,capital:11,capital,qa,14,19.325578689575195,6.45035982131958,0.24431687593460083
qwen2_5_0_5b_base,capital:11,capital,qa,15,22.215599060058594,4.6280317306518555,0.2629617154598236
qwen2_5_0_5b_base,capital:11,capital,qa,16,24.229434967041016,1.6095662117004395,0.2825050950050354
qwen2_5_0_5b_base,capital:11,capital,qa,17,28.557130813598633,6.817366600036621,0.24980974197387695
qwen2_5_0_5b_base,capital:11,capital,qa,18,36.75884246826172,3.1711277961730957,0.24218320846557617
qwen2_5_0_5b_base,capital:11,capital,qa,19,39.48032760620117,4.3368635177612305,0.2877679765224457
qwen2_5_0_5b_base,capital:11,capital,qa,20,48.78193664550781,14.264409065246582,0.29941925406455994
qwen2_5_0_5b_base,capital:11,capital,qa,21,73.7273941040039,21.604366302490234,0.30946412682533264
qwen2_5_0_5b_base,capital:11,capital,qa,22,79.45232391357422,4.5560784339904785,0.44448015093803406
qwen2_5_0_5b_base,capital:11,capital,qa,23,248.4327850341797,11.333953857421875,0.458731085062027
qwen2_5_0_5b_base,capital:11,capital,chat_template,0,3.5839507579803467,0.5937715172767639,0.10482635349035263
qwen2_5_0_5b_base,capital:11,capital,chat_template,1,6.826064109802246,2.8436977863311768,0.1676204800605774
qwen2_5_0_5b_base,capital:11,capital,chat_template,2,7.3151350021362305,1.509447455406189,0.14858616888523102
qwen2_5_0_5b_base,capital:11,capital,chat_template,3,8.346800804138184,2.3199830055236816,0.17115074396133423
qwen2_5_0_5b_base,capital:11,capital,chat_template,4,9.505617141723633,2.8046388626098633,0.1941256821155548
qwen2_5_0_5b_base,capital:11,capital,chat_template,5,10.47158432006836,3.9206013679504395,0.21090812981128693
qwen2_5_0_5b_base,capital:11,capital,chat_template,6,11.600910186767578,2.9898204803466797,0.219295933842659
qwen2_5_0_5b_base,capital:11,capital,chat_template,7,12.95050048828125,3.6531782150268555,0.22192199528217316
qwen2_5_0_5b_base,capital:11,capital,chat_template,8,12.657526969909668,4.25417947769165,0.20285288989543915
qwen2_5_0_5b_base,capital:11,capital,chat_template,9,13.111940383911133,2.8907883167266846,0.2052772492170334
qwen2_5_0_5b_base,capital:11,capital,chat_template,10,14.414239883422852,3.938488245010376,0.20553210377693176
qwen2_5_0_5b_base,capital:11,capital,chat_template,11,15.836791038513184,2.4006640911102295,0.22161135077476501
qwen2_5_0_5b_base,capital:11,capital,chat_template,12,15.475848197937012,4.049648284912109,0.22387893497943878
qwen2_5_0_5b_base,capital:11,capital,chat_template,13,15.83297348022461,3.0123937129974365,0.22468848526477814
qwen2_5_0_5b_base,capital:11,capital,chat_template,14,19.588577270507812,5.240601539611816,0.24974331259727478
qwen2_5_0_5b_base,capital:11,capital,chat_template,15,20.510631561279297,4.678303241729736,0.2569531500339508
qwen2_5_0_5b_base,capital:11,capital,chat_template,16,22.965063095092773,2.554746389389038,0.287581205368042
qwen2_5_0_5b_base,capital:11,capital,chat_template,17,29.588964462280273,5.34232759475708,0.2595641314983368
qwen2_5_0_5b_base,capital:11,capital,chat_template,18,33.41127395629883,3.322253942489624,0.2519499957561493
qwen2_5_0_5b_base,capital:11,capital,chat_template,19,37.11436080932617,3.390526294708252,0.2840753495693207
qwen2_5_0_5b_base,capital:11,capital,chat_template,20,50.262752532958984,10.234688758850098,0.2889861464500427
qwen2_5_0_5b_base,capital:11,capital,chat_template,21,66.62569427490234,27.143613815307617,0.2517722249031067
qwen2_5_0_5b_base,capital:11,capital,chat_template,22,69.92912292480469,9.003922462463379,0.32091498374938965
qwen2_5_0_5b_base,capital:11,capital,chat_template,23,246.95352172851562,16.680938720703125,0.3980714678764343
qwen2_5_0_5b_base,capital:12,capital,raw_question,0,4.547004699707031,0.4448685646057129,0.13368339836597443
qwen2_5_0_5b_base,capital:12,capital,raw_question,1,8.004776954650879,2.8484292030334473,0.1699630618095398
qwen2_5_0_5b_base,capital:12,capital,raw_question,2,8.16908073425293,1.6144285202026367,0.17264755070209503
qwen2_5_0_5b_base,capital:12,capital,raw_question,3,9.576719284057617,2.0076746940612793,0.19310463964939117
qwen2_5_0_5b_base,capital:12,capital,raw_question,4,10.82651424407959,2.9708807468414307,0.212269127368927
qwen2_5_0_5b_base,capital:12,capital,raw_question,5,11.741914749145508,3.1002368927001953,0.21328423917293549
qwen2_5_0_5b_base,capital:12,capital,raw_question,6,13.600165367126465,1.7036799192428589,0.22117692232131958
qwen2_5_0_5b_base,capital:12,capital,raw_question,7,14.69171142578125,2.464512586593628,0.22129836678504944
qwen2_5_0_5b_base,capital:12,capital,raw_question,8,14.921407699584961,3.524549961090088,0.20903289318084717
qwen2_5_0_5b_base,capital:12,capital,raw_question,9,15.529496192932129,2.600973129272461,0.2051759511232376
qwen2_5_0_5b_base,capital:12,capital,raw_question,10,15.03454875946045,3.7422356605529785,0.19660553336143494
qwen2_5_0_5b_base,capital:12,capital,raw_question,11,15.382308959960938,2.5318539142608643,0.19926853477954865
qwen2_5_0_5b_base,capital:12,capital,raw_question,12,16.00987434387207,2.884355068206787,0.20325781404972076
qwen2_5_0_5b_base,capital:12,capital,raw_question,13,17.176345825195312,2.9762847423553467,0.20138341188430786
qwen2_5_0_5b_base,capital:12,capital,raw_question,14,17.930124282836914,3.4374282360076904,0.2216079831123352
qwen2_5_0_5b_base,capital:12,capital,raw_question,15,19.874982833862305,3.737267255783081,0.2447153627872467
qwen2_5_0_5b_base,capital:12,capital,raw_question,16,24.058042526245117,1.655500888824463,0.2740914821624756
qwen2_5_0_5b_base,capital:12,capital,raw_question,17,28.836759567260742,4.0322394371032715,0.25202885270118713
qwen2_5_0_5b_base,capital:12,capital,raw_question,18,32.64269256591797,1.761553168296814,0.24625422060489655
qwen2_5_0_5b_base,capital:12,capital,raw_question,19,36.67995071411133,4.283222675323486,0.27498379349708557
qwen2_5_0_5b_base,capital:12,capital,raw_question,20,51.484642028808594,10.42846393585205,0.2866944670677185
qwen2_5_0_5b_base,capital:12,capital,raw_question,21,73.43563079833984,14.299980163574219,0.25412797927856445
qwen2_5_0_5b_base,capital:12,capital,raw_question,22,78.09949493408203,4.814282417297363,0.28341448307037354
qwen2_5_0_5b_base,capital:12,capital,raw_question,23,284.35089111328125,11.947769165039062,0.3728763461112976
qwen2_5_0_5b_base,capital:12,capital,declarative,0,5.027958393096924,0.41620033979415894,0.1363787204027176
qwen2_5_0_5b_base,capital:12,capital,declarative,1,8.104598999023438,2.763766050338745,0.1641221046447754
qwen2_5_0_5b_base,capital:12,capital,declarative,2,8.747994422912598,1.726829171180725,0.1793651431798935
qwen2_5_0_5b_base,capital:12,capital,declarative,3,10.063750267028809,2.5134708881378174,0.19403578341007233
qwen2_5_0_5b_base,capital:12,capital,declarative,4,11.247184753417969,3.820969581604004,0.2243228703737259
qwen2_5_0_5b_base,capital:12,capital,declarative,5,13.445988655090332,3.753511667251587,0.22156910598278046
qwen2_5_0_5b_base,capital:12,capital,declarative,6,13.442034721374512,2.191065788269043,0.22976230084896088
qwen2_5_0_5b_base,capital:12,capital,declarative,7,13.76685619354248,3.0953922271728516,0.22232425212860107
qwen2_5_0_5b_base,capital:12,capital,declarative,8,14.07200813293457,4.3527512550354,0.2118881195783615
qwen2_5_0_5b_base,capital:12,capital,declarative,9,14.810918807983398,2.60190749168396,0.20533549785614014
qwen2_5_0_5b_base,capital:12,capital,declarative,10,15.150243759155273,4.035017967224121,0.20445847511291504
qwen2_5_0_5b_base,capital:12,capital,declarative,11,15.374348640441895,2.648057460784912,0.20325417816638947
qwen2_5_0_5b_base,capital:12,capital,declarative,12,16.03692626953125,3.04732346534729,0.20202775299549103
qwen2_5_0_5b_base,capital:12,capital,declarative,13,17.27010154724121,2.3059427738189697,0.19532233476638794
qwen2_5_0_5b_base,capital:12,capital,declarative,14,18.23391342163086,3.9854214191436768,0.2205895334482193
qwen2_5_0_5b_base,capital:12,capital,declarative,15,21.094680786132812,4.742578029632568,0.24174770712852478
qwen2_5_0_5b_base,capital:12,capital,declarative,16,24.512752532958984,1.344434380531311,0.2703336477279663
qwen2_5_0_5b_base,capital:12,capital,declarative,17,29.522390365600586,5.401825904846191,0.24419939517974854
qwen2_5_0_5b_base,capital:12,capital,declarative,18,35.803245544433594,4.513275623321533,0.24903041124343872
qwen2_5_0_5b_base,capital:12,capital,declarative,19,38.620384216308594,4.528501510620117,0.27549418807029724
qwen2_5_0_5b_base,capital:12,capital,declarative,20,50.45958709716797,10.484729766845703,0.2912115156650543
qwen2_5_0_5b_base,capital:12,capital,declarative,21,72.69378662109375,19.431884765625,0.2885304093360901
qwen2_5_0_5b_base,capital:12,capital,declarative,22,82.37152862548828,4.340730667114258,0.3471139669418335
qwen2_5_0_5b_base,capital:12,capital,declarative,23,281.4239501953125,10.650296211242676,0.3854312002658844
qwen2_5_0_5b_base,capital:12,capital,qa,0,4.122560024261475,0.5508002042770386,0.14173829555511475
qwen2_5_0_5b_base,capital:12,capital,qa,1,6.872178554534912,2.862898588180542,0.17596615850925446
qwen2_5_0_5b_base,capital:12,capital,qa,2,8.863774299621582,2.3918302059173584,0.232535719871521
qwen2_5_0_5b_base,capital:12,capital,qa,3,9.53211784362793,3.1487960815429688,0.21980255842208862
qwen2_5_0_5b_base,capital:12,capital,qa,4,10.365569114685059,2.524614095687866,0.21141745150089264
qwen2_5_0_5b_base,capital:12,capital,qa,5,10.984417915344238,3.245124101638794,0.2108183354139328
qwen2_5_0_5b_base,capital:12,capital,qa,6,12.29434585571289,2.293055295944214,0.22314393520355225
qwen2_5_0_5b_base,capital:12,capital,qa,7,12.222887992858887,2.5756399631500244,0.2208136022090912
qwen2_5_0_5b_base,capital:12,capital,qa,8,12.922602653503418,3.234544515609741,0.20006759464740753
qwen2_5_0_5b_base,capital:12,capital,qa,9,14.112859725952148,2.9988505840301514,0.210008904337883
qwen2_5_0_5b_base,capital:12,capital,qa,10,13.044201850891113,3.166661024093628,0.19832336902618408
qwen2_5_0_5b_base,capital:12,capital,qa,11,14.670082092285156,2.387073040008545,0.20871029794216156
qwen2_5_0_5b_base,capital:12,capital,qa,12,14.981350898742676,3.155020236968994,0.21222104132175446
qwen2_5_0_5b_base,capital:12,capital,qa,13,15.799039840698242,2.71708607673645,0.21417336165905
qwen2_5_0_5b_base,capital:12,capital,qa,14,19.25975799560547,6.334023952484131,0.24384568631649017
qwen2_5_0_5b_base,capital:12,capital,qa,15,21.83329963684082,4.649781703948975,0.26217082142829895
qwen2_5_0_5b_base,capital:12,capital,qa,16,24.06531524658203,1.7490426301956177,0.28264257311820984
qwen2_5_0_5b_base,capital:12,capital,qa,17,28.444046020507812,6.549838542938232,0.2529071867465973
qwen2_5_0_5b_base,capital:12,capital,qa,18,35.759483337402344,3.763639450073242,0.24368315935134888
qwen2_5_0_5b_base,capital:12,capital,qa,19,39.142635345458984,4.975680351257324,0.2865702211856842
qwen2_5_0_5b_base,capital:12,capital,qa,20,48.8968505859375,12.830592155456543,0.30084457993507385
qwen2_5_0_5b_base,capital:12,capital,qa,21,69.89649963378906,22.286365509033203,0.30585575103759766
qwen2_5_0_5b_base,capital:12,capital,qa,22,80.47470092773438,3.540151596069336,0.4168676733970642
qwen2_5_0_5b_base,capital:12,capital,qa,23,249.72889709472656,11.728850364685059,0.4457542896270752
qwen2_5_0_5b_base,capital:12,capital,chat_template,0,3.585285186767578,0.5924396514892578,0.10485029220581055
qwen2_5_0_5b_base,capital:12,capital,chat_template,1,6.807620048522949,2.843827486038208,0.16806964576244354
qwen2_5_0_5b_base,capital:12,capital,chat_template,2,7.313683986663818,1.5108118057250977,0.14977870881557465
qwen2_5_0_5b_base,capital:12,capital,chat_template,3,8.32398509979248,2.316336154937744,0.17133398354053497
qwen2_5_0_5b_base,capital:12,capital,chat_template,4,9.527331352233887,2.8255600929260254,0.19412070512771606
qwen2_5_0_5b_base,capital:12,capital,chat_template,5,10.41608715057373,3.8828959465026855,0.21064984798431396
qwen2_5_0_5b_base,capital:12,capital,chat_template,6,11.565827369689941,3.0532445907592773,0.21889249980449677
qwen2_5_0_5b_base,capital:12,capital,chat_template,7,13.040870666503906,3.6300480365753174,0.22167296707630157
qwen2_5_0_5b_base,capital:12,capital,chat_template,8,12.678815841674805,4.295886993408203,0.20398463308811188
qwen2_5_0_5b_base,capital:12,capital,chat_template,9,13.09829044342041,2.9246842861175537,0.20654545724391937
qwen2_5_0_5b_base,capital:12,capital,chat_template,10,14.406229019165039,3.9906997680664062,0.2056032121181488
qwen2_5_0_5b_base,capital:12,capital,chat_template,11,15.727745056152344,2.3595571517944336,0.22168445587158203
qwen2_5_0_5b_base,capital:12,capital,chat_template,12,15.413725852966309,3.992478370666504,0.22355002164840698
qwen2_5_0_5b_base,capital:12,capital,chat_template,13,15.899186134338379,2.965715169906616,0.22386300563812256
qwen2_5_0_5b_base,capital:12,capital,chat_template,14,19.794857025146484,5.257462501525879,0.24975726008415222
qwen2_5_0_5b_base,capital:12,capital,chat_template,15,20.709869384765625,4.650609970092773,0.25778815150260925
qwen2_5_0_5b_base,capital:12,capital,chat_template,16,23.186084747314453,2.556333541870117,0.2881108224391937
qwen2_5_0_5b_base,capital:12,capital,chat_template,17,29.916982650756836,5.392029762268066,0.25954899191856384
qwen2_5_0_5b_base,capital:12,capital,chat_template,18,33.54960632324219,3.2913894653320312,0.25239622592926025
qwen2_5_0_5b_base,capital:12,capital,chat_template,19,37.23163986206055,3.3696608543395996,0.2845996022224426
qwen2_5_0_5b_base,capital:12,capital,chat_template,20,50.931095123291016,10.118281364440918,0.29060882329940796
qwen2_5_0_5b_base,capital:12,capital,chat_template,21,67.16748046875,26.277936935424805,0.2516728937625885
qwen2_5_0_5b_base,capital:12,capital,chat_template,22,71.13191223144531,9.82963752746582,0.3187609612941742
qwen2_5_0_5b_base,capital:12,capital,chat_template,23,244.9210662841797,14.82680892944336,0.3976733982563019
qwen2_5_0_5b_base,capital:13,capital,raw_question,0,4.458820343017578,0.4554120898246765,0.13217951357364655
qwen2_5_0_5b_base,capital:13,capital,raw_question,1,7.9371018409729,2.8169968128204346,0.1691828966140747
qwen2_5_0_5b_base,capital:13,capital,raw_question,2,8.090567588806152,1.5955570936203003,0.1721429079771042
qwen2_5_0_5b_base,capital:13,capital,raw_question,3,9.518959999084473,1.9115948677062988,0.19175444543361664
qwen2_5_0_5b_base,capital:13,capital,raw_question,4,10.982650756835938,3.0369441509246826,0.21229542791843414
qwen2_5_0_5b_base,capital:13,capital,raw_question,5,11.870818138122559,3.1688387393951416,0.21362385153770447
qwen2_5_0_5b_base,capital:13,capital,raw_question,6,13.5866060256958,1.7073044776916504,0.22239549458026886
qwen2_5_0_5b_base,capital:13,capital,raw_question,7,14.689882278442383,2.4996562004089355,0.22197136282920837
qwen2_5_0_5b_base,capital:13,capital,raw_question,8,14.725985527038574,3.4142699241638184,0.20813769102096558
qwen2_5_0_5b_base,capital:13,capital,raw_question,9,15.425034523010254,2.6481871604919434,0.2037556767463684
qwen2_5_0_5b_base,capital:13,capital,raw_question,10,15.024225234985352,3.763838768005371,0.19501565396785736
qwen2_5_0_5b_base,capital:13,capital,raw_question,11,15.427471160888672,2.5356252193450928,0.19917158782482147
qwen2_5_0_5b_base,capital:13,capital,raw_question,12,16.04254150390625,2.8633205890655518,0.20129911601543427
qwen2_5_0_5b_base,capital:13,capital,raw_question,13,17.23916244506836,2.9319748878479004,0.2004442811012268
qwen2_5_0_5b_base,capital:13,capital,raw_question,14,17.950197219848633,3.4349732398986816,0.2190438061952591
qwen2_5_0_5b_base,capital:13,capital,raw_question,15,19.70847511291504,3.404141902923584,0.24104899168014526
qwen2_5_0_5b_base,capital:13,capital,raw_question,16,24.060321807861328,1.3040155172348022,0.2717564105987549
qwen2_5_0_5b_base,capital:13,capital,raw_question,17,28.764596939086914,4.139839172363281,0.2507306635379791
qwen2_5_0_5b_base,capital:13,capital,raw_question,18,32.60354232788086,1.6543916463851929,0.24563118815422058
qwen2_5_0_5b_base,capital:13,capital,raw_question,19,36.599693298339844,3.483585834503174,0.2736325263977051
qwen2_5_0_5b_base,capital:13,capital,raw_question,20,50.66780471801758,9.113655090332031,0.28856417536735535
qwen2_5_0_5b_base,capital:13,capital,raw_question,21,72.3084716796875,12.886823654174805,0.2576839029788971
qwen2_5_0_5b_base,capital:13,capital,raw_question,22,76.80268096923828,3.3545138835906982,0.28044188022613525
qwen2_5_0_5b_base,capital:13,capital,raw_question,23,289.3494873046875,11.124468803405762,0.3711740970611572
qwen2_5_0_5b_base,capital:13,capital,declarative,0,4.855231761932373,0.4255276322364807,0.13569821417331696
qwen2_5_0_5b_base,capital:13,capital,declarative,1,7.89187479019165,2.8232758045196533,0.16457565128803253
qwen2_5_0_5b_base,capital:13,capital,declarative,2,8.491785049438477,1.7324693202972412,0.17718952894210815
qwen2_5_0_5b_base,capital:13,capital,declarative,3,9.984075546264648,2.533055305480957,0.19587019085884094
qwen2_5_0_5b_base,capital:13,capital,declarative,4,11.550826072692871,3.958681583404541,0.22605328261852264
qwen2_5_0_5b_base,capital:13,capital,declarative,5,13.636528015136719,3.7264463901519775,0.2233450561761856
qwen2_5_0_5b_base,capital:13,capital,declarative,6,13.763954162597656,2.2709546089172363,0.2302127182483673
qwen2_5_0_5b_base,capital:13,capital,declarative,7,13.84024715423584,3.2197422981262207,0.22321109473705292
qwen2_5_0_5b_base,capital:13,capital,declarative,8,14.317473411560059,4.201150894165039,0.21404828131198883
qwen2_5_0_5b_base,capital:13,capital,declarative,9,15.031914710998535,2.281282424926758,0.2058722823858261
qwen2_5_0_5b_base,capital:13,capital,declarative,10,15.370501518249512,4.125990390777588,0.2043900489807129
qwen2_5_0_5b_base,capital:13,capital,declarative,11,15.64212703704834,2.6374757289886475,0.20433251559734344
qwen2_5_0_5b_base,capital:13,capital,declarative,12,16.29865074157715,2.954282760620117,0.20336495339870453
qwen2_5_0_5b_base,capital:13,capital,declarative,13,17.69890785217285,2.1958866119384766,0.19463121891021729
qwen2_5_0_5b_base,capital:13,capital,declarative,14,18.680797576904297,3.699009656906128,0.21587073802947998
qwen2_5_0_5b_base,capital:13,capital,declarative,15,21.373088836669922,4.738527297973633,0.23885983228683472
qwen2_5_0_5b_base,capital:13,capital,declarative,16,25.662067413330078,1.1817108392715454,0.27076026797294617
qwen2_5_0_5b_base,capital:13,capital,declarative,17,30.119003295898438,5.26101541519165,0.2455143928527832
qwen2_5_0_5b_base,capital:13,capital,declarative,18,35.82997131347656,4.488197326660156,0.24965256452560425
qwen2_5_0_5b_base,capital:13,capital,declarative,19,39.45758819580078,4.359346389770508,0.27790939807891846
qwen2_5_0_5b_base,capital:13,capital,declarative,20,51.59822082519531,9.39635944366455,0.2928083837032318
qwen2_5_0_5b_base,capital:13,capital,declarative,21,72.39125061035156,16.99795913696289,0.2937963902950287
qwen2_5_0_5b_base,capital:13,capital,declarative,22,82.60851287841797,4.428384780883789,0.3412103056907654
qwen2_5_0_5b_base,capital:13,capital,declarative,23,291.9735412597656,10.479228973388672,0.3771965503692627
qwen2_5_0_5b_base,capital:13,capital,qa,0,4.134570121765137,0.554186224937439,0.1389816403388977
qwen2_5_0_5b_base,capital:13,capital,qa,1,6.870351314544678,2.859340190887451,0.1754741370677948
qwen2_5_0_5b_base,capital:13,capital,qa,2,8.760865211486816,2.323383331298828,0.22984683513641357
qwen2_5_0_5b_base,capital:13,capital,qa,3,9.479166984558105,3.098078727722168,0.21901889145374298
qwen2_5_0_5b_base,capital:13,capital,qa,4,10.366101264953613,2.5091047286987305,0.21086692810058594
qwen2_5_0_5b_base,capital:13,capital,qa,5,10.79723072052002,3.2940680980682373,0.20990966260433197
qwen2_5_0_5b_base,capital:13,capital,qa,6,12.134883880615234,2.2733848094940186,0.22337399423122406
qwen2_5_0_5b_base,capital:13,capital,qa,7,12.035566329956055,2.5701262950897217,0.2207498550415039
qwen2_5_0_5b_base,capital:13,capital,qa,8,12.948549270629883,3.3312883377075195,0.19895561039447784
qwen2_5_0_5b_base,capital:13,capital,qa,9,14.166701316833496,2.912989616394043,0.20985259115695953
qwen2_5_0_5b_base,capital:13,capital,qa,10,13.001425743103027,3.2177860736846924,0.19807305932044983
qwen2_5_0_5b_base,capital:13,capital,qa,11,14.568297386169434,2.354193687438965,0.20728546380996704
qwen2_5_0_5b_base,capital:13,capital,qa,12,14.93580436706543,3.112704038619995,0.2109551727771759
qwen2_5_0_5b_base,capital:13,capital,qa,13,15.814943313598633,2.73453950881958,0.21461090445518494
qwen2_5_0_5b_base,capital:13,capital,qa,14,19.383447647094727,6.568264961242676,0.24465255439281464
qwen2_5_0_5b_base,capital:13,capital,qa,15,21.909421920776367,4.586799144744873,0.26299822330474854
qwen2_5_0_5b_base,capital:13,capital,qa,16,23.908536911010742,1.6197227239608765,0.2832930088043213
qwen2_5_0_5b_base,capital:13,capital,qa,17,28.556310653686523,7.6283674240112305,0.25382256507873535
qwen2_5_0_5b_base,capital:13,capital,qa,18,36.24470901489258,3.2302114963531494,0.24554187059402466
qwen2_5_0_5b_base,capital:13,capital,qa,19,39.026153564453125,4.305524826049805,0.287303626537323
qwen2_5_0_5b_base,capital:13,capital,qa,20,50.75419235229492,12.066915512084961,0.3005858063697815
qwen2_5_0_5b_base,capital:13,capital,qa,21,68.93955993652344,21.58551025390625,0.3188474178314209
qwen2_5_0_5b_base,capital:13,capital,qa,22,79.04661560058594,3.998962879180908,0.41860389709472656
qwen2_5_0_5b_base,capital:13,capital,qa,23,252.97427368164062,10.888689994812012,0.44491487741470337
qwen2_5_0_5b_base,capital:13,capital,chat_template,0,3.5854220390319824,0.5936763286590576,0.10471617430448532
qwen2_5_0_5b_base,capital:13,capital,chat_template,1,6.810695648193359,2.843019485473633,0.16768331825733185
qwen2_5_0_5b_base,capital:13,capital,chat_template,2,7.297295093536377,1.5081440210342407,0.14879079163074493
qwen2_5_0_5b_base,capital:13,capital,chat_template,3,8.326446533203125,2.3183505535125732,0.171085923910141
qwen2_5_0_5b_base,capital:13,capital,chat_template,4,9.590846061706543,2.8560850620269775,0.1946978121995926
qwen2_5_0_5b_base,capital:13,capital,chat_template,5,10.47500228881836,3.876453399658203,0.21082386374473572
qwen2_5_0_5b_base,capital:13,capital,chat_template,6,11.593871116638184,3.1227564811706543,0.21971064805984497
qwen2_5_0_5b_base,capital:13,capital,chat_template,7,13.033175468444824,3.6209676265716553,0.22171688079833984
qwen2_5_0_5b_base,capital:13,capital,chat_template,8,12.700244903564453,4.265784740447998,0.20387990772724152
qwen2_5_0_5b_base,capital:13,capital,chat_template,9,13.045616149902344,2.900601387023926,0.20617550611495972
qwen2_5_0_5b_base,capital:13,capital,chat_template,10,14.480612754821777,4.053959369659424,0.2065286487340927
qwen2_5_0_5b_base,capital:13,capital,chat_template,11,15.811774253845215,2.371772289276123,0.22221294045448303
qwen2_5_0_5b_base,capital:13,capital,chat_template,12,15.396705627441406,4.064151763916016,0.22331790626049042
qwen2_5_0_5b_base,capital:13,capital,chat_template,13,15.880138397216797,2.970702886581421,0.22344303131103516
qwen2_5_0_5b_base,capital:13,capital,chat_template,14,19.625972747802734,5.316784858703613,0.24910582602024078
qwen2_5_0_5b_base,capital:13,capital,chat_template,15,20.76316261291504,4.658048152923584,0.2567915916442871
qwen2_5_0_5b_base,capital:13,capital,chat_template,16,23.228195190429688,2.485975980758667,0.28730082511901855
qwen2_5_0_5b_base,capital:13,capital,chat_template,17,29.868520736694336,5.409514427185059,0.25915563106536865
qwen2_5_0_5b_base,capital:13,capital,chat_template,18,33.562599182128906,3.348687171936035,0.25139689445495605
qwen2_5_0_5b_base,capital:13,capital,chat_template,19,37.26913833618164,3.342866897583008,0.28283053636550903
qwen2_5_0_5b_base,capital:13,capital,chat_template,20,50.391845703125,9.966960906982422,0.2897782623767853
qwen2_5_0_5b_base,capital:13,capital,chat_template,21,66.57623291015625,26.829608917236328,0.25226321816444397
qwen2_5_0_5b_base,capital:13,capital,chat_template,22,70.15582275390625,9.070894241333008,0.3223981261253357
qwen2_5_0_5b_base,capital:13,capital,chat_template,23,245.7532958984375,16.23491096496582,0.3931945860385895
qwen2_5_0_5b_base,capital:14,capital,raw_question,0,4.437586307525635,0.45282045006752014,0.13209304213523865
qwen2_5_0_5b_base,capital:14,capital,raw_question,1,7.93619441986084,2.761279582977295,0.16851039230823517
qwen2_5_0_5b_base,capital:14,capital,raw_question,2,7.976005554199219,1.5997340679168701,0.17163120210170746
qwen2_5_0_5b_base,capital:14,capital,raw_question,3,9.54913330078125,1.9641573429107666,0.19109395146369934
qwen2_5_0_5b_base,capital:14,capital,raw_question,4,10.799124717712402,2.956865072250366,0.2115912139415741
qwen2_5_0_5b_base,capital:14,capital,raw_question,5,11.980184555053711,3.1410326957702637,0.21398970484733582
qwen2_5_0_5b_base,capital:14,capital,raw_question,6,13.690834045410156,1.6553014516830444,0.2218804657459259
qwen2_5_0_5b_base,capital:14,capital,raw_question,7,14.966879844665527,2.49286150932312,0.22233900427818298
qwen2_5_0_5b_base,capital:14,capital,raw_question,8,14.936895370483398,3.4799041748046875,0.20950324833393097
qwen2_5_0_5b_base,capital:14,capital,raw_question,9,15.672365188598633,2.6621787548065186,0.20494681596755981
qwen2_5_0_5b_base,capital:14,capital,raw_question,10,15.289045333862305,3.7855474948883057,0.19736476242542267
qwen2_5_0_5b_base,capital:14,capital,raw_question,11,15.744404792785645,2.56795072555542,0.2015983611345291
qwen2_5_0_5b_base,capital:14,capital,raw_question,12,16.268388748168945,2.974773645401001,0.20636312663555145
qwen2_5_0_5b_base,capital:14,capital,raw_question,13,17.448030471801758,2.915123462677002,0.20444518327713013
qwen2_5_0_5b_base,capital:14,capital,raw_question,14,18.158668518066406,3.3930318355560303,0.22669637203216553
qwen2_5_0_5b_base,capital:14,capital,raw_question,15,20.02897834777832,4.114312648773193,0.24909818172454834
qwen2_5_0_5b_base,capital:14,capital,raw_question,16,23.869462966918945,1.7638990879058838,0.2743380069732666
qwen2_5_0_5b_base,capital:14,capital,raw_question,17,28.46185302734375,4.091970443725586,0.25220945477485657
qwen2_5_0_5b_base,capital:14,capital,raw_question,18,32.68138122558594,2.257560968399048,0.2453950047492981
qwen2_5_0_5b_base,capital:14,capital,raw_question,19,36.76819610595703,4.163599014282227,0.2778698205947876
qwen2_5_0_5b_base,capital:14,capital,raw_question,20,50.81222915649414,11.77446174621582,0.29368749260902405
qwen2_5_0_5b_base,capital:14,capital,raw_question,21,74.45429992675781,15.41627025604248,0.25909462571144104
qwen2_5_0_5b_base,capital:14,capital,raw_question,22,80.81300354003906,3.8237829208374023,0.2954724431037903
qwen2_5_0_5b_base,capital:14,capital,raw_question,23,290.55914306640625,14.605281829833984,0.38036859035491943
qwen2_5_0_5b_base,capital:14,capital,declarative,0,4.805006504058838,0.42691707611083984,0.13480491936206818
qwen2_5_0_5b_base,capital:14,capital,declarative,1,8.006004333496094,2.736299753189087,0.16248248517513275
qwen2_5_0_5b_base,capital:14,capital,declarative,2,8.549642562866211,1.776799201965332,0.17863009870052338
qwen2_5_0_5b_base,capital:14,capital,declarative,3,9.809871673583984,2.4289803504943848,0.19425886869430542
qwen2_5_0_5b_base,capital:14,capital,declarative,4,11.40733814239502,3.837557792663574,0.22193634510040283
qwen2_5_0_5b_base,capital:14,capital,declarative,5,13.48610782623291,3.7021255493164062,0.21882930397987366
qwen2_5_0_5b_base,capital:14,capital,declarative,6,13.623001098632812,2.225968599319458,0.23069818317890167
qwen2_5_0_5b_base,capital:14,capital,declarative,7,14.044632911682129,3.257580280303955,0.22484958171844482
qwen2_5_0_5b_base,capital:14,capital,declarative,8,14.310934066772461,4.165961265563965,0.21459178626537323
qwen2_5_0_5b_base,capital:14,capital,declarative,9,14.786959648132324,2.550546884536743,0.20707397162914276
qwen2_5_0_5b_base,capital:14,capital,declarative,10,15.262832641601562,4.096213340759277,0.20724625885486603
qwen2_5_0_5b_base,capital:14,capital,declarative,11,15.502814292907715,2.6727700233459473,0.203457310795784
qwen2_5_0_5b_base,capital:14,capital,declarative,12,16.302202224731445,3.0848939418792725,0.20406007766723633
qwen2_5_0_5b_base,capital:14,capital,declarative,13,17.62281036376953,2.2861413955688477,0.19471478462219238
qwen2_5_0_5b_base,capital:14,capital,declarative,14,18.52781867980957,3.8739418983459473,0.21766221523284912
qwen2_5_0_5b_base,capital:14,capital,declarative,15,21.506044387817383,4.619926452636719,0.23808996379375458
qwen2_5_0_5b_base,capital:14,capital,declarative,16,25.03087043762207,1.3322222232818604,0.2701791524887085
qwen2_5_0_5b_base,capital:14,capital,declarative,17,29.449254989624023,4.56050968170166,0.24069881439208984
qwen2_5_0_5b_base,capital:14,capital,declarative,18,35.84758758544922,4.657806873321533,0.24668990075588226
qwen2_5_0_5b_base,capital:14,capital,declarative,19,38.64832305908203,4.2427215576171875,0.2767571806907654
qwen2_5_0_5b_base,capital:14,capital,declarative,20,50.0423698425293,10.612052917480469,0.2915763258934021
qwen2_5_0_5b_base,capital:14,capital,declarative,21,73.3353271484375,19.1375732421875,0.28314265608787537
qwen2_5_0_5b_base,capital:14,capital,declarative,22,82.74575805664062,3.879657745361328,0.34430474042892456
qwen2_5_0_5b_base,capital:14,capital,declarative,23,291.44158935546875,10.146156311035156,0.37994346022605896
qwen2_5_0_5b_base,capital:14,capital,qa,0,4.142149448394775,0.5553378462791443,0.13763603568077087
qwen2_5_0_5b_base,capital:14,capital,qa,1,6.9327006340026855,2.8586747646331787,0.17510908842086792
qwen2_5_0_5b_base,capital:14,capital,qa,2,8.910215377807617,2.4140453338623047,0.2319517880678177
qwen2_5_0_5b_base,capital:14,capital,qa,3,9.532116889953613,3.1567165851593018,0.22002343833446503
qwen2_5_0_5b_base,capital:14,capital,qa,4,10.455645561218262,2.5487799644470215,0.21145083010196686
qwen2_5_0_5b_base,capital:14,capital,qa,5,10.906697273254395,3.181638717651367,0.2101612538099289
qwen2_5_0_5b_base,capital:14,capital,qa,6,12.212749481201172,2.259394645690918,0.22292789816856384
qwen2_5_0_5b_base,capital:14,capital,qa,7,12.298906326293945,2.2231061458587646,0.2204362452030182
qwen2_5_0_5b_base,capital:14,capital,qa,8,12.905662536621094,3.2543954849243164,0.19880735874176025
qwen2_5_0_5b_base,capital:14,capital,qa,9,14.209246635437012,2.9733970165252686,0.20902574062347412
qwen2_5_0_5b_base,capital:14,capital,qa,10,13.0769681930542,3.213329315185547,0.19798752665519714
qwen2_5_0_5b_base,capital:14,capital,qa,11,14.769838333129883,2.3836753368377686,0.20834463834762573
qwen2_5_0_5b_base,capital:14,capital,qa,12,15.26955509185791,3.1370961666107178,0.21360743045806885
qwen2_5_0_5b_base,capital:14,capital,qa,13,16.008434295654297,2.62583327293396,0.2148994654417038
qwen2_5_0_5b_base,capital:14,capital,qa,14,19.437843322753906,6.649237155914307,0.24364802241325378
qwen2_5_0_5b_base,capital:14,capital,qa,15,21.976280212402344,4.643401622772217,0.2633449137210846
qwen2_5_0_5b_base,capital:14,capital,qa,16,23.916763305664062,1.5609897375106812,0.2822311222553253
qwen2_5_0_5b_base,capital:14,capital,qa,17,28.18505859375,6.889237880706787,0.2503304183483124
qwen2_5_0_5b_base,capital:14,capital,qa,18,36.223087310791016,3.5458877086639404,0.2424095869064331
qwen2_5_0_5b_base,capital:14,capital,qa,19,39.54615020751953,4.45030403137207,0.28815412521362305
qwen2_5_0_5b_base,capital:14,capital,qa,20,47.87299728393555,12.847896575927734,0.2998584508895874
qwen2_5_0_5b_base,capital:14,capital,qa,21,77.6947021484375,21.279239654541016,0.29645246267318726
qwen2_5_0_5b_base,capital:14,capital,qa,22,84.0191650390625,4.056582450866699,0.44118234515190125
qwen2_5_0_5b_base,capital:14,capital,qa,23,248.9637908935547,12.999319076538086,0.4596478343009949
qwen2_5_0_5b_base,capital:14,capital,chat_template,0,3.570655345916748,0.592717170715332,0.104527048766613
qwen2_5_0_5b_base,capital:14,capital,chat_template,1,6.8212199211120605,2.842292547225952,0.1677442491054535
qwen2_5_0_5b_base,capital:14,capital,chat_template,2,7.286711692810059,1.5120737552642822,0.1485724151134491
qwen2_5_0_5b_base,capital:14,capital,chat_template,3,8.325916290283203,2.2887442111968994,0.1695002168416977
qwen2_5_0_5b_base,capital:14,capital,chat_template,4,9.555548667907715,2.859718084335327,0.19396193325519562
qwen2_5_0_5b_base,capital:14,capital,chat_template,5,10.503314018249512,3.909924030303955,0.2108737975358963
qwen2_5_0_5b_base,capital:14,capital,chat_template,6,11.501130104064941,2.9148104190826416,0.21883656084537506
qwen2_5_0_5b_base,capital:14,capital,chat_template,7,12.986258506774902,3.7123661041259766,0.2210162878036499
qwen2_5_0_5b_base,capital:14,capital,chat_template,8,12.669507026672363,4.18621826171875,0.20188647508621216
qwen2_5_0_5b_base,capital:14,capital,chat_template,9,13.169510841369629,2.941290855407715,0.2055712789297104
qwen2_5_0_5b_base,capital:14,capital,chat_template,10,14.455581665039062,3.9724273681640625,0.20568890869617462
qwen2_5_0_5b_base,capital:14,capital,chat_template,11,15.707537651062012,2.403704881668091,0.2214212417602539
qwen2_5_0_5b_base,capital:14,capital,chat_template,12,15.510333061218262,3.9929609298706055,0.22346363961696625
qwen2_5_0_5b_base,capital:14,capital,chat_template,13,15.83144474029541,2.937918186187744,0.22361601889133453
qwen2_5_0_5b_base,capital:14,capital,chat_template,14,19.45787239074707,5.215487003326416,0.24823661148548126
qwen2_5_0_5b_base,capital:14,capital,chat_template,15,20.44247055053711,4.650383472442627,0.2564125955104828
qwen2_5_0_5b_base,capital:14,capital,chat_template,16,22.997798919677734,2.586925745010376,0.2869725823402405
qwen2_5_0_5b_base,capital:14,capital,chat_template,17,29.761104583740234,5.322750091552734,0.2592885196208954
qwen2_5_0_5b_base,capital:14,capital,chat_template,18,33.561153411865234,3.3409743309020996,0.25135958194732666
qwen2_5_0_5b_base,capital:14,capital,chat_template,19,37.442222595214844,3.370654344558716,0.28398916125297546
qwen2_5_0_5b_base,capital:14,capital,chat_template,20,50.82340621948242,10.040379524230957,0.28840503096580505
qwen2_5_0_5b_base,capital:14,capital,chat_template,21,67.16603088378906,26.335189819335938,0.25059542059898376
qwen2_5_0_5b_base,capital:14,capital,chat_template,22,70.89126586914062,9.345816612243652,0.317115843296051
qwen2_5_0_5b_base,capital:14,capital,chat_template,23,248.86058044433594,16.622236251831055,0.3986318111419678
qwen2_5_0_5b_base,capital:15,capital,raw_question,0,4.441768169403076,0.4457273781299591,0.13212266564369202
qwen2_5_0_5b_base,capital:15,capital,raw_question,1,7.937952995300293,2.784517288208008,0.1693103164434433
qwen2_5_0_5b_base,capital:15,capital,raw_question,2,8.0977144241333,1.6536937952041626,0.1721559315919876
qwen2_5_0_5b_base,capital:15,capital,raw_question,3,9.47337532043457,1.9830158948898315,0.19261272251605988
qwen2_5_0_5b_base,capital:15,capital,raw_question,4,10.765143394470215,2.9955122470855713,0.2121783345937729
qwen2_5_0_5b_base,capital:15,capital,raw_question,5,11.66076374053955,3.185380697250366,0.21419617533683777
qwen2_5_0_5b_base,capital:15,capital,raw_question,6,13.206156730651855,1.8033641576766968,0.22031278908252716
qwen2_5_0_5b_base,capital:15,capital,raw_question,7,14.3251314163208,2.3441689014434814,0.21812768280506134
qwen2_5_0_5b_base,capital:15,capital,raw_question,8,14.493144989013672,3.4899344444274902,0.20805126428604126
qwen2_5_0_5b_base,capital:15,capital,raw_question,9,15.139816284179688,2.6919760704040527,0.20483264327049255
qwen2_5_0_5b_base,capital:15,capital,raw_question,10,14.916475296020508,3.760690689086914,0.19638949632644653
qwen2_5_0_5b_base,capital:15,capital,raw_question,11,15.405323028564453,2.5510940551757812,0.19936536252498627
qwen2_5_0_5b_base,capital:15,capital,raw_question,12,16.141109466552734,2.9051241874694824,0.20389197766780853
qwen2_5_0_5b_base,capital:15,capital,raw_question,13,17.223819732666016,2.9944307804107666,0.2011796534061432
qwen2_5_0_5b_base,capital:15,capital,raw_question,14,17.961225509643555,3.500082492828369,0.22110216319561005
qwen2_5_0_5b_base,capital:15,capital,raw_question,15,19.641332626342773,3.585754871368408,0.24370966851711273
qwen2_5_0_5b_base,capital:15,capital,raw_question,16,23.953062057495117,1.545733094215393,0.2722148597240448
qwen2_5_0_5b_base,capital:15,capital,raw_question,17,28.571334838867188,4.150753021240234,0.24855121970176697
qwen2_5_0_5b_base,capital:15,capital,raw_question,18,32.238956451416016,1.7805473804473877,0.2439362108707428
qwen2_5_0_5b_base,capital:15,capital,raw_question,19,36.257537841796875,3.8090810775756836,0.2730550765991211
qwen2_5_0_5b_base,capital:15,capital,raw_question,20,50.69729232788086,10.611276626586914,0.28815048933029175
qwen2_5_0_5b_base,capital:15,capital,raw_question,21,72.77102661132812,15.613335609436035,0.2570246160030365
qwen2_5_0_5b_base,capital:15,capital,raw_question,22,78.5674819946289,4.994206428527832,0.2833062708377838
qwen2_5_0_5b_base,capital:15,capital,raw_question,23,266.87957763671875,11.726726531982422,0.3768869638442993
qwen2_5_0_5b_base,capital:15,capital,declarative,0,4.882392406463623,0.4193805456161499,0.13625632226467133
qwen2_5_0_5b_base,capital:15,capital,declarative,1,7.973444938659668,2.7097525596618652,0.16398029029369354
qwen2_5_0_5b_base,capital:15,capital,declarative,2,8.614809036254883,1.7344335317611694,0.1768999546766281
qwen2_5_0_5b_base,capital:15,capital,declarative,3,9.93742847442627,2.502002000808716,0.19405525922775269
qwen2_5_0_5b_base,capital:15,capital,declarative,4,11.546567916870117,3.818950653076172,0.22612667083740234
qwen2_5_0_5b_base,capital:15,capital,declarative,5,13.75699520111084,3.7225868701934814,0.22586320340633392
qwen2_5_0_5b_base,capital:15,capital,declarative,6,13.292531967163086,2.430121421813965,0.22968995571136475
qwen2_5_0_5b_base,capital:15,capital,declarative,7,13.576189994812012,3.252107620239258,0.22303570806980133
qwen2_5_0_5b_base,capital:15,capital,declarative,8,14.083138465881348,4.171776294708252,0.21427364647388458
qwen2_5_0_5b_base,capital:15,capital,declarative,9,14.494508743286133,2.3361868858337402,0.20661349594593048
qwen2_5_0_5b_base,capital:15,capital,declarative,10,14.712254524230957,4.225475311279297,0.20652316510677338
qwen2_5_0_5b_base,capital:15,capital,declarative,11,15.0786771774292,2.6881375312805176,0.20371873676776886
qwen2_5_0_5b_base,capital:15,capital,declarative,12,15.982927322387695,3.053375244140625,0.20399078726768494
qwen2_5_0_5b_base,capital:15,capital,declarative,13,17.65205192565918,2.388360023498535,0.20078864693641663
qwen2_5_0_5b_base,capital:15,capital,declarative,14,18.221628189086914,4.1779608726501465,0.2230358123779297
qwen2_5_0_5b_base,capital:15,capital,declarative,15,20.35811996459961,4.597508430480957,0.24233631789684296
qwen2_5_0_5b_base,capital:15,capital,declarative,16,23.690519332885742,1.519525408744812,0.2711813151836395
qwen2_5_0_5b_base,capital:15,capital,declarative,17,28.450368881225586,5.346915245056152,0.2432284653186798
qwen2_5_0_5b_base,capital:15,capital,declarative,18,36.01084899902344,5.038381099700928,0.24724137783050537
qwen2_5_0_5b_base,capital:15,capital,declarative,19,38.19337463378906,3.977292537689209,0.2770598530769348
qwen2_5_0_5b_base,capital:15,capital,declarative,20,49.88893127441406,12.64604663848877,0.29058727622032166
qwen2_5_0_5b_base,capital:15,capital,declarative,21,67.8536605834961,24.237564086914062,0.30227088928222656
qwen2_5_0_5b_base,capital:15,capital,declarative,22,78.67985534667969,5.695610523223877,0.39858126640319824
qwen2_5_0_5b_base,capital:15,capital,declarative,23,256.1155090332031,10.912901878356934,0.40718451142311096
qwen2_5_0_5b_base,capital:15,capital,qa,0,4.127496719360352,0.5508865118026733,0.1386757791042328
qwen2_5_0_5b_base,capital:15,capital,qa,1,6.922269344329834,2.8630874156951904,0.17498886585235596
qwen2_5_0_5b_base,capital:15,capital,qa,2,8.802559852600098,2.3647608757019043,0.23067966103553772
qwen2_5_0_5b_base,capital:15,capital,qa,3,9.482349395751953,3.149679183959961,0.21983031928539276
qwen2_5_0_5b_base,capital:15,capital,qa,4,10.301151275634766,2.5156471729278564,0.2110425978899002
qwen2_5_0_5b_base,capital:15,capital,qa,5,10.920186042785645,3.1717381477355957,0.2108784168958664
qwen2_5_0_5b_base,capital:15,capital,qa,6,12.138191223144531,2.3044185638427734,0.22215241193771362
qwen2_5_0_5b_base,capital:15,capital,qa,7,12.169452667236328,2.5041706562042236,0.21964149177074432
qwen2_5_0_5b_base,capital:15,capital,qa,8,12.95465087890625,3.2050418853759766,0.19920602440834045
qwen2_5_0_5b_base,capital:15,capital,qa,9,14.108240127563477,3.002546787261963,0.20952118933200836
qwen2_5_0_5b_base,capital:15,capital,qa,10,13.029183387756348,3.1392977237701416,0.19665031135082245
qwen2_5_0_5b_base,capital:15,capital,qa,11,14.581756591796875,2.3882243633270264,0.20688855648040771
qwen2_5_0_5b_base,capital:15,capital,qa,12,14.838095664978027,3.0648598670959473,0.21122154593467712
qwen2_5_0_5b_base,capital:15,capital,qa,13,15.77457332611084,2.6628456115722656,0.2147383987903595
qwen2_5_0_5b_base,capital:15,capital,qa,14,19.27692985534668,6.177920818328857,0.2445412129163742
qwen2_5_0_5b_base,capital:15,capital,qa,15,21.700227737426758,4.4315385818481445,0.26181796193122864
qwen2_5_0_5b_base,capital:15,capital,qa,16,23.875381469726562,1.6017749309539795,0.2823670506477356
qwen2_5_0_5b_base,capital:15,capital,qa,17,28.455873489379883,7.152162551879883,0.25276705622673035
qwen2_5_0_5b_base,capital:15,capital,qa,18,35.61545944213867,3.748441457748413,0.24249398708343506
qwen2_5_0_5b_base,capital:15,capital,qa,19,39.43328857421875,4.108098030090332,0.2866329252719879
qwen2_5_0_5b_base,capital:15,capital,qa,20,49.35546875,12.713812828063965,0.3003358542919159
qwen2_5_0_5b_base,capital:15,capital,qa,21,71.42305755615234,22.531627655029297,0.30427974462509155
qwen2_5_0_5b_base,capital:15,capital,qa,22,79.193603515625,3.72920823097229,0.41899439692497253
qwen2_5_0_5b_base,capital:15,capital,qa,23,251.74253845214844,11.082672119140625,0.4537979066371918
qwen2_5_0_5b_base,capital:15,capital,chat_template,0,3.5796523094177246,0.5936030149459839,0.10476196557283401
qwen2_5_0_5b_base,capital:15,capital,chat_template,1,6.809524059295654,2.847076892852783,0.16794869303703308
qwen2_5_0_5b_base,capital:15,capital,chat_template,2,7.31266450881958,1.5236402750015259,0.14942289888858795
qwen2_5_0_5b_base,capital:15,capital,chat_template,3,8.33390998840332,2.3033690452575684,0.1711462438106537
qwen2_5_0_5b_base,capital:15,capital,chat_template,4,9.568887710571289,2.8472812175750732,0.19437846541404724
qwen2_5_0_5b_base,capital:15,capital,chat_template,5,10.50229263305664,3.962397575378418,0.21109074354171753
qwen2_5_0_5b_base,capital:15,capital,chat_template,6,11.63089370727539,3.1207735538482666,0.21877886354923248
qwen2_5_0_5b_base,capital:15,capital,chat_template,7,13.139588356018066,3.622951030731201,0.22242851555347443
qwen2_5_0_5b_base,capital:15,capital,chat_template,8,12.78516674041748,4.346549987792969,0.20422782003879547
qwen2_5_0_5b_base,capital:15,capital,chat_template,9,13.119227409362793,2.9067165851593018,0.20789915323257446
qwen2_5_0_5b_base,capital:15,capital,chat_template,10,14.363250732421875,3.9671740531921387,0.20427656173706055
qwen2_5_0_5b_base,capital:15,capital,chat_template,11,15.815263748168945,2.385468006134033,0.2216748148202896
qwen2_5_0_5b_base,capital:15,capital,chat_template,12,15.54854965209961,4.091002464294434,0.2235189974308014
qwen2_5_0_5b_base,capital:15,capital,chat_template,13,15.838926315307617,2.9789350032806396,0.22365160286426544
qwen2_5_0_5b_base,capital:15,capital,chat_template,14,19.562780380249023,5.166435241699219,0.24807798862457275
qwen2_5_0_5b_base,capital:15,capital,chat_template,15,20.51131820678711,4.600311279296875,0.25704535841941833
qwen2_5_0_5b_base,capital:15,capital,chat_template,16,23.0510311126709,2.3847787380218506,0.28794193267822266
qwen2_5_0_5b_base,capital:15,capital,chat_template,17,29.772119522094727,5.33853816986084,0.26020270586013794
qwen2_5_0_5b_base,capital:15,capital,chat_template,18,33.499576568603516,3.333937168121338,0.2523404061794281
qwen2_5_0_5b_base,capital:15,capital,chat_template,19,37.14704513549805,3.4182231426239014,0.2845492660999298
qwen2_5_0_5b_base,capital:15,capital,chat_template,20,50.55740737915039,9.810322761535645,0.2889859080314636
qwen2_5_0_5b_base,capital:15,capital,chat_template,21,66.7159652709961,26.9289493560791,0.2519254684448242
qwen2_5_0_5b_base,capital:15,capital,chat_template,22,70.0347671508789,9.299732208251953,0.32176560163497925
qwen2_5_0_5b_base,capital:15,capital,chat_template,23,242.51443481445312,15.237208366394043,0.3940044939517975
qwen2_5_0_5b_base,capital:16,capital,raw_question,0,4.425784587860107,0.45792683959007263,0.13192451000213623
qwen2_5_0_5b_base,capital:16,capital,raw_question,1,7.968906879425049,2.8242082595825195,0.16864758729934692
qwen2_5_0_5b_base,capital:16,capital,raw_question,2,8.103070259094238,1.6261036396026611,0.17230172455310822
qwen2_5_0_5b_base,capital:16,capital,raw_question,3,9.485695838928223,1.8852163553237915,0.19174329936504364
qwen2_5_0_5b_base,capital:16,capital,raw_question,4,11.074261665344238,2.956132650375366,0.2124517858028412
qwen2_5_0_5b_base,capital:16,capital,raw_question,5,11.771998405456543,3.151604652404785,0.21329036355018616
qwen2_5_0_5b_base,capital:16,capital,raw_question,6,13.458755493164062,1.7255922555923462,0.21995218098163605
qwen2_5_0_5b_base,capital:16,capital,raw_question,7,14.804137229919434,2.2728185653686523,0.219747394323349
qwen2_5_0_5b_base,capital:16,capital,raw_question,8,14.819552421569824,3.5059218406677246,0.20828282833099365
qwen2_5_0_5b_base,capital:16,capital,raw_question,9,15.539373397827148,2.7130863666534424,0.20595744252204895
qwen2_5_0_5b_base,capital:16,capital,raw_question,10,15.233559608459473,3.8203649520874023,0.19881583750247955
qwen2_5_0_5b_base,capital:16,capital,raw_question,11,15.737354278564453,2.5525975227355957,0.20231859385967255
qwen2_5_0_5b_base,capital:16,capital,raw_question,12,16.264217376708984,2.9535276889801025,0.20629481971263885
qwen2_5_0_5b_base,capital:16,capital,raw_question,13,17.38667106628418,2.9847843647003174,0.20406374335289001
qwen2_5_0_5b_base,capital:16,capital,raw_question,14,18.249887466430664,3.4651286602020264,0.22499807178974152
qwen2_5_0_5b_base,capital:16,capital,raw_question,15,20.291170120239258,3.7966535091400146,0.24753764271736145
qwen2_5_0_5b_base,capital:16,capital,raw_question,16,24.46005630493164,1.7194080352783203,0.27501893043518066
qwen2_5_0_5b_base,capital:16,capital,raw_question,17,28.992534637451172,4.130518436431885,0.24974000453948975
qwen2_5_0_5b_base,capital:16,capital,raw_question,18,32.98151779174805,2.0343997478485107,0.2429943084716797
qwen2_5_0_5b_base,capital:16,capital,raw_question,19,36.48408508300781,3.3097829818725586,0.27337098121643066
qwen2_5_0_5b_base,capital:16,capital,raw_question,20,50.89020919799805,10.367145538330078,0.2875990867614746
qwen2_5_0_5b_base,capital:16,capital,raw_question,21,71.43670654296875,14.131217956542969,0.2582312524318695
qwen2_5_0_5b_base,capital:16,capital,raw_question,22,77.55403900146484,3.932549476623535,0.2844993770122528
qwen2_5_0_5b_base,capital:16,capital,raw_question,23,296.097900390625,11.347210884094238,0.3680226802825928
qwen2_5_0_5b_base,capital:16,capital,declarative,0,4.765866279602051,0.4381602108478546,0.13489924371242523
qwen2_5_0_5b_base,capital:16,capital,declarative,1,7.91107177734375,2.7839016914367676,0.1657101958990097
qwen2_5_0_5b_base,capital:16,capital,declarative,2,8.584683418273926,1.779612421989441,0.1768687218427658
qwen2_5_0_5b_base,capital:16,capital,declarative,3,9.835204124450684,2.401909828186035,0.19363504648208618
qwen2_5_0_5b_base,capital:16,capital,declarative,4,11.463939666748047,3.6634557247161865,0.22465354204177856
qwen2_5_0_5b_base,capital:16,capital,declarative,5,13.960907936096191,3.739722967147827,0.2220616638660431
qwen2_5_0_5b_base,capital:16,capital,declarative,6,13.620567321777344,2.366053581237793,0.23206384479999542
qwen2_5_0_5b_base,capital:16,capital,declarative,7,13.913430213928223,3.0728280544281006,0.22345513105392456
qwen2_5_0_5b_base,capital:16,capital,declarative,8,14.358861923217773,4.194683074951172,0.21124769747257233
qwen2_5_0_5b_base,capital:16,capital,declarative,9,15.02384090423584,2.4170188903808594,0.2051885575056076
qwen2_5_0_5b_base,capital:16,capital,declarative,10,15.488642692565918,4.2370476722717285,0.208657905459404
qwen2_5_0_5b_base,capital:16,capital,declarative,11,15.620755195617676,2.624499559402466,0.20538651943206787
qwen2_5_0_5b_base,capital:16,capital,declarative,12,16.161861419677734,3.016812801361084,0.204382061958313
qwen2_5_0_5b_base,capital:16,capital,declarative,13,17.71134376525879,2.3326754570007324,0.19571954011917114
qwen2_5_0_5b_base,capital:16,capital,declarative,14,18.494277954101562,3.673287868499756,0.21298985183238983
qwen2_5_0_5b_base,capital:16,capital,declarative,15,21.244327545166016,4.6099772453308105,0.23606561124324799
qwen2_5_0_5b_base,capital:16,capital,declarative,16,25.05963134765625,1.4507102966308594,0.27164581418037415
qwen2_5_0_5b_base,capital:16,capital,declarative,17,30.05588150024414,4.784849643707275,0.24193327128887177
qwen2_5_0_5b_base,capital:16,capital,declarative,18,36.91728210449219,4.796182155609131,0.24875621497631073
qwen2_5_0_5b_base,capital:16,capital,declarative,19,39.204002380371094,4.116250991821289,0.27778664231300354
qwen2_5_0_5b_base,capital:16,capital,declarative,20,51.86451721191406,9.89781379699707,0.2913834750652313
qwen2_5_0_5b_base,capital:16,capital,declarative,21,70.97576141357422,19.168241500854492,0.28665199875831604
qwen2_5_0_5b_base,capital:16,capital,declarative,22,81.60050201416016,4.11861515045166,0.3386094868183136
qwen2_5_0_5b_base,capital:16,capital,declarative,23,290.51153564453125,10.556437492370605,0.37074366211891174
qwen2_5_0_5b_base,capital:16,capital,qa,0,4.123554706573486,0.555734395980835,0.13808287680149078
qwen2_5_0_5b_base,capital:16,capital,qa,1,6.904334545135498,2.85986590385437,0.1748967468738556
qwen2_5_0_5b_base,capital:16,capital,qa,2,8.826262474060059,2.363090753555298,0.23048070073127747
qwen2_5_0_5b_base,capital:16,capital,qa,3,9.493623733520508,3.1050636768341064,0.219479039311409
qwen2_5_0_5b_base,capital:16,capital,qa,4,10.371058464050293,2.504133701324463,0.2107282429933548
qwen2_5_0_5b_base,capital:16,capital,qa,5,10.842401504516602,3.1811141967773438,0.20955021679401398
qwen2_5_0_5b_base,capital:16,capital,qa,6,12.085525512695312,2.3076977729797363,0.2223200500011444
qwen2_5_0_5b_base,capital:16,capital,qa,7,12.090967178344727,2.5336849689483643,0.22014804184436798
qwen2_5_0_5b_base,capital:16,capital,qa,8,12.979026794433594,3.3245880603790283,0.19856813549995422
qwen2_5_0_5b_base,capital:16,capital,qa,9,14.302377700805664,3.0260162353515625,0.21095125377178192
qwen2_5_0_5b_base,capital:16,capital,qa,10,13.213529586791992,3.2947239875793457,0.19953013956546783
qwen2_5_0_5b_base,capital:16,capital,qa,11,14.661096572875977,2.3369572162628174,0.2069716453552246
qwen2_5_0_5b_base,capital:16,capital,qa,12,14.958150863647461,3.0976929664611816,0.21032987534999847
qwen2_5_0_5b_base,capital:16,capital,qa,13,15.890729904174805,2.7533602714538574,0.2137143462896347
qwen2_5_0_5b_base,capital:16,capital,qa,14,19.54141616821289,6.12492561340332,0.24421395361423492
qwen2_5_0_5b_base,capital:16,capital,qa,15,22.098352432250977,4.488296031951904,0.2627386450767517
qwen2_5_0_5b_base,capital:16,capital,qa,16,23.94407081604004,1.6870371103286743,0.28177210688591003
qwen2_5_0_5b_base,capital:16,capital,qa,17,28.7031307220459,7.147556781768799,0.25170084834098816
qwen2_5_0_5b_base,capital:16,capital,qa,18,36.84333801269531,3.3351471424102783,0.24380232393741608
qwen2_5_0_5b_base,capital:16,capital,qa,19,38.127628326416016,4.1241631507873535,0.28553250432014465
qwen2_5_0_5b_base,capital:16,capital,qa,20,49.37269973754883,11.351090431213379,0.29947301745414734
qwen2_5_0_5b_base,capital:16,capital,qa,21,65.5512924194336,20.92892837524414,0.30579355359077454
qwen2_5_0_5b_base,capital:16,capital,qa,22,79.9249267578125,3.7799007892608643,0.40482863783836365
qwen2_5_0_5b_base,capital:16,capital,qa,23,251.06336975097656,11.454963684082031,0.446631520986557
qwen2_5_0_5b_base,capital:16,capital,chat_template,0,3.5847134590148926,0.5935015678405762,0.10467816889286041
qwen2_5_0_5b_base,capital:16,capital,chat_template,1,6.828065872192383,2.846191883087158,0.1676301807165146
qwen2_5_0_5b_base,capital:16,capital,chat_template,2,7.299770832061768,1.5063682794570923,0.1489652395248413
qwen2_5_0_5b_base,capital:16,capital,chat_template,3,8.335729598999023,2.314140558242798,0.17061251401901245
qwen2_5_0_5b_base,capital:16,capital,chat_template,4,9.558286666870117,2.8095703125,0.1942058801651001
qwen2_5_0_5b_base,capital:16,capital,chat_template,5,10.521936416625977,4.007206439971924,0.21095161139965057
qwen2_5_0_5b_base,capital:16,capital,chat_template,6,11.682943344116211,3.1079390048980713,0.21926794946193695
qwen2_5_0_5b_base,capital:16,capital,chat_template,7,13.049777030944824,3.7233405113220215,0.22204644978046417
qwen2_5_0_5b_base,capital:16,capital,chat_template,8,12.717461585998535,4.279674530029297,0.20309412479400635
qwen2_5_0_5b_base,capital:16,capital,chat_template,9,13.143231391906738,2.9107539653778076,0.20593738555908203
qwen2_5_0_5b_base,capital:16,capital,chat_template,10,14.475954055786133,3.9991161823272705,0.20544905960559845
qwen2_5_0_5b_base,capital:16,capital,chat_template,11,15.751535415649414,2.372184991836548,0.22151537239551544
qwen2_5_0_5b_base,capital:16,capital,chat_template,12,15.45412540435791,4.022048473358154,0.2231282889842987
qwen2_5_0_5b_base,capital:16,capital,chat_template,13,15.900188446044922,2.9359536170959473,0.22347073256969452
qwen2_5_0_5b_base,capital:16,capital,chat_template,14,19.76565933227539,5.248663902282715,0.2488749921321869
qwen2_5_0_5b_base,capital:16,capital,chat_template,15,20.820777893066406,4.6356353759765625,0.25670698285102844
qwen2_5_0_5b_base,capital:16,capital,chat_template,16,23.29357147216797,2.423699378967285,0.2880656123161316
qwen2_5_0_5b_base,capital:16,capital,chat_template,17,30.01008415222168,5.348937034606934,0.2599116861820221
qwen2_5_0_5b_base,capital:16,capital,chat_template,18,33.74908447265625,3.33961820602417,0.2533770501613617
qwen2_5_0_5b_base,capital:16,capital,chat_template,19,37.34175109863281,3.389751434326172,0.2851130962371826
qwen2_5_0_5b_base,capital:16,capital,chat_template,20,50.559818267822266,9.909647941589355,0.2888633906841278
qwen2_5_0_5b_base,capital:16,capital,chat_template,21,66.14898681640625,26.516525268554688,0.2519850432872772
qwen2_5_0_5b_base,capital:16,capital,chat_template,22,69.91047668457031,9.710062980651855,0.3194078505039215
qwen2_5_0_5b_base,capital:16,capital,chat_template,23,244.4591827392578,15.731961250305176,0.39205971360206604
qwen2_5_0_5b_base,capital:17,capital,raw_question,0,4.388956546783447,0.4605429470539093,0.1311294138431549
qwen2_5_0_5b_base,capital:17,capital,raw_question,1,7.8908820152282715,2.8194241523742676,0.16877584159374237
qwen2_5_0_5b_base,capital:17,capital,raw_question,2,8.016220092773438,1.5953243970870972,0.1716535985469818
qwen2_5_0_5b_base,capital:17,capital,raw_question,3,9.426675796508789,1.9484649896621704,0.19051165878772736
qwen2_5_0_5b_base,capital:17,capital,raw_question,4,10.727253913879395,3.2010889053344727,0.21006248891353607
qwen2_5_0_5b_base,capital:17,capital,raw_question,5,11.743742942810059,3.088689088821411,0.21485911309719086
qwen2_5_0_5b_base,capital:17,capital,raw_question,6,13.423406600952148,1.7085293531417847,0.22203177213668823
qwen2_5_0_5b_base,capital:17,capital,raw_question,7,14.748655319213867,2.602168083190918,0.22140873968601227
qwen2_5_0_5b_base,capital:17,capital,raw_question,8,14.85986614227295,3.639963388442993,0.20804870128631592
qwen2_5_0_5b_base,capital:17,capital,raw_question,9,15.539539337158203,2.578845739364624,0.2063114196062088
qwen2_5_0_5b_base,capital:17,capital,raw_question,10,15.065196990966797,3.732398271560669,0.19716718792915344
qwen2_5_0_5b_base,capital:17,capital,raw_question,11,15.569795608520508,2.5569753646850586,0.20043306052684784
qwen2_5_0_5b_base,capital:17,capital,raw_question,12,15.960837364196777,3.017435312271118,0.20514653623104095
qwen2_5_0_5b_base,capital:17,capital,raw_question,13,17.14657211303711,2.8426432609558105,0.20420847833156586
qwen2_5_0_5b_base,capital:17,capital,raw_question,14,17.99576187133789,3.457935094833374,0.2255132794380188
qwen2_5_0_5b_base,capital:17,capital,raw_question,15,19.902551651000977,4.038724422454834,0.2493584305047989
qwen2_5_0_5b_base,capital:17,capital,raw_question,16,23.68143653869629,1.5362794399261475,0.27374446392059326
qwen2_5_0_5b_base,capital:17,capital,raw_question,17,28.028623580932617,4.099376201629639,0.2507878243923187
qwen2_5_0_5b_base,capital:17,capital,raw_question,18,32.29665756225586,2.3496177196502686,0.24453070759773254
qwen2_5_0_5b_base,capital:17,capital,raw_question,19,35.82246017456055,4.733066082000732,0.27820682525634766
qwen2_5_0_5b_base,capital:17,capital,raw_question,20,49.70336151123047,12.254412651062012,0.2932920455932617
qwen2_5_0_5b_base,capital:17,capital,raw_question,21,70.73501586914062,18.468416213989258,0.26764824986457825
qwen2_5_0_5b_base,capital:17,capital,raw_question,22,79.25456237792969,3.6138339042663574,0.3162153661251068
qwen2_5_0_5b_base,capital:17,capital,raw_question,23,296.8988342285156,10.656655311584473,0.3740798532962799
qwen2_5_0_5b_base,capital:17,capital,declarative,0,4.816529750823975,0.4320729374885559,0.13345856964588165
qwen2_5_0_5b_base,capital:17,capital,declarative,1,7.834052085876465,2.769946813583374,0.16293352842330933
qwen2_5_0_5b_base,capital:17,capital,declarative,2,8.553711891174316,1.7253268957138062,0.17827680706977844
qwen2_5_0_5b_base,capital:17,capital,declarative,3,9.853845596313477,2.5075244903564453,0.19193123281002045
qwen2_5_0_5b_base,capital:17,capital,declarative,4,11.478496551513672,3.969640016555786,0.22089922428131104
qwen2_5_0_5b_base,capital:17,capital,declarative,5,13.131956100463867,3.789344310760498,0.2210991531610489
qwen2_5_0_5b_base,capital:17,capital,declarative,6,13.065813064575195,2.2421722412109375,0.2277599573135376
qwen2_5_0_5b_base,capital:17,capital,declarative,7,13.359914779663086,3.1455495357513428,0.21983517706394196
qwen2_5_0_5b_base,capital:17,capital,declarative,8,13.672786712646484,4.180512428283691,0.2091056853532791
qwen2_5_0_5b_base,capital:17,capital,declarative,9,14.141581535339355,2.386843204498291,0.20314759016036987
qwen2_5_0_5b_base,capital:17,capital,declarative,10,14.440230369567871,4.319267749786377,0.2042524665594101
qwen2_5_0_5b_base,capital:17,capital,declarative,11,14.765999794006348,2.6229019165039062,0.20584528148174286
qwen2_5_0_5b_base,capital:17,capital,declarative,12,15.237983703613281,3.4473836421966553,0.20574940741062164
qwen2_5_0_5b_base,capital:17,capital,declarative,13,16.256000518798828,2.457716226577759,0.19574159383773804
qwen2_5_0_5b_base,capital:17,capital,declarative,14,16.861600875854492,4.034576416015625,0.2187315970659256
qwen2_5_0_5b_base,capital:17,capital,declarative,15,19.487794876098633,4.670258045196533,0.23971271514892578
qwen2_5_0_5b_base,capital:17,capital,declarative,16,22.895700454711914,1.1479134559631348,0.2725115418434143
qwen2_5_0_5b_base,capital:17,capital,declarative,17,27.26875114440918,4.7778215408325195,0.240693598985672
qwen2_5_0_5b_base,capital:17,capital,declarative,18,34.09900665283203,4.811883449554443,0.25012320280075073
qwen2_5_0_5b_base,capital:17,capital,declarative,19,36.055152893066406,4.943337440490723,0.2768690586090088
qwen2_5_0_5b_base,capital:17,capital,declarative,20,47.42981719970703,10.084673881530762,0.2882169485092163
qwen2_5_0_5b_base,capital:17,capital,declarative,21,68.72362518310547,20.281797409057617,0.2844027578830719
qwen2_5_0_5b_base,capital:17,capital,declarative,22,78.5063705444336,4.8221354484558105,0.32943952083587646
qwen2_5_0_5b_base,capital:17,capital,declarative,23,285.0445556640625,10.546616554260254,0.35958147048950195
qwen2_5_0_5b_base,capital:17,capital,qa,0,4.091911315917969,0.5584783554077148,0.1379154920578003
qwen2_5_0_5b_base,capital:17,capital,qa,1,6.841279029846191,2.8533549308776855,0.17412464320659637
qwen2_5_0_5b_base,capital:17,capital,qa,2,8.72204303741455,2.3701210021972656,0.2300046682357788
qwen2_5_0_5b_base,capital:17,capital,qa,3,9.436190605163574,3.0326926708221436,0.21865904331207275
qwen2_5_0_5b_base,capital:17,capital,qa,4,10.442246437072754,2.541445255279541,0.21099931001663208
qwen2_5_0_5b_base,capital:17,capital,qa,5,10.888166427612305,3.2074501514434814,0.20987267792224884
qwen2_5_0_5b_base,capital:17,capital,qa,6,12.164319038391113,2.249431848526001,0.2225806564092636
qwen2_5_0_5b_base,capital:17,capital,qa,7,12.174232482910156,2.453575611114502,0.21988444030284882
qwen2_5_0_5b_base,capital:17,capital,qa,8,12.926552772521973,3.280195474624634,0.19845984876155853
qwen2_5_0_5b_base,capital:17,capital,qa,9,14.248446464538574,3.045414924621582,0.20916225016117096
qwen2_5_0_5b_base,capital:17,capital,qa,10,13.167108535766602,3.289987564086914,0.19857919216156006
qwen2_5_0_5b_base,capital:17,capital,qa,11,14.690054893493652,2.4334933757781982,0.20658844709396362
qwen2_5_0_5b_base,capital:17,capital,qa,12,15.13996696472168,3.191274404525757,0.21219567954540253
qwen2_5_0_5b_base,capital:17,capital,qa,13,15.96363639831543,2.644965648651123,0.21403932571411133
qwen2_5_0_5b_base,capital:17,capital,qa,14,19.377737045288086,6.538326740264893,0.24552199244499207
qwen2_5_0_5b_base,capital:17,capital,qa,15,21.81271743774414,4.532519817352295,0.26394152641296387
qwen2_5_0_5b_base,capital:17,capital,qa,16,23.647584915161133,1.8344346284866333,0.28303804993629456
qwen2_5_0_5b_base,capital:17,capital,qa,17,27.886545181274414,7.273853302001953,0.2507661283016205
qwen2_5_0_5b_base,capital:17,capital,qa,18,36.22431182861328,3.2522056102752686,0.24301624298095703
qwen2_5_0_5b_base,capital:17,capital,qa,19,38.764617919921875,4.931341648101807,0.2872953414916992
qwen2_5_0_5b_base,capital:17,capital,qa,20,46.8345947265625,13.459141731262207,0.2984895706176758
qwen2_5_0_5b_base,capital:17,capital,qa,21,69.24590301513672,24.320043563842773,0.302969753742218
qwen2_5_0_5b_base,capital:17,capital,qa,22,76.42298889160156,6.717940807342529,0.4302695393562317
qwen2_5_0_5b_base,capital:17,capital,qa,23,247.72940063476562,14.426568984985352,0.4525143504142761
qwen2_5_0_5b_base,capital:17,capital,chat_template,0,3.5996625423431396,0.5914798974990845,0.10481584817171097
qwen2_5_0_5b_base,capital:17,capital,chat_template,1,6.839981555938721,2.848701000213623,0.16776664555072784
qwen2_5_0_5b_base,capital:17,capital,chat_template,2,7.324789524078369,1.5098403692245483,0.14928171038627625
qwen2_5_0_5b_base,capital:17,capital,chat_template,3,8.355323791503906,2.3123161792755127,0.1711292713880539
qwen2_5_0_5b_base,capital:17,capital,chat_template,4,9.54515266418457,2.8087925910949707,0.1937997192144394
qwen2_5_0_5b_base,capital:17,capital,chat_template,5,10.452714920043945,3.9325904846191406,0.21091362833976746
qwen2_5_0_5b_base,capital:17,capital,chat_template,6,11.436604499816895,2.8733839988708496,0.21787327527999878
qwen2_5_0_5b_base,capital:17,capital,chat_template,7,13.144200325012207,3.7291624546051025,0.22076115012168884
qwen2_5_0_5b_base,capital:17,capital,chat_template,8,12.712447166442871,4.313141345977783,0.20406557619571686
qwen2_5_0_5b_base,capital:17,capital,chat_template,9,13.117984771728516,2.930896043777466,0.20703190565109253
qwen2_5_0_5b_base,capital:17,capital,chat_template,10,14.668717384338379,4.089103698730469,0.20712833106517792
qwen2_5_0_5b_base,capital:17,capital,chat_template,11,15.796286582946777,2.424215793609619,0.2223002314567566
qwen2_5_0_5b_base,capital:17,capital,chat_template,12,15.480751991271973,3.969975709915161,0.22237351536750793
qwen2_5_0_5b_base,capital:17,capital,chat_template,13,15.912991523742676,2.948481798171997,0.2230713963508606
qwen2_5_0_5b_base,capital:17,capital,chat_template,14,19.679840087890625,5.260069847106934,0.24850404262542725
qwen2_5_0_5b_base,capital:17,capital,chat_template,15,20.81330680847168,4.6285271644592285,0.256211519241333
qwen2_5_0_5b_base,capital:17,capital,chat_template,16,23.316577911376953,2.461615562438965,0.2873632311820984
qwen2_5_0_5b_base,capital:17,capital,chat_template,17,30.094701766967773,5.388185024261475,0.25903767347335815
qwen2_5_0_5b_base,capital:17,capital,chat_template,18,33.95135498046875,3.434053659439087,0.2513447403907776
qwen2_5_0_5b_base,capital:17,capital,chat_template,19,37.605525970458984,3.3573036193847656,0.2835746705532074
qwen2_5_0_5b_base,capital:17,capital,chat_template,20,50.84379959106445,10.168432235717773,0.2896135747432709
qwen2_5_0_5b_base,capital:17,capital,chat_template,21,67.0294189453125,27.563392639160156,0.25084003806114197
qwen2_5_0_5b_base,capital:17,capital,chat_template,22,70.86557006835938,9.62446117401123,0.31967005133628845
qwen2_5_0_5b_base,capital:17,capital,chat_template,23,245.9344482421875,15.096908569335938,0.3958328664302826
qwen2_5_0_5b_base,official_language:0,official_language,raw_question,0,4.451809406280518,0.4482251703739166,0.13320066034793854
qwen2_5_0_5b_base,official_language:0,official_language,raw_question,1,8.15848445892334,2.9072728157043457,0.16817283630371094
qwen2_5_0_5b_base,official_language:0,official_language,raw_question,2,8.058923721313477,1.6006628274917603,0.17083509266376495
qwen2_5_0_5b_base,official_language:0,official_language,raw_question,3,9.478178977966309,1.7867774963378906,0.1912889927625656
qwen2_5_0_5b_base,official_language:0,official_language,raw_question,4,10.50283432006836,2.5003955364227295,0.21168117225170135
qwen2_5_0_5b_base,official_language:0,official_language,raw_question,5,11.648597717285156,2.7984914779663086,0.20949582755565643
qwen2_5_0_5b_base,official_language:0,official_language,raw_question,6,13.133238792419434,1.8511669635772705,0.2186778485774994
qwen2_5_0_5b_base,official_language:0,official_language,raw_question,7,14.527116775512695,2.141953468322754,0.21941551566123962
qwen2_5_0_5b_base,official_language:0,official_language,raw_question,8,14.705862045288086,3.3962786197662354,0.20902791619300842
qwen2_5_0_5b_base,official_language:0,official_language,raw_question,9,15.231839179992676,2.7273330688476562,0.20395268499851227
qwen2_5_0_5b_base,official_language:0,official_language,raw_question,10,14.85074520111084,3.4955854415893555,0.19151334464550018
qwen2_5_0_5b_base,official_language:0,official_language,raw_question,11,15.118932723999023,2.478201389312744,0.1924401819705963
qwen2_5_0_5b_base,official_language:0,official_language,raw_question,12,15.92485237121582,2.5962483882904053,0.19851839542388916
qwen2_5_0_5b_base,official_language:0,official_language,raw_question,13,17.168235778808594,2.9730641841888428,0.1986681967973709
qwen2_5_0_5b_base,official_language:0,official_language,raw_question,14,18.11882972717285,3.2142395973205566,0.22090256214141846
qwen2_5_0_5b_base,official_language:0,official_language,raw_question,15,19.867868423461914,3.7005395889282227,0.2419644147157669
qwen2_5_0_5b_base,official_language:0,official_language,raw_question,16,23.639148712158203,2.2519843578338623,0.2652653753757477
qwen2_5_0_5b_base,official_language:0,official_language,raw_question,17,28.698638916015625,4.051186561584473,0.2463131994009018
qwen2_5_0_5b_base,official_language:0,official_language,raw_question,18,33.095550537109375,1.745258092880249,0.24055014550685883
qwen2_5_0_5b_base,official_language:0,official_language,raw_question,19,37.12981414794922,3.461636543273926,0.2695798873901367
qwen2_5_0_5b_base,official_language:0,official_language,raw_question,20,51.09762954711914,11.06382942199707,0.29104819893836975
qwen2_5_0_5b_base,official_language:0,official_language,raw_question,21,72.2942123413086,15.68388557434082,0.2571888566017151
qwen2_5_0_5b_base,official_language:0,official_language,raw_question,22,77.64944458007812,6.108574390411377,0.28054195642471313
qwen2_5_0_5b_base,official_language:0,official_language,raw_question,23,278.13330078125,11.25156307220459,0.3749087452888489
qwen2_5_0_5b_base,official_language:0,official_language,declarative,0,5.040622711181641,0.4236058294773102,0.1377221941947937
qwen2_5_0_5b_base,official_language:0,official_language,declarative,1,8.044507026672363,2.829366445541382,0.1645362824201584
qwen2_5_0_5b_base,official_language:0,official_language,declarative,2,8.275425910949707,1.77649986743927,0.18309453129768372
qwen2_5_0_5b_base,official_language:0,official_language,declarative,3,9.87167739868164,2.1525309085845947,0.19451086223125458
qwen2_5_0_5b_base,official_language:0,official_language,declarative,4,11.101277351379395,3.701056480407715,0.2175952047109604
qwen2_5_0_5b_base,official_language:0,official_language,declarative,5,13.137918472290039,3.2910282611846924,0.21848538517951965
qwen2_5_0_5b_base,official_language:0,official_language,declarative,6,13.814974784851074,2.726483106613159,0.2241227775812149
qwen2_5_0_5b_base,official_language:0,official_language,declarative,7,14.117049217224121,3.665391445159912,0.21565474569797516
qwen2_5_0_5b_base,official_language:0,official_language,declarative,8,14.171777725219727,4.198327541351318,0.20967788994312286
qwen2_5_0_5b_base,official_language:0,official_language,declarative,9,14.74310302734375,3.046431064605713,0.2083432823419571
qwen2_5_0_5b_base,official_language:0,official_language,declarative,10,15.219552993774414,4.075005531311035,0.20380932092666626
qwen2_5_0_5b_base,official_language:0,official_language,declarative,11,15.419843673706055,2.861454725265503,0.1963312178850174
qwen2_5_0_5b_base,official_language:0,official_language,declarative,12,16.709035873413086,2.665851354598999,0.1984679251909256
qwen2_5_0_5b_base,official_language:0,official_language,declarative,13,17.730417251586914,2.431227207183838,0.19759564101696014
qwen2_5_0_5b_base,official_language:0,official_language,declarative,14,19.279706954956055,5.256784439086914,0.22372190654277802
qwen2_5_0_5b_base,official_language:0,official_language,declarative,15,22.427480697631836,4.575491428375244,0.2465634047985077
qwen2_5_0_5b_base,official_language:0,official_language,declarative,16,25.904821395874023,1.7769140005111694,0.2718676030635834
qwen2_5_0_5b_base,official_language:0,official_language,declarative,17,30.76185417175293,4.81579065322876,0.23859962821006775
qwen2_5_0_5b_base,official_language:0,official_language,declarative,18,36.05672836303711,3.4591732025146484,0.24744686484336853
qwen2_5_0_5b_base,official_language:0,official_language,declarative,19,42.35162353515625,3.7019059658050537,0.27584394812583923
qwen2_5_0_5b_base,official_language:0,official_language,declarative,20,55.63282775878906,10.473760604858398,0.2939170002937317
qwen2_5_0_5b_base,official_language:0,official_language,declarative,21,77.68714904785156,15.449064254760742,0.2740793228149414
qwen2_5_0_5b_base,official_language:0,official_language,declarative,22,83.64698028564453,3.834306240081787,0.3185906708240509
qwen2_5_0_5b_base,official_language:0,official_language,declarative,23,283.66192626953125,11.366121292114258,0.3665944039821625
qwen2_5_0_5b_base,official_language:0,official_language,qa,0,4.115140914916992,0.5474069714546204,0.1412876546382904
qwen2_5_0_5b_base,official_language:0,official_language,qa,1,6.937726974487305,2.889352798461914,0.17663291096687317
qwen2_5_0_5b_base,official_language:0,official_language,qa,2,8.800846099853516,2.358874797821045,0.23069384694099426
qwen2_5_0_5b_base,official_language:0,official_language,qa,3,9.605986595153809,3.1365344524383545,0.2201516032218933
qwen2_5_0_5b_base,official_language:0,official_language,qa,4,10.374064445495605,2.610304594039917,0.21292716264724731
qwen2_5_0_5b_base,official_language:0,official_language,qa,5,10.997495651245117,3.2739531993865967,0.21160733699798584
qwen2_5_0_5b_base,official_language:0,official_language,qa,6,11.982816696166992,2.2019166946411133,0.2220640480518341
qwen2_5_0_5b_base,official_language:0,official_language,qa,7,12.482385635375977,2.1372573375701904,0.2184862345457077
qwen2_5_0_5b_base,official_language:0,official_language,qa,8,12.935198783874512,3.2264349460601807,0.19836756587028503
qwen2_5_0_5b_base,official_language:0,official_language,qa,9,13.99685001373291,2.8691558837890625,0.20620661973953247
qwen2_5_0_5b_base,official_language:0,official_language,qa,10,13.166948318481445,3.053928852081299,0.1941894292831421
qwen2_5_0_5b_base,official_language:0,official_language,qa,11,14.702192306518555,2.3951964378356934,0.20485396683216095
qwen2_5_0_5b_base,official_language:0,official_language,qa,12,14.964872360229492,2.896804094314575,0.20968058705329895
qwen2_5_0_5b_base,official_language:0,official_language,qa,13,15.817662239074707,2.599843978881836,0.21322280168533325
qwen2_5_0_5b_base,official_language:0,official_language,qa,14,18.6253719329834,5.907896518707275,0.23401550948619843
qwen2_5_0_5b_base,official_language:0,official_language,qa,15,21.426523208618164,4.666027545928955,0.2535480558872223
qwen2_5_0_5b_base,official_language:0,official_language,qa,16,24.520965576171875,2.492356300354004,0.2765825092792511
qwen2_5_0_5b_base,official_language:0,official_language,qa,17,29.906452178955078,4.970340728759766,0.24887719750404358
qwen2_5_0_5b_base,official_language:0,official_language,qa,18,36.03022766113281,4.3345746994018555,0.2419181615114212
qwen2_5_0_5b_base,official_language:0,official_language,qa,19,40.2000846862793,4.1440324783325195,0.28450432419776917
qwen2_5_0_5b_base,official_language:0,official_language,qa,20,51.637733459472656,12.604180335998535,0.303745836019516
qwen2_5_0_5b_base,official_language:0,official_language,qa,21,72.15065002441406,17.911602020263672,0.2792743444442749
qwen2_5_0_5b_base,official_language:0,official_language,qa,22,79.88817596435547,4.469325542449951,0.3356161415576935
qwen2_5_0_5b_base,official_language:0,official_language,qa,23,275.6365661621094,13.316810607910156,0.38729190826416016
qwen2_5_0_5b_base,official_language:0,official_language,chat_template,0,3.604541301727295,0.5900022387504578,0.1046457514166832
qwen2_5_0_5b_base,official_language:0,official_language,chat_template,1,6.800559043884277,2.831327199935913,0.1676207035779953
qwen2_5_0_5b_base,official_language:0,official_language,chat_template,2,7.266508102416992,1.5188935995101929,0.1481568068265915
qwen2_5_0_5b_base,official_language:0,official_language,chat_template,3,8.383702278137207,2.3423571586608887,0.17073553800582886
qwen2_5_0_5b_base,official_language:0,official_language,chat_template,4,9.698015213012695,2.877610445022583,0.19479720294475555
qwen2_5_0_5b_base,official_language:0,official_language,chat_template,5,10.747318267822266,4.02906608581543,0.2116793543100357
qwen2_5_0_5b_base,official_language:0,official_language,chat_template,6,11.743256568908691,3.0161006450653076,0.22015655040740967
qwen2_5_0_5b_base,official_language:0,official_language,chat_template,7,13.231100082397461,3.680222511291504,0.22270308434963226
qwen2_5_0_5b_base,official_language:0,official_language,chat_template,8,12.655147552490234,4.178927421569824,0.20291635394096375
qwen2_5_0_5b_base,official_language:0,official_language,chat_template,9,13.34738826751709,3.031355619430542,0.2062901109457016
qwen2_5_0_5b_base,official_language:0,official_language,chat_template,10,14.444119453430176,4.273953437805176,0.2071453332901001
qwen2_5_0_5b_base,official_language:0,official_language,chat_template,11,15.128668785095215,2.500368118286133,0.21974658966064453
qwen2_5_0_5b_base,official_language:0,official_language,chat_template,12,15.045563697814941,3.6292526721954346,0.21773011982440948
qwen2_5_0_5b_base,official_language:0,official_language,chat_template,13,15.869115829467773,3.1078131198883057,0.2224065065383911
qwen2_5_0_5b_base,official_language:0,official_language,chat_template,14,19.281681060791016,5.826807498931885,0.24820932745933533
qwen2_5_0_5b_base,official_language:0,official_language,chat_template,15,20.97014808654785,5.068376541137695,0.25471746921539307
qwen2_5_0_5b_base,official_language:0,official_language,chat_template,16,23.18482208251953,3.425879716873169,0.2810859680175781
qwen2_5_0_5b_base,official_language:0,official_language,chat_template,17,29.47850799560547,5.376346588134766,0.2541028559207916
qwen2_5_0_5b_base,official_language:0,official_language,chat_template,18,33.1757926940918,3.8912601470947266,0.2423681765794754
qwen2_5_0_5b_base,official_language:0,official_language,chat_template,19,36.19011688232422,3.068772315979004,0.2742704451084137
qwen2_5_0_5b_base,official_language:0,official_language,chat_template,20,48.737579345703125,11.735118865966797,0.28842559456825256
qwen2_5_0_5b_base,official_language:0,official_language,chat_template,21,64.69605255126953,25.61528778076172,0.25222596526145935
qwen2_5_0_5b_base,official_language:0,official_language,chat_template,22,70.68359375,11.771989822387695,0.31450966000556946
qwen2_5_0_5b_base,official_language:0,official_language,chat_template,23,247.04086303710938,13.711981773376465,0.39727821946144104
qwen2_5_0_5b_base,official_language:1,official_language,raw_question,0,4.536559581756592,0.44108304381370544,0.13358256220817566
qwen2_5_0_5b_base,official_language:1,official_language,raw_question,1,8.139429092407227,2.888923168182373,0.1674458086490631
qwen2_5_0_5b_base,official_language:1,official_language,raw_question,2,8.129230499267578,1.5994306802749634,0.17191371321678162
qwen2_5_0_5b_base,official_language:1,official_language,raw_question,3,9.522276878356934,1.8335177898406982,0.19216406345367432
qwen2_5_0_5b_base,official_language:1,official_language,raw_question,4,10.524980545043945,2.6810128688812256,0.2122214436531067
qwen2_5_0_5b_base,official_language:1,official_language,raw_question,5,11.812480926513672,2.8957014083862305,0.2105560004711151
qwen2_5_0_5b_base,official_language:1,official_language,raw_question,6,13.45044994354248,1.8481552600860596,0.22007054090499878
qwen2_5_0_5b_base,official_language:1,official_language,raw_question,7,14.920722007751465,2.215312957763672,0.22046585381031036
qwen2_5_0_5b_base,official_language:1,official_language,raw_question,8,15.098965644836426,3.6326184272766113,0.2098463773727417
qwen2_5_0_5b_base,official_language:1,official_language,raw_question,9,15.473224639892578,2.841148853302002,0.20625095069408417
qwen2_5_0_5b_base,official_language:1,official_language,raw_question,10,14.937383651733398,3.48518705368042,0.19267940521240234
qwen2_5_0_5b_base,official_language:1,official_language,raw_question,11,15.203340530395508,2.465726613998413,0.19171176850795746
qwen2_5_0_5b_base,official_language:1,official_language,raw_question,12,15.939001083374023,2.729832887649536,0.2006741464138031
qwen2_5_0_5b_base,official_language:1,official_language,raw_question,13,17.174549102783203,2.855586290359497,0.19929127395153046
qwen2_5_0_5b_base,official_language:1,official_language,raw_question,14,18.280620574951172,3.2328128814697266,0.22295041382312775
qwen2_5_0_5b_base,official_language:1,official_language,raw_question,15,19.871612548828125,3.9582507610321045,0.24457098543643951
qwen2_5_0_5b_base,official_language:1,official_language,raw_question,16,23.366270065307617,3.2074801921844482,0.2658592164516449
qwen2_5_0_5b_base,official_language:1,official_language,raw_question,17,28.539077758789062,4.238107204437256,0.24592964351177216
qwen2_5_0_5b_base,official_language:1,official_language,raw_question,18,33.024776458740234,2.198552131652832,0.239389568567276
qwen2_5_0_5b_base,official_language:1,official_language,raw_question,19,36.9831657409668,3.5559186935424805,0.2691747844219208
qwen2_5_0_5b_base,official_language:1,official_language,raw_question,20,51.499202728271484,11.752154350280762,0.2945040464401245
qwen2_5_0_5b_base,official_language:1,official_language,raw_question,21,73.40432739257812,17.891876220703125,0.259415864944458
qwen2_5_0_5b_base,official_language:1,official_language,raw_question,22,78.52522277832031,7.556532382965088,0.28487515449523926
qwen2_5_0_5b_base,official_language:1,official_language,raw_question,23,275.2157287597656,13.448439598083496,0.3790096342563629
qwen2_5_0_5b_base,official_language:1,official_language,declarative,0,5.104883670806885,0.4157438278198242,0.13900987803936005
qwen2_5_0_5b_base,official_language:1,official_language,declarative,1,8.043805122375488,2.834519624710083,0.16485804319381714
qwen2_5_0_5b_base,official_language:1,official_language,declarative,2,8.318890571594238,1.671290636062622,0.18370553851127625
qwen2_5_0_5b_base,official_language:1,official_language,declarative,3,9.867562294006348,2.210573673248291,0.19285516440868378
qwen2_5_0_5b_base,official_language:1,official_language,declarative,4,11.156401634216309,3.7786073684692383,0.2184833437204361
qwen2_5_0_5b_base,official_language:1,official_language,declarative,5,13.107162475585938,3.123317003250122,0.2178669273853302
qwen2_5_0_5b_base,official_language:1,official_language,declarative,6,14.099785804748535,2.7263665199279785,0.22416310012340546
qwen2_5_0_5b_base,official_language:1,official_language,declarative,7,14.205167770385742,3.9372267723083496,0.21893832087516785
qwen2_5_0_5b_base,official_language:1,official_language,declarative,8,14.471348762512207,4.578451633453369,0.2100386917591095
qwen2_5_0_5b_base,official_language:1,official_language,declarative,9,15.050498008728027,2.9731171131134033,0.20725969970226288
qwen2_5_0_5b_base,official_language:1,official_language,declarative,10,15.454593658447266,4.2016143798828125,0.20697247982025146
qwen2_5_0_5b_base,official_language:1,official_language,declarative,11,15.48814868927002,2.7110798358917236,0.19920597970485687
qwen2_5_0_5b_base,official_language:1,official_language,declarative,12,16.78832244873047,2.8286921977996826,0.20000624656677246
qwen2_5_0_5b_base,official_language:1,official_language,declarative,13,17.863065719604492,2.34535813331604,0.20016030967235565
qwen2_5_0_5b_base,official_language:1,official_language,declarative,14,19.22625732421875,5.56059455871582,0.2266983687877655
qwen2_5_0_5b_base,official_language:1,official_language,declarative,15,21.829574584960938,4.503757476806641,0.24737156927585602
qwen2_5_0_5b_base,official_language:1,official_language,declarative,16,25.194660186767578,2.2708864212036133,0.2747151255607605
qwen2_5_0_5b_base,official_language:1,official_language,declarative,17,30.184192657470703,5.486664295196533,0.2415541112422943
qwen2_5_0_5b_base,official_language:1,official_language,declarative,18,35.40232467651367,3.3660900592803955,0.24882587790489197
qwen2_5_0_5b_base,official_language:1,official_language,declarative,19,41.26569366455078,3.4658255577087402,0.276617169380188
qwen2_5_0_5b_base,official_language:1,official_language,declarative,20,53.785221099853516,9.05252742767334,0.2935515344142914
qwen2_5_0_5b_base,official_language:1,official_language,declarative,21,74.68276977539062,16.63704490661621,0.2758285105228424
qwen2_5_0_5b_base,official_language:1,official_language,declarative,22,81.4504623413086,3.759573459625244,0.3202441930770874
qwen2_5_0_5b_base,official_language:1,official_language,declarative,23,282.72113037109375,12.703373908996582,0.3678502142429352
qwen2_5_0_5b_base,official_language:1,official_language,qa,0,4.13899040222168,0.547744870185852,0.1409730464220047
qwen2_5_0_5b_base,official_language:1,official_language,qa,1,6.873861312866211,2.864224672317505,0.1750725656747818
qwen2_5_0_5b_base,official_language:1,official_language,qa,2,8.81750774383545,2.3911550045013428,0.23131096363067627
qwen2_5_0_5b_base,official_language:1,official_language,qa,3,9.62186050415039,3.1146576404571533,0.21976977586746216
qwen2_5_0_5b_base,official_language:1,official_language,qa,4,10.342239379882812,2.598986864089966,0.2123900204896927
qwen2_5_0_5b_base,official_language:1,official_language,qa,5,10.957624435424805,3.257277011871338,0.21107974648475647
qwen2_5_0_5b_base,official_language:1,official_language,qa,6,11.993366241455078,2.236008882522583,0.2224300354719162
qwen2_5_0_5b_base,official_language:1,official_language,qa,7,12.340895652770996,2.087918519973755,0.21765334904193878
qwen2_5_0_5b_base,official_language:1,official_language,qa,8,12.915547370910645,3.121718645095825,0.19678787887096405
qwen2_5_0_5b_base,official_language:1,official_language,qa,9,14.057994842529297,2.8927536010742188,0.20519322156906128
qwen2_5_0_5b_base,official_language:1,official_language,qa,10,13.146001815795898,3.1029129028320312,0.19386130571365356
qwen2_5_0_5b_base,official_language:1,official_language,qa,11,14.713533401489258,2.3501996994018555,0.20397938787937164
qwen2_5_0_5b_base,official_language:1,official_language,qa,12,15.045412063598633,2.9525320529937744,0.20980173349380493
qwen2_5_0_5b_base,official_language:1,official_language,qa,13,16.06317710876465,2.5850493907928467,0.21434497833251953
qwen2_5_0_5b_base,official_language:1,official_language,qa,14,19.038732528686523,6.283651351928711,0.2376488596200943
qwen2_5_0_5b_base,official_language:1,official_language,qa,15,21.43431854248047,4.595404148101807,0.2560015618801117
qwen2_5_0_5b_base,official_language:1,official_language,qa,16,24.244333267211914,2.303452968597412,0.27785810828208923
qwen2_5_0_5b_base,official_language:1,official_language,qa,17,29.596073150634766,5.674676895141602,0.2506764531135559
qwen2_5_0_5b_base,official_language:1,official_language,qa,18,35.30058670043945,4.2429304122924805,0.24360667169094086
qwen2_5_0_5b_base,official_language:1,official_language,qa,19,39.89839553833008,3.9764106273651123,0.28408563137054443
qwen2_5_0_5b_base,official_language:1,official_language,qa,20,51.82168960571289,11.274720191955566,0.30344319343566895
qwen2_5_0_5b_base,official_language:1,official_language,qa,21,72.01200866699219,19.154558181762695,0.2777669131755829
qwen2_5_0_5b_base,official_language:1,official_language,qa,22,79.37572479248047,7.0366597175598145,0.3315124809741974
qwen2_5_0_5b_base,official_language:1,official_language,qa,23,278.07000732421875,15.940632820129395,0.3893902599811554
qwen2_5_0_5b_base,official_language:1,official_language,chat_template,0,3.6091275215148926,0.5918375253677368,0.10455169528722763
qwen2_5_0_5b_base,official_language:1,official_language,chat_template,1,6.816483974456787,2.8341903686523438,0.16763770580291748
qwen2_5_0_5b_base,official_language:1,official_language,chat_template,2,7.284648418426514,1.519384503364563,0.14858874678611755
qwen2_5_0_5b_base,official_language:1,official_language,chat_template,3,8.409516334533691,2.350842237472534,0.17072385549545288
qwen2_5_0_5b_base,official_language:1,official_language,chat_template,4,9.70146369934082,2.8960092067718506,0.19489242136478424
qwen2_5_0_5b_base,official_language:1,official_language,chat_template,5,10.759578704833984,4.068745136260986,0.21161241829395294
qwen2_5_0_5b_base,official_language:1,official_language,chat_template,6,11.730241775512695,2.992955446243286,0.2199113517999649
qwen2_5_0_5b_base,official_language:1,official_language,chat_template,7,13.096233367919922,3.5602166652679443,0.22164952754974365
qwen2_5_0_5b_base,official_language:1,official_language,chat_template,8,12.628181457519531,4.155035018920898,0.20184998214244843
qwen2_5_0_5b_base,official_language:1,official_language,chat_template,9,13.290820121765137,3.031794309616089,0.205705925822258
qwen2_5_0_5b_base,official_language:1,official_language,chat_template,10,14.506000518798828,4.256139278411865,0.20740996301174164
qwen2_5_0_5b_base,official_language:1,official_language,chat_template,11,14.9832181930542,2.528353691101074,0.21939867734909058
qwen2_5_0_5b_base,official_language:1,official_language,chat_template,12,14.922965049743652,3.6434125900268555,0.21646246314048767
qwen2_5_0_5b_base,official_language:1,official_language,chat_template,13,15.84750747680664,3.1702165603637695,0.22208352386951447
qwen2_5_0_5b_base,official_language:1,official_language,chat_template,14,19.39238739013672,6.0551605224609375,0.2493632435798645
qwen2_5_0_5b_base,official_language:1,official_language,chat_template,15,20.958887100219727,5.065199375152588,0.2555904686450958
qwen2_5_0_5b_base,official_language:1,official_language,chat_template,16,23.073022842407227,3.1792843341827393,0.2819180190563202
qwen2_5_0_5b_base,official_language:1,official_language,chat_template,17,29.438684463500977,5.385299205780029,0.25514647364616394
qwen2_5_0_5b_base,official_language:1,official_language,chat_template,18,33.126792907714844,3.7780017852783203,0.24307137727737427
qwen2_5_0_5b_base,official_language:1,official_language,chat_template,19,36.29372024536133,3.107929229736328,0.27465710043907166
qwen2_5_0_5b_base,official_language:1,official_language,chat_template,20,49.17777633666992,11.219149589538574,0.28991109132766724
qwen2_5_0_5b_base,official_language:1,official_language,chat_template,21,65.413330078125,25.902565002441406,0.2503405809402466
qwen2_5_0_5b_base,official_language:1,official_language,chat_template,22,71.38377380371094,12.337448120117188,0.3100637197494507
qwen2_5_0_5b_base,official_language:1,official_language,chat_template,23,249.58602905273438,13.068241119384766,0.403266042470932
qwen2_5_0_5b_base,official_language:2,official_language,raw_question,0,4.493542194366455,0.438872367143631,0.13172277808189392
qwen2_5_0_5b_base,official_language:2,official_language,raw_question,1,8.087286949157715,2.8839893341064453,0.1674155443906784
qwen2_5_0_5b_base,official_language:2,official_language,raw_question,2,8.038637161254883,1.5812691450119019,0.1703220158815384
qwen2_5_0_5b_base,official_language:2,official_language,raw_question,3,9.452383041381836,1.869168996810913,0.1913110613822937
qwen2_5_0_5b_base,official_language:2,official_language,raw_question,4,10.608671188354492,2.7414228916168213,0.2128620445728302
qwen2_5_0_5b_base,official_language:2,official_language,raw_question,5,11.858749389648438,2.85164737701416,0.21055705845355988
qwen2_5_0_5b_base,official_language:2,official_language,raw_question,6,13.487261772155762,1.844939112663269,0.2204429656267166
qwen2_5_0_5b_base,official_language:2,official_language,raw_question,7,14.788886070251465,2.2220542430877686,0.2205876260995865
qwen2_5_0_5b_base,official_language:2,official_language,raw_question,8,14.99566650390625,3.5982985496520996,0.2099742740392685
qwen2_5_0_5b_base,official_language:2,official_language,raw_question,9,15.426705360412598,2.756303548812866,0.20591530203819275
qwen2_5_0_5b_base,official_language:2,official_language,raw_question,10,14.972582817077637,3.550776243209839,0.19240818917751312
qwen2_5_0_5b_base,official_language:2,official_language,raw_question,11,15.141458511352539,2.4633948802948,0.19267727434635162
qwen2_5_0_5b_base,official_language:2,official_language,raw_question,12,15.911932945251465,2.604320764541626,0.19999174773693085
qwen2_5_0_5b_base,official_language:2,official_language,raw_question,13,17.11651039123535,2.863602876663208,0.19954057037830353
qwen2_5_0_5b_base,official_language:2,official_language,raw_question,14,18.171247482299805,3.2026445865631104,0.22250208258628845
qwen2_5_0_5b_base,official_language:2,official_language,raw_question,15,19.856950759887695,3.8294248580932617,0.24396713078022003
qwen2_5_0_5b_base,official_language:2,official_language,raw_question,16,23.42142105102539,2.5864145755767822,0.2654832601547241
qwen2_5_0_5b_base,official_language:2,official_language,raw_question,17,28.47789764404297,4.174543857574463,0.24486443400382996
qwen2_5_0_5b_base,official_language:2,official_language,raw_question,18,33.0347900390625,2.1116275787353516,0.23927409946918488
qwen2_5_0_5b_base,official_language:2,official_language,raw_question,19,37.119651794433594,3.551729917526245,0.2678605020046234
qwen2_5_0_5b_base,official_language:2,official_language,raw_question,20,50.93141555786133,11.108283996582031,0.2919560372829437
qwen2_5_0_5b_base,official_language:2,official_language,raw_question,21,73.09060668945312,16.87813377380371,0.25863516330718994
qwen2_5_0_5b_base,official_language:2,official_language,raw_question,22,77.60442352294922,7.135778427124023,0.28463584184646606
qwen2_5_0_5b_base,official_language:2,official_language,raw_question,23,272.8880615234375,12.274518013000488,0.3757755756378174
qwen2_5_0_5b_base,official_language:2,official_language,declarative,0,4.925852298736572,0.4166915714740753,0.13562247157096863
qwen2_5_0_5b_base,official_language:2,official_language,declarative,1,8.006895065307617,2.812540292739868,0.16368848085403442
qwen2_5_0_5b_base,official_language:2,official_language,declarative,2,8.228941917419434,1.7058273553848267,0.18368470668792725
qwen2_5_0_5b_base,official_language:2,official_language,declarative,3,9.878727912902832,2.203392505645752,0.19425642490386963
qwen2_5_0_5b_base,official_language:2,official_language,declarative,4,11.331901550292969,3.932952404022217,0.2205502837896347
qwen2_5_0_5b_base,official_language:2,official_language,declarative,5,13.323423385620117,3.219965934753418,0.2182612419128418
qwen2_5_0_5b_base,official_language:2,official_language,declarative,6,14.198318481445312,2.8334903717041016,0.2255312204360962
qwen2_5_0_5b_base,official_language:2,official_language,declarative,7,14.335638999938965,3.702305793762207,0.21849830448627472
qwen2_5_0_5b_base,official_language:2,official_language,declarative,8,14.508790016174316,4.59647798538208,0.2100406438112259
qwen2_5_0_5b_base,official_language:2,official_language,declarative,9,15.119654655456543,3.1448802947998047,0.20921117067337036
qwen2_5_0_5b_base,official_language:2,official_language,declarative,10,15.712186813354492,4.211544990539551,0.20779390633106232
qwen2_5_0_5b_base,official_language:2,official_language,declarative,11,15.538999557495117,2.7463552951812744,0.20000424981117249
qwen2_5_0_5b_base,official_language:2,official_language,declarative,12,16.765390396118164,2.649167776107788,0.20030106604099274
qwen2_5_0_5b_base,official_language:2,official_language,declarative,13,17.78423309326172,2.3801968097686768,0.20003585517406464
qwen2_5_0_5b_base,official_language:2,official_language,declarative,14,19.46405029296875,5.259727478027344,0.22667789459228516
qwen2_5_0_5b_base,official_language:2,official_language,declarative,15,22.430450439453125,4.617019176483154,0.24688409268856049
qwen2_5_0_5b_base,official_language:2,official_language,declarative,16,25.571735382080078,1.9122601747512817,0.27300235629081726
qwen2_5_0_5b_base,official_language:2,official_language,declarative,17,30.190942764282227,5.22716760635376,0.24059391021728516
qwen2_5_0_5b_base,official_language:2,official_language,declarative,18,35.24734115600586,3.066636085510254,0.24723981320858002
qwen2_5_0_5b_base,official_language:2,official_language,declarative,19,41.23019790649414,3.4507501125335693,0.27393290400505066
qwen2_5_0_5b_base,official_language:2,official_language,declarative,20,54.448890686035156,9.276936531066895,0.2911023199558258
qwen2_5_0_5b_base,official_language:2,official_language,declarative,21,77.07350158691406,14.733970642089844,0.27158138155937195
qwen2_5_0_5b_base,official_language:2,official_language,declarative,22,82.03298950195312,3.9421467781066895,0.31143099069595337
qwen2_5_0_5b_base,official_language:2,official_language,declarative,23,289.1615905761719,11.41102123260498,0.3653515875339508
qwen2_5_0_5b_base,official_language:2,official_language,qa,0,4.168089389801025,0.5482388138771057,0.13877855241298676
qwen2_5_0_5b_base,official_language:2,official_language,qa,1,6.977024078369141,2.8797731399536133,0.17595228552818298
qwen2_5_0_5b_base,official_language:2,official_language,qa,2,8.916976928710938,2.409534454345703,0.23207686841487885
qwen2_5_0_5b_base,official_language:2,official_language,qa,3,9.58348274230957,3.1379714012145996,0.2204708755016327
qwen2_5_0_5b_base,official_language:2,official_language,qa,4,10.316445350646973,2.578693151473999,0.21239504218101501
qwen2_5_0_5b_base,official_language:2,official_language,qa,5,10.909859657287598,3.210022211074829,0.21147125959396362
qwen2_5_0_5b_base,official_language:2,official_language,qa,6,12.034987449645996,2.2507970333099365,0.22265605628490448
qwen2_5_0_5b_base,official_language:2,official_language,qa,7,12.25861930847168,2.172154188156128,0.2193969488143921
qwen2_5_0_5b_base,official_language:2,official_language,qa,8,12.873025894165039,3.1557538509368896,0.19745291769504547
qwen2_5_0_5b_base,official_language:2,official_language,qa,9,14.065840721130371,2.81414794921875,0.2066054791212082
qwen2_5_0_5b_base,official_language:2,official_language,qa,10,13.13025188446045,3.1121509075164795,0.19556476175785065
qwen2_5_0_5b_base,official_language:2,official_language,qa,11,14.67431926727295,2.3421502113342285,0.20704245567321777
qwen2_5_0_5b_base,official_language:2,official_language,qa,12,14.997642517089844,2.8962249755859375,0.21073657274246216
qwen2_5_0_5b_base,official_language:2,official_language,qa,13,15.9876127243042,2.6377618312835693,0.21538051962852478
qwen2_5_0_5b_base,official_language:2,official_language,qa,14,19.106033325195312,6.299612522125244,0.23670096695423126
qwen2_5_0_5b_base,official_language:2,official_language,qa,15,21.625587463378906,4.553953170776367,0.25601497292518616
qwen2_5_0_5b_base,official_language:2,official_language,qa,16,24.296051025390625,2.181398630142212,0.27784964442253113
qwen2_5_0_5b_base,official_language:2,official_language,qa,17,29.384416580200195,6.057921886444092,0.25082120299339294
qwen2_5_0_5b_base,official_language:2,official_language,qa,18,35.61109924316406,4.544894695281982,0.24409043788909912
qwen2_5_0_5b_base,official_language:2,official_language,qa,19,39.7962646484375,3.879725694656372,0.28318917751312256
qwen2_5_0_5b_base,official_language:2,official_language,qa,20,50.93284225463867,10.970685958862305,0.30226099491119385
qwen2_5_0_5b_base,official_language:2,official_language,qa,21,72.51529693603516,17.407154083251953,0.2795513868331909
qwen2_5_0_5b_base,official_language:2,official_language,qa,22,79.67619323730469,5.193108558654785,0.3407860994338989
qwen2_5_0_5b_base,official_language:2,official_language,qa,23,286.93853759765625,14.11488151550293,0.39534273743629456
qwen2_5_0_5b_base,official_language:2,official_language,chat_template,0,3.6176421642303467,0.5918696522712708,0.10453110933303833
qwen2_5_0_5b_base,official_language:2,official_language,chat_template,1,6.820849418640137,2.8333303928375244,0.16732299327850342
qwen2_5_0_5b_base,official_language:2,official_language,chat_template,2,7.263814926147461,1.5108027458190918,0.14809094369411469
qwen2_5_0_5b_base,official_language:2,official_language,chat_template,3,8.385839462280273,2.338534355163574,0.1704379916191101
qwen2_5_0_5b_base,official_language:2,official_language,chat_template,4,9.727770805358887,2.9100112915039062,0.19524653255939484
qwen2_5_0_5b_base,official_language:2,official_language,chat_template,5,10.680744171142578,4.050767421722412,0.21140824258327484
qwen2_5_0_5b_base,official_language:2,official_language,chat_template,6,11.66648006439209,3.0129177570343018,0.21942095458507538
qwen2_5_0_5b_base,official_language:2,official_language,chat_template,7,13.232002258300781,3.6316866874694824,0.22259771823883057
qwen2_5_0_5b_base,official_language:2,official_language,chat_template,8,12.724996566772461,4.168830394744873,0.20357905328273773
qwen2_5_0_5b_base,official_language:2,official_language,chat_template,9,13.354290008544922,2.999483346939087,0.2077854424715042
qwen2_5_0_5b_base,official_language:2,official_language,chat_template,10,14.484977722167969,4.282595634460449,0.20749793946743011
qwen2_5_0_5b_base,official_language:2,official_language,chat_template,11,15.15316390991211,2.5084190368652344,0.21985916793346405
qwen2_5_0_5b_base,official_language:2,official_language,chat_template,12,15.00857162475586,3.6455225944519043,0.21748657524585724
qwen2_5_0_5b_base,official_language:2,official_language,chat_template,13,15.884342193603516,3.1020851135253906,0.22214670479297638
qwen2_5_0_5b_base,official_language:2,official_language,chat_template,14,19.40462303161621,5.889560222625732,0.24848729372024536
qwen2_5_0_5b_base,official_language:2,official_language,chat_template,15,21.01936149597168,5.007326126098633,0.2554391026496887
qwen2_5_0_5b_base,official_language:2,official_language,chat_template,16,23.1090087890625,3.1776058673858643,0.2813931703567505
qwen2_5_0_5b_base,official_language:2,official_language,chat_template,17,29.600147247314453,5.428995609283447,0.2543305456638336
qwen2_5_0_5b_base,official_language:2,official_language,chat_template,18,33.29644012451172,3.797490119934082,0.24258269369602203
qwen2_5_0_5b_base,official_language:2,official_language,chat_template,19,36.379180908203125,3.0958402156829834,0.2742346227169037
qwen2_5_0_5b_base,official_language:2,official_language,chat_template,20,49.18391418457031,11.361039161682129,0.2905026972293854
qwen2_5_0_5b_base,official_language:2,official_language,chat_template,21,65.39627838134766,26.018869400024414,0.25194382667541504
qwen2_5_0_5b_base,official_language:2,official_language,chat_template,22,71.11357116699219,13.071968078613281,0.3162391185760498
qwen2_5_0_5b_base,official_language:2,official_language,chat_template,23,246.95565795898438,13.17078971862793,0.40383806824684143
qwen2_5_0_5b_base,official_language:3,official_language,raw_question,0,4.404868125915527,0.44999992847442627,0.13297152519226074
qwen2_5_0_5b_base,official_language:3,official_language,raw_question,1,7.91332483291626,2.786046028137207,0.16698044538497925
qwen2_5_0_5b_base,official_language:3,official_language,raw_question,2,7.853213310241699,1.5596319437026978,0.17134398221969604
qwen2_5_0_5b_base,official_language:3,official_language,raw_question,3,9.103738784790039,1.8698865175247192,0.18878214061260223
qwen2_5_0_5b_base,official_language:3,official_language,raw_question,4,10.211067199707031,2.738525629043579,0.2076684534549713
qwen2_5_0_5b_base,official_language:3,official_language,raw_question,5,11.681324005126953,3.111337661743164,0.21163734793663025
qwen2_5_0_5b_base,official_language:3,official_language,raw_question,6,13.431628227233887,1.7912945747375488,0.21969428658485413
qwen2_5_0_5b_base,official_language:3,official_language,raw_question,7,15.12956714630127,2.6988003253936768,0.22132670879364014
qwen2_5_0_5b_base,official_language:3,official_language,raw_question,8,15.005048751831055,3.9452028274536133,0.21171152591705322
qwen2_5_0_5b_base,official_language:3,official_language,raw_question,9,15.37178897857666,2.783027172088623,0.2061682641506195
qwen2_5_0_5b_base,official_language:3,official_language,raw_question,10,14.889796257019043,3.576596736907959,0.19421827793121338
qwen2_5_0_5b_base,official_language:3,official_language,raw_question,11,15.024548530578613,2.418335199356079,0.19358153641223907
qwen2_5_0_5b_base,official_language:3,official_language,raw_question,12,15.846473693847656,2.813138961791992,0.2020745426416397
qwen2_5_0_5b_base,official_language:3,official_language,raw_question,13,17.12677764892578,2.8375046253204346,0.2013159543275833
qwen2_5_0_5b_base,official_language:3,official_language,raw_question,14,18.12741470336914,3.683539867401123,0.22419904172420502
qwen2_5_0_5b_base,official_language:3,official_language,raw_question,15,19.73301124572754,4.176940441131592,0.24774830043315887
qwen2_5_0_5b_base,official_language:3,official_language,raw_question,16,23.29233741760254,3.1201467514038086,0.26836439967155457
qwen2_5_0_5b_base,official_language:3,official_language,raw_question,17,28.32636260986328,4.288971900939941,0.24590559303760529
qwen2_5_0_5b_base,official_language:3,official_language,raw_question,18,32.12168502807617,2.2320923805236816,0.23994596302509308
qwen2_5_0_5b_base,official_language:3,official_language,raw_question,19,36.27765655517578,3.5880963802337646,0.2715187966823578
qwen2_5_0_5b_base,official_language:3,official_language,raw_question,20,50.84950637817383,12.096441268920898,0.2927096486091614
qwen2_5_0_5b_base,official_language:3,official_language,raw_question,21,72.7811508178711,15.843812942504883,0.25437361001968384
qwen2_5_0_5b_base,official_language:3,official_language,raw_question,22,78.2744140625,11.403887748718262,0.27959948778152466
qwen2_5_0_5b_base,official_language:3,official_language,raw_question,23,282.1832580566406,12.482208251953125,0.37510350346565247
qwen2_5_0_5b_base,official_language:3,official_language,declarative,0,4.7903971672058105,0.4262358844280243,0.13425053656101227
qwen2_5_0_5b_base,official_language:3,official_language,declarative,1,7.921831130981445,2.7876760959625244,0.16598084568977356
qwen2_5_0_5b_base,official_language:3,official_language,declarative,2,8.320908546447754,1.5432790517807007,0.18434421718120575
qwen2_5_0_5b_base,official_language:3,official_language,declarative,3,9.85400676727295,2.3903043270111084,0.19361169636249542
qwen2_5_0_5b_base,official_language:3,official_language,declarative,4,11.25965690612793,4.127693176269531,0.21831974387168884
qwen2_5_0_5b_base,official_language:3,official_language,declarative,5,12.613825798034668,3.404881238937378,0.21785469353199005
qwen2_5_0_5b_base,official_language:3,official_language,declarative,6,13.463276863098145,2.8904261589050293,0.22047670185565948
qwen2_5_0_5b_base,official_language:3,official_language,declarative,7,13.987869262695312,3.873905897140503,0.2173585593700409
qwen2_5_0_5b_base,official_language:3,official_language,declarative,8,13.772948265075684,4.138020992279053,0.20993109047412872
qwen2_5_0_5b_base,official_language:3,official_language,declarative,9,14.432629585266113,2.949838876724243,0.2081097513437271
qwen2_5_0_5b_base,official_language:3,official_language,declarative,10,15.019761085510254,4.564645767211914,0.20841234922409058
qwen2_5_0_5b_base,official_language:3,official_language,declarative,11,15.087067604064941,2.879098415374756,0.19907474517822266
qwen2_5_0_5b_base,official_language:3,official_language,declarative,12,16.069698333740234,2.930933713912964,0.19907332956790924
qwen2_5_0_5b_base,official_language:3,official_language,declarative,13,16.873382568359375,2.3396456241607666,0.2009151577949524
qwen2_5_0_5b_base,official_language:3,official_language,declarative,14,18.506942749023438,6.124276161193848,0.22921037673950195
qwen2_5_0_5b_base,official_language:3,official_language,declarative,15,21.039426803588867,4.628173351287842,0.25105541944503784
qwen2_5_0_5b_base,official_language:3,official_language,declarative,16,23.98478889465332,2.63247013092041,0.2798396646976471
qwen2_5_0_5b_base,official_language:3,official_language,declarative,17,28.281597137451172,5.126828670501709,0.2410024106502533
qwen2_5_0_5b_base,official_language:3,official_language,declarative,18,33.47699737548828,3.879547119140625,0.25048667192459106
qwen2_5_0_5b_base,official_language:3,official_language,declarative,19,38.24060821533203,4.272834777832031,0.2764173150062561
qwen2_5_0_5b_base,official_language:3,official_language,declarative,20,51.48683547973633,11.38103199005127,0.29386767745018005
qwen2_5_0_5b_base,official_language:3,official_language,declarative,21,72.41495513916016,17.029356002807617,0.2738519608974457
qwen2_5_0_5b_base,official_language:3,official_language,declarative,22,80.54801940917969,7.63786506652832,0.31885048747062683
qwen2_5_0_5b_base,official_language:3,official_language,declarative,23,286.2804260253906,10.896505355834961,0.36437445878982544
qwen2_5_0_5b_base,official_language:3,official_language,qa,0,4.157748222351074,0.5505676865577698,0.13843168318271637
qwen2_5_0_5b_base,official_language:3,official_language,qa,1,6.91152811050415,2.847315788269043,0.17530620098114014
qwen2_5_0_5b_base,official_language:3,official_language,qa,2,8.958965301513672,2.477283477783203,0.23382937908172607
qwen2_5_0_5b_base,official_language:3,official_language,qa,3,9.526659965515137,3.172187328338623,0.22073514759540558
qwen2_5_0_5b_base,official_language:3,official_language,qa,4,10.37086009979248,2.56697678565979,0.2119738906621933
qwen2_5_0_5b_base,official_language:3,official_language,qa,5,10.948176383972168,3.1370627880096436,0.21146142482757568
qwen2_5_0_5b_base,official_language:3,official_language,qa,6,12.098699569702148,2.2833750247955322,0.22278110682964325
qwen2_5_0_5b_base,official_language:3,official_language,qa,7,12.19337272644043,2.0915446281433105,0.21927988529205322
qwen2_5_0_5b_base,official_language:3,official_language,qa,8,13.048779487609863,3.183863401412964,0.19715173542499542
qwen2_5_0_5b_base,official_language:3,official_language,qa,9,14.161307334899902,2.8329737186431885,0.20728950202465057
qwen2_5_0_5b_base,official_language:3,official_language,qa,10,13.055574417114258,3.16664457321167,0.19522011280059814
qwen2_5_0_5b_base,official_language:3,official_language,qa,11,14.772454261779785,2.3057713508605957,0.20751793682575226
qwen2_5_0_5b_base,official_language:3,official_language,qa,12,15.135575294494629,3.017171621322632,0.21273627877235413
qwen2_5_0_5b_base,official_language:3,official_language,qa,13,16.0963077545166,2.6228721141815186,0.21693746745586395
qwen2_5_0_5b_base,official_language:3,official_language,qa,14,19.250558853149414,6.58831787109375,0.2380785197019577
qwen2_5_0_5b_base,official_language:3,official_language,qa,15,21.55269432067871,4.606431007385254,0.25569745898246765
qwen2_5_0_5b_base,official_language:3,official_language,qa,16,24.364294052124023,1.9210344552993774,0.27804243564605713
qwen2_5_0_5b_base,official_language:3,official_language,qa,17,29.46041488647461,5.455613136291504,0.25039079785346985
qwen2_5_0_5b_base,official_language:3,official_language,qa,18,34.90067672729492,3.994298219680786,0.24456997215747833
qwen2_5_0_5b_base,official_language:3,official_language,qa,19,39.592288970947266,4.258580207824707,0.28394943475723267
qwen2_5_0_5b_base,official_language:3,official_language,qa,20,52.526954650878906,12.251888275146484,0.30450066924095154
qwen2_5_0_5b_base,official_language:3,official_language,qa,21,73.55116271972656,16.34547996520996,0.27679815888404846
qwen2_5_0_5b_base,official_language:3,official_language,qa,22,79.99237823486328,9.077804565429688,0.3324258625507355
qwen2_5_0_5b_base,official_language:3,official_language,qa,23,295.71478271484375,13.07012939453125,0.3827527165412903
qwen2_5_0_5b_base,official_language:3,official_language,chat_template,0,3.5979042053222656,0.5925240516662598,0.10435124486684799
qwen2_5_0_5b_base,official_language:3,official_language,chat_template,1,6.763298511505127,2.829815149307251,0.16704551875591278
qwen2_5_0_5b_base,official_language:3,official_language,chat_template,2,7.207211017608643,1.5031909942626953,0.14778588712215424
qwen2_5_0_5b_base,official_language:3,official_language,chat_template,3,8.354776382446289,2.344752550125122,0.1698453277349472
qwen2_5_0_5b_base,official_language:3,official_language,chat_template,4,9.75917911529541,2.9438695907592773,0.19609621167182922
qwen2_5_0_5b_base,official_language:3,official_language,chat_template,5,10.686287879943848,4.113907814025879,0.21156850457191467
qwen2_5_0_5b_base,official_language:3,official_language,chat_template,6,11.557282447814941,3.006645441055298,0.218680277466774
qwen2_5_0_5b_base,official_language:3,official_language,chat_template,7,13.192094802856445,3.507237434387207,0.22071270644664764
qwen2_5_0_5b_base,official_language:3,official_language,chat_template,8,12.66525936126709,4.166445732116699,0.20488965511322021
qwen2_5_0_5b_base,official_language:3,official_language,chat_template,9,13.21407413482666,3.0234596729278564,0.2095363587141037
qwen2_5_0_5b_base,official_language:3,official_language,chat_template,10,14.479732513427734,4.231070518493652,0.20723290741443634
qwen2_5_0_5b_base,official_language:3,official_language,chat_template,11,14.988556861877441,2.4728572368621826,0.21978509426116943
qwen2_5_0_5b_base,official_language:3,official_language,chat_template,12,14.87824821472168,3.675086736679077,0.2178652435541153
qwen2_5_0_5b_base,official_language:3,official_language,chat_template,13,15.667121887207031,3.0596046447753906,0.22174608707427979
qwen2_5_0_5b_base,official_language:3,official_language,chat_template,14,19.186403274536133,5.953543186187744,0.24802732467651367
qwen2_5_0_5b_base,official_language:3,official_language,chat_template,15,20.878469467163086,5.090707778930664,0.2564007043838501
qwen2_5_0_5b_base,official_language:3,official_language,chat_template,16,23.089340209960938,3.2238433361053467,0.28218626976013184
qwen2_5_0_5b_base,official_language:3,official_language,chat_template,17,29.586883544921875,5.281813144683838,0.2548873722553253
qwen2_5_0_5b_base,official_language:3,official_language,chat_template,18,33.28268814086914,3.747600555419922,0.24423328042030334
qwen2_5_0_5b_base,official_language:3,official_language,chat_template,19,36.54696273803711,3.2565524578094482,0.27545425295829773
qwen2_5_0_5b_base,official_language:3,official_language,chat_template,20,49.66529846191406,11.15323257446289,0.28739824891090393
qwen2_5_0_5b_base,official_language:3,official_language,chat_template,21,66.18960571289062,25.634521484375,0.2498743087053299
qwen2_5_0_5b_base,official_language:3,official_language,chat_template,22,72.1641845703125,14.490631103515625,0.31653812527656555
qwen2_5_0_5b_base,official_language:3,official_language,chat_template,23,248.71920776367188,12.293228149414062,0.4052463173866272
qwen2_5_0_5b_base,official_language:4,official_language,raw_question,0,4.433804988861084,0.45257940888404846,0.13140761852264404
qwen2_5_0_5b_base,official_language:4,official_language,raw_question,1,8.089710235595703,2.840273141860962,0.1676981896162033
qwen2_5_0_5b_base,official_language:4,official_language,raw_question,2,7.963014602661133,1.6140022277832031,0.17144979536533356
qwen2_5_0_5b_base,official_language:4,official_language,raw_question,3,9.469690322875977,1.8425687551498413,0.19082804024219513
qwen2_5_0_5b_base,official_language:4,official_language,raw_question,4,10.722549438476562,2.876006841659546,0.21262289583683014
qwen2_5_0_5b_base,official_language:4,official_language,raw_question,5,11.752721786499023,2.787505865097046,0.21027158200740814
qwen2_5_0_5b_base,official_language:4,official_language,raw_question,6,13.133155822753906,1.8346970081329346,0.21766245365142822
qwen2_5_0_5b_base,official_language:4,official_language,raw_question,7,14.533342361450195,2.09672212600708,0.21780754625797272
qwen2_5_0_5b_base,official_language:4,official_language,raw_question,8,14.854843139648438,3.682467222213745,0.20861059427261353
qwen2_5_0_5b_base,official_language:4,official_language,raw_question,9,15.249740600585938,2.7062129974365234,0.2041250467300415
qwen2_5_0_5b_base,official_language:4,official_language,raw_question,10,14.763968467712402,3.457700252532959,0.19115620851516724
qwen2_5_0_5b_base,official_language:4,official_language,raw_question,11,15.015830039978027,2.4505198001861572,0.18991513550281525
qwen2_5_0_5b_base,official_language:4,official_language,raw_question,12,15.814994812011719,2.7111754417419434,0.19890175759792328
qwen2_5_0_5b_base,official_language:4,official_language,raw_question,13,17.0694580078125,2.8455541133880615,0.1977093666791916
qwen2_5_0_5b_base,official_language:4,official_language,raw_question,14,18.025503158569336,3.245037794113159,0.2204396277666092
qwen2_5_0_5b_base,official_language:4,official_language,raw_question,15,19.508859634399414,3.752006769180298,0.2424933761358261
qwen2_5_0_5b_base,official_language:4,official_language,raw_question,16,22.997997283935547,2.578200340270996,0.26408395171165466
qwen2_5_0_5b_base,official_language:4,official_language,raw_question,17,28.227802276611328,4.066786766052246,0.2439277023077011
qwen2_5_0_5b_base,official_language:4,official_language,raw_question,18,32.47977828979492,1.702322244644165,0.23815375566482544
qwen2_5_0_5b_base,official_language:4,official_language,raw_question,19,36.687747955322266,3.4042694568634033,0.26704686880111694
qwen2_5_0_5b_base,official_language:4,official_language,raw_question,20,51.319000244140625,10.977783203125,0.29168248176574707
qwen2_5_0_5b_base,official_language:4,official_language,raw_question,21,72.79296875,17.122461318969727,0.2554820775985718
qwen2_5_0_5b_base,official_language:4,official_language,raw_question,22,77.53971862792969,6.655619144439697,0.27917566895484924
qwen2_5_0_5b_base,official_language:4,official_language,raw_question,23,287.61492919921875,13.234010696411133,0.37625181674957275
qwen2_5_0_5b_base,official_language:4,official_language,declarative,0,4.993796348571777,0.4272858202457428,0.13612687587738037
qwen2_5_0_5b_base,official_language:4,official_language,declarative,1,8.02103328704834,2.833056926727295,0.16357718408107758
qwen2_5_0_5b_base,official_language:4,official_language,declarative,2,8.128161430358887,1.7060223817825317,0.18181224167346954
qwen2_5_0_5b_base,official_language:4,official_language,declarative,3,9.901861190795898,2.1737043857574463,0.19351866841316223
qwen2_5_0_5b_base,official_language:4,official_language,declarative,4,11.515254974365234,3.9056410789489746,0.22042079269886017
qwen2_5_0_5b_base,official_language:4,official_language,declarative,5,13.084653854370117,3.316192626953125,0.2174166589975357
qwen2_5_0_5b_base,official_language:4,official_language,declarative,6,14.016879081726074,3.0088367462158203,0.2234661728143692
qwen2_5_0_5b_base,official_language:4,official_language,declarative,7,14.43232536315918,3.734163761138916,0.21726618707180023
qwen2_5_0_5b_base,official_language:4,official_language,declarative,8,14.419926643371582,4.676483154296875,0.2101994752883911
qwen2_5_0_5b_base,official_language:4,official_language,declarative,9,15.003836631774902,3.1168649196624756,0.20811450481414795
qwen2_5_0_5b_base,official_language:4,official_language,declarative,10,15.82206916809082,4.0410847663879395,0.20741555094718933
qwen2_5_0_5b_base,official_language:4,official_language,declarative,11,15.890677452087402,2.7946174144744873,0.20059646666049957
qwen2_5_0_5b_base,official_language:4,official_language,declarative,12,16.98179054260254,2.8108174800872803,0.20190757513046265
qwen2_5_0_5b_base,official_language:4,official_language,declarative,13,18.051145553588867,2.331974506378174,0.20097532868385315
qwen2_5_0_5b_base,official_language:4,official_language,declarative,14,19.4074764251709,5.441748142242432,0.22798395156860352
qwen2_5_0_5b_base,official_language:4,official_language,declarative,15,22.244367599487305,4.444156646728516,0.2473408579826355
qwen2_5_0_5b_base,official_language:4,official_language,declarative,16,25.470266342163086,1.9076592922210693,0.2749728262424469
qwen2_5_0_5b_base,official_language:4,official_language,declarative,17,30.244728088378906,4.972073078155518,0.23943538963794708
qwen2_5_0_5b_base,official_language:4,official_language,declarative,18,35.60222625732422,3.173781633377075,0.24671001732349396
qwen2_5_0_5b_base,official_language:4,official_language,declarative,19,41.179203033447266,3.3584165573120117,0.2746151089668274
qwen2_5_0_5b_base,official_language:4,official_language,declarative,20,53.58702087402344,9.053851127624512,0.2921469509601593
qwen2_5_0_5b_base,official_language:4,official_language,declarative,21,75.61714935302734,15.694217681884766,0.2756737470626831
qwen2_5_0_5b_base,official_language:4,official_language,declarative,22,82.15288543701172,3.981177568435669,0.31426864862442017
qwen2_5_0_5b_base,official_language:4,official_language,declarative,23,288.8915100097656,11.18075942993164,0.36673784255981445
qwen2_5_0_5b_base,official_language:4,official_language,qa,0,4.111384391784668,0.5482401847839355,0.13767211139202118
qwen2_5_0_5b_base,official_language:4,official_language,qa,1,6.907052993774414,2.8534934520721436,0.1754254549741745
qwen2_5_0_5b_base,official_language:4,official_language,qa,2,8.972047805786133,2.4209063053131104,0.23391005396842957
qwen2_5_0_5b_base,official_language:4,official_language,qa,3,9.605009078979492,3.1799139976501465,0.22142942249774933
qwen2_5_0_5b_base,official_language:4,official_language,qa,4,10.288676261901855,2.626692295074463,0.21257184445858002
qwen2_5_0_5b_base,official_language:4,official_language,qa,5,10.938557624816895,3.2158753871917725,0.21063420176506042
qwen2_5_0_5b_base,official_language:4,official_language,qa,6,12.050159454345703,2.2586801052093506,0.22165097296237946
qwen2_5_0_5b_base,official_language:4,official_language,qa,7,12.443001747131348,2.0203609466552734,0.21836109459400177
qwen2_5_0_5b_base,official_language:4,official_language,qa,8,12.908570289611816,3.1841702461242676,0.19819091260433197
qwen2_5_0_5b_base,official_language:4,official_language,qa,9,14.014388084411621,2.857780694961548,0.205011248588562
qwen2_5_0_5b_base,official_language:4,official_language,qa,10,13.150311470031738,3.074385404586792,0.1932453066110611
qwen2_5_0_5b_base,official_language:4,official_language,qa,11,14.60905933380127,2.4111995697021484,0.20270134508609772
qwen2_5_0_5b_base,official_language:4,official_language,qa,12,14.993943214416504,2.869089365005493,0.20879709720611572
qwen2_5_0_5b_base,official_language:4,official_language,qa,13,15.862886428833008,2.554219961166382,0.21323096752166748
qwen2_5_0_5b_base,official_language:4,official_language,qa,14,18.750980377197266,6.005468845367432,0.23681314289569855
qwen2_5_0_5b_base,official_language:4,official_language,qa,15,21.176511764526367,4.563198089599609,0.25483623147010803
qwen2_5_0_5b_base,official_language:4,official_language,qa,16,24.027280807495117,2.3384792804718018,0.2778262197971344
qwen2_5_0_5b_base,official_language:4,official_language,qa,17,29.495075225830078,5.229902267456055,0.2502845823764801
qwen2_5_0_5b_base,official_language:4,official_language,qa,18,35.65516662597656,4.229429244995117,0.2440999448299408
qwen2_5_0_5b_base,official_language:4,official_language,qa,19,39.70529556274414,3.8807239532470703,0.2840210795402527
qwen2_5_0_5b_base,official_language:4,official_language,qa,20,51.21965408325195,11.405896186828613,0.30276069045066833
qwen2_5_0_5b_base,official_language:4,official_language,qa,21,73.48257446289062,18.184900283813477,0.27788475155830383
qwen2_5_0_5b_base,official_language:4,official_language,qa,22,81.19206237792969,6.008365154266357,0.3327057659626007
qwen2_5_0_5b_base,official_language:4,official_language,qa,23,286.9208068847656,14.461614608764648,0.3938532769680023
qwen2_5_0_5b_base,official_language:4,official_language,chat_template,0,3.613959789276123,0.591875433921814,0.10458624362945557
qwen2_5_0_5b_base,official_language:4,official_language,chat_template,1,6.826718330383301,2.8314340114593506,0.16719283163547516
qwen2_5_0_5b_base,official_language:4,official_language,chat_template,2,7.260585784912109,1.505985140800476,0.14743319153785706
qwen2_5_0_5b_base,official_language:4,official_language,chat_template,3,8.377291679382324,2.3420543670654297,0.17049577832221985
qwen2_5_0_5b_base,official_language:4,official_language,chat_template,4,9.69449520111084,2.8985135555267334,0.19508904218673706
qwen2_5_0_5b_base,official_language:4,official_language,chat_template,5,10.777091026306152,4.128376483917236,0.21157880127429962
qwen2_5_0_5b_base,official_language:4,official_language,chat_template,6,11.762545585632324,3.0760302543640137,0.22036753594875336
qwen2_5_0_5b_base,official_language:4,official_language,chat_template,7,13.172591209411621,3.6056933403015137,0.22242124378681183
qwen2_5_0_5b_base,official_language:4,official_language,chat_template,8,12.675686836242676,4.150376796722412,0.2032109498977661
qwen2_5_0_5b_base,official_language:4,official_language,chat_template,9,13.292924880981445,2.9950406551361084,0.20666788518428802
qwen2_5_0_5b_base,official_language:4,official_language,chat_template,10,14.534952163696289,4.329444408416748,0.20797669887542725
qwen2_5_0_5b_base,official_language:4,official_language,chat_template,11,15.095070838928223,2.5184597969055176,0.21990500390529633
qwen2_5_0_5b_base,official_language:4,official_language,chat_template,12,14.828022003173828,3.6592040061950684,0.21678979694843292
qwen2_5_0_5b_base,official_language:4,official_language,chat_template,13,15.800093650817871,3.2037012577056885,0.2212161272764206
qwen2_5_0_5b_base,official_language:4,official_language,chat_template,14,19.34799575805664,5.945948123931885,0.2487458735704422
qwen2_5_0_5b_base,official_language:4,official_language,chat_template,15,21.063323974609375,5.053405284881592,0.25555023550987244
qwen2_5_0_5b_base,official_language:4,official_language,chat_template,16,23.12506675720215,3.1638858318328857,0.28190878033638
qwen2_5_0_5b_base,official_language:4,official_language,chat_template,17,29.41977310180664,5.409684658050537,0.2546176016330719
qwen2_5_0_5b_base,official_language:4,official_language,chat_template,18,32.997039794921875,3.879049301147461,0.24299903213977814
qwen2_5_0_5b_base,official_language:4,official_language,chat_template,19,36.05895233154297,3.07810378074646,0.27476245164871216
qwen2_5_0_5b_base,official_language:4,official_language,chat_template,20,48.959083557128906,11.208067893981934,0.2891065180301666
qwen2_5_0_5b_base,official_language:4,official_language,chat_template,21,65.10643768310547,26.471208572387695,0.2509506642818451
qwen2_5_0_5b_base,official_language:4,official_language,chat_template,22,70.03514862060547,11.262194633483887,0.313040167093277
qwen2_5_0_5b_base,official_language:4,official_language,chat_template,23,254.28697204589844,15.263025283813477,0.3970177471637726
qwen2_5_0_5b_base,official_language:5,official_language,raw_question,0,4.3741302490234375,0.4485495090484619,0.13131658732891083
qwen2_5_0_5b_base,official_language:5,official_language,raw_question,1,8.170783996582031,2.8221890926361084,0.16547279059886932
qwen2_5_0_5b_base,official_language:5,official_language,raw_question,2,8.112972259521484,1.489393711090088,0.17103782296180725
qwen2_5_0_5b_base,official_language:5,official_language,raw_question,3,9.388327598571777,1.7676284313201904,0.19087019562721252
qwen2_5_0_5b_base,official_language:5,official_language,raw_question,4,10.193822860717773,2.5445103645324707,0.21232469379901886
qwen2_5_0_5b_base,official_language:5,official_language,raw_question,5,11.910923957824707,3.0053117275238037,0.21219582855701447
qwen2_5_0_5b_base,official_language:5,official_language,raw_question,6,13.504060745239258,1.745689034461975,0.22350670397281647
qwen2_5_0_5b_base,official_language:5,official_language,raw_question,7,15.082982063293457,2.3780014514923096,0.22283132374286652
qwen2_5_0_5b_base,official_language:5,official_language,raw_question,8,15.021711349487305,3.496854782104492,0.21025638282299042
qwen2_5_0_5b_base,official_language:5,official_language,raw_question,9,15.565227508544922,2.894791603088379,0.20670314133167267
qwen2_5_0_5b_base,official_language:5,official_language,raw_question,10,14.984848976135254,3.5955729484558105,0.19363941252231598
qwen2_5_0_5b_base,official_language:5,official_language,raw_question,11,15.2516508102417,2.394597053527832,0.1931454837322235
qwen2_5_0_5b_base,official_language:5,official_language,raw_question,12,15.9601411819458,2.8012633323669434,0.202560693025589
qwen2_5_0_5b_base,official_language:5,official_language,raw_question,13,17.255868911743164,2.7791614532470703,0.19971859455108643
qwen2_5_0_5b_base,official_language:5,official_language,raw_question,14,18.529863357543945,3.229283332824707,0.2243000864982605
qwen2_5_0_5b_base,official_language:5,official_language,raw_question,15,19.841197967529297,4.449560642242432,0.24637611210346222
qwen2_5_0_5b_base,official_language:5,official_language,raw_question,16,22.776044845581055,3.3896243572235107,0.265729159116745
qwen2_5_0_5b_base,official_language:5,official_language,raw_question,17,27.78632926940918,4.17960262298584,0.24775740504264832
qwen2_5_0_5b_base,official_language:5,official_language,raw_question,18,32.3720817565918,2.657479763031006,0.24219216406345367
qwen2_5_0_5b_base,official_language:5,official_language,raw_question,19,36.429283142089844,3.6428608894348145,0.2724436819553375
qwen2_5_0_5b_base,official_language:5,official_language,raw_question,20,50.747737884521484,12.35269546508789,0.2959822416305542
qwen2_5_0_5b_base,official_language:5,official_language,raw_question,21,74.57125854492188,16.4046573638916,0.2553625702857971
qwen2_5_0_5b_base,official_language:5,official_language,raw_question,22,79.66051483154297,9.129878044128418,0.2836148738861084
qwen2_5_0_5b_base,official_language:5,official_language,raw_question,23,288.5072021484375,13.694977760314941,0.37838083505630493
qwen2_5_0_5b_base,official_language:5,official_language,declarative,0,4.832432270050049,0.4220854341983795,0.13339072465896606
qwen2_5_0_5b_base,official_language:5,official_language,declarative,1,7.809846878051758,2.759131908416748,0.16346986591815948
qwen2_5_0_5b_base,official_language:5,official_language,declarative,2,8.056031227111816,1.2506335973739624,0.18289177119731903
qwen2_5_0_5b_base,official_language:5,official_language,declarative,3,9.602740287780762,2.1918222904205322,0.18798531591892242
qwen2_5_0_5b_base,official_language:5,official_language,declarative,4,11.157220840454102,3.9046034812927246,0.21980935335159302
qwen2_5_0_5b_base,official_language:5,official_language,declarative,5,13.408408164978027,3.671128511428833,0.21985284984111786
qwen2_5_0_5b_base,official_language:5,official_language,declarative,6,14.252439498901367,3.2496755123138428,0.226653054356575
qwen2_5_0_5b_base,official_language:5,official_language,declarative,7,14.756308555603027,3.665383815765381,0.21883076429367065
qwen2_5_0_5b_base,official_language:5,official_language,declarative,8,14.741758346557617,4.3343610763549805,0.2129831314086914
qwen2_5_0_5b_base,official_language:5,official_language,declarative,9,15.411622047424316,3.338245391845703,0.2121637463569641
qwen2_5_0_5b_base,official_language:5,official_language,declarative,10,16.005334854125977,4.323169231414795,0.21108762919902802
qwen2_5_0_5b_base,official_language:5,official_language,declarative,11,16.112140655517578,3.1485791206359863,0.20355729758739471
qwen2_5_0_5b_base,official_language:5,official_language,declarative,12,17.241514205932617,3.031975507736206,0.20539717376232147
qwen2_5_0_5b_base,official_language:5,official_language,declarative,13,18.010658264160156,2.3397600650787354,0.20577995479106903
qwen2_5_0_5b_base,official_language:5,official_language,declarative,14,19.372732162475586,6.139979362487793,0.2301744967699051
qwen2_5_0_5b_base,official_language:5,official_language,declarative,15,22.260498046875,4.32179594039917,0.24996130168437958
qwen2_5_0_5b_base,official_language:5,official_language,declarative,16,25.39756202697754,2.2120580673217773,0.2788681089878082
qwen2_5_0_5b_base,official_language:5,official_language,declarative,17,30.7888126373291,5.9160380363464355,0.23790597915649414
qwen2_5_0_5b_base,official_language:5,official_language,declarative,18,36.34587097167969,2.9754345417022705,0.248310387134552
qwen2_5_0_5b_base,official_language:5,official_language,declarative,19,41.34736633300781,3.4294090270996094,0.2766542136669159
qwen2_5_0_5b_base,official_language:5,official_language,declarative,20,52.71585464477539,10.82774829864502,0.29561424255371094
qwen2_5_0_5b_base,official_language:5,official_language,declarative,21,73.6275634765625,16.200496673583984,0.2703804671764374
qwen2_5_0_5b_base,official_language:5,official_language,declarative,22,82.09298706054688,4.568157196044922,0.3346574008464813
qwen2_5_0_5b_base,official_language:5,official_language,declarative,23,286.2740478515625,11.450793266296387,0.3697545528411865
qwen2_5_0_5b_base,official_language:5,official_language,qa,0,4.157040596008301,0.5511011481285095,0.13758017122745514
qwen2_5_0_5b_base,official_language:5,official_language,qa,1,6.931516647338867,2.860527515411377,0.1754232496023178
qwen2_5_0_5b_base,official_language:5,official_language,qa,2,8.891892433166504,2.4346680641174316,0.23242147266864777
qwen2_5_0_5b_base,official_language:5,official_language,qa,3,9.634539604187012,3.2374019622802734,0.22099055349826813
qwen2_5_0_5b_base,official_language:5,official_language,qa,4,10.379507064819336,2.631718635559082,0.21171532571315765
qwen2_5_0_5b_base,official_language:5,official_language,qa,5,11.03970718383789,3.107006549835205,0.21234960854053497
qwen2_5_0_5b_base,official_language:5,official_language,qa,6,12.071141242980957,2.242396354675293,0.22252778708934784
qwen2_5_0_5b_base,official_language:5,official_language,qa,7,12.405603408813477,2.0204529762268066,0.21747614443302155
qwen2_5_0_5b_base,official_language:5,official_language,qa,8,12.901888847351074,3.1681935787200928,0.19743850827217102
qwen2_5_0_5b_base,official_language:5,official_language,qa,9,14.230350494384766,2.9377803802490234,0.20760095119476318
qwen2_5_0_5b_base,official_language:5,official_language,qa,10,13.15196418762207,3.2050833702087402,0.1964777112007141
qwen2_5_0_5b_base,official_language:5,official_language,qa,11,14.869621276855469,2.362372398376465,0.20724588632583618
qwen2_5_0_5b_base,official_language:5,official_language,qa,12,15.257012367248535,3.0396244525909424,0.21314284205436707
qwen2_5_0_5b_base,official_language:5,official_language,qa,13,16.21500015258789,2.5499515533447266,0.21585281193256378
qwen2_5_0_5b_base,official_language:5,official_language,qa,14,19.186595916748047,6.167430400848389,0.2397601157426834
qwen2_5_0_5b_base,official_language:5,official_language,qa,15,21.591936111450195,4.825810432434082,0.2570423185825348
qwen2_5_0_5b_base,official_language:5,official_language,qa,16,24.368640899658203,1.8736016750335693,0.2799172103404999
qwen2_5_0_5b_base,official_language:5,official_language,qa,17,29.693742752075195,5.236080646514893,0.25005435943603516
qwen2_5_0_5b_base,official_language:5,official_language,qa,18,35.510169982910156,4.1532416343688965,0.24480648338794708
qwen2_5_0_5b_base,official_language:5,official_language,qa,19,39.828548431396484,4.0831499099731445,0.2863001227378845
qwen2_5_0_5b_base,official_language:5,official_language,qa,20,51.84074020385742,12.461365699768066,0.30396491289138794
qwen2_5_0_5b_base,official_language:5,official_language,qa,21,74.49542999267578,16.259992599487305,0.26914435625076294
qwen2_5_0_5b_base,official_language:5,official_language,qa,22,81.48725891113281,7.071029186248779,0.32368552684783936
qwen2_5_0_5b_base,official_language:5,official_language,qa,23,300.94647216796875,13.662690162658691,0.38521236181259155
qwen2_5_0_5b_base,official_language:5,official_language,chat_template,0,3.6010489463806152,0.5917041301727295,0.10464227944612503
qwen2_5_0_5b_base,official_language:5,official_language,chat_template,1,6.817332744598389,2.8371098041534424,0.16799049079418182
qwen2_5_0_5b_base,official_language:5,official_language,chat_template,2,7.250268936157227,1.4833924770355225,0.1473291963338852
qwen2_5_0_5b_base,official_language:5,official_language,chat_template,3,8.453082084655762,2.304729700088501,0.16999153792858124
qwen2_5_0_5b_base,official_language:5,official_language,chat_template,4,9.787147521972656,2.9743542671203613,0.19591708481311798
qwen2_5_0_5b_base,official_language:5,official_language,chat_template,5,11.074217796325684,4.382223129272461,0.21328365802764893
qwen2_5_0_5b_base,official_language:5,official_language,chat_template,6,11.844691276550293,3.011965751647949,0.2225089818239212
qwen2_5_0_5b_base,official_language:5,official_language,chat_template,7,13.382291793823242,3.5233523845672607,0.22135548293590546
qwen2_5_0_5b_base,official_language:5,official_language,chat_template,8,12.73061466217041,4.101559638977051,0.20404501259326935
qwen2_5_0_5b_base,official_language:5,official_language,chat_template,9,13.209611892700195,2.899170160293579,0.20545363426208496
qwen2_5_0_5b_base,official_language:5,official_language,chat_template,10,14.437018394470215,4.255918502807617,0.20682646334171295
qwen2_5_0_5b_base,official_language:5,official_language,chat_template,11,14.61967658996582,2.5198564529418945,0.21640639007091522
qwen2_5_0_5b_base,official_language:5,official_language,chat_template,12,14.727802276611328,3.495478391647339,0.21353185176849365
qwen2_5_0_5b_base,official_language:5,official_language,chat_template,13,15.63355541229248,3.097529411315918,0.21971793472766876
qwen2_5_0_5b_base,official_language:5,official_language,chat_template,14,19.121030807495117,5.856095314025879,0.24711714684963226
qwen2_5_0_5b_base,official_language:5,official_language,chat_template,15,20.667724609375,5.102855205535889,0.2542586326599121
qwen2_5_0_5b_base,official_language:5,official_language,chat_template,16,22.892011642456055,3.1004765033721924,0.28092676401138306
qwen2_5_0_5b_base,official_language:5,official_language,chat_template,17,28.94820785522461,5.221932411193848,0.2550075948238373
qwen2_5_0_5b_base,official_language:5,official_language,chat_template,18,32.757083892822266,3.741708278656006,0.24271538853645325
qwen2_5_0_5b_base,official_language:5,official_language,chat_template,19,36.4132080078125,3.257857084274292,0.27458807826042175
qwen2_5_0_5b_base,official_language:5,official_language,chat_template,20,48.8218879699707,10.847736358642578,0.28665536642074585
qwen2_5_0_5b_base,official_language:5,official_language,chat_template,21,66.2053451538086,25.885204315185547,0.2476034164428711
qwen2_5_0_5b_base,official_language:5,official_language,chat_template,22,69.66043853759766,10.918466567993164,0.3133617341518402
qwen2_5_0_5b_base,official_language:5,official_language,chat_template,23,250.7678680419922,14.374404907226562,0.4008956849575043
qwen2_5_0_5b_base,official_language:6,official_language,raw_question,0,4.531682014465332,0.4445907473564148,0.1345602124929428
qwen2_5_0_5b_base,official_language:6,official_language,raw_question,1,8.133025169372559,2.8643946647644043,0.16858407855033875
qwen2_5_0_5b_base,official_language:6,official_language,raw_question,2,7.992671966552734,1.6421101093292236,0.17009004950523376
qwen2_5_0_5b_base,official_language:6,official_language,raw_question,3,9.4696044921875,1.818069338798523,0.19107624888420105
qwen2_5_0_5b_base,official_language:6,official_language,raw_question,4,10.58484172821045,2.6245155334472656,0.21185468137264252
qwen2_5_0_5b_base,official_language:6,official_language,raw_question,5,12.05064582824707,2.8595118522644043,0.21145416796207428
qwen2_5_0_5b_base,official_language:6,official_language,raw_question,6,13.642801284790039,1.8184785842895508,0.22238416969776154
qwen2_5_0_5b_base,official_language:6,official_language,raw_question,7,14.957307815551758,2.3815596103668213,0.22159282863140106
qwen2_5_0_5b_base,official_language:6,official_language,raw_question,8,14.936293601989746,3.660698652267456,0.20963804423809052
qwen2_5_0_5b_base,official_language:6,official_language,raw_question,9,15.436478614807129,2.708383560180664,0.20577768981456757
qwen2_5_0_5b_base,official_language:6,official_language,raw_question,10,14.978095054626465,3.505673408508301,0.19262683391571045
qwen2_5_0_5b_base,official_language:6,official_language,raw_question,11,15.119938850402832,2.449232816696167,0.19319333136081696
qwen2_5_0_5b_base,official_language:6,official_language,raw_question,12,15.85988712310791,2.611241102218628,0.19945645332336426
qwen2_5_0_5b_base,official_language:6,official_language,raw_question,13,17.088178634643555,2.812304973602295,0.19822482764720917
qwen2_5_0_5b_base,official_language:6,official_language,raw_question,14,18.181793212890625,3.1904191970825195,0.22144559025764465
qwen2_5_0_5b_base,official_language:6,official_language,raw_question,15,20.011293411254883,3.9316580295562744,0.24412621557712555
qwen2_5_0_5b_base,official_language:6,official_language,raw_question,16,23.66288185119629,2.8474650382995605,0.2654614746570587
qwen2_5_0_5b_base,official_language:6,official_language,raw_question,17,28.59322166442871,4.296756744384766,0.24513296782970428
qwen2_5_0_5b_base,official_language:6,official_language,raw_question,18,33.175533294677734,2.3057446479797363,0.23961474001407623
qwen2_5_0_5b_base,official_language:6,official_language,raw_question,19,36.66109848022461,3.343184471130371,0.26760444045066833
qwen2_5_0_5b_base,official_language:6,official_language,raw_question,20,49.84071731567383,10.784067153930664,0.2928362786769867
qwen2_5_0_5b_base,official_language:6,official_language,raw_question,21,72.6314468383789,16.110027313232422,0.2583580017089844
qwen2_5_0_5b_base,official_language:6,official_language,raw_question,22,78.00416564941406,5.893717288970947,0.28267329931259155
qwen2_5_0_5b_base,official_language:6,official_language,raw_question,23,281.72039794921875,12.003235816955566,0.3712559640407562
qwen2_5_0_5b_base,official_language:6,official_language,declarative,0,5.073269367218018,0.4233098030090332,0.13884474337100983
qwen2_5_0_5b_base,official_language:6,official_language,declarative,1,8.086891174316406,2.8336970806121826,0.16508832573890686
qwen2_5_0_5b_base,official_language:6,official_language,declarative,2,8.110762596130371,1.6929442882537842,0.18024277687072754
qwen2_5_0_5b_base,official_language:6,official_language,declarative,3,9.7813720703125,2.199251413345337,0.19284750521183014
qwen2_5_0_5b_base,official_language:6,official_language,declarative,4,11.115279197692871,3.8894259929656982,0.21934758126735687
qwen2_5_0_5b_base,official_language:6,official_language,declarative,5,13.420998573303223,3.306565999984741,0.21954381465911865
qwen2_5_0_5b_base,official_language:6,official_language,declarative,6,14.215155601501465,2.8718698024749756,0.22486737370491028
qwen2_5_0_5b_base,official_language:6,official_language,declarative,7,14.359642028808594,3.814216136932373,0.21875235438346863
qwen2_5_0_5b_base,official_language:6,official_language,declarative,8,14.589584350585938,4.569231986999512,0.20973454415798187
qwen2_5_0_5b_base,official_language:6,official_language,declarative,9,15.082372665405273,2.829831838607788,0.20683006942272186
qwen2_5_0_5b_base,official_language:6,official_language,declarative,10,15.593995094299316,4.069125652313232,0.20494922995567322
qwen2_5_0_5b_base,official_language:6,official_language,declarative,11,15.386499404907227,2.6720924377441406,0.1966109722852707
qwen2_5_0_5b_base,official_language:6,official_language,declarative,12,16.72165870666504,2.6102113723754883,0.19649478793144226
qwen2_5_0_5b_base,official_language:6,official_language,declarative,13,17.70330047607422,2.393202543258667,0.1967124044895172
qwen2_5_0_5b_base,official_language:6,official_language,declarative,14,19.36997413635254,4.615879058837891,0.22248850762844086
qwen2_5_0_5b_base,official_language:6,official_language,declarative,15,22.771163940429688,4.668188095092773,0.24516692757606506
qwen2_5_0_5b_base,official_language:6,official_language,declarative,16,25.84222412109375,1.7772302627563477,0.27204328775405884
qwen2_5_0_5b_base,official_language:6,official_language,declarative,17,30.263402938842773,5.00950288772583,0.2391478568315506
qwen2_5_0_5b_base,official_language:6,official_language,declarative,18,35.42081832885742,3.24017333984375,0.24791602790355682
qwen2_5_0_5b_base,official_language:6,official_language,declarative,19,41.844566345214844,3.47463321685791,0.2753469944000244
qwen2_5_0_5b_base,official_language:6,official_language,declarative,20,55.089080810546875,9.418163299560547,0.2912931740283966
qwen2_5_0_5b_base,official_language:6,official_language,declarative,21,78.37836456298828,13.62413215637207,0.27062132954597473
qwen2_5_0_5b_base,official_language:6,official_language,declarative,22,84.26944732666016,3.683417320251465,0.29946503043174744
qwen2_5_0_5b_base,official_language:6,official_language,declarative,23,295.3896484375,10.761170387268066,0.36095574498176575
qwen2_5_0_5b_base,official_language:6,official_language,qa,0,4.16580867767334,0.5480334162712097,0.1405777484178543
qwen2_5_0_5b_base,official_language:6,official_language,qa,1,6.934248924255371,2.8760437965393066,0.17627890408039093
qwen2_5_0_5b_base,official_language:6,official_language,qa,2,9.043797492980957,2.474121332168579,0.23508816957473755
qwen2_5_0_5b_base,official_language:6,official_language,qa,3,9.652915000915527,3.1937577724456787,0.22162891924381256
qwen2_5_0_5b_base,official_language:6,official_language,qa,4,10.365825653076172,2.5842607021331787,0.21266686916351318
qwen2_5_0_5b_base,official_language:6,official_language,qa,5,11.010159492492676,3.272488594055176,0.21145941317081451
qwen2_5_0_5b_base,official_language:6,official_language,qa,6,12.12462329864502,2.2808852195739746,0.2237844467163086
qwen2_5_0_5b_base,official_language:6,official_language,qa,7,12.32846450805664,2.1061718463897705,0.21972255408763885
qwen2_5_0_5b_base,official_language:6,official_language,qa,8,12.929607391357422,3.156801462173462,0.1973387748003006
qwen2_5_0_5b_base,official_language:6,official_language,qa,9,14.093169212341309,2.8100361824035645,0.2068823277950287
qwen2_5_0_5b_base,official_language:6,official_language,qa,10,13.132403373718262,3.1178128719329834,0.19620122015476227
qwen2_5_0_5b_base,official_language:6,official_language,qa,11,14.666552543640137,2.3529741764068604,0.206572487950325
qwen2_5_0_5b_base,official_language:6,official_language,qa,12,15.027756690979004,2.887639045715332,0.2101251631975174
qwen2_5_0_5b_base,official_language:6,official_language,qa,13,15.993534088134766,2.6142966747283936,0.21488328278064728
qwen2_5_0_5b_base,official_language:6,official_language,qa,14,19.235910415649414,6.629655361175537,0.23773325979709625
qwen2_5_0_5b_base,official_language:6,official_language,qa,15,21.83116340637207,4.662686824798584,0.25741270184516907
qwen2_5_0_5b_base,official_language:6,official_language,qa,16,24.17801284790039,2.1862330436706543,0.2791559398174286
qwen2_5_0_5b_base,official_language:6,official_language,qa,17,29.175382614135742,5.969170570373535,0.2490197718143463
qwen2_5_0_5b_base,official_language:6,official_language,qa,18,35.928165435791016,4.542491912841797,0.24519985914230347
qwen2_5_0_5b_base,official_language:6,official_language,qa,19,39.78276443481445,3.901305913925171,0.28497371077537537
qwen2_5_0_5b_base,official_language:6,official_language,qa,20,50.109188079833984,11.09602165222168,0.30098602175712585
qwen2_5_0_5b_base,official_language:6,official_language,qa,21,71.72624206542969,16.79359245300293,0.27801385521888733
qwen2_5_0_5b_base,official_language:6,official_language,qa,22,79.77996063232422,4.1046833992004395,0.35433873534202576
qwen2_5_0_5b_base,official_language:6,official_language,qa,23,284.7798767089844,12.725435256958008,0.39178308844566345
qwen2_5_0_5b_base,official_language:6,official_language,chat_template,0,3.6178958415985107,0.5924023389816284,0.10458427667617798
qwen2_5_0_5b_base,official_language:6,official_language,chat_template,1,6.841684818267822,2.8313770294189453,0.16739273071289062
qwen2_5_0_5b_base,official_language:6,official_language,chat_template,2,7.264408588409424,1.5119671821594238,0.1479404866695404
qwen2_5_0_5b_base,official_language:6,official_language,chat_template,3,8.385120391845703,2.3407936096191406,0.1705716848373413
qwen2_5_0_5b_base,official_language:6,official_language,chat_template,4,9.652729034423828,2.8648953437805176,0.1952371448278427
qwen2_5_0_5b_base,official_language:6,official_language,chat_template,5,10.731786727905273,4.0458269119262695,0.21165168285369873
qwen2_5_0_5b_base,official_language:6,official_language,chat_template,6,11.682635307312012,2.9648025035858154,0.2199774831533432
qwen2_5_0_5b_base,official_language:6,official_language,chat_template,7,13.072254180908203,3.5572640895843506,0.2211187332868576
qwen2_5_0_5b_base,official_language:6,official_language,chat_template,8,12.526311874389648,4.079255104064941,0.20111440122127533
qwen2_5_0_5b_base,official_language:6,official_language,chat_template,9,13.157339096069336,2.9942517280578613,0.20379561185836792
qwen2_5_0_5b_base,official_language:6,official_language,chat_template,10,14.345630645751953,4.243697166442871,0.20669011771678925
qwen2_5_0_5b_base,official_language:6,official_language,chat_template,11,14.57862663269043,2.4779746532440186,0.21784771978855133
qwen2_5_0_5b_base,official_language:6,official_language,chat_template,12,14.817924499511719,3.55163311958313,0.21502888202667236
qwen2_5_0_5b_base,official_language:6,official_language,chat_template,13,15.7405424118042,3.130237340927124,0.2218719720840454
qwen2_5_0_5b_base,official_language:6,official_language,chat_template,14,19.299171447753906,6.027533531188965,0.25024178624153137
qwen2_5_0_5b_base,official_language:6,official_language,chat_template,15,20.966079711914062,5.0913987159729,0.25517737865448
qwen2_5_0_5b_base,official_language:6,official_language,chat_template,16,23.06916618347168,2.937415599822998,0.2813074588775635
qwen2_5_0_5b_base,official_language:6,official_language,chat_template,17,29.140113830566406,5.378109931945801,0.254988431930542
qwen2_5_0_5b_base,official_language:6,official_language,chat_template,18,32.824398040771484,3.955247163772583,0.2432045191526413
qwen2_5_0_5b_base,official_language:6,official_language,chat_template,19,35.94654083251953,3.028524160385132,0.27448785305023193
qwen2_5_0_5b_base,official_language:6,official_language,chat_template,20,48.080528259277344,10.980539321899414,0.2892928123474121
qwen2_5_0_5b_base,official_language:6,official_language,chat_template,21,65.22295379638672,26.38500213623047,0.2533046007156372
qwen2_5_0_5b_base,official_language:6,official_language,chat_template,22,70.48268127441406,10.769997596740723,0.31373944878578186
qwen2_5_0_5b_base,official_language:6,official_language,chat_template,23,255.2090301513672,14.961177825927734,0.4038407802581787
qwen2_5_0_5b_base,official_language:7,official_language,raw_question,0,4.54940938949585,0.4336199462413788,0.1339111030101776
qwen2_5_0_5b_base,official_language:7,official_language,raw_question,1,8.168798446655273,2.875812292098999,0.167990043759346
qwen2_5_0_5b_base,official_language:7,official_language,raw_question,2,8.08830451965332,1.610997200012207,0.16983892023563385
qwen2_5_0_5b_base,official_language:7,official_language,raw_question,3,9.550328254699707,1.887635350227356,0.19167543947696686
qwen2_5_0_5b_base,official_language:7,official_language,raw_question,4,10.495634078979492,2.659525156021118,0.21231049299240112
qwen2_5_0_5b_base,official_language:7,official_language,raw_question,5,11.767301559448242,2.8592050075531006,0.2106582671403885
qwen2_5_0_5b_base,official_language:7,official_language,raw_question,6,13.186256408691406,1.9190053939819336,0.2187594324350357
qwen2_5_0_5b_base,official_language:7,official_language,raw_question,7,14.63555908203125,2.1281440258026123,0.21768750250339508
qwen2_5_0_5b_base,official_language:7,official_language,raw_question,8,14.873152732849121,3.584853410720825,0.20930202305316925
qwen2_5_0_5b_base,official_language:7,official_language,raw_question,9,15.323888778686523,2.8563072681427,0.20539717376232147
qwen2_5_0_5b_base,official_language:7,official_language,raw_question,10,14.942535400390625,3.52439284324646,0.19261984527111053
qwen2_5_0_5b_base,official_language:7,official_language,raw_question,11,15.194661140441895,2.4764773845672607,0.19206003844738007
qwen2_5_0_5b_base,official_language:7,official_language,raw_question,12,15.932201385498047,2.659693717956543,0.19898657500743866
qwen2_5_0_5b_base,official_language:7,official_language,raw_question,13,17.26447105407715,2.927311658859253,0.19804656505584717
qwen2_5_0_5b_base,official_language:7,official_language,raw_question,14,18.3575439453125,3.143578290939331,0.22175638377666473
qwen2_5_0_5b_base,official_language:7,official_language,raw_question,15,20.096595764160156,3.951425313949585,0.2441376894712448
qwen2_5_0_5b_base,official_language:7,official_language,raw_question,16,23.908466339111328,3.062272310256958,0.26527440547943115
qwen2_5_0_5b_base,official_language:7,official_language,raw_question,17,28.99987030029297,4.276181697845459,0.24508611857891083
qwen2_5_0_5b_base,official_language:7,official_language,raw_question,18,33.67029571533203,1.8372029066085815,0.23736846446990967
qwen2_5_0_5b_base,official_language:7,official_language,raw_question,19,37.678375244140625,3.4076783657073975,0.2671043872833252
qwen2_5_0_5b_base,official_language:7,official_language,raw_question,20,52.102699279785156,11.640408515930176,0.29193314909935
qwen2_5_0_5b_base,official_language:7,official_language,raw_question,21,74.33890533447266,17.79196548461914,0.2569611966609955
qwen2_5_0_5b_base,official_language:7,official_language,raw_question,22,79.53540802001953,5.741123199462891,0.2822779715061188
qwen2_5_0_5b_base,official_language:7,official_language,raw_question,23,259.5926513671875,12.428579330444336,0.382465124130249
qwen2_5_0_5b_base,official_language:7,official_language,declarative,0,5.111758232116699,0.4124271869659424,0.1378401219844818
qwen2_5_0_5b_base,official_language:7,official_language,declarative,1,8.112573623657227,2.894432544708252,0.16508857905864716
qwen2_5_0_5b_base,official_language:7,official_language,declarative,2,8.204694747924805,1.675149917602539,0.18260841071605682
qwen2_5_0_5b_base,official_language:7,official_language,declarative,3,9.857163429260254,2.2795610427856445,0.1936878114938736
qwen2_5_0_5b_base,official_language:7,official_language,declarative,4,11.187699317932129,3.941784381866455,0.22070187330245972
qwen2_5_0_5b_base,official_language:7,official_language,declarative,5,13.319209098815918,3.206730365753174,0.2195926159620285
qwen2_5_0_5b_base,official_language:7,official_language,declarative,6,14.134535789489746,2.818565845489502,0.2248668670654297
qwen2_5_0_5b_base,official_language:7,official_language,declarative,7,14.239341735839844,3.712674617767334,0.21893830597400665
qwen2_5_0_5b_base,official_language:7,official_language,declarative,8,14.367918968200684,4.445310115814209,0.20922516286373138
qwen2_5_0_5b_base,official_language:7,official_language,declarative,9,14.959386825561523,3.047659158706665,0.20870406925678253
qwen2_5_0_5b_base,official_language:7,official_language,declarative,10,15.33304500579834,4.089638710021973,0.20519104599952698
qwen2_5_0_5b_base,official_language:7,official_language,declarative,11,15.463977813720703,2.716510772705078,0.19784413278102875
qwen2_5_0_5b_base,official_language:7,official_language,declarative,12,16.645784378051758,2.7186594009399414,0.19734254479408264
qwen2_5_0_5b_base,official_language:7,official_language,declarative,13,17.589067459106445,2.4061930179595947,0.19517798721790314
qwen2_5_0_5b_base,official_language:7,official_language,declarative,14,19.066280364990234,5.266071796417236,0.22268569469451904
qwen2_5_0_5b_base,official_language:7,official_language,declarative,15,21.541776657104492,4.599822998046875,0.24550768733024597
qwen2_5_0_5b_base,official_language:7,official_language,declarative,16,25.47685432434082,1.8103801012039185,0.2687544822692871
qwen2_5_0_5b_base,official_language:7,official_language,declarative,17,30.094303131103516,5.388094425201416,0.2418540120124817
qwen2_5_0_5b_base,official_language:7,official_language,declarative,18,35.361759185791016,3.968160629272461,0.2495374232530594
qwen2_5_0_5b_base,official_language:7,official_language,declarative,19,42.08930587768555,3.7532999515533447,0.27648434042930603
qwen2_5_0_5b_base,official_language:7,official_language,declarative,20,56.02263641357422,10.032794952392578,0.2944543659687042
qwen2_5_0_5b_base,official_language:7,official_language,declarative,21,77.96524047851562,16.135873794555664,0.27562370896339417
qwen2_5_0_5b_base,official_language:7,official_language,declarative,22,84.21326446533203,3.816683530807495,0.31639471650123596
qwen2_5_0_5b_base,official_language:7,official_language,declarative,23,279.2496032714844,11.599262237548828,0.37214985489845276
qwen2_5_0_5b_base,official_language:7,official_language,qa,0,4.173530101776123,0.5425648093223572,0.1405453234910965
qwen2_5_0_5b_base,official_language:7,official_language,qa,1,6.926756381988525,2.873878240585327,0.17611809074878693
qwen2_5_0_5b_base,official_language:7,official_language,qa,2,8.900190353393555,2.389591693878174,0.232207253575325
qwen2_5_0_5b_base,official_language:7,official_language,qa,3,9.577713012695312,3.150944948196411,0.22038033604621887
qwen2_5_0_5b_base,official_language:7,official_language,qa,4,10.312679290771484,2.5573623180389404,0.2116651087999344
qwen2_5_0_5b_base,official_language:7,official_language,qa,5,11.046401977539062,3.2456889152526855,0.21150772273540497
qwen2_5_0_5b_base,official_language:7,official_language,qa,6,12.08133316040039,2.22524094581604,0.2222488820552826
qwen2_5_0_5b_base,official_language:7,official_language,qa,7,12.386778831481934,2.1074154376983643,0.21826139092445374
qwen2_5_0_5b_base,official_language:7,official_language,qa,8,12.964316368103027,3.163038492202759,0.19668586552143097
qwen2_5_0_5b_base,official_language:7,official_language,qa,9,14.018115997314453,2.9548025131225586,0.20507219433784485
qwen2_5_0_5b_base,official_language:7,official_language,qa,10,13.195423126220703,3.10540771484375,0.19283507764339447
qwen2_5_0_5b_base,official_language:7,official_language,qa,11,14.739169120788574,2.382619857788086,0.20367981493473053
qwen2_5_0_5b_base,official_language:7,official_language,qa,12,14.9993896484375,2.8381433486938477,0.20870326459407806
qwen2_5_0_5b_base,official_language:7,official_language,qa,13,15.974405288696289,2.527331590652466,0.21274787187576294
qwen2_5_0_5b_base,official_language:7,official_language,qa,14,19.042524337768555,6.200723171234131,0.23597119748592377
qwen2_5_0_5b_base,official_language:7,official_language,qa,15,21.40618324279785,4.68748140335083,0.25418898463249207
qwen2_5_0_5b_base,official_language:7,official_language,qa,16,24.162302017211914,2.480107307434082,0.2765153646469116
qwen2_5_0_5b_base,official_language:7,official_language,qa,17,29.523534774780273,5.442530632019043,0.25003865361213684
qwen2_5_0_5b_base,official_language:7,official_language,qa,18,35.33139419555664,3.91351318359375,0.24237830936908722
qwen2_5_0_5b_base,official_language:7,official_language,qa,19,39.58788299560547,3.9391252994537354,0.28234368562698364
qwen2_5_0_5b_base,official_language:7,official_language,qa,20,51.64625549316406,11.965920448303223,0.30307191610336304
qwen2_5_0_5b_base,official_language:7,official_language,qa,21,72.63816833496094,19.314443588256836,0.2784222662448883
qwen2_5_0_5b_base,official_language:7,official_language,qa,22,80.84265899658203,4.759890556335449,0.3416048288345337
qwen2_5_0_5b_base,official_language:7,official_language,qa,23,265.2867126464844,13.580391883850098,0.39229685068130493
qwen2_5_0_5b_base,official_language:7,official_language,chat_template,0,3.6188642978668213,0.5918768644332886,0.10464180260896683
qwen2_5_0_5b_base,official_language:7,official_language,chat_template,1,6.824336528778076,2.8363749980926514,0.16738469898700714
qwen2_5_0_5b_base,official_language:7,official_language,chat_template,2,7.267892837524414,1.5122929811477661,0.14850635826587677
qwen2_5_0_5b_base,official_language:7,official_language,chat_template,3,8.404479026794434,2.3411166667938232,0.17027230560779572
qwen2_5_0_5b_base,official_language:7,official_language,chat_template,4,9.692148208618164,2.8961281776428223,0.19556723535060883
qwen2_5_0_5b_base,official_language:7,official_language,chat_template,5,10.81063175201416,4.075425624847412,0.21169325709342957
qwen2_5_0_5b_base,official_language:7,official_language,chat_template,6,11.852749824523926,3.129716634750366,0.22038517892360687
qwen2_5_0_5b_base,official_language:7,official_language,chat_template,7,13.13985538482666,3.5446577072143555,0.2225802093744278
qwen2_5_0_5b_base,official_language:7,official_language,chat_template,8,12.649864196777344,4.126550197601318,0.2022576779127121
qwen2_5_0_5b_base,official_language:7,official_language,chat_template,9,13.267281532287598,3.064831018447876,0.20676863193511963
qwen2_5_0_5b_base,official_language:7,official_language,chat_template,10,14.41830825805664,4.323835372924805,0.20788082480430603
qwen2_5_0_5b_base,official_language:7,official_language,chat_template,11,14.970442771911621,2.50671124458313,0.22051118314266205
qwen2_5_0_5b_base,official_language:7,official_language,chat_template,12,14.846845626831055,3.589308738708496,0.21665211021900177
qwen2_5_0_5b_base,official_language:7,official_language,chat_template,13,15.80388355255127,3.1857354640960693,0.2225426584482193
qwen2_5_0_5b_base,official_language:7,official_language,chat_template,14,19.314739227294922,5.95204496383667,0.24928414821624756
qwen2_5_0_5b_base,official_language:7,official_language,chat_template,15,20.82621955871582,5.06416654586792,0.2549099028110504
qwen2_5_0_5b_base,official_language:7,official_language,chat_template,16,22.86280632019043,3.2264747619628906,0.2812589406967163
qwen2_5_0_5b_base,official_language:7,official_language,chat_template,17,29.235227584838867,5.446154594421387,0.25389063358306885
qwen2_5_0_5b_base,official_language:7,official_language,chat_template,18,32.88623046875,3.729159116744995,0.2409573644399643
qwen2_5_0_5b_base,official_language:7,official_language,chat_template,19,35.873233795166016,3.030003309249878,0.27261823415756226
qwen2_5_0_5b_base,official_language:7,official_language,chat_template,20,48.470951080322266,11.188085556030273,0.2880115211009979
qwen2_5_0_5b_base,official_language:7,official_language,chat_template,21,65.62813568115234,26.67362403869629,0.25030016899108887
qwen2_5_0_5b_base,official_language:7,official_language,chat_template,22,69.92057800292969,11.134209632873535,0.3149890899658203
qwen2_5_0_5b_base,official_language:7,official_language,chat_template,23,246.096435546875,14.881257057189941,0.4003033936023712
qwen2_5_0_5b_base,official_language:8,official_language,raw_question,0,4.47074556350708,0.4536200761795044,0.1361779123544693
qwen2_5_0_5b_base,official_language:8,official_language,raw_question,1,8.053121566772461,2.8987293243408203,0.16844187676906586
qwen2_5_0_5b_base,official_language:8,official_language,raw_question,2,8.013851165771484,1.5917679071426392,0.1712462306022644
qwen2_5_0_5b_base,official_language:8,official_language,raw_question,3,9.490646362304688,1.7844666242599487,0.19143211841583252
qwen2_5_0_5b_base,official_language:8,official_language,raw_question,4,10.663846015930176,2.6568684577941895,0.2114313542842865
qwen2_5_0_5b_base,official_language:8,official_language,raw_question,5,11.779579162597656,2.839989185333252,0.21054428815841675
qwen2_5_0_5b_base,official_language:8,official_language,raw_question,6,13.544032096862793,1.8906854391098022,0.22350989282131195
qwen2_5_0_5b_base,official_language:8,official_language,raw_question,7,15.106941223144531,2.3652989864349365,0.2232784926891327
qwen2_5_0_5b_base,official_language:8,official_language,raw_question,8,15.08717155456543,3.543087959289551,0.21061138808727264
qwen2_5_0_5b_base,official_language:8,official_language,raw_question,9,15.62382698059082,2.680117607116699,0.2069016993045807
qwen2_5_0_5b_base,official_language:8,official_language,raw_question,10,14.977362632751465,3.4974513053894043,0.19379007816314697
qwen2_5_0_5b_base,official_language:8,official_language,raw_question,11,15.321934700012207,2.4505615234375,0.19552959501743317
qwen2_5_0_5b_base,official_language:8,official_language,raw_question,12,15.954328536987305,2.6189026832580566,0.2009238749742508
qwen2_5_0_5b_base,official_language:8,official_language,raw_question,13,17.140256881713867,2.8679616451263428,0.20007407665252686
qwen2_5_0_5b_base,official_language:8,official_language,raw_question,14,18.36695671081543,3.112065076828003,0.22246229648590088
qwen2_5_0_5b_base,official_language:8,official_language,raw_question,15,20.21598243713379,3.9564192295074463,0.2431977242231369
qwen2_5_0_5b_base,official_language:8,official_language,raw_question,16,23.85338592529297,3.07875394821167,0.2653442323207855
qwen2_5_0_5b_base,official_language:8,official_language,raw_question,17,28.999588012695312,4.258838653564453,0.2472986876964569
qwen2_5_0_5b_base,official_language:8,official_language,raw_question,18,33.81898880004883,2.2609620094299316,0.24096077680587769
qwen2_5_0_5b_base,official_language:8,official_language,raw_question,19,37.21963882446289,3.268975257873535,0.27058735489845276
qwen2_5_0_5b_base,official_language:8,official_language,raw_question,20,50.57877731323242,11.263845443725586,0.2932908535003662
qwen2_5_0_5b_base,official_language:8,official_language,raw_question,21,71.94766235351562,15.84846019744873,0.25539565086364746
qwen2_5_0_5b_base,official_language:8,official_language,raw_question,22,77.12614440917969,5.022143363952637,0.2788970172405243
qwen2_5_0_5b_base,official_language:8,official_language,raw_question,23,288.9794616699219,10.27225399017334,0.3727829158306122
qwen2_5_0_5b_base,official_language:8,official_language,declarative,0,5.014906406402588,0.42558610439300537,0.13891543447971344
qwen2_5_0_5b_base,official_language:8,official_language,declarative,1,8.013204574584961,2.8693954944610596,0.16555194556713104
qwen2_5_0_5b_base,official_language:8,official_language,declarative,2,8.220538139343262,1.6872882843017578,0.18178866803646088
qwen2_5_0_5b_base,official_language:8,official_language,declarative,3,9.91240119934082,2.147249698638916,0.1945306360721588
qwen2_5_0_5b_base,official_language:8,official_language,declarative,4,11.3768310546875,3.901183605194092,0.21541059017181396
qwen2_5_0_5b_base,official_language:8,official_language,declarative,5,13.414355278015137,3.375622272491455,0.21899127960205078
qwen2_5_0_5b_base,official_language:8,official_language,declarative,6,14.136348724365234,2.654857635498047,0.2250913381576538
qwen2_5_0_5b_base,official_language:8,official_language,declarative,7,14.234060287475586,3.6778886318206787,0.21741409599781036
qwen2_5_0_5b_base,official_language:8,official_language,declarative,8,14.390852928161621,4.322125434875488,0.20939217507839203
qwen2_5_0_5b_base,official_language:8,official_language,declarative,9,14.973130226135254,2.9128034114837646,0.20731008052825928
qwen2_5_0_5b_base,official_language:8,official_language,declarative,10,15.603826522827148,4.255823135375977,0.2062724530696869
qwen2_5_0_5b_base,official_language:8,official_language,declarative,11,15.502466201782227,2.7108795642852783,0.19715742766857147
qwen2_5_0_5b_base,official_language:8,official_language,declarative,12,16.699909210205078,2.6507325172424316,0.19800762832164764
qwen2_5_0_5b_base,official_language:8,official_language,declarative,13,17.546655654907227,2.462998151779175,0.19639654457569122
qwen2_5_0_5b_base,official_language:8,official_language,declarative,14,19.195842742919922,4.82481050491333,0.22219552099704742
qwen2_5_0_5b_base,official_language:8,official_language,declarative,15,22.900468826293945,4.77601957321167,0.24482190608978271
qwen2_5_0_5b_base,official_language:8,official_language,declarative,16,26.05189323425293,1.862793207168579,0.2718411982059479
qwen2_5_0_5b_base,official_language:8,official_language,declarative,17,30.722440719604492,5.216191291809082,0.2377968579530716
qwen2_5_0_5b_base,official_language:8,official_language,declarative,18,35.87088394165039,3.5330312252044678,0.2468390017747879
qwen2_5_0_5b_base,official_language:8,official_language,declarative,19,42.204017639160156,3.6168177127838135,0.2737669348716736
qwen2_5_0_5b_base,official_language:8,official_language,declarative,20,56.05476760864258,10.675032615661621,0.29155272245407104
qwen2_5_0_5b_base,official_language:8,official_language,declarative,21,77.48432922363281,12.51205825805664,0.2689896523952484
qwen2_5_0_5b_base,official_language:8,official_language,declarative,22,82.95513153076172,3.9062647819519043,0.301260381937027
qwen2_5_0_5b_base,official_language:8,official_language,declarative,23,297.66864013671875,10.809330940246582,0.35957297682762146
qwen2_5_0_5b_base,official_language:8,official_language,qa,0,4.167727947235107,0.5499262809753418,0.14157266914844513
qwen2_5_0_5b_base,official_language:8,official_language,qa,1,6.93984317779541,2.8974287509918213,0.17663878202438354
qwen2_5_0_5b_base,official_language:8,official_language,qa,2,8.885802268981934,2.391718864440918,0.2311796098947525
qwen2_5_0_5b_base,official_language:8,official_language,qa,3,9.592432022094727,3.154054641723633,0.22008667886257172
qwen2_5_0_5b_base,official_language:8,official_language,qa,4,10.367742538452148,2.59240460395813,0.21179455518722534
qwen2_5_0_5b_base,official_language:8,official_language,qa,5,10.946456909179688,3.252375602722168,0.2114965319633484
qwen2_5_0_5b_base,official_language:8,official_language,qa,6,11.945671081542969,2.2102479934692383,0.2221895456314087
qwen2_5_0_5b_base,official_language:8,official_language,qa,7,12.371979713439941,2.116560697555542,0.21852919459342957
qwen2_5_0_5b_base,official_language:8,official_language,qa,8,12.88211441040039,3.2298765182495117,0.19785726070404053
qwen2_5_0_5b_base,official_language:8,official_language,qa,9,13.988414764404297,2.8395423889160156,0.20662373304367065
qwen2_5_0_5b_base,official_language:8,official_language,qa,10,13.119645118713379,3.1410112380981445,0.19463011622428894
qwen2_5_0_5b_base,official_language:8,official_language,qa,11,14.73971176147461,2.350027322769165,0.20605289936065674
qwen2_5_0_5b_base,official_language:8,official_language,qa,12,14.918350219726562,2.898669719696045,0.21011292934417725
qwen2_5_0_5b_base,official_language:8,official_language,qa,13,15.868497848510742,2.701296806335449,0.21423549950122833
qwen2_5_0_5b_base,official_language:8,official_language,qa,14,18.917388916015625,6.082958698272705,0.23527030646800995
qwen2_5_0_5b_base,official_language:8,official_language,qa,15,21.934873580932617,4.634954929351807,0.25484099984169006
qwen2_5_0_5b_base,official_language:8,official_language,qa,16,24.451133728027344,2.090935707092285,0.2761152386665344
qwen2_5_0_5b_base,official_language:8,official_language,qa,17,29.916093826293945,5.920900344848633,0.24818885326385498
qwen2_5_0_5b_base,official_language:8,official_language,qa,18,36.522239685058594,4.249945640563965,0.24517565965652466
qwen2_5_0_5b_base,official_language:8,official_language,qa,19,40.05442428588867,4.0576982498168945,0.2868412733078003
qwen2_5_0_5b_base,official_language:8,official_language,qa,20,51.524131774902344,12.286823272705078,0.3036550283432007
qwen2_5_0_5b_base,official_language:8,official_language,qa,21,69.5667495727539,15.236509323120117,0.27616751194000244
qwen2_5_0_5b_base,official_language:8,official_language,qa,22,77.06824493408203,3.6685569286346436,0.33715617656707764
qwen2_5_0_5b_base,official_language:8,official_language,qa,23,288.3349609375,13.057526588439941,0.3813035786151886
qwen2_5_0_5b_base,official_language:8,official_language,chat_template,0,3.613074541091919,0.5921779870986938,0.10467000305652618
qwen2_5_0_5b_base,official_language:8,official_language,chat_template,1,6.821685791015625,2.834076166152954,0.16723942756652832
qwen2_5_0_5b_base,official_language:8,official_language,chat_template,2,7.264968395233154,1.5124741792678833,0.14825539290905
qwen2_5_0_5b_base,official_language:8,official_language,chat_template,3,8.379837036132812,2.3350987434387207,0.17053112387657166
qwen2_5_0_5b_base,official_language:8,official_language,chat_template,4,9.660412788391113,2.886268138885498,0.19533099234104156
qwen2_5_0_5b_base,official_language:8,official_language,chat_template,5,10.811515808105469,4.119083404541016,0.2114277333021164
qwen2_5_0_5b_base,official_language:8,official_language,chat_template,6,11.679661750793457,2.8746414184570312,0.22014445066452026
qwen2_5_0_5b_base,official_language:8,official_language,chat_template,7,13.029807090759277,3.4581854343414307,0.22083649039268494
qwen2_5_0_5b_base,official_language:8,official_language,chat_template,8,12.583882331848145,4.102993488311768,0.20069918036460876
qwen2_5_0_5b_base,official_language:8,official_language,chat_template,9,13.239960670471191,3.041977882385254,0.2039801925420761
qwen2_5_0_5b_base,official_language:8,official_language,chat_template,10,14.389749526977539,4.2617292404174805,0.20761051774024963
qwen2_5_0_5b_base,official_language:8,official_language,chat_template,11,14.587691307067871,2.489016056060791,0.21787449717521667
qwen2_5_0_5b_base,official_language:8,official_language,chat_template,12,14.77966022491455,3.5500032901763916,0.21396219730377197
qwen2_5_0_5b_base,official_language:8,official_language,chat_template,13,15.710430145263672,3.1891982555389404,0.22133614122867584
qwen2_5_0_5b_base,official_language:8,official_language,chat_template,14,19.396127700805664,6.336474418640137,0.25036633014678955
qwen2_5_0_5b_base,official_language:8,official_language,chat_template,15,21.188743591308594,5.185591220855713,0.25448814034461975
qwen2_5_0_5b_base,official_language:8,official_language,chat_template,16,23.30722999572754,3.0476667881011963,0.28102150559425354
qwen2_5_0_5b_base,official_language:8,official_language,chat_template,17,29.1044864654541,5.384371757507324,0.2549189627170563
qwen2_5_0_5b_base,official_language:8,official_language,chat_template,18,32.809207916259766,4.186347961425781,0.24313582479953766
qwen2_5_0_5b_base,official_language:8,official_language,chat_template,19,35.82434844970703,3.03411602973938,0.27392780780792236
qwen2_5_0_5b_base,official_language:8,official_language,chat_template,20,47.98446273803711,10.671186447143555,0.2880999743938446
qwen2_5_0_5b_base,official_language:8,official_language,chat_template,21,64.8643798828125,27.795225143432617,0.24976004660129547
qwen2_5_0_5b_base,official_language:8,official_language,chat_template,22,69.1242904663086,10.124001502990723,0.3101867139339447
qwen2_5_0_5b_base,official_language:8,official_language,chat_template,23,247.90182495117188,13.040010452270508,0.39769700169563293
qwen2_5_0_5b_base,official_language:9,official_language,raw_question,0,4.531481742858887,0.4511837959289551,0.13309286534786224
qwen2_5_0_5b_base,official_language:9,official_language,raw_question,1,8.137277603149414,2.883328437805176,0.16735875606536865
qwen2_5_0_5b_base,official_language:9,official_language,raw_question,2,8.128809928894043,1.5766913890838623,0.17109127342700958
qwen2_5_0_5b_base,official_language:9,official_language,raw_question,3,9.527403831481934,1.8630707263946533,0.19179180264472961
qwen2_5_0_5b_base,official_language:9,official_language,raw_question,4,10.603570938110352,2.621119976043701,0.21217705309391022
qwen2_5_0_5b_base,official_language:9,official_language,raw_question,5,12.061416625976562,2.8887953758239746,0.21095095574855804
qwen2_5_0_5b_base,official_language:9,official_language,raw_question,6,13.660515785217285,1.839617133140564,0.22163641452789307
qwen2_5_0_5b_base,official_language:9,official_language,raw_question,7,15.036412239074707,2.2707035541534424,0.22156664729118347
qwen2_5_0_5b_base,official_language:9,official_language,raw_question,8,15.082764625549316,3.736027240753174,0.2102314829826355
qwen2_5_0_5b_base,official_language:9,official_language,raw_question,9,15.681666374206543,2.8720781803131104,0.20648491382598877
qwen2_5_0_5b_base,official_language:9,official_language,raw_question,10,15.169578552246094,3.5833005905151367,0.19352185726165771
qwen2_5_0_5b_base,official_language:9,official_language,raw_question,11,15.26922607421875,2.4343373775482178,0.19323831796646118
qwen2_5_0_5b_base,official_language:9,official_language,raw_question,12,15.975687980651855,2.5925986766815186,0.1995994597673416
qwen2_5_0_5b_base,official_language:9,official_language,raw_question,13,17.24000358581543,2.854224920272827,0.1983434557914734
qwen2_5_0_5b_base,official_language:9,official_language,raw_question,14,18.369029998779297,3.1638193130493164,0.22286395728588104
qwen2_5_0_5b_base,official_language:9,official_language,raw_question,15,20.18050193786621,3.9582133293151855,0.24411116540431976
qwen2_5_0_5b_base,official_language:9,official_language,raw_question,16,23.79458236694336,3.0425047874450684,0.2662636637687683
qwen2_5_0_5b_base,official_language:9,official_language,raw_question,17,28.891111373901367,4.243438243865967,0.24723391234874725
qwen2_5_0_5b_base,official_language:9,official_language,raw_question,18,33.37189483642578,2.13234806060791,0.24001455307006836
qwen2_5_0_5b_base,official_language:9,official_language,raw_question,19,37.210025787353516,3.634917974472046,0.26958414912223816
qwen2_5_0_5b_base,official_language:9,official_language,raw_question,20,51.58762741088867,11.381204605102539,0.29164448380470276
qwen2_5_0_5b_base,official_language:9,official_language,raw_question,21,73.31098937988281,15.368456840515137,0.25828275084495544
qwen2_5_0_5b_base,official_language:9,official_language,raw_question,22,78.23947143554688,5.405185699462891,0.27998197078704834
qwen2_5_0_5b_base,official_language:9,official_language,raw_question,23,285.4837951660156,11.647162437438965,0.3746057450771332
qwen2_5_0_5b_base,official_language:9,official_language,declarative,0,5.07771110534668,0.42638516426086426,0.13609972596168518
qwen2_5_0_5b_base,official_language:9,official_language,declarative,1,7.989761829376221,2.875596284866333,0.163998082280159
qwen2_5_0_5b_base,official_language:9,official_language,declarative,2,8.24898624420166,1.6717267036437988,0.18125970661640167
qwen2_5_0_5b_base,official_language:9,official_language,declarative,3,9.81454086303711,2.2196459770202637,0.19450139999389648
qwen2_5_0_5b_base,official_language:9,official_language,declarative,4,11.063841819763184,3.815732002258301,0.2179117202758789
qwen2_5_0_5b_base,official_language:9,official_language,declarative,5,13.199070930480957,3.2632226943969727,0.2185930460691452
qwen2_5_0_5b_base,official_language:9,official_language,declarative,6,14.07463264465332,2.6942920684814453,0.22361770272254944
qwen2_5_0_5b_base,official_language:9,official_language,declarative,7,14.190994262695312,3.7126500606536865,0.21792925894260406
qwen2_5_0_5b_base,official_language:9,official_language,declarative,8,14.348254203796387,4.351853847503662,0.20867441594600677
qwen2_5_0_5b_base,official_language:9,official_language,declarative,9,14.94017219543457,2.981041431427002,0.206229105591774
qwen2_5_0_5b_base,official_language:9,official_language,declarative,10,15.474449157714844,4.105029582977295,0.20450276136398315
qwen2_5_0_5b_base,official_language:9,official_language,declarative,11,15.229259490966797,2.626155138015747,0.19566471874713898
qwen2_5_0_5b_base,official_language:9,official_language,declarative,12,16.552616119384766,2.6678402423858643,0.1990024596452713
qwen2_5_0_5b_base,official_language:9,official_language,declarative,13,17.54744529724121,2.4055705070495605,0.1988951712846756
qwen2_5_0_5b_base,official_language:9,official_language,declarative,14,19.22064971923828,4.979430198669434,0.22252614796161652
qwen2_5_0_5b_base,official_language:9,official_language,declarative,15,22.613758087158203,4.486472129821777,0.2449885904788971
qwen2_5_0_5b_base,official_language:9,official_language,declarative,16,25.562936782836914,1.7234668731689453,0.27092447876930237
qwen2_5_0_5b_base,official_language:9,official_language,declarative,17,30.258464813232422,4.897489070892334,0.23933282494544983
qwen2_5_0_5b_base,official_language:9,official_language,declarative,18,35.26729965209961,3.231525421142578,0.24691471457481384
qwen2_5_0_5b_base,official_language:9,official_language,declarative,19,41.68815994262695,3.5084586143493652,0.2746644914150238
qwen2_5_0_5b_base,official_language:9,official_language,declarative,20,55.7726936340332,9.473872184753418,0.2897413671016693
qwen2_5_0_5b_base,official_language:9,official_language,declarative,21,78.2771987915039,11.803242683410645,0.27094289660453796
qwen2_5_0_5b_base,official_language:9,official_language,declarative,22,83.77434539794922,3.5297434329986572,0.29469719529151917
qwen2_5_0_5b_base,official_language:9,official_language,declarative,23,295.46234130859375,10.334090232849121,0.3596072494983673
qwen2_5_0_5b_base,official_language:9,official_language,qa,0,4.192668914794922,0.5507165789604187,0.13943955302238464
qwen2_5_0_5b_base,official_language:9,official_language,qa,1,6.957099914550781,2.8790831565856934,0.17558366060256958
qwen2_5_0_5b_base,official_language:9,official_language,qa,2,8.873873710632324,2.386772632598877,0.23096928000450134
qwen2_5_0_5b_base,official_language:9,official_language,qa,3,9.5556001663208,3.119910478591919,0.21981073915958405
qwen2_5_0_5b_base,official_language:9,official_language,qa,4,10.368935585021973,2.5832715034484863,0.21171459555625916
qwen2_5_0_5b_base,official_language:9,official_language,qa,5,10.89499568939209,3.218531608581543,0.2109297662973404
qwen2_5_0_5b_base,official_language:9,official_language,qa,6,11.994033813476562,2.2609541416168213,0.2227552831172943
qwen2_5_0_5b_base,official_language:9,official_language,qa,7,12.393479347229004,2.0980541706085205,0.21932446956634521
qwen2_5_0_5b_base,official_language:9,official_language,qa,8,13.011638641357422,3.1973869800567627,0.19881267845630646
qwen2_5_0_5b_base,official_language:9,official_language,qa,9,14.164140701293945,2.846972703933716,0.20770001411437988
qwen2_5_0_5b_base,official_language:9,official_language,qa,10,13.238553047180176,3.181378126144409,0.19558236002922058
qwen2_5_0_5b_base,official_language:9,official_language,qa,11,14.928000450134277,2.296755790710449,0.20885811746120453
qwen2_5_0_5b_base,official_language:9,official_language,qa,12,15.139115333557129,2.944349765777588,0.21273653209209442
qwen2_5_0_5b_base,official_language:9,official_language,qa,13,16.1163387298584,2.7561495304107666,0.21746735274791718
qwen2_5_0_5b_base,official_language:9,official_language,qa,14,19.303056716918945,6.376265048980713,0.2379249781370163
qwen2_5_0_5b_base,official_language:9,official_language,qa,15,21.82664680480957,4.582849979400635,0.2564437985420227
qwen2_5_0_5b_base,official_language:9,official_language,qa,16,24.548099517822266,2.0758309364318848,0.2781905233860016
qwen2_5_0_5b_base,official_language:9,official_language,qa,17,29.84034538269043,5.491558074951172,0.2506473958492279
qwen2_5_0_5b_base,official_language:9,official_language,qa,18,35.94902420043945,4.114560604095459,0.24447546899318695
qwen2_5_0_5b_base,official_language:9,official_language,qa,19,39.747283935546875,4.025404930114746,0.2860789895057678
qwen2_5_0_5b_base,official_language:9,official_language,qa,20,52.101444244384766,11.887842178344727,0.3024996817111969
qwen2_5_0_5b_base,official_language:9,official_language,qa,21,73.44436645507812,15.709617614746094,0.2792491018772125
qwen2_5_0_5b_base,official_language:9,official_language,qa,22,79.72653198242188,4.0455474853515625,0.3316574990749359
qwen2_5_0_5b_base,official_language:9,official_language,qa,23,286.2479248046875,12.749497413635254,0.3859873414039612
qwen2_5_0_5b_base,official_language:9,official_language,chat_template,0,3.620007276535034,0.5920359492301941,0.10455397516489029
qwen2_5_0_5b_base,official_language:9,official_language,chat_template,1,6.821811676025391,2.8344297409057617,0.16698168218135834
qwen2_5_0_5b_base,official_language:9,official_language,chat_template,2,7.277986526489258,1.5156514644622803,0.14808741211891174
qwen2_5_0_5b_base,official_language:9,official_language,chat_template,3,8.399923324584961,2.3494718074798584,0.17082421481609344
qwen2_5_0_5b_base,official_language:9,official_language,chat_template,4,9.70138168334961,2.9008052349090576,0.1952495127916336
qwen2_5_0_5b_base,official_language:9,official_language,chat_template,5,10.720784187316895,4.013741493225098,0.2117660939693451
qwen2_5_0_5b_base,official_language:9,official_language,chat_template,6,11.605836868286133,2.9618587493896484,0.2189255803823471
qwen2_5_0_5b_base,official_language:9,official_language,chat_template,7,13.091803550720215,3.5669102668762207,0.2213781476020813
qwen2_5_0_5b_base,official_language:9,official_language,chat_template,8,12.583403587341309,4.129456996917725,0.2016824632883072
qwen2_5_0_5b_base,official_language:9,official_language,chat_template,9,13.261706352233887,3.032078504562378,0.20581471920013428
qwen2_5_0_5b_base,official_language:9,official_language,chat_template,10,14.517289161682129,4.355157852172852,0.20818258821964264
qwen2_5_0_5b_base,official_language:9,official_language,chat_template,11,14.843587875366211,2.497626304626465,0.21975256502628326
qwen2_5_0_5b_base,official_language:9,official_language,chat_template,12,14.836784362792969,3.6105072498321533,0.21568386256694794
qwen2_5_0_5b_base,official_language:9,official_language,chat_template,13,15.739124298095703,3.131641149520874,0.22187483310699463
qwen2_5_0_5b_base,official_language:9,official_language,chat_template,14,19.35957908630371,6.071102142333984,0.24904988706111908
qwen2_5_0_5b_base,official_language:9,official_language,chat_template,15,21.020963668823242,5.086157321929932,0.2548675537109375
qwen2_5_0_5b_base,official_language:9,official_language,chat_template,16,23.126041412353516,3.1290197372436523,0.28128644824028015
qwen2_5_0_5b_base,official_language:9,official_language,chat_template,17,29.39259910583496,5.337833881378174,0.2546597123146057
qwen2_5_0_5b_base,official_language:9,official_language,chat_template,18,33.05510711669922,3.7875685691833496,0.2425238937139511
qwen2_5_0_5b_base,official_language:9,official_language,chat_template,19,36.1479606628418,3.041189432144165,0.2742367684841156
qwen2_5_0_5b_base,official_language:9,official_language,chat_template,20,49.23484802246094,10.793753623962402,0.28700220584869385
qwen2_5_0_5b_base,official_language:9,official_language,chat_template,21,65.27777099609375,25.069673538208008,0.2507481873035431
qwen2_5_0_5b_base,official_language:9,official_language,chat_template,22,70.21212005615234,11.03588581085205,0.30587685108184814
qwen2_5_0_5b_base,official_language:9,official_language,chat_template,23,250.53466796875,12.756645202636719,0.3977985680103302
qwen2_5_0_5b_base,official_language:10,official_language,raw_question,0,4.487619876861572,0.44067564606666565,0.13355977833271027
qwen2_5_0_5b_base,official_language:10,official_language,raw_question,1,8.14755630493164,2.8558857440948486,0.16816513240337372
qwen2_5_0_5b_base,official_language:10,official_language,raw_question,2,8.14361572265625,1.663089632987976,0.17185761034488678
qwen2_5_0_5b_base,official_language:10,official_language,raw_question,3,9.511012077331543,1.9078059196472168,0.19261568784713745
qwen2_5_0_5b_base,official_language:10,official_language,raw_question,4,10.605860710144043,2.789754629135132,0.21315178275108337
qwen2_5_0_5b_base,official_language:10,official_language,raw_question,5,11.817856788635254,2.8841373920440674,0.2111082524061203
qwen2_5_0_5b_base,official_language:10,official_language,raw_question,6,13.457276344299316,1.8509420156478882,0.22149166464805603
qwen2_5_0_5b_base,official_language:10,official_language,raw_question,7,14.97063159942627,2.3603286743164062,0.22195430099964142
qwen2_5_0_5b_base,official_language:10,official_language,raw_question,8,15.072809219360352,3.6764631271362305,0.21078194677829742
qwen2_5_0_5b_base,official_language:10,official_language,raw_question,9,15.4082612991333,2.751621723175049,0.206778883934021
qwen2_5_0_5b_base,official_language:10,official_language,raw_question,10,14.730751991271973,3.524944543838501,0.19275081157684326
qwen2_5_0_5b_base,official_language:10,official_language,raw_question,11,15.084263801574707,2.4358503818511963,0.19303563237190247
qwen2_5_0_5b_base,official_language:10,official_language,raw_question,12,15.67839241027832,2.6500065326690674,0.19981352984905243
qwen2_5_0_5b_base,official_language:10,official_language,raw_question,13,16.98908233642578,2.8818106651306152,0.19925671815872192
qwen2_5_0_5b_base,official_language:10,official_language,raw_question,14,18.265790939331055,3.1683030128479004,0.22282332181930542
qwen2_5_0_5b_base,official_language:10,official_language,raw_question,15,20.094711303710938,4.034067630767822,0.24496562778949738
qwen2_5_0_5b_base,official_language:10,official_language,raw_question,16,23.714492797851562,3.4256935119628906,0.2660989463329315
qwen2_5_0_5b_base,official_language:10,official_language,raw_question,17,28.83334732055664,4.2889018058776855,0.2464354932308197
qwen2_5_0_5b_base,official_language:10,official_language,raw_question,18,33.39067077636719,2.226625680923462,0.2398751974105835
qwen2_5_0_5b_base,official_language:10,official_language,raw_question,19,36.97840881347656,3.6898386478424072,0.26893356442451477
qwen2_5_0_5b_base,official_language:10,official_language,raw_question,20,51.418304443359375,11.778671264648438,0.2937600612640381
qwen2_5_0_5b_base,official_language:10,official_language,raw_question,21,73.09856414794922,17.79834747314453,0.2594687342643738
qwen2_5_0_5b_base,official_language:10,official_language,raw_question,22,79.20539855957031,6.601100921630859,0.28291448950767517
qwen2_5_0_5b_base,official_language:10,official_language,raw_question,23,267.974853515625,11.952136993408203,0.37722277641296387
qwen2_5_0_5b_base,official_language:10,official_language,declarative,0,5.065572738647461,0.40757814049720764,0.13707686960697174
qwen2_5_0_5b_base,official_language:10,official_language,declarative,1,8.173431396484375,2.860539197921753,0.16417808830738068
qwen2_5_0_5b_base,official_language:10,official_language,declarative,2,8.424165725708008,1.7635996341705322,0.18253859877586365
qwen2_5_0_5b_base,official_language:10,official_language,declarative,3,9.932585716247559,2.322120428085327,0.19446910917758942
qwen2_5_0_5b_base,official_language:10,official_language,declarative,4,11.286148071289062,3.8323185443878174,0.2212492823600769
qwen2_5_0_5b_base,official_language:10,official_language,declarative,5,13.248952865600586,3.1882574558258057,0.2183607518672943
qwen2_5_0_5b_base,official_language:10,official_language,declarative,6,14.298948287963867,2.81374454498291,0.22545166313648224
qwen2_5_0_5b_base,official_language:10,official_language,declarative,7,14.201451301574707,3.9954185485839844,0.2209380865097046
qwen2_5_0_5b_base,official_language:10,official_language,declarative,8,14.343253135681152,4.342748165130615,0.21110093593597412
qwen2_5_0_5b_base,official_language:10,official_language,declarative,9,15.030985832214355,3.018419027328491,0.20920845866203308
qwen2_5_0_5b_base,official_language:10,official_language,declarative,10,15.091546058654785,4.068097114562988,0.20513489842414856
qwen2_5_0_5b_base,official_language:10,official_language,declarative,11,15.05499267578125,2.6453909873962402,0.19558711349964142
qwen2_5_0_5b_base,official_language:10,official_language,declarative,12,16.194517135620117,2.8223021030426025,0.19564291834831238
qwen2_5_0_5b_base,official_language:10,official_language,declarative,13,17.296100616455078,2.4785099029541016,0.1947217434644699
qwen2_5_0_5b_base,official_language:10,official_language,declarative,14,18.89505958557129,4.587950229644775,0.21927019953727722
qwen2_5_0_5b_base,official_language:10,official_language,declarative,15,21.885196685791016,4.573631286621094,0.2448192834854126
qwen2_5_0_5b_base,official_language:10,official_language,declarative,16,25.497705459594727,1.4341604709625244,0.26717376708984375
qwen2_5_0_5b_base,official_language:10,official_language,declarative,17,29.838415145874023,5.219461917877197,0.2404099553823471
qwen2_5_0_5b_base,official_language:10,official_language,declarative,18,34.8553581237793,3.6044764518737793,0.24833939969539642
qwen2_5_0_5b_base,official_language:10,official_language,declarative,19,41.84943771362305,3.598094940185547,0.2748953402042389
qwen2_5_0_5b_base,official_language:10,official_language,declarative,20,56.228599548339844,9.382646560668945,0.28992265462875366
qwen2_5_0_5b_base,official_language:10,official_language,declarative,21,78.40828704833984,14.31363296508789,0.2716157138347626
qwen2_5_0_5b_base,official_language:10,official_language,declarative,22,83.89180755615234,3.682014226913452,0.29906725883483887
qwen2_5_0_5b_base,official_language:10,official_language,declarative,23,286.86181640625,11.204558372497559,0.3638860285282135
qwen2_5_0_5b_base,official_language:10,official_language,qa,0,4.154165744781494,0.5457333326339722,0.14102719724178314
qwen2_5_0_5b_base,official_language:10,official_language,qa,1,6.913167476654053,2.871259927749634,0.17543534934520721
qwen2_5_0_5b_base,official_language:10,official_language,qa,2,8.855216979980469,2.375103712081909,0.23085230588912964
qwen2_5_0_5b_base,official_language:10,official_language,qa,3,9.630936622619629,3.1375999450683594,0.21979303658008575
qwen2_5_0_5b_base,official_language:10,official_language,qa,4,10.313589096069336,2.6357643604278564,0.211846724152565
qwen2_5_0_5b_base,official_language:10,official_language,qa,5,10.944178581237793,3.266857624053955,0.211202472448349
qwen2_5_0_5b_base,official_language:10,official_language,qa,6,12.048887252807617,2.2897861003875732,0.22228030860424042
qwen2_5_0_5b_base,official_language:10,official_language,qa,7,12.297364234924316,2.169752836227417,0.21856069564819336
qwen2_5_0_5b_base,official_language:10,official_language,qa,8,12.903860092163086,3.164599657058716,0.19871000945568085
qwen2_5_0_5b_base,official_language:10,official_language,qa,9,13.961040496826172,2.9186646938323975,0.20648540556430817
qwen2_5_0_5b_base,official_language:10,official_language,qa,10,13.071640968322754,3.1749749183654785,0.19365200400352478
qwen2_5_0_5b_base,official_language:10,official_language,qa,11,14.78166389465332,2.377833843231201,0.20680320262908936
qwen2_5_0_5b_base,official_language:10,official_language,qa,12,15.041759490966797,2.8750991821289062,0.21136203408241272
qwen2_5_0_5b_base,official_language:10,official_language,qa,13,15.930045127868652,2.609017848968506,0.21554741263389587
qwen2_5_0_5b_base,official_language:10,official_language,qa,14,18.896526336669922,6.177576065063477,0.2375669777393341
qwen2_5_0_5b_base,official_language:10,official_language,qa,15,21.31924819946289,4.579469680786133,0.2549552917480469
qwen2_5_0_5b_base,official_language:10,official_language,qa,16,24.248659133911133,2.1561365127563477,0.2770530879497528
qwen2_5_0_5b_base,official_language:10,official_language,qa,17,29.430442810058594,5.442572116851807,0.2503417730331421
qwen2_5_0_5b_base,official_language:10,official_language,qa,18,35.28156280517578,4.203814506530762,0.24206793308258057
qwen2_5_0_5b_base,official_language:10,official_language,qa,19,40.11054992675781,4.188204288482666,0.2833561599254608
qwen2_5_0_5b_base,official_language:10,official_language,qa,20,52.193424224853516,12.008251190185547,0.3023301661014557
qwen2_5_0_5b_base,official_language:10,official_language,qa,21,73.54607391357422,19.05290412902832,0.2808021306991577
qwen2_5_0_5b_base,official_language:10,official_language,qa,22,81.34149169921875,5.265395164489746,0.34151870012283325
qwen2_5_0_5b_base,official_language:10,official_language,qa,23,267.83673095703125,13.450386047363281,0.3945826590061188
qwen2_5_0_5b_base,official_language:10,official_language,chat_template,0,3.607903480529785,0.5918375849723816,0.1046263575553894
qwen2_5_0_5b_base,official_language:10,official_language,chat_template,1,6.807684898376465,2.8261778354644775,0.1670592576265335
qwen2_5_0_5b_base,official_language:10,official_language,chat_template,2,7.257303714752197,1.5136946439743042,0.14811500906944275
qwen2_5_0_5b_base,official_language:10,official_language,chat_template,3,8.388402938842773,2.3455677032470703,0.17061567306518555
qwen2_5_0_5b_base,official_language:10,official_language,chat_template,4,9.722125053405762,2.9262773990631104,0.19551044702529907
qwen2_5_0_5b_base,official_language:10,official_language,chat_template,5,10.748448371887207,4.09097957611084,0.21185553073883057
qwen2_5_0_5b_base,official_language:10,official_language,chat_template,6,11.646512031555176,2.9494972229003906,0.21885263919830322
qwen2_5_0_5b_base,official_language:10,official_language,chat_template,7,13.101210594177246,3.4276890754699707,0.22031699120998383
qwen2_5_0_5b_base,official_language:10,official_language,chat_template,8,12.587394714355469,4.14622163772583,0.20183512568473816
qwen2_5_0_5b_base,official_language:10,official_language,chat_template,9,13.193753242492676,3.0072174072265625,0.20591597259044647
qwen2_5_0_5b_base,official_language:10,official_language,chat_template,10,14.394631385803223,4.230794429779053,0.20691092312335968
qwen2_5_0_5b_base,official_language:10,official_language,chat_template,11,14.812257766723633,2.5206310749053955,0.21920964121818542
qwen2_5_0_5b_base,official_language:10,official_language,chat_template,12,14.809707641601562,3.6223673820495605,0.21531420946121216
qwen2_5_0_5b_base,official_language:10,official_language,chat_template,13,15.704401016235352,3.1025609970092773,0.22120240330696106
qwen2_5_0_5b_base,official_language:10,official_language,chat_template,14,19.388153076171875,6.049063682556152,0.24984990060329437
qwen2_5_0_5b_base,official_language:10,official_language,chat_template,15,20.928056716918945,5.049130916595459,0.2559237778186798
qwen2_5_0_5b_base,official_language:10,official_language,chat_template,16,22.83820343017578,3.1408233642578125,0.28214049339294434
qwen2_5_0_5b_base,official_language:10,official_language,chat_template,17,29.179359436035156,5.399850845336914,0.2546766698360443
qwen2_5_0_5b_base,official_language:10,official_language,chat_template,18,32.85670471191406,3.863847255706787,0.2442389726638794
qwen2_5_0_5b_base,official_language:10,official_language,chat_template,19,36.06362533569336,3.155526876449585,0.2749650776386261
qwen2_5_0_5b_base,official_language:10,official_language,chat_template,20,49.48225021362305,11.318991661071777,0.289526104927063
qwen2_5_0_5b_base,official_language:10,official_language,chat_template,21,65.72096252441406,24.692340850830078,0.2510825991630554
qwen2_5_0_5b_base,official_language:10,official_language,chat_template,22,71.00636291503906,11.92555046081543,0.3092620372772217
qwen2_5_0_5b_base,official_language:10,official_language,chat_template,23,248.69412231445312,12.930588722229004,0.40551242232322693
qwen2_5_0_5b_base,official_language:11,official_language,raw_question,0,4.411708354949951,0.4466864764690399,0.1345013827085495
qwen2_5_0_5b_base,official_language:11,official_language,raw_question,1,8.056745529174805,2.8755438327789307,0.16844625771045685
qwen2_5_0_5b_base,official_language:11,official_language,raw_question,2,8.002361297607422,1.6349600553512573,0.17071838676929474
qwen2_5_0_5b_base,official_language:11,official_language,raw_question,3,9.473447799682617,1.8849008083343506,0.19159774482250214
qwen2_5_0_5b_base,official_language:11,official_language,raw_question,4,10.394989013671875,2.691828727722168,0.21214520931243896
qwen2_5_0_5b_base,official_language:11,official_language,raw_question,5,11.768735885620117,2.80259108543396,0.21225276589393616
qwen2_5_0_5b_base,official_language:11,official_language,raw_question,6,13.355234146118164,1.849802851676941,0.22138424217700958
qwen2_5_0_5b_base,official_language:11,official_language,raw_question,7,14.934770584106445,2.2198052406311035,0.22113074362277985
qwen2_5_0_5b_base,official_language:11,official_language,raw_question,8,15.07412052154541,3.664402723312378,0.21051163971424103
qwen2_5_0_5b_base,official_language:11,official_language,raw_question,9,15.381258964538574,2.6456658840179443,0.20604225993156433
qwen2_5_0_5b_base,official_language:11,official_language,raw_question,10,14.972411155700684,3.499356508255005,0.19281259179115295
qwen2_5_0_5b_base,official_language:11,official_language,raw_question,11,15.169697761535645,2.4486706256866455,0.19361166656017303
qwen2_5_0_5b_base,official_language:11,official_language,raw_question,12,15.933860778808594,2.6712377071380615,0.20136132836341858
qwen2_5_0_5b_base,official_language:11,official_language,raw_question,13,17.127004623413086,2.8328120708465576,0.20156808197498322
qwen2_5_0_5b_base,official_language:11,official_language,raw_question,14,18.123153686523438,3.232306718826294,0.22298434376716614
qwen2_5_0_5b_base,official_language:11,official_language,raw_question,15,19.36131477355957,3.972764253616333,0.24419468641281128
qwen2_5_0_5b_base,official_language:11,official_language,raw_question,16,22.720287322998047,2.642061710357666,0.26489201188087463
qwen2_5_0_5b_base,official_language:11,official_language,raw_question,17,27.664108276367188,4.09847354888916,0.24555040895938873
qwen2_5_0_5b_base,official_language:11,official_language,raw_question,18,31.993906021118164,1.845802903175354,0.24128830432891846
qwen2_5_0_5b_base,official_language:11,official_language,raw_question,19,35.86945343017578,3.8037219047546387,0.27168840169906616
qwen2_5_0_5b_base,official_language:11,official_language,raw_question,20,50.20269775390625,12.529009819030762,0.29307758808135986
qwen2_5_0_5b_base,official_language:11,official_language,raw_question,21,72.3052978515625,16.087263107299805,0.25578588247299194
qwen2_5_0_5b_base,official_language:11,official_language,raw_question,22,77.21052551269531,6.750536918640137,0.28581273555755615
qwen2_5_0_5b_base,official_language:11,official_language,raw_question,23,285.9045715332031,11.479501724243164,0.3756089508533478
qwen2_5_0_5b_base,official_language:11,official_language,declarative,0,4.899196624755859,0.4244322180747986,0.13897636532783508
qwen2_5_0_5b_base,official_language:11,official_language,declarative,1,8.011733055114746,2.849222421646118,0.16443794965744019
qwen2_5_0_5b_base,official_language:11,official_language,declarative,2,8.29814338684082,1.7438457012176514,0.1829761415719986
qwen2_5_0_5b_base,official_language:11,official_language,declarative,3,9.819180488586426,2.3599534034729004,0.19404089450836182
qwen2_5_0_5b_base,official_language:11,official_language,declarative,4,11.13184928894043,3.819856643676758,0.21851705014705658
qwen2_5_0_5b_base,official_language:11,official_language,declarative,5,12.615984916687012,3.1814894676208496,0.21774841845035553
qwen2_5_0_5b_base,official_language:11,official_language,declarative,6,14.000441551208496,2.8909802436828613,0.22131574153900146
qwen2_5_0_5b_base,official_language:11,official_language,declarative,7,14.247109413146973,3.7778515815734863,0.2175089716911316
qwen2_5_0_5b_base,official_language:11,official_language,declarative,8,14.37712287902832,4.379487037658691,0.21048086881637573
qwen2_5_0_5b_base,official_language:11,official_language,declarative,9,15.147740364074707,3.1536855697631836,0.20806677639484406
qwen2_5_0_5b_base,official_language:11,official_language,declarative,10,15.852639198303223,4.253018379211426,0.20635062456130981
qwen2_5_0_5b_base,official_language:11,official_language,declarative,11,15.56983757019043,2.8838820457458496,0.1949174404144287
qwen2_5_0_5b_base,official_language:11,official_language,declarative,12,16.747745513916016,2.9331700801849365,0.19820088148117065
qwen2_5_0_5b_base,official_language:11,official_language,declarative,13,17.626728057861328,2.349020004272461,0.19860580563545227
qwen2_5_0_5b_base,official_language:11,official_language,declarative,14,19.056882858276367,4.678866386413574,0.22382324934005737
qwen2_5_0_5b_base,official_language:11,official_language,declarative,15,22.77315330505371,4.572135925292969,0.24702633917331696
qwen2_5_0_5b_base,official_language:11,official_language,declarative,16,25.91217613220215,1.412287950515747,0.27547308802604675
qwen2_5_0_5b_base,official_language:11,official_language,declarative,17,30.74669075012207,4.933815002441406,0.23794662952423096
qwen2_5_0_5b_base,official_language:11,official_language,declarative,18,35.34074401855469,2.827972173690796,0.24696382880210876
qwen2_5_0_5b_base,official_language:11,official_language,declarative,19,41.46146774291992,3.2201547622680664,0.27534735202789307
qwen2_5_0_5b_base,official_language:11,official_language,declarative,20,54.66818618774414,10.84206771850586,0.2899261713027954
qwen2_5_0_5b_base,official_language:11,official_language,declarative,21,77.5479736328125,14.450637817382812,0.2664695978164673
qwen2_5_0_5b_base,official_language:11,official_language,declarative,22,82.39592742919922,3.5409653186798096,0.2961961627006531
qwen2_5_0_5b_base,official_language:11,official_language,declarative,23,302.2397766113281,10.823369979858398,0.36168769001960754
qwen2_5_0_5b_base,official_language:11,official_language,qa,0,4.130331516265869,0.550040602684021,0.14023618400096893
qwen2_5_0_5b_base,official_language:11,official_language,qa,1,6.929558753967285,2.8772222995758057,0.17629583179950714
qwen2_5_0_5b_base,official_language:11,official_language,qa,2,8.859445571899414,2.4052748680114746,0.23182329535484314
qwen2_5_0_5b_base,official_language:11,official_language,qa,3,9.518539428710938,3.17931866645813,0.22054557502269745
qwen2_5_0_5b_base,official_language:11,official_language,qa,4,10.278059005737305,2.5990536212921143,0.21215564012527466
qwen2_5_0_5b_base,official_language:11,official_language,qa,5,10.929287910461426,3.180860996246338,0.21167132258415222
qwen2_5_0_5b_base,official_language:11,official_language,qa,6,12.096325874328613,2.3006012439727783,0.22208838164806366
qwen2_5_0_5b_base,official_language:11,official_language,qa,7,12.381766319274902,2.0560238361358643,0.21874357759952545
qwen2_5_0_5b_base,official_language:11,official_language,qa,8,12.802377700805664,3.1611456871032715,0.1971569061279297
qwen2_5_0_5b_base,official_language:11,official_language,qa,9,14.007197380065918,2.849107027053833,0.20593367516994476
qwen2_5_0_5b_base,official_language:11,official_language,qa,10,13.1356782913208,3.1024975776672363,0.1945858895778656
qwen2_5_0_5b_base,official_language:11,official_language,qa,11,14.666261672973633,2.353078842163086,0.20508435368537903
qwen2_5_0_5b_base,official_language:11,official_language,qa,12,15.071670532226562,2.904554843902588,0.21060781180858612
qwen2_5_0_5b_base,official_language:11,official_language,qa,13,15.955997467041016,2.610746383666992,0.2155781239271164
qwen2_5_0_5b_base,official_language:11,official_language,qa,14,18.94512367248535,6.101560115814209,0.23829427361488342
qwen2_5_0_5b_base,official_language:11,official_language,qa,15,21.59066390991211,4.69003438949585,0.25689697265625
qwen2_5_0_5b_base,official_language:11,official_language,qa,16,24.377525329589844,1.9708895683288574,0.27914080023765564
qwen2_5_0_5b_base,official_language:11,official_language,qa,17,29.44417953491211,5.607492446899414,0.24856090545654297
qwen2_5_0_5b_base,official_language:11,official_language,qa,18,35.27108383178711,4.019977569580078,0.24320195615291595
qwen2_5_0_5b_base,official_language:11,official_language,qa,19,39.603572845458984,3.9065937995910645,0.2853947579860687
qwen2_5_0_5b_base,official_language:11,official_language,qa,20,50.751487731933594,12.450024604797363,0.3027549684047699
qwen2_5_0_5b_base,official_language:11,official_language,qa,21,72.86103820800781,18.21837043762207,0.272672563791275
qwen2_5_0_5b_base,official_language:11,official_language,qa,22,80.19216918945312,5.60088586807251,0.3444039523601532
qwen2_5_0_5b_base,official_language:11,official_language,qa,23,295.2180480957031,13.304920196533203,0.39413338899612427
qwen2_5_0_5b_base,official_language:11,official_language,chat_template,0,3.617279529571533,0.5920962691307068,0.10476984083652496
qwen2_5_0_5b_base,official_language:11,official_language,chat_template,1,6.820359706878662,2.837315559387207,0.16735385358333588
qwen2_5_0_5b_base,official_language:11,official_language,chat_template,2,7.27193546295166,1.505851149559021,0.1480477750301361
qwen2_5_0_5b_base,official_language:11,official_language,chat_template,3,8.402229309082031,2.3438327312469482,0.17054495215415955
qwen2_5_0_5b_base,official_language:11,official_language,chat_template,4,9.639211654663086,2.8748347759246826,0.19501975178718567
qwen2_5_0_5b_base,official_language:11,official_language,chat_template,5,10.743668556213379,4.059749603271484,0.21170490980148315
qwen2_5_0_5b_base,official_language:11,official_language,chat_template,6,11.693672180175781,2.988459348678589,0.2200283259153366
qwen2_5_0_5b_base,official_language:11,official_language,chat_template,7,13.032806396484375,3.508638858795166,0.22135639190673828
qwen2_5_0_5b_base,official_language:11,official_language,chat_template,8,12.580525398254395,4.124539375305176,0.20109573006629944
qwen2_5_0_5b_base,official_language:11,official_language,chat_template,9,13.296109199523926,3.031095266342163,0.20506349205970764
qwen2_5_0_5b_base,official_language:11,official_language,chat_template,10,14.423789024353027,4.2537736892700195,0.20746774971485138
qwen2_5_0_5b_base,official_language:11,official_language,chat_template,11,14.894248008728027,2.496258020401001,0.2191678136587143
qwen2_5_0_5b_base,official_language:11,official_language,chat_template,12,14.826905250549316,3.6177308559417725,0.21582618355751038
qwen2_5_0_5b_base,official_language:11,official_language,chat_template,13,15.78029727935791,3.1986799240112305,0.22246965765953064
qwen2_5_0_5b_base,official_language:11,official_language,chat_template,14,19.258750915527344,5.858144283294678,0.248801589012146
qwen2_5_0_5b_base,official_language:11,official_language,chat_template,15,20.899188995361328,5.152352809906006,0.25431305170059204
qwen2_5_0_5b_base,official_language:11,official_language,chat_template,16,23.03182029724121,3.0969278812408447,0.2803861200809479
qwen2_5_0_5b_base,official_language:11,official_language,chat_template,17,29.01594352722168,5.354504585266113,0.2544423043727875
qwen2_5_0_5b_base,official_language:11,official_language,chat_template,18,32.70085906982422,3.7663285732269287,0.24223896861076355
qwen2_5_0_5b_base,official_language:11,official_language,chat_template,19,36.009586334228516,3.1311845779418945,0.273646742105484
qwen2_5_0_5b_base,official_language:11,official_language,chat_template,20,48.3494873046875,11.356645584106445,0.28788405656814575
qwen2_5_0_5b_base,official_language:11,official_language,chat_template,21,65.35987091064453,26.061561584472656,0.25080153346061707
qwen2_5_0_5b_base,official_language:11,official_language,chat_template,22,68.92935943603516,10.214488983154297,0.31236979365348816
qwen2_5_0_5b_base,official_language:11,official_language,chat_template,23,251.44766235351562,14.089407920837402,0.4018076956272125
qwen2_5_0_5b_base,official_language:12,official_language,raw_question,0,4.588401794433594,0.435663640499115,0.1342841237783432
qwen2_5_0_5b_base,official_language:12,official_language,raw_question,1,8.16278076171875,2.8791158199310303,0.16826318204402924
qwen2_5_0_5b_base,official_language:12,official_language,raw_question,2,8.083142280578613,1.6030889749526978,0.17117798328399658
qwen2_5_0_5b_base,official_language:12,official_language,raw_question,3,9.495613098144531,1.9176523685455322,0.19197261333465576
qwen2_5_0_5b_base,official_language:12,official_language,raw_question,4,10.558871269226074,2.658541202545166,0.21293970942497253
qwen2_5_0_5b_base,official_language:12,official_language,raw_question,5,11.78132152557373,2.833212375640869,0.21119675040245056
qwen2_5_0_5b_base,official_language:12,official_language,raw_question,6,13.48088264465332,1.8681391477584839,0.22173701226711273
qwen2_5_0_5b_base,official_language:12,official_language,raw_question,7,14.938727378845215,2.165560722351074,0.22100085020065308
qwen2_5_0_5b_base,official_language:12,official_language,raw_question,8,15.244978904724121,3.6851096153259277,0.2112089991569519
qwen2_5_0_5b_base,official_language:12,official_language,raw_question,9,15.590144157409668,2.7365002632141113,0.20577871799468994
qwen2_5_0_5b_base,official_language:12,official_language,raw_question,10,14.866067886352539,3.5208921432495117,0.1932002454996109
qwen2_5_0_5b_base,official_language:12,official_language,raw_question,11,15.060805320739746,2.4384067058563232,0.19218425452709198
qwen2_5_0_5b_base,official_language:12,official_language,raw_question,12,15.805326461791992,2.6607680320739746,0.19932854175567627
qwen2_5_0_5b_base,official_language:12,official_language,raw_question,13,17.038511276245117,2.9056315422058105,0.19957062602043152
qwen2_5_0_5b_base,official_language:12,official_language,raw_question,14,18.15665626525879,3.1525537967681885,0.22247524559497833
qwen2_5_0_5b_base,official_language:12,official_language,raw_question,15,19.794904708862305,3.9232192039489746,0.2439958155155182
qwen2_5_0_5b_base,official_language:12,official_language,raw_question,16,23.37844467163086,3.0987913608551025,0.26606103777885437
qwen2_5_0_5b_base,official_language:12,official_language,raw_question,17,28.47774887084961,4.155832767486572,0.2465895414352417
qwen2_5_0_5b_base,official_language:12,official_language,raw_question,18,32.93495559692383,2.029024839401245,0.23998968303203583
qwen2_5_0_5b_base,official_language:12,official_language,raw_question,19,36.9705924987793,3.7689497470855713,0.2692106366157532
qwen2_5_0_5b_base,official_language:12,official_language,raw_question,20,51.312713623046875,11.705903053283691,0.29140669107437134
qwen2_5_0_5b_base,official_language:12,official_language,raw_question,21,73.29016876220703,16.312725067138672,0.25531092286109924
qwen2_5_0_5b_base,official_language:12,official_language,raw_question,22,78.2929916381836,7.623162269592285,0.28487151861190796
qwen2_5_0_5b_base,official_language:12,official_language,raw_question,23,266.932861328125,12.197166442871094,0.3774380385875702
qwen2_5_0_5b_base,official_language:12,official_language,declarative,0,5.166213512420654,0.40582653880119324,0.13642597198486328
qwen2_5_0_5b_base,official_language:12,official_language,declarative,1,8.139533042907715,2.8279712200164795,0.1642046868801117
qwen2_5_0_5b_base,official_language:12,official_language,declarative,2,8.301199913024902,1.6625181436538696,0.1849520057439804
qwen2_5_0_5b_base,official_language:12,official_language,declarative,3,9.900562286376953,2.280109167098999,0.19320301711559296
qwen2_5_0_5b_base,official_language:12,official_language,declarative,4,11.01856517791748,3.8481662273406982,0.2190074473619461
qwen2_5_0_5b_base,official_language:12,official_language,declarative,5,13.003387451171875,3.219862937927246,0.21836581826210022
qwen2_5_0_5b_base,official_language:12,official_language,declarative,6,13.967331886291504,2.769754648208618,0.22580048441886902
qwen2_5_0_5b_base,official_language:12,official_language,declarative,7,14.238349914550781,3.8274588584899902,0.21931929886341095
qwen2_5_0_5b_base,official_language:12,official_language,declarative,8,14.459505081176758,4.598243236541748,0.2114904820919037
qwen2_5_0_5b_base,official_language:12,official_language,declarative,9,14.987335205078125,3.0611095428466797,0.2082284539937973
qwen2_5_0_5b_base,official_language:12,official_language,declarative,10,15.500821113586426,4.084564685821533,0.20614413917064667
qwen2_5_0_5b_base,official_language:12,official_language,declarative,11,15.434041023254395,2.732081174850464,0.19584135711193085
qwen2_5_0_5b_base,official_language:12,official_language,declarative,12,16.819568634033203,2.799685001373291,0.19959907233715057
qwen2_5_0_5b_base,official_language:12,official_language,declarative,13,17.631898880004883,2.284346580505371,0.20039933919906616
qwen2_5_0_5b_base,official_language:12,official_language,declarative,14,19.399967193603516,5.563812732696533,0.2269442230463028
qwen2_5_0_5b_base,official_language:12,official_language,declarative,15,22.43568229675293,4.418160915374756,0.24771100282669067
qwen2_5_0_5b_base,official_language:12,official_language,declarative,16,25.547208786010742,1.8875890970230103,0.27597668766975403
qwen2_5_0_5b_base,official_language:12,official_language,declarative,17,30.815439224243164,5.304725646972656,0.24028459191322327
qwen2_5_0_5b_base,official_language:12,official_language,declarative,18,35.67039108276367,3.1517491340637207,0.24770565330982208
qwen2_5_0_5b_base,official_language:12,official_language,declarative,19,40.98514938354492,3.4860727787017822,0.27448776364326477
qwen2_5_0_5b_base,official_language:12,official_language,declarative,20,53.59348678588867,9.678276062011719,0.2902751863002777
qwen2_5_0_5b_base,official_language:12,official_language,declarative,21,75.6566162109375,14.986981391906738,0.2707744538784027
qwen2_5_0_5b_base,official_language:12,official_language,declarative,22,81.0965576171875,4.076408863067627,0.3130831718444824
qwen2_5_0_5b_base,official_language:12,official_language,declarative,23,284.2889404296875,11.383224487304688,0.3621520400047302
qwen2_5_0_5b_base,official_language:12,official_language,qa,0,4.143921375274658,0.5450139045715332,0.14244574308395386
qwen2_5_0_5b_base,official_language:12,official_language,qa,1,6.9079084396362305,2.871368646621704,0.176446795463562
qwen2_5_0_5b_base,official_language:12,official_language,qa,2,8.890049934387207,2.4136879444122314,0.23262129724025726
qwen2_5_0_5b_base,official_language:12,official_language,qa,3,9.583090782165527,3.1741366386413574,0.22033683955669403
qwen2_5_0_5b_base,official_language:12,official_language,qa,4,10.30648422241211,2.5894248485565186,0.21167592704296112
qwen2_5_0_5b_base,official_language:12,official_language,qa,5,11.020722389221191,3.250504970550537,0.21176111698150635
qwen2_5_0_5b_base,official_language:12,official_language,qa,6,12.169878959655762,2.2848212718963623,0.22293266654014587
qwen2_5_0_5b_base,official_language:12,official_language,qa,7,12.3616361618042,2.2114603519439697,0.21938037872314453
qwen2_5_0_5b_base,official_language:12,official_language,qa,8,12.858054161071777,3.1664235591888428,0.1984567940235138
qwen2_5_0_5b_base,official_language:12,official_language,qa,9,14.04907512664795,2.9045307636260986,0.2069196254014969
qwen2_5_0_5b_base,official_language:12,official_language,qa,10,13.126480102539062,3.1095035076141357,0.19560077786445618
qwen2_5_0_5b_base,official_language:12,official_language,qa,11,14.770808219909668,2.377701997756958,0.20685473084449768
qwen2_5_0_5b_base,official_language:12,official_language,qa,12,15.058032035827637,2.9662067890167236,0.21224363148212433
qwen2_5_0_5b_base,official_language:12,official_language,qa,13,15.992253303527832,2.631214141845703,0.21611110866069794
qwen2_5_0_5b_base,official_language:12,official_language,qa,14,18.982044219970703,6.049130916595459,0.23795108497142792
qwen2_5_0_5b_base,official_language:12,official_language,qa,15,21.467042922973633,4.630805015563965,0.25587597489356995
qwen2_5_0_5b_base,official_language:12,official_language,qa,16,24.383026123046875,2.397310495376587,0.2785758972167969
qwen2_5_0_5b_base,official_language:12,official_language,qa,17,29.547216415405273,5.252385139465332,0.25006964802742004
qwen2_5_0_5b_base,official_language:12,official_language,qa,18,35.56761932373047,4.364369869232178,0.24328701198101044
qwen2_5_0_5b_base,official_language:12,official_language,qa,19,40.0380859375,4.0180277824401855,0.2838102877140045
qwen2_5_0_5b_base,official_language:12,official_language,qa,20,52.047889709472656,12.387876510620117,0.3025650084018707
qwen2_5_0_5b_base,official_language:12,official_language,qa,21,73.83881378173828,17.90192413330078,0.27525782585144043
qwen2_5_0_5b_base,official_language:12,official_language,qa,22,79.81542205810547,5.543687343597412,0.33441978693008423
qwen2_5_0_5b_base,official_language:12,official_language,qa,23,272.6286315917969,14.21971321105957,0.38735318183898926
qwen2_5_0_5b_base,official_language:12,official_language,chat_template,0,3.6089301109313965,0.5922995805740356,0.10470455884933472
qwen2_5_0_5b_base,official_language:12,official_language,chat_template,1,6.802717685699463,2.832695722579956,0.16758479177951813
qwen2_5_0_5b_base,official_language:12,official_language,chat_template,2,7.265546798706055,1.5163484811782837,0.148354172706604
qwen2_5_0_5b_base,official_language:12,official_language,chat_template,3,8.38669490814209,2.343780517578125,0.1708679497241974
qwen2_5_0_5b_base,official_language:12,official_language,chat_template,4,9.682971000671387,2.8845889568328857,0.19513487815856934
qwen2_5_0_5b_base,official_language:12,official_language,chat_template,5,10.747600555419922,4.09342098236084,0.21153207123279572
qwen2_5_0_5b_base,official_language:12,official_language,chat_template,6,11.708478927612305,3.058220863342285,0.22001467645168304
qwen2_5_0_5b_base,official_language:12,official_language,chat_template,7,13.129666328430176,3.5112738609313965,0.2215740829706192
qwen2_5_0_5b_base,official_language:12,official_language,chat_template,8,12.580754280090332,4.136603832244873,0.20295220613479614
qwen2_5_0_5b_base,official_language:12,official_language,chat_template,9,13.272974967956543,3.089721918106079,0.20655818283557892
qwen2_5_0_5b_base,official_language:12,official_language,chat_template,10,14.392998695373535,4.291683673858643,0.20820458233356476
qwen2_5_0_5b_base,official_language:12,official_language,chat_template,11,14.6744966506958,2.5265018939971924,0.21929912269115448
qwen2_5_0_5b_base,official_language:12,official_language,chat_template,12,14.70473575592041,3.5343711376190186,0.21533183753490448
qwen2_5_0_5b_base,official_language:12,official_language,chat_template,13,15.712141036987305,3.1436574459075928,0.22153206169605255
qwen2_5_0_5b_base,official_language:12,official_language,chat_template,14,19.295677185058594,5.865225791931152,0.24939581751823425
qwen2_5_0_5b_base,official_language:12,official_language,chat_template,15,20.877180099487305,5.075896739959717,0.2550486624240875
qwen2_5_0_5b_base,official_language:12,official_language,chat_template,16,22.92473030090332,3.0811026096343994,0.28157103061676025
qwen2_5_0_5b_base,official_language:12,official_language,chat_template,17,29.236480712890625,5.367465496063232,0.2550241947174072
qwen2_5_0_5b_base,official_language:12,official_language,chat_template,18,32.805755615234375,3.789454936981201,0.24259014427661896
qwen2_5_0_5b_base,official_language:12,official_language,chat_template,19,36.01103210449219,3.2086243629455566,0.27391186356544495
qwen2_5_0_5b_base,official_language:12,official_language,chat_template,20,48.867279052734375,11.27774429321289,0.2880597710609436
qwen2_5_0_5b_base,official_language:12,official_language,chat_template,21,65.49284362792969,25.645231246948242,0.2507862150669098
qwen2_5_0_5b_base,official_language:12,official_language,chat_template,22,70.01851654052734,12.117627143859863,0.3129642903804779
qwen2_5_0_5b_base,official_language:12,official_language,chat_template,23,247.42457580566406,13.490928649902344,0.40256810188293457
qwen2_5_0_5b_base,official_language:13,official_language,raw_question,0,4.504110813140869,0.44508087635040283,0.13187254965305328
qwen2_5_0_5b_base,official_language:13,official_language,raw_question,1,8.108258247375488,2.8591673374176025,0.1680217832326889
qwen2_5_0_5b_base,official_language:13,official_language,raw_question,2,8.049322128295898,1.6146403551101685,0.17114531993865967
qwen2_5_0_5b_base,official_language:13,official_language,raw_question,3,9.45042896270752,1.8323156833648682,0.19135525822639465
qwen2_5_0_5b_base,official_language:13,official_language,raw_question,4,10.548209190368652,2.6840872764587402,0.21296784281730652
qwen2_5_0_5b_base,official_language:13,official_language,raw_question,5,11.78354263305664,2.923666000366211,0.21151070296764374
qwen2_5_0_5b_base,official_language:13,official_language,raw_question,6,13.480915069580078,1.8333628177642822,0.22176401317119598
qwen2_5_0_5b_base,official_language:13,official_language,raw_question,7,14.842093467712402,2.3398711681365967,0.2221456617116928
qwen2_5_0_5b_base,official_language:13,official_language,raw_question,8,14.915077209472656,3.44913911819458,0.20980019867420197
qwen2_5_0_5b_base,official_language:13,official_language,raw_question,9,15.409720420837402,2.7298245429992676,0.20522600412368774
qwen2_5_0_5b_base,official_language:13,official_language,raw_question,10,14.809993743896484,3.510531425476074,0.19268794357776642
qwen2_5_0_5b_base,official_language:13,official_language,raw_question,11,15.008115768432617,2.453892707824707,0.1923183798789978
qwen2_5_0_5b_base,official_language:13,official_language,raw_question,12,15.746100425720215,2.559525728225708,0.19719786942005157
qwen2_5_0_5b_base,official_language:13,official_language,raw_question,13,16.970842361450195,2.846566915512085,0.1974318027496338
qwen2_5_0_5b_base,official_language:13,official_language,raw_question,14,18.073135375976562,3.1093833446502686,0.2195426970720291
qwen2_5_0_5b_base,official_language:13,official_language,raw_question,15,19.7305850982666,3.676058053970337,0.24157699942588806
qwen2_5_0_5b_base,official_language:13,official_language,raw_question,16,23.50696563720703,2.509251356124878,0.2651161253452301
qwen2_5_0_5b_base,official_language:13,official_language,raw_question,17,28.557058334350586,4.286324977874756,0.24555550515651703
qwen2_5_0_5b_base,official_language:13,official_language,raw_question,18,33.026851654052734,1.840753197669983,0.24009892344474792
qwen2_5_0_5b_base,official_language:13,official_language,raw_question,19,37.0502815246582,3.3387746810913086,0.26930055022239685
qwen2_5_0_5b_base,official_language:13,official_language,raw_question,20,50.69422149658203,10.495291709899902,0.29399028420448303
qwen2_5_0_5b_base,official_language:13,official_language,raw_question,21,72.6944351196289,15.593667984008789,0.25878074765205383
qwen2_5_0_5b_base,official_language:13,official_language,raw_question,22,77.58637237548828,6.066285610198975,0.28231900930404663
qwen2_5_0_5b_base,official_language:13,official_language,raw_question,23,276.4353332519531,11.125611305236816,0.37809839844703674
qwen2_5_0_5b_base,official_language:13,official_language,declarative,0,5.007545471191406,0.4122753143310547,0.13476796448230743
qwen2_5_0_5b_base,official_language:13,official_language,declarative,1,7.952666282653809,2.8634254932403564,0.1641354113817215
qwen2_5_0_5b_base,official_language:13,official_language,declarative,2,8.250280380249023,1.742250680923462,0.18279151618480682
qwen2_5_0_5b_base,official_language:13,official_language,declarative,3,9.927311897277832,2.2382471561431885,0.19479900598526
qwen2_5_0_5b_base,official_language:13,official_language,declarative,4,11.263163566589355,3.974853038787842,0.22049827873706818
qwen2_5_0_5b_base,official_language:13,official_language,declarative,5,13.355886459350586,3.217714309692383,0.22017237544059753
qwen2_5_0_5b_base,official_language:13,official_language,declarative,6,14.392643928527832,2.928091526031494,0.2253580093383789
qwen2_5_0_5b_base,official_language:13,official_language,declarative,7,14.236268043518066,3.7881500720977783,0.2173810750246048
qwen2_5_0_5b_base,official_language:13,official_language,declarative,8,14.313641548156738,4.1535820960998535,0.21001973748207092
qwen2_5_0_5b_base,official_language:13,official_language,declarative,9,15.067949295043945,2.9042866230010986,0.20935384929180145
qwen2_5_0_5b_base,official_language:13,official_language,declarative,10,15.231770515441895,4.131494998931885,0.20554181933403015
qwen2_5_0_5b_base,official_language:13,official_language,declarative,11,15.151773452758789,2.7631494998931885,0.1948762983083725
qwen2_5_0_5b_base,official_language:13,official_language,declarative,12,16.519651412963867,2.620213031768799,0.1964959353208542
qwen2_5_0_5b_base,official_language:13,official_language,declarative,13,17.618356704711914,2.3922793865203857,0.19560553133487701
qwen2_5_0_5b_base,official_language:13,official_language,declarative,14,19.171775817871094,4.8405561447143555,0.22233299911022186
qwen2_5_0_5b_base,official_language:13,official_language,declarative,15,22.374513626098633,4.569782733917236,0.24684028327465057
qwen2_5_0_5b_base,official_language:13,official_language,declarative,16,25.943540573120117,1.4382673501968384,0.27019286155700684
qwen2_5_0_5b_base,official_language:13,official_language,declarative,17,30.497802734375,5.523625373840332,0.24233059585094452
qwen2_5_0_5b_base,official_language:13,official_language,declarative,18,35.517539978027344,3.2188777923583984,0.24953067302703857
qwen2_5_0_5b_base,official_language:13,official_language,declarative,19,42.20378875732422,3.7124271392822266,0.27470850944519043
qwen2_5_0_5b_base,official_language:13,official_language,declarative,20,55.85591506958008,9.893552780151367,0.2943214476108551
qwen2_5_0_5b_base,official_language:13,official_language,declarative,21,78.16780853271484,14.261786460876465,0.27692967653274536
qwen2_5_0_5b_base,official_language:13,official_language,declarative,22,83.52605438232422,3.903623342514038,0.3087012767791748
qwen2_5_0_5b_base,official_language:13,official_language,declarative,23,292.5187683105469,10.932733535766602,0.3667890131473541
qwen2_5_0_5b_base,official_language:13,official_language,qa,0,4.157552719116211,0.5481100082397461,0.13935557007789612
qwen2_5_0_5b_base,official_language:13,official_language,qa,1,6.913920879364014,2.8756103515625,0.17619936168193817
qwen2_5_0_5b_base,official_language:13,official_language,qa,2,8.804767608642578,2.348984718322754,0.22957907617092133
qwen2_5_0_5b_base,official_language:13,official_language,qa,3,9.55147933959961,3.14444637298584,0.21962106227874756
qwen2_5_0_5b_base,official_language:13,official_language,qa,4,10.320991516113281,2.58925199508667,0.21183669567108154
qwen2_5_0_5b_base,official_language:13,official_language,qa,5,10.847360610961914,3.2739415168762207,0.21077191829681396
qwen2_5_0_5b_base,official_language:13,official_language,qa,6,11.958159446716309,2.2567403316497803,0.22276441752910614
qwen2_5_0_5b_base,official_language:13,official_language,qa,7,12.284852981567383,2.1649329662323,0.21946392953395844
qwen2_5_0_5b_base,official_language:13,official_language,qa,8,12.911317825317383,3.273810863494873,0.19775381684303284
qwen2_5_0_5b_base,official_language:13,official_language,qa,9,13.994688034057617,2.8675966262817383,0.20705586671829224
qwen2_5_0_5b_base,official_language:13,official_language,qa,10,13.112704277038574,3.118175745010376,0.19495950639247894
qwen2_5_0_5b_base,official_language:13,official_language,qa,11,14.700815200805664,2.3476035594940186,0.2073691189289093
qwen2_5_0_5b_base,official_language:13,official_language,qa,12,15.003546714782715,2.916203022003174,0.21209459006786346
qwen2_5_0_5b_base,official_language:13,official_language,qa,13,15.880851745605469,2.675737142562866,0.21622514724731445
qwen2_5_0_5b_base,official_language:13,official_language,qa,14,18.907739639282227,6.423458576202393,0.23741436004638672
qwen2_5_0_5b_base,official_language:13,official_language,qa,15,21.46632194519043,4.5599517822265625,0.2564963400363922
qwen2_5_0_5b_base,official_language:13,official_language,qa,16,24.242605209350586,1.9552254676818848,0.27848535776138306
qwen2_5_0_5b_base,official_language:13,official_language,qa,17,29.802764892578125,6.135343551635742,0.25136005878448486
qwen2_5_0_5b_base,official_language:13,official_language,qa,18,36.17485809326172,4.111837387084961,0.24492593109607697
qwen2_5_0_5b_base,official_language:13,official_language,qa,19,40.576019287109375,3.958397150039673,0.2844274044036865
qwen2_5_0_5b_base,official_language:13,official_language,qa,20,52.53070831298828,11.736971855163574,0.30703338980674744
qwen2_5_0_5b_base,official_language:13,official_language,qa,21,72.9684829711914,17.596649169921875,0.28527140617370605
qwen2_5_0_5b_base,official_language:13,official_language,qa,22,80.87298583984375,3.7782187461853027,0.34940311312675476
qwen2_5_0_5b_base,official_language:13,official_language,qa,23,276.27001953125,12.231178283691406,0.39463871717453003
qwen2_5_0_5b_base,official_language:13,official_language,chat_template,0,3.6171281337738037,0.5920271277427673,0.10456794500350952
qwen2_5_0_5b_base,official_language:13,official_language,chat_template,1,6.820571422576904,2.8307979106903076,0.16714733839035034
qwen2_5_0_5b_base,official_language:13,official_language,chat_template,2,7.262918949127197,1.5054696798324585,0.14806127548217773
qwen2_5_0_5b_base,official_language:13,official_language,chat_template,3,8.388811111450195,2.3383030891418457,0.17074522376060486
qwen2_5_0_5b_base,official_language:13,official_language,chat_template,4,9.688371658325195,2.894909620285034,0.19533109664916992
qwen2_5_0_5b_base,official_language:13,official_language,chat_template,5,10.71828556060791,4.034028053283691,0.21126097440719604
qwen2_5_0_5b_base,official_language:13,official_language,chat_template,6,11.652179718017578,3.053344488143921,0.22053854167461395
qwen2_5_0_5b_base,official_language:13,official_language,chat_template,7,13.070939064025879,3.5118422508239746,0.22140686213970184
qwen2_5_0_5b_base,official_language:13,official_language,chat_template,8,12.601545333862305,4.128167629241943,0.20238645374774933
qwen2_5_0_5b_base,official_language:13,official_language,chat_template,9,13.243231773376465,3.0263824462890625,0.2056284248828888
qwen2_5_0_5b_base,official_language:13,official_language,chat_template,10,14.432847023010254,4.305088043212891,0.20853625237941742
qwen2_5_0_5b_base,official_language:13,official_language,chat_template,11,14.811631202697754,2.5293283462524414,0.21961478888988495
qwen2_5_0_5b_base,official_language:13,official_language,chat_template,12,14.778465270996094,3.5952231884002686,0.21565958857536316
qwen2_5_0_5b_base,official_language:13,official_language,chat_template,13,15.697482109069824,3.1778829097747803,0.22132517397403717
qwen2_5_0_5b_base,official_language:13,official_language,chat_template,14,19.266014099121094,6.03497314453125,0.24912822246551514
qwen2_5_0_5b_base,official_language:13,official_language,chat_template,15,21.025556564331055,5.100654125213623,0.25440046191215515
qwen2_5_0_5b_base,official_language:13,official_language,chat_template,16,23.09574317932129,3.0814831256866455,0.28048622608184814
qwen2_5_0_5b_base,official_language:13,official_language,chat_template,17,29.300796508789062,5.504260540008545,0.25417080521583557
qwen2_5_0_5b_base,official_language:13,official_language,chat_template,18,32.89982223510742,3.979020118713379,0.24253453314304352
qwen2_5_0_5b_base,official_language:13,official_language,chat_template,19,35.99589157104492,2.9872231483459473,0.27381280064582825
qwen2_5_0_5b_base,official_language:13,official_language,chat_template,20,48.01219940185547,10.446490287780762,0.2886609435081482
qwen2_5_0_5b_base,official_language:13,official_language,chat_template,21,64.65727233886719,26.643028259277344,0.2520328462123871
qwen2_5_0_5b_base,official_language:13,official_language,chat_template,22,69.33317565917969,10.811298370361328,0.3151779770851135
qwen2_5_0_5b_base,official_language:13,official_language,chat_template,23,250.51898193359375,13.579110145568848,0.3988361954689026
qwen2_5_0_5b_base,official_language:14,official_language,raw_question,0,4.472558498382568,0.44348663091659546,0.1324857920408249
qwen2_5_0_5b_base,official_language:14,official_language,raw_question,1,8.10588550567627,2.818480968475342,0.16719499230384827
qwen2_5_0_5b_base,official_language:14,official_language,raw_question,2,7.996912956237793,1.6160577535629272,0.17138613760471344
qwen2_5_0_5b_base,official_language:14,official_language,raw_question,3,9.49150276184082,1.8639346361160278,0.19089126586914062
qwen2_5_0_5b_base,official_language:14,official_language,raw_question,4,10.43375015258789,2.7109673023223877,0.21254032850265503
qwen2_5_0_5b_base,official_language:14,official_language,raw_question,5,11.796740531921387,2.867006540298462,0.21157340705394745
qwen2_5_0_5b_base,official_language:14,official_language,raw_question,6,13.479525566101074,1.7695871591567993,0.22198696434497833
qwen2_5_0_5b_base,official_language:14,official_language,raw_question,7,15.012761116027832,2.3853204250335693,0.22281064093112946
qwen2_5_0_5b_base,official_language:14,official_language,raw_question,8,14.993104934692383,3.529508352279663,0.2110297530889511
qwen2_5_0_5b_base,official_language:14,official_language,raw_question,9,15.472803115844727,2.760425329208374,0.2054806500673294
qwen2_5_0_5b_base,official_language:14,official_language,raw_question,10,14.8834228515625,3.512454032897949,0.19356805086135864
qwen2_5_0_5b_base,official_language:14,official_language,raw_question,11,15.214465141296387,2.4328930377960205,0.1937033236026764
qwen2_5_0_5b_base,official_language:14,official_language,raw_question,12,15.92552375793457,2.71809458732605,0.20209984481334686
qwen2_5_0_5b_base,official_language:14,official_language,raw_question,13,17.167673110961914,2.8643486499786377,0.200692281126976
qwen2_5_0_5b_base,official_language:14,official_language,raw_question,14,18.250043869018555,3.2932233810424805,0.2233019322156906
qwen2_5_0_5b_base,official_language:14,official_language,raw_question,15,19.793550491333008,4.114325523376465,0.24520455300807953
qwen2_5_0_5b_base,official_language:14,official_language,raw_question,16,23.232234954833984,2.931670904159546,0.2656683325767517
qwen2_5_0_5b_base,official_language:14,official_language,raw_question,17,28.411579132080078,4.1295976638793945,0.2466423064470291
qwen2_5_0_5b_base,official_language:14,official_language,raw_question,18,32.861305236816406,2.3722968101501465,0.2396288365125656
qwen2_5_0_5b_base,official_language:14,official_language,raw_question,19,36.75293731689453,3.704624891281128,0.27103373408317566
qwen2_5_0_5b_base,official_language:14,official_language,raw_question,20,50.82151412963867,11.87568187713623,0.2940995693206787
qwen2_5_0_5b_base,official_language:14,official_language,raw_question,21,74.03252410888672,16.351137161254883,0.25477269291877747
qwen2_5_0_5b_base,official_language:14,official_language,raw_question,22,79.56460571289062,7.5520195960998535,0.2837117314338684
qwen2_5_0_5b_base,official_language:14,official_language,raw_question,23,283.0975036621094,14.9583740234375,0.3772607743740082
qwen2_5_0_5b_base,official_language:14,official_language,declarative,0,4.946200370788574,0.41600072383880615,0.13613680005073547
qwen2_5_0_5b_base,official_language:14,official_language,declarative,1,7.939901351928711,2.8016464710235596,0.16301676630973816
qwen2_5_0_5b_base,official_language:14,official_language,declarative,2,8.240313529968262,1.6403404474258423,0.18363353610038757
qwen2_5_0_5b_base,official_language:14,official_language,declarative,3,9.758570671081543,2.292104482650757,0.19382275640964508
qwen2_5_0_5b_base,official_language:14,official_language,declarative,4,11.112483978271484,3.896763324737549,0.21687191724777222
qwen2_5_0_5b_base,official_language:14,official_language,declarative,5,12.784989356994629,3.2712719440460205,0.2161140888929367
qwen2_5_0_5b_base,official_language:14,official_language,declarative,6,13.893235206604004,2.864018201828003,0.22480091452598572
qwen2_5_0_5b_base,official_language:14,official_language,declarative,7,14.25640869140625,3.680581569671631,0.21767950057983398
qwen2_5_0_5b_base,official_language:14,official_language,declarative,8,14.247398376464844,4.089137077331543,0.21045561134815216
qwen2_5_0_5b_base,official_language:14,official_language,declarative,9,15.153103828430176,3.2414357662200928,0.2089393138885498
qwen2_5_0_5b_base,official_language:14,official_language,declarative,10,15.649084091186523,4.206132888793945,0.20588485896587372
qwen2_5_0_5b_base,official_language:14,official_language,declarative,11,15.749549865722656,2.8598275184631348,0.1989896446466446
qwen2_5_0_5b_base,official_language:14,official_language,declarative,12,16.915355682373047,2.838454484939575,0.2015289068222046
qwen2_5_0_5b_base,official_language:14,official_language,declarative,13,17.828155517578125,2.2974770069122314,0.20156539976596832
qwen2_5_0_5b_base,official_language:14,official_language,declarative,14,19.33933448791504,5.514285564422607,0.22610168159008026
qwen2_5_0_5b_base,official_language:14,official_language,declarative,15,22.706317901611328,4.269477367401123,0.24669133126735687
qwen2_5_0_5b_base,official_language:14,official_language,declarative,16,25.955001831054688,1.9824681282043457,0.2764219343662262
qwen2_5_0_5b_base,official_language:14,official_language,declarative,17,30.92052459716797,5.04240608215332,0.23692291975021362
qwen2_5_0_5b_base,official_language:14,official_language,declarative,18,35.851741790771484,3.0147740840911865,0.24545039236545563
qwen2_5_0_5b_base,official_language:14,official_language,declarative,19,41.38447952270508,3.3816351890563965,0.2737397253513336
qwen2_5_0_5b_base,official_language:14,official_language,declarative,20,53.807186126708984,10.472145080566406,0.29125118255615234
qwen2_5_0_5b_base,official_language:14,official_language,declarative,21,76.1050796508789,15.479541778564453,0.2663889527320862
qwen2_5_0_5b_base,official_language:14,official_language,declarative,22,83.18682861328125,3.5577123165130615,0.3129003942012787
qwen2_5_0_5b_base,official_language:14,official_language,declarative,23,295.1863708496094,11.147446632385254,0.3615782558917999
qwen2_5_0_5b_base,official_language:14,official_language,qa,0,4.17603063583374,0.5503720641136169,0.13858634233474731
qwen2_5_0_5b_base,official_language:14,official_language,qa,1,6.9706034660339355,2.8637502193450928,0.17586380243301392
qwen2_5_0_5b_base,official_language:14,official_language,qa,2,8.966596603393555,2.439042091369629,0.2329091578722
qwen2_5_0_5b_base,official_language:14,official_language,qa,3,9.586209297180176,3.161562442779541,0.22067558765411377
qwen2_5_0_5b_base,official_language:14,official_language,qa,4,10.350629806518555,2.583000659942627,0.21228142082691193
qwen2_5_0_5b_base,official_language:14,official_language,qa,5,10.922748565673828,3.147956132888794,0.21127459406852722
qwen2_5_0_5b_base,official_language:14,official_language,qa,6,12.104972839355469,2.260622262954712,0.2227674275636673
qwen2_5_0_5b_base,official_language:14,official_language,qa,7,12.41464614868164,2.004856586456299,0.21940818428993225
qwen2_5_0_5b_base,official_language:14,official_language,qa,8,12.897439956665039,3.204334020614624,0.19738607108592987
qwen2_5_0_5b_base,official_language:14,official_language,qa,9,14.162638664245605,2.8648409843444824,0.20632770657539368
qwen2_5_0_5b_base,official_language:14,official_language,qa,10,13.124248504638672,3.1677770614624023,0.1957632303237915
qwen2_5_0_5b_base,official_language:14,official_language,qa,11,14.786690711975098,2.371829032897949,0.2060905396938324
qwen2_5_0_5b_base,official_language:14,official_language,qa,12,15.229265213012695,2.971682071685791,0.2120925486087799
qwen2_5_0_5b_base,official_language:14,official_language,qa,13,16.151765823364258,2.5759007930755615,0.2157866358757019
qwen2_5_0_5b_base,official_language:14,official_language,qa,14,19.044849395751953,6.217947006225586,0.2385069727897644
qwen2_5_0_5b_base,official_language:14,official_language,qa,15,21.49003028869629,4.701187610626221,0.25619006156921387
qwen2_5_0_5b_base,official_language:14,official_language,qa,16,24.348054885864258,1.973675012588501,0.2797839939594269
qwen2_5_0_5b_base,official_language:14,official_language,qa,17,29.48191261291504,5.454957008361816,0.24878868460655212
qwen2_5_0_5b_base,official_language:14,official_language,qa,18,35.527496337890625,4.259718418121338,0.24405188858509064
qwen2_5_0_5b_base,official_language:14,official_language,qa,19,39.91685104370117,4.278672218322754,0.28611108660697937
qwen2_5_0_5b_base,official_language:14,official_language,qa,20,51.908077239990234,12.232547760009766,0.3047352433204651
qwen2_5_0_5b_base,official_language:14,official_language,qa,21,74.55260467529297,17.395307540893555,0.271832674741745
qwen2_5_0_5b_base,official_language:14,official_language,qa,22,82.41432189941406,5.34984827041626,0.34300267696380615
qwen2_5_0_5b_base,official_language:14,official_language,qa,23,293.8685302734375,14.116535186767578,0.392174631357193
qwen2_5_0_5b_base,official_language:14,official_language,chat_template,0,3.593862533569336,0.5924766659736633,0.10443563759326935
qwen2_5_0_5b_base,official_language:14,official_language,chat_template,1,6.791319847106934,2.8372623920440674,0.16753874719142914
qwen2_5_0_5b_base,official_language:14,official_language,chat_template,2,7.231690406799316,1.5045182704925537,0.1482989341020584
qwen2_5_0_5b_base,official_language:14,official_language,chat_template,3,8.384336471557617,2.3381049633026123,0.16969804465770721
qwen2_5_0_5b_base,official_language:14,official_language,chat_template,4,9.697071075439453,2.9309606552124023,0.19551478326320648
qwen2_5_0_5b_base,official_language:14,official_language,chat_template,5,10.822930335998535,4.129332065582275,0.21168385446071625
qwen2_5_0_5b_base,official_language:14,official_language,chat_template,6,11.672430992126465,2.9457664489746094,0.22069434821605682
qwen2_5_0_5b_base,official_language:14,official_language,chat_template,7,12.987824440002441,3.5362513065338135,0.22142009437084198
qwen2_5_0_5b_base,official_language:14,official_language,chat_template,8,12.595071792602539,4.048847675323486,0.20043747127056122
qwen2_5_0_5b_base,official_language:14,official_language,chat_template,9,13.301891326904297,3.0350003242492676,0.20531007647514343
qwen2_5_0_5b_base,official_language:14,official_language,chat_template,10,14.331014633178711,4.177922248840332,0.2068122774362564
qwen2_5_0_5b_base,official_language:14,official_language,chat_template,11,14.738777160644531,2.5305333137512207,0.21770557761192322
qwen2_5_0_5b_base,official_language:14,official_language,chat_template,12,14.787948608398438,3.5568020343780518,0.21542322635650635
qwen2_5_0_5b_base,official_language:14,official_language,chat_template,13,15.68978214263916,3.14218807220459,0.22192418575286865
qwen2_5_0_5b_base,official_language:14,official_language,chat_template,14,19.113134384155273,5.92262077331543,0.2490992248058319
qwen2_5_0_5b_base,official_language:14,official_language,chat_template,15,20.80209732055664,5.125170707702637,0.25481119751930237
qwen2_5_0_5b_base,official_language:14,official_language,chat_template,16,22.88321876525879,3.0307421684265137,0.27989810705184937
qwen2_5_0_5b_base,official_language:14,official_language,chat_template,17,28.895965576171875,5.263513088226318,0.2540626525878906
qwen2_5_0_5b_base,official_language:14,official_language,chat_template,18,32.60232162475586,3.708047866821289,0.2419658899307251
qwen2_5_0_5b_base,official_language:14,official_language,chat_template,19,36.028465270996094,3.1561100482940674,0.273288369178772
qwen2_5_0_5b_base,official_language:14,official_language,chat_template,20,48.3351936340332,10.83309268951416,0.28786301612854004
qwen2_5_0_5b_base,official_language:14,official_language,chat_template,21,65.94862365722656,26.02365493774414,0.25004124641418457
qwen2_5_0_5b_base,official_language:14,official_language,chat_template,22,70.25640106201172,10.496521949768066,0.31177374720573425
qwen2_5_0_5b_base,official_language:14,official_language,chat_template,23,257.20513916015625,16.989858627319336,0.40470263361930847
qwen2_5_0_5b_base,official_language:15,official_language,raw_question,0,4.475417613983154,0.43689167499542236,0.13229715824127197
qwen2_5_0_5b_base,official_language:15,official_language,raw_question,1,8.09815788269043,2.8350765705108643,0.1679610311985016
qwen2_5_0_5b_base,official_language:15,official_language,raw_question,2,8.065716743469238,1.6486035585403442,0.17090602219104767
qwen2_5_0_5b_base,official_language:15,official_language,raw_question,3,9.473578453063965,1.8968942165374756,0.19211986660957336
qwen2_5_0_5b_base,official_language:15,official_language,raw_question,4,10.431126594543457,2.74625825881958,0.21296952664852142
qwen2_5_0_5b_base,official_language:15,official_language,raw_question,5,11.799322128295898,2.9446887969970703,0.21116364002227783
qwen2_5_0_5b_base,official_language:15,official_language,raw_question,6,13.171043395996094,1.9501771926879883,0.22028577327728271
qwen2_5_0_5b_base,official_language:15,official_language,raw_question,7,14.572457313537598,2.142218589782715,0.21889899671077728
qwen2_5_0_5b_base,official_language:15,official_language,raw_question,8,14.79345703125,3.540332078933716,0.21058332920074463
qwen2_5_0_5b_base,official_language:15,official_language,raw_question,9,15.317215919494629,2.8091297149658203,0.20615313947200775
qwen2_5_0_5b_base,official_language:15,official_language,raw_question,10,14.775007247924805,3.5311598777770996,0.19267727434635162
qwen2_5_0_5b_base,official_language:15,official_language,raw_question,11,15.032612800598145,2.4477500915527344,0.19101807475090027
qwen2_5_0_5b_base,official_language:15,official_language,raw_question,12,15.811585426330566,2.599630355834961,0.19806945323944092
qwen2_5_0_5b_base,official_language:15,official_language,raw_question,13,17.054096221923828,2.852349042892456,0.19673018157482147
qwen2_5_0_5b_base,official_language:15,official_language,raw_question,14,18.160037994384766,3.1533188819885254,0.22028912603855133
qwen2_5_0_5b_base,official_language:15,official_language,raw_question,15,19.7291202545166,3.844609498977661,0.24360518157482147
qwen2_5_0_5b_base,official_language:15,official_language,raw_question,16,23.443613052368164,2.9412360191345215,0.26454219222068787
qwen2_5_0_5b_base,official_language:15,official_language,raw_question,17,28.609161376953125,4.363893985748291,0.24553446471691132
qwen2_5_0_5b_base,official_language:15,official_language,raw_question,18,32.88658142089844,1.9204895496368408,0.23865385353565216
qwen2_5_0_5b_base,official_language:15,official_language,raw_question,19,37.071006774902344,3.4647319316864014,0.26754751801490784
qwen2_5_0_5b_base,official_language:15,official_language,raw_question,20,51.11265563964844,10.924284934997559,0.2926010191440582
qwen2_5_0_5b_base,official_language:15,official_language,raw_question,21,73.09514617919922,16.83237075805664,0.25889816880226135
qwen2_5_0_5b_base,official_language:15,official_language,raw_question,22,78.94591522216797,7.66064453125,0.2831111252307892
qwen2_5_0_5b_base,official_language:15,official_language,raw_question,23,250.25221252441406,11.556939125061035,0.3778771758079529
qwen2_5_0_5b_base,official_language:15,official_language,declarative,0,4.986917972564697,0.41040125489234924,0.13662707805633545
qwen2_5_0_5b_base,official_language:15,official_language,declarative,1,8.016866683959961,2.791943311691284,0.16442851722240448
qwen2_5_0_5b_base,official_language:15,official_language,declarative,2,8.352276802062988,1.7412582635879517,0.18405576050281525
qwen2_5_0_5b_base,official_language:15,official_language,declarative,3,9.976445198059082,2.251758575439453,0.1943865567445755
qwen2_5_0_5b_base,official_language:15,official_language,declarative,4,11.18089485168457,3.7780954837799072,0.21892909705638885
qwen2_5_0_5b_base,official_language:15,official_language,declarative,5,13.257116317749023,3.2720935344696045,0.2199179232120514
qwen2_5_0_5b_base,official_language:15,official_language,declarative,6,13.952108383178711,2.7442972660064697,0.22395510971546173
qwen2_5_0_5b_base,official_language:15,official_language,declarative,7,14.086528778076172,3.8320209980010986,0.21944962441921234
qwen2_5_0_5b_base,official_language:15,official_language,declarative,8,14.154181480407715,4.341165065765381,0.20983828604221344
qwen2_5_0_5b_base,official_language:15,official_language,declarative,9,14.748713493347168,2.8426051139831543,0.20739151537418365
qwen2_5_0_5b_base,official_language:15,official_language,declarative,10,15.042316436767578,4.08422327041626,0.20474080741405487
qwen2_5_0_5b_base,official_language:15,official_language,declarative,11,15.217771530151367,2.6208887100219727,0.19621595740318298
qwen2_5_0_5b_base,official_language:15,official_language,declarative,12,16.324941635131836,2.7011053562164307,0.1964579075574875
qwen2_5_0_5b_base,official_language:15,official_language,declarative,13,17.310260772705078,2.499927043914795,0.19378647208213806
qwen2_5_0_5b_base,official_language:15,official_language,declarative,14,18.770793914794922,5.021517276763916,0.2201560139656067
qwen2_5_0_5b_base,official_language:15,official_language,declarative,15,21.187471389770508,4.622215270996094,0.2445841282606125
qwen2_5_0_5b_base,official_language:15,official_language,declarative,16,25.29339599609375,1.7126319408416748,0.2680569887161255
qwen2_5_0_5b_base,official_language:15,official_language,declarative,17,29.521005630493164,5.447400093078613,0.24239125847816467
qwen2_5_0_5b_base,official_language:15,official_language,declarative,18,34.594017028808594,4.4288153648376465,0.2504659593105316
qwen2_5_0_5b_base,official_language:15,official_language,declarative,19,41.52791213989258,3.6698970794677734,0.2762056291103363
qwen2_5_0_5b_base,official_language:15,official_language,declarative,20,56.3865966796875,10.194275856018066,0.29256489872932434
qwen2_5_0_5b_base,official_language:15,official_language,declarative,21,77.77386474609375,14.813006401062012,0.2750290334224701
qwen2_5_0_5b_base,official_language:15,official_language,declarative,22,83.74700164794922,3.4803218841552734,0.31150567531585693
qwen2_5_0_5b_base,official_language:15,official_language,declarative,23,275.83282470703125,11.039459228515625,0.36938682198524475
qwen2_5_0_5b_base,official_language:15,official_language,qa,0,4.1464080810546875,0.5454676747322083,0.13932733237743378
qwen2_5_0_5b_base,official_language:15,official_language,qa,1,6.953056335449219,2.870021104812622,0.17576730251312256
qwen2_5_0_5b_base,official_language:15,official_language,qa,2,8.853527069091797,2.398266553878784,0.23107357323169708
qwen2_5_0_5b_base,official_language:15,official_language,qa,3,9.561087608337402,3.1573619842529297,0.22051557898521423
qwen2_5_0_5b_base,official_language:15,official_language,qa,4,10.254924774169922,2.5872108936309814,0.21212485432624817
qwen2_5_0_5b_base,official_language:15,official_language,qa,5,10.959172248840332,3.2002484798431396,0.2116035670042038
qwen2_5_0_5b_base,official_language:15,official_language,qa,6,12.03705883026123,2.269688844680786,0.2221243977546692
qwen2_5_0_5b_base,official_language:15,official_language,qa,7,12.314057350158691,2.101294994354248,0.21869952976703644
qwen2_5_0_5b_base,official_language:15,official_language,qa,8,12.802852630615234,3.1415274143218994,0.19746823608875275
qwen2_5_0_5b_base,official_language:15,official_language,qa,9,13.983535766601562,2.90696382522583,0.2062201201915741
qwen2_5_0_5b_base,official_language:15,official_language,qa,10,13.04670524597168,3.1059205532073975,0.19413325190544128
qwen2_5_0_5b_base,official_language:15,official_language,qa,11,14.632025718688965,2.3599131107330322,0.20537373423576355
qwen2_5_0_5b_base,official_language:15,official_language,qa,12,14.883609771728516,2.8372156620025635,0.21059627830982208
qwen2_5_0_5b_base,official_language:15,official_language,qa,13,15.869331359863281,2.608255386352539,0.2146873027086258
qwen2_5_0_5b_base,official_language:15,official_language,qa,14,18.881357192993164,6.091488361358643,0.23730579018592834
qwen2_5_0_5b_base,official_language:15,official_language,qa,15,21.290592193603516,4.585825443267822,0.25538134574890137
qwen2_5_0_5b_base,official_language:15,official_language,qa,16,24.155136108398438,2.2604598999023438,0.27673646807670593
qwen2_5_0_5b_base,official_language:15,official_language,qa,17,29.404571533203125,5.8463568687438965,0.25049352645874023
qwen2_5_0_5b_base,official_language:15,official_language,qa,18,35.28178787231445,4.30960750579834,0.24204790592193604
qwen2_5_0_5b_base,official_language:15,official_language,qa,19,39.66282653808594,4.130986213684082,0.2836674153804779
qwen2_5_0_5b_base,official_language:15,official_language,qa,20,51.50697326660156,11.795088768005371,0.30201080441474915
qwen2_5_0_5b_base,official_language:15,official_language,qa,21,73.42398071289062,18.41547203063965,0.2801806926727295
qwen2_5_0_5b_base,official_language:15,official_language,qa,22,80.8257827758789,5.994721412658691,0.33199331164360046
qwen2_5_0_5b_base,official_language:15,official_language,qa,23,261.9219055175781,13.244465827941895,0.3866918981075287
qwen2_5_0_5b_base,official_language:15,official_language,chat_template,0,3.607858896255493,0.5919951796531677,0.10464316606521606
qwen2_5_0_5b_base,official_language:15,official_language,chat_template,1,6.820449352264404,2.839042901992798,0.16761156916618347
qwen2_5_0_5b_base,official_language:15,official_language,chat_template,2,7.26530647277832,1.5162785053253174,0.14836737513542175
qwen2_5_0_5b_base,official_language:15,official_language,chat_template,3,8.390975952148438,2.340651512145996,0.17067618668079376
qwen2_5_0_5b_base,official_language:15,official_language,chat_template,4,9.69274616241455,2.900930881500244,0.19522766768932343
qwen2_5_0_5b_base,official_language:15,official_language,chat_template,5,10.765739440917969,4.135740280151367,0.21148701012134552
qwen2_5_0_5b_base,official_language:15,official_language,chat_template,6,11.706019401550293,3.0416905879974365,0.2190983146429062
qwen2_5_0_5b_base,official_language:15,official_language,chat_template,7,13.263741493225098,3.50982403755188,0.22174212336540222
qwen2_5_0_5b_base,official_language:15,official_language,chat_template,8,12.721796035766602,4.235517501831055,0.20336803793907166
qwen2_5_0_5b_base,official_language:15,official_language,chat_template,9,13.229565620422363,3.0702624320983887,0.20754477381706238
qwen2_5_0_5b_base,official_language:15,official_language,chat_template,10,14.421154975891113,4.32440185546875,0.20724225044250488
qwen2_5_0_5b_base,official_language:15,official_language,chat_template,11,14.875938415527344,2.5279595851898193,0.2200789898633957
qwen2_5_0_5b_base,official_language:15,official_language,chat_template,12,14.933273315429688,3.622464895248413,0.2163051813840866
qwen2_5_0_5b_base,official_language:15,official_language,chat_template,13,15.830843925476074,3.1635608673095703,0.22267040610313416
qwen2_5_0_5b_base,official_language:15,official_language,chat_template,14,19.40818214416504,6.063436985015869,0.24975621700286865
qwen2_5_0_5b_base,official_language:15,official_language,chat_template,15,20.926631927490234,5.110470294952393,0.2559630274772644
qwen2_5_0_5b_base,official_language:15,official_language,chat_template,16,22.950408935546875,3.1151623725891113,0.2818368375301361
qwen2_5_0_5b_base,official_language:15,official_language,chat_template,17,29.119384765625,5.479435443878174,0.25498706102371216
qwen2_5_0_5b_base,official_language:15,official_language,chat_template,18,32.730499267578125,4.094422817230225,0.24294622242450714
qwen2_5_0_5b_base,official_language:15,official_language,chat_template,19,35.75516128540039,3.0067102909088135,0.2741289734840393
qwen2_5_0_5b_base,official_language:15,official_language,chat_template,20,48.1610221862793,10.573819160461426,0.28848883509635925
qwen2_5_0_5b_base,official_language:15,official_language,chat_template,21,65.26535034179688,26.65503692626953,0.2521989345550537
qwen2_5_0_5b_base,official_language:15,official_language,chat_template,22,69.6192398071289,11.667129516601562,0.31508275866508484
qwen2_5_0_5b_base,official_language:15,official_language,chat_template,23,245.08872985839844,13.955429077148438,0.3991934657096863
qwen2_5_0_5b_base,official_language:16,official_language,raw_question,0,4.457231044769287,0.4483667314052582,0.1319022923707962
qwen2_5_0_5b_base,official_language:16,official_language,raw_question,1,8.107464790344238,2.867429256439209,0.16746512055397034
qwen2_5_0_5b_base,official_language:16,official_language,raw_question,2,8.034398078918457,1.6115696430206299,0.17135921120643616
qwen2_5_0_5b_base,official_language:16,official_language,raw_question,3,9.443852424621582,1.8330262899398804,0.19210226833820343
qwen2_5_0_5b_base,official_language:16,official_language,raw_question,4,10.565839767456055,2.6864140033721924,0.21223199367523193
qwen2_5_0_5b_base,official_language:16,official_language,raw_question,5,11.817707061767578,2.8672478199005127,0.21046289801597595
qwen2_5_0_5b_base,official_language:16,official_language,raw_question,6,13.394383430480957,1.8727675676345825,0.21972787380218506
qwen2_5_0_5b_base,official_language:16,official_language,raw_question,7,14.84925365447998,2.1332056522369385,0.21941840648651123
qwen2_5_0_5b_base,official_language:16,official_language,raw_question,8,14.999832153320312,3.591611862182617,0.20983776450157166
qwen2_5_0_5b_base,official_language:16,official_language,raw_question,9,15.45916748046875,2.759011745452881,0.20603103935718536
qwen2_5_0_5b_base,official_language:16,official_language,raw_question,10,14.919633865356445,3.5964174270629883,0.1939023733139038
qwen2_5_0_5b_base,official_language:16,official_language,raw_question,11,15.195287704467773,2.462799549102783,0.19348733127117157
qwen2_5_0_5b_base,official_language:16,official_language,raw_question,12,15.880352973937988,2.610522985458374,0.20034494996070862
qwen2_5_0_5b_base,official_language:16,official_language,raw_question,13,17.135658264160156,2.8243556022644043,0.19903993606567383
qwen2_5_0_5b_base,official_language:16,official_language,raw_question,14,18.38536262512207,3.2256715297698975,0.22218869626522064
qwen2_5_0_5b_base,official_language:16,official_language,raw_question,15,20.136442184448242,3.9296181201934814,0.24425803124904633
qwen2_5_0_5b_base,official_language:16,official_language,raw_question,16,23.78096580505371,2.9293148517608643,0.26456546783447266
qwen2_5_0_5b_base,official_language:16,official_language,raw_question,17,28.837646484375,4.34620475769043,0.24498063325881958
qwen2_5_0_5b_base,official_language:16,official_language,raw_question,18,33.38985061645508,2.293536424636841,0.23842041194438934
qwen2_5_0_5b_base,official_language:16,official_language,raw_question,19,37.14109802246094,3.266672372817993,0.26845329999923706
qwen2_5_0_5b_base,official_language:16,official_language,raw_question,20,51.231048583984375,11.229604721069336,0.29261690378189087
qwen2_5_0_5b_base,official_language:16,official_language,raw_question,21,72.37860107421875,16.68833351135254,0.2587117552757263
qwen2_5_0_5b_base,official_language:16,official_language,raw_question,22,78.08433532714844,7.156271934509277,0.28200337290763855
qwen2_5_0_5b_base,official_language:16,official_language,raw_question,23,289.51763916015625,11.456022262573242,0.37187400460243225
qwen2_5_0_5b_base,official_language:16,official_language,declarative,0,4.876775741577148,0.4255470335483551,0.13474704325199127
qwen2_5_0_5b_base,official_language:16,official_language,declarative,1,7.948838233947754,2.824594259262085,0.16483747959136963
qwen2_5_0_5b_base,official_language:16,official_language,declarative,2,8.343972206115723,1.8112143278121948,0.1833864003419876
qwen2_5_0_5b_base,official_language:16,official_language,declarative,3,9.829014778137207,2.155905246734619,0.1945556104183197
qwen2_5_0_5b_base,official_language:16,official_language,declarative,4,11.251847267150879,3.766731023788452,0.21779842674732208
qwen2_5_0_5b_base,official_language:16,official_language,declarative,5,13.130952835083008,3.292752981185913,0.21854551136493683
qwen2_5_0_5b_base,official_language:16,official_language,declarative,6,14.10768985748291,2.713752031326294,0.2222391963005066
qwen2_5_0_5b_base,official_language:16,official_language,declarative,7,14.203046798706055,3.765812873840332,0.21778565645217896
qwen2_5_0_5b_base,official_language:16,official_language,declarative,8,14.348514556884766,4.410484313964844,0.2090596854686737
qwen2_5_0_5b_base,official_language:16,official_language,declarative,9,14.901603698730469,2.8687357902526855,0.20672838389873505
qwen2_5_0_5b_base,official_language:16,official_language,declarative,10,15.393134117126465,4.201821804046631,0.20671522617340088
qwen2_5_0_5b_base,official_language:16,official_language,declarative,11,15.288691520690918,2.672402858734131,0.1975972056388855
qwen2_5_0_5b_base,official_language:16,official_language,declarative,12,16.56867790222168,2.7919864654541016,0.19969314336776733
qwen2_5_0_5b_base,official_language:16,official_language,declarative,13,17.373308181762695,2.3937599658966064,0.19883769750595093
qwen2_5_0_5b_base,official_language:16,official_language,declarative,14,19.168498992919922,5.214852809906006,0.22348976135253906
qwen2_5_0_5b_base,official_language:16,official_language,declarative,15,22.73723030090332,4.640932559967041,0.24543721973896027
qwen2_5_0_5b_base,official_language:16,official_language,declarative,16,25.84599494934082,1.676894187927246,0.27257418632507324
qwen2_5_0_5b_base,official_language:16,official_language,declarative,17,30.494888305664062,4.959107875823975,0.23817913234233856
qwen2_5_0_5b_base,official_language:16,official_language,declarative,18,35.304805755615234,2.954475164413452,0.24655994772911072
qwen2_5_0_5b_base,official_language:16,official_language,declarative,19,41.49684143066406,3.486786127090454,0.27385565638542175
qwen2_5_0_5b_base,official_language:16,official_language,declarative,20,54.871742248535156,9.4049072265625,0.28902873396873474
qwen2_5_0_5b_base,official_language:16,official_language,declarative,21,76.32620239257812,13.099787712097168,0.27065664529800415
qwen2_5_0_5b_base,official_language:16,official_language,declarative,22,82.28248596191406,3.7855374813079834,0.29565879702568054
qwen2_5_0_5b_base,official_language:16,official_language,declarative,23,301.5862121582031,10.600034713745117,0.35688072443008423
qwen2_5_0_5b_base,official_language:16,official_language,qa,0,4.1745758056640625,0.5494499802589417,0.13878504931926727
qwen2_5_0_5b_base,official_language:16,official_language,qa,1,6.963804244995117,2.86806058883667,0.175385519862175
qwen2_5_0_5b_base,official_language:16,official_language,qa,2,8.88564395904541,2.398224115371704,0.23135767877101898
qwen2_5_0_5b_base,official_language:16,official_language,qa,3,9.53444766998291,3.1344428062438965,0.2200383096933365
qwen2_5_0_5b_base,official_language:16,official_language,qa,4,10.313809394836426,2.5677595138549805,0.21138085424900055
qwen2_5_0_5b_base,official_language:16,official_language,qa,5,10.911312103271484,3.1767349243164062,0.21122118830680847
qwen2_5_0_5b_base,official_language:16,official_language,qa,6,11.984944343566895,2.261875629425049,0.22202461957931519
qwen2_5_0_5b_base,official_language:16,official_language,qa,7,12.306999206542969,2.0785133838653564,0.21872968971729279
qwen2_5_0_5b_base,official_language:16,official_language,qa,8,12.901365280151367,3.190934896469116,0.1975516825914383
qwen2_5_0_5b_base,official_language:16,official_language,qa,9,14.090286254882812,2.8842926025390625,0.20670589804649353
qwen2_5_0_5b_base,official_language:16,official_language,qa,10,13.16546630859375,3.181187152862549,0.19534437358379364
qwen2_5_0_5b_base,official_language:16,official_language,qa,11,14.724930763244629,2.3233225345611572,0.2061430811882019
qwen2_5_0_5b_base,official_language:16,official_language,qa,12,15.0020112991333,2.878822088241577,0.21051916480064392
qwen2_5_0_5b_base,official_language:16,official_language,qa,13,15.946708679199219,2.661639928817749,0.21465246379375458
qwen2_5_0_5b_base,official_language:16,official_language,qa,14,19.1600399017334,6.245918273925781,0.23680062592029572
qwen2_5_0_5b_base,official_language:16,official_language,qa,15,21.796066284179688,4.567049503326416,0.2563866972923279
qwen2_5_0_5b_base,official_language:16,official_language,qa,16,24.390819549560547,2.0491840839385986,0.2777915298938751
qwen2_5_0_5b_base,official_language:16,official_language,qa,17,29.497713088989258,5.908147811889648,0.24974966049194336
qwen2_5_0_5b_base,official_language:16,official_language,qa,18,35.795372009277344,4.1559224128723145,0.24416109919548035
qwen2_5_0_5b_base,official_language:16,official_language,qa,19,39.52577209472656,3.7939274311065674,0.284356951713562
qwen2_5_0_5b_base,official_language:16,official_language,qa,20,51.44076156616211,11.815685272216797,0.3016907572746277
qwen2_5_0_5b_base,official_language:16,official_language,qa,21,70.58160400390625,16.90296745300293,0.2803891897201538
qwen2_5_0_5b_base,official_language:16,official_language,qa,22,78.50839233398438,4.996921062469482,0.3266432285308838
qwen2_5_0_5b_base,official_language:16,official_language,qa,23,299.33392333984375,12.323028564453125,0.3777274191379547
qwen2_5_0_5b_base,official_language:16,official_language,chat_template,0,3.620002031326294,0.5919089317321777,0.10463609546422958
qwen2_5_0_5b_base,official_language:16,official_language,chat_template,1,6.823311805725098,2.8353986740112305,0.1669583022594452
qwen2_5_0_5b_base,official_language:16,official_language,chat_template,2,7.275368690490723,1.5075087547302246,0.1482258141040802
qwen2_5_0_5b_base,official_language:16,official_language,chat_template,3,8.38239860534668,2.321777820587158,0.17057108879089355
qwen2_5_0_5b_base,official_language:16,official_language,chat_template,4,9.713065147399902,2.9038894176483154,0.1952303647994995
qwen2_5_0_5b_base,official_language:16,official_language,chat_template,5,10.769394874572754,4.133637428283691,0.21190893650054932
qwen2_5_0_5b_base,official_language:16,official_language,chat_template,6,11.696922302246094,3.0516555309295654,0.21987779438495636
qwen2_5_0_5b_base,official_language:16,official_language,chat_template,7,13.13508415222168,3.5817978382110596,0.22192789614200592
qwen2_5_0_5b_base,official_language:16,official_language,chat_template,8,12.592024803161621,4.167635917663574,0.20290423929691315
qwen2_5_0_5b_base,official_language:16,official_language,chat_template,9,13.240455627441406,3.04142427444458,0.20657368004322052
qwen2_5_0_5b_base,official_language:16,official_language,chat_template,10,14.494282722473145,4.344531536102295,0.20803606510162354
qwen2_5_0_5b_base,official_language:16,official_language,chat_template,11,14.80085277557373,2.478332042694092,0.21956418454647064
qwen2_5_0_5b_base,official_language:16,official_language,chat_template,12,14.806111335754395,3.5813374519348145,0.21578069031238556
qwen2_5_0_5b_base,official_language:16,official_language,chat_template,13,15.75933837890625,3.1721138954162598,0.2216722071170807
qwen2_5_0_5b_base,official_language:16,official_language,chat_template,14,19.397092819213867,6.0631279945373535,0.2493845820426941
qwen2_5_0_5b_base,official_language:16,official_language,chat_template,15,21.057336807250977,5.106257915496826,0.25550708174705505
qwen2_5_0_5b_base,official_language:16,official_language,chat_template,16,23.147253036499023,3.0949878692626953,0.28217214345932007
qwen2_5_0_5b_base,official_language:16,official_language,chat_template,17,29.265460968017578,5.41370964050293,0.25502562522888184
qwen2_5_0_5b_base,official_language:16,official_language,chat_template,18,32.948760986328125,3.9991698265075684,0.2438146471977234
qwen2_5_0_5b_base,official_language:16,official_language,chat_template,19,35.927642822265625,3.01888108253479,0.27481845021247864
qwen2_5_0_5b_base,official_language:16,official_language,chat_template,20,48.37445068359375,10.760210990905762,0.28751152753829956
qwen2_5_0_5b_base,official_language:16,official_language,chat_template,21,64.2730941772461,26.55982208251953,0.2513814866542816
qwen2_5_0_5b_base,official_language:16,official_language,chat_template,22,69.03961944580078,11.871587753295898,0.31309667229652405
qwen2_5_0_5b_base,official_language:16,official_language,chat_template,23,250.30377197265625,13.7407808303833,0.39619773626327515
qwen2_5_0_5b_base,official_language:17,official_language,raw_question,0,4.450493812561035,0.45041123032569885,0.13157708942890167
qwen2_5_0_5b_base,official_language:17,official_language,raw_question,1,8.102416038513184,2.8496992588043213,0.16743436455726624
qwen2_5_0_5b_base,official_language:17,official_language,raw_question,2,8.020995140075684,1.5942121744155884,0.1700575351715088
qwen2_5_0_5b_base,official_language:17,official_language,raw_question,3,9.451581001281738,1.8537993431091309,0.1897088587284088
qwen2_5_0_5b_base,official_language:17,official_language,raw_question,4,10.423474311828613,2.930389165878296,0.21004222333431244
qwen2_5_0_5b_base,official_language:17,official_language,raw_question,5,11.809240341186523,2.86605167388916,0.21252423524856567
qwen2_5_0_5b_base,official_language:17,official_language,raw_question,6,13.718632698059082,1.8291429281234741,0.2218676060438156
qwen2_5_0_5b_base,official_language:17,official_language,raw_question,7,15.0442533493042,2.6651008129119873,0.22292959690093994
qwen2_5_0_5b_base,official_language:17,official_language,raw_question,8,15.057561874389648,3.6834466457366943,0.2088814228773117
qwen2_5_0_5b_base,official_language:17,official_language,raw_question,9,15.472550392150879,2.637404441833496,0.20636308193206787
qwen2_5_0_5b_base,official_language:17,official_language,raw_question,10,14.858773231506348,3.471621513366699,0.19263626635074615
qwen2_5_0_5b_base,official_language:17,official_language,raw_question,11,15.165482521057129,2.4350225925445557,0.19345366954803467
qwen2_5_0_5b_base,official_language:17,official_language,raw_question,12,15.796324729919434,2.7031548023223877,0.20010748505592346
qwen2_5_0_5b_base,official_language:17,official_language,raw_question,13,17.123992919921875,2.8240318298339844,0.20004892349243164
qwen2_5_0_5b_base,official_language:17,official_language,raw_question,14,18.311880111694336,3.296584367752075,0.2223869115114212
qwen2_5_0_5b_base,official_language:17,official_language,raw_question,15,19.967714309692383,4.0995988845825195,0.24477195739746094
qwen2_5_0_5b_base,official_language:17,official_language,raw_question,16,23.38520050048828,2.9162302017211914,0.2658943235874176
qwen2_5_0_5b_base,official_language:17,official_language,raw_question,17,28.32592010498047,4.163365364074707,0.24627216160297394
qwen2_5_0_5b_base,official_language:17,official_language,raw_question,18,32.68421173095703,2.4327096939086914,0.2408941686153412
qwen2_5_0_5b_base,official_language:17,official_language,raw_question,19,36.183067321777344,3.8114941120147705,0.27061617374420166
qwen2_5_0_5b_base,official_language:17,official_language,raw_question,20,50.25947570800781,11.659828186035156,0.2948535680770874
qwen2_5_0_5b_base,official_language:17,official_language,raw_question,21,71.84973907470703,16.56804656982422,0.2565542161464691
qwen2_5_0_5b_base,official_language:17,official_language,raw_question,22,77.1107177734375,6.9274821281433105,0.2847084701061249
qwen2_5_0_5b_base,official_language:17,official_language,raw_question,23,289.46759033203125,11.42111873626709,0.37117597460746765
qwen2_5_0_5b_base,official_language:17,official_language,declarative,0,4.913595199584961,0.4218180477619171,0.13363118469715118
qwen2_5_0_5b_base,official_language:17,official_language,declarative,1,7.861832141876221,2.834460735321045,0.16277511417865753
qwen2_5_0_5b_base,official_language:17,official_language,declarative,2,8.190067291259766,1.6995280981063843,0.18202312290668488
qwen2_5_0_5b_base,official_language:17,official_language,declarative,3,9.846722602844238,2.2705163955688477,0.19258613884449005
qwen2_5_0_5b_base,official_language:17,official_language,declarative,4,11.126174926757812,3.8998970985412598,0.21598801016807556
qwen2_5_0_5b_base,official_language:17,official_language,declarative,5,12.522899627685547,3.2630937099456787,0.21764029562473297
qwen2_5_0_5b_base,official_language:17,official_language,declarative,6,13.466204643249512,2.8257057666778564,0.21967759728431702
qwen2_5_0_5b_base,official_language:17,official_language,declarative,7,13.568854331970215,3.588348150253296,0.21350523829460144
qwen2_5_0_5b_base,official_language:17,official_language,declarative,8,13.726913452148438,4.196541786193848,0.20560745894908905
qwen2_5_0_5b_base,official_language:17,official_language,declarative,9,14.510260581970215,3.0677452087402344,0.20744547247886658
qwen2_5_0_5b_base,official_language:17,official_language,declarative,10,14.708930969238281,4.112774848937988,0.20268279314041138
qwen2_5_0_5b_base,official_language:17,official_language,declarative,11,14.718369483947754,2.738955020904541,0.19663245975971222
qwen2_5_0_5b_base,official_language:17,official_language,declarative,12,15.854628562927246,3.1237053871154785,0.20248658955097198
qwen2_5_0_5b_base,official_language:17,official_language,declarative,13,16.71792221069336,2.4542348384857178,0.20057055354118347
qwen2_5_0_5b_base,official_language:17,official_language,declarative,14,18.321989059448242,5.434530735015869,0.22800666093826294
qwen2_5_0_5b_base,official_language:17,official_language,declarative,15,21.182493209838867,4.585978031158447,0.24820508062839508
qwen2_5_0_5b_base,official_language:17,official_language,declarative,16,23.850650787353516,1.92681884765625,0.2764778137207031
qwen2_5_0_5b_base,official_language:17,official_language,declarative,17,28.463607788085938,5.434537410736084,0.24122054874897003
qwen2_5_0_5b_base,official_language:17,official_language,declarative,18,33.16316223144531,3.400876045227051,0.2492293119430542
qwen2_5_0_5b_base,official_language:17,official_language,declarative,19,38.56315994262695,3.8649561405181885,0.2730376720428467
qwen2_5_0_5b_base,official_language:17,official_language,declarative,20,52.61715316772461,10.912986755371094,0.29230746626853943
qwen2_5_0_5b_base,official_language:17,official_language,declarative,21,73.01866912841797,16.011619567871094,0.2702564299106598
qwen2_5_0_5b_base,official_language:17,official_language,declarative,22,79.73703002929688,3.999758005142212,0.3081911504268646
qwen2_5_0_5b_base,official_language:17,official_language,declarative,23,290.5473937988281,10.853069305419922,0.3565284311771393
qwen2_5_0_5b_base,official_language:17,official_language,qa,0,4.119934558868408,0.5528086423873901,0.13849897682666779
qwen2_5_0_5b_base,official_language:17,official_language,qa,1,6.889097213745117,2.8578829765319824,0.17480552196502686
qwen2_5_0_5b_base,official_language:17,official_language,qa,2,8.780913352966309,2.3841044902801514,0.2300240397453308
qwen2_5_0_5b_base,official_language:17,official_language,qa,3,9.506649017333984,3.046468734741211,0.21917736530303955
qwen2_5_0_5b_base,official_language:17,official_language,qa,4,10.369706153869629,2.5847790241241455,0.21142563223838806
qwen2_5_0_5b_base,official_language:17,official_language,qa,5,10.947877883911133,3.2200169563293457,0.21085408329963684
qwen2_5_0_5b_base,official_language:17,official_language,qa,6,12.082072257995605,2.2584261894226074,0.2226884514093399
qwen2_5_0_5b_base,official_language:17,official_language,qa,7,12.353533744812012,2.0590991973876953,0.2194163203239441
qwen2_5_0_5b_base,official_language:17,official_language,qa,8,12.89464282989502,3.210230827331543,0.19725064933300018
qwen2_5_0_5b_base,official_language:17,official_language,qa,9,14.109724998474121,2.923403263092041,0.2063727229833603
qwen2_5_0_5b_base,official_language:17,official_language,qa,10,13.124563217163086,3.1560795307159424,0.19582338631153107
qwen2_5_0_5b_base,official_language:17,official_language,qa,11,14.717034339904785,2.4031076431274414,0.20518681406974792
qwen2_5_0_5b_base,official_language:17,official_language,qa,12,15.146655082702637,2.974639415740967,0.21111206710338593
qwen2_5_0_5b_base,official_language:17,official_language,qa,13,16.08338165283203,2.6061625480651855,0.21451197564601898
qwen2_5_0_5b_base,official_language:17,official_language,qa,14,18.97402572631836,6.331592082977295,0.23781244456768036
qwen2_5_0_5b_base,official_language:17,official_language,qa,15,21.3902587890625,4.547066688537598,0.2567957937717438
qwen2_5_0_5b_base,official_language:17,official_language,qa,16,23.926570892333984,1.950740098953247,0.2799893319606781
qwen2_5_0_5b_base,official_language:17,official_language,qa,17,28.847490310668945,5.715946674346924,0.2484191656112671
qwen2_5_0_5b_base,official_language:17,official_language,qa,18,35.3035774230957,4.614292144775391,0.2458808869123459
qwen2_5_0_5b_base,official_language:17,official_language,qa,19,39.928504943847656,4.0694074630737305,0.28591814637184143
qwen2_5_0_5b_base,official_language:17,official_language,qa,20,51.21406936645508,11.728368759155273,0.30476680397987366
qwen2_5_0_5b_base,official_language:17,official_language,qa,21,72.027587890625,19.157007217407227,0.276763916015625
qwen2_5_0_5b_base,official_language:17,official_language,qa,22,80.16976928710938,4.436056613922119,0.3438221216201782
qwen2_5_0_5b_base,official_language:17,official_language,qa,23,286.86785888671875,12.95380973815918,0.39304590225219727
qwen2_5_0_5b_base,official_language:17,official_language,chat_template,0,3.6191649436950684,0.5915128588676453,0.10463624447584152
qwen2_5_0_5b_base,official_language:17,official_language,chat_template,1,6.822861194610596,2.8369200229644775,0.16718615591526031
qwen2_5_0_5b_base,official_language:17,official_language,chat_template,2,7.270784378051758,1.5036725997924805,0.14837618172168732
qwen2_5_0_5b_base,official_language:17,official_language,chat_template,3,8.405628204345703,2.3379290103912354,0.1706162989139557
qwen2_5_0_5b_base,official_language:17,official_language,chat_template,4,9.676607131958008,2.883314847946167,0.19482490420341492
qwen2_5_0_5b_base,official_language:17,official_language,chat_template,5,10.762263298034668,4.110095500946045,0.21160341799259186
qwen2_5_0_5b_base,official_language:17,official_language,chat_template,6,11.568806648254395,2.8551785945892334,0.21909423172473907
qwen2_5_0_5b_base,official_language:17,official_language,chat_template,7,13.159971237182617,3.573089599609375,0.22029267251491547
qwen2_5_0_5b_base,official_language:17,official_language,chat_template,8,12.59756851196289,4.200629711151123,0.2025342434644699
qwen2_5_0_5b_base,official_language:17,official_language,chat_template,9,13.225543022155762,3.0233659744262695,0.20592153072357178
qwen2_5_0_5b_base,official_language:17,official_language,chat_template,10,14.497496604919434,4.323654651641846,0.2082253098487854
qwen2_5_0_5b_base,official_language:17,official_language,chat_template,11,14.694206237792969,2.5703659057617188,0.2190093994140625
qwen2_5_0_5b_base,official_language:17,official_language,chat_template,12,14.78722858428955,3.579953193664551,0.21441750228405
qwen2_5_0_5b_base,official_language:17,official_language,chat_template,13,15.666155815124512,3.1368205547332764,0.22028852999210358
qwen2_5_0_5b_base,official_language:17,official_language,chat_template,14,19.210847854614258,6.054042339324951,0.24914881587028503
qwen2_5_0_5b_base,official_language:17,official_language,chat_template,15,20.980531692504883,5.0461907386779785,0.25443795323371887
qwen2_5_0_5b_base,official_language:17,official_language,chat_template,16,23.02995491027832,2.914243459701538,0.2808358669281006
qwen2_5_0_5b_base,official_language:17,official_language,chat_template,17,29.148242950439453,5.300917148590088,0.25437769293785095
qwen2_5_0_5b_base,official_language:17,official_language,chat_template,18,32.71625900268555,3.905047655105591,0.2426319569349289
qwen2_5_0_5b_base,official_language:17,official_language,chat_template,19,35.820228576660156,3.2023777961730957,0.2747066020965576
qwen2_5_0_5b_base,official_language:17,official_language,chat_template,20,48.56752395629883,11.461709022521973,0.28922930359840393
qwen2_5_0_5b_base,official_language:17,official_language,chat_template,21,64.94439697265625,25.99838638305664,0.25018346309661865
qwen2_5_0_5b_base,official_language:17,official_language,chat_template,22,70.16409301757812,11.153472900390625,0.309485524892807
qwen2_5_0_5b_base,official_language:17,official_language,chat_template,23,253.91184997558594,12.886256217956543,0.4017070531845093
qwen2_5_0_5b_base,currency:0,currency,raw_question,0,4.409374237060547,0.45203259587287903,0.1330994963645935
qwen2_5_0_5b_base,currency:0,currency,raw_question,1,7.950037956237793,2.8504977226257324,0.16967083513736725
qwen2_5_0_5b_base,currency:0,currency,raw_question,2,8.082242965698242,1.5969128608703613,0.17171768844127655
qwen2_5_0_5b_base,currency:0,currency,raw_question,3,9.462766647338867,1.8694348335266113,0.1914941370487213
qwen2_5_0_5b_base,currency:0,currency,raw_question,4,10.674359321594238,2.676723003387451,0.21004949510097504
qwen2_5_0_5b_base,currency:0,currency,raw_question,5,11.648664474487305,3.0165388584136963,0.21194417774677277
qwen2_5_0_5b_base,currency:0,currency,raw_question,6,13.026505470275879,1.7619035243988037,0.21751591563224792
qwen2_5_0_5b_base,currency:0,currency,raw_question,7,14.52663516998291,2.436328411102295,0.21841511130332947
qwen2_5_0_5b_base,currency:0,currency,raw_question,8,14.806840896606445,3.642320156097412,0.20893028378486633
qwen2_5_0_5b_base,currency:0,currency,raw_question,9,15.245648384094238,2.5561859607696533,0.20351184904575348
qwen2_5_0_5b_base,currency:0,currency,raw_question,10,15.28725528717041,3.8408586978912354,0.19414593279361725
qwen2_5_0_5b_base,currency:0,currency,raw_question,11,15.352339744567871,2.6701743602752686,0.19928234815597534
qwen2_5_0_5b_base,currency:0,currency,raw_question,12,16.256237030029297,2.7402286529541016,0.20299455523490906
qwen2_5_0_5b_base,currency:0,currency,raw_question,13,17.40794563293457,3.0014727115631104,0.20199890434741974
qwen2_5_0_5b_base,currency:0,currency,raw_question,14,18.4195613861084,3.5455639362335205,0.22327473759651184
qwen2_5_0_5b_base,currency:0,currency,raw_question,15,20.374433517456055,3.79410457611084,0.24357374012470245
qwen2_5_0_5b_base,currency:0,currency,raw_question,16,24.3822021484375,1.5730239152908325,0.2707783579826355
qwen2_5_0_5b_base,currency:0,currency,raw_question,17,29.168367385864258,4.027614116668701,0.24921412765979767
qwen2_5_0_5b_base,currency:0,currency,raw_question,18,33.32973861694336,1.7727086544036865,0.2418702244758606
qwen2_5_0_5b_base,currency:0,currency,raw_question,19,37.4571647644043,3.7697904109954834,0.2714822292327881
qwen2_5_0_5b_base,currency:0,currency,raw_question,20,52.718505859375,11.287242889404297,0.29090115427970886
qwen2_5_0_5b_base,currency:0,currency,raw_question,21,73.73770904541016,15.81851863861084,0.2566708028316498
qwen2_5_0_5b_base,currency:0,currency,raw_question,22,78.56700897216797,5.55573034286499,0.2861180007457733
qwen2_5_0_5b_base,currency:0,currency,raw_question,23,277.5874328613281,12.16015338897705,0.37765195965766907
qwen2_5_0_5b_base,currency:0,currency,declarative,0,4.954144477844238,0.4290698766708374,0.137569397687912
qwen2_5_0_5b_base,currency:0,currency,declarative,1,7.9681620597839355,2.7307612895965576,0.16466264426708221
qwen2_5_0_5b_base,currency:0,currency,declarative,2,8.380158424377441,1.6941606998443604,0.1771649420261383
qwen2_5_0_5b_base,currency:0,currency,declarative,3,9.77137565612793,2.1934940814971924,0.1911344975233078
qwen2_5_0_5b_base,currency:0,currency,declarative,4,11.334627151489258,3.4992992877960205,0.21601104736328125
qwen2_5_0_5b_base,currency:0,currency,declarative,5,14.045048713684082,3.9571642875671387,0.22167536616325378
qwen2_5_0_5b_base,currency:0,currency,declarative,6,13.666350364685059,2.8471546173095703,0.22872719168663025
qwen2_5_0_5b_base,currency:0,currency,declarative,7,14.205320358276367,2.936692237854004,0.21956917643547058
qwen2_5_0_5b_base,currency:0,currency,declarative,8,14.489859580993652,4.6950883865356445,0.2095472812652588
qwen2_5_0_5b_base,currency:0,currency,declarative,9,14.602753639221191,2.3173515796661377,0.20008468627929688
qwen2_5_0_5b_base,currency:0,currency,declarative,10,15.764795303344727,4.016811370849609,0.19988350570201874
qwen2_5_0_5b_base,currency:0,currency,declarative,11,15.410367965698242,2.6990373134613037,0.2001701146364212
qwen2_5_0_5b_base,currency:0,currency,declarative,12,16.362878799438477,2.8432648181915283,0.19918861985206604
qwen2_5_0_5b_base,currency:0,currency,declarative,13,17.282907485961914,2.1317508220672607,0.19526712596416473
qwen2_5_0_5b_base,currency:0,currency,declarative,14,18.765480041503906,4.9833221435546875,0.2221875935792923
qwen2_5_0_5b_base,currency:0,currency,declarative,15,21.28189468383789,4.069422245025635,0.2436901330947876
qwen2_5_0_5b_base,currency:0,currency,declarative,16,25.624828338623047,1.876035451889038,0.2774246335029602
qwen2_5_0_5b_base,currency:0,currency,declarative,17,31.07122802734375,5.714563369750977,0.24449077248573303
qwen2_5_0_5b_base,currency:0,currency,declarative,18,35.367103576660156,3.6055099964141846,0.25015345215797424
qwen2_5_0_5b_base,currency:0,currency,declarative,19,40.480255126953125,4.00919771194458,0.27791666984558105
qwen2_5_0_5b_base,currency:0,currency,declarative,20,53.79119110107422,11.286297798156738,0.3019489347934723
qwen2_5_0_5b_base,currency:0,currency,declarative,21,71.8837661743164,15.24085521697998,0.2888633906841278
qwen2_5_0_5b_base,currency:0,currency,declarative,22,78.47681427001953,4.0427985191345215,0.3514876663684845
qwen2_5_0_5b_base,currency:0,currency,declarative,23,276.9063415527344,11.961830139160156,0.3776654303073883
qwen2_5_0_5b_base,currency:0,currency,qa,0,4.1107659339904785,0.5496516227722168,0.14057143032550812
qwen2_5_0_5b_base,currency:0,currency,qa,1,6.905862331390381,2.8735477924346924,0.17606668174266815
qwen2_5_0_5b_base,currency:0,currency,qa,2,8.741734504699707,2.328878402709961,0.23048162460327148
qwen2_5_0_5b_base,currency:0,currency,qa,3,9.549482345581055,3.0970749855041504,0.21948422491550446
qwen2_5_0_5b_base,currency:0,currency,qa,4,10.366960525512695,2.5385401248931885,0.21141016483306885
qwen2_5_0_5b_base,currency:0,currency,qa,5,11.02388858795166,3.348367691040039,0.21205450594425201
qwen2_5_0_5b_base,currency:0,currency,qa,6,12.199991226196289,2.251570701599121,0.22336094081401825
qwen2_5_0_5b_base,currency:0,currency,qa,7,12.382970809936523,2.2497987747192383,0.21992480754852295
qwen2_5_0_5b_base,currency:0,currency,qa,8,12.909554481506348,3.244894504547119,0.19739679992198944
qwen2_5_0_5b_base,currency:0,currency,qa,9,14.0264310836792,2.791832208633423,0.20616808533668518
qwen2_5_0_5b_base,currency:0,currency,qa,10,12.980754852294922,3.1752350330352783,0.1950557380914688
qwen2_5_0_5b_base,currency:0,currency,qa,11,14.423164367675781,2.4301695823669434,0.2047121524810791
qwen2_5_0_5b_base,currency:0,currency,qa,12,14.960911750793457,2.924508810043335,0.20992043614387512
qwen2_5_0_5b_base,currency:0,currency,qa,13,15.855937957763672,2.590538263320923,0.21524836122989655
qwen2_5_0_5b_base,currency:0,currency,qa,14,19.00193214416504,6.291592597961426,0.2382434755563736
qwen2_5_0_5b_base,currency:0,currency,qa,15,21.80904769897461,4.975049018859863,0.25283393263816833
qwen2_5_0_5b_base,currency:0,currency,qa,16,24.831384658813477,1.8161888122558594,0.27901363372802734
qwen2_5_0_5b_base,currency:0,currency,qa,17,29.442279815673828,5.5737457275390625,0.24855533242225647
qwen2_5_0_5b_base,currency:0,currency,qa,18,35.35745620727539,5.173795223236084,0.24602541327476501
qwen2_5_0_5b_base,currency:0,currency,qa,19,39.212650299072266,4.092346668243408,0.28306159377098083
qwen2_5_0_5b_base,currency:0,currency,qa,20,50.581581115722656,13.485210418701172,0.3050629794597626
qwen2_5_0_5b_base,currency:0,currency,qa,21,70.7673568725586,19.628318786621094,0.2923007607460022
qwen2_5_0_5b_base,currency:0,currency,qa,22,78.79106140136719,5.440937519073486,0.3657964766025543
qwen2_5_0_5b_base,currency:0,currency,qa,23,278.9381408691406,13.455065727233887,0.4000968039035797
qwen2_5_0_5b_base,currency:0,currency,chat_template,0,3.60329008102417,0.5907118916511536,0.10491904616355896
qwen2_5_0_5b_base,currency:0,currency,chat_template,1,6.793272972106934,2.8239264488220215,0.16709885001182556
qwen2_5_0_5b_base,currency:0,currency,chat_template,2,7.271771430969238,1.4981358051300049,0.14729426801204681
qwen2_5_0_5b_base,currency:0,currency,chat_template,3,8.322100639343262,2.315110683441162,0.1710345298051834
qwen2_5_0_5b_base,currency:0,currency,chat_template,4,9.573699951171875,2.81514048576355,0.1948576718568802
qwen2_5_0_5b_base,currency:0,currency,chat_template,5,10.386218070983887,3.8966546058654785,0.21130837500095367
qwen2_5_0_5b_base,currency:0,currency,chat_template,6,11.706280708312988,3.0961780548095703,0.21939615905284882
qwen2_5_0_5b_base,currency:0,currency,chat_template,7,13.069974899291992,3.818444013595581,0.22414004802703857
qwen2_5_0_5b_base,currency:0,currency,chat_template,8,12.687736511230469,4.355515480041504,0.20557862520217896
qwen2_5_0_5b_base,currency:0,currency,chat_template,9,13.323938369750977,2.902467727661133,0.21020115911960602
qwen2_5_0_5b_base,currency:0,currency,chat_template,10,14.203761100769043,3.9527273178100586,0.20467543601989746
qwen2_5_0_5b_base,currency:0,currency,chat_template,11,15.884594917297363,2.3156700134277344,0.2211645096540451
qwen2_5_0_5b_base,currency:0,currency,chat_template,12,15.530304908752441,3.9487199783325195,0.2260172963142395
qwen2_5_0_5b_base,currency:0,currency,chat_template,13,16.153806686401367,2.9306087493896484,0.22585563361644745
qwen2_5_0_5b_base,currency:0,currency,chat_template,14,20.162607192993164,5.781616687774658,0.25422054529190063
qwen2_5_0_5b_base,currency:0,currency,chat_template,15,20.9615421295166,5.0586419105529785,0.25998184084892273
qwen2_5_0_5b_base,currency:0,currency,chat_template,16,23.165151596069336,3.0272953510284424,0.2878880798816681
qwen2_5_0_5b_base,currency:0,currency,chat_template,17,30.023216247558594,5.4350714683532715,0.2565138638019562
qwen2_5_0_5b_base,currency:0,currency,chat_template,18,33.39944839477539,2.931222915649414,0.24848847091197968
qwen2_5_0_5b_base,currency:0,currency,chat_template,19,36.840267181396484,3.3377208709716797,0.28152647614479065
qwen2_5_0_5b_base,currency:0,currency,chat_template,20,50.24633026123047,12.335083961486816,0.2955653667449951
qwen2_5_0_5b_base,currency:0,currency,chat_template,21,66.87349700927734,25.497509002685547,0.2547471821308136
qwen2_5_0_5b_base,currency:0,currency,chat_template,22,73.31497955322266,11.369690895080566,0.3200176954269409
qwen2_5_0_5b_base,currency:0,currency,chat_template,23,252.12945556640625,15.464956283569336,0.3991933763027191
qwen2_5_0_5b_base,currency:1,currency,raw_question,0,4.513956069946289,0.44535747170448303,0.1332942247390747
qwen2_5_0_5b_base,currency:1,currency,raw_question,1,8.018184661865234,2.836116313934326,0.1692925989627838
qwen2_5_0_5b_base,currency:1,currency,raw_question,2,8.189520835876465,1.601958155632019,0.1729956716299057
qwen2_5_0_5b_base,currency:1,currency,raw_question,3,9.518572807312012,1.9230155944824219,0.19238421320915222
qwen2_5_0_5b_base,currency:1,currency,raw_question,4,10.879963874816895,2.8265068531036377,0.21057665348052979
qwen2_5_0_5b_base,currency:1,currency,raw_question,5,11.922451972961426,3.1226816177368164,0.21224230527877808
qwen2_5_0_5b_base,currency:1,currency,raw_question,6,13.323142051696777,1.7879801988601685,0.21837946772575378
qwen2_5_0_5b_base,currency:1,currency,raw_question,7,14.909449577331543,2.5721871852874756,0.21950073540210724
qwen2_5_0_5b_base,currency:1,currency,raw_question,8,15.173113822937012,3.7514359951019287,0.20930567383766174
qwen2_5_0_5b_base,currency:1,currency,raw_question,9,15.41589069366455,2.556326389312744,0.20502223074436188
qwen2_5_0_5b_base,currency:1,currency,raw_question,10,15.401029586791992,3.824721574783325,0.19366586208343506
qwen2_5_0_5b_base,currency:1,currency,raw_question,11,15.462287902832031,2.6803791522979736,0.19767184555530548
qwen2_5_0_5b_base,currency:1,currency,raw_question,12,16.38670539855957,2.869476318359375,0.20520778000354767
qwen2_5_0_5b_base,currency:1,currency,raw_question,13,17.529447555541992,2.9533517360687256,0.20214562118053436
qwen2_5_0_5b_base,currency:1,currency,raw_question,14,18.64699363708496,3.5750977993011475,0.22428564727306366
qwen2_5_0_5b_base,currency:1,currency,raw_question,15,20.400270462036133,3.856571912765503,0.24463492631912231
qwen2_5_0_5b_base,currency:1,currency,raw_question,16,24.184572219848633,1.900743842124939,0.2701520025730133
qwen2_5_0_5b_base,currency:1,currency,raw_question,17,29.002878189086914,4.085943222045898,0.24804165959358215
qwen2_5_0_5b_base,currency:1,currency,raw_question,18,33.270469665527344,1.8773802518844604,0.24041680991649628
qwen2_5_0_5b_base,currency:1,currency,raw_question,19,37.403507232666016,4.041621685028076,0.27014437317848206
qwen2_5_0_5b_base,currency:1,currency,raw_question,20,53.16429901123047,11.872605323791504,0.29346299171447754
qwen2_5_0_5b_base,currency:1,currency,raw_question,21,74.38838958740234,16.661706924438477,0.2581239640712738
qwen2_5_0_5b_base,currency:1,currency,raw_question,22,78.72154998779297,8.298629760742188,0.28943759202957153
qwen2_5_0_5b_base,currency:1,currency,raw_question,23,282.4471130371094,13.88022518157959,0.38004404306411743
qwen2_5_0_5b_base,currency:1,currency,declarative,0,5.02297306060791,0.42033976316452026,0.13870759308338165
qwen2_5_0_5b_base,currency:1,currency,declarative,1,8.043423652648926,2.7488861083984375,0.16548645496368408
qwen2_5_0_5b_base,currency:1,currency,declarative,2,8.504148483276367,1.6229991912841797,0.17831313610076904
qwen2_5_0_5b_base,currency:1,currency,declarative,3,9.774680137634277,2.250623941421509,0.19207273423671722
qwen2_5_0_5b_base,currency:1,currency,declarative,4,11.49309253692627,3.4906857013702393,0.2181307077407837
qwen2_5_0_5b_base,currency:1,currency,declarative,5,14.390837669372559,3.9318742752075195,0.22186696529388428
qwen2_5_0_5b_base,currency:1,currency,declarative,6,13.786999702453613,2.676875591278076,0.2313290685415268
qwen2_5_0_5b_base,currency:1,currency,declarative,7,14.318544387817383,2.9921505451202393,0.22296297550201416
qwen2_5_0_5b_base,currency:1,currency,declarative,8,14.71350383758545,4.785024166107178,0.2078637033700943
qwen2_5_0_5b_base,currency:1,currency,declarative,9,14.741930961608887,2.22237229347229,0.19765298068523407
qwen2_5_0_5b_base,currency:1,currency,declarative,10,15.948728561401367,3.9586803913116455,0.20108240842819214
qwen2_5_0_5b_base,currency:1,currency,declarative,11,15.353360176086426,2.7677245140075684,0.20281781256198883
qwen2_5_0_5b_base,currency:1,currency,declarative,12,15.988754272460938,2.904306173324585,0.1988653540611267
qwen2_5_0_5b_base,currency:1,currency,declarative,13,17.395090103149414,2.223548650741577,0.1954592764377594
qwen2_5_0_5b_base,currency:1,currency,declarative,14,18.80376434326172,5.1654229164123535,0.2259194254875183
qwen2_5_0_5b_base,currency:1,currency,declarative,15,21.125532150268555,3.870370864868164,0.2446436882019043
qwen2_5_0_5b_base,currency:1,currency,declarative,16,25.126195907592773,2.284374952316284,0.27523547410964966
qwen2_5_0_5b_base,currency:1,currency,declarative,17,30.179201126098633,6.424282550811768,0.2437906265258789
qwen2_5_0_5b_base,currency:1,currency,declarative,18,34.49838638305664,3.6902785301208496,0.2496161162853241
qwen2_5_0_5b_base,currency:1,currency,declarative,19,40.2041015625,3.8570470809936523,0.2782834768295288
qwen2_5_0_5b_base,currency:1,currency,declarative,20,52.86490249633789,12.129161834716797,0.3031446933746338
qwen2_5_0_5b_base,currency:1,currency,declarative,21,71.52974700927734,18.143184661865234,0.2982251048088074
qwen2_5_0_5b_base,currency:1,currency,declarative,22,78.77044677734375,6.387758731842041,0.381781667470932
qwen2_5_0_5b_base,currency:1,currency,declarative,23,279.5158996582031,14.09592342376709,0.3909655809402466
qwen2_5_0_5b_base,currency:1,currency,qa,0,4.141432285308838,0.5502588748931885,0.14046373963356018
qwen2_5_0_5b_base,currency:1,currency,qa,1,6.863383769989014,2.848860025405884,0.17450332641601562
qwen2_5_0_5b_base,currency:1,currency,qa,2,8.737631797790527,2.3529584407806396,0.23097507655620575
qwen2_5_0_5b_base,currency:1,currency,qa,3,9.579398155212402,3.04904842376709,0.21915662288665771
qwen2_5_0_5b_base,currency:1,currency,qa,4,10.339096069335938,2.523131847381592,0.21119418740272522
qwen2_5_0_5b_base,currency:1,currency,qa,5,10.956206321716309,3.3120110034942627,0.21149231493473053
qwen2_5_0_5b_base,currency:1,currency,qa,6,12.15292739868164,2.2484629154205322,0.2234458178281784
qwen2_5_0_5b_base,currency:1,currency,qa,7,12.292797088623047,2.2034614086151123,0.2197333425283432
qwen2_5_0_5b_base,currency:1,currency,qa,8,12.908878326416016,3.194817066192627,0.19689427316188812
qwen2_5_0_5b_base,currency:1,currency,qa,9,14.074625968933105,2.8127365112304688,0.20526517927646637
qwen2_5_0_5b_base,currency:1,currency,qa,10,12.96688461303711,3.238025665283203,0.19432702660560608
qwen2_5_0_5b_base,currency:1,currency,qa,11,14.468385696411133,2.404144287109375,0.20330604910850525
qwen2_5_0_5b_base,currency:1,currency,qa,12,15.124570846557617,3.0211739540100098,0.2108481377363205
qwen2_5_0_5b_base,currency:1,currency,qa,13,16.07958984375,2.5975499153137207,0.2163628488779068
qwen2_5_0_5b_base,currency:1,currency,qa,14,19.275503158569336,6.622148513793945,0.24099695682525635
qwen2_5_0_5b_base,currency:1,currency,qa,15,21.950302124023438,4.904783248901367,0.25495627522468567
qwen2_5_0_5b_base,currency:1,currency,qa,16,24.545101165771484,1.6045353412628174,0.2794482111930847
qwen2_5_0_5b_base,currency:1,currency,qa,17,29.774768829345703,6.431613445281982,0.2514886260032654
qwen2_5_0_5b_base,currency:1,currency,qa,18,35.33133316040039,4.845722198486328,0.24745941162109375
qwen2_5_0_5b_base,currency:1,currency,qa,19,39.434608459472656,3.907191514968872,0.2813936173915863
qwen2_5_0_5b_base,currency:1,currency,qa,20,50.824684143066406,12.991455078125,0.3056052029132843
qwen2_5_0_5b_base,currency:1,currency,qa,21,71.54032897949219,20.848613739013672,0.29618754982948303
qwen2_5_0_5b_base,currency:1,currency,qa,22,78.53323364257812,8.891915321350098,0.38292235136032104
qwen2_5_0_5b_base,currency:1,currency,qa,23,282.65673828125,17.038156509399414,0.4213780462741852
qwen2_5_0_5b_base,currency:1,currency,chat_template,0,3.605095863342285,0.5908925533294678,0.10475262254476547
qwen2_5_0_5b_base,currency:1,currency,chat_template,1,6.81643009185791,2.8245551586151123,0.16706499457359314
qwen2_5_0_5b_base,currency:1,currency,chat_template,2,7.288792610168457,1.5015556812286377,0.14745038747787476
qwen2_5_0_5b_base,currency:1,currency,chat_template,3,8.32927417755127,2.3256192207336426,0.17086318135261536
qwen2_5_0_5b_base,currency:1,currency,chat_template,4,9.596327781677246,2.8325700759887695,0.194459468126297
qwen2_5_0_5b_base,currency:1,currency,chat_template,5,10.385459899902344,3.8848304748535156,0.210972860455513
qwen2_5_0_5b_base,currency:1,currency,chat_template,6,11.638148307800293,3.0610201358795166,0.21878895163536072
qwen2_5_0_5b_base,currency:1,currency,chat_template,7,13.058199882507324,3.7003984451293945,0.22343184053897858
qwen2_5_0_5b_base,currency:1,currency,chat_template,8,12.662369728088379,4.340671062469482,0.20551364123821259
qwen2_5_0_5b_base,currency:1,currency,chat_template,9,13.243459701538086,2.8492162227630615,0.21040543913841248
qwen2_5_0_5b_base,currency:1,currency,chat_template,10,14.189763069152832,3.931493043899536,0.2048041969537735
qwen2_5_0_5b_base,currency:1,currency,chat_template,11,15.807581901550293,2.3076446056365967,0.22130514681339264
qwen2_5_0_5b_base,currency:1,currency,chat_template,12,15.440224647521973,3.9764106273651123,0.22518329322338104
qwen2_5_0_5b_base,currency:1,currency,chat_template,13,16.090219497680664,2.9856033325195312,0.22553373873233795
qwen2_5_0_5b_base,currency:1,currency,chat_template,14,20.211706161499023,5.892083168029785,0.25417056679725647
qwen2_5_0_5b_base,currency:1,currency,chat_template,15,20.937576293945312,5.0047221183776855,0.2613086998462677
qwen2_5_0_5b_base,currency:1,currency,chat_template,16,23.00364875793457,3.068394899368286,0.28918570280075073
qwen2_5_0_5b_base,currency:1,currency,chat_template,17,30.170028686523438,5.559137344360352,0.2568263113498688
qwen2_5_0_5b_base,currency:1,currency,chat_template,18,33.500823974609375,2.950727939605713,0.249212384223938
qwen2_5_0_5b_base,currency:1,currency,chat_template,19,36.60786819458008,3.347071886062622,0.2824691832065582
qwen2_5_0_5b_base,currency:1,currency,chat_template,20,50.63130187988281,12.44536304473877,0.2983914315700531
qwen2_5_0_5b_base,currency:1,currency,chat_template,21,66.78691864013672,25.31804847717285,0.2545958459377289
qwen2_5_0_5b_base,currency:1,currency,chat_template,22,73.91986846923828,12.570097923278809,0.3179163634777069
qwen2_5_0_5b_base,currency:1,currency,chat_template,23,255.83868408203125,15.690927505493164,0.4049009382724762
qwen2_5_0_5b_base,currency:2,currency,raw_question,0,4.436275482177734,0.4435249865055084,0.1312842071056366
qwen2_5_0_5b_base,currency:2,currency,raw_question,1,7.8887715339660645,2.825772285461426,0.1690353900194168
qwen2_5_0_5b_base,currency:2,currency,raw_question,2,8.040559768676758,1.5952545404434204,0.1719040870666504
qwen2_5_0_5b_base,currency:2,currency,raw_question,3,9.417848587036133,1.9750175476074219,0.19198791682720184
qwen2_5_0_5b_base,currency:2,currency,raw_question,4,10.889201164245605,2.972360134124756,0.21101415157318115
qwen2_5_0_5b_base,currency:2,currency,raw_question,5,11.93230152130127,3.1056923866271973,0.21186509728431702
qwen2_5_0_5b_base,currency:2,currency,raw_question,6,13.100445747375488,1.760774850845337,0.2185092270374298
qwen2_5_0_5b_base,currency:2,currency,raw_question,7,14.561114311218262,2.521226167678833,0.2189066857099533
qwen2_5_0_5b_base,currency:2,currency,raw_question,8,14.92884349822998,3.71449875831604,0.2094784528017044
qwen2_5_0_5b_base,currency:2,currency,raw_question,9,15.34400749206543,2.5734446048736572,0.20518958568572998
qwen2_5_0_5b_base,currency:2,currency,raw_question,10,15.381149291992188,3.8774125576019287,0.19315771758556366
qwen2_5_0_5b_base,currency:2,currency,raw_question,11,15.348406791687012,2.653944730758667,0.19805890321731567
qwen2_5_0_5b_base,currency:2,currency,raw_question,12,16.276185989379883,2.7920522689819336,0.20319300889968872
qwen2_5_0_5b_base,currency:2,currency,raw_question,13,17.41879653930664,3.0161871910095215,0.20050761103630066
qwen2_5_0_5b_base,currency:2,currency,raw_question,14,18.555709838867188,3.641904830932617,0.22230581939220428
qwen2_5_0_5b_base,currency:2,currency,raw_question,15,20.361547470092773,3.5949487686157227,0.24324417114257812
qwen2_5_0_5b_base,currency:2,currency,raw_question,16,24.28371238708496,1.4423279762268066,0.2695813477039337
qwen2_5_0_5b_base,currency:2,currency,raw_question,17,29.065916061401367,4.0269904136657715,0.24736903607845306
qwen2_5_0_5b_base,currency:2,currency,raw_question,18,33.452369689941406,1.7458139657974243,0.24001045525074005
qwen2_5_0_5b_base,currency:2,currency,raw_question,19,37.89501190185547,3.982917308807373,0.26980170607566833
qwen2_5_0_5b_base,currency:2,currency,raw_question,20,53.11737823486328,10.489958763122559,0.28959226608276367
qwen2_5_0_5b_base,currency:2,currency,raw_question,21,74.08512878417969,15.98481559753418,0.2536751627922058
qwen2_5_0_5b_base,currency:2,currency,raw_question,22,78.00782012939453,8.810087203979492,0.285245805978775
qwen2_5_0_5b_base,currency:2,currency,raw_question,23,280.7577819824219,11.993067741394043,0.3797145187854767
qwen2_5_0_5b_base,currency:2,currency,declarative,0,4.817694664001465,0.4213732182979584,0.13561487197875977
qwen2_5_0_5b_base,currency:2,currency,declarative,1,7.937320709228516,2.7094404697418213,0.16418996453285217
qwen2_5_0_5b_base,currency:2,currency,declarative,2,8.344122886657715,1.6122411489486694,0.17761370539665222
qwen2_5_0_5b_base,currency:2,currency,declarative,3,9.717846870422363,2.253082752227783,0.19024860858917236
qwen2_5_0_5b_base,currency:2,currency,declarative,4,11.600456237792969,3.6692893505096436,0.22033610939979553
qwen2_5_0_5b_base,currency:2,currency,declarative,5,14.518152236938477,3.9613351821899414,0.2208467721939087
qwen2_5_0_5b_base,currency:2,currency,declarative,6,13.847474098205566,2.699296712875366,0.2312653660774231
qwen2_5_0_5b_base,currency:2,currency,declarative,7,14.375508308410645,2.71614146232605,0.22131453454494476
qwen2_5_0_5b_base,currency:2,currency,declarative,8,14.768092155456543,4.818676471710205,0.2080550342798233
qwen2_5_0_5b_base,currency:2,currency,declarative,9,14.866243362426758,2.3776285648345947,0.19939744472503662
qwen2_5_0_5b_base,currency:2,currency,declarative,10,16.167945861816406,4.05999231338501,0.20122456550598145
qwen2_5_0_5b_base,currency:2,currency,declarative,11,15.614706039428711,2.7832376956939697,0.20238487422466278
qwen2_5_0_5b_base,currency:2,currency,declarative,12,16.5017032623291,3.0300416946411133,0.20057658851146698
qwen2_5_0_5b_base,currency:2,currency,declarative,13,17.50109100341797,2.257507085800171,0.19489793479442596
qwen2_5_0_5b_base,currency:2,currency,declarative,14,19.136749267578125,4.994444847106934,0.22454442083835602
qwen2_5_0_5b_base,currency:2,currency,declarative,15,21.500885009765625,3.9637584686279297,0.2438448816537857
qwen2_5_0_5b_base,currency:2,currency,declarative,16,25.577157974243164,2.0375072956085205,0.27505257725715637
qwen2_5_0_5b_base,currency:2,currency,declarative,17,30.75874900817871,6.3268585205078125,0.24463778734207153
qwen2_5_0_5b_base,currency:2,currency,declarative,18,35.15470504760742,3.509140729904175,0.2496720403432846
qwen2_5_0_5b_base,currency:2,currency,declarative,19,40.59742736816406,3.936441421508789,0.2765413820743561
qwen2_5_0_5b_base,currency:2,currency,declarative,20,53.38936233520508,10.554107666015625,0.3020472228527069
qwen2_5_0_5b_base,currency:2,currency,declarative,21,72.99971008300781,16.573835372924805,0.2943888008594513
qwen2_5_0_5b_base,currency:2,currency,declarative,22,78.54490661621094,5.424389839172363,0.37032350897789
qwen2_5_0_5b_base,currency:2,currency,declarative,23,283.37872314453125,12.099596977233887,0.388308048248291
qwen2_5_0_5b_base,currency:2,currency,qa,0,4.15726900100708,0.550346851348877,0.13778600096702576
qwen2_5_0_5b_base,currency:2,currency,qa,1,6.942851543426514,2.863523006439209,0.17543572187423706
qwen2_5_0_5b_base,currency:2,currency,qa,2,8.846001625061035,2.382211923599243,0.2317013442516327
qwen2_5_0_5b_base,currency:2,currency,qa,3,9.562007904052734,3.0996766090393066,0.22026802599430084
qwen2_5_0_5b_base,currency:2,currency,qa,4,10.344453811645508,2.504678726196289,0.2117403894662857
qwen2_5_0_5b_base,currency:2,currency,qa,5,10.864579200744629,3.281649112701416,0.21156160533428192
qwen2_5_0_5b_base,currency:2,currency,qa,6,12.24830150604248,2.3241641521453857,0.22353756427764893
qwen2_5_0_5b_base,currency:2,currency,qa,7,12.201749801635742,2.2997303009033203,0.22112233936786652
qwen2_5_0_5b_base,currency:2,currency,qa,8,12.83866024017334,3.2372031211853027,0.19655944406986237
qwen2_5_0_5b_base,currency:2,currency,qa,9,14.030372619628906,2.722550392150879,0.20572026073932648
qwen2_5_0_5b_base,currency:2,currency,qa,10,12.981363296508789,3.2151219844818115,0.1957244575023651
qwen2_5_0_5b_base,currency:2,currency,qa,11,14.407398223876953,2.380753993988037,0.2042892426252365
qwen2_5_0_5b_base,currency:2,currency,qa,12,15.016916275024414,2.9445114135742188,0.2101467400789261
qwen2_5_0_5b_base,currency:2,currency,qa,13,16.02346420288086,2.6191420555114746,0.21597932279109955
qwen2_5_0_5b_base,currency:2,currency,qa,14,19.347755432128906,6.665014743804932,0.23951472342014313
qwen2_5_0_5b_base,currency:2,currency,qa,15,21.99001121520996,4.8365702629089355,0.25448742508888245
qwen2_5_0_5b_base,currency:2,currency,qa,16,24.693836212158203,1.7125252485275269,0.27973833680152893
qwen2_5_0_5b_base,currency:2,currency,qa,17,29.581796646118164,6.88071346282959,0.2509787976741791
qwen2_5_0_5b_base,currency:2,currency,qa,18,35.30990219116211,4.736138343811035,0.24735575914382935
qwen2_5_0_5b_base,currency:2,currency,qa,19,39.251983642578125,3.7756571769714355,0.27889829874038696
qwen2_5_0_5b_base,currency:2,currency,qa,20,51.14846420288086,12.21712875366211,0.30433669686317444
qwen2_5_0_5b_base,currency:2,currency,qa,21,72.45906829833984,19.628257751464844,0.29222846031188965
qwen2_5_0_5b_base,currency:2,currency,qa,22,78.95750427246094,8.234978675842285,0.37653928995132446
qwen2_5_0_5b_base,currency:2,currency,qa,23,287.7542724609375,14.277835845947266,0.4213527739048004
qwen2_5_0_5b_base,currency:2,currency,chat_template,0,3.6155142784118652,0.5908417701721191,0.10483524948358536
qwen2_5_0_5b_base,currency:2,currency,chat_template,1,6.809805870056152,2.831048011779785,0.1668834239244461
qwen2_5_0_5b_base,currency:2,currency,chat_template,2,7.281176567077637,1.4948687553405762,0.1466677337884903
qwen2_5_0_5b_base,currency:2,currency,chat_template,3,8.338724136352539,2.322984457015991,0.17071250081062317
qwen2_5_0_5b_base,currency:2,currency,chat_template,4,9.617766380310059,2.8400120735168457,0.19525370001792908
qwen2_5_0_5b_base,currency:2,currency,chat_template,5,10.37366008758545,3.908370018005371,0.21090148389339447
qwen2_5_0_5b_base,currency:2,currency,chat_template,6,11.670924186706543,3.115501880645752,0.2196401059627533
qwen2_5_0_5b_base,currency:2,currency,chat_template,7,13.115812301635742,3.7566468715667725,0.22421641647815704
qwen2_5_0_5b_base,currency:2,currency,chat_template,8,12.744755744934082,4.349648475646973,0.2066727876663208
qwen2_5_0_5b_base,currency:2,currency,chat_template,9,13.284914016723633,2.8731915950775146,0.21170344948768616
qwen2_5_0_5b_base,currency:2,currency,chat_template,10,14.188597679138184,3.970350980758667,0.2046353667974472
qwen2_5_0_5b_base,currency:2,currency,chat_template,11,15.88577651977539,2.312302350997925,0.2215529978275299
qwen2_5_0_5b_base,currency:2,currency,chat_template,12,15.48495864868164,3.9214136600494385,0.22554603219032288
qwen2_5_0_5b_base,currency:2,currency,chat_template,13,16.188884735107422,2.9370808601379395,0.22557544708251953
qwen2_5_0_5b_base,currency:2,currency,chat_template,14,20.281949996948242,5.814479351043701,0.2538144290447235
qwen2_5_0_5b_base,currency:2,currency,chat_template,15,21.055971145629883,5.044923782348633,0.26059994101524353
qwen2_5_0_5b_base,currency:2,currency,chat_template,16,23.10208511352539,2.8990132808685303,0.28833630681037903
qwen2_5_0_5b_base,currency:2,currency,chat_template,17,30.191694259643555,5.530130386352539,0.25595003366470337
qwen2_5_0_5b_base,currency:2,currency,chat_template,18,33.67102813720703,2.9882054328918457,0.24852657318115234
qwen2_5_0_5b_base,currency:2,currency,chat_template,19,37.06527328491211,3.4311914443969727,0.2812490463256836
qwen2_5_0_5b_base,currency:2,currency,chat_template,20,50.725345611572266,12.494483947753906,0.2981427311897278
qwen2_5_0_5b_base,currency:2,currency,chat_template,21,67.19095611572266,25.273366928100586,0.25556477904319763
qwen2_5_0_5b_base,currency:2,currency,chat_template,22,74.59506225585938,13.470438003540039,0.32127702236175537
qwen2_5_0_5b_base,currency:2,currency,chat_template,23,255.5809783935547,15.587472915649414,0.4083092212677002
qwen2_5_0_5b_base,currency:3,currency,raw_question,0,4.3378190994262695,0.45550528168678284,0.13185401260852814
qwen2_5_0_5b_base,currency:3,currency,raw_question,1,7.779780864715576,2.7304821014404297,0.16847486793994904
qwen2_5_0_5b_base,currency:3,currency,raw_question,2,7.821391582489014,1.5542765855789185,0.1733042597770691
qwen2_5_0_5b_base,currency:3,currency,raw_question,3,9.143364906311035,2.03642201423645,0.18945707380771637
qwen2_5_0_5b_base,currency:3,currency,raw_question,4,10.521636009216309,2.871246814727783,0.20806029438972473
qwen2_5_0_5b_base,currency:3,currency,raw_question,5,11.855475425720215,3.275357246398926,0.21430060267448425
qwen2_5_0_5b_base,currency:3,currency,raw_question,6,13.081186294555664,1.6774190664291382,0.21997042000293732
qwen2_5_0_5b_base,currency:3,currency,raw_question,7,14.895216941833496,2.7670159339904785,0.21984130144119263
qwen2_5_0_5b_base,currency:3,currency,raw_question,8,14.989945411682129,3.903662919998169,0.21130239963531494
qwen2_5_0_5b_base,currency:3,currency,raw_question,9,15.401030540466309,2.5448217391967773,0.20750565826892853
qwen2_5_0_5b_base,currency:3,currency,raw_question,10,15.278182029724121,3.9692535400390625,0.1974307745695114
qwen2_5_0_5b_base,currency:3,currency,raw_question,11,15.24667739868164,2.6234352588653564,0.20051541924476624
qwen2_5_0_5b_base,currency:3,currency,raw_question,12,16.255455017089844,2.9356908798217773,0.20731382071971893
qwen2_5_0_5b_base,currency:3,currency,raw_question,13,17.163789749145508,2.8367154598236084,0.20564790070056915
qwen2_5_0_5b_base,currency:3,currency,raw_question,14,18.424957275390625,3.718308925628662,0.2270263433456421
qwen2_5_0_5b_base,currency:3,currency,raw_question,15,20.196029663085938,4.305750370025635,0.24630586802959442
qwen2_5_0_5b_base,currency:3,currency,raw_question,16,23.768156051635742,2.0319814682006836,0.27453210949897766
qwen2_5_0_5b_base,currency:3,currency,raw_question,17,28.679765701293945,4.184678077697754,0.24911679327487946
qwen2_5_0_5b_base,currency:3,currency,raw_question,18,32.28182601928711,2.0170764923095703,0.24299591779708862
qwen2_5_0_5b_base,currency:3,currency,raw_question,19,36.37550354003906,4.073086738586426,0.27311572432518005
qwen2_5_0_5b_base,currency:3,currency,raw_question,20,51.987953186035156,13.797740936279297,0.29353970289230347
qwen2_5_0_5b_base,currency:3,currency,raw_question,21,72.33207702636719,13.891315460205078,0.2528664767742157
qwen2_5_0_5b_base,currency:3,currency,raw_question,22,77.65667724609375,14.389969825744629,0.2849288880825043
qwen2_5_0_5b_base,currency:3,currency,raw_question,23,281.0995178222656,12.14122486114502,0.37563517689704895
qwen2_5_0_5b_base,currency:3,currency,declarative,0,4.700779914855957,0.4328269958496094,0.13246305286884308
qwen2_5_0_5b_base,currency:3,currency,declarative,1,7.942256927490234,2.7139453887939453,0.1657758355140686
qwen2_5_0_5b_base,currency:3,currency,declarative,2,8.49402904510498,1.6045156717300415,0.18086396157741547
qwen2_5_0_5b_base,currency:3,currency,declarative,3,9.781795501708984,2.416877031326294,0.19102011620998383
qwen2_5_0_5b_base,currency:3,currency,declarative,4,11.645379066467285,3.8102431297302246,0.21962280571460724
qwen2_5_0_5b_base,currency:3,currency,declarative,5,13.574958801269531,3.838953971862793,0.22237877547740936
qwen2_5_0_5b_base,currency:3,currency,declarative,6,12.878700256347656,2.702087640762329,0.2305728793144226
qwen2_5_0_5b_base,currency:3,currency,declarative,7,13.524550437927246,2.6174583435058594,0.21986401081085205
qwen2_5_0_5b_base,currency:3,currency,declarative,8,13.94296646118164,4.635485649108887,0.2070479840040207
qwen2_5_0_5b_base,currency:3,currency,declarative,9,14.26785945892334,2.5510079860687256,0.1990041583776474
qwen2_5_0_5b_base,currency:3,currency,declarative,10,15.647193908691406,4.4089460372924805,0.2020653635263443
qwen2_5_0_5b_base,currency:3,currency,declarative,11,15.064126014709473,2.769714593887329,0.20457212626934052
qwen2_5_0_5b_base,currency:3,currency,declarative,12,15.890863418579102,3.2472140789031982,0.20132482051849365
qwen2_5_0_5b_base,currency:3,currency,declarative,13,16.337648391723633,2.303152084350586,0.19556090235710144
qwen2_5_0_5b_base,currency:3,currency,declarative,14,18.614601135253906,6.201840877532959,0.2306787073612213
qwen2_5_0_5b_base,currency:3,currency,declarative,15,20.007671356201172,4.071439266204834,0.2494971603155136
qwen2_5_0_5b_base,currency:3,currency,declarative,16,23.395753860473633,2.6974098682403564,0.28138232231140137
qwen2_5_0_5b_base,currency:3,currency,declarative,17,28.073368072509766,6.771795749664307,0.2466338872909546
qwen2_5_0_5b_base,currency:3,currency,declarative,18,31.533916473388672,4.021071434020996,0.2562926411628723
qwen2_5_0_5b_base,currency:3,currency,declarative,19,36.44447708129883,4.196693420410156,0.28017258644104004
qwen2_5_0_5b_base,currency:3,currency,declarative,20,50.520545959472656,15.684784889221191,0.3029190003871918
qwen2_5_0_5b_base,currency:3,currency,declarative,21,67.9912338256836,12.785926818847656,0.29267826676368713
qwen2_5_0_5b_base,currency:3,currency,declarative,22,76.243408203125,14.053081512451172,0.3556261658668518
qwen2_5_0_5b_base,currency:3,currency,declarative,23,279.8517150878906,10.591279983520508,0.3813817501068115
qwen2_5_0_5b_base,currency:3,currency,qa,0,4.145690441131592,0.5520501136779785,0.13729165494441986
qwen2_5_0_5b_base,currency:3,currency,qa,1,6.891356468200684,2.825174331665039,0.1744278222322464
qwen2_5_0_5b_base,currency:3,currency,qa,2,8.897089958190918,2.4352188110351562,0.2325778752565384
qwen2_5_0_5b_base,currency:3,currency,qa,3,9.490683555603027,3.1277859210968018,0.2202531397342682
qwen2_5_0_5b_base,currency:3,currency,qa,4,10.465849876403809,2.511183738708496,0.2106083631515503
qwen2_5_0_5b_base,currency:3,currency,qa,5,10.900261878967285,3.211773157119751,0.21130122244358063
qwen2_5_0_5b_base,currency:3,currency,qa,6,12.260163307189941,2.29353928565979,0.2230728566646576
qwen2_5_0_5b_base,currency:3,currency,qa,7,12.24524974822998,2.12211275100708,0.2204698771238327
qwen2_5_0_5b_base,currency:3,currency,qa,8,13.03518295288086,3.2640013694763184,0.19822968542575836
qwen2_5_0_5b_base,currency:3,currency,qa,9,14.18924331665039,2.8392066955566406,0.20782683789730072
qwen2_5_0_5b_base,currency:3,currency,qa,10,13.004676818847656,3.2872347831726074,0.19589832425117493
qwen2_5_0_5b_base,currency:3,currency,qa,11,14.601192474365234,2.3607590198516846,0.20583875477313995
qwen2_5_0_5b_base,currency:3,currency,qa,12,15.262895584106445,3.0864171981811523,0.2142074555158615
qwen2_5_0_5b_base,currency:3,currency,qa,13,16.1600284576416,2.549748659133911,0.21768805384635925
qwen2_5_0_5b_base,currency:3,currency,qa,14,19.236888885498047,6.988802433013916,0.240385502576828
qwen2_5_0_5b_base,currency:3,currency,qa,15,21.977352142333984,5.188138961791992,0.2537382245063782
qwen2_5_0_5b_base,currency:3,currency,qa,16,24.6892147064209,1.4763728380203247,0.27888643741607666
qwen2_5_0_5b_base,currency:3,currency,qa,17,29.40622901916504,5.612581253051758,0.24936947226524353
qwen2_5_0_5b_base,currency:3,currency,qa,18,34.49977493286133,4.637269973754883,0.24635475873947144
qwen2_5_0_5b_base,currency:3,currency,qa,19,38.55080795288086,3.597571849822998,0.27857843041419983
qwen2_5_0_5b_base,currency:3,currency,qa,20,51.19677734375,15.085014343261719,0.3067154586315155
qwen2_5_0_5b_base,currency:3,currency,qa,21,70.88032531738281,16.21694564819336,0.2929471433162689
qwen2_5_0_5b_base,currency:3,currency,qa,22,78.30007934570312,15.737224578857422,0.37246137857437134
qwen2_5_0_5b_base,currency:3,currency,qa,23,288.1658020019531,13.097821235656738,0.40911343693733215
qwen2_5_0_5b_base,currency:3,currency,chat_template,0,3.591707706451416,0.5932522416114807,0.1045958548784256
qwen2_5_0_5b_base,currency:3,currency,chat_template,1,6.7714972496032715,2.818143367767334,0.16662824153900146
qwen2_5_0_5b_base,currency:3,currency,chat_template,2,7.244091510772705,1.502518892288208,0.14600330591201782
qwen2_5_0_5b_base,currency:3,currency,chat_template,3,8.334559440612793,2.3230702877044678,0.1699889600276947
qwen2_5_0_5b_base,currency:3,currency,chat_template,4,9.654182434082031,2.8812925815582275,0.19541677832603455
qwen2_5_0_5b_base,currency:3,currency,chat_template,5,10.41640853881836,3.906334161758423,0.21081729233264923
qwen2_5_0_5b_base,currency:3,currency,chat_template,6,11.53917407989502,3.00848388671875,0.21883347630500793
qwen2_5_0_5b_base,currency:3,currency,chat_template,7,13.114752769470215,3.6558899879455566,0.22252368927001953
qwen2_5_0_5b_base,currency:3,currency,chat_template,8,12.733009338378906,4.345892429351807,0.20644885301589966
qwen2_5_0_5b_base,currency:3,currency,chat_template,9,13.134625434875488,2.850557327270508,0.21158276498317719
qwen2_5_0_5b_base,currency:3,currency,chat_template,10,14.112534523010254,3.8724160194396973,0.20446109771728516
qwen2_5_0_5b_base,currency:3,currency,chat_template,11,15.748030662536621,2.367870807647705,0.22108542919158936
qwen2_5_0_5b_base,currency:3,currency,chat_template,12,15.492900848388672,4.000236988067627,0.22527293860912323
qwen2_5_0_5b_base,currency:3,currency,chat_template,13,16.023529052734375,2.9717085361480713,0.22568516433238983
qwen2_5_0_5b_base,currency:3,currency,chat_template,14,20.040761947631836,5.856170654296875,0.2536831498146057
qwen2_5_0_5b_base,currency:3,currency,chat_template,15,20.71811866760254,5.130749225616455,0.26137426495552063
qwen2_5_0_5b_base,currency:3,currency,chat_template,16,22.819623947143555,3.149376630783081,0.2886718809604645
qwen2_5_0_5b_base,currency:3,currency,chat_template,17,29.872304916381836,5.445960998535156,0.2569980025291443
qwen2_5_0_5b_base,currency:3,currency,chat_template,18,33.64249038696289,3.148444652557373,0.24885573983192444
qwen2_5_0_5b_base,currency:3,currency,chat_template,19,36.972965240478516,3.722134590148926,0.2813752293586731
qwen2_5_0_5b_base,currency:3,currency,chat_template,20,50.57140350341797,12.057613372802734,0.2946973741054535
qwen2_5_0_5b_base,currency:3,currency,chat_template,21,67.81961059570312,26.485376358032227,0.2529146373271942
qwen2_5_0_5b_base,currency:3,currency,chat_template,22,74.52000427246094,15.33655071258545,0.3225444555282593
qwen2_5_0_5b_base,currency:3,currency,chat_template,23,252.0265350341797,13.667901039123535,0.40796971321105957
qwen2_5_0_5b_base,currency:4,currency,raw_question,0,4.39272928237915,0.4583715498447418,0.13134075701236725
qwen2_5_0_5b_base,currency:4,currency,raw_question,1,7.857139587402344,2.7833986282348633,0.16929545998573303
qwen2_5_0_5b_base,currency:4,currency,raw_question,2,7.999237537384033,1.594672441482544,0.17268876731395721
qwen2_5_0_5b_base,currency:4,currency,raw_question,3,9.439057350158691,1.939177393913269,0.19089488685131073
qwen2_5_0_5b_base,currency:4,currency,raw_question,4,10.970734596252441,3.114945888519287,0.21132084727287292
qwen2_5_0_5b_base,currency:4,currency,raw_question,5,11.753447532653809,3.0096311569213867,0.2113814651966095
qwen2_5_0_5b_base,currency:4,currency,raw_question,6,12.963088989257812,1.741516351699829,0.21535682678222656
qwen2_5_0_5b_base,currency:4,currency,raw_question,7,14.442310333251953,2.4752583503723145,0.21676650643348694
qwen2_5_0_5b_base,currency:4,currency,raw_question,8,14.841137886047363,3.8002219200134277,0.2081369161605835
qwen2_5_0_5b_base,currency:4,currency,raw_question,9,15.155439376831055,2.487640619277954,0.20294465124607086
qwen2_5_0_5b_base,currency:4,currency,raw_question,10,15.22791862487793,3.82820987701416,0.1931389719247818
qwen2_5_0_5b_base,currency:4,currency,raw_question,11,15.273509979248047,2.6537702083587646,0.198145791888237
qwen2_5_0_5b_base,currency:4,currency,raw_question,12,16.133731842041016,2.84328293800354,0.20401029288768768
qwen2_5_0_5b_base,currency:4,currency,raw_question,13,17.31637954711914,2.9508488178253174,0.20128268003463745
qwen2_5_0_5b_base,currency:4,currency,raw_question,14,18.398967742919922,3.650620698928833,0.22248315811157227
qwen2_5_0_5b_base,currency:4,currency,raw_question,15,20.223655700683594,3.7334067821502686,0.24306738376617432
qwen2_5_0_5b_base,currency:4,currency,raw_question,16,23.95128059387207,1.411254644393921,0.2687225341796875
qwen2_5_0_5b_base,currency:4,currency,raw_question,17,28.802461624145508,4.002974987030029,0.2460608184337616
qwen2_5_0_5b_base,currency:4,currency,raw_question,18,33.116451263427734,1.7436072826385498,0.2374374270439148
qwen2_5_0_5b_base,currency:4,currency,raw_question,19,37.38472366333008,3.784179925918579,0.26768532395362854
qwen2_5_0_5b_base,currency:4,currency,raw_question,20,52.79928207397461,11.073774337768555,0.2909010648727417
qwen2_5_0_5b_base,currency:4,currency,raw_question,21,73.88082122802734,17.373199462890625,0.256845623254776
qwen2_5_0_5b_base,currency:4,currency,raw_question,22,78.01861572265625,6.024164199829102,0.2874374985694885
qwen2_5_0_5b_base,currency:4,currency,raw_question,23,286.2157287597656,13.591259956359863,0.3823656737804413
qwen2_5_0_5b_base,currency:4,currency,declarative,0,4.889773368835449,0.4347497820854187,0.13598404824733734
qwen2_5_0_5b_base,currency:4,currency,declarative,1,7.9628005027771,2.7326507568359375,0.16383522748947144
qwen2_5_0_5b_base,currency:4,currency,declarative,2,8.309483528137207,1.6513891220092773,0.17529839277267456
qwen2_5_0_5b_base,currency:4,currency,declarative,3,9.774473190307617,2.1893107891082764,0.18906179070472717
qwen2_5_0_5b_base,currency:4,currency,declarative,4,11.78112506866455,3.6454365253448486,0.21761266887187958
qwen2_5_0_5b_base,currency:4,currency,declarative,5,13.763773918151855,3.8645334243774414,0.21977585554122925
qwen2_5_0_5b_base,currency:4,currency,declarative,6,13.627248764038086,2.834230422973633,0.22721940279006958
qwen2_5_0_5b_base,currency:4,currency,declarative,7,14.280745506286621,2.8917768001556396,0.2173498570919037
qwen2_5_0_5b_base,currency:4,currency,declarative,8,14.6411714553833,4.906250953674316,0.20604728162288666
qwen2_5_0_5b_base,currency:4,currency,declarative,9,14.831660270690918,2.420698881149292,0.19813179969787598
qwen2_5_0_5b_base,currency:4,currency,declarative,10,16.298311233520508,4.073506832122803,0.202241912484169
qwen2_5_0_5b_base,currency:4,currency,declarative,11,15.874155044555664,2.825483798980713,0.20258095860481262
qwen2_5_0_5b_base,currency:4,currency,declarative,12,16.753286361694336,2.934858560562134,0.20004135370254517
qwen2_5_0_5b_base,currency:4,currency,declarative,13,17.73952293395996,2.2235777378082275,0.19421589374542236
qwen2_5_0_5b_base,currency:4,currency,declarative,14,19.355907440185547,5.081281661987305,0.2249387949705124
qwen2_5_0_5b_base,currency:4,currency,declarative,15,21.741893768310547,3.9752209186553955,0.24429747462272644
qwen2_5_0_5b_base,currency:4,currency,declarative,16,26.010229110717773,2.0689215660095215,0.2765783369541168
qwen2_5_0_5b_base,currency:4,currency,declarative,17,31.024621963500977,5.506734848022461,0.24387605488300323
qwen2_5_0_5b_base,currency:4,currency,declarative,18,35.383724212646484,3.547945022583008,0.25067049264907837
qwen2_5_0_5b_base,currency:4,currency,declarative,19,41.0018310546875,3.7657556533813477,0.2772282660007477
qwen2_5_0_5b_base,currency:4,currency,declarative,20,53.897953033447266,11.441681861877441,0.30174878239631653
qwen2_5_0_5b_base,currency:4,currency,declarative,21,72.52523803710938,17.36859893798828,0.2944357991218567
qwen2_5_0_5b_base,currency:4,currency,declarative,22,79.74295043945312,4.996451377868652,0.36462050676345825
qwen2_5_0_5b_base,currency:4,currency,declarative,23,284.5257873535156,13.165935516357422,0.38243725895881653
qwen2_5_0_5b_base,currency:4,currency,qa,0,4.102247714996338,0.5506346821784973,0.13679619133472443
qwen2_5_0_5b_base,currency:4,currency,qa,1,6.868491172790527,2.8336970806121826,0.17478355765342712
qwen2_5_0_5b_base,currency:4,currency,qa,2,8.897195816040039,2.3811089992523193,0.2331351786851883
qwen2_5_0_5b_base,currency:4,currency,qa,3,9.56753921508789,3.1215436458587646,0.22081390023231506
qwen2_5_0_5b_base,currency:4,currency,qa,4,10.305989265441895,2.5398831367492676,0.21129964292049408
qwen2_5_0_5b_base,currency:4,currency,qa,5,10.893004417419434,3.2350921630859375,0.2108948677778244
qwen2_5_0_5b_base,currency:4,currency,qa,6,12.242878913879395,2.3337700366973877,0.22239959239959717
qwen2_5_0_5b_base,currency:4,currency,qa,7,12.335342407226562,2.1732499599456787,0.2198270559310913
qwen2_5_0_5b_base,currency:4,currency,qa,8,12.882338523864746,3.22436261177063,0.19704926013946533
qwen2_5_0_5b_base,currency:4,currency,qa,9,14.02746295928955,2.794050693511963,0.2044137567281723
qwen2_5_0_5b_base,currency:4,currency,qa,10,13.04892349243164,3.199913501739502,0.1942777782678604
qwen2_5_0_5b_base,currency:4,currency,qa,11,14.42224407196045,2.4970061779022217,0.20283780992031097
qwen2_5_0_5b_base,currency:4,currency,qa,12,15.040526390075684,2.925924062728882,0.20907673239707947
qwen2_5_0_5b_base,currency:4,currency,qa,13,15.921748161315918,2.5584068298339844,0.21444983780384064
qwen2_5_0_5b_base,currency:4,currency,qa,14,19.065345764160156,6.360525131225586,0.23998796939849854
qwen2_5_0_5b_base,currency:4,currency,qa,15,21.761089324951172,4.853384971618652,0.2535088062286377
qwen2_5_0_5b_base,currency:4,currency,qa,16,24.304471969604492,1.6886333227157593,0.27940407395362854
qwen2_5_0_5b_base,currency:4,currency,qa,17,29.41856575012207,6.006636619567871,0.2507392168045044
qwen2_5_0_5b_base,currency:4,currency,qa,18,35.23200607299805,4.885654449462891,0.24805335700511932
qwen2_5_0_5b_base,currency:4,currency,qa,19,39.20994186401367,3.833768129348755,0.2801755666732788
qwen2_5_0_5b_base,currency:4,currency,qa,20,50.89276885986328,13.448116302490234,0.3036190867424011
qwen2_5_0_5b_base,currency:4,currency,qa,21,73.08373260498047,20.9539852142334,0.2955051362514496
qwen2_5_0_5b_base,currency:4,currency,qa,22,81.43861389160156,8.13472843170166,0.3930296003818512
qwen2_5_0_5b_base,currency:4,currency,qa,23,282.5549621582031,15.569988250732422,0.4304769039154053
qwen2_5_0_5b_base,currency:4,currency,chat_template,0,3.586374044418335,0.5924510359764099,0.10462841391563416
qwen2_5_0_5b_base,currency:4,currency,chat_template,1,6.794783115386963,2.8195736408233643,0.16701816022396088
qwen2_5_0_5b_base,currency:4,currency,chat_template,2,7.258871555328369,1.4962116479873657,0.14677734673023224
qwen2_5_0_5b_base,currency:4,currency,chat_template,3,8.340447425842285,2.330622911453247,0.17074048519134521
qwen2_5_0_5b_base,currency:4,currency,chat_template,4,9.59762191772461,2.86167311668396,0.19536477327346802
qwen2_5_0_5b_base,currency:4,currency,chat_template,5,10.451650619506836,3.9724724292755127,0.21104054152965546
qwen2_5_0_5b_base,currency:4,currency,chat_template,6,11.717761039733887,3.1232004165649414,0.22014793753623962
qwen2_5_0_5b_base,currency:4,currency,chat_template,7,13.097368240356445,3.686475992202759,0.2235483080148697
qwen2_5_0_5b_base,currency:4,currency,chat_template,8,12.75171947479248,4.365999221801758,0.20630313456058502
qwen2_5_0_5b_base,currency:4,currency,chat_template,9,13.28236198425293,2.8827927112579346,0.2105521857738495
qwen2_5_0_5b_base,currency:4,currency,chat_template,10,14.212311744689941,3.9773805141448975,0.2053333818912506
qwen2_5_0_5b_base,currency:4,currency,chat_template,11,15.75980281829834,2.347738027572632,0.2219380885362625
qwen2_5_0_5b_base,currency:4,currency,chat_template,12,15.259068489074707,3.979640483856201,0.2243126779794693
qwen2_5_0_5b_base,currency:4,currency,chat_template,13,16.049837112426758,3.0078752040863037,0.224699467420578
qwen2_5_0_5b_base,currency:4,currency,chat_template,14,20.187803268432617,5.753911018371582,0.25387874245643616
qwen2_5_0_5b_base,currency:4,currency,chat_template,15,21.05080795288086,4.9410552978515625,0.26052942872047424
qwen2_5_0_5b_base,currency:4,currency,chat_template,16,23.15052604675293,2.872523069381714,0.28810930252075195
qwen2_5_0_5b_base,currency:4,currency,chat_template,17,29.983917236328125,5.516963958740234,0.25633424520492554
qwen2_5_0_5b_base,currency:4,currency,chat_template,18,33.42570495605469,3.0795094966888428,0.24901287257671356
qwen2_5_0_5b_base,currency:4,currency,chat_template,19,36.88914108276367,3.419236421585083,0.28138265013694763
qwen2_5_0_5b_base,currency:4,currency,chat_template,20,50.356300354003906,12.079030990600586,0.296474814414978
qwen2_5_0_5b_base,currency:4,currency,chat_template,21,66.98441314697266,26.715457916259766,0.25529393553733826
qwen2_5_0_5b_base,currency:4,currency,chat_template,22,72.8488540649414,11.621705055236816,0.3224146366119385
qwen2_5_0_5b_base,currency:4,currency,chat_template,23,259.74847412109375,16.253873825073242,0.40126946568489075
qwen2_5_0_5b_base,currency:5,currency,raw_question,0,4.320031642913818,0.4550330340862274,0.1301812082529068
qwen2_5_0_5b_base,currency:5,currency,raw_question,1,8.031532287597656,2.7519662380218506,0.16662092506885529
qwen2_5_0_5b_base,currency:5,currency,raw_question,2,8.01669692993164,1.4827256202697754,0.1713598072528839
qwen2_5_0_5b_base,currency:5,currency,raw_question,3,9.347861289978027,1.8770815134048462,0.19120067358016968
qwen2_5_0_5b_base,currency:5,currency,raw_question,4,10.475393295288086,2.668074131011963,0.20998826622962952
qwen2_5_0_5b_base,currency:5,currency,raw_question,5,11.973073959350586,3.1601033210754395,0.21340224146842957
qwen2_5_0_5b_base,currency:5,currency,raw_question,6,13.443167686462402,1.671884298324585,0.22325192391872406
qwen2_5_0_5b_base,currency:5,currency,raw_question,7,15.039495468139648,2.6088857650756836,0.22242014110088348
qwen2_5_0_5b_base,currency:5,currency,raw_question,8,15.251152038574219,3.483854293823242,0.20995187759399414
qwen2_5_0_5b_base,currency:5,currency,raw_question,9,15.610681533813477,2.5780680179595947,0.20651714503765106
qwen2_5_0_5b_base,currency:5,currency,raw_question,10,15.317790985107422,3.9885973930358887,0.19452325999736786
qwen2_5_0_5b_base,currency:5,currency,raw_question,11,15.368792533874512,2.6307249069213867,0.1967020481824875
qwen2_5_0_5b_base,currency:5,currency,raw_question,12,16.35215187072754,2.9549789428710938,0.2044433057308197
qwen2_5_0_5b_base,currency:5,currency,raw_question,13,17.46976089477539,2.820953130722046,0.20269398391246796
qwen2_5_0_5b_base,currency:5,currency,raw_question,14,18.6942138671875,3.4161267280578613,0.22477807104587555
qwen2_5_0_5b_base,currency:5,currency,raw_question,15,20.327123641967773,4.387999057769775,0.24574404954910278
qwen2_5_0_5b_base,currency:5,currency,raw_question,16,23.506534576416016,2.077028512954712,0.2703142762184143
qwen2_5_0_5b_base,currency:5,currency,raw_question,17,28.106950759887695,4.102494716644287,0.25018155574798584
qwen2_5_0_5b_base,currency:5,currency,raw_question,18,32.46548080444336,2.331024408340454,0.2432422935962677
qwen2_5_0_5b_base,currency:5,currency,raw_question,19,36.65057373046875,3.796478033065796,0.27357614040374756
qwen2_5_0_5b_base,currency:5,currency,raw_question,20,52.10418701171875,12.988274574279785,0.29549750685691833
qwen2_5_0_5b_base,currency:5,currency,raw_question,21,74.2585678100586,14.68140697479248,0.2563113570213318
qwen2_5_0_5b_base,currency:5,currency,raw_question,22,78.57041931152344,9.984795570373535,0.2874220907688141
qwen2_5_0_5b_base,currency:5,currency,raw_question,23,285.2921447753906,13.837936401367188,0.3761303126811981
qwen2_5_0_5b_base,currency:5,currency,declarative,0,4.783953666687012,0.4257389307022095,0.13123242557048798
qwen2_5_0_5b_base,currency:5,currency,declarative,1,7.838322639465332,2.687379837036133,0.16271273791790009
qwen2_5_0_5b_base,currency:5,currency,declarative,2,8.244296073913574,1.3980439901351929,0.17934741079807281
qwen2_5_0_5b_base,currency:5,currency,declarative,3,9.508965492248535,2.236011266708374,0.18725529313087463
qwen2_5_0_5b_base,currency:5,currency,declarative,4,11.419240951538086,3.778226852416992,0.21914668381214142
qwen2_5_0_5b_base,currency:5,currency,declarative,5,13.727750778198242,3.859607219696045,0.2188391238451004
qwen2_5_0_5b_base,currency:5,currency,declarative,6,13.376508712768555,2.8179571628570557,0.23021356761455536
qwen2_5_0_5b_base,currency:5,currency,declarative,7,14.174725532531738,2.9087464809417725,0.21874678134918213
qwen2_5_0_5b_base,currency:5,currency,declarative,8,14.581733703613281,4.509961128234863,0.20676660537719727
qwen2_5_0_5b_base,currency:5,currency,declarative,9,14.79215145111084,2.4975647926330566,0.19835905730724335
qwen2_5_0_5b_base,currency:5,currency,declarative,10,16.447179794311523,4.4167704582214355,0.2067805379629135
qwen2_5_0_5b_base,currency:5,currency,declarative,11,15.842850685119629,2.736392021179199,0.2050034999847412
qwen2_5_0_5b_base,currency:5,currency,declarative,12,16.79281234741211,3.0524864196777344,0.2008434385061264
qwen2_5_0_5b_base,currency:5,currency,declarative,13,17.652877807617188,2.1029841899871826,0.19632959365844727
qwen2_5_0_5b_base,currency:5,currency,declarative,14,19.426029205322266,5.64002799987793,0.22856716811656952
qwen2_5_0_5b_base,currency:5,currency,declarative,15,21.578811645507812,3.82262921333313,0.2476418912410736
qwen2_5_0_5b_base,currency:5,currency,declarative,16,25.349550247192383,2.3493337631225586,0.2781250774860382
qwen2_5_0_5b_base,currency:5,currency,declarative,17,31.30927085876465,6.8301568031311035,0.2446090281009674
qwen2_5_0_5b_base,currency:5,currency,declarative,18,34.36652374267578,3.6478171348571777,0.25361940264701843
qwen2_5_0_5b_base,currency:5,currency,declarative,19,39.3111457824707,3.7678940296173096,0.27652662992477417
qwen2_5_0_5b_base,currency:5,currency,declarative,20,52.32783126831055,12.575732231140137,0.3038293123245239
qwen2_5_0_5b_base,currency:5,currency,declarative,21,71.35831451416016,16.104618072509766,0.28649428486824036
qwen2_5_0_5b_base,currency:5,currency,declarative,22,79.16712951660156,8.5119047164917,0.36744654178619385
qwen2_5_0_5b_base,currency:5,currency,declarative,23,275.40118408203125,12.168350219726562,0.3842797875404358
qwen2_5_0_5b_base,currency:5,currency,qa,0,4.15735387802124,0.5533444285392761,0.1366330236196518
qwen2_5_0_5b_base,currency:5,currency,qa,1,6.925565719604492,2.8464252948760986,0.1749068796634674
qwen2_5_0_5b_base,currency:5,currency,qa,2,8.868023872375488,2.4140851497650146,0.2318183183670044
qwen2_5_0_5b_base,currency:5,currency,qa,3,9.57538890838623,3.1936967372894287,0.22050322592258453
qwen2_5_0_5b_base,currency:5,currency,qa,4,10.374814987182617,2.554506301879883,0.21043455600738525
qwen2_5_0_5b_base,currency:5,currency,qa,5,10.932199478149414,3.111640691757202,0.21202674508094788
qwen2_5_0_5b_base,currency:5,currency,qa,6,12.198890686035156,2.270475149154663,0.2228856086730957
qwen2_5_0_5b_base,currency:5,currency,qa,7,12.336164474487305,2.112297534942627,0.2195287048816681
qwen2_5_0_5b_base,currency:5,currency,qa,8,12.957915306091309,3.2109181880950928,0.1979505568742752
qwen2_5_0_5b_base,currency:5,currency,qa,9,14.383123397827148,2.9851126670837402,0.2090959995985031
qwen2_5_0_5b_base,currency:5,currency,qa,10,13.116153717041016,3.3688814640045166,0.19833996891975403
qwen2_5_0_5b_base,currency:5,currency,qa,11,14.723106384277344,2.3943300247192383,0.20716522634029388
qwen2_5_0_5b_base,currency:5,currency,qa,12,15.340604782104492,3.1456236839294434,0.2145041972398758
qwen2_5_0_5b_base,currency:5,currency,qa,13,16.196800231933594,2.522596597671509,0.21648722887039185
qwen2_5_0_5b_base,currency:5,currency,qa,14,19.151548385620117,6.516200542449951,0.24172382056713104
qwen2_5_0_5b_base,currency:5,currency,qa,15,22.077926635742188,5.169365882873535,0.2546759247779846
qwen2_5_0_5b_base,currency:5,currency,qa,16,24.613847732543945,1.1331876516342163,0.2799934148788452
qwen2_5_0_5b_base,currency:5,currency,qa,17,29.447284698486328,5.978495121002197,0.24965406954288483
qwen2_5_0_5b_base,currency:5,currency,qa,18,34.689247131347656,4.660409450531006,0.24715963006019592
qwen2_5_0_5b_base,currency:5,currency,qa,19,38.82505798339844,3.7248010635375977,0.2812911570072174
qwen2_5_0_5b_base,currency:5,currency,qa,20,51.01518249511719,13.690885543823242,0.30619215965270996
qwen2_5_0_5b_base,currency:5,currency,qa,21,72.87158203125,17.727598190307617,0.2857363224029541
qwen2_5_0_5b_base,currency:5,currency,qa,22,79.85819244384766,10.386914253234863,0.37489232420921326
qwen2_5_0_5b_base,currency:5,currency,qa,23,282.6944580078125,13.747307777404785,0.4089336395263672
qwen2_5_0_5b_base,currency:5,currency,chat_template,0,3.5865917205810547,0.5910400748252869,0.10440769046545029
qwen2_5_0_5b_base,currency:5,currency,chat_template,1,6.757435321807861,2.803239583969116,0.16686123609542847
qwen2_5_0_5b_base,currency:5,currency,chat_template,2,7.230441570281982,1.4775961637496948,0.14638198912143707
qwen2_5_0_5b_base,currency:5,currency,chat_template,3,8.393962860107422,2.277294635772705,0.17005467414855957
qwen2_5_0_5b_base,currency:5,currency,chat_template,4,9.67736530303955,2.9668939113616943,0.1962120234966278
qwen2_5_0_5b_base,currency:5,currency,chat_template,5,10.669840812683105,4.142569541931152,0.21278318762779236
qwen2_5_0_5b_base,currency:5,currency,chat_template,6,11.64321517944336,2.955690622329712,0.22114500403404236
qwen2_5_0_5b_base,currency:5,currency,chat_template,7,13.275712966918945,3.615969657897949,0.22220711410045624
qwen2_5_0_5b_base,currency:5,currency,chat_template,8,12.708761215209961,4.339442729949951,0.20650804042816162
qwen2_5_0_5b_base,currency:5,currency,chat_template,9,13.050737380981445,2.870882272720337,0.21008431911468506
qwen2_5_0_5b_base,currency:5,currency,chat_template,10,14.175464630126953,4.026764869689941,0.20622575283050537
qwen2_5_0_5b_base,currency:5,currency,chat_template,11,15.556985855102539,2.4110159873962402,0.22087350487709045
qwen2_5_0_5b_base,currency:5,currency,chat_template,12,15.365939140319824,3.9967427253723145,0.2226143628358841
qwen2_5_0_5b_base,currency:5,currency,chat_template,13,15.827756881713867,2.979447364807129,0.22364041209220886
qwen2_5_0_5b_base,currency:5,currency,chat_template,14,19.893705368041992,5.556342124938965,0.25082525610923767
qwen2_5_0_5b_base,currency:5,currency,chat_template,15,20.62609100341797,5.112510681152344,0.259583979845047
qwen2_5_0_5b_base,currency:5,currency,chat_template,16,22.941682815551758,2.9960930347442627,0.2882041931152344
qwen2_5_0_5b_base,currency:5,currency,chat_template,17,29.61849594116211,5.428525447845459,0.2591318190097809
qwen2_5_0_5b_base,currency:5,currency,chat_template,18,33.39384841918945,3.0324831008911133,0.25082242488861084
qwen2_5_0_5b_base,currency:5,currency,chat_template,19,37.41287612915039,3.5042104721069336,0.2835181653499603
qwen2_5_0_5b_base,currency:5,currency,chat_template,20,50.07709884643555,11.028230667114258,0.2922201454639435
qwen2_5_0_5b_base,currency:5,currency,chat_template,21,67.68082427978516,26.694852828979492,0.2504219114780426
qwen2_5_0_5b_base,currency:5,currency,chat_template,22,71.50829315185547,11.931307792663574,0.3240349590778351
qwen2_5_0_5b_base,currency:5,currency,chat_template,23,248.89109802246094,17.187925338745117,0.4000590145587921
qwen2_5_0_5b_base,currency:6,currency,raw_question,0,4.473915100097656,0.4507688283920288,0.13439497351646423
qwen2_5_0_5b_base,currency:6,currency,raw_question,1,7.916098117828369,2.804476261138916,0.17020340263843536
qwen2_5_0_5b_base,currency:6,currency,raw_question,2,8.005517959594727,1.6425056457519531,0.17199203372001648
qwen2_5_0_5b_base,currency:6,currency,raw_question,3,9.446419715881348,1.8866236209869385,0.1921648532152176
qwen2_5_0_5b_base,currency:6,currency,raw_question,4,10.828239440917969,2.807157278060913,0.20988532900810242
qwen2_5_0_5b_base,currency:6,currency,raw_question,5,12.136609077453613,3.1395416259765625,0.21304497122764587
qwen2_5_0_5b_base,currency:6,currency,raw_question,6,13.45738697052002,1.7123368978500366,0.2204296737909317
qwen2_5_0_5b_base,currency:6,currency,raw_question,7,14.862234115600586,2.6426868438720703,0.2201460599899292
qwen2_5_0_5b_base,currency:6,currency,raw_question,8,15.032066345214844,3.802703619003296,0.20984968543052673
qwen2_5_0_5b_base,currency:6,currency,raw_question,9,15.390233039855957,2.5225696563720703,0.2048424482345581
qwen2_5_0_5b_base,currency:6,currency,raw_question,10,15.413371086120605,3.8111414909362793,0.19369953870773315
qwen2_5_0_5b_base,currency:6,currency,raw_question,11,15.37015151977539,2.659939765930176,0.1983623057603836
qwen2_5_0_5b_base,currency:6,currency,raw_question,12,16.250411987304688,2.6800897121429443,0.20265719294548035
qwen2_5_0_5b_base,currency:6,currency,raw_question,13,17.493698120117188,2.9103522300720215,0.20076033473014832
qwen2_5_0_5b_base,currency:6,currency,raw_question,14,18.6308536529541,3.4511444568634033,0.22212134301662445
qwen2_5_0_5b_base,currency:6,currency,raw_question,15,20.65667724609375,3.67327618598938,0.24272501468658447
qwen2_5_0_5b_base,currency:6,currency,raw_question,16,24.650390625,1.5321146249771118,0.26889362931251526
qwen2_5_0_5b_base,currency:6,currency,raw_question,17,29.389286041259766,4.080117225646973,0.2472085952758789
qwen2_5_0_5b_base,currency:6,currency,raw_question,18,33.756805419921875,1.7734376192092896,0.23883819580078125
qwen2_5_0_5b_base,currency:6,currency,raw_question,19,37.774871826171875,3.613872766494751,0.2678925395011902
qwen2_5_0_5b_base,currency:6,currency,raw_question,20,52.29221725463867,10.228387832641602,0.28860244154930115
qwen2_5_0_5b_base,currency:6,currency,raw_question,21,73.37406158447266,14.73745346069336,0.25377389788627625
qwen2_5_0_5b_base,currency:6,currency,raw_question,22,77.57113647460938,5.314731121063232,0.28313562273979187
qwen2_5_0_5b_base,currency:6,currency,raw_question,23,281.1002502441406,11.668547630310059,0.37413665652275085
qwen2_5_0_5b_base,currency:6,currency,declarative,0,4.960752010345459,0.4292683005332947,0.13911473751068115
qwen2_5_0_5b_base,currency:6,currency,declarative,1,8.006199836730957,2.7549784183502197,0.16582079231739044
qwen2_5_0_5b_base,currency:6,currency,declarative,2,8.179384231567383,1.624933123588562,0.17430603504180908
qwen2_5_0_5b_base,currency:6,currency,declarative,3,9.60021686553955,2.2644948959350586,0.19027501344680786
qwen2_5_0_5b_base,currency:6,currency,declarative,4,11.428486824035645,3.6704940795898438,0.2170320302248001
qwen2_5_0_5b_base,currency:6,currency,declarative,5,14.49318790435791,3.984259605407715,0.22417347133159637
qwen2_5_0_5b_base,currency:6,currency,declarative,6,13.713233947753906,2.743487596511841,0.23123887181282043
qwen2_5_0_5b_base,currency:6,currency,declarative,7,14.324545860290527,2.696974515914917,0.22085325419902802
qwen2_5_0_5b_base,currency:6,currency,declarative,8,14.836976051330566,4.948698043823242,0.20796190202236176
qwen2_5_0_5b_base,currency:6,currency,declarative,9,14.820168495178223,2.2710928916931152,0.19969123601913452
qwen2_5_0_5b_base,currency:6,currency,declarative,10,15.916072845458984,3.916937828063965,0.1983262598514557
qwen2_5_0_5b_base,currency:6,currency,declarative,11,15.472649574279785,2.711665153503418,0.19923780858516693
qwen2_5_0_5b_base,currency:6,currency,declarative,12,16.297534942626953,2.7510504722595215,0.19791607558727264
qwen2_5_0_5b_base,currency:6,currency,declarative,13,17.42656707763672,2.298856019973755,0.19505655765533447
qwen2_5_0_5b_base,currency:6,currency,declarative,14,18.86213493347168,4.456841945648193,0.22154319286346436
qwen2_5_0_5b_base,currency:6,currency,declarative,15,21.652015686035156,4.246251106262207,0.24139906466007233
qwen2_5_0_5b_base,currency:6,currency,declarative,16,25.821165084838867,2.110542058944702,0.2734690308570862
qwen2_5_0_5b_base,currency:6,currency,declarative,17,31.010610580444336,6.084855556488037,0.2424917221069336
qwen2_5_0_5b_base,currency:6,currency,declarative,18,35.71007537841797,3.880249261856079,0.2507486939430237
qwen2_5_0_5b_base,currency:6,currency,declarative,19,41.5313606262207,3.890638589859009,0.27730193734169006
qwen2_5_0_5b_base,currency:6,currency,declarative,20,53.810951232910156,10.958586692810059,0.30296590924263
qwen2_5_0_5b_base,currency:6,currency,declarative,21,73.3521957397461,15.940919876098633,0.29205062985420227
qwen2_5_0_5b_base,currency:6,currency,declarative,22,81.06400299072266,4.246310710906982,0.3697897791862488
qwen2_5_0_5b_base,currency:6,currency,declarative,23,284.17913818359375,11.745760917663574,0.3798801898956299
qwen2_5_0_5b_base,currency:6,currency,qa,0,4.147845268249512,0.5506202578544617,0.13973180949687958
qwen2_5_0_5b_base,currency:6,currency,qa,1,6.895284652709961,2.8472936153411865,0.17567527294158936
qwen2_5_0_5b_base,currency:6,currency,qa,2,8.921806335449219,2.4063284397125244,0.2334422618150711
qwen2_5_0_5b_base,currency:6,currency,qa,3,9.575173377990723,3.122142791748047,0.22105568647384644
qwen2_5_0_5b_base,currency:6,currency,qa,4,10.35809326171875,2.5055904388427734,0.21132369339466095
qwen2_5_0_5b_base,currency:6,currency,qa,5,10.966824531555176,3.348625898361206,0.21212859451770782
qwen2_5_0_5b_base,currency:6,currency,qa,6,12.31935977935791,2.358053207397461,0.22522860765457153
qwen2_5_0_5b_base,currency:6,currency,qa,7,12.265225410461426,2.3021063804626465,0.2219856232404709
qwen2_5_0_5b_base,currency:6,currency,qa,8,12.838265419006348,3.2098963260650635,0.19719381630420685
qwen2_5_0_5b_base,currency:6,currency,qa,9,14.023799896240234,2.739651918411255,0.20667223632335663
qwen2_5_0_5b_base,currency:6,currency,qa,10,12.955061912536621,3.2358033657073975,0.19680415093898773
qwen2_5_0_5b_base,currency:6,currency,qa,11,14.354187965393066,2.407261610031128,0.20507082343101501
qwen2_5_0_5b_base,currency:6,currency,qa,12,14.972851753234863,2.9088363647460938,0.20971892774105072
qwen2_5_0_5b_base,currency:6,currency,qa,13,15.981438636779785,2.5851094722747803,0.21460437774658203
qwen2_5_0_5b_base,currency:6,currency,qa,14,19.321266174316406,6.856180191040039,0.2389337569475174
qwen2_5_0_5b_base,currency:6,currency,qa,15,22.090648651123047,4.879365921020508,0.2548182010650635
qwen2_5_0_5b_base,currency:6,currency,qa,16,24.659114837646484,2.0642266273498535,0.2799055278301239
qwen2_5_0_5b_base,currency:6,currency,qa,17,29.39192771911621,6.546962261199951,0.2482309341430664
qwen2_5_0_5b_base,currency:6,currency,qa,18,35.6644401550293,5.149294376373291,0.24815639853477478
qwen2_5_0_5b_base,currency:6,currency,qa,19,40.83612060546875,4.063147068023682,0.2805172801017761
qwen2_5_0_5b_base,currency:6,currency,qa,20,52.25289535522461,12.355581283569336,0.3069787919521332
qwen2_5_0_5b_base,currency:6,currency,qa,21,74.04912567138672,18.933685302734375,0.30125758051872253
qwen2_5_0_5b_base,currency:6,currency,qa,22,80.63540649414062,5.005007743835449,0.41124019026756287
qwen2_5_0_5b_base,currency:6,currency,qa,23,280.1558532714844,12.949084281921387,0.43004366755485535
qwen2_5_0_5b_base,currency:6,currency,chat_template,0,3.617443799972534,0.5914311408996582,0.1048099547624588
qwen2_5_0_5b_base,currency:6,currency,chat_template,1,6.836120128631592,2.8296611309051514,0.16688506305217743
qwen2_5_0_5b_base,currency:6,currency,chat_template,2,7.303654670715332,1.494248628616333,0.14680986106395721
qwen2_5_0_5b_base,currency:6,currency,chat_template,3,8.361461639404297,2.3149473667144775,0.1705513298511505
qwen2_5_0_5b_base,currency:6,currency,chat_template,4,9.636524200439453,2.8390867710113525,0.19493520259857178
qwen2_5_0_5b_base,currency:6,currency,chat_template,5,10.464237213134766,3.896364212036133,0.21106453239917755
qwen2_5_0_5b_base,currency:6,currency,chat_template,6,11.662732124328613,3.0554609298706055,0.21900513768196106
qwen2_5_0_5b_base,currency:6,currency,chat_template,7,13.141226768493652,3.7636020183563232,0.2230437994003296
qwen2_5_0_5b_base,currency:6,currency,chat_template,8,12.675531387329102,4.291015148162842,0.2046668976545334
qwen2_5_0_5b_base,currency:6,currency,chat_template,9,13.17341136932373,2.877279043197632,0.20885096490383148
qwen2_5_0_5b_base,currency:6,currency,chat_template,10,14.181580543518066,3.9274492263793945,0.20463219285011292
qwen2_5_0_5b_base,currency:6,currency,chat_template,11,15.788207054138184,2.3350486755371094,0.22095680236816406
qwen2_5_0_5b_base,currency:6,currency,chat_template,12,15.519448280334473,3.9353859424591064,0.22409988939762115
qwen2_5_0_5b_base,currency:6,currency,chat_template,13,16.11827278137207,2.9331254959106445,0.22540661692619324
qwen2_5_0_5b_base,currency:6,currency,chat_template,14,20.140405654907227,5.740957260131836,0.25405240058898926
qwen2_5_0_5b_base,currency:6,currency,chat_template,15,21.086896896362305,4.988168716430664,0.26037779450416565
qwen2_5_0_5b_base,currency:6,currency,chat_template,16,23.256216049194336,2.8415040969848633,0.288947194814682
qwen2_5_0_5b_base,currency:6,currency,chat_template,17,30.32085418701172,5.570894718170166,0.25687140226364136
qwen2_5_0_5b_base,currency:6,currency,chat_template,18,33.853004455566406,3.016296863555908,0.24856270849704742
qwen2_5_0_5b_base,currency:6,currency,chat_template,19,37.06341552734375,3.282060146331787,0.28000158071517944
qwen2_5_0_5b_base,currency:6,currency,chat_template,20,50.0983772277832,11.93237590789795,0.294768363237381
qwen2_5_0_5b_base,currency:6,currency,chat_template,21,67.37940979003906,27.4287166595459,0.25690147280693054
qwen2_5_0_5b_base,currency:6,currency,chat_template,22,73.054443359375,11.004137992858887,0.325777143239975
qwen2_5_0_5b_base,currency:6,currency,chat_template,23,256.4860534667969,17.14975357055664,0.4064464271068573
qwen2_5_0_5b_base,currency:7,currency,raw_question,0,4.527693271636963,0.43431317806243896,0.13377447426319122
qwen2_5_0_5b_base,currency:7,currency,raw_question,1,7.975963115692139,2.8272552490234375,0.16930899024009705
qwen2_5_0_5b_base,currency:7,currency,raw_question,2,8.093481063842773,1.594233512878418,0.17153222858905792
qwen2_5_0_5b_base,currency:7,currency,raw_question,3,9.518126487731934,1.9654290676116943,0.19167876243591309
qwen2_5_0_5b_base,currency:7,currency,raw_question,4,10.66336727142334,2.778280735015869,0.21074897050857544
qwen2_5_0_5b_base,currency:7,currency,raw_question,5,11.796759605407715,3.076646327972412,0.21352411806583405
qwen2_5_0_5b_base,currency:7,currency,raw_question,6,13.079658508300781,1.8558416366577148,0.21856693923473358
qwen2_5_0_5b_base,currency:7,currency,raw_question,7,14.678816795349121,2.506617784500122,0.21898262202739716
qwen2_5_0_5b_base,currency:7,currency,raw_question,8,14.928467750549316,3.7897214889526367,0.2096375674009323
qwen2_5_0_5b_base,currency:7,currency,raw_question,9,15.305559158325195,2.6192498207092285,0.20507973432540894
qwen2_5_0_5b_base,currency:7,currency,raw_question,10,15.302787780761719,3.8742103576660156,0.19428224861621857
qwen2_5_0_5b_base,currency:7,currency,raw_question,11,15.424899101257324,2.692655086517334,0.19944806396961212
qwen2_5_0_5b_base,currency:7,currency,raw_question,12,16.187522888183594,2.8543100357055664,0.2047709971666336
qwen2_5_0_5b_base,currency:7,currency,raw_question,13,17.38007164001465,2.9869155883789062,0.20091240108013153
qwen2_5_0_5b_base,currency:7,currency,raw_question,14,18.519567489624023,3.615067720413208,0.22206160426139832
qwen2_5_0_5b_base,currency:7,currency,raw_question,15,20.296186447143555,3.845635175704956,0.24409140646457672
qwen2_5_0_5b_base,currency:7,currency,raw_question,16,24.330148696899414,1.7461934089660645,0.27004772424697876
qwen2_5_0_5b_base,currency:7,currency,raw_question,17,29.059024810791016,4.0473456382751465,0.24745778739452362
qwen2_5_0_5b_base,currency:7,currency,raw_question,18,33.27230453491211,1.6059132814407349,0.2395603060722351
qwen2_5_0_5b_base,currency:7,currency,raw_question,19,37.64082717895508,3.8868801593780518,0.2698087692260742
qwen2_5_0_5b_base,currency:7,currency,raw_question,20,52.88395690917969,11.345809936523438,0.2905091345310211
qwen2_5_0_5b_base,currency:7,currency,raw_question,21,74.51303100585938,17.952171325683594,0.2533581554889679
qwen2_5_0_5b_base,currency:7,currency,raw_question,22,79.01004791259766,5.665337085723877,0.2881588041782379
qwen2_5_0_5b_base,currency:7,currency,raw_question,23,261.8795166015625,13.395774841308594,0.38084083795547485
qwen2_5_0_5b_base,currency:7,currency,declarative,0,5.113100528717041,0.41306865215301514,0.137517049908638
qwen2_5_0_5b_base,currency:7,currency,declarative,1,8.167574882507324,2.8122243881225586,0.16467377543449402
qwen2_5_0_5b_base,currency:7,currency,declarative,2,8.426224708557129,1.625352144241333,0.17634662985801697
qwen2_5_0_5b_base,currency:7,currency,declarative,3,9.817097663879395,2.310753345489502,0.19087643921375275
qwen2_5_0_5b_base,currency:7,currency,declarative,4,11.43462085723877,3.477093458175659,0.2197585105895996
qwen2_5_0_5b_base,currency:7,currency,declarative,5,14.547492980957031,3.9816792011260986,0.2260172963142395
qwen2_5_0_5b_base,currency:7,currency,declarative,6,13.890989303588867,2.70634126663208,0.2311832755804062
qwen2_5_0_5b_base,currency:7,currency,declarative,7,14.198179244995117,2.965603828430176,0.22216038405895233
qwen2_5_0_5b_base,currency:7,currency,declarative,8,14.508999824523926,4.680859088897705,0.20894421637058258
qwen2_5_0_5b_base,currency:7,currency,declarative,9,14.681142807006836,2.356119155883789,0.1997639238834381
qwen2_5_0_5b_base,currency:7,currency,declarative,10,15.86545467376709,4.052187919616699,0.2028389871120453
qwen2_5_0_5b_base,currency:7,currency,declarative,11,15.435500144958496,2.768650531768799,0.2030024528503418
qwen2_5_0_5b_base,currency:7,currency,declarative,12,16.253955841064453,2.9843404293060303,0.20035575330257416
qwen2_5_0_5b_base,currency:7,currency,declarative,13,17.3851318359375,2.2514476776123047,0.1967552900314331
qwen2_5_0_5b_base,currency:7,currency,declarative,14,18.974611282348633,5.437558174133301,0.22877638041973114
qwen2_5_0_5b_base,currency:7,currency,declarative,15,21.14805030822754,3.9365057945251465,0.24680276215076447
qwen2_5_0_5b_base,currency:7,currency,declarative,16,25.287078857421875,2.0387675762176514,0.2785203158855438
qwen2_5_0_5b_base,currency:7,currency,declarative,17,30.175518035888672,5.967925548553467,0.2452702522277832
qwen2_5_0_5b_base,currency:7,currency,declarative,18,34.371055603027344,3.6836235523223877,0.2508969008922577
qwen2_5_0_5b_base,currency:7,currency,declarative,19,40.12959671020508,4.107336044311523,0.2817953824996948
qwen2_5_0_5b_base,currency:7,currency,declarative,20,53.22874450683594,12.195873260498047,0.3018530607223511
qwen2_5_0_5b_base,currency:7,currency,declarative,21,72.5701675415039,17.22039222717285,0.2952325642108917
qwen2_5_0_5b_base,currency:7,currency,declarative,22,80.17933654785156,5.6747636795043945,0.3840198218822479
qwen2_5_0_5b_base,currency:7,currency,declarative,23,274.93316650390625,12.46733570098877,0.40195855498313904
qwen2_5_0_5b_base,currency:7,currency,qa,0,4.197239398956299,0.5431747436523438,0.1397734135389328
qwen2_5_0_5b_base,currency:7,currency,qa,1,6.922719955444336,2.8605403900146484,0.17538133263587952
qwen2_5_0_5b_base,currency:7,currency,qa,2,8.875532150268555,2.3669254779815674,0.23212818801403046
qwen2_5_0_5b_base,currency:7,currency,qa,3,9.578444480895996,3.108537197113037,0.22004282474517822
qwen2_5_0_5b_base,currency:7,currency,qa,4,10.359881401062012,2.461991786956787,0.21055786311626434
qwen2_5_0_5b_base,currency:7,currency,qa,5,11.00497817993164,3.2921340465545654,0.21176749467849731
qwen2_5_0_5b_base,currency:7,currency,qa,6,12.240755081176758,2.276322364807129,0.22317002713680267
qwen2_5_0_5b_base,currency:7,currency,qa,7,12.340818405151367,2.2698748111724854,0.22021256387233734
qwen2_5_0_5b_base,currency:7,currency,qa,8,12.997466087341309,3.214076280593872,0.19706055521965027
qwen2_5_0_5b_base,currency:7,currency,qa,9,14.091755867004395,2.8717784881591797,0.20606575906276703
qwen2_5_0_5b_base,currency:7,currency,qa,10,13.045862197875977,3.224046230316162,0.1943063586950302
qwen2_5_0_5b_base,currency:7,currency,qa,11,14.50497055053711,2.4665281772613525,0.20408639311790466
qwen2_5_0_5b_base,currency:7,currency,qa,12,14.997809410095215,2.9017367362976074,0.209969162940979
qwen2_5_0_5b_base,currency:7,currency,qa,13,15.965250968933105,2.528268337249756,0.21492023766040802
qwen2_5_0_5b_base,currency:7,currency,qa,14,19.218338012695312,6.519317150115967,0.23980526626110077
qwen2_5_0_5b_base,currency:7,currency,qa,15,21.864049911499023,4.931863307952881,0.2532356083393097
qwen2_5_0_5b_base,currency:7,currency,qa,16,24.516845703125,1.6961668729782104,0.27852877974510193
qwen2_5_0_5b_base,currency:7,currency,qa,17,29.539283752441406,6.01211404800415,0.2511705160140991
qwen2_5_0_5b_base,currency:7,currency,qa,18,35.1430549621582,4.524757385253906,0.24649249017238617
qwen2_5_0_5b_base,currency:7,currency,qa,19,39.3807258605957,3.8701283931732178,0.2811349630355835
qwen2_5_0_5b_base,currency:7,currency,qa,20,50.90556716918945,12.580057144165039,0.3050145208835602
qwen2_5_0_5b_base,currency:7,currency,qa,21,72.01435852050781,20.680179595947266,0.2955212891101837
qwen2_5_0_5b_base,currency:7,currency,qa,22,79.60151672363281,5.979788780212402,0.39349523186683655
qwen2_5_0_5b_base,currency:7,currency,qa,23,266.4875183105469,14.31645393371582,0.4219706654548645
qwen2_5_0_5b_base,currency:7,currency,chat_template,0,3.611288547515869,0.590882420539856,0.10479027777910233
qwen2_5_0_5b_base,currency:7,currency,chat_template,1,6.810659885406494,2.822786569595337,0.16680090129375458
qwen2_5_0_5b_base,currency:7,currency,chat_template,2,7.291908264160156,1.512869954109192,0.14700695872306824
qwen2_5_0_5b_base,currency:7,currency,chat_template,3,8.380575180053711,2.326596975326538,0.1706983596086502
qwen2_5_0_5b_base,currency:7,currency,chat_template,4,9.647854804992676,2.864779233932495,0.1949959248304367
qwen2_5_0_5b_base,currency:7,currency,chat_template,5,10.511148452758789,3.9126272201538086,0.21140065789222717
qwen2_5_0_5b_base,currency:7,currency,chat_template,6,11.811280250549316,3.212301254272461,0.21966196596622467
qwen2_5_0_5b_base,currency:7,currency,chat_template,7,13.118525505065918,3.712796926498413,0.22405405342578888
qwen2_5_0_5b_base,currency:7,currency,chat_template,8,12.758135795593262,4.39494514465332,0.20594219863414764
qwen2_5_0_5b_base,currency:7,currency,chat_template,9,13.278290748596191,2.9018983840942383,0.21150639653205872
qwen2_5_0_5b_base,currency:7,currency,chat_template,10,14.177825927734375,3.97417950630188,0.20536059141159058
qwen2_5_0_5b_base,currency:7,currency,chat_template,11,15.897552490234375,2.3243696689605713,0.22259880602359772
qwen2_5_0_5b_base,currency:7,currency,chat_template,12,15.504851341247559,3.9764318466186523,0.22549431025981903
qwen2_5_0_5b_base,currency:7,currency,chat_template,13,16.123001098632812,2.963743209838867,0.22565892338752747
qwen2_5_0_5b_base,currency:7,currency,chat_template,14,20.213333129882812,5.773046493530273,0.2537482678890228
qwen2_5_0_5b_base,currency:7,currency,chat_template,15,20.977319717407227,5.063778400421143,0.260811448097229
qwen2_5_0_5b_base,currency:7,currency,chat_template,16,23.10405158996582,3.05483078956604,0.28846967220306396
qwen2_5_0_5b_base,currency:7,currency,chat_template,17,30.144655227661133,5.523898601531982,0.2564074993133545
qwen2_5_0_5b_base,currency:7,currency,chat_template,18,33.61030578613281,2.876387119293213,0.24783656001091003
qwen2_5_0_5b_base,currency:7,currency,chat_template,19,36.917762756347656,3.406592607498169,0.28027716279029846
qwen2_5_0_5b_base,currency:7,currency,chat_template,20,50.705013275146484,12.56676197052002,0.29589974880218506
qwen2_5_0_5b_base,currency:7,currency,chat_template,21,68.05789184570312,26.055418014526367,0.2533915340900421
qwen2_5_0_5b_base,currency:7,currency,chat_template,22,73.27395629882812,10.842283248901367,0.3197387456893921
qwen2_5_0_5b_base,currency:7,currency,chat_template,23,251.421875,17.7354736328125,0.40392178297042847
qwen2_5_0_5b_base,currency:8,currency,raw_question,0,4.385695934295654,0.4608313739299774,0.13557717204093933
qwen2_5_0_5b_base,currency:8,currency,raw_question,1,7.82005500793457,2.8347842693328857,0.16978052258491516
qwen2_5_0_5b_base,currency:8,currency,raw_question,2,7.984526634216309,1.579056978225708,0.1721961945295334
qwen2_5_0_5b_base,currency:8,currency,raw_question,3,9.416343688964844,1.8322162628173828,0.1917799562215805
qwen2_5_0_5b_base,currency:8,currency,raw_question,4,10.914093971252441,2.895433187484741,0.21011237800121307
qwen2_5_0_5b_base,currency:8,currency,raw_question,5,11.806723594665527,3.0468637943267822,0.2127334177494049
qwen2_5_0_5b_base,currency:8,currency,raw_question,6,13.13705825805664,1.7118908166885376,0.22086964547634125
qwen2_5_0_5b_base,currency:8,currency,raw_question,7,14.990323066711426,2.4989776611328125,0.2211465835571289
qwen2_5_0_5b_base,currency:8,currency,raw_question,8,15.081995964050293,3.5711638927459717,0.2109367400407791
qwen2_5_0_5b_base,currency:8,currency,raw_question,9,15.529426574707031,2.516810894012451,0.20636381208896637
qwen2_5_0_5b_base,currency:8,currency,raw_question,10,15.2781982421875,3.7619121074676514,0.19433806836605072
qwen2_5_0_5b_base,currency:8,currency,raw_question,11,15.514798164367676,2.6297390460968018,0.20051296055316925
qwen2_5_0_5b_base,currency:8,currency,raw_question,12,16.25602912902832,2.7662837505340576,0.2050960659980774
qwen2_5_0_5b_base,currency:8,currency,raw_question,13,17.452335357666016,2.8509647846221924,0.2029051035642624
qwen2_5_0_5b_base,currency:8,currency,raw_question,14,18.62787437438965,3.4536306858062744,0.22378356754779816
qwen2_5_0_5b_base,currency:8,currency,raw_question,15,20.8177433013916,3.8624398708343506,0.24363282322883606
qwen2_5_0_5b_base,currency:8,currency,raw_question,16,24.825485229492188,1.743511438369751,0.27069568634033203
qwen2_5_0_5b_base,currency:8,currency,raw_question,17,29.51909637451172,4.144043922424316,0.2483079880475998
qwen2_5_0_5b_base,currency:8,currency,raw_question,18,34.04665756225586,2.0376787185668945,0.24133162200450897
qwen2_5_0_5b_base,currency:8,currency,raw_question,19,37.63112258911133,3.49900221824646,0.2696223556995392
qwen2_5_0_5b_base,currency:8,currency,raw_question,20,51.710853576660156,10.637879371643066,0.28951939940452576
qwen2_5_0_5b_base,currency:8,currency,raw_question,21,72.58717346191406,14.951416015625,0.2559203803539276
qwen2_5_0_5b_base,currency:8,currency,raw_question,22,76.9456787109375,2.847500801086426,0.2840383052825928
qwen2_5_0_5b_base,currency:8,currency,raw_question,23,283.25775146484375,10.085627555847168,0.37160301208496094
qwen2_5_0_5b_base,currency:8,currency,declarative,0,4.926612854003906,0.43212175369262695,0.1386995017528534
qwen2_5_0_5b_base,currency:8,currency,declarative,1,7.898003578186035,2.777400016784668,0.16524696350097656
qwen2_5_0_5b_base,currency:8,currency,declarative,2,8.300691604614258,1.6042252779006958,0.17462730407714844
qwen2_5_0_5b_base,currency:8,currency,declarative,3,9.774480819702148,2.316049098968506,0.19336771965026855
qwen2_5_0_5b_base,currency:8,currency,declarative,4,11.578465461730957,3.9066002368927,0.2163575142621994
qwen2_5_0_5b_base,currency:8,currency,declarative,5,14.632041931152344,3.882798671722412,0.22270511090755463
qwen2_5_0_5b_base,currency:8,currency,declarative,6,13.824077606201172,2.6171398162841797,0.23247267305850983
qwen2_5_0_5b_base,currency:8,currency,declarative,7,14.324692726135254,2.624436616897583,0.22248880565166473
qwen2_5_0_5b_base,currency:8,currency,declarative,8,14.78145980834961,4.492721080780029,0.20932774245738983
qwen2_5_0_5b_base,currency:8,currency,declarative,9,14.812294960021973,2.215916395187378,0.1991935521364212
qwen2_5_0_5b_base,currency:8,currency,declarative,10,15.915176391601562,4.005274772644043,0.19839562475681305
qwen2_5_0_5b_base,currency:8,currency,declarative,11,15.559344291687012,2.7612016201019287,0.20240730047225952
qwen2_5_0_5b_base,currency:8,currency,declarative,12,16.25459861755371,2.877366065979004,0.19950352609157562
qwen2_5_0_5b_base,currency:8,currency,declarative,13,17.510160446166992,2.217726469039917,0.19464749097824097
qwen2_5_0_5b_base,currency:8,currency,declarative,14,19.114381790161133,4.751917362213135,0.22365248203277588
qwen2_5_0_5b_base,currency:8,currency,declarative,15,21.833641052246094,4.117400646209717,0.24192112684249878
qwen2_5_0_5b_base,currency:8,currency,declarative,16,25.90218734741211,2.4110465049743652,0.27467623353004456
qwen2_5_0_5b_base,currency:8,currency,declarative,17,30.90692138671875,5.733269214630127,0.24124100804328918
qwen2_5_0_5b_base,currency:8,currency,declarative,18,35.406028747558594,4.019802093505859,0.2516975402832031
qwen2_5_0_5b_base,currency:8,currency,declarative,19,40.67189025878906,3.906102180480957,0.2793096601963043
qwen2_5_0_5b_base,currency:8,currency,declarative,20,54.062286376953125,10.044045448303223,0.30026283860206604
qwen2_5_0_5b_base,currency:8,currency,declarative,21,71.74137115478516,13.450974464416504,0.28273171186447144
qwen2_5_0_5b_base,currency:8,currency,declarative,22,78.8275146484375,3.7864842414855957,0.33956578373908997
qwen2_5_0_5b_base,currency:8,currency,declarative,23,284.1234436035156,11.674845695495605,0.36086606979370117
qwen2_5_0_5b_base,currency:8,currency,qa,0,4.160130500793457,0.5526344180107117,0.14072416722774506
qwen2_5_0_5b_base,currency:8,currency,qa,1,6.909073829650879,2.8744115829467773,0.17607653141021729
qwen2_5_0_5b_base,currency:8,currency,qa,2,8.81264877319336,2.356564521789551,0.23039406538009644
qwen2_5_0_5b_base,currency:8,currency,qa,3,9.591623306274414,3.10693621635437,0.21967051923274994
qwen2_5_0_5b_base,currency:8,currency,qa,4,10.39792537689209,2.525907278060913,0.21055226027965546
qwen2_5_0_5b_base,currency:8,currency,qa,5,10.982827186584473,3.2897861003875732,0.211737260222435
qwen2_5_0_5b_base,currency:8,currency,qa,6,12.232853889465332,2.2778871059417725,0.22294220328330994
qwen2_5_0_5b_base,currency:8,currency,qa,7,12.364745140075684,2.2547695636749268,0.22041340172290802
qwen2_5_0_5b_base,currency:8,currency,qa,8,12.921890258789062,3.249116897583008,0.1969781368970871
qwen2_5_0_5b_base,currency:8,currency,qa,9,14.086273193359375,2.776071071624756,0.20621398091316223
qwen2_5_0_5b_base,currency:8,currency,qa,10,13.041749954223633,3.2502331733703613,0.19548571109771729
qwen2_5_0_5b_base,currency:8,currency,qa,11,14.468904495239258,2.435485601425171,0.20394909381866455
qwen2_5_0_5b_base,currency:8,currency,qa,12,14.969358444213867,2.8816075325012207,0.20938467979431152
qwen2_5_0_5b_base,currency:8,currency,qa,13,15.978251457214355,2.602829933166504,0.21355974674224854
qwen2_5_0_5b_base,currency:8,currency,qa,14,19.219202041625977,6.11556339263916,0.2370939552783966
qwen2_5_0_5b_base,currency:8,currency,qa,15,22.250591278076172,4.895399570465088,0.2531396448612213
qwen2_5_0_5b_base,currency:8,currency,qa,16,24.84113883972168,1.9027479887008667,0.27834707498550415
qwen2_5_0_5b_base,currency:8,currency,qa,17,30.08906364440918,6.521162509918213,0.2464500218629837
qwen2_5_0_5b_base,currency:8,currency,qa,18,35.869266510009766,4.756263732910156,0.2487485259771347
qwen2_5_0_5b_base,currency:8,currency,qa,19,39.464542388916016,4.04232931137085,0.2821297347545624
qwen2_5_0_5b_base,currency:8,currency,qa,20,51.532745361328125,11.908974647521973,0.30273422598838806
qwen2_5_0_5b_base,currency:8,currency,qa,21,70.33145904541016,15.857603073120117,0.2858714461326599
qwen2_5_0_5b_base,currency:8,currency,qa,22,77.86417388916016,3.7602381706237793,0.36093130707740784
qwen2_5_0_5b_base,currency:8,currency,qa,23,283.74176025390625,12.249373435974121,0.3876718282699585
qwen2_5_0_5b_base,currency:8,currency,chat_template,0,3.6127517223358154,0.5911809802055359,0.10497777163982391
qwen2_5_0_5b_base,currency:8,currency,chat_template,1,6.830639839172363,2.8259775638580322,0.1668228656053543
qwen2_5_0_5b_base,currency:8,currency,chat_template,2,7.303983211517334,1.4985216856002808,0.14667627215385437
qwen2_5_0_5b_base,currency:8,currency,chat_template,3,8.349757194519043,2.3174917697906494,0.17070330679416656
qwen2_5_0_5b_base,currency:8,currency,chat_template,4,9.602668762207031,2.83039927482605,0.19512341916561127
qwen2_5_0_5b_base,currency:8,currency,chat_template,5,10.474322319030762,3.9513895511627197,0.21095624566078186
qwen2_5_0_5b_base,currency:8,currency,chat_template,6,11.689306259155273,3.025578498840332,0.21907033026218414
qwen2_5_0_5b_base,currency:8,currency,chat_template,7,13.113478660583496,3.7077414989471436,0.2226913422346115
qwen2_5_0_5b_base,currency:8,currency,chat_template,8,12.664390563964844,4.262465953826904,0.2047082930803299
qwen2_5_0_5b_base,currency:8,currency,chat_template,9,13.17515754699707,2.900129556655884,0.20880059897899628
qwen2_5_0_5b_base,currency:8,currency,chat_template,10,14.199394226074219,3.964446783065796,0.204869344830513
qwen2_5_0_5b_base,currency:8,currency,chat_template,11,15.673399925231934,2.334472179412842,0.22084364295005798
qwen2_5_0_5b_base,currency:8,currency,chat_template,12,15.410654067993164,3.908468008041382,0.22386498749256134
qwen2_5_0_5b_base,currency:8,currency,chat_template,13,16.03704261779785,2.899794816970825,0.2247902899980545
qwen2_5_0_5b_base,currency:8,currency,chat_template,14,20.24677848815918,5.974933624267578,0.2542724907398224
qwen2_5_0_5b_base,currency:8,currency,chat_template,15,21.20895767211914,5.006895542144775,0.25989216566085815
qwen2_5_0_5b_base,currency:8,currency,chat_template,16,23.35371971130371,2.824093818664551,0.28870889544487
qwen2_5_0_5b_base,currency:8,currency,chat_template,17,30.166353225708008,5.560589790344238,0.25762295722961426
qwen2_5_0_5b_base,currency:8,currency,chat_template,18,33.84013366699219,3.1622138023376465,0.24920393526554108
qwen2_5_0_5b_base,currency:8,currency,chat_template,19,37.10515594482422,3.318183660507202,0.280485063791275
qwen2_5_0_5b_base,currency:8,currency,chat_template,20,49.928401947021484,11.125347137451172,0.29536500573158264
qwen2_5_0_5b_base,currency:8,currency,chat_template,21,67.3786392211914,29.100265502929688,0.2533935606479645
qwen2_5_0_5b_base,currency:8,currency,chat_template,22,71.5904769897461,9.644379615783691,0.3237014412879944
qwen2_5_0_5b_base,currency:8,currency,chat_template,23,249.19134521484375,14.67514419555664,0.39914217591285706
qwen2_5_0_5b_base,currency:9,currency,raw_question,0,4.440775394439697,0.45897892117500305,0.13258548080921173
qwen2_5_0_5b_base,currency:9,currency,raw_question,1,7.9001007080078125,2.8310749530792236,0.1691773533821106
qwen2_5_0_5b_base,currency:9,currency,raw_question,2,8.096549034118652,1.5789034366607666,0.17245636880397797
qwen2_5_0_5b_base,currency:9,currency,raw_question,3,9.473404884338379,1.9216731786727905,0.19179444015026093
qwen2_5_0_5b_base,currency:9,currency,raw_question,4,10.784034729003906,2.7589662075042725,0.21102960407733917
qwen2_5_0_5b_base,currency:9,currency,raw_question,5,12.055502891540527,3.1467268466949463,0.21349242329597473
qwen2_5_0_5b_base,currency:9,currency,raw_question,6,13.348127365112305,1.7265715599060059,0.22029656171798706
qwen2_5_0_5b_base,currency:9,currency,raw_question,7,14.929608345031738,2.4374868869781494,0.21957457065582275
qwen2_5_0_5b_base,currency:9,currency,raw_question,8,15.17008113861084,3.941356897354126,0.2104703187942505
qwen2_5_0_5b_base,currency:9,currency,raw_question,9,15.607625961303711,2.6397433280944824,0.20578834414482117
qwen2_5_0_5b_base,currency:9,currency,raw_question,10,15.576507568359375,3.816277027130127,0.19467759132385254
qwen2_5_0_5b_base,currency:9,currency,raw_question,11,15.563111305236816,2.628265619277954,0.1993509978055954
qwen2_5_0_5b_base,currency:9,currency,raw_question,12,16.37092399597168,2.776792287826538,0.2047823667526245
qwen2_5_0_5b_base,currency:9,currency,raw_question,13,17.512561798095703,2.903944969177246,0.20204782485961914
qwen2_5_0_5b_base,currency:9,currency,raw_question,14,18.68079948425293,3.440703868865967,0.22472494840621948
qwen2_5_0_5b_base,currency:9,currency,raw_question,15,20.664201736450195,3.851609230041504,0.24496741592884064
qwen2_5_0_5b_base,currency:9,currency,raw_question,16,24.544864654541016,1.690708041191101,0.27107635140419006
qwen2_5_0_5b_base,currency:9,currency,raw_question,17,29.394893646240234,4.121009349822998,0.24866704642772675
qwen2_5_0_5b_base,currency:9,currency,raw_question,18,33.469322204589844,1.8351004123687744,0.24046897888183594
qwen2_5_0_5b_base,currency:9,currency,raw_question,19,37.4455451965332,3.9177818298339844,0.26959818601608276
qwen2_5_0_5b_base,currency:9,currency,raw_question,20,52.94217300415039,11.559016227722168,0.28922805190086365
qwen2_5_0_5b_base,currency:9,currency,raw_question,21,74.06861877441406,14.616713523864746,0.2576329708099365
qwen2_5_0_5b_base,currency:9,currency,raw_question,22,77.95259094238281,3.674513101577759,0.2870570719242096
qwen2_5_0_5b_base,currency:9,currency,raw_question,23,285.2267150878906,11.875114440917969,0.37511950731277466
qwen2_5_0_5b_base,currency:9,currency,declarative,0,4.965476036071777,0.4334244430065155,0.1358652114868164
qwen2_5_0_5b_base,currency:9,currency,declarative,1,7.895883560180664,2.7958614826202393,0.1646837443113327
qwen2_5_0_5b_base,currency:9,currency,declarative,2,8.404561996459961,1.6131205558776855,0.17539460957050323
qwen2_5_0_5b_base,currency:9,currency,declarative,3,9.710212707519531,2.300241470336914,0.19159217178821564
qwen2_5_0_5b_base,currency:9,currency,declarative,4,11.281959533691406,3.517947196960449,0.21630129218101501
qwen2_5_0_5b_base,currency:9,currency,declarative,5,14.169574737548828,3.8437578678131104,0.2223980873823166
qwen2_5_0_5b_base,currency:9,currency,declarative,6,13.623197555541992,2.602874755859375,0.22931700944900513
qwen2_5_0_5b_base,currency:9,currency,declarative,7,14.157031059265137,2.8742337226867676,0.21971075236797333
qwen2_5_0_5b_base,currency:9,currency,declarative,8,14.686068534851074,4.730173587799072,0.2081318199634552
qwen2_5_0_5b_base,currency:9,currency,declarative,9,14.823944091796875,2.3258883953094482,0.19827471673488617
qwen2_5_0_5b_base,currency:9,currency,declarative,10,16.128501892089844,4.0559468269348145,0.2004203051328659
qwen2_5_0_5b_base,currency:9,currency,declarative,11,15.457956314086914,2.6848840713500977,0.20195363461971283
qwen2_5_0_5b_base,currency:9,currency,declarative,12,16.10820198059082,2.9179773330688477,0.2002825140953064
qwen2_5_0_5b_base,currency:9,currency,declarative,13,17.1591796875,2.220949172973633,0.19429130852222443
qwen2_5_0_5b_base,currency:9,currency,declarative,14,18.970252990722656,5.256694793701172,0.22557243704795837
qwen2_5_0_5b_base,currency:9,currency,declarative,15,21.17987823486328,4.034493923187256,0.24339228868484497
qwen2_5_0_5b_base,currency:9,currency,declarative,16,25.225107192993164,2.2501063346862793,0.2731672525405884
qwen2_5_0_5b_base,currency:9,currency,declarative,17,30.15416717529297,6.369570732116699,0.24321822822093964
qwen2_5_0_5b_base,currency:9,currency,declarative,18,34.47986602783203,3.8323941230773926,0.24989601969718933
qwen2_5_0_5b_base,currency:9,currency,declarative,19,40.394954681396484,3.8488924503326416,0.2782566547393799
qwen2_5_0_5b_base,currency:9,currency,declarative,20,54.25022506713867,11.823046684265137,0.301751047372818
qwen2_5_0_5b_base,currency:9,currency,declarative,21,74.65657043457031,13.703767776489258,0.2918250262737274
qwen2_5_0_5b_base,currency:9,currency,declarative,22,80.50873565673828,3.554091453552246,0.3660763204097748
qwen2_5_0_5b_base,currency:9,currency,declarative,23,280.0299377441406,11.378277778625488,0.37828007340431213
qwen2_5_0_5b_base,currency:9,currency,qa,0,4.185174465179443,0.5531399250030518,0.13856786489486694
qwen2_5_0_5b_base,currency:9,currency,qa,1,6.9376349449157715,2.8606467247009277,0.17499935626983643
qwen2_5_0_5b_base,currency:9,currency,qa,2,8.809625625610352,2.345296621322632,0.2300328016281128
qwen2_5_0_5b_base,currency:9,currency,qa,3,9.5183744430542,3.0517072677612305,0.21932542324066162
qwen2_5_0_5b_base,currency:9,currency,qa,4,10.396657943725586,2.525780439376831,0.21066519618034363
qwen2_5_0_5b_base,currency:9,currency,qa,5,10.855978012084961,3.2644879817962646,0.21110740303993225
qwen2_5_0_5b_base,currency:9,currency,qa,6,12.18908405303955,2.334531784057617,0.22365599870681763
qwen2_5_0_5b_base,currency:9,currency,qa,7,12.301289558410645,2.2254080772399902,0.2211887687444687
qwen2_5_0_5b_base,currency:9,currency,qa,8,12.96878719329834,3.2537283897399902,0.1979411244392395
qwen2_5_0_5b_base,currency:9,currency,qa,9,14.22656536102295,2.808682680130005,0.20768925547599792
qwen2_5_0_5b_base,currency:9,currency,qa,10,13.113718032836914,3.303462028503418,0.19676049053668976
qwen2_5_0_5b_base,currency:9,currency,qa,11,14.647591590881348,2.346747398376465,0.20666350424289703
qwen2_5_0_5b_base,currency:9,currency,qa,12,15.165694236755371,3.0118062496185303,0.21222953498363495
qwen2_5_0_5b_base,currency:9,currency,qa,13,16.21194076538086,2.683180332183838,0.21721938252449036
qwen2_5_0_5b_base,currency:9,currency,qa,14,19.528667449951172,6.638861656188965,0.24073050916194916
qwen2_5_0_5b_base,currency:9,currency,qa,15,22.14728355407715,4.888344764709473,0.2551686763763428
qwen2_5_0_5b_base,currency:9,currency,qa,16,24.8269100189209,1.7227261066436768,0.2795877754688263
qwen2_5_0_5b_base,currency:9,currency,qa,17,29.721874237060547,6.4837141036987305,0.24938902258872986
qwen2_5_0_5b_base,currency:9,currency,qa,18,35.302833557128906,4.505353927612305,0.2490241974592209
qwen2_5_0_5b_base,currency:9,currency,qa,19,39.687347412109375,3.7706401348114014,0.2824031412601471
qwen2_5_0_5b_base,currency:9,currency,qa,20,52.894554138183594,13.707321166992188,0.30461376905441284
qwen2_5_0_5b_base,currency:9,currency,qa,21,75.98385620117188,16.910690307617188,0.2956816852092743
qwen2_5_0_5b_base,currency:9,currency,qa,22,81.21791076660156,4.933541774749756,0.38523349165916443
qwen2_5_0_5b_base,currency:9,currency,qa,23,277.4192810058594,12.922215461730957,0.41457483172416687
qwen2_5_0_5b_base,currency:9,currency,chat_template,0,3.602252721786499,0.5926860570907593,0.1047612652182579
qwen2_5_0_5b_base,currency:9,currency,chat_template,1,6.831267833709717,2.826326608657837,0.16690504550933838
qwen2_5_0_5b_base,currency:9,currency,chat_template,2,7.305117130279541,1.5006803274154663,0.1467341035604477
qwen2_5_0_5b_base,currency:9,currency,chat_template,3,8.359847068786621,2.3171136379241943,0.17068907618522644
qwen2_5_0_5b_base,currency:9,currency,chat_template,4,9.610318183898926,2.8396270275115967,0.19496577978134155
qwen2_5_0_5b_base,currency:9,currency,chat_template,5,10.426395416259766,3.912360668182373,0.21112783253192902
qwen2_5_0_5b_base,currency:9,currency,chat_template,6,11.630477905273438,3.0895307064056396,0.2190375030040741
qwen2_5_0_5b_base,currency:9,currency,chat_template,7,13.087017059326172,3.7741477489471436,0.2231077402830124
qwen2_5_0_5b_base,currency:9,currency,chat_template,8,12.69131851196289,4.368476867675781,0.20522770285606384
qwen2_5_0_5b_base,currency:9,currency,chat_template,9,13.254630088806152,2.897141218185425,0.21003472805023193
qwen2_5_0_5b_base,currency:9,currency,chat_template,10,14.219160079956055,3.9499385356903076,0.20524649322032928
qwen2_5_0_5b_base,currency:9,currency,chat_template,11,15.749671936035156,2.320897102355957,0.2214113473892212
qwen2_5_0_5b_base,currency:9,currency,chat_template,12,15.419591903686523,4.001349449157715,0.22433489561080933
qwen2_5_0_5b_base,currency:9,currency,chat_template,13,16.051298141479492,2.9700767993927,0.22504058480262756
qwen2_5_0_5b_base,currency:9,currency,chat_template,14,20.259525299072266,5.811323642730713,0.25415897369384766
qwen2_5_0_5b_base,currency:9,currency,chat_template,15,21.059343338012695,5.038327693939209,0.2607048451900482
qwen2_5_0_5b_base,currency:9,currency,chat_template,16,23.112205505371094,2.865149974822998,0.2892957031726837
qwen2_5_0_5b_base,currency:9,currency,chat_template,17,30.17560386657715,5.435058116912842,0.25713545083999634
qwen2_5_0_5b_base,currency:9,currency,chat_template,18,33.68457794189453,2.8495686054229736,0.2495122253894806
qwen2_5_0_5b_base,currency:9,currency,chat_template,19,37.025699615478516,3.374803304672241,0.2820644974708557
qwen2_5_0_5b_base,currency:9,currency,chat_template,20,51.17795181274414,11.713005065917969,0.2943912446498871
qwen2_5_0_5b_base,currency:9,currency,chat_template,21,67.31510162353516,24.747406005859375,0.2543485164642334
qwen2_5_0_5b_base,currency:9,currency,chat_template,22,72.94664001464844,11.276830673217773,0.3131498396396637
qwen2_5_0_5b_base,currency:9,currency,chat_template,23,255.06578063964844,14.458885192871094,0.4024752080440521
qwen2_5_0_5b_base,currency:10,currency,raw_question,0,4.413699150085449,0.4503037631511688,0.1329886019229889
qwen2_5_0_5b_base,currency:10,currency,raw_question,1,7.949217319488525,2.8007659912109375,0.16996599733829498
qwen2_5_0_5b_base,currency:10,currency,raw_question,2,8.115645408630371,1.6210561990737915,0.17261168360710144
qwen2_5_0_5b_base,currency:10,currency,raw_question,3,9.482366561889648,1.9729613065719604,0.19255390763282776
qwen2_5_0_5b_base,currency:10,currency,raw_question,4,10.831292152404785,2.968400239944458,0.21249286830425262
qwen2_5_0_5b_base,currency:10,currency,raw_question,5,11.775643348693848,3.0564181804656982,0.21196423470973969
qwen2_5_0_5b_base,currency:10,currency,raw_question,6,13.191132545471191,1.779549479484558,0.21998758614063263
qwen2_5_0_5b_base,currency:10,currency,raw_question,7,14.906009674072266,2.6500113010406494,0.22146716713905334
qwen2_5_0_5b_base,currency:10,currency,raw_question,8,15.183853149414062,3.6845922470092773,0.21040186285972595
qwen2_5_0_5b_base,currency:10,currency,raw_question,9,15.41696548461914,2.5161006450653076,0.20623572170734406
qwen2_5_0_5b_base,currency:10,currency,raw_question,10,14.979085922241211,3.8539843559265137,0.1936442106962204
qwen2_5_0_5b_base,currency:10,currency,raw_question,11,15.231517791748047,2.6271796226501465,0.1969720870256424
qwen2_5_0_5b_base,currency:10,currency,raw_question,12,16.02584457397461,2.807652473449707,0.20372478663921356
qwen2_5_0_5b_base,currency:10,currency,raw_question,13,17.22492218017578,2.9523067474365234,0.20240572094917297
qwen2_5_0_5b_base,currency:10,currency,raw_question,14,18.49945068359375,3.5007176399230957,0.22286008298397064
qwen2_5_0_5b_base,currency:10,currency,raw_question,15,20.215486526489258,3.9164535999298096,0.2444854974746704
qwen2_5_0_5b_base,currency:10,currency,raw_question,16,24.063344955444336,1.9312946796417236,0.27016061544418335
qwen2_5_0_5b_base,currency:10,currency,raw_question,17,28.813283920288086,4.081297397613525,0.247855082154274
qwen2_5_0_5b_base,currency:10,currency,raw_question,18,33.090911865234375,1.715876817703247,0.24124251306056976
qwen2_5_0_5b_base,currency:10,currency,raw_question,19,36.93002700805664,3.9610989093780518,0.2696211338043213
qwen2_5_0_5b_base,currency:10,currency,raw_question,20,52.5108642578125,11.740873336791992,0.2925301790237427
qwen2_5_0_5b_base,currency:10,currency,raw_question,21,73.42922973632812,17.692367553710938,0.258218377828598
qwen2_5_0_5b_base,currency:10,currency,raw_question,22,78.59877014160156,5.413428783416748,0.2862790822982788
qwen2_5_0_5b_base,currency:10,currency,raw_question,23,276.55511474609375,12.014615058898926,0.3777655065059662
qwen2_5_0_5b_base,currency:10,currency,declarative,0,4.941826343536377,0.41591373085975647,0.13653287291526794
qwen2_5_0_5b_base,currency:10,currency,declarative,1,8.101730346679688,2.769357442855835,0.1644066572189331
qwen2_5_0_5b_base,currency:10,currency,declarative,2,8.603245735168457,1.6946070194244385,0.1762629747390747
qwen2_5_0_5b_base,currency:10,currency,declarative,3,9.82641315460205,2.349867343902588,0.19248203933238983
qwen2_5_0_5b_base,currency:10,currency,declarative,4,11.48739242553711,3.510355234146118,0.22049115598201752
qwen2_5_0_5b_base,currency:10,currency,declarative,5,14.582422256469727,3.890117883682251,0.2239459753036499
qwen2_5_0_5b_base,currency:10,currency,declarative,6,13.77242374420166,2.6426873207092285,0.23253922164440155
qwen2_5_0_5b_base,currency:10,currency,declarative,7,14.030928611755371,2.950467109680176,0.2239103764295578
qwen2_5_0_5b_base,currency:10,currency,declarative,8,14.327865600585938,4.504537582397461,0.20814526081085205
qwen2_5_0_5b_base,currency:10,currency,declarative,9,14.490790367126465,2.278864622116089,0.19837497174739838
qwen2_5_0_5b_base,currency:10,currency,declarative,10,15.27655029296875,3.887523651123047,0.19775664806365967
qwen2_5_0_5b_base,currency:10,currency,declarative,11,14.940641403198242,2.731889009475708,0.20019802451133728
qwen2_5_0_5b_base,currency:10,currency,declarative,12,15.414422035217285,2.963554859161377,0.19861003756523132
qwen2_5_0_5b_base,currency:10,currency,declarative,13,16.77596664428711,2.2500314712524414,0.19493691623210907
qwen2_5_0_5b_base,currency:10,currency,declarative,14,18.340700149536133,5.1325297355651855,0.22646105289459229
qwen2_5_0_5b_base,currency:10,currency,declarative,15,20.689695358276367,3.9845733642578125,0.2443307340145111
qwen2_5_0_5b_base,currency:10,currency,declarative,16,24.545724868774414,2.2213354110717773,0.2753835618495941
qwen2_5_0_5b_base,currency:10,currency,declarative,17,29.514503479003906,6.202677249908447,0.24529185891151428
qwen2_5_0_5b_base,currency:10,currency,declarative,18,33.68349075317383,3.925276279449463,0.24965672194957733
qwen2_5_0_5b_base,currency:10,currency,declarative,19,39.611026763916016,4.007546424865723,0.27936702966690063
qwen2_5_0_5b_base,currency:10,currency,declarative,20,52.94197463989258,12.339753150939941,0.3042803406715393
qwen2_5_0_5b_base,currency:10,currency,declarative,21,71.95991516113281,17.638601303100586,0.3009456694126129
qwen2_5_0_5b_base,currency:10,currency,declarative,22,79.85958862304688,6.169034481048584,0.387404203414917
qwen2_5_0_5b_base,currency:10,currency,declarative,23,268.38299560546875,11.825045585632324,0.40093111991882324
qwen2_5_0_5b_base,currency:10,currency,qa,0,4.153616905212402,0.5482615232467651,0.14029555022716522
qwen2_5_0_5b_base,currency:10,currency,qa,1,6.880897045135498,2.8467330932617188,0.1747482419013977
qwen2_5_0_5b_base,currency:10,currency,qa,2,8.832844734191895,2.360481023788452,0.23155663907527924
qwen2_5_0_5b_base,currency:10,currency,qa,3,9.600920677185059,3.1043436527252197,0.21967817842960358
qwen2_5_0_5b_base,currency:10,currency,qa,4,10.33727741241455,2.5458853244781494,0.21077819168567657
qwen2_5_0_5b_base,currency:10,currency,qa,5,10.926301956176758,3.3139491081237793,0.21164891123771667
qwen2_5_0_5b_base,currency:10,currency,qa,6,12.22307014465332,2.327908992767334,0.22320853173732758
qwen2_5_0_5b_base,currency:10,currency,qa,7,12.201322555541992,2.2922825813293457,0.22049376368522644
qwen2_5_0_5b_base,currency:10,currency,qa,8,12.929442405700684,3.2017107009887695,0.1988423764705658
qwen2_5_0_5b_base,currency:10,currency,qa,9,13.971528053283691,2.8550631999969482,0.20731350779533386
qwen2_5_0_5b_base,currency:10,currency,qa,10,12.856389999389648,3.267451763153076,0.19530247151851654
qwen2_5_0_5b_base,currency:10,currency,qa,11,14.522557258605957,2.4253194332122803,0.20591674745082855
qwen2_5_0_5b_base,currency:10,currency,qa,12,14.94580078125,2.9774131774902344,0.21191845834255219
qwen2_5_0_5b_base,currency:10,currency,qa,13,15.871943473815918,2.603843927383423,0.21685823798179626
qwen2_5_0_5b_base,currency:10,currency,qa,14,19.000131607055664,6.358295440673828,0.24074964225292206
qwen2_5_0_5b_base,currency:10,currency,qa,15,21.690580368041992,4.866237640380859,0.2540872395038605
qwen2_5_0_5b_base,currency:10,currency,qa,16,24.483522415161133,1.67567777633667,0.2790263891220093
qwen2_5_0_5b_base,currency:10,currency,qa,17,29.288928985595703,6.115218162536621,0.2512362599372864
qwen2_5_0_5b_base,currency:10,currency,qa,18,35.15372848510742,4.9195027351379395,0.24696621298789978
qwen2_5_0_5b_base,currency:10,currency,qa,19,39.69017791748047,3.889601707458496,0.28094884753227234
qwen2_5_0_5b_base,currency:10,currency,qa,20,51.587738037109375,13.487974166870117,0.3056940734386444
qwen2_5_0_5b_base,currency:10,currency,qa,21,72.59431457519531,21.493635177612305,0.29709485173225403
qwen2_5_0_5b_base,currency:10,currency,qa,22,79.92389678955078,6.861770153045654,0.37926921248435974
qwen2_5_0_5b_base,currency:10,currency,qa,23,270.01019287109375,13.482368469238281,0.4138927161693573
qwen2_5_0_5b_base,currency:10,currency,chat_template,0,3.6129724979400635,0.5908826589584351,0.10487222671508789
qwen2_5_0_5b_base,currency:10,currency,chat_template,1,6.805444717407227,2.8275063037872314,0.1664614975452423
qwen2_5_0_5b_base,currency:10,currency,chat_template,2,7.281965732574463,1.51582932472229,0.14707952737808228
qwen2_5_0_5b_base,currency:10,currency,chat_template,3,8.365403175354004,2.3232390880584717,0.17066679894924164
qwen2_5_0_5b_base,currency:10,currency,chat_template,4,9.652939796447754,2.862854480743408,0.19494187831878662
qwen2_5_0_5b_base,currency:10,currency,chat_template,5,10.45816421508789,3.932076930999756,0.2114228457212448
qwen2_5_0_5b_base,currency:10,currency,chat_template,6,11.602099418640137,3.00528621673584,0.21794123947620392
qwen2_5_0_5b_base,currency:10,currency,chat_template,7,13.160931587219238,3.564206123352051,0.22210851311683655
qwen2_5_0_5b_base,currency:10,currency,chat_template,8,12.741081237792969,4.391552448272705,0.20579852163791656
qwen2_5_0_5b_base,currency:10,currency,chat_template,9,13.248086929321289,2.8804500102996826,0.21138623356819153
qwen2_5_0_5b_base,currency:10,currency,chat_template,10,14.279118537902832,3.925503730773926,0.2054363191127777
qwen2_5_0_5b_base,currency:10,currency,chat_template,11,15.863113403320312,2.3515894412994385,0.22194638848304749
qwen2_5_0_5b_base,currency:10,currency,chat_template,12,15.482481956481934,3.9743175506591797,0.2231118232011795
qwen2_5_0_5b_base,currency:10,currency,chat_template,13,16.195579528808594,2.978041648864746,0.22465921938419342
qwen2_5_0_5b_base,currency:10,currency,chat_template,14,20.435583114624023,5.812229633331299,0.25406038761138916
qwen2_5_0_5b_base,currency:10,currency,chat_template,15,21.155927658081055,5.052258491516113,0.2615734338760376
qwen2_5_0_5b_base,currency:10,currency,chat_template,16,23.1547908782959,3.0341861248016357,0.28922104835510254
qwen2_5_0_5b_base,currency:10,currency,chat_template,17,30.244733810424805,5.499557018280029,0.25728145241737366
qwen2_5_0_5b_base,currency:10,currency,chat_template,18,33.798770904541016,3.0329177379608154,0.2501637935638428
qwen2_5_0_5b_base,currency:10,currency,chat_template,19,37.1410026550293,3.5202527046203613,0.2822837829589844
qwen2_5_0_5b_base,currency:10,currency,chat_template,20,51.89473342895508,12.855435371398926,0.29720744490623474
qwen2_5_0_5b_base,currency:10,currency,chat_template,21,68.4463882446289,24.01882553100586,0.25526681542396545
qwen2_5_0_5b_base,currency:10,currency,chat_template,22,74.35061645507812,11.664752960205078,0.31528693437576294
qwen2_5_0_5b_base,currency:10,currency,chat_template,23,253.47544860839844,14.424623489379883,0.41104206442832947
qwen2_5_0_5b_base,currency:11,currency,raw_question,0,4.346934795379639,0.4518067538738251,0.13367465138435364
qwen2_5_0_5b_base,currency:11,currency,raw_question,1,7.851018905639648,2.8384711742401123,0.16970671713352203
qwen2_5_0_5b_base,currency:11,currency,raw_question,2,7.993600845336914,1.6366732120513916,0.17194704711437225
qwen2_5_0_5b_base,currency:11,currency,raw_question,3,9.458415985107422,1.9183664321899414,0.19182664155960083
qwen2_5_0_5b_base,currency:11,currency,raw_question,4,10.775318145751953,2.9180288314819336,0.212856262922287
qwen2_5_0_5b_base,currency:11,currency,raw_question,5,11.822449684143066,2.9908246994018555,0.21387708187103271
qwen2_5_0_5b_base,currency:11,currency,raw_question,6,13.229289054870605,1.733556866645813,0.22095870971679688
qwen2_5_0_5b_base,currency:11,currency,raw_question,7,14.901598930358887,2.570486068725586,0.22148741781711578
qwen2_5_0_5b_base,currency:11,currency,raw_question,8,15.234374046325684,3.7283196449279785,0.2107766568660736
qwen2_5_0_5b_base,currency:11,currency,raw_question,9,15.486837387084961,2.5084168910980225,0.20678302645683289
qwen2_5_0_5b_base,currency:11,currency,raw_question,10,15.442586898803711,3.825364589691162,0.19417326152324677
qwen2_5_0_5b_base,currency:11,currency,raw_question,11,15.467689514160156,2.6404247283935547,0.20008805394172668
qwen2_5_0_5b_base,currency:11,currency,raw_question,12,16.344316482543945,2.7782669067382812,0.20552228391170502
qwen2_5_0_5b_base,currency:11,currency,raw_question,13,17.39051055908203,2.908102512359619,0.20319770276546478
qwen2_5_0_5b_base,currency:11,currency,raw_question,14,18.437816619873047,3.5267114639282227,0.22470790147781372
qwen2_5_0_5b_base,currency:11,currency,raw_question,15,20.024642944335938,3.976392984390259,0.24408406019210815
qwen2_5_0_5b_base,currency:11,currency,raw_question,16,23.601974487304688,1.6834619045257568,0.2694055438041687
qwen2_5_0_5b_base,currency:11,currency,raw_question,17,28.26388168334961,4.071298599243164,0.2474486231803894
qwen2_5_0_5b_base,currency:11,currency,raw_question,18,32.5040397644043,1.8111635446548462,0.2415589541196823
qwen2_5_0_5b_base,currency:11,currency,raw_question,19,36.62071990966797,4.252305507659912,0.2720692455768585
qwen2_5_0_5b_base,currency:11,currency,raw_question,20,52.201290130615234,13.351815223693848,0.29364147782325745
qwen2_5_0_5b_base,currency:11,currency,raw_question,21,72.97257995605469,14.739669799804688,0.2589588165283203
qwen2_5_0_5b_base,currency:11,currency,raw_question,22,77.05071258544922,5.571750164031982,0.2886049449443817
qwen2_5_0_5b_base,currency:11,currency,raw_question,23,291.223388671875,12.011874198913574,0.3805464804172516
qwen2_5_0_5b_base,currency:11,currency,declarative,0,4.752518653869629,0.432264119386673,0.13811691105365753
qwen2_5_0_5b_base,currency:11,currency,declarative,1,7.899526119232178,2.741959810256958,0.16464653611183167
qwen2_5_0_5b_base,currency:11,currency,declarative,2,8.45810604095459,1.6956183910369873,0.17701660096645355
qwen2_5_0_5b_base,currency:11,currency,declarative,3,9.81015682220459,2.325535535812378,0.18980927765369415
qwen2_5_0_5b_base,currency:11,currency,declarative,4,11.477614402770996,3.837179660797119,0.21784143149852753
qwen2_5_0_5b_base,currency:11,currency,declarative,5,13.615434646606445,3.6087806224823,0.2188057154417038
qwen2_5_0_5b_base,currency:11,currency,declarative,6,13.64433765411377,2.6201858520507812,0.22726517915725708
qwen2_5_0_5b_base,currency:11,currency,declarative,7,14.075647354125977,2.810917377471924,0.21817393600940704
qwen2_5_0_5b_base,currency:11,currency,declarative,8,14.649406433105469,4.773529052734375,0.2063225954771042
qwen2_5_0_5b_base,currency:11,currency,declarative,9,14.976314544677734,2.561879873275757,0.19612634181976318
qwen2_5_0_5b_base,currency:11,currency,declarative,10,16.569149017333984,4.136944770812988,0.20086669921875
qwen2_5_0_5b_base,currency:11,currency,declarative,11,15.620306015014648,2.7679011821746826,0.19918698072433472
qwen2_5_0_5b_base,currency:11,currency,declarative,12,16.63128662109375,3.0692977905273438,0.1976923644542694
qwen2_5_0_5b_base,currency:11,currency,declarative,13,17.572555541992188,2.2760720252990723,0.1938629299402237
qwen2_5_0_5b_base,currency:11,currency,declarative,14,19.14443588256836,5.0795722007751465,0.22591806948184967
qwen2_5_0_5b_base,currency:11,currency,declarative,15,21.574443817138672,3.8971166610717773,0.24580563604831696
qwen2_5_0_5b_base,currency:11,currency,declarative,16,25.785459518432617,1.8564679622650146,0.2780008018016815
qwen2_5_0_5b_base,currency:11,currency,declarative,17,30.869304656982422,5.661238670349121,0.24239449203014374
qwen2_5_0_5b_base,currency:11,currency,declarative,18,34.78888702392578,3.472153425216675,0.24978171288967133
qwen2_5_0_5b_base,currency:11,currency,declarative,19,39.3752555847168,3.50941801071167,0.27624666690826416
qwen2_5_0_5b_base,currency:11,currency,declarative,20,52.106605529785156,15.02566146850586,0.3006458580493927
qwen2_5_0_5b_base,currency:11,currency,declarative,21,71.26629638671875,14.108878135681152,0.2866722643375397
qwen2_5_0_5b_base,currency:11,currency,declarative,22,78.56183624267578,5.162712097167969,0.34773674607276917
qwen2_5_0_5b_base,currency:11,currency,declarative,23,293.6933898925781,12.09694766998291,0.3752056360244751
qwen2_5_0_5b_base,currency:11,currency,qa,0,4.120591163635254,0.5524545311927795,0.13906775414943695
qwen2_5_0_5b_base,currency:11,currency,qa,1,6.907196521759033,2.850794792175293,0.17555761337280273
qwen2_5_0_5b_base,currency:11,currency,qa,2,8.801883697509766,2.3831088542938232,0.23140357434749603
qwen2_5_0_5b_base,currency:11,currency,qa,3,9.512325286865234,3.128307342529297,0.2199389785528183
qwen2_5_0_5b_base,currency:11,currency,qa,4,10.328983306884766,2.519007444381714,0.21071140468120575
qwen2_5_0_5b_base,currency:11,currency,qa,5,10.908709526062012,3.2413337230682373,0.21126805245876312
qwen2_5_0_5b_base,currency:11,currency,qa,6,12.250365257263184,2.3188793659210205,0.22246749699115753
qwen2_5_0_5b_base,currency:11,currency,qa,7,12.295787811279297,2.23833966255188,0.21990494430065155
qwen2_5_0_5b_base,currency:11,currency,qa,8,12.766200065612793,3.2233917713165283,0.19736318290233612
qwen2_5_0_5b_base,currency:11,currency,qa,9,13.955589294433594,2.8105642795562744,0.2061341404914856
qwen2_5_0_5b_base,currency:11,currency,qa,10,12.986988067626953,3.2412068843841553,0.19590751826763153
qwen2_5_0_5b_base,currency:11,currency,qa,11,14.410710334777832,2.43644642829895,0.20383742451667786
qwen2_5_0_5b_base,currency:11,currency,qa,12,15.120369911193848,2.950200080871582,0.21025872230529785
qwen2_5_0_5b_base,currency:11,currency,qa,13,15.908576011657715,2.539259433746338,0.21575455367565155
qwen2_5_0_5b_base,currency:11,currency,qa,14,19.141403198242188,6.485757350921631,0.2399422973394394
qwen2_5_0_5b_base,currency:11,currency,qa,15,22.015859603881836,4.944418907165527,0.2541089951992035
qwen2_5_0_5b_base,currency:11,currency,qa,16,24.54059410095215,1.7010713815689087,0.2788894474506378
qwen2_5_0_5b_base,currency:11,currency,qa,17,29.37363624572754,6.413723945617676,0.24804122745990753
qwen2_5_0_5b_base,currency:11,currency,qa,18,34.77853775024414,4.411602973937988,0.24504689872264862
qwen2_5_0_5b_base,currency:11,currency,qa,19,38.101478576660156,3.6324586868286133,0.28024056553840637
qwen2_5_0_5b_base,currency:11,currency,qa,20,49.52927017211914,14.190396308898926,0.3027242422103882
qwen2_5_0_5b_base,currency:11,currency,qa,21,70.99967193603516,18.37534523010254,0.2871723771095276
qwen2_5_0_5b_base,currency:11,currency,qa,22,78.09801483154297,5.911838054656982,0.3689672648906708
qwen2_5_0_5b_base,currency:11,currency,qa,23,291.7921142578125,13.454108238220215,0.40759241580963135
qwen2_5_0_5b_base,currency:11,currency,chat_template,0,3.5893616676330566,0.592707633972168,0.10473679006099701
qwen2_5_0_5b_base,currency:11,currency,chat_template,1,6.806800842285156,2.8297014236450195,0.16714411973953247
qwen2_5_0_5b_base,currency:11,currency,chat_template,2,7.2905049324035645,1.4981590509414673,0.14647556841373444
qwen2_5_0_5b_base,currency:11,currency,chat_template,3,8.377050399780273,2.3227145671844482,0.17098075151443481
qwen2_5_0_5b_base,currency:11,currency,chat_template,4,9.580265045166016,2.818338394165039,0.19455017149448395
qwen2_5_0_5b_base,currency:11,currency,chat_template,5,10.427783012390137,3.9035274982452393,0.21105289459228516
qwen2_5_0_5b_base,currency:11,currency,chat_template,6,11.647156715393066,3.0598223209381104,0.21905991435050964
qwen2_5_0_5b_base,currency:11,currency,chat_template,7,13.061546325683594,3.653838634490967,0.22278718650341034
qwen2_5_0_5b_base,currency:11,currency,chat_template,8,12.68010425567627,4.310267448425293,0.20437142252922058
qwen2_5_0_5b_base,currency:11,currency,chat_template,9,13.30575942993164,2.957749128341675,0.20909175276756287
qwen2_5_0_5b_base,currency:11,currency,chat_template,10,14.22537612915039,3.931605577468872,0.20523756742477417
qwen2_5_0_5b_base,currency:11,currency,chat_template,11,15.848165512084961,2.376330852508545,0.2212354689836502
qwen2_5_0_5b_base,currency:11,currency,chat_template,12,15.517398834228516,3.9386894702911377,0.22514523565769196
qwen2_5_0_5b_base,currency:11,currency,chat_template,13,16.07252311706543,3.0097460746765137,0.22576944530010223
qwen2_5_0_5b_base,currency:11,currency,chat_template,14,20.136037826538086,5.639394760131836,0.2536826431751251
qwen2_5_0_5b_base,currency:11,currency,chat_template,15,20.912424087524414,5.029770374298096,0.25939154624938965
qwen2_5_0_5b_base,currency:11,currency,chat_template,16,23.02186393737793,3.2020018100738525,0.2865806519985199
qwen2_5_0_5b_base,currency:11,currency,chat_template,17,29.768640518188477,5.581060886383057,0.2563632130622864
qwen2_5_0_5b_base,currency:11,currency,chat_template,18,33.42438507080078,3.146115779876709,0.2483140230178833
qwen2_5_0_5b_base,currency:11,currency,chat_template,19,36.85649871826172,3.387083053588867,0.2793867290019989
qwen2_5_0_5b_base,currency:11,currency,chat_template,20,49.870445251464844,12.270888328552246,0.29405829310417175
qwen2_5_0_5b_base,currency:11,currency,chat_template,21,66.70599365234375,27.187381744384766,0.2542712092399597
qwen2_5_0_5b_base,currency:11,currency,chat_template,22,70.67572784423828,9.692571640014648,0.323601633310318
qwen2_5_0_5b_base,currency:11,currency,chat_template,23,251.483154296875,16.216453552246094,0.4025387465953827
qwen2_5_0_5b_base,currency:12,currency,raw_question,0,4.546970844268799,0.44161683320999146,0.13367633521556854
qwen2_5_0_5b_base,currency:12,currency,raw_question,1,7.991269111633301,2.8300111293792725,0.170233815908432
qwen2_5_0_5b_base,currency:12,currency,raw_question,2,8.129551887512207,1.6017448902130127,0.17271387577056885
qwen2_5_0_5b_base,currency:12,currency,raw_question,3,9.517147064208984,2.010956048965454,0.19307397305965424
qwen2_5_0_5b_base,currency:12,currency,raw_question,4,10.712689399719238,2.859374523162842,0.21118175983428955
qwen2_5_0_5b_base,currency:12,currency,raw_question,5,11.781878471374512,3.041346549987793,0.21280941367149353
qwen2_5_0_5b_base,currency:12,currency,raw_question,6,13.367969512939453,1.7396198511123657,0.2199767827987671
qwen2_5_0_5b_base,currency:12,currency,raw_question,7,14.886008262634277,2.5531110763549805,0.22085952758789062
qwen2_5_0_5b_base,currency:12,currency,raw_question,8,15.294182777404785,3.8568484783172607,0.2117539495229721
qwen2_5_0_5b_base,currency:12,currency,raw_question,9,15.631031036376953,2.535979747772217,0.20607934892177582
qwen2_5_0_5b_base,currency:12,currency,raw_question,10,15.275227546691895,3.85345458984375,0.19395700097084045
qwen2_5_0_5b_base,currency:12,currency,raw_question,11,15.24459171295166,2.637763738632202,0.19656877219676971
qwen2_5_0_5b_base,currency:12,currency,raw_question,12,16.122390747070312,2.735474109649658,0.2013731598854065
qwen2_5_0_5b_base,currency:12,currency,raw_question,13,17.366222381591797,2.9568252563476562,0.19967691600322723
qwen2_5_0_5b_base,currency:12,currency,raw_question,14,18.47983741760254,3.487821578979492,0.22156374156475067
qwen2_5_0_5b_base,currency:12,currency,raw_question,15,20.375497817993164,3.8213274478912354,0.24272698163986206
qwen2_5_0_5b_base,currency:12,currency,raw_question,16,24.32427978515625,1.7536547183990479,0.2691326141357422
qwen2_5_0_5b_base,currency:12,currency,raw_question,17,29.164230346679688,4.092722415924072,0.24883225560188293
qwen2_5_0_5b_base,currency:12,currency,raw_question,18,33.450836181640625,1.6779897212982178,0.24119161069393158
qwen2_5_0_5b_base,currency:12,currency,raw_question,19,37.72843933105469,4.213329792022705,0.27016106247901917
qwen2_5_0_5b_base,currency:12,currency,raw_question,20,53.56539535522461,11.38984489440918,0.2894807755947113
qwen2_5_0_5b_base,currency:12,currency,raw_question,21,74.55180358886719,14.922074317932129,0.2533584535121918
qwen2_5_0_5b_base,currency:12,currency,raw_question,22,78.61723327636719,5.514073371887207,0.2855660617351532
qwen2_5_0_5b_base,currency:12,currency,raw_question,23,274.4454650878906,11.994701385498047,0.379946231842041
qwen2_5_0_5b_base,currency:12,currency,declarative,0,5.044960975646973,0.41157495975494385,0.1360657811164856
qwen2_5_0_5b_base,currency:12,currency,declarative,1,8.042412757873535,2.720597267150879,0.16427433490753174
qwen2_5_0_5b_base,currency:12,currency,declarative,2,8.544398307800293,1.6169564723968506,0.17788033187389374
qwen2_5_0_5b_base,currency:12,currency,declarative,3,9.873739242553711,2.3358912467956543,0.19116325676441193
qwen2_5_0_5b_base,currency:12,currency,declarative,4,11.260442733764648,3.6809442043304443,0.21779321134090424
qwen2_5_0_5b_base,currency:12,currency,declarative,5,14.160191535949707,3.9143118858337402,0.2210284322500229
qwen2_5_0_5b_base,currency:12,currency,declarative,6,13.613673210144043,2.577906370162964,0.23125214874744415
qwen2_5_0_5b_base,currency:12,currency,declarative,7,14.140159606933594,2.6774117946624756,0.22145602107048035
qwen2_5_0_5b_base,currency:12,currency,declarative,8,14.665769577026367,4.881886005401611,0.2098095864057541
qwen2_5_0_5b_base,currency:12,currency,declarative,9,14.834821701049805,2.3781776428222656,0.19869568943977356
qwen2_5_0_5b_base,currency:12,currency,declarative,10,15.805767059326172,4.027526378631592,0.1992044895887375
qwen2_5_0_5b_base,currency:12,currency,declarative,11,15.165157318115234,2.66656756401062,0.19783149659633636
qwen2_5_0_5b_base,currency:12,currency,declarative,12,16.042640686035156,2.90229868888855,0.19729264080524445
qwen2_5_0_5b_base,currency:12,currency,declarative,13,17.110471725463867,2.1984050273895264,0.19457392394542694
qwen2_5_0_5b_base,currency:12,currency,declarative,14,18.674060821533203,5.111074924468994,0.22552359104156494
qwen2_5_0_5b_base,currency:12,currency,declarative,15,21.202686309814453,3.9914634227752686,0.244709774851799
qwen2_5_0_5b_base,currency:12,currency,declarative,16,25.18099594116211,2.354987621307373,0.2761499881744385
qwen2_5_0_5b_base,currency:12,currency,declarative,17,30.46949005126953,6.633011817932129,0.24502885341644287
qwen2_5_0_5b_base,currency:12,currency,declarative,18,34.584102630615234,3.8334460258483887,0.2505326569080353
qwen2_5_0_5b_base,currency:12,currency,declarative,19,40.172218322753906,3.9097611904144287,0.27711665630340576
qwen2_5_0_5b_base,currency:12,currency,declarative,20,53.64577102661133,13.876455307006836,0.3015710413455963
qwen2_5_0_5b_base,currency:12,currency,declarative,21,73.46495819091797,15.3933687210083,0.2903897762298584
qwen2_5_0_5b_base,currency:12,currency,declarative,22,79.26408386230469,3.6301028728485107,0.36672329902648926
qwen2_5_0_5b_base,currency:12,currency,declarative,23,273.3439025878906,11.456305503845215,0.38568204641342163
qwen2_5_0_5b_base,currency:12,currency,qa,0,4.137681007385254,0.5478506088256836,0.1418040245771408
qwen2_5_0_5b_base,currency:12,currency,qa,1,6.876067638397217,2.8525381088256836,0.1759876012802124
qwen2_5_0_5b_base,currency:12,currency,qa,2,8.84361457824707,2.393321990966797,0.23292005062103271
qwen2_5_0_5b_base,currency:12,currency,qa,3,9.556875228881836,3.1409173011779785,0.2200496792793274
qwen2_5_0_5b_base,currency:12,currency,qa,4,10.334258079528809,2.501926898956299,0.21072937548160553
qwen2_5_0_5b_base,currency:12,currency,qa,5,11.034661293029785,3.3200278282165527,0.21208401024341583
qwen2_5_0_5b_base,currency:12,currency,qa,6,12.35250473022461,2.316114664077759,0.2236909419298172
qwen2_5_0_5b_base,currency:12,currency,qa,7,12.333124160766602,2.2868168354034424,0.22105804085731506
qwen2_5_0_5b_base,currency:12,currency,qa,8,12.811111450195312,3.208071231842041,0.19780096411705017
qwen2_5_0_5b_base,currency:12,currency,qa,9,14.004886627197266,2.8321521282196045,0.2065926045179367
qwen2_5_0_5b_base,currency:12,currency,qa,10,12.942521095275879,3.205531597137451,0.19596466422080994
qwen2_5_0_5b_base,currency:12,currency,qa,11,14.458106994628906,2.439821481704712,0.2056538611650467
qwen2_5_0_5b_base,currency:12,currency,qa,12,15.001617431640625,2.957395315170288,0.21128197014331818
qwen2_5_0_5b_base,currency:12,currency,qa,13,15.928552627563477,2.5563149452209473,0.21555247902870178
qwen2_5_0_5b_base,currency:12,currency,qa,14,19.102811813354492,6.4953694343566895,0.23931458592414856
qwen2_5_0_5b_base,currency:12,currency,qa,15,21.926212310791016,5.0265212059021,0.25387996435165405
qwen2_5_0_5b_base,currency:12,currency,qa,16,24.828550338745117,1.841892957687378,0.27897578477859497
qwen2_5_0_5b_base,currency:12,currency,qa,17,29.598548889160156,5.877116680145264,0.24985629320144653
qwen2_5_0_5b_base,currency:12,currency,qa,18,35.20882034301758,4.865207195281982,0.24674227833747864
qwen2_5_0_5b_base,currency:12,currency,qa,19,39.51528549194336,3.8605146408081055,0.2805313467979431
qwen2_5_0_5b_base,currency:12,currency,qa,20,51.72187423706055,14.206014633178711,0.30630216002464294
qwen2_5_0_5b_base,currency:12,currency,qa,21,73.980712890625,19.54469871520996,0.2912987768650055
qwen2_5_0_5b_base,currency:12,currency,qa,22,79.51122283935547,4.562497615814209,0.3734307289123535
qwen2_5_0_5b_base,currency:12,currency,qa,23,271.3554382324219,13.545600891113281,0.4113301932811737
qwen2_5_0_5b_base,currency:12,currency,chat_template,0,3.6028988361358643,0.5913730263710022,0.10494472086429596
qwen2_5_0_5b_base,currency:12,currency,chat_template,1,6.796578884124756,2.827165126800537,0.1669996678829193
qwen2_5_0_5b_base,currency:12,currency,chat_template,2,7.285428047180176,1.5017200708389282,0.14748746156692505
qwen2_5_0_5b_base,currency:12,currency,chat_template,3,8.33402156829834,2.323516368865967,0.17107947170734406
qwen2_5_0_5b_base,currency:12,currency,chat_template,4,9.590367317199707,2.8300251960754395,0.19534093141555786
qwen2_5_0_5b_base,currency:12,currency,chat_template,5,10.44814682006836,3.9411051273345947,0.21109814941883087
qwen2_5_0_5b_base,currency:12,currency,chat_template,6,11.65880012512207,3.108806848526001,0.21925368905067444
qwen2_5_0_5b_base,currency:12,currency,chat_template,7,13.164270401000977,3.647321939468384,0.22289606928825378
qwen2_5_0_5b_base,currency:12,currency,chat_template,8,12.725371360778809,4.370605945587158,0.2062510848045349
qwen2_5_0_5b_base,currency:12,currency,chat_template,9,13.269696235656738,2.980736494064331,0.2109040468931198
qwen2_5_0_5b_base,currency:12,currency,chat_template,10,14.182604789733887,3.9268996715545654,0.20551319420337677
qwen2_5_0_5b_base,currency:12,currency,chat_template,11,15.671481132507324,2.3531434535980225,0.2210543304681778
qwen2_5_0_5b_base,currency:12,currency,chat_template,12,15.357089042663574,3.902935028076172,0.2239053100347519
qwen2_5_0_5b_base,currency:12,currency,chat_template,13,16.0856876373291,2.968754768371582,0.22450466454029083
qwen2_5_0_5b_base,currency:12,currency,chat_template,14,20.315725326538086,5.726457118988037,0.25419673323631287
qwen2_5_0_5b_base,currency:12,currency,chat_template,15,21.053409576416016,5.014567852020264,0.26068219542503357
qwen2_5_0_5b_base,currency:12,currency,chat_template,16,23.141969680786133,3.0243873596191406,0.28888216614723206
qwen2_5_0_5b_base,currency:12,currency,chat_template,17,30.19945526123047,5.534404277801514,0.2571995258331299
qwen2_5_0_5b_base,currency:12,currency,chat_template,18,33.6459846496582,2.997880458831787,0.24878394603729248
qwen2_5_0_5b_base,currency:12,currency,chat_template,19,37.07756805419922,3.438711643218994,0.281825453042984
qwen2_5_0_5b_base,currency:12,currency,chat_template,20,51.14216613769531,12.07058334350586,0.2955634891986847
qwen2_5_0_5b_base,currency:12,currency,chat_template,21,67.74344635009766,25.048948287963867,0.25445887446403503
qwen2_5_0_5b_base,currency:12,currency,chat_template,22,73.11360168457031,11.442544937133789,0.3192833662033081
qwen2_5_0_5b_base,currency:12,currency,chat_template,23,250.6602020263672,15.482574462890625,0.4044252336025238
qwen2_5_0_5b_base,currency:13,currency,raw_question,0,4.443262100219727,0.45191505551338196,0.132107213139534
qwen2_5_0_5b_base,currency:13,currency,raw_question,1,7.910527229309082,2.8059914112091064,0.16960547864437103
qwen2_5_0_5b_base,currency:13,currency,raw_question,2,8.053460121154785,1.5858197212219238,0.17221641540527344
qwen2_5_0_5b_base,currency:13,currency,raw_question,3,9.467376708984375,1.915292501449585,0.1919395476579666
qwen2_5_0_5b_base,currency:13,currency,raw_question,4,10.830804824829102,2.937974214553833,0.2120959609746933
qwen2_5_0_5b_base,currency:13,currency,raw_question,5,11.74569034576416,3.1732699871063232,0.21317338943481445
qwen2_5_0_5b_base,currency:13,currency,raw_question,6,13.328409194946289,1.721271276473999,0.22038745880126953
qwen2_5_0_5b_base,currency:13,currency,raw_question,7,14.767868041992188,2.631138563156128,0.2209758311510086
qwen2_5_0_5b_base,currency:13,currency,raw_question,8,14.86518383026123,3.5215086936950684,0.2095365971326828
qwen2_5_0_5b_base,currency:13,currency,raw_question,9,15.280631065368652,2.4460527896881104,0.20358258485794067
qwen2_5_0_5b_base,currency:13,currency,raw_question,10,15.192878723144531,3.7629454135894775,0.19214047491550446
qwen2_5_0_5b_base,currency:13,currency,raw_question,11,15.258047103881836,2.617239236831665,0.19719959795475006
qwen2_5_0_5b_base,currency:13,currency,raw_question,12,16.121538162231445,2.673938274383545,0.20065006613731384
qwen2_5_0_5b_base,currency:13,currency,raw_question,13,17.41501235961914,2.906569480895996,0.19930382072925568
qwen2_5_0_5b_base,currency:13,currency,raw_question,14,18.4921875,3.4285919666290283,0.21986426413059235
qwen2_5_0_5b_base,currency:13,currency,raw_question,15,20.371374130249023,3.5046000480651855,0.24025671184062958
qwen2_5_0_5b_base,currency:13,currency,raw_question,16,24.4623966217041,1.412489414215088,0.26833033561706543
qwen2_5_0_5b_base,currency:13,currency,raw_question,17,29.105594635009766,4.161194801330566,0.247052863240242
qwen2_5_0_5b_base,currency:13,currency,raw_question,18,33.46596908569336,1.596368670463562,0.24024225771427155
qwen2_5_0_5b_base,currency:13,currency,raw_question,19,37.79703903198242,3.4814016819000244,0.26893526315689087
qwen2_5_0_5b_base,currency:13,currency,raw_question,20,52.26338195800781,9.962763786315918,0.28969359397888184
qwen2_5_0_5b_base,currency:13,currency,raw_question,21,73.59302520751953,15.063789367675781,0.25678887963294983
qwen2_5_0_5b_base,currency:13,currency,raw_question,22,77.56690979003906,3.897347927093506,0.2836659550666809
qwen2_5_0_5b_base,currency:13,currency,raw_question,23,278.8707580566406,11.266528129577637,0.3787892460823059
qwen2_5_0_5b_base,currency:13,currency,declarative,0,4.896117210388184,0.4203253388404846,0.13517971336841583
qwen2_5_0_5b_base,currency:13,currency,declarative,1,7.84639310836792,2.767608404159546,0.16415341198444366
qwen2_5_0_5b_base,currency:13,currency,declarative,2,8.396358489990234,1.659036636352539,0.1753436177968979
qwen2_5_0_5b_base,currency:13,currency,declarative,3,9.865984916687012,2.328094244003296,0.19271671772003174
qwen2_5_0_5b_base,currency:13,currency,declarative,4,11.611560821533203,3.8969879150390625,0.2209257036447525
qwen2_5_0_5b_base,currency:13,currency,declarative,5,14.332119941711426,3.9648585319519043,0.22303952276706696
qwen2_5_0_5b_base,currency:13,currency,declarative,6,13.923060417175293,2.668214797973633,0.22939972579479218
qwen2_5_0_5b_base,currency:13,currency,declarative,7,14.23299789428711,2.8262405395507812,0.22157716751098633
qwen2_5_0_5b_base,currency:13,currency,declarative,8,14.405194282531738,4.452540874481201,0.2076398879289627
qwen2_5_0_5b_base,currency:13,currency,declarative,9,14.601831436157227,2.2596216201782227,0.19765198230743408
qwen2_5_0_5b_base,currency:13,currency,declarative,10,15.599508285522461,3.956362724304199,0.1987508088350296
qwen2_5_0_5b_base,currency:13,currency,declarative,11,15.281522750854492,2.7592780590057373,0.19683150947093964
qwen2_5_0_5b_base,currency:13,currency,declarative,12,16.16339111328125,2.8044044971466064,0.19831891357898712
qwen2_5_0_5b_base,currency:13,currency,declarative,13,17.437854766845703,2.1466164588928223,0.1939423829317093
qwen2_5_0_5b_base,currency:13,currency,declarative,14,18.88432502746582,4.727640628814697,0.22223038971424103
qwen2_5_0_5b_base,currency:13,currency,declarative,15,21.643692016601562,4.172203063964844,0.24344758689403534
qwen2_5_0_5b_base,currency:13,currency,declarative,16,26.171878814697266,1.9752790927886963,0.2752758860588074
qwen2_5_0_5b_base,currency:13,currency,declarative,17,31.299455642700195,6.2162861824035645,0.24495483934879303
qwen2_5_0_5b_base,currency:13,currency,declarative,18,35.840614318847656,3.6656711101531982,0.24966998398303986
qwen2_5_0_5b_base,currency:13,currency,declarative,19,41.398738861083984,3.793566942214966,0.2768910229206085
qwen2_5_0_5b_base,currency:13,currency,declarative,20,53.755615234375,12.123291015625,0.30806204676628113
qwen2_5_0_5b_base,currency:13,currency,declarative,21,73.04075622558594,17.078664779663086,0.3052310049533844
qwen2_5_0_5b_base,currency:13,currency,declarative,22,80.53605651855469,3.7729244232177734,0.3816468417644501
qwen2_5_0_5b_base,currency:13,currency,declarative,23,280.8279113769531,11.740839004516602,0.39616334438323975
qwen2_5_0_5b_base,currency:13,currency,qa,0,4.159049987792969,0.5508912205696106,0.13866333663463593
qwen2_5_0_5b_base,currency:13,currency,qa,1,6.871138572692871,2.8505632877349854,0.1753968745470047
qwen2_5_0_5b_base,currency:13,currency,qa,2,8.754286766052246,2.3218770027160645,0.22911372780799866
qwen2_5_0_5b_base,currency:13,currency,qa,3,9.529523849487305,3.097066879272461,0.2191801369190216
qwen2_5_0_5b_base,currency:13,currency,qa,4,10.360721588134766,2.4997153282165527,0.21052709221839905
qwen2_5_0_5b_base,currency:13,currency,qa,5,10.818297386169434,3.3665215969085693,0.2108686864376068
qwen2_5_0_5b_base,currency:13,currency,qa,6,12.187785148620605,2.3012735843658447,0.22420060634613037
qwen2_5_0_5b_base,currency:13,currency,qa,7,12.173309326171875,2.2806384563446045,0.22148774564266205
qwen2_5_0_5b_base,currency:13,currency,qa,8,12.797389030456543,3.297053575515747,0.1970183402299881
qwen2_5_0_5b_base,currency:13,currency,qa,9,13.974615097045898,2.7972421646118164,0.20650720596313477
qwen2_5_0_5b_base,currency:13,currency,qa,10,12.849095344543457,3.233914375305176,0.19550713896751404
qwen2_5_0_5b_base,currency:13,currency,qa,11,14.45567512512207,2.413856267929077,0.2065231204032898
qwen2_5_0_5b_base,currency:13,currency,qa,12,15.017141342163086,3.0157527923583984,0.2125433087348938
qwen2_5_0_5b_base,currency:13,currency,qa,13,15.963091850280762,2.581069231033325,0.21609199047088623
qwen2_5_0_5b_base,currency:13,currency,qa,14,19.08523178100586,6.780208110809326,0.23981699347496033
qwen2_5_0_5b_base,currency:13,currency,qa,15,21.87775421142578,4.927489757537842,0.25449344515800476
qwen2_5_0_5b_base,currency:13,currency,qa,16,24.577983856201172,1.6644552946090698,0.2801907956600189
qwen2_5_0_5b_base,currency:13,currency,qa,17,29.63456916809082,7.316442012786865,0.2513331472873688
qwen2_5_0_5b_base,currency:13,currency,qa,18,35.4960823059082,4.786010265350342,0.24852320551872253
qwen2_5_0_5b_base,currency:13,currency,qa,19,39.943458557128906,3.988986015319824,0.28417888283729553
qwen2_5_0_5b_base,currency:13,currency,qa,20,52.014923095703125,12.6007080078125,0.3130326271057129
qwen2_5_0_5b_base,currency:13,currency,qa,21,71.7140884399414,19.666175842285156,0.30792561173439026
qwen2_5_0_5b_base,currency:13,currency,qa,22,79.65570068359375,3.532965898513794,0.3886388838291168
qwen2_5_0_5b_base,currency:13,currency,qa,23,275.0372009277344,11.612348556518555,0.4152584969997406
qwen2_5_0_5b_base,currency:13,currency,chat_template,0,3.6114559173583984,0.5909581184387207,0.1048651784658432
qwen2_5_0_5b_base,currency:13,currency,chat_template,1,6.8088884353637695,2.8285269737243652,0.16674165427684784
qwen2_5_0_5b_base,currency:13,currency,chat_template,2,7.278354644775391,1.4875540733337402,0.14674337208271027
qwen2_5_0_5b_base,currency:13,currency,chat_template,3,8.345319747924805,2.3173987865448,0.17057521641254425
qwen2_5_0_5b_base,currency:13,currency,chat_template,4,9.603848457336426,2.8290634155273438,0.19540554285049438
qwen2_5_0_5b_base,currency:13,currency,chat_template,5,10.435796737670898,3.874058723449707,0.2109992951154709
qwen2_5_0_5b_base,currency:13,currency,chat_template,6,11.671948432922363,3.1154303550720215,0.21949833631515503
qwen2_5_0_5b_base,currency:13,currency,chat_template,7,13.068230628967285,3.634481191635132,0.2227623611688614
qwen2_5_0_5b_base,currency:13,currency,chat_template,8,12.705856323242188,4.303609848022461,0.20543690025806427
qwen2_5_0_5b_base,currency:13,currency,chat_template,9,13.23674201965332,2.8796088695526123,0.20970793068408966
qwen2_5_0_5b_base,currency:13,currency,chat_template,10,14.265729904174805,3.992964267730713,0.2058839052915573
qwen2_5_0_5b_base,currency:13,currency,chat_template,11,15.847309112548828,2.3034231662750244,0.2219063639640808
qwen2_5_0_5b_base,currency:13,currency,chat_template,12,15.415363311767578,3.9649975299835205,0.22440755367279053
qwen2_5_0_5b_base,currency:13,currency,chat_template,13,16.157636642456055,2.997164726257324,0.22541241347789764
qwen2_5_0_5b_base,currency:13,currency,chat_template,14,20.267852783203125,5.791632175445557,0.2539718747138977
qwen2_5_0_5b_base,currency:13,currency,chat_template,15,21.180566787719727,5.026658535003662,0.26043015718460083
qwen2_5_0_5b_base,currency:13,currency,chat_template,16,23.32439613342285,2.8505733013153076,0.28774604201316833
qwen2_5_0_5b_base,currency:13,currency,chat_template,17,30.217731475830078,5.622433185577393,0.2569742500782013
qwen2_5_0_5b_base,currency:13,currency,chat_template,18,33.603084564208984,2.9973740577697754,0.2490716278553009
qwen2_5_0_5b_base,currency:13,currency,chat_template,19,37.11947250366211,3.247915744781494,0.28171655535697937
qwen2_5_0_5b_base,currency:13,currency,chat_template,20,49.871002197265625,11.259682655334473,0.2958707809448242
qwen2_5_0_5b_base,currency:13,currency,chat_template,21,67.26358032226562,27.56688690185547,0.25629884004592896
qwen2_5_0_5b_base,currency:13,currency,chat_template,22,71.8274154663086,9.017691612243652,0.3266555964946747
qwen2_5_0_5b_base,currency:13,currency,chat_template,23,249.1527862548828,16.251277923583984,0.3969384431838989
qwen2_5_0_5b_base,currency:14,currency,raw_question,0,4.427138805389404,0.44879481196403503,0.13159151375293732
qwen2_5_0_5b_base,currency:14,currency,raw_question,1,7.91748571395874,2.736633062362671,0.16890837252140045
qwen2_5_0_5b_base,currency:14,currency,raw_question,2,7.969176769256592,1.595253348350525,0.17255127429962158
qwen2_5_0_5b_base,currency:14,currency,raw_question,3,9.526350021362305,1.9984151124954224,0.19160446524620056
qwen2_5_0_5b_base,currency:14,currency,raw_question,4,10.79647445678711,2.9585354328155518,0.2110779881477356
qwen2_5_0_5b_base,currency:14,currency,raw_question,5,12.0014066696167,3.1172282695770264,0.21311978995800018
qwen2_5_0_5b_base,currency:14,currency,raw_question,6,13.537875175476074,1.67051100730896,0.2212737798690796
qwen2_5_0_5b_base,currency:14,currency,raw_question,7,15.09788990020752,2.6690831184387207,0.2223232239484787
qwen2_5_0_5b_base,currency:14,currency,raw_question,8,15.217275619506836,3.5991334915161133,0.21109984815120697
qwen2_5_0_5b_base,currency:14,currency,raw_question,9,15.55931568145752,2.4908287525177,0.20469699800014496
qwen2_5_0_5b_base,currency:14,currency,raw_question,10,15.494093894958496,3.8436174392700195,0.19384604692459106
qwen2_5_0_5b_base,currency:14,currency,raw_question,11,15.588125228881836,2.6504454612731934,0.1984872967004776
qwen2_5_0_5b_base,currency:14,currency,raw_question,12,16.40935516357422,2.7927160263061523,0.20444558560848236
qwen2_5_0_5b_base,currency:14,currency,raw_question,13,17.54825210571289,2.9005260467529297,0.2024105191230774
qwen2_5_0_5b_base,currency:14,currency,raw_question,14,18.73821258544922,3.4008641242980957,0.2259284108877182
qwen2_5_0_5b_base,currency:14,currency,raw_question,15,20.712608337402344,4.165213108062744,0.24541683495044708
qwen2_5_0_5b_base,currency:14,currency,raw_question,16,24.4235897064209,1.7315794229507446,0.2713158130645752
qwen2_5_0_5b_base,currency:14,currency,raw_question,17,29.201108932495117,4.130727291107178,0.2499658614397049
qwen2_5_0_5b_base,currency:14,currency,raw_question,18,33.574527740478516,2.1039180755615234,0.24079443514347076
qwen2_5_0_5b_base,currency:14,currency,raw_question,19,37.488128662109375,4.029183387756348,0.2717123329639435
qwen2_5_0_5b_base,currency:14,currency,raw_question,20,52.543418884277344,12.494033813476562,0.2946772873401642
qwen2_5_0_5b_base,currency:14,currency,raw_question,21,74.06938171386719,15.141353607177734,0.25813931226730347
qwen2_5_0_5b_base,currency:14,currency,raw_question,22,78.95463562011719,4.867782115936279,0.2909282147884369
qwen2_5_0_5b_base,currency:14,currency,raw_question,23,284.4300842285156,15.671204566955566,0.38140445947647095
qwen2_5_0_5b_base,currency:14,currency,declarative,0,4.813530445098877,0.4237390458583832,0.13400402665138245
qwen2_5_0_5b_base,currency:14,currency,declarative,1,7.938045978546143,2.678616523742676,0.1623167246580124
qwen2_5_0_5b_base,currency:14,currency,declarative,2,8.443194389343262,1.711857557296753,0.17752677202224731
qwen2_5_0_5b_base,currency:14,currency,declarative,3,9.770787239074707,2.232591390609741,0.19141805171966553
qwen2_5_0_5b_base,currency:14,currency,declarative,4,11.610946655273438,3.7803969383239746,0.21749797463417053
qwen2_5_0_5b_base,currency:14,currency,declarative,5,13.717942237854004,3.661050796508789,0.21777498722076416
qwen2_5_0_5b_base,currency:14,currency,declarative,6,13.358089447021484,2.6130387783050537,0.2289474904537201
qwen2_5_0_5b_base,currency:14,currency,declarative,7,13.972481727600098,2.7900681495666504,0.2202327400445938
qwen2_5_0_5b_base,currency:14,currency,declarative,8,14.415650367736816,4.459271430969238,0.20825067162513733
qwen2_5_0_5b_base,currency:14,currency,declarative,9,14.730663299560547,2.4881083965301514,0.1988612711429596
qwen2_5_0_5b_base,currency:14,currency,declarative,10,16.26114273071289,4.123939514160156,0.20224352180957794
qwen2_5_0_5b_base,currency:14,currency,declarative,11,15.59896469116211,2.7492833137512207,0.2017890065908432
qwen2_5_0_5b_base,currency:14,currency,declarative,12,16.813072204589844,2.9649102687835693,0.2005588561296463
qwen2_5_0_5b_base,currency:14,currency,declarative,13,17.7545166015625,2.2665560245513916,0.1953568309545517
qwen2_5_0_5b_base,currency:14,currency,declarative,14,19.2681884765625,4.873058319091797,0.22544032335281372
qwen2_5_0_5b_base,currency:14,currency,declarative,15,21.831350326538086,3.8954710960388184,0.2442861795425415
qwen2_5_0_5b_base,currency:14,currency,declarative,16,25.77423095703125,2.288992404937744,0.27554431557655334
qwen2_5_0_5b_base,currency:14,currency,declarative,17,31.096220016479492,6.400337219238281,0.24245034158229828
qwen2_5_0_5b_base,currency:14,currency,declarative,18,35.271121978759766,3.6808176040649414,0.2521725296974182
qwen2_5_0_5b_base,currency:14,currency,declarative,19,40.347557067871094,3.7788596153259277,0.2789407968521118
qwen2_5_0_5b_base,currency:14,currency,declarative,20,53.54081344604492,12.666330337524414,0.30330902338027954
qwen2_5_0_5b_base,currency:14,currency,declarative,21,72.04822540283203,14.411031723022461,0.28572168946266174
qwen2_5_0_5b_base,currency:14,currency,declarative,22,79.66355895996094,3.5090441703796387,0.3507532775402069
qwen2_5_0_5b_base,currency:14,currency,declarative,23,282.8607482910156,12.504091262817383,0.3753117620944977
qwen2_5_0_5b_base,currency:14,currency,qa,0,4.168118000030518,0.5514353513717651,0.13741926848888397
qwen2_5_0_5b_base,currency:14,currency,qa,1,6.954590797424316,2.846437692642212,0.17510147392749786
qwen2_5_0_5b_base,currency:14,currency,qa,2,8.903907775878906,2.4025120735168457,0.23169532418251038
qwen2_5_0_5b_base,currency:14,currency,qa,3,9.578134536743164,3.1233088970184326,0.2200191617012024
qwen2_5_0_5b_base,currency:14,currency,qa,4,10.445756912231445,2.5278525352478027,0.21095943450927734
qwen2_5_0_5b_base,currency:14,currency,qa,5,10.918502807617188,3.2319891452789307,0.2110278457403183
qwen2_5_0_5b_base,currency:14,currency,qa,6,12.278542518615723,2.269991397857666,0.22353553771972656
qwen2_5_0_5b_base,currency:14,currency,qa,7,12.38830852508545,2.0968098640441895,0.22127848863601685
qwen2_5_0_5b_base,currency:14,currency,qa,8,12.882162094116211,3.244475841522217,0.19795626401901245
qwen2_5_0_5b_base,currency:14,currency,qa,9,14.218812942504883,2.920379638671875,0.2072519063949585
qwen2_5_0_5b_base,currency:14,currency,qa,10,13.038042068481445,3.297283172607422,0.1969919353723526
qwen2_5_0_5b_base,currency:14,currency,qa,11,14.638066291809082,2.4275293350219727,0.20628012716770172
qwen2_5_0_5b_base,currency:14,currency,qa,12,15.362519264221191,3.056532144546509,0.21335890889167786
qwen2_5_0_5b_base,currency:14,currency,qa,13,16.196548461914062,2.5344719886779785,0.21639296412467957
qwen2_5_0_5b_base,currency:14,currency,qa,14,19.216896057128906,6.67128849029541,0.2403411567211151
qwen2_5_0_5b_base,currency:14,currency,qa,15,22.048234939575195,5.003532886505127,0.2538570165634155
qwen2_5_0_5b_base,currency:14,currency,qa,16,24.715457916259766,1.4408336877822876,0.2790582776069641
qwen2_5_0_5b_base,currency:14,currency,qa,17,29.6053409576416,6.7411789894104,0.24864409863948822
qwen2_5_0_5b_base,currency:14,currency,qa,18,34.99497985839844,4.648068428039551,0.24681197106838226
qwen2_5_0_5b_base,currency:14,currency,qa,19,39.18825912475586,4.044645309448242,0.2816067337989807
qwen2_5_0_5b_base,currency:14,currency,qa,20,51.039241790771484,13.839052200317383,0.30788856744766235
qwen2_5_0_5b_base,currency:14,currency,qa,21,73.62903594970703,18.82826042175293,0.2905796766281128
qwen2_5_0_5b_base,currency:14,currency,qa,22,81.58584594726562,5.739865303039551,0.38870930671691895
qwen2_5_0_5b_base,currency:14,currency,qa,23,278.95159912109375,14.58883285522461,0.4212561547756195
qwen2_5_0_5b_base,currency:14,currency,chat_template,0,3.5903069972991943,0.5916520357131958,0.10463428497314453
qwen2_5_0_5b_base,currency:14,currency,chat_template,1,6.773702621459961,2.8152129650115967,0.16667091846466064
qwen2_5_0_5b_base,currency:14,currency,chat_template,2,7.244962215423584,1.5039504766464233,0.14639683067798615
qwen2_5_0_5b_base,currency:14,currency,chat_template,3,8.346702575683594,2.3214633464813232,0.16978871822357178
qwen2_5_0_5b_base,currency:14,currency,chat_template,4,9.60605239868164,2.864732027053833,0.19482846558094025
qwen2_5_0_5b_base,currency:14,currency,chat_template,5,10.441621780395508,3.8900747299194336,0.21110780537128448
qwen2_5_0_5b_base,currency:14,currency,chat_template,6,11.530386924743652,2.9610023498535156,0.21904458105564117
qwen2_5_0_5b_base,currency:14,currency,chat_template,7,12.971720695495605,3.7171382904052734,0.22195687890052795
qwen2_5_0_5b_base,currency:14,currency,chat_template,8,12.612500190734863,4.254899501800537,0.20303046703338623
qwen2_5_0_5b_base,currency:14,currency,chat_template,9,13.211506843566895,2.898322343826294,0.20821011066436768
qwen2_5_0_5b_base,currency:14,currency,chat_template,10,14.160783767700195,3.919631242752075,0.20498883724212646
qwen2_5_0_5b_base,currency:14,currency,chat_template,11,15.679316520690918,2.3514370918273926,0.22086401283740997
qwen2_5_0_5b_base,currency:14,currency,chat_template,12,15.485939979553223,3.963698387145996,0.2251969426870346
qwen2_5_0_5b_base,currency:14,currency,chat_template,13,15.948026657104492,2.9450418949127197,0.22529983520507812
qwen2_5_0_5b_base,currency:14,currency,chat_template,14,19.94715690612793,5.713595867156982,0.2526124119758606
qwen2_5_0_5b_base,currency:14,currency,chat_template,15,20.837966918945312,5.077945232391357,0.2594853341579437
qwen2_5_0_5b_base,currency:14,currency,chat_template,16,23.020355224609375,3.1606829166412354,0.2871793806552887
qwen2_5_0_5b_base,currency:14,currency,chat_template,17,29.982988357543945,5.496532917022705,0.2563769817352295
qwen2_5_0_5b_base,currency:14,currency,chat_template,18,33.54923629760742,2.9947450160980225,0.24774634838104248
qwen2_5_0_5b_base,currency:14,currency,chat_template,19,37.27333068847656,3.3669354915618896,0.279725044965744
qwen2_5_0_5b_base,currency:14,currency,chat_template,20,50.19457244873047,11.486440658569336,0.2937192916870117
qwen2_5_0_5b_base,currency:14,currency,chat_template,21,67.53795623779297,26.75463104248047,0.25359225273132324
qwen2_5_0_5b_base,currency:14,currency,chat_template,22,72.04779815673828,9.511340141296387,0.3225018382072449
qwen2_5_0_5b_base,currency:14,currency,chat_template,23,256.059326171875,19.46059799194336,0.40624114871025085
qwen2_5_0_5b_base,currency:15,currency,raw_question,0,4.431875228881836,0.4421069025993347,0.13188053667545319
qwen2_5_0_5b_base,currency:15,currency,raw_question,1,7.907255172729492,2.776746988296509,0.16982243955135345
qwen2_5_0_5b_base,currency:15,currency,raw_question,2,8.073633193969727,1.6440293788909912,0.17200975120067596
qwen2_5_0_5b_base,currency:15,currency,raw_question,3,9.466702461242676,2.003553628921509,0.19258496165275574
qwen2_5_0_5b_base,currency:15,currency,raw_question,4,10.71724796295166,2.9458560943603516,0.21186858415603638
qwen2_5_0_5b_base,currency:15,currency,raw_question,5,11.765645980834961,3.1412904262542725,0.21285423636436462
qwen2_5_0_5b_base,currency:15,currency,raw_question,6,12.948211669921875,1.9043790102005005,0.21846440434455872
qwen2_5_0_5b_base,currency:15,currency,raw_question,7,14.502737045288086,2.436283588409424,0.21729007363319397
qwen2_5_0_5b_base,currency:15,currency,raw_question,8,14.763738632202148,3.8740577697753906,0.2103377878665924
qwen2_5_0_5b_base,currency:15,currency,raw_question,9,15.165637969970703,2.596297025680542,0.2050151526927948
qwen2_5_0_5b_base,currency:15,currency,raw_question,10,15.268789291381836,3.913708448410034,0.1943265199661255
qwen2_5_0_5b_base,currency:15,currency,raw_question,11,15.241190910339355,2.6785902976989746,0.1980115920305252
qwen2_5_0_5b_base,currency:15,currency,raw_question,12,16.22582244873047,2.763601064682007,0.20335480570793152
qwen2_5_0_5b_base,currency:15,currency,raw_question,13,17.301525115966797,2.967609405517578,0.1995624303817749
qwen2_5_0_5b_base,currency:15,currency,raw_question,14,18.415937423706055,3.690699338912964,0.2205391377210617
qwen2_5_0_5b_base,currency:15,currency,raw_question,15,20.15335464477539,3.5707786083221436,0.24191871285438538
qwen2_5_0_5b_base,currency:15,currency,raw_question,16,24.31256103515625,1.5219734907150269,0.26779499650001526
qwen2_5_0_5b_base,currency:15,currency,raw_question,17,29.071807861328125,4.0762224197387695,0.2458486258983612
qwen2_5_0_5b_base,currency:15,currency,raw_question,18,33.32011032104492,1.6373333930969238,0.23887138068675995
qwen2_5_0_5b_base,currency:15,currency,raw_question,19,37.91572189331055,3.844132661819458,0.26919418573379517
qwen2_5_0_5b_base,currency:15,currency,raw_question,20,53.56871795654297,10.74353313446045,0.2890879809856415
qwen2_5_0_5b_base,currency:15,currency,raw_question,21,74.5001449584961,16.410110473632812,0.2552436590194702
qwen2_5_0_5b_base,currency:15,currency,raw_question,22,79.17520141601562,6.126073360443115,0.28416457772254944
qwen2_5_0_5b_base,currency:15,currency,raw_question,23,261.437255859375,11.465475082397461,0.38243937492370605
qwen2_5_0_5b_base,currency:15,currency,declarative,0,4.914414882659912,0.4144699275493622,0.13568706810474396
qwen2_5_0_5b_base,currency:15,currency,declarative,1,7.93336820602417,2.676870822906494,0.1640942245721817
qwen2_5_0_5b_base,currency:15,currency,declarative,2,8.50106430053711,1.6516492366790771,0.1761668175458908
qwen2_5_0_5b_base,currency:15,currency,declarative,3,9.86107349395752,2.3067164421081543,0.19169041514396667
qwen2_5_0_5b_base,currency:15,currency,declarative,4,11.685630798339844,3.6874678134918213,0.21948738396167755
qwen2_5_0_5b_base,currency:15,currency,declarative,5,14.34057903289795,3.945859670639038,0.22853058576583862
qwen2_5_0_5b_base,currency:15,currency,declarative,6,13.550468444824219,2.7063047885894775,0.23006293177604675
qwen2_5_0_5b_base,currency:15,currency,declarative,7,13.852134704589844,3.1247503757476807,0.2222880870103836
qwen2_5_0_5b_base,currency:15,currency,declarative,8,14.128259658813477,4.687941074371338,0.2087424397468567
qwen2_5_0_5b_base,currency:15,currency,declarative,9,14.201879501342773,2.2780678272247314,0.1999484747648239
qwen2_5_0_5b_base,currency:15,currency,declarative,10,15.110380172729492,4.068241596221924,0.20100747048854828
qwen2_5_0_5b_base,currency:15,currency,declarative,11,14.873613357543945,2.7438204288482666,0.2012372463941574
qwen2_5_0_5b_base,currency:15,currency,declarative,12,15.506747245788574,3.0565989017486572,0.1996353566646576
qwen2_5_0_5b_base,currency:15,currency,declarative,13,16.485471725463867,2.3016793727874756,0.1959437131881714
qwen2_5_0_5b_base,currency:15,currency,declarative,14,18.272432327270508,5.1743927001953125,0.22678320109844208
qwen2_5_0_5b_base,currency:15,currency,declarative,15,20.3882999420166,3.9067673683166504,0.24494779109954834
qwen2_5_0_5b_base,currency:15,currency,declarative,16,24.518747329711914,1.8053210973739624,0.27658534049987793
qwen2_5_0_5b_base,currency:15,currency,declarative,17,28.9408016204834,5.687389373779297,0.2448369562625885
qwen2_5_0_5b_base,currency:15,currency,declarative,18,33.38076400756836,4.0980401039123535,0.2499687522649765
qwen2_5_0_5b_base,currency:15,currency,declarative,19,39.585060119628906,4.027738094329834,0.2823231518268585
qwen2_5_0_5b_base,currency:15,currency,declarative,20,52.62303924560547,12.78090763092041,0.30428797006607056
qwen2_5_0_5b_base,currency:15,currency,declarative,21,72.56900024414062,15.34747314453125,0.296823650598526
qwen2_5_0_5b_base,currency:15,currency,declarative,22,81.81698608398438,4.3174591064453125,0.37739241123199463
qwen2_5_0_5b_base,currency:15,currency,declarative,23,274.8951110839844,11.422645568847656,0.3944801390171051
qwen2_5_0_5b_base,currency:15,currency,qa,0,4.136354446411133,0.5492281913757324,0.13828623294830322
qwen2_5_0_5b_base,currency:15,currency,qa,1,6.92507266998291,2.8563008308410645,0.1751265972852707
qwen2_5_0_5b_base,currency:15,currency,qa,2,8.795221328735352,2.3692657947540283,0.2307104766368866
qwen2_5_0_5b_base,currency:15,currency,qa,3,9.517888069152832,3.120779275894165,0.22014914453029633
qwen2_5_0_5b_base,currency:15,currency,qa,4,10.257827758789062,2.506345510482788,0.21104960143566132
qwen2_5_0_5b_base,currency:15,currency,qa,5,10.929314613342285,3.2194173336029053,0.21189624071121216
qwen2_5_0_5b_base,currency:15,currency,qa,6,12.115986824035645,2.2886695861816406,0.2220720499753952
qwen2_5_0_5b_base,currency:15,currency,qa,7,12.272927284240723,2.1888999938964844,0.21919722855091095
qwen2_5_0_5b_base,currency:15,currency,qa,8,12.850255966186523,3.1849405765533447,0.19707681238651276
qwen2_5_0_5b_base,currency:15,currency,qa,9,14.040660858154297,2.8301663398742676,0.2054687738418579
qwen2_5_0_5b_base,currency:15,currency,qa,10,12.965616226196289,3.1963891983032227,0.193647101521492
qwen2_5_0_5b_base,currency:15,currency,qa,11,14.397849082946777,2.441181182861328,0.2037496268749237
qwen2_5_0_5b_base,currency:15,currency,qa,12,14.91949462890625,2.8774077892303467,0.20988643169403076
qwen2_5_0_5b_base,currency:15,currency,qa,13,15.88831615447998,2.550233840942383,0.21538445353507996
qwen2_5_0_5b_base,currency:15,currency,qa,14,19.023609161376953,6.335098743438721,0.23964941501617432
qwen2_5_0_5b_base,currency:15,currency,qa,15,21.638059616088867,4.883298397064209,0.2540663480758667
qwen2_5_0_5b_base,currency:15,currency,qa,16,24.40934944152832,1.6311674118041992,0.27841487526893616
qwen2_5_0_5b_base,currency:15,currency,qa,17,29.276647567749023,6.2558722496032715,0.2508716583251953
qwen2_5_0_5b_base,currency:15,currency,qa,18,35.367042541503906,5.061773777008057,0.24632948637008667
qwen2_5_0_5b_base,currency:15,currency,qa,19,39.81489944458008,3.989511251449585,0.2824072539806366
qwen2_5_0_5b_base,currency:15,currency,qa,20,51.64229965209961,13.376228332519531,0.30573391914367676
qwen2_5_0_5b_base,currency:15,currency,qa,21,74.0315933227539,18.94439697265625,0.293816477060318
qwen2_5_0_5b_base,currency:15,currency,qa,22,82.0237808227539,5.7381157875061035,0.37336084246635437
qwen2_5_0_5b_base,currency:15,currency,qa,23,264.2379150390625,13.5079984664917,0.4155176281929016
qwen2_5_0_5b_base,currency:15,currency,chat_template,0,3.60109281539917,0.5925449728965759,0.10489317029714584
qwen2_5_0_5b_base,currency:15,currency,chat_template,1,6.798133850097656,2.8240647315979004,0.1668691635131836
qwen2_5_0_5b_base,currency:15,currency,chat_template,2,7.287557125091553,1.5062716007232666,0.14698632061481476
qwen2_5_0_5b_base,currency:15,currency,chat_template,3,8.366740226745605,2.3134028911590576,0.17083975672721863
qwen2_5_0_5b_base,currency:15,currency,chat_template,4,9.620928764343262,2.851637125015259,0.19489416480064392
qwen2_5_0_5b_base,currency:15,currency,chat_template,5,10.460962295532227,3.983776569366455,0.2112206369638443
qwen2_5_0_5b_base,currency:15,currency,chat_template,6,11.676997184753418,3.0944526195526123,0.21861593425273895
qwen2_5_0_5b_base,currency:15,currency,chat_template,7,13.250006675720215,3.65982723236084,0.2234189361333847
qwen2_5_0_5b_base,currency:15,currency,chat_template,8,12.812920570373535,4.43661642074585,0.20681850612163544
qwen2_5_0_5b_base,currency:15,currency,chat_template,9,13.320760726928711,2.9803555011749268,0.21273411810398102
qwen2_5_0_5b_base,currency:15,currency,chat_template,10,14.111149787902832,3.880453586578369,0.20501813292503357
qwen2_5_0_5b_base,currency:15,currency,chat_template,11,15.76120662689209,2.3461520671844482,0.22191695868968964
qwen2_5_0_5b_base,currency:15,currency,chat_template,12,15.444334983825684,3.9117913246154785,0.22368621826171875
qwen2_5_0_5b_base,currency:15,currency,chat_template,13,16.04168701171875,2.9987027645111084,0.22458693385124207
qwen2_5_0_5b_base,currency:15,currency,chat_template,14,20.093088150024414,5.739144802093506,0.2524871826171875
qwen2_5_0_5b_base,currency:15,currency,chat_template,15,20.85038948059082,4.9574408531188965,0.2608560621738434
qwen2_5_0_5b_base,currency:15,currency,chat_template,16,22.864192962646484,2.742652177810669,0.2878808379173279
qwen2_5_0_5b_base,currency:15,currency,chat_template,17,29.829500198364258,5.683058261871338,0.2562987804412842
qwen2_5_0_5b_base,currency:15,currency,chat_template,18,33.29804611206055,3.154973030090332,0.24703723192214966
qwen2_5_0_5b_base,currency:15,currency,chat_template,19,36.64158248901367,3.296102285385132,0.2797209620475769
qwen2_5_0_5b_base,currency:15,currency,chat_template,20,49.93384552001953,11.664045333862305,0.29483404755592346
qwen2_5_0_5b_base,currency:15,currency,chat_template,21,67.68951416015625,27.403703689575195,0.25632917881011963
qwen2_5_0_5b_base,currency:15,currency,chat_template,22,72.41632080078125,10.794229507446289,0.32502666115760803
qwen2_5_0_5b_base,currency:15,currency,chat_template,23,252.58193969726562,16.193798065185547,0.40544766187667847
qwen2_5_0_5b_base,currency:16,currency,raw_question,0,4.378832817077637,0.45542874932289124,0.13150469958782196
qwen2_5_0_5b_base,currency:16,currency,raw_question,1,7.916987895965576,2.8136448860168457,0.16926999390125275
qwen2_5_0_5b_base,currency:16,currency,raw_question,2,8.039412498474121,1.6079884767532349,0.1725427508354187
qwen2_5_0_5b_base,currency:16,currency,raw_question,3,9.428301811218262,1.8962534666061401,0.19181548058986664
qwen2_5_0_5b_base,currency:16,currency,raw_question,4,10.982253074645996,2.8714449405670166,0.21141238510608673
qwen2_5_0_5b_base,currency:16,currency,raw_question,5,11.93104362487793,3.1060118675231934,0.2126949429512024
qwen2_5_0_5b_base,currency:16,currency,raw_question,6,13.387933731079102,1.7726837396621704,0.21926844120025635
qwen2_5_0_5b_base,currency:16,currency,raw_question,7,15.129083633422852,2.5234053134918213,0.22001828253269196
qwen2_5_0_5b_base,currency:16,currency,raw_question,8,15.326531410217285,3.8225224018096924,0.21105259656906128
qwen2_5_0_5b_base,currency:16,currency,raw_question,9,15.666379928588867,2.5974559783935547,0.206472247838974
qwen2_5_0_5b_base,currency:16,currency,raw_question,10,15.461179733276367,3.886439085006714,0.1952264904975891
qwen2_5_0_5b_base,currency:16,currency,raw_question,11,15.504659652709961,2.640212297439575,0.19837062060832977
qwen2_5_0_5b_base,currency:16,currency,raw_question,12,16.34590721130371,2.763817548751831,0.20439524948596954
qwen2_5_0_5b_base,currency:16,currency,raw_question,13,17.518585205078125,2.904892683029175,0.20158131420612335
qwen2_5_0_5b_base,currency:16,currency,raw_question,14,18.80817985534668,3.4859020709991455,0.22357752919197083
qwen2_5_0_5b_base,currency:16,currency,raw_question,15,20.747385025024414,3.9107160568237305,0.2449558675289154
qwen2_5_0_5b_base,currency:16,currency,raw_question,16,24.585721969604492,1.7719470262527466,0.2705448269844055
qwen2_5_0_5b_base,currency:16,currency,raw_question,17,29.28265953063965,4.18369722366333,0.2476567029953003
qwen2_5_0_5b_base,currency:16,currency,raw_question,18,33.64131546020508,1.923447608947754,0.23989054560661316
qwen2_5_0_5b_base,currency:16,currency,raw_question,19,37.46771240234375,3.6209986209869385,0.26885131001472473
qwen2_5_0_5b_base,currency:16,currency,raw_question,20,52.982975006103516,12.044644355773926,0.290821373462677
qwen2_5_0_5b_base,currency:16,currency,raw_question,21,73.17686462402344,15.459321975708008,0.25732868909835815
qwen2_5_0_5b_base,currency:16,currency,raw_question,22,78.03763580322266,5.77134370803833,0.2861560881137848
qwen2_5_0_5b_base,currency:16,currency,raw_question,23,287.03668212890625,11.74603271484375,0.3751765787601471
qwen2_5_0_5b_base,currency:16,currency,declarative,0,4.780412197113037,0.432776540517807,0.13404786586761475
qwen2_5_0_5b_base,currency:16,currency,declarative,1,7.895809650421143,2.7367942333221436,0.16502180695533752
qwen2_5_0_5b_base,currency:16,currency,declarative,2,8.438518524169922,1.6996192932128906,0.175975039601326
qwen2_5_0_5b_base,currency:16,currency,declarative,3,9.699236869812012,2.2541427612304688,0.190730020403862
qwen2_5_0_5b_base,currency:16,currency,declarative,4,11.53156852722168,3.4604172706604004,0.2176661193370819
qwen2_5_0_5b_base,currency:16,currency,declarative,5,14.415349960327148,3.8994157314300537,0.22111070156097412
qwen2_5_0_5b_base,currency:16,currency,declarative,6,13.679075241088867,2.6017274856567383,0.22994011640548706
qwen2_5_0_5b_base,currency:16,currency,declarative,7,14.315093040466309,2.7522940635681152,0.2204345464706421
qwen2_5_0_5b_base,currency:16,currency,declarative,8,14.785396575927734,4.826078414916992,0.20846235752105713
qwen2_5_0_5b_base,currency:16,currency,declarative,9,14.867632865905762,2.3207595348358154,0.19889666140079498
qwen2_5_0_5b_base,currency:16,currency,declarative,10,16.199522018432617,4.170992374420166,0.2018720805644989
qwen2_5_0_5b_base,currency:16,currency,declarative,11,15.631190299987793,2.7512216567993164,0.20183485746383667
qwen2_5_0_5b_base,currency:16,currency,declarative,12,16.376617431640625,2.9097774028778076,0.19951283931732178
qwen2_5_0_5b_base,currency:16,currency,declarative,13,17.437772750854492,2.2712082862854004,0.19408465921878815
qwen2_5_0_5b_base,currency:16,currency,declarative,14,19.173837661743164,4.965400218963623,0.22323212027549744
qwen2_5_0_5b_base,currency:16,currency,declarative,15,21.459386825561523,3.996270179748535,0.24239535629749298
qwen2_5_0_5b_base,currency:16,currency,declarative,16,25.547321319580078,2.3045618534088135,0.2746597230434418
qwen2_5_0_5b_base,currency:16,currency,declarative,17,30.497947692871094,5.813251495361328,0.24226662516593933
qwen2_5_0_5b_base,currency:16,currency,declarative,18,35.13051223754883,3.6737520694732666,0.25104233622550964
qwen2_5_0_5b_base,currency:16,currency,declarative,19,40.229007720947266,3.712594747543335,0.2779245674610138
qwen2_5_0_5b_base,currency:16,currency,declarative,20,53.389827728271484,12.109613418579102,0.3028850555419922
qwen2_5_0_5b_base,currency:16,currency,declarative,21,72.51893615722656,14.487082481384277,0.29149937629699707
qwen2_5_0_5b_base,currency:16,currency,declarative,22,79.81306457519531,4.418467998504639,0.3624149262905121
qwen2_5_0_5b_base,currency:16,currency,declarative,23,285.8124694824219,11.154756546020508,0.37551599740982056
qwen2_5_0_5b_base,currency:16,currency,qa,0,4.1660847663879395,0.5519355535507202,0.13773882389068604
qwen2_5_0_5b_base,currency:16,currency,qa,1,6.939416885375977,2.8490588665008545,0.17492122948169708
qwen2_5_0_5b_base,currency:16,currency,qa,2,8.802643775939941,2.3528475761413574,0.23011727631092072
qwen2_5_0_5b_base,currency:16,currency,qa,3,9.498879432678223,3.061251640319824,0.2194271832704544
qwen2_5_0_5b_base,currency:16,currency,qa,4,10.334159851074219,2.502077102661133,0.21008197963237762
qwen2_5_0_5b_base,currency:16,currency,qa,5,10.840893745422363,3.2526965141296387,0.21078792214393616
qwen2_5_0_5b_base,currency:16,currency,qa,6,12.124540328979492,2.2900404930114746,0.2227013260126114
qwen2_5_0_5b_base,currency:16,currency,qa,7,12.192914009094238,2.2276387214660645,0.22025690972805023
qwen2_5_0_5b_base,currency:16,currency,qa,8,12.880415916442871,3.2688424587249756,0.19718722999095917
qwen2_5_0_5b_base,currency:16,currency,qa,9,14.135343551635742,2.820662498474121,0.20694880187511444
qwen2_5_0_5b_base,currency:16,currency,qa,10,13.066560745239258,3.329047679901123,0.19641952216625214
qwen2_5_0_5b_base,currency:16,currency,qa,11,14.396405220031738,2.3727755546569824,0.20342786610126495
qwen2_5_0_5b_base,currency:16,currency,qa,12,15.004030227661133,2.8995840549468994,0.2094847857952118
qwen2_5_0_5b_base,currency:16,currency,qa,13,16.046764373779297,2.616668224334717,0.21514566242694855
qwen2_5_0_5b_base,currency:16,currency,qa,14,19.325990676879883,6.44401216506958,0.23971326649188995
qwen2_5_0_5b_base,currency:16,currency,qa,15,22.138540267944336,4.897569179534912,0.25508102774620056
qwen2_5_0_5b_base,currency:16,currency,qa,16,24.633018493652344,1.931525707244873,0.27946534752845764
qwen2_5_0_5b_base,currency:16,currency,qa,17,29.562847137451172,6.770708084106445,0.24860841035842896
qwen2_5_0_5b_base,currency:16,currency,qa,18,35.356441497802734,4.502818584442139,0.24815303087234497
qwen2_5_0_5b_base,currency:16,currency,qa,19,39.0441780090332,3.6504549980163574,0.2805410623550415
qwen2_5_0_5b_base,currency:16,currency,qa,20,52.055564880371094,13.3237943649292,0.3063288629055023
qwen2_5_0_5b_base,currency:16,currency,qa,21,73.0892562866211,17.022249221801758,0.2970190942287445
qwen2_5_0_5b_base,currency:16,currency,qa,22,80.8405532836914,6.090869903564453,0.3797781467437744
qwen2_5_0_5b_base,currency:16,currency,qa,23,283.28582763671875,12.644192695617676,0.40985509753227234
qwen2_5_0_5b_base,currency:16,currency,chat_template,0,3.606903553009033,0.5924606919288635,0.10484931617975235
qwen2_5_0_5b_base,currency:16,currency,chat_template,1,6.807154178619385,2.825636386871338,0.16680805385112762
qwen2_5_0_5b_base,currency:16,currency,chat_template,2,7.283603668212891,1.5000954866409302,0.14668476581573486
qwen2_5_0_5b_base,currency:16,currency,chat_template,3,8.339351654052734,2.322396755218506,0.17097443342208862
qwen2_5_0_5b_base,currency:16,currency,chat_template,4,9.57792854309082,2.826353073120117,0.19517002999782562
qwen2_5_0_5b_base,currency:16,currency,chat_template,5,10.492575645446777,4.014859199523926,0.2112606167793274
qwen2_5_0_5b_base,currency:16,currency,chat_template,6,11.760749816894531,3.1259560585021973,0.21977750957012177
qwen2_5_0_5b_base,currency:16,currency,chat_template,7,13.129201889038086,3.7554447650909424,0.22348599135875702
qwen2_5_0_5b_base,currency:16,currency,chat_template,8,12.693071365356445,4.345276355743408,0.20596911013126373
qwen2_5_0_5b_base,currency:16,currency,chat_template,9,13.199999809265137,2.9168965816497803,0.21089759469032288
qwen2_5_0_5b_base,currency:16,currency,chat_template,10,14.139801979064941,3.925828218460083,0.2051703780889511
qwen2_5_0_5b_base,currency:16,currency,chat_template,11,15.632555961608887,2.3189549446105957,0.2213222086429596
qwen2_5_0_5b_base,currency:16,currency,chat_template,12,15.321869850158691,3.9372446537017822,0.22446423768997192
qwen2_5_0_5b_base,currency:16,currency,chat_template,13,16.045944213867188,2.940993070602417,0.2255185842514038
qwen2_5_0_5b_base,currency:16,currency,chat_template,14,20.292020797729492,5.786283493041992,0.2545901834964752
qwen2_5_0_5b_base,currency:16,currency,chat_template,15,21.058902740478516,4.987752437591553,0.2611601948738098
qwen2_5_0_5b_base,currency:16,currency,chat_template,16,23.161773681640625,2.8209762573242188,0.2904503345489502
qwen2_5_0_5b_base,currency:16,currency,chat_template,17,30.060588836669922,5.5064778327941895,0.25801584124565125
qwen2_5_0_5b_base,currency:16,currency,chat_template,18,33.583744049072266,3.035336494445801,0.25061944127082825
qwen2_5_0_5b_base,currency:16,currency,chat_template,19,36.86787796020508,3.309547185897827,0.28364574909210205
qwen2_5_0_5b_base,currency:16,currency,chat_template,20,50.17017364501953,11.934659957885742,0.2950754165649414
qwen2_5_0_5b_base,currency:16,currency,chat_template,21,66.5610580444336,26.8432559967041,0.25584858655929565
qwen2_5_0_5b_base,currency:16,currency,chat_template,22,72.01803588867188,10.882637977600098,0.32193320989608765
qwen2_5_0_5b_base,currency:16,currency,chat_template,23,254.3780975341797,15.874173164367676,0.3995593190193176
qwen2_5_0_5b_base,currency:17,currency,raw_question,0,4.365006923675537,0.45868340134620667,0.13066184520721436
qwen2_5_0_5b_base,currency:17,currency,raw_question,1,7.8553690910339355,2.7986738681793213,0.16881179809570312
qwen2_5_0_5b_base,currency:17,currency,raw_question,2,7.985352039337158,1.5889233350753784,0.17144937813282013
qwen2_5_0_5b_base,currency:17,currency,raw_question,3,9.398575782775879,1.9332618713378906,0.19021448493003845
qwen2_5_0_5b_base,currency:17,currency,raw_question,4,10.704854011535645,3.2146661281585693,0.20951202511787415
qwen2_5_0_5b_base,currency:17,currency,raw_question,5,11.765768051147461,3.073573350906372,0.21474263072013855
qwen2_5_0_5b_base,currency:17,currency,raw_question,6,13.380875587463379,1.765169382095337,0.22058185935020447
qwen2_5_0_5b_base,currency:17,currency,raw_question,7,14.928422927856445,2.8173906803131104,0.22176356613636017
qwen2_5_0_5b_base,currency:17,currency,raw_question,8,15.070202827453613,3.8226888179779053,0.20887316763401031
qwen2_5_0_5b_base,currency:17,currency,raw_question,9,15.408440589904785,2.479405164718628,0.20596027374267578
qwen2_5_0_5b_base,currency:17,currency,raw_question,10,15.138087272644043,3.806455612182617,0.1934783011674881
qwen2_5_0_5b_base,currency:17,currency,raw_question,11,15.313779830932617,2.637763500213623,0.19774487614631653
qwen2_5_0_5b_base,currency:17,currency,raw_question,12,16.1650390625,2.857593297958374,0.20340894162654877
qwen2_5_0_5b_base,currency:17,currency,raw_question,13,17.30176544189453,2.850985288619995,0.20214909315109253
qwen2_5_0_5b_base,currency:17,currency,raw_question,14,18.41399383544922,3.4421393871307373,0.2227969616651535
qwen2_5_0_5b_base,currency:17,currency,raw_question,15,20.295738220214844,3.979247570037842,0.2428930252790451
qwen2_5_0_5b_base,currency:17,currency,raw_question,16,23.93069839477539,1.6958870887756348,0.2693246603012085
qwen2_5_0_5b_base,currency:17,currency,raw_question,17,28.64521026611328,4.103394508361816,0.24874325096607208
qwen2_5_0_5b_base,currency:17,currency,raw_question,18,32.996028900146484,2.1746702194213867,0.24075384438037872
qwen2_5_0_5b_base,currency:17,currency,raw_question,19,36.755008697509766,4.322368621826172,0.271308034658432
qwen2_5_0_5b_base,currency:17,currency,raw_question,20,52.653236389160156,12.573174476623535,0.29369062185287476
qwen2_5_0_5b_base,currency:17,currency,raw_question,21,73.18841552734375,15.1027250289917,0.2600102424621582
qwen2_5_0_5b_base,currency:17,currency,raw_question,22,77.79357147216797,5.762458324432373,0.28926628828048706
qwen2_5_0_5b_base,currency:17,currency,raw_question,23,287.3834228515625,11.718027114868164,0.37600240111351013
qwen2_5_0_5b_base,currency:17,currency,declarative,0,4.805908679962158,0.43078500032424927,0.13292744755744934
qwen2_5_0_5b_base,currency:17,currency,declarative,1,7.754232883453369,2.7230565547943115,0.1624618023633957
qwen2_5_0_5b_base,currency:17,currency,declarative,2,8.366983413696289,1.6282200813293457,0.1765679270029068
qwen2_5_0_5b_base,currency:17,currency,declarative,3,9.682777404785156,2.3180971145629883,0.1894998550415039
qwen2_5_0_5b_base,currency:17,currency,declarative,4,11.445284843444824,3.8705456256866455,0.21425119042396545
qwen2_5_0_5b_base,currency:17,currency,declarative,5,13.695008277893066,3.8563737869262695,0.21966595947742462
qwen2_5_0_5b_base,currency:17,currency,declarative,6,13.141571998596191,2.6123011112213135,0.23059478402137756
qwen2_5_0_5b_base,currency:17,currency,declarative,7,13.545029640197754,2.680081605911255,0.21956495940685272
qwen2_5_0_5b_base,currency:17,currency,declarative,8,13.998556137084961,4.554102420806885,0.20295025408267975
qwen2_5_0_5b_base,currency:17,currency,declarative,9,14.205753326416016,2.3525378704071045,0.19551503658294678
qwen2_5_0_5b_base,currency:17,currency,declarative,10,15.446710586547852,3.977959156036377,0.19906748831272125
qwen2_5_0_5b_base,currency:17,currency,declarative,11,14.89095401763916,2.751493453979492,0.20099826157093048
qwen2_5_0_5b_base,currency:17,currency,declarative,12,15.609132766723633,3.185030698776245,0.20158196985721588
qwen2_5_0_5b_base,currency:17,currency,declarative,13,16.44312858581543,2.45474910736084,0.1965828388929367
qwen2_5_0_5b_base,currency:17,currency,declarative,14,18.181476593017578,5.104037284851074,0.22816412150859833
qwen2_5_0_5b_base,currency:17,currency,declarative,15,20.172548294067383,3.945422410964966,0.24676693975925446
qwen2_5_0_5b_base,currency:17,currency,declarative,16,23.7254695892334,2.5118119716644287,0.2781327962875366
qwen2_5_0_5b_base,currency:17,currency,declarative,17,28.41478157043457,7.2014970779418945,0.24612922966480255
qwen2_5_0_5b_base,currency:17,currency,declarative,18,32.03068542480469,3.7449452877044678,0.2529139816761017
qwen2_5_0_5b_base,currency:17,currency,declarative,19,37.003265380859375,3.862635612487793,0.2765613794326782
qwen2_5_0_5b_base,currency:17,currency,declarative,20,52.239830017089844,12.885059356689453,0.29892483353614807
qwen2_5_0_5b_base,currency:17,currency,declarative,21,68.6425552368164,11.380969047546387,0.2797473967075348
qwen2_5_0_5b_base,currency:17,currency,declarative,22,75.44467163085938,5.147668361663818,0.3282546103000641
qwen2_5_0_5b_base,currency:17,currency,declarative,23,278.20220947265625,11.2871732711792,0.3559207022190094
qwen2_5_0_5b_base,currency:17,currency,qa,0,4.0999016761779785,0.5571247339248657,0.13767564296722412
qwen2_5_0_5b_base,currency:17,currency,qa,1,6.8409600257873535,2.8401296138763428,0.17407113313674927
qwen2_5_0_5b_base,currency:17,currency,qa,2,8.704183578491211,2.3690128326416016,0.22938477993011475
qwen2_5_0_5b_base,currency:17,currency,qa,3,9.452437400817871,3.0037708282470703,0.21856403350830078
qwen2_5_0_5b_base,currency:17,currency,qa,4,10.395783424377441,2.524855613708496,0.2101627141237259
qwen2_5_0_5b_base,currency:17,currency,qa,5,10.908303260803223,3.2683801651000977,0.21085242927074432
qwen2_5_0_5b_base,currency:17,currency,qa,6,12.250844955444336,2.273098945617676,0.2231571227312088
qwen2_5_0_5b_base,currency:17,currency,qa,7,12.295295715332031,2.2281768321990967,0.2208855301141739
qwen2_5_0_5b_base,currency:17,currency,qa,8,12.844417572021484,3.273005247116089,0.1977364420890808
qwen2_5_0_5b_base,currency:17,currency,qa,9,14.144875526428223,2.9440014362335205,0.2070477455854416
qwen2_5_0_5b_base,currency:17,currency,qa,10,13.032682418823242,3.3328206539154053,0.19716723263263702
qwen2_5_0_5b_base,currency:17,currency,qa,11,14.564867973327637,2.4464447498321533,0.20475074648857117
qwen2_5_0_5b_base,currency:17,currency,qa,12,15.233802795410156,3.060910701751709,0.21181806921958923
qwen2_5_0_5b_base,currency:17,currency,qa,13,16.199872970581055,2.566352605819702,0.2162918746471405
qwen2_5_0_5b_base,currency:17,currency,qa,14,19.291818618774414,6.682886600494385,0.24081215262413025
qwen2_5_0_5b_base,currency:17,currency,qa,15,21.899309158325195,4.914829254150391,0.25448310375213623
qwen2_5_0_5b_base,currency:17,currency,qa,16,24.577207565307617,1.9967228174209595,0.2802108824253082
qwen2_5_0_5b_base,currency:17,currency,qa,17,29.336393356323242,6.519766330718994,0.24847756326198578
qwen2_5_0_5b_base,currency:17,currency,qa,18,34.72789764404297,5.112558841705322,0.24774540960788727
qwen2_5_0_5b_base,currency:17,currency,qa,19,38.71369934082031,3.7350001335144043,0.28112858533859253
qwen2_5_0_5b_base,currency:17,currency,qa,20,51.01072311401367,14.805167198181152,0.3053252696990967
qwen2_5_0_5b_base,currency:17,currency,qa,21,70.90104675292969,18.337438583374023,0.2906315326690674
qwen2_5_0_5b_base,currency:17,currency,qa,22,78.31944274902344,5.799009323120117,0.3751751184463501
qwen2_5_0_5b_base,currency:17,currency,qa,23,285.98382568359375,12.369694709777832,0.4098605215549469
qwen2_5_0_5b_base,currency:17,currency,chat_template,0,3.6131036281585693,0.590461790561676,0.10487636178731918
qwen2_5_0_5b_base,currency:17,currency,chat_template,1,6.802526950836182,2.8282439708709717,0.16675660014152527
qwen2_5_0_5b_base,currency:17,currency,chat_template,2,7.29663610458374,1.4895344972610474,0.14697839319705963
qwen2_5_0_5b_base,currency:17,currency,chat_template,3,8.400677680969238,2.3405368328094482,0.17108839750289917
qwen2_5_0_5b_base,currency:17,currency,chat_template,4,9.63752269744873,2.8351216316223145,0.1942187398672104
qwen2_5_0_5b_base,currency:17,currency,chat_template,5,10.412101745605469,3.8901853561401367,0.21112588047981262
qwen2_5_0_5b_base,currency:17,currency,chat_template,6,11.511063575744629,2.8723926544189453,0.21750332415103912
qwen2_5_0_5b_base,currency:17,currency,chat_template,7,13.162263870239258,3.702921152114868,0.22216837108135223
qwen2_5_0_5b_base,currency:17,currency,chat_template,8,12.738555908203125,4.374904155731201,0.2055167704820633
qwen2_5_0_5b_base,currency:17,currency,chat_template,9,13.267740249633789,2.902078866958618,0.21031582355499268
qwen2_5_0_5b_base,currency:17,currency,chat_template,10,14.406901359558105,4.016517162322998,0.20620103180408478
qwen2_5_0_5b_base,currency:17,currency,chat_template,11,15.808162689208984,2.35843825340271,0.2223636656999588
qwen2_5_0_5b_base,currency:17,currency,chat_template,12,15.468186378479004,3.924577236175537,0.22351405024528503
qwen2_5_0_5b_base,currency:17,currency,chat_template,13,16.05600357055664,2.9944851398468018,0.22426894307136536
qwen2_5_0_5b_base,currency:17,currency,chat_template,14,20.220401763916016,5.780184268951416,0.25225433707237244
qwen2_5_0_5b_base,currency:17,currency,chat_template,15,21.245885848999023,4.9324564933776855,0.25912976264953613
qwen2_5_0_5b_base,currency:17,currency,chat_template,16,23.317611694335938,3.0537781715393066,0.28769031167030334
qwen2_5_0_5b_base,currency:17,currency,chat_template,17,30.327526092529297,5.578790187835693,0.25593301653862
qwen2_5_0_5b_base,currency:17,currency,chat_template,18,33.836448669433594,3.163654088973999,0.2480400949716568
qwen2_5_0_5b_base,currency:17,currency,chat_template,19,37.072818756103516,3.422452688217163,0.28107011318206787
qwen2_5_0_5b_base,currency:17,currency,chat_template,20,50.46857833862305,11.876885414123535,0.2951018810272217
qwen2_5_0_5b_base,currency:17,currency,chat_template,21,67.16312408447266,27.26667022705078,0.25364407896995544
qwen2_5_0_5b_base,currency:17,currency,chat_template,22,72.271484375,11.000518798828125,0.32179662585258484
qwen2_5_0_5b_base,currency:17,currency,chat_template,23,250.51739501953125,14.560656547546387,0.40168237686157227
qwen2_5_0_5b_base,headquarters:0,headquarters,raw_question,0,4.513856410980225,0.4497758448123932,0.13815197348594666
qwen2_5_0_5b_base,headquarters:0,headquarters,raw_question,1,7.739975452423096,2.8058269023895264,0.1691838800907135
qwen2_5_0_5b_base,headquarters:0,headquarters,raw_question,2,7.870594501495361,1.5662505626678467,0.17368917167186737
qwen2_5_0_5b_base,headquarters:0,headquarters,raw_question,3,9.675956726074219,1.9227062463760376,0.18522536754608154
qwen2_5_0_5b_base,headquarters:0,headquarters,raw_question,4,10.643014907836914,2.443917751312256,0.21054311096668243
qwen2_5_0_5b_base,headquarters:0,headquarters,raw_question,5,11.505389213562012,2.9711925983428955,0.21365368366241455
qwen2_5_0_5b_base,headquarters:0,headquarters,raw_question,6,12.773988723754883,2.469222068786621,0.21663178503513336
qwen2_5_0_5b_base,headquarters:0,headquarters,raw_question,7,14.044963836669922,2.3633668422698975,0.21340857446193695
qwen2_5_0_5b_base,headquarters:0,headquarters,raw_question,8,14.68550968170166,4.065767765045166,0.20122459530830383
qwen2_5_0_5b_base,headquarters:0,headquarters,raw_question,9,15.521918296813965,2.68888258934021,0.20100268721580505
qwen2_5_0_5b_base,headquarters:0,headquarters,raw_question,10,15.973196029663086,4.026594638824463,0.19574645161628723
qwen2_5_0_5b_base,headquarters:0,headquarters,raw_question,11,15.57190227508545,2.581829071044922,0.19782958924770355
qwen2_5_0_5b_base,headquarters:0,headquarters,raw_question,12,16.67811393737793,2.7311558723449707,0.20319050550460815
qwen2_5_0_5b_base,headquarters:0,headquarters,raw_question,13,18.14922523498535,3.0263993740081787,0.20531989634037018
qwen2_5_0_5b_base,headquarters:0,headquarters,raw_question,14,18.19060516357422,3.538588047027588,0.2180618941783905
qwen2_5_0_5b_base,headquarters:0,headquarters,raw_question,15,20.115882873535156,3.0128188133239746,0.2365141659975052
qwen2_5_0_5b_base,headquarters:0,headquarters,raw_question,16,24.372079849243164,0.9757086634635925,0.27301883697509766
qwen2_5_0_5b_base,headquarters:0,headquarters,raw_question,17,29.555463790893555,3.9903037548065186,0.2622576951980591
qwen2_5_0_5b_base,headquarters:0,headquarters,raw_question,18,33.3089599609375,1.549736499786377,0.25728967785835266
qwen2_5_0_5b_base,headquarters:0,headquarters,raw_question,19,37.1410026550293,3.647235155105591,0.2850548028945923
qwen2_5_0_5b_base,headquarters:0,headquarters,raw_question,20,50.33911895751953,7.757744312286377,0.28107261657714844
qwen2_5_0_5b_base,headquarters:0,headquarters,raw_question,21,71.36327362060547,11.688820838928223,0.24659574031829834
qwen2_5_0_5b_base,headquarters:0,headquarters,raw_question,22,75.8182144165039,5.243269920349121,0.2700418531894684
qwen2_5_0_5b_base,headquarters:0,headquarters,raw_question,23,283.0672302246094,11.720380783081055,0.36462655663490295
qwen2_5_0_5b_base,headquarters:0,headquarters,declarative,0,4.644497871398926,0.45086827874183655,0.12975935637950897
qwen2_5_0_5b_base,headquarters:0,headquarters,declarative,1,7.598016262054443,2.8203089237213135,0.1745598316192627
qwen2_5_0_5b_base,headquarters:0,headquarters,declarative,2,9.197354316711426,1.8125698566436768,0.19413240253925323
qwen2_5_0_5b_base,headquarters:0,headquarters,declarative,3,10.560620307922363,2.123497724533081,0.21126094460487366
qwen2_5_0_5b_base,headquarters:0,headquarters,declarative,4,11.47314739227295,2.680757761001587,0.2139798253774643
qwen2_5_0_5b_base,headquarters:0,headquarters,declarative,5,12.633748054504395,3.4194023609161377,0.22171622514724731
qwen2_5_0_5b_base,headquarters:0,headquarters,declarative,6,15.730420112609863,2.598212480545044,0.22832338511943817
qwen2_5_0_5b_base,headquarters:0,headquarters,declarative,7,14.5820894241333,3.877439498901367,0.22482259571552277
qwen2_5_0_5b_base,headquarters:0,headquarters,declarative,8,15.082141876220703,4.168778896331787,0.21392107009887695
qwen2_5_0_5b_base,headquarters:0,headquarters,declarative,9,15.156749725341797,2.4107394218444824,0.20952601730823517
qwen2_5_0_5b_base,headquarters:0,headquarters,declarative,10,16.006107330322266,4.01310920715332,0.2156587690114975
qwen2_5_0_5b_base,headquarters:0,headquarters,declarative,11,15.918572425842285,2.609360933303833,0.21039946377277374
qwen2_5_0_5b_base,headquarters:0,headquarters,declarative,12,17.80453109741211,3.4522383213043213,0.21094296872615814
qwen2_5_0_5b_base,headquarters:0,headquarters,declarative,13,18.55274772644043,2.1778886318206787,0.2027803659439087
qwen2_5_0_5b_base,headquarters:0,headquarters,declarative,14,19.76856803894043,4.38260555267334,0.22858759760856628
qwen2_5_0_5b_base,headquarters:0,headquarters,declarative,15,21.732053756713867,3.66009521484375,0.25408935546875
qwen2_5_0_5b_base,headquarters:0,headquarters,declarative,16,25.41557502746582,0.6859648823738098,0.2752094268798828
qwen2_5_0_5b_base,headquarters:0,headquarters,declarative,17,30.67619514465332,5.466436862945557,0.24924124777317047
qwen2_5_0_5b_base,headquarters:0,headquarters,declarative,18,35.72121047973633,2.8901443481445312,0.2556573450565338
qwen2_5_0_5b_base,headquarters:0,headquarters,declarative,19,39.27363967895508,3.945643424987793,0.28660812973976135
qwen2_5_0_5b_base,headquarters:0,headquarters,declarative,20,53.0297966003418,12.047183990478516,0.310284823179245
qwen2_5_0_5b_base,headquarters:0,headquarters,declarative,21,72.83535766601562,12.509564399719238,0.2980155050754547
qwen2_5_0_5b_base,headquarters:0,headquarters,declarative,22,83.41861724853516,3.289707660675049,0.37151217460632324
qwen2_5_0_5b_base,headquarters:0,headquarters,declarative,23,288.1589050292969,11.523466110229492,0.41396716237068176
qwen2_5_0_5b_base,headquarters:0,headquarters,qa,0,4.144891738891602,0.551320493221283,0.139818474650383
qwen2_5_0_5b_base,headquarters:0,headquarters,qa,1,6.828568935394287,2.7998104095458984,0.17366883158683777
qwen2_5_0_5b_base,headquarters:0,headquarters,qa,2,8.88608169555664,2.41923451423645,0.2326284646987915
qwen2_5_0_5b_base,headquarters:0,headquarters,qa,3,9.759172439575195,3.2411048412323,0.22028237581253052
qwen2_5_0_5b_base,headquarters:0,headquarters,qa,4,10.273667335510254,2.605445146560669,0.21274849772453308
qwen2_5_0_5b_base,headquarters:0,headquarters,qa,5,10.82407283782959,3.143394708633423,0.21037892997264862
qwen2_5_0_5b_base,headquarters:0,headquarters,qa,6,12.25240707397461,2.7942593097686768,0.22298720479011536
qwen2_5_0_5b_base,headquarters:0,headquarters,qa,7,12.431646347045898,2.208995819091797,0.21808253228664398
qwen2_5_0_5b_base,headquarters:0,headquarters,qa,8,12.653533935546875,2.975297212600708,0.19738435745239258
qwen2_5_0_5b_base,headquarters:0,headquarters,qa,9,14.020380973815918,3.0937740802764893,0.20728202164173126
qwen2_5_0_5b_base,headquarters:0,headquarters,qa,10,13.491806030273438,3.131218433380127,0.19521060585975647
qwen2_5_0_5b_base,headquarters:0,headquarters,qa,11,15.511000633239746,2.563551902770996,0.21718336641788483
qwen2_5_0_5b_base,headquarters:0,headquarters,qa,12,15.198756217956543,3.204011917114258,0.21650810539722443
qwen2_5_0_5b_base,headquarters:0,headquarters,qa,13,16.161895751953125,2.8523361682891846,0.21685926616191864
qwen2_5_0_5b_base,headquarters:0,headquarters,qa,14,19.542020797729492,5.855914115905762,0.24087950587272644
qwen2_5_0_5b_base,headquarters:0,headquarters,qa,15,21.877029418945312,4.780014991760254,0.25527864694595337
qwen2_5_0_5b_base,headquarters:0,headquarters,qa,16,25.429841995239258,1.4423251152038574,0.27422162890434265
qwen2_5_0_5b_base,headquarters:0,headquarters,qa,17,32.64284896850586,4.66737174987793,0.26078176498413086
qwen2_5_0_5b_base,headquarters:0,headquarters,qa,18,36.16827392578125,3.435065746307373,0.24765384197235107
qwen2_5_0_5b_base,headquarters:0,headquarters,qa,19,39.424652099609375,4.466103553771973,0.28774696588516235
qwen2_5_0_5b_base,headquarters:0,headquarters,qa,20,54.76840591430664,11.866347312927246,0.3048418462276459
qwen2_5_0_5b_base,headquarters:0,headquarters,qa,21,74.94314575195312,14.18423080444336,0.2752983868122101
qwen2_5_0_5b_base,headquarters:0,headquarters,qa,22,82.65166473388672,5.319863319396973,0.3219989836215973
qwen2_5_0_5b_base,headquarters:0,headquarters,qa,23,304.25518798828125,12.968236923217773,0.3854241967201233
qwen2_5_0_5b_base,headquarters:0,headquarters,chat_template,0,3.6182000637054443,0.5898521542549133,0.1045970544219017
qwen2_5_0_5b_base,headquarters:0,headquarters,chat_template,1,6.796680927276611,2.837405204772949,0.16798225045204163
qwen2_5_0_5b_base,headquarters:0,headquarters,chat_template,2,7.305429935455322,1.5366685390472412,0.14860931038856506
qwen2_5_0_5b_base,headquarters:0,headquarters,chat_template,3,8.359207153320312,2.3186874389648438,0.17138175666332245
qwen2_5_0_5b_base,headquarters:0,headquarters,chat_template,4,9.531085968017578,2.8526182174682617,0.19339503347873688
qwen2_5_0_5b_base,headquarters:0,headquarters,chat_template,5,10.338556289672852,3.9038143157958984,0.211762472987175
qwen2_5_0_5b_base,headquarters:0,headquarters,chat_template,6,11.598344802856445,3.0555131435394287,0.21915249526500702
qwen2_5_0_5b_base,headquarters:0,headquarters,chat_template,7,12.765853881835938,3.652719497680664,0.2226959466934204
qwen2_5_0_5b_base,headquarters:0,headquarters,chat_template,8,12.696022033691406,4.120713233947754,0.2021654099225998
qwen2_5_0_5b_base,headquarters:0,headquarters,chat_template,9,13.638312339782715,3.2749383449554443,0.20763003826141357
qwen2_5_0_5b_base,headquarters:0,headquarters,chat_template,10,14.541614532470703,4.081200122833252,0.2052903175354004
qwen2_5_0_5b_base,headquarters:0,headquarters,chat_template,11,16.000164031982422,2.4409825801849365,0.2216864675283432
qwen2_5_0_5b_base,headquarters:0,headquarters,chat_template,12,15.671564102172852,3.8710134029388428,0.2229291945695877
qwen2_5_0_5b_base,headquarters:0,headquarters,chat_template,13,16.10408592224121,2.9443867206573486,0.22221224009990692
qwen2_5_0_5b_base,headquarters:0,headquarters,chat_template,14,19.558198928833008,5.641098976135254,0.2450949251651764
qwen2_5_0_5b_base,headquarters:0,headquarters,chat_template,15,20.661663055419922,4.548259735107422,0.25578075647354126
qwen2_5_0_5b_base,headquarters:0,headquarters,chat_template,16,22.89708137512207,2.662181854248047,0.28557687997817993
qwen2_5_0_5b_base,headquarters:0,headquarters,chat_template,17,29.747634887695312,5.315909385681152,0.2544209957122803
qwen2_5_0_5b_base,headquarters:0,headquarters,chat_template,18,33.80909729003906,3.583388566970825,0.24352474510669708
qwen2_5_0_5b_base,headquarters:0,headquarters,chat_template,19,37.45194625854492,3.8258159160614014,0.2736639678478241
qwen2_5_0_5b_base,headquarters:0,headquarters,chat_template,20,50.84135437011719,10.219368934631348,0.28760623931884766
qwen2_5_0_5b_base,headquarters:0,headquarters,chat_template,21,66.79882049560547,21.626907348632812,0.25116053223609924
qwen2_5_0_5b_base,headquarters:0,headquarters,chat_template,22,70.203369140625,9.387307167053223,0.3116368353366852
qwen2_5_0_5b_base,headquarters:0,headquarters,chat_template,23,267.0895690917969,15.111531257629395,0.395084947347641
qwen2_5_0_5b_base,headquarters:1,headquarters,raw_question,0,4.5797929763793945,0.4447351396083832,0.1380382627248764
qwen2_5_0_5b_base,headquarters:1,headquarters,raw_question,1,7.859203815460205,2.8860743045806885,0.16827459633350372
qwen2_5_0_5b_base,headquarters:1,headquarters,raw_question,2,7.880711078643799,1.5349079370498657,0.17112521827220917
qwen2_5_0_5b_base,headquarters:1,headquarters,raw_question,3,9.729912757873535,1.8687304258346558,0.18403685092926025
qwen2_5_0_5b_base,headquarters:1,headquarters,raw_question,4,10.846353530883789,2.4664175510406494,0.20997479557991028
qwen2_5_0_5b_base,headquarters:1,headquarters,raw_question,5,11.773555755615234,3.03338885307312,0.2142612338066101
qwen2_5_0_5b_base,headquarters:1,headquarters,raw_question,6,12.79213809967041,2.3667664527893066,0.22012366354465485
qwen2_5_0_5b_base,headquarters:1,headquarters,raw_question,7,14.098564147949219,2.3231234550476074,0.21321989595890045
qwen2_5_0_5b_base,headquarters:1,headquarters,raw_question,8,14.50921630859375,3.8135554790496826,0.20481057465076447
qwen2_5_0_5b_base,headquarters:1,headquarters,raw_question,9,15.306065559387207,2.66168475151062,0.20337292551994324
qwen2_5_0_5b_base,headquarters:1,headquarters,raw_question,10,15.538365364074707,3.8736395835876465,0.19400574266910553
qwen2_5_0_5b_base,headquarters:1,headquarters,raw_question,11,15.293242454528809,2.5563557147979736,0.19777123630046844
qwen2_5_0_5b_base,headquarters:1,headquarters,raw_question,12,16.36551856994629,2.7628560066223145,0.20223955810070038
qwen2_5_0_5b_base,headquarters:1,headquarters,raw_question,13,17.895212173461914,2.9875576496124268,0.20393669605255127
qwen2_5_0_5b_base,headquarters:1,headquarters,raw_question,14,18.237442016601562,3.4310922622680664,0.21725298464298248
qwen2_5_0_5b_base,headquarters:1,headquarters,raw_question,15,20.13582420349121,2.9237444400787354,0.23516923189163208
qwen2_5_0_5b_base,headquarters:1,headquarters,raw_question,16,24.315698623657227,0.9909862279891968,0.27244243025779724
qwen2_5_0_5b_base,headquarters:1,headquarters,raw_question,17,29.50409698486328,3.969606637954712,0.2609916627407074
qwen2_5_0_5b_base,headquarters:1,headquarters,raw_question,18,33.424747467041016,1.6655105352401733,0.25841131806373596
qwen2_5_0_5b_base,headquarters:1,headquarters,raw_question,19,37.10354232788086,3.2634198665618896,0.28674253821372986
qwen2_5_0_5b_base,headquarters:1,headquarters,raw_question,20,49.96442413330078,7.3084821701049805,0.2797617018222809
qwen2_5_0_5b_base,headquarters:1,headquarters,raw_question,21,69.54277038574219,12.208096504211426,0.2453542947769165
qwen2_5_0_5b_base,headquarters:1,headquarters,raw_question,22,74.49691009521484,3.360147476196289,0.26869702339172363
qwen2_5_0_5b_base,headquarters:1,headquarters,raw_question,23,277.5658264160156,10.876879692077637,0.3605388402938843
qwen2_5_0_5b_base,headquarters:1,headquarters,declarative,0,4.7362542152404785,0.44662535190582275,0.1319088190793991
qwen2_5_0_5b_base,headquarters:1,headquarters,declarative,1,7.653120040893555,2.8127992153167725,0.1748003363609314
qwen2_5_0_5b_base,headquarters:1,headquarters,declarative,2,9.183164596557617,1.7738326787948608,0.19290192425251007
qwen2_5_0_5b_base,headquarters:1,headquarters,declarative,3,10.570646286010742,2.030754804611206,0.21111182868480682
qwen2_5_0_5b_base,headquarters:1,headquarters,declarative,4,11.535968780517578,2.783804416656494,0.2137204259634018
qwen2_5_0_5b_base,headquarters:1,headquarters,declarative,5,12.414687156677246,3.4644999504089355,0.21991780400276184
qwen2_5_0_5b_base,headquarters:1,headquarters,declarative,6,15.372108459472656,2.4948618412017822,0.2271854728460312
qwen2_5_0_5b_base,headquarters:1,headquarters,declarative,7,14.125816345214844,3.9604787826538086,0.22369974851608276
qwen2_5_0_5b_base,headquarters:1,headquarters,declarative,8,14.661222457885742,4.156891822814941,0.21210409700870514
qwen2_5_0_5b_base,headquarters:1,headquarters,declarative,9,14.910937309265137,2.388232469558716,0.20783595740795135
qwen2_5_0_5b_base,headquarters:1,headquarters,declarative,10,15.6056547164917,4.204694747924805,0.21609830856323242
qwen2_5_0_5b_base,headquarters:1,headquarters,declarative,11,15.681742668151855,2.8144102096557617,0.21090717613697052
qwen2_5_0_5b_base,headquarters:1,headquarters,declarative,12,17.228242874145508,3.518481969833374,0.21092212200164795
qwen2_5_0_5b_base,headquarters:1,headquarters,declarative,13,17.838529586791992,2.1670897006988525,0.20081613957881927
qwen2_5_0_5b_base,headquarters:1,headquarters,declarative,14,19.31451416015625,4.079806327819824,0.22519196569919586
qwen2_5_0_5b_base,headquarters:1,headquarters,declarative,15,22.341463088989258,3.8560104370117188,0.25317642092704773
qwen2_5_0_5b_base,headquarters:1,headquarters,declarative,16,26.30267333984375,0.64813232421875,0.27442851662635803
qwen2_5_0_5b_base,headquarters:1,headquarters,declarative,17,31.25292205810547,6.420598983764648,0.24630431830883026
qwen2_5_0_5b_base,headquarters:1,headquarters,declarative,18,35.86943817138672,2.961594581604004,0.25254786014556885
qwen2_5_0_5b_base,headquarters:1,headquarters,declarative,19,39.348514556884766,4.079056262969971,0.28552407026290894
qwen2_5_0_5b_base,headquarters:1,headquarters,declarative,20,52.52592086791992,13.064245223999023,0.30020204186439514
qwen2_5_0_5b_base,headquarters:1,headquarters,declarative,21,70.99081420898438,13.720977783203125,0.28683242201805115
qwen2_5_0_5b_base,headquarters:1,headquarters,declarative,22,82.50936126708984,2.9630508422851562,0.3647424876689911
qwen2_5_0_5b_base,headquarters:1,headquarters,declarative,23,290.91790771484375,10.279095649719238,0.4003992974758148
qwen2_5_0_5b_base,headquarters:1,headquarters,qa,0,4.1445512771606445,0.5506129860877991,0.1407286524772644
qwen2_5_0_5b_base,headquarters:1,headquarters,qa,1,6.904547214508057,2.844172239303589,0.1750030815601349
qwen2_5_0_5b_base,headquarters:1,headquarters,qa,2,8.8912935256958,2.4056921005249023,0.23271851241588593
qwen2_5_0_5b_base,headquarters:1,headquarters,qa,3,9.80475902557373,3.273029088973999,0.2211516797542572
qwen2_5_0_5b_base,headquarters:1,headquarters,qa,4,10.176526069641113,2.6131598949432373,0.21304984390735626
qwen2_5_0_5b_base,headquarters:1,headquarters,qa,5,10.793103218078613,3.19758677482605,0.21055833995342255
qwen2_5_0_5b_base,headquarters:1,headquarters,qa,6,12.327451705932617,2.881481647491455,0.22352810204029083
qwen2_5_0_5b_base,headquarters:1,headquarters,qa,7,12.443830490112305,2.1826634407043457,0.21727415919303894
qwen2_5_0_5b_base,headquarters:1,headquarters,qa,8,12.71796989440918,2.9584107398986816,0.1963394284248352
qwen2_5_0_5b_base,headquarters:1,headquarters,qa,9,13.990665435791016,3.04178786277771,0.20672452449798584
qwen2_5_0_5b_base,headquarters:1,headquarters,qa,10,13.613382339477539,3.1104366779327393,0.1956506222486496
qwen2_5_0_5b_base,headquarters:1,headquarters,qa,11,15.441811561584473,2.5905749797821045,0.21560686826705933
qwen2_5_0_5b_base,headquarters:1,headquarters,qa,12,15.294939041137695,3.1905713081359863,0.21474085748195648
qwen2_5_0_5b_base,headquarters:1,headquarters,qa,13,16.097389221191406,2.862074851989746,0.2167234867811203
qwen2_5_0_5b_base,headquarters:1,headquarters,qa,14,19.268686294555664,5.800910949707031,0.2401609867811203
qwen2_5_0_5b_base,headquarters:1,headquarters,qa,15,21.999250411987305,4.910276889801025,0.25601276755332947
qwen2_5_0_5b_base,headquarters:1,headquarters,qa,16,25.556386947631836,1.39447021484375,0.2760230600833893
qwen2_5_0_5b_base,headquarters:1,headquarters,qa,17,32.84315872192383,5.048549652099609,0.2593720257282257
qwen2_5_0_5b_base,headquarters:1,headquarters,qa,18,36.35626983642578,3.359990119934082,0.2475612759590149
qwen2_5_0_5b_base,headquarters:1,headquarters,qa,19,38.78459167480469,4.256826877593994,0.28594771027565
qwen2_5_0_5b_base,headquarters:1,headquarters,qa,20,53.45722579956055,13.50716781616211,0.3020991384983063
qwen2_5_0_5b_base,headquarters:1,headquarters,qa,21,71.63939666748047,15.930652618408203,0.2754383087158203
qwen2_5_0_5b_base,headquarters:1,headquarters,qa,22,81.95932006835938,2.860801935195923,0.34300705790519714
qwen2_5_0_5b_base,headquarters:1,headquarters,qa,23,298.5204772949219,11.221986770629883,0.3906595706939697
qwen2_5_0_5b_base,headquarters:1,headquarters,chat_template,0,3.6164093017578125,0.5897312164306641,0.10458318144083023
qwen2_5_0_5b_base,headquarters:1,headquarters,chat_template,1,6.8131232261657715,2.847773551940918,0.16769370436668396
qwen2_5_0_5b_base,headquarters:1,headquarters,chat_template,2,7.300156116485596,1.5264637470245361,0.14870357513427734
qwen2_5_0_5b_base,headquarters:1,headquarters,chat_template,3,8.344837188720703,2.3019068241119385,0.1707240641117096
qwen2_5_0_5b_base,headquarters:1,headquarters,chat_template,4,9.548440933227539,2.865983486175537,0.1935650110244751
qwen2_5_0_5b_base,headquarters:1,headquarters,chat_template,5,10.383344650268555,3.9321773052215576,0.2111181914806366
qwen2_5_0_5b_base,headquarters:1,headquarters,chat_template,6,11.60849666595459,2.9631404876708984,0.21838705241680145
qwen2_5_0_5b_base,headquarters:1,headquarters,chat_template,7,12.940144538879395,3.6003010272979736,0.2225584238767624
qwen2_5_0_5b_base,headquarters:1,headquarters,chat_template,8,12.687721252441406,4.093775272369385,0.20305179059505463
qwen2_5_0_5b_base,headquarters:1,headquarters,chat_template,9,13.609525680541992,3.261254072189331,0.20867902040481567
qwen2_5_0_5b_base,headquarters:1,headquarters,chat_template,10,14.501350402832031,4.059834003448486,0.20480793714523315
qwen2_5_0_5b_base,headquarters:1,headquarters,chat_template,11,15.96967887878418,2.4444992542266846,0.2206144779920578
qwen2_5_0_5b_base,headquarters:1,headquarters,chat_template,12,15.647454261779785,3.8580098152160645,0.22197693586349487
qwen2_5_0_5b_base,headquarters:1,headquarters,chat_template,13,16.11174774169922,2.8680944442749023,0.22228501737117767
qwen2_5_0_5b_base,headquarters:1,headquarters,chat_template,14,19.768646240234375,5.993071556091309,0.2462468445301056
qwen2_5_0_5b_base,headquarters:1,headquarters,chat_template,15,21.048179626464844,4.629764556884766,0.2575342357158661
qwen2_5_0_5b_base,headquarters:1,headquarters,chat_template,16,23.26895523071289,2.8519725799560547,0.2862515449523926
qwen2_5_0_5b_base,headquarters:1,headquarters,chat_template,17,29.895835876464844,5.33745002746582,0.2551877498626709
qwen2_5_0_5b_base,headquarters:1,headquarters,chat_template,18,33.92143249511719,3.801461935043335,0.24594049155712128
qwen2_5_0_5b_base,headquarters:1,headquarters,chat_template,19,37.66420364379883,4.131092548370361,0.27557504177093506
qwen2_5_0_5b_base,headquarters:1,headquarters,chat_template,20,51.00507354736328,10.199946403503418,0.29001951217651367
qwen2_5_0_5b_base,headquarters:1,headquarters,chat_template,21,67.3423843383789,23.033973693847656,0.25063657760620117
qwen2_5_0_5b_base,headquarters:1,headquarters,chat_template,22,70.11724090576172,7.7959818840026855,0.31606024503707886
qwen2_5_0_5b_base,headquarters:1,headquarters,chat_template,23,264.7383117675781,14.827523231506348,0.3962320387363434
qwen2_5_0_5b_base,headquarters:2,headquarters,raw_question,0,4.549590587615967,0.44629448652267456,0.13799506425857544
qwen2_5_0_5b_base,headquarters:2,headquarters,raw_question,1,7.958634376525879,2.819941282272339,0.1682770997285843
qwen2_5_0_5b_base,headquarters:2,headquarters,raw_question,2,7.90082311630249,1.5115572214126587,0.17300689220428467
qwen2_5_0_5b_base,headquarters:2,headquarters,raw_question,3,9.66657829284668,1.8567173480987549,0.1831490844488144
qwen2_5_0_5b_base,headquarters:2,headquarters,raw_question,4,10.755508422851562,2.4857101440429688,0.2097993642091751
qwen2_5_0_5b_base,headquarters:2,headquarters,raw_question,5,11.606431007385254,2.9742050170898438,0.21337664127349854
qwen2_5_0_5b_base,headquarters:2,headquarters,raw_question,6,12.78593635559082,2.2424867153167725,0.21920643746852875
qwen2_5_0_5b_base,headquarters:2,headquarters,raw_question,7,14.122340202331543,2.3118159770965576,0.21440568566322327
qwen2_5_0_5b_base,headquarters:2,headquarters,raw_question,8,14.590662956237793,3.7672348022460938,0.20401187241077423
qwen2_5_0_5b_base,headquarters:2,headquarters,raw_question,9,15.430350303649902,2.7242953777313232,0.20242156088352203
qwen2_5_0_5b_base,headquarters:2,headquarters,raw_question,10,15.695518493652344,3.9529693126678467,0.19511465728282928
qwen2_5_0_5b_base,headquarters:2,headquarters,raw_question,11,15.411214828491211,2.561093330383301,0.1995202898979187
qwen2_5_0_5b_base,headquarters:2,headquarters,raw_question,12,16.455825805664062,2.6363720893859863,0.2026275098323822
qwen2_5_0_5b_base,headquarters:2,headquarters,raw_question,13,17.817705154418945,2.964949131011963,0.20431260764598846
qwen2_5_0_5b_base,headquarters:2,headquarters,raw_question,14,18.058839797973633,3.522249937057495,0.21731100976467133
qwen2_5_0_5b_base,headquarters:2,headquarters,raw_question,15,19.924806594848633,2.9067928791046143,0.2358512133359909
qwen2_5_0_5b_base,headquarters:2,headquarters,raw_question,16,24.112022399902344,1.1033676862716675,0.27155545353889465
qwen2_5_0_5b_base,headquarters:2,headquarters,raw_question,17,29.219188690185547,3.9740564823150635,0.2611544132232666
qwen2_5_0_5b_base,headquarters:2,headquarters,raw_question,18,33.315486907958984,1.6012572050094604,0.2589677572250366
qwen2_5_0_5b_base,headquarters:2,headquarters,raw_question,19,37.192813873291016,3.0141842365264893,0.28683149814605713
qwen2_5_0_5b_base,headquarters:2,headquarters,raw_question,20,49.03995895385742,7.391061305999756,0.2774682939052582
qwen2_5_0_5b_base,headquarters:2,headquarters,raw_question,21,69.3478012084961,11.821242332458496,0.24595248699188232
qwen2_5_0_5b_base,headquarters:2,headquarters,raw_question,22,74.19147491455078,3.1597533226013184,0.2660013735294342
qwen2_5_0_5b_base,headquarters:2,headquarters,raw_question,23,274.3900451660156,11.577614784240723,0.35725316405296326
qwen2_5_0_5b_base,headquarters:2,headquarters,declarative,0,4.720147132873535,0.4522125720977783,0.13127164542675018
qwen2_5_0_5b_base,headquarters:2,headquarters,declarative,1,7.675700664520264,2.856797933578491,0.1747976541519165
qwen2_5_0_5b_base,headquarters:2,headquarters,declarative,2,9.077446937561035,1.7650136947631836,0.19313566386699677
qwen2_5_0_5b_base,headquarters:2,headquarters,declarative,3,10.365473747253418,1.945807695388794,0.21002021431922913
qwen2_5_0_5b_base,headquarters:2,headquarters,declarative,4,11.309799194335938,2.667829990386963,0.213222935795784
qwen2_5_0_5b_base,headquarters:2,headquarters,declarative,5,12.337687492370605,3.496061325073242,0.2197495996952057
qwen2_5_0_5b_base,headquarters:2,headquarters,declarative,6,15.468668937683105,2.508768081665039,0.22596073150634766
qwen2_5_0_5b_base,headquarters:2,headquarters,declarative,7,14.073480606079102,3.986053228378296,0.22371508181095123
qwen2_5_0_5b_base,headquarters:2,headquarters,declarative,8,14.709755897521973,4.120333671569824,0.21147166192531586
qwen2_5_0_5b_base,headquarters:2,headquarters,declarative,9,14.84964656829834,2.3667848110198975,0.20577779412269592
qwen2_5_0_5b_base,headquarters:2,headquarters,declarative,10,15.600029945373535,3.9489364624023438,0.21343564987182617
qwen2_5_0_5b_base,headquarters:2,headquarters,declarative,11,15.555971145629883,2.688913345336914,0.209430992603302
qwen2_5_0_5b_base,headquarters:2,headquarters,declarative,12,17.297250747680664,3.3873283863067627,0.21163412928581238
qwen2_5_0_5b_base,headquarters:2,headquarters,declarative,13,17.995912551879883,2.1965408325195312,0.2006596326828003
qwen2_5_0_5b_base,headquarters:2,headquarters,declarative,14,19.31584930419922,4.263636589050293,0.22688837349414825
qwen2_5_0_5b_base,headquarters:2,headquarters,declarative,15,22.20578384399414,3.619917869567871,0.25139477849006653
qwen2_5_0_5b_base,headquarters:2,headquarters,declarative,16,25.719587326049805,0.6989315152168274,0.27381882071495056
qwen2_5_0_5b_base,headquarters:2,headquarters,declarative,17,31.19748878479004,5.772058486938477,0.24606700241565704
qwen2_5_0_5b_base,headquarters:2,headquarters,declarative,18,35.09373092651367,3.106961727142334,0.25076761841773987
qwen2_5_0_5b_base,headquarters:2,headquarters,declarative,19,39.9211311340332,4.022849082946777,0.2830403447151184
qwen2_5_0_5b_base,headquarters:2,headquarters,declarative,20,54.2802619934082,10.783703804016113,0.30296435952186584
qwen2_5_0_5b_base,headquarters:2,headquarters,declarative,21,73.67173767089844,12.778421401977539,0.2886030673980713
qwen2_5_0_5b_base,headquarters:2,headquarters,declarative,22,82.96866607666016,3.0877645015716553,0.35530194640159607
qwen2_5_0_5b_base,headquarters:2,headquarters,declarative,23,286.013671875,10.56335163116455,0.3987417221069336
qwen2_5_0_5b_base,headquarters:2,headquarters,qa,0,4.126859188079834,0.5534851551055908,0.14068955183029175
qwen2_5_0_5b_base,headquarters:2,headquarters,qa,1,6.87830114364624,2.8251540660858154,0.17454898357391357
qwen2_5_0_5b_base,headquarters:2,headquarters,qa,2,8.907944679260254,2.4169390201568604,0.2340373545885086
qwen2_5_0_5b_base,headquarters:2,headquarters,qa,3,9.68901538848877,3.303785562515259,0.22143296897411346
qwen2_5_0_5b_base,headquarters:2,headquarters,qa,4,10.094186782836914,2.628899097442627,0.2122296243906021
qwen2_5_0_5b_base,headquarters:2,headquarters,qa,5,10.79175853729248,3.2158613204956055,0.21071287989616394
qwen2_5_0_5b_base,headquarters:2,headquarters,qa,6,12.35774040222168,2.875934362411499,0.22372128069400787
qwen2_5_0_5b_base,headquarters:2,headquarters,qa,7,12.448225021362305,2.2263898849487305,0.21916407346725464
qwen2_5_0_5b_base,headquarters:2,headquarters,qa,8,12.847434997558594,3.0196173191070557,0.197832390666008
qwen2_5_0_5b_base,headquarters:2,headquarters,qa,9,14.044654846191406,2.9913151264190674,0.20905043184757233
qwen2_5_0_5b_base,headquarters:2,headquarters,qa,10,13.590614318847656,3.0737228393554688,0.1975606381893158
qwen2_5_0_5b_base,headquarters:2,headquarters,qa,11,15.491559028625488,2.59490966796875,0.21830493211746216
qwen2_5_0_5b_base,headquarters:2,headquarters,qa,12,15.304825782775879,3.179281711578369,0.21632950007915497
qwen2_5_0_5b_base,headquarters:2,headquarters,qa,13,16.116853713989258,2.9061167240142822,0.2182440459728241
qwen2_5_0_5b_base,headquarters:2,headquarters,qa,14,19.414024353027344,5.976100444793701,0.24137063324451447
qwen2_5_0_5b_base,headquarters:2,headquarters,qa,15,22.092981338500977,4.709014415740967,0.2569981515407562
qwen2_5_0_5b_base,headquarters:2,headquarters,qa,16,25.616065979003906,1.4856045246124268,0.2767331600189209
qwen2_5_0_5b_base,headquarters:2,headquarters,qa,17,33.174991607666016,4.979372978210449,0.2602198123931885
qwen2_5_0_5b_base,headquarters:2,headquarters,qa,18,36.53406524658203,3.354313850402832,0.24821695685386658
qwen2_5_0_5b_base,headquarters:2,headquarters,qa,19,39.30788803100586,3.9859397411346436,0.28542134165763855
qwen2_5_0_5b_base,headquarters:2,headquarters,qa,20,54.82182693481445,13.418801307678223,0.30351242423057556
qwen2_5_0_5b_base,headquarters:2,headquarters,qa,21,73.42446899414062,14.764294624328613,0.2827642261981964
qwen2_5_0_5b_base,headquarters:2,headquarters,qa,22,82.47576904296875,3.004115104675293,0.3527398705482483
qwen2_5_0_5b_base,headquarters:2,headquarters,qa,23,294.2640075683594,11.212455749511719,0.3982115685939789
qwen2_5_0_5b_base,headquarters:2,headquarters,chat_template,0,3.6185388565063477,0.5900683403015137,0.10461598634719849
qwen2_5_0_5b_base,headquarters:2,headquarters,chat_template,1,6.822713851928711,2.8456871509552,0.1675831377506256
qwen2_5_0_5b_base,headquarters:2,headquarters,chat_template,2,7.306297779083252,1.5163697004318237,0.14814291894435883
qwen2_5_0_5b_base,headquarters:2,headquarters,chat_template,3,8.356075286865234,2.3122122287750244,0.17066989839076996
qwen2_5_0_5b_base,headquarters:2,headquarters,chat_template,4,9.544798851013184,2.8401284217834473,0.19328229129314423
qwen2_5_0_5b_base,headquarters:2,headquarters,chat_template,5,10.40977668762207,3.9594016075134277,0.21102480590343475
qwen2_5_0_5b_base,headquarters:2,headquarters,chat_template,6,11.60297679901123,2.957951307296753,0.2190961390733719
qwen2_5_0_5b_base,headquarters:2,headquarters,chat_template,7,12.853676795959473,3.578991651535034,0.2222599983215332
qwen2_5_0_5b_base,headquarters:2,headquarters,chat_template,8,12.653554916381836,4.082370758056641,0.20239418745040894
qwen2_5_0_5b_base,headquarters:2,headquarters,chat_template,9,13.644549369812012,3.3034982681274414,0.2081104815006256
qwen2_5_0_5b_base,headquarters:2,headquarters,chat_template,10,14.578239440917969,4.070156574249268,0.20557667315006256
qwen2_5_0_5b_base,headquarters:2,headquarters,chat_template,11,15.894792556762695,2.4002108573913574,0.2204555720090866
qwen2_5_0_5b_base,headquarters:2,headquarters,chat_template,12,15.622861862182617,3.847837209701538,0.22197306156158447
qwen2_5_0_5b_base,headquarters:2,headquarters,chat_template,13,16.0242862701416,2.8790502548217773,0.22220145165920258
qwen2_5_0_5b_base,headquarters:2,headquarters,chat_template,14,19.64918327331543,5.7533955574035645,0.2459249049425125
qwen2_5_0_5b_base,headquarters:2,headquarters,chat_template,15,20.842655181884766,4.59528923034668,0.2564087212085724
qwen2_5_0_5b_base,headquarters:2,headquarters,chat_template,16,23.045970916748047,2.720716953277588,0.2862456738948822
qwen2_5_0_5b_base,headquarters:2,headquarters,chat_template,17,29.779905319213867,5.347671031951904,0.2547261118888855
qwen2_5_0_5b_base,headquarters:2,headquarters,chat_template,18,33.753414154052734,3.779308557510376,0.24442309141159058
qwen2_5_0_5b_base,headquarters:2,headquarters,chat_template,19,37.57331848144531,4.078192710876465,0.274568647146225
qwen2_5_0_5b_base,headquarters:2,headquarters,chat_template,20,50.66334915161133,10.122737884521484,0.28688278794288635
qwen2_5_0_5b_base,headquarters:2,headquarters,chat_template,21,67.1611557006836,22.439239501953125,0.24922239780426025
qwen2_5_0_5b_base,headquarters:2,headquarters,chat_template,22,69.9072494506836,7.486994743347168,0.3152507543563843
qwen2_5_0_5b_base,headquarters:2,headquarters,chat_template,23,265.1247253417969,15.799406051635742,0.3967098295688629
qwen2_5_0_5b_base,headquarters:3,headquarters,raw_question,0,4.4254302978515625,0.4583475589752197,0.13274875283241272
qwen2_5_0_5b_base,headquarters:3,headquarters,raw_question,1,7.904659748077393,2.819319009780884,0.16770751774311066
qwen2_5_0_5b_base,headquarters:3,headquarters,raw_question,2,7.886844158172607,1.4873021841049194,0.1722344607114792
qwen2_5_0_5b_base,headquarters:3,headquarters,raw_question,3,9.648777961730957,1.8697901964187622,0.18320909142494202
qwen2_5_0_5b_base,headquarters:3,headquarters,raw_question,4,10.982134819030762,2.843426465988159,0.21055257320404053
qwen2_5_0_5b_base,headquarters:3,headquarters,raw_question,5,11.645204544067383,2.9337377548217773,0.2099495232105255
qwen2_5_0_5b_base,headquarters:3,headquarters,raw_question,6,13.156782150268555,2.303272008895874,0.21658842265605927
qwen2_5_0_5b_base,headquarters:3,headquarters,raw_question,7,14.117382049560547,2.3461461067199707,0.2163875252008438
qwen2_5_0_5b_base,headquarters:3,headquarters,raw_question,8,14.721786499023438,3.926290988922119,0.20161084830760956
qwen2_5_0_5b_base,headquarters:3,headquarters,raw_question,9,15.771620750427246,2.791046380996704,0.20068900287151337
qwen2_5_0_5b_base,headquarters:3,headquarters,raw_question,10,16.218599319458008,4.09132194519043,0.1956447809934616
qwen2_5_0_5b_base,headquarters:3,headquarters,raw_question,11,16.06085968017578,2.6241614818573,0.19908659160137177
qwen2_5_0_5b_base,headquarters:3,headquarters,raw_question,12,16.955745697021484,2.687822103500366,0.2045069932937622
qwen2_5_0_5b_base,headquarters:3,headquarters,raw_question,13,18.500591278076172,2.88862943649292,0.2066936045885086
qwen2_5_0_5b_base,headquarters:3,headquarters,raw_question,14,18.48939323425293,3.6537129878997803,0.21729376912117004
qwen2_5_0_5b_base,headquarters:3,headquarters,raw_question,15,20.32073974609375,2.947659730911255,0.2362717092037201
qwen2_5_0_5b_base,headquarters:3,headquarters,raw_question,16,24.301624298095703,1.0139071941375732,0.2723214030265808
qwen2_5_0_5b_base,headquarters:3,headquarters,raw_question,17,29.277507781982422,3.956660509109497,0.26474785804748535
qwen2_5_0_5b_base,headquarters:3,headquarters,raw_question,18,33.31973648071289,1.5872408151626587,0.26347702741622925
qwen2_5_0_5b_base,headquarters:3,headquarters,raw_question,19,37.67871856689453,3.197061538696289,0.29000166058540344
qwen2_5_0_5b_base,headquarters:3,headquarters,raw_question,20,49.445438385009766,7.625764846801758,0.28241559863090515
qwen2_5_0_5b_base,headquarters:3,headquarters,raw_question,21,70.08770751953125,10.336868286132812,0.24669034779071808
qwen2_5_0_5b_base,headquarters:3,headquarters,raw_question,22,75.43303680419922,3.9674205780029297,0.2700948119163513
qwen2_5_0_5b_base,headquarters:3,headquarters,raw_question,23,267.5791931152344,11.18610668182373,0.3565463423728943
qwen2_5_0_5b_base,headquarters:3,headquarters,declarative,0,4.6124162673950195,0.45878878235816956,0.13033950328826904
qwen2_5_0_5b_base,headquarters:3,headquarters,declarative,1,7.695534706115723,2.843228816986084,0.1747274398803711
qwen2_5_0_5b_base,headquarters:3,headquarters,declarative,2,9.217252731323242,1.8005236387252808,0.1939249485731125
qwen2_5_0_5b_base,headquarters:3,headquarters,declarative,3,10.633057594299316,1.9192737340927124,0.21175497770309448
qwen2_5_0_5b_base,headquarters:3,headquarters,declarative,4,11.604300498962402,2.9174981117248535,0.21390236914157867
qwen2_5_0_5b_base,headquarters:3,headquarters,declarative,5,12.400985717773438,3.412247896194458,0.2203003168106079
qwen2_5_0_5b_base,headquarters:3,headquarters,declarative,6,15.973010063171387,2.7187695503234863,0.22688062489032745
qwen2_5_0_5b_base,headquarters:3,headquarters,declarative,7,14.703431129455566,3.8320412635803223,0.22466187179088593
qwen2_5_0_5b_base,headquarters:3,headquarters,declarative,8,15.217334747314453,4.355653285980225,0.2120518684387207
qwen2_5_0_5b_base,headquarters:3,headquarters,declarative,9,15.29246711730957,2.503314971923828,0.20793548226356506
qwen2_5_0_5b_base,headquarters:3,headquarters,declarative,10,16.168067932128906,4.020734786987305,0.2165561467409134
qwen2_5_0_5b_base,headquarters:3,headquarters,declarative,11,15.928112030029297,2.555464506149292,0.210207998752594
qwen2_5_0_5b_base,headquarters:3,headquarters,declarative,12,17.846294403076172,3.2353885173797607,0.2102007418870926
qwen2_5_0_5b_base,headquarters:3,headquarters,declarative,13,18.613359451293945,2.187176465988159,0.2024507075548172
qwen2_5_0_5b_base,headquarters:3,headquarters,declarative,14,19.806137084960938,3.845776081085205,0.22595925629138947
qwen2_5_0_5b_base,headquarters:3,headquarters,declarative,15,22.259761810302734,3.645401954650879,0.25276580452919006
qwen2_5_0_5b_base,headquarters:3,headquarters,declarative,16,26.09996223449707,0.676033616065979,0.27289795875549316
qwen2_5_0_5b_base,headquarters:3,headquarters,declarative,17,31.326013565063477,5.836243629455566,0.2469310313463211
qwen2_5_0_5b_base,headquarters:3,headquarters,declarative,18,35.40234375,2.7513186931610107,0.25304466485977173
qwen2_5_0_5b_base,headquarters:3,headquarters,declarative,19,39.52003479003906,3.996586561203003,0.28247252106666565
qwen2_5_0_5b_base,headquarters:3,headquarters,declarative,20,54.24540328979492,12.114068031311035,0.30822253227233887
qwen2_5_0_5b_base,headquarters:3,headquarters,declarative,21,72.6431884765625,12.847379684448242,0.2966136634349823
qwen2_5_0_5b_base,headquarters:3,headquarters,declarative,22,82.1717300415039,3.0267536640167236,0.3782595992088318
qwen2_5_0_5b_base,headquarters:3,headquarters,declarative,23,289.6217956542969,10.276413917541504,0.412108451128006
qwen2_5_0_5b_base,headquarters:3,headquarters,qa,0,4.110327243804932,0.5563538670539856,0.13804353773593903
qwen2_5_0_5b_base,headquarters:3,headquarters,qa,1,6.791576862335205,2.797581672668457,0.1738242655992508
qwen2_5_0_5b_base,headquarters:3,headquarters,qa,2,8.840459823608398,2.372781276702881,0.2320547103881836
qwen2_5_0_5b_base,headquarters:3,headquarters,qa,3,9.709551811218262,3.218564748764038,0.2204718291759491
qwen2_5_0_5b_base,headquarters:3,headquarters,qa,4,10.210783958435059,2.5829696655273438,0.21270962059497833
qwen2_5_0_5b_base,headquarters:3,headquarters,qa,5,10.680986404418945,3.123918294906616,0.20984303951263428
qwen2_5_0_5b_base,headquarters:3,headquarters,qa,6,12.154316902160645,2.8140947818756104,0.22277747094631195
qwen2_5_0_5b_base,headquarters:3,headquarters,qa,7,12.35964298248291,2.1551311016082764,0.2184726595878601
qwen2_5_0_5b_base,headquarters:3,headquarters,qa,8,12.637504577636719,2.98927903175354,0.19737042486667633
qwen2_5_0_5b_base,headquarters:3,headquarters,qa,9,13.946791648864746,2.8653576374053955,0.20580685138702393
qwen2_5_0_5b_base,headquarters:3,headquarters,qa,10,13.3477783203125,3.0930776596069336,0.19454838335514069
qwen2_5_0_5b_base,headquarters:3,headquarters,qa,11,15.218062400817871,2.5051472187042236,0.21548902988433838
qwen2_5_0_5b_base,headquarters:3,headquarters,qa,12,15.059334754943848,3.161638021469116,0.2152302861213684
qwen2_5_0_5b_base,headquarters:3,headquarters,qa,13,16.106157302856445,2.8996479511260986,0.21761754155158997
qwen2_5_0_5b_base,headquarters:3,headquarters,qa,14,19.47652244567871,5.827635288238525,0.24087007343769073
qwen2_5_0_5b_base,headquarters:3,headquarters,qa,15,22.018890380859375,4.833378314971924,0.2570684850215912
qwen2_5_0_5b_base,headquarters:3,headquarters,qa,16,25.513202667236328,1.3319188356399536,0.27540895342826843
qwen2_5_0_5b_base,headquarters:3,headquarters,qa,17,32.7022590637207,4.910604476928711,0.2607540786266327
qwen2_5_0_5b_base,headquarters:3,headquarters,qa,18,36.47455596923828,3.86314058303833,0.24837985634803772
qwen2_5_0_5b_base,headquarters:3,headquarters,qa,19,39.40700149536133,4.2412109375,0.2871553897857666
qwen2_5_0_5b_base,headquarters:3,headquarters,qa,20,55.743247985839844,14.301877975463867,0.3074163496494293
qwen2_5_0_5b_base,headquarters:3,headquarters,qa,21,74.3040771484375,15.166539192199707,0.2824922800064087
qwen2_5_0_5b_base,headquarters:3,headquarters,qa,22,82.52799987792969,3.15350341796875,0.35046783089637756
qwen2_5_0_5b_base,headquarters:3,headquarters,qa,23,302.0727844238281,12.004936218261719,0.3961474299430847
qwen2_5_0_5b_base,headquarters:3,headquarters,chat_template,0,3.6212687492370605,0.589873731136322,0.10458251088857651
qwen2_5_0_5b_base,headquarters:3,headquarters,chat_template,1,6.81983757019043,2.8392372131347656,0.1672993004322052
qwen2_5_0_5b_base,headquarters:3,headquarters,chat_template,2,7.301612854003906,1.5341823101043701,0.14802269637584686
qwen2_5_0_5b_base,headquarters:3,headquarters,chat_template,3,8.31867504119873,2.2802963256835938,0.17072662711143494
qwen2_5_0_5b_base,headquarters:3,headquarters,chat_template,4,9.588504791259766,2.882755994796753,0.19372911751270294
qwen2_5_0_5b_base,headquarters:3,headquarters,chat_template,5,10.352705955505371,3.906190872192383,0.2109239250421524
qwen2_5_0_5b_base,headquarters:3,headquarters,chat_template,6,11.619029998779297,3.0493452548980713,0.21834145486354828
qwen2_5_0_5b_base,headquarters:3,headquarters,chat_template,7,12.84433364868164,3.6633219718933105,0.22242839634418488
qwen2_5_0_5b_base,headquarters:3,headquarters,chat_template,8,12.772090911865234,4.085087299346924,0.2021719515323639
qwen2_5_0_5b_base,headquarters:3,headquarters,chat_template,9,13.675909996032715,3.3025944232940674,0.20786350965499878
qwen2_5_0_5b_base,headquarters:3,headquarters,chat_template,10,14.582548141479492,4.09072208404541,0.2056395560503006
qwen2_5_0_5b_base,headquarters:3,headquarters,chat_template,11,15.912554740905762,2.427783727645874,0.22128431499004364
qwen2_5_0_5b_base,headquarters:3,headquarters,chat_template,12,15.653143882751465,3.847485065460205,0.22255435585975647
qwen2_5_0_5b_base,headquarters:3,headquarters,chat_template,13,16.20009422302246,2.934023857116699,0.22246628999710083
qwen2_5_0_5b_base,headquarters:3,headquarters,chat_template,14,19.68178939819336,5.5816426277160645,0.2453710436820984
qwen2_5_0_5b_base,headquarters:3,headquarters,chat_template,15,20.81337547302246,4.561329364776611,0.25544893741607666
qwen2_5_0_5b_base,headquarters:3,headquarters,chat_template,16,23.12497901916504,2.727334499359131,0.28642895817756653
qwen2_5_0_5b_base,headquarters:3,headquarters,chat_template,17,29.88129997253418,5.294613361358643,0.25508037209510803
qwen2_5_0_5b_base,headquarters:3,headquarters,chat_template,18,33.89356231689453,3.636746883392334,0.24490712583065033
qwen2_5_0_5b_base,headquarters:3,headquarters,chat_template,19,37.788761138916016,3.916987419128418,0.27516254782676697
qwen2_5_0_5b_base,headquarters:3,headquarters,chat_template,20,51.15342330932617,10.367169380187988,0.2868475615978241
qwen2_5_0_5b_base,headquarters:3,headquarters,chat_template,21,66.8127212524414,22.36245346069336,0.2512635290622711
qwen2_5_0_5b_base,headquarters:3,headquarters,chat_template,22,70.27140808105469,8.421021461486816,0.31285718083381653
qwen2_5_0_5b_base,headquarters:3,headquarters,chat_template,23,258.0666809082031,13.265406608581543,0.39400190114974976
qwen2_5_0_5b_base,headquarters:4,headquarters,raw_question,0,4.615452766418457,0.4363476037979126,0.13699166476726532
qwen2_5_0_5b_base,headquarters:4,headquarters,raw_question,1,7.846612930297852,2.8289332389831543,0.16811080276966095
qwen2_5_0_5b_base,headquarters:4,headquarters,raw_question,2,7.942306995391846,1.6917909383773804,0.17251914739608765
qwen2_5_0_5b_base,headquarters:4,headquarters,raw_question,3,9.625652313232422,1.8648267984390259,0.18603117763996124
qwen2_5_0_5b_base,headquarters:4,headquarters,raw_question,4,10.877130508422852,2.4392170906066895,0.20953695476055145
qwen2_5_0_5b_base,headquarters:4,headquarters,raw_question,5,11.72303295135498,2.9854562282562256,0.2140893191099167
qwen2_5_0_5b_base,headquarters:4,headquarters,raw_question,6,12.981722831726074,2.561596155166626,0.22114141285419464
qwen2_5_0_5b_base,headquarters:4,headquarters,raw_question,7,14.203577041625977,2.585017204284668,0.21584691107273102
qwen2_5_0_5b_base,headquarters:4,headquarters,raw_question,8,14.52527904510498,3.757054090499878,0.20639853179454803
qwen2_5_0_5b_base,headquarters:4,headquarters,raw_question,9,15.519952774047852,2.883634567260742,0.2050076574087143
qwen2_5_0_5b_base,headquarters:4,headquarters,raw_question,10,15.814229965209961,4.053208827972412,0.19572293758392334
qwen2_5_0_5b_base,headquarters:4,headquarters,raw_question,11,15.510350227355957,2.625107526779175,0.20186424255371094
qwen2_5_0_5b_base,headquarters:4,headquarters,raw_question,12,16.58041763305664,2.6498968601226807,0.2037976235151291
qwen2_5_0_5b_base,headquarters:4,headquarters,raw_question,13,18.01888656616211,3.0118043422698975,0.2049759328365326
qwen2_5_0_5b_base,headquarters:4,headquarters,raw_question,14,18.143630981445312,3.516737461090088,0.21805918216705322
qwen2_5_0_5b_base,headquarters:4,headquarters,raw_question,15,20.027172088623047,2.9198148250579834,0.2358301877975464
qwen2_5_0_5b_base,headquarters:4,headquarters,raw_question,16,24.18973731994629,1.1217256784439087,0.27173715829849243
qwen2_5_0_5b_base,headquarters:4,headquarters,raw_question,17,29.486967086791992,3.96718168258667,0.2633037567138672
qwen2_5_0_5b_base,headquarters:4,headquarters,raw_question,18,33.57077407836914,1.5498387813568115,0.2620416283607483
qwen2_5_0_5b_base,headquarters:4,headquarters,raw_question,19,37.63666534423828,3.028533935546875,0.2892828583717346
qwen2_5_0_5b_base,headquarters:4,headquarters,raw_question,20,49.29121398925781,6.995410442352295,0.27733802795410156
qwen2_5_0_5b_base,headquarters:4,headquarters,raw_question,21,68.67522430419922,10.341695785522461,0.24613222479820251
qwen2_5_0_5b_base,headquarters:4,headquarters,raw_question,22,74.04653930664062,2.9730069637298584,0.26306167244911194
qwen2_5_0_5b_base,headquarters:4,headquarters,raw_question,23,273.97833251953125,11.458056449890137,0.35561510920524597
qwen2_5_0_5b_base,headquarters:4,headquarters,declarative,0,4.734129428863525,0.44305819272994995,0.13158191740512848
qwen2_5_0_5b_base,headquarters:4,headquarters,declarative,1,7.594416618347168,2.8390605449676514,0.17507420480251312
qwen2_5_0_5b_base,headquarters:4,headquarters,declarative,2,9.189167976379395,1.8296329975128174,0.19288098812103271
qwen2_5_0_5b_base,headquarters:4,headquarters,declarative,3,10.627386093139648,2.142883539199829,0.2111290693283081
qwen2_5_0_5b_base,headquarters:4,headquarters,declarative,4,11.606597900390625,2.8339602947235107,0.21374757587909698
qwen2_5_0_5b_base,headquarters:4,headquarters,declarative,5,12.430766105651855,3.3644442558288574,0.2198236584663391
qwen2_5_0_5b_base,headquarters:4,headquarters,declarative,6,15.733465194702148,2.59663462638855,0.22751466929912567
qwen2_5_0_5b_base,headquarters:4,headquarters,declarative,7,14.459310531616211,3.9127485752105713,0.22463105618953705
qwen2_5_0_5b_base,headquarters:4,headquarters,declarative,8,15.046699523925781,3.9434969425201416,0.21284425258636475
qwen2_5_0_5b_base,headquarters:4,headquarters,declarative,9,15.192625045776367,2.497058391571045,0.21014972031116486
qwen2_5_0_5b_base,headquarters:4,headquarters,declarative,10,15.816408157348633,4.0318603515625,0.21526065468788147
qwen2_5_0_5b_base,headquarters:4,headquarters,declarative,11,15.742329597473145,2.809783458709717,0.20923680067062378
qwen2_5_0_5b_base,headquarters:4,headquarters,declarative,12,17.45564079284668,3.4729702472686768,0.20991544425487518
qwen2_5_0_5b_base,headquarters:4,headquarters,declarative,13,18.134422302246094,2.2808589935302734,0.19949553906917572
qwen2_5_0_5b_base,headquarters:4,headquarters,declarative,14,19.547292709350586,3.9487202167510986,0.22481617331504822
qwen2_5_0_5b_base,headquarters:4,headquarters,declarative,15,22.212345123291016,3.809626340866089,0.2515086531639099
qwen2_5_0_5b_base,headquarters:4,headquarters,declarative,16,25.94277572631836,0.6833451986312866,0.2740046977996826
qwen2_5_0_5b_base,headquarters:4,headquarters,declarative,17,31.264450073242188,6.293358325958252,0.24660290777683258
qwen2_5_0_5b_base,headquarters:4,headquarters,declarative,18,35.60480880737305,3.4268321990966797,0.2534720301628113
qwen2_5_0_5b_base,headquarters:4,headquarters,declarative,19,39.60898208618164,4.1808295249938965,0.2845315933227539
qwen2_5_0_5b_base,headquarters:4,headquarters,declarative,20,53.69681930541992,11.896005630493164,0.3030886948108673
qwen2_5_0_5b_base,headquarters:4,headquarters,declarative,21,73.99700927734375,14.093061447143555,0.29887619614601135
qwen2_5_0_5b_base,headquarters:4,headquarters,declarative,22,83.0631332397461,4.055212020874023,0.3691573441028595
qwen2_5_0_5b_base,headquarters:4,headquarters,declarative,23,275.9251403808594,9.812881469726562,0.39839115738868713
qwen2_5_0_5b_base,headquarters:4,headquarters,qa,0,4.154742240905762,0.5492634177207947,0.13990284502506256
qwen2_5_0_5b_base,headquarters:4,headquarters,qa,1,6.872250556945801,2.823302984237671,0.17421045899391174
qwen2_5_0_5b_base,headquarters:4,headquarters,qa,2,8.891881942749023,2.409240484237671,0.23272177577018738
qwen2_5_0_5b_base,headquarters:4,headquarters,qa,3,9.752218246459961,3.284179449081421,0.22054998576641083
qwen2_5_0_5b_base,headquarters:4,headquarters,qa,4,10.186184883117676,2.616516590118408,0.21301287412643433
qwen2_5_0_5b_base,headquarters:4,headquarters,qa,5,10.758527755737305,3.1244146823883057,0.20996719598770142
qwen2_5_0_5b_base,headquarters:4,headquarters,qa,6,12.29737663269043,2.9127697944641113,0.2235642671585083
qwen2_5_0_5b_base,headquarters:4,headquarters,qa,7,12.428122520446777,2.2356221675872803,0.21802420914173126
qwen2_5_0_5b_base,headquarters:4,headquarters,qa,8,12.672157287597656,3.0076186656951904,0.19702033698558807
qwen2_5_0_5b_base,headquarters:4,headquarters,qa,9,13.967453956604004,3.0995311737060547,0.2073197364807129
qwen2_5_0_5b_base,headquarters:4,headquarters,qa,10,13.49862289428711,3.0860118865966797,0.19576124846935272
qwen2_5_0_5b_base,headquarters:4,headquarters,qa,11,15.36205005645752,2.557978868484497,0.21653245389461517
qwen2_5_0_5b_base,headquarters:4,headquarters,qa,12,15.19095516204834,3.1188199520111084,0.21509024500846863
qwen2_5_0_5b_base,headquarters:4,headquarters,qa,13,16.022754669189453,2.9110748767852783,0.215119868516922
qwen2_5_0_5b_base,headquarters:4,headquarters,qa,14,19.39693260192871,5.827680587768555,0.24033549427986145
qwen2_5_0_5b_base,headquarters:4,headquarters,qa,15,22.14240837097168,4.942427635192871,0.2555343806743622
qwen2_5_0_5b_base,headquarters:4,headquarters,qa,16,25.716066360473633,1.6991028785705566,0.2765159606933594
qwen2_5_0_5b_base,headquarters:4,headquarters,qa,17,33.142215728759766,4.854876518249512,0.2614612579345703
qwen2_5_0_5b_base,headquarters:4,headquarters,qa,18,36.3729362487793,3.4564385414123535,0.2475261241197586
qwen2_5_0_5b_base,headquarters:4,headquarters,qa,19,39.06037139892578,4.525287628173828,0.2867133915424347
qwen2_5_0_5b_base,headquarters:4,headquarters,qa,20,53.65812301635742,13.225287437438965,0.30289915204048157
qwen2_5_0_5b_base,headquarters:4,headquarters,qa,21,74.33126068115234,14.589079856872559,0.28213831782341003
qwen2_5_0_5b_base,headquarters:4,headquarters,qa,22,82.0789566040039,2.9882142543792725,0.3317829370498657
qwen2_5_0_5b_base,headquarters:4,headquarters,qa,23,294.8869934082031,11.992912292480469,0.3829861581325531
qwen2_5_0_5b_base,headquarters:4,headquarters,chat_template,0,3.6167216300964355,0.5897793173789978,0.10456981509923935
qwen2_5_0_5b_base,headquarters:4,headquarters,chat_template,1,6.80519437789917,2.8502867221832275,0.16774985194206238
qwen2_5_0_5b_base,headquarters:4,headquarters,chat_template,2,7.2976274490356445,1.5335967540740967,0.14888297021389008
qwen2_5_0_5b_base,headquarters:4,headquarters,chat_template,3,8.362607955932617,2.317483425140381,0.17130839824676514
qwen2_5_0_5b_base,headquarters:4,headquarters,chat_template,4,9.576181411743164,2.8880774974823,0.19407059252262115
qwen2_5_0_5b_base,headquarters:4,headquarters,chat_template,5,10.389204025268555,3.9241576194763184,0.21081729233264923
qwen2_5_0_5b_base,headquarters:4,headquarters,chat_template,6,11.56164836883545,3.007301092147827,0.21912303566932678
qwen2_5_0_5b_base,headquarters:4,headquarters,chat_template,7,12.777430534362793,3.5907647609710693,0.22227397561073303
qwen2_5_0_5b_base,headquarters:4,headquarters,chat_template,8,12.70702838897705,4.118316650390625,0.20245744287967682
qwen2_5_0_5b_base,headquarters:4,headquarters,chat_template,9,13.685175895690918,3.334130048751831,0.20974791049957275
qwen2_5_0_5b_base,headquarters:4,headquarters,chat_template,10,14.555389404296875,4.134446144104004,0.20665086805820465
qwen2_5_0_5b_base,headquarters:4,headquarters,chat_template,11,15.950667381286621,2.4025485515594482,0.22222097218036652
qwen2_5_0_5b_base,headquarters:4,headquarters,chat_template,12,15.58210277557373,3.861781597137451,0.2230953872203827
qwen2_5_0_5b_base,headquarters:4,headquarters,chat_template,13,16.008926391601562,2.8369851112365723,0.22180688381195068
qwen2_5_0_5b_base,headquarters:4,headquarters,chat_template,14,19.58441162109375,5.710315704345703,0.24560722708702087
qwen2_5_0_5b_base,headquarters:4,headquarters,chat_template,15,20.892196655273438,4.6902642250061035,0.2566521167755127
qwen2_5_0_5b_base,headquarters:4,headquarters,chat_template,16,23.148639678955078,2.9399259090423584,0.28635308146476746
qwen2_5_0_5b_base,headquarters:4,headquarters,chat_template,17,29.799612045288086,5.376560688018799,0.2550020217895508
qwen2_5_0_5b_base,headquarters:4,headquarters,chat_template,18,33.810333251953125,3.8287601470947266,0.24500398337841034
qwen2_5_0_5b_base,headquarters:4,headquarters,chat_template,19,37.576133728027344,4.111075401306152,0.27514418959617615
qwen2_5_0_5b_base,headquarters:4,headquarters,chat_template,20,50.58256912231445,10.931471824645996,0.2876211404800415
qwen2_5_0_5b_base,headquarters:4,headquarters,chat_template,21,67.03378295898438,23.45505714416504,0.25213974714279175
qwen2_5_0_5b_base,headquarters:4,headquarters,chat_template,22,69.9279556274414,7.283990859985352,0.3199862837791443
qwen2_5_0_5b_base,headquarters:4,headquarters,chat_template,23,263.6624755859375,17.158159255981445,0.396921306848526
qwen2_5_0_5b_base,headquarters:5,headquarters,raw_question,0,4.4142045974731445,0.4428320527076721,0.13372902572155
qwen2_5_0_5b_base,headquarters:5,headquarters,raw_question,1,7.8976216316223145,2.865396022796631,0.16898995637893677
qwen2_5_0_5b_base,headquarters:5,headquarters,raw_question,2,7.87359094619751,1.487658143043518,0.17092137038707733
qwen2_5_0_5b_base,headquarters:5,headquarters,raw_question,3,9.610523223876953,1.8516885042190552,0.184840127825737
qwen2_5_0_5b_base,headquarters:5,headquarters,raw_question,4,10.914929389953613,2.5912954807281494,0.20980043709278107
qwen2_5_0_5b_base,headquarters:5,headquarters,raw_question,5,11.522285461425781,2.8298842906951904,0.21025417745113373
qwen2_5_0_5b_base,headquarters:5,headquarters,raw_question,6,12.890572547912598,2.4199531078338623,0.21950601041316986
qwen2_5_0_5b_base,headquarters:5,headquarters,raw_question,7,14.276000022888184,2.3120336532592773,0.2149941772222519
qwen2_5_0_5b_base,headquarters:5,headquarters,raw_question,8,14.82094955444336,3.6720848083496094,0.20384521782398224
qwen2_5_0_5b_base,headquarters:5,headquarters,raw_question,9,15.611246109008789,2.8094711303710938,0.20264919102191925
qwen2_5_0_5b_base,headquarters:5,headquarters,raw_question,10,15.98496150970459,4.028842449188232,0.1946944147348404
qwen2_5_0_5b_base,headquarters:5,headquarters,raw_question,11,15.822091102600098,2.64296555519104,0.2010030448436737
qwen2_5_0_5b_base,headquarters:5,headquarters,raw_question,12,16.85235595703125,2.6753270626068115,0.2045145481824875
qwen2_5_0_5b_base,headquarters:5,headquarters,raw_question,13,18.248491287231445,2.9740865230560303,0.2063668817281723
qwen2_5_0_5b_base,headquarters:5,headquarters,raw_question,14,18.436527252197266,3.522407293319702,0.21917632222175598
qwen2_5_0_5b_base,headquarters:5,headquarters,raw_question,15,20.231775283813477,2.932868480682373,0.23747971653938293
qwen2_5_0_5b_base,headquarters:5,headquarters,raw_question,16,24.32064437866211,1.0937050580978394,0.2753216624259949
qwen2_5_0_5b_base,headquarters:5,headquarters,raw_question,17,29.43622398376465,3.9485342502593994,0.26585549116134644
qwen2_5_0_5b_base,headquarters:5,headquarters,raw_question,18,33.2279167175293,1.6642301082611084,0.2663513422012329
qwen2_5_0_5b_base,headquarters:5,headquarters,raw_question,19,37.08927536010742,2.991359233856201,0.2927911579608917
qwen2_5_0_5b_base,headquarters:5,headquarters,raw_question,20,48.655155181884766,7.435111045837402,0.2798774540424347
qwen2_5_0_5b_base,headquarters:5,headquarters,raw_question,21,67.81462097167969,11.255398750305176,0.24986326694488525
qwen2_5_0_5b_base,headquarters:5,headquarters,raw_question,22,73.18672180175781,4.244370460510254,0.26933011412620544
qwen2_5_0_5b_base,headquarters:5,headquarters,raw_question,23,271.4375,11.788858413696289,0.35054734349250793
qwen2_5_0_5b_base,headquarters:5,headquarters,declarative,0,4.653273582458496,0.4505561292171478,0.13208474218845367
qwen2_5_0_5b_base,headquarters:5,headquarters,declarative,1,7.682205677032471,2.830393075942993,0.17642271518707275
qwen2_5_0_5b_base,headquarters:5,headquarters,declarative,2,9.323699951171875,1.813475251197815,0.19335396587848663
qwen2_5_0_5b_base,headquarters:5,headquarters,declarative,3,10.57055950164795,2.0147945880889893,0.21188919246196747
qwen2_5_0_5b_base,headquarters:5,headquarters,declarative,4,11.582664489746094,2.689574718475342,0.21384590864181519
qwen2_5_0_5b_base,headquarters:5,headquarters,declarative,5,12.567214012145996,3.4483273029327393,0.21913041174411774
qwen2_5_0_5b_base,headquarters:5,headquarters,declarative,6,15.926932334899902,2.6876614093780518,0.22807370126247406
qwen2_5_0_5b_base,headquarters:5,headquarters,declarative,7,14.698282241821289,3.7407755851745605,0.2246302366256714
qwen2_5_0_5b_base,headquarters:5,headquarters,declarative,8,15.108235359191895,4.181360244750977,0.2124156951904297
qwen2_5_0_5b_base,headquarters:5,headquarters,declarative,9,15.192737579345703,2.496919631958008,0.2072252333164215
qwen2_5_0_5b_base,headquarters:5,headquarters,declarative,10,15.919294357299805,3.873234748840332,0.2147095799446106
qwen2_5_0_5b_base,headquarters:5,headquarters,declarative,11,15.821760177612305,2.7179713249206543,0.20844624936580658
qwen2_5_0_5b_base,headquarters:5,headquarters,declarative,12,17.93114471435547,3.299440622329712,0.20979775488376617
qwen2_5_0_5b_base,headquarters:5,headquarters,declarative,13,18.62689971923828,2.3748884201049805,0.20284710824489594
qwen2_5_0_5b_base,headquarters:5,headquarters,declarative,14,20.087474822998047,3.9585936069488525,0.22552791237831116
qwen2_5_0_5b_base,headquarters:5,headquarters,declarative,15,22.8770809173584,3.8329873085021973,0.2512499988079071
qwen2_5_0_5b_base,headquarters:5,headquarters,declarative,16,26.468610763549805,0.6540780067443848,0.2739311158657074
qwen2_5_0_5b_base,headquarters:5,headquarters,declarative,17,31.372529983520508,5.506122589111328,0.24645936489105225
qwen2_5_0_5b_base,headquarters:5,headquarters,declarative,18,35.90818786621094,3.1996772289276123,0.25078317523002625
qwen2_5_0_5b_base,headquarters:5,headquarters,declarative,19,39.654090881347656,3.956693649291992,0.28371885418891907
qwen2_5_0_5b_base,headquarters:5,headquarters,declarative,20,53.646480560302734,10.925300598144531,0.30162978172302246
qwen2_5_0_5b_base,headquarters:5,headquarters,declarative,21,72.66202545166016,13.916311264038086,0.2943270206451416
qwen2_5_0_5b_base,headquarters:5,headquarters,declarative,22,80.79225158691406,2.848579168319702,0.35994118452072144
qwen2_5_0_5b_base,headquarters:5,headquarters,declarative,23,292.66534423828125,11.968960762023926,0.4042462706565857
qwen2_5_0_5b_base,headquarters:5,headquarters,qa,0,4.131986618041992,0.5491880774497986,0.13889913260936737
qwen2_5_0_5b_base,headquarters:5,headquarters,qa,1,6.862607479095459,2.8226401805877686,0.1750006079673767
qwen2_5_0_5b_base,headquarters:5,headquarters,qa,2,8.904172897338867,2.3607609272003174,0.23193641006946564
qwen2_5_0_5b_base,headquarters:5,headquarters,qa,3,9.77920150756836,3.2609753608703613,0.22041456401348114
qwen2_5_0_5b_base,headquarters:5,headquarters,qa,4,10.13974380493164,2.5741822719573975,0.2124158889055252
qwen2_5_0_5b_base,headquarters:5,headquarters,qa,5,10.678711891174316,3.1750075817108154,0.20916640758514404
qwen2_5_0_5b_base,headquarters:5,headquarters,qa,6,12.238337516784668,3.0276479721069336,0.2233123481273651
qwen2_5_0_5b_base,headquarters:5,headquarters,qa,7,12.471988677978516,2.1648337841033936,0.21687151491641998
qwen2_5_0_5b_base,headquarters:5,headquarters,qa,8,12.70206356048584,2.996500253677368,0.19619284570217133
qwen2_5_0_5b_base,headquarters:5,headquarters,qa,9,13.912445068359375,2.968702793121338,0.2047564536333084
qwen2_5_0_5b_base,headquarters:5,headquarters,qa,10,13.654546737670898,3.041084051132202,0.1953229308128357
qwen2_5_0_5b_base,headquarters:5,headquarters,qa,11,15.337211608886719,2.577094316482544,0.21584199368953705
qwen2_5_0_5b_base,headquarters:5,headquarters,qa,12,15.313847541809082,3.113663673400879,0.215114563703537
qwen2_5_0_5b_base,headquarters:5,headquarters,qa,13,16.201322555541992,2.8986427783966064,0.2177632451057434
qwen2_5_0_5b_base,headquarters:5,headquarters,qa,14,19.548017501831055,5.878642559051514,0.24234020709991455
qwen2_5_0_5b_base,headquarters:5,headquarters,qa,15,22.2645320892334,5.004007816314697,0.257089227437973
qwen2_5_0_5b_base,headquarters:5,headquarters,qa,16,25.76320457458496,1.324545979499817,0.27602896094322205
qwen2_5_0_5b_base,headquarters:5,headquarters,qa,17,33.316307067871094,4.8057169914245605,0.26145055890083313
qwen2_5_0_5b_base,headquarters:5,headquarters,qa,18,37.04188537597656,3.8168840408325195,0.24849480390548706
qwen2_5_0_5b_base,headquarters:5,headquarters,qa,19,39.302894592285156,4.1348557472229,0.28671321272850037
qwen2_5_0_5b_base,headquarters:5,headquarters,qa,20,54.74335479736328,14.07531452178955,0.30600935220718384
qwen2_5_0_5b_base,headquarters:5,headquarters,qa,21,72.2739028930664,15.335664749145508,0.2934470474720001
qwen2_5_0_5b_base,headquarters:5,headquarters,qa,22,81.37045288085938,3.8786027431488037,0.36589667201042175
qwen2_5_0_5b_base,headquarters:5,headquarters,qa,23,291.5046691894531,12.881431579589844,0.40541723370552063
qwen2_5_0_5b_base,headquarters:5,headquarters,chat_template,0,3.618985176086426,0.5898066759109497,0.10441712290048599
qwen2_5_0_5b_base,headquarters:5,headquarters,chat_template,1,6.8187994956970215,2.8463947772979736,0.16781805455684662
qwen2_5_0_5b_base,headquarters:5,headquarters,chat_template,2,7.304646015167236,1.5227035284042358,0.14874222874641418
qwen2_5_0_5b_base,headquarters:5,headquarters,chat_template,3,8.325782775878906,2.2875218391418457,0.17099589109420776
qwen2_5_0_5b_base,headquarters:5,headquarters,chat_template,4,9.583382606506348,2.867952585220337,0.1933981329202652
qwen2_5_0_5b_base,headquarters:5,headquarters,chat_template,5,10.322154998779297,3.874420404434204,0.21101444959640503
qwen2_5_0_5b_base,headquarters:5,headquarters,chat_template,6,11.55022144317627,3.0504276752471924,0.2187027633190155
qwen2_5_0_5b_base,headquarters:5,headquarters,chat_template,7,12.79411506652832,3.5860962867736816,0.22182674705982208
qwen2_5_0_5b_base,headquarters:5,headquarters,chat_template,8,12.76812744140625,4.116704940795898,0.20306892693042755
qwen2_5_0_5b_base,headquarters:5,headquarters,chat_template,9,13.716866493225098,3.3000175952911377,0.20846378803253174
qwen2_5_0_5b_base,headquarters:5,headquarters,chat_template,10,14.649961471557617,4.071232318878174,0.20621030032634735
qwen2_5_0_5b_base,headquarters:5,headquarters,chat_template,11,16.04564666748047,2.417948007583618,0.22206127643585205
qwen2_5_0_5b_base,headquarters:5,headquarters,chat_template,12,15.641468048095703,3.8659870624542236,0.22285465896129608
qwen2_5_0_5b_base,headquarters:5,headquarters,chat_template,13,16.10309600830078,2.942505121231079,0.22282850742340088
qwen2_5_0_5b_base,headquarters:5,headquarters,chat_template,14,19.65604591369629,5.556036949157715,0.2459096908569336
qwen2_5_0_5b_base,headquarters:5,headquarters,chat_template,15,20.79981803894043,4.589637279510498,0.25607621669769287
qwen2_5_0_5b_base,headquarters:5,headquarters,chat_template,16,23.112430572509766,2.7729151248931885,0.287350058555603
qwen2_5_0_5b_base,headquarters:5,headquarters,chat_template,17,29.9113826751709,5.426540374755859,0.255465030670166
qwen2_5_0_5b_base,headquarters:5,headquarters,chat_template,18,33.788761138916016,3.6419785022735596,0.24535605311393738
qwen2_5_0_5b_base,headquarters:5,headquarters,chat_template,19,37.442501068115234,3.771497964859009,0.27527913451194763
qwen2_5_0_5b_base,headquarters:5,headquarters,chat_template,20,50.400779724121094,10.326338768005371,0.2868095338344574
qwen2_5_0_5b_base,headquarters:5,headquarters,chat_template,21,65.94741821289062,23.650266647338867,0.24860385060310364
qwen2_5_0_5b_base,headquarters:5,headquarters,chat_template,22,68.72247314453125,9.345879554748535,0.3157166540622711
qwen2_5_0_5b_base,headquarters:5,headquarters,chat_template,23,253.40731811523438,15.53964614868164,0.38864701986312866
qwen2_5_0_5b_base,headquarters:6,headquarters,raw_question,0,4.49760627746582,0.43969494104385376,0.13283582031726837
qwen2_5_0_5b_base,headquarters:6,headquarters,raw_question,1,7.869518280029297,2.8211586475372314,0.1680254489183426
qwen2_5_0_5b_base,headquarters:6,headquarters,raw_question,2,7.870490074157715,1.5056490898132324,0.17147468030452728
qwen2_5_0_5b_base,headquarters:6,headquarters,raw_question,3,9.596956253051758,1.864318609237671,0.1837983876466751
qwen2_5_0_5b_base,headquarters:6,headquarters,raw_question,4,10.803840637207031,2.5691637992858887,0.20900897681713104
qwen2_5_0_5b_base,headquarters:6,headquarters,raw_question,5,11.663861274719238,2.919466972351074,0.2116403579711914
qwen2_5_0_5b_base,headquarters:6,headquarters,raw_question,6,12.969795227050781,2.1899211406707764,0.21800951659679413
qwen2_5_0_5b_base,headquarters:6,headquarters,raw_question,7,14.278085708618164,2.2676398754119873,0.21380020678043365
qwen2_5_0_5b_base,headquarters:6,headquarters,raw_question,8,14.826136589050293,3.7805967330932617,0.2045421451330185
qwen2_5_0_5b_base,headquarters:6,headquarters,raw_question,9,15.645652770996094,2.786259174346924,0.20134058594703674
qwen2_5_0_5b_base,headquarters:6,headquarters,raw_question,10,15.869524002075195,3.986874580383301,0.19367727637290955
qwen2_5_0_5b_base,headquarters:6,headquarters,raw_question,11,15.60350227355957,2.6008403301239014,0.19815249741077423
qwen2_5_0_5b_base,headquarters:6,headquarters,raw_question,12,16.667112350463867,2.6806576251983643,0.202478289604187
qwen2_5_0_5b_base,headquarters:6,headquarters,raw_question,13,18.04815101623535,3.046658992767334,0.20485559105873108
qwen2_5_0_5b_base,headquarters:6,headquarters,raw_question,14,18.234386444091797,3.364570140838623,0.21744486689567566
qwen2_5_0_5b_base,headquarters:6,headquarters,raw_question,15,20.09543800354004,2.9900739192962646,0.23652373254299164
qwen2_5_0_5b_base,headquarters:6,headquarters,raw_question,16,24.23967170715332,1.0304168462753296,0.27401110529899597
qwen2_5_0_5b_base,headquarters:6,headquarters,raw_question,17,29.30689811706543,3.962357997894287,0.2633262276649475
qwen2_5_0_5b_base,headquarters:6,headquarters,raw_question,18,33.20463180541992,1.6469954252243042,0.2613068222999573
qwen2_5_0_5b_base,headquarters:6,headquarters,raw_question,19,36.906166076660156,3.086940050125122,0.2885516583919525
qwen2_5_0_5b_base,headquarters:6,headquarters,raw_question,20,49.178958892822266,8.127405166625977,0.28152576088905334
qwen2_5_0_5b_base,headquarters:6,headquarters,raw_question,21,69.73607635498047,12.470799446105957,0.24914371967315674
qwen2_5_0_5b_base,headquarters:6,headquarters,raw_question,22,74.69904327392578,5.884150981903076,0.2687845230102539
qwen2_5_0_5b_base,headquarters:6,headquarters,raw_question,23,277.7371520996094,11.735130310058594,0.35742586851119995
qwen2_5_0_5b_base,headquarters:6,headquarters,declarative,0,4.679481506347656,0.4529310166835785,0.13107985258102417
qwen2_5_0_5b_base,headquarters:6,headquarters,declarative,1,7.608357906341553,2.773186206817627,0.17314502596855164
qwen2_5_0_5b_base,headquarters:6,headquarters,declarative,2,9.13763427734375,1.8180490732192993,0.1928126960992813
qwen2_5_0_5b_base,headquarters:6,headquarters,declarative,3,10.659010887145996,2.0984315872192383,0.2116633951663971
qwen2_5_0_5b_base,headquarters:6,headquarters,declarative,4,11.501376152038574,2.9343628883361816,0.21416565775871277
qwen2_5_0_5b_base,headquarters:6,headquarters,declarative,5,12.48985767364502,3.4023497104644775,0.22007334232330322
qwen2_5_0_5b_base,headquarters:6,headquarters,declarative,6,15.678360939025879,2.652592658996582,0.22809377312660217
qwen2_5_0_5b_base,headquarters:6,headquarters,declarative,7,14.384505271911621,3.769887924194336,0.22387787699699402
qwen2_5_0_5b_base,headquarters:6,headquarters,declarative,8,14.854419708251953,4.162703990936279,0.21320727467536926
qwen2_5_0_5b_base,headquarters:6,headquarters,declarative,9,14.971443176269531,2.541309356689453,0.20708519220352173
qwen2_5_0_5b_base,headquarters:6,headquarters,declarative,10,15.760722160339355,3.8518989086151123,0.21488302946090698
qwen2_5_0_5b_base,headquarters:6,headquarters,declarative,11,15.642751693725586,2.6156764030456543,0.20718146860599518
qwen2_5_0_5b_base,headquarters:6,headquarters,declarative,12,17.68269920349121,3.208242177963257,0.2095017433166504
qwen2_5_0_5b_base,headquarters:6,headquarters,declarative,13,18.467147827148438,2.299839496612549,0.2001446634531021
qwen2_5_0_5b_base,headquarters:6,headquarters,declarative,14,19.743011474609375,4.112899303436279,0.2247958928346634
qwen2_5_0_5b_base,headquarters:6,headquarters,declarative,15,22.165176391601562,3.6031653881073,0.2513693869113922
qwen2_5_0_5b_base,headquarters:6,headquarters,declarative,16,25.963321685791016,0.6674519181251526,0.27293580770492554
qwen2_5_0_5b_base,headquarters:6,headquarters,declarative,17,31.072023391723633,5.736603260040283,0.24627938866615295
qwen2_5_0_5b_base,headquarters:6,headquarters,declarative,18,35.4277229309082,2.7944607734680176,0.24976806342601776
qwen2_5_0_5b_base,headquarters:6,headquarters,declarative,19,39.505741119384766,3.993008852005005,0.28357166051864624
qwen2_5_0_5b_base,headquarters:6,headquarters,declarative,20,54.31922149658203,13.14890193939209,0.30963629484176636
qwen2_5_0_5b_base,headquarters:6,headquarters,declarative,21,74.4429931640625,12.72177505493164,0.3039873540401459
qwen2_5_0_5b_base,headquarters:6,headquarters,declarative,22,83.77605438232422,3.046726703643799,0.3961758315563202
qwen2_5_0_5b_base,headquarters:6,headquarters,declarative,23,278.93450927734375,10.607601165771484,0.43273061513900757
qwen2_5_0_5b_base,headquarters:6,headquarters,qa,0,4.080043792724609,0.5540794730186462,0.1367589235305786
qwen2_5_0_5b_base,headquarters:6,headquarters,qa,1,6.819208145141602,2.810614585876465,0.17413148283958435
qwen2_5_0_5b_base,headquarters:6,headquarters,qa,2,8.932530403137207,2.3992724418640137,0.23259484767913818
qwen2_5_0_5b_base,headquarters:6,headquarters,qa,3,9.753486633300781,3.3016469478607178,0.22117413580417633
qwen2_5_0_5b_base,headquarters:6,headquarters,qa,4,10.177359580993652,2.6094889640808105,0.21289268136024475
qwen2_5_0_5b_base,headquarters:6,headquarters,qa,5,10.790237426757812,3.2216989994049072,0.21029217541217804
qwen2_5_0_5b_base,headquarters:6,headquarters,qa,6,12.379888534545898,2.9789135456085205,0.2233697772026062
qwen2_5_0_5b_base,headquarters:6,headquarters,qa,7,12.529232025146484,2.1858224868774414,0.21812449395656586
qwen2_5_0_5b_base,headquarters:6,headquarters,qa,8,12.737229347229004,2.970658779144287,0.19793178141117096
qwen2_5_0_5b_base,headquarters:6,headquarters,qa,9,13.936149597167969,2.909057855606079,0.20525579154491425
qwen2_5_0_5b_base,headquarters:6,headquarters,qa,10,13.590852737426758,3.0727994441986084,0.19521740078926086
qwen2_5_0_5b_base,headquarters:6,headquarters,qa,11,15.293780326843262,2.5605807304382324,0.21572990715503693
qwen2_5_0_5b_base,headquarters:6,headquarters,qa,12,15.128145217895508,3.1121304035186768,0.21482360363006592
qwen2_5_0_5b_base,headquarters:6,headquarters,qa,13,16.1365909576416,2.8407864570617676,0.21690569818019867
qwen2_5_0_5b_base,headquarters:6,headquarters,qa,14,19.52359390258789,5.860264778137207,0.2411613017320633
qwen2_5_0_5b_base,headquarters:6,headquarters,qa,15,22.1760196685791,4.76283073425293,0.25683650374412537
qwen2_5_0_5b_base,headquarters:6,headquarters,qa,16,25.758638381958008,1.349852442741394,0.27655500173568726
qwen2_5_0_5b_base,headquarters:6,headquarters,qa,17,33.548492431640625,4.8979692459106445,0.26116010546684265
qwen2_5_0_5b_base,headquarters:6,headquarters,qa,18,36.68461227416992,3.5955097675323486,0.24771519005298615
qwen2_5_0_5b_base,headquarters:6,headquarters,qa,19,39.293609619140625,4.141683101654053,0.28665563464164734
qwen2_5_0_5b_base,headquarters:6,headquarters,qa,20,56.1103401184082,14.571953773498535,0.30725976824760437
qwen2_5_0_5b_base,headquarters:6,headquarters,qa,21,76.20339965820312,12.98647403717041,0.29033806920051575
qwen2_5_0_5b_base,headquarters:6,headquarters,qa,22,83.10543060302734,4.281006813049316,0.35698914527893066
qwen2_5_0_5b_base,headquarters:6,headquarters,qa,23,293.8736572265625,12.36738109588623,0.40564531087875366
qwen2_5_0_5b_base,headquarters:6,headquarters,chat_template,0,3.616628408432007,0.5900914669036865,0.10450936108827591
qwen2_5_0_5b_base,headquarters:6,headquarters,chat_template,1,6.821975231170654,2.8407318592071533,0.1673668622970581
qwen2_5_0_5b_base,headquarters:6,headquarters,chat_template,2,7.309951305389404,1.5326687097549438,0.14854182302951813
qwen2_5_0_5b_base,headquarters:6,headquarters,chat_template,3,8.340228080749512,2.300011157989502,0.17109644412994385
qwen2_5_0_5b_base,headquarters:6,headquarters,chat_template,4,9.591490745544434,2.8633837699890137,0.1936698704957962
qwen2_5_0_5b_base,headquarters:6,headquarters,chat_template,5,10.339310646057129,3.9038004875183105,0.21134556829929352
qwen2_5_0_5b_base,headquarters:6,headquarters,chat_template,6,11.644523620605469,2.972440242767334,0.21844372153282166
qwen2_5_0_5b_base,headquarters:6,headquarters,chat_template,7,12.86452579498291,3.6518259048461914,0.22296784818172455
qwen2_5_0_5b_base,headquarters:6,headquarters,chat_template,8,12.786293029785156,4.1652607917785645,0.20368486642837524
qwen2_5_0_5b_base,headquarters:6,headquarters,chat_template,9,13.767857551574707,3.2118654251098633,0.20944899320602417
qwen2_5_0_5b_base,headquarters:6,headquarters,chat_template,10,14.535545349121094,4.000809669494629,0.2055056393146515
qwen2_5_0_5b_base,headquarters:6,headquarters,chat_template,11,16.024080276489258,2.4007697105407715,0.2210289090871811
qwen2_5_0_5b_base,headquarters:6,headquarters,chat_template,12,15.695838928222656,3.8824684619903564,0.22325831651687622
qwen2_5_0_5b_base,headquarters:6,headquarters,chat_template,13,16.09161376953125,2.8857171535491943,0.22174584865570068
qwen2_5_0_5b_base,headquarters:6,headquarters,chat_template,14,19.628366470336914,5.395534992218018,0.24482154846191406
qwen2_5_0_5b_base,headquarters:6,headquarters,chat_template,15,20.681108474731445,4.53816032409668,0.2557644546031952
qwen2_5_0_5b_base,headquarters:6,headquarters,chat_template,16,22.961618423461914,2.782005548477173,0.28593066334724426
qwen2_5_0_5b_base,headquarters:6,headquarters,chat_template,17,29.865367889404297,5.3147807121276855,0.2551122307777405
qwen2_5_0_5b_base,headquarters:6,headquarters,chat_template,18,33.95515823364258,3.720935821533203,0.244118332862854
qwen2_5_0_5b_base,headquarters:6,headquarters,chat_template,19,37.693382263183594,3.944580316543579,0.27438580989837646
qwen2_5_0_5b_base,headquarters:6,headquarters,chat_template,20,50.86550521850586,10.517203330993652,0.28725123405456543
qwen2_5_0_5b_base,headquarters:6,headquarters,chat_template,21,66.83934783935547,21.794191360473633,0.2501460015773773
qwen2_5_0_5b_base,headquarters:6,headquarters,chat_template,22,69.94105529785156,10.271239280700684,0.3143124282360077
qwen2_5_0_5b_base,headquarters:6,headquarters,chat_template,23,259.45831298828125,14.846884727478027,0.3915732800960541
qwen2_5_0_5b_base,headquarters:7,headquarters,raw_question,0,4.394009113311768,0.45750269293785095,0.13230302929878235
qwen2_5_0_5b_base,headquarters:7,headquarters,raw_question,1,7.751541614532471,2.7479958534240723,0.16947196424007416
qwen2_5_0_5b_base,headquarters:7,headquarters,raw_question,2,7.8206329345703125,1.5290918350219727,0.17301492393016815
qwen2_5_0_5b_base,headquarters:7,headquarters,raw_question,3,9.444876670837402,1.9343754053115845,0.1815534383058548
qwen2_5_0_5b_base,headquarters:7,headquarters,raw_question,4,10.396124839782715,2.6267917156219482,0.20669956505298615
qwen2_5_0_5b_base,headquarters:7,headquarters,raw_question,5,11.629659652709961,3.166755437850952,0.21625398099422455
qwen2_5_0_5b_base,headquarters:7,headquarters,raw_question,6,12.898090362548828,2.5282177925109863,0.2191418558359146
qwen2_5_0_5b_base,headquarters:7,headquarters,raw_question,7,14.107057571411133,2.569974899291992,0.21308216452598572
qwen2_5_0_5b_base,headquarters:7,headquarters,raw_question,8,14.875805854797363,4.3093743324279785,0.2053443044424057
qwen2_5_0_5b_base,headquarters:7,headquarters,raw_question,9,15.566065788269043,2.7391815185546875,0.20239566266536713
qwen2_5_0_5b_base,headquarters:7,headquarters,raw_question,10,15.878931045532227,3.827847957611084,0.1946876049041748
qwen2_5_0_5b_base,headquarters:7,headquarters,raw_question,11,15.225441932678223,2.49361252784729,0.19379043579101562
qwen2_5_0_5b_base,headquarters:7,headquarters,raw_question,12,16.418424606323242,2.7580113410949707,0.20028921961784363
qwen2_5_0_5b_base,headquarters:7,headquarters,raw_question,13,17.72528839111328,2.96618390083313,0.19950933754444122
qwen2_5_0_5b_base,headquarters:7,headquarters,raw_question,14,18.084718704223633,3.473595380783081,0.21411286294460297
qwen2_5_0_5b_base,headquarters:7,headquarters,raw_question,15,20.111223220825195,2.7947537899017334,0.23303867876529694
qwen2_5_0_5b_base,headquarters:7,headquarters,raw_question,16,24.362735748291016,1.001131296157837,0.2695036828517914
qwen2_5_0_5b_base,headquarters:7,headquarters,raw_question,17,29.451345443725586,4.017588138580322,0.2530451714992523
qwen2_5_0_5b_base,headquarters:7,headquarters,raw_question,18,33.463592529296875,1.6761397123336792,0.24716879427433014
qwen2_5_0_5b_base,headquarters:7,headquarters,raw_question,19,37.833351135253906,3.37441349029541,0.27934402227401733
qwen2_5_0_5b_base,headquarters:7,headquarters,raw_question,20,51.84849548339844,7.939949989318848,0.28005510568618774
qwen2_5_0_5b_base,headquarters:7,headquarters,raw_question,21,73.776123046875,11.389185905456543,0.2458408772945404
qwen2_5_0_5b_base,headquarters:7,headquarters,raw_question,22,77.79987335205078,6.5329179763793945,0.2714376449584961
qwen2_5_0_5b_base,headquarters:7,headquarters,raw_question,23,281.93988037109375,13.161275863647461,0.3749784529209137
qwen2_5_0_5b_base,headquarters:7,headquarters,declarative,0,4.623343467712402,0.45637091994285583,0.12872131168842316
qwen2_5_0_5b_base,headquarters:7,headquarters,declarative,1,7.462456226348877,2.7952780723571777,0.17285820841789246
qwen2_5_0_5b_base,headquarters:7,headquarters,declarative,2,9.182682991027832,1.8912876844406128,0.19361229240894318
qwen2_5_0_5b_base,headquarters:7,headquarters,declarative,3,10.761189460754395,2.067997694015503,0.21173110604286194
qwen2_5_0_5b_base,headquarters:7,headquarters,declarative,4,11.837288856506348,3.0961406230926514,0.21644702553749084
qwen2_5_0_5b_base,headquarters:7,headquarters,declarative,5,12.662514686584473,3.4743824005126953,0.22103673219680786
qwen2_5_0_5b_base,headquarters:7,headquarters,declarative,6,15.497880935668945,2.4950056076049805,0.2301824688911438
qwen2_5_0_5b_base,headquarters:7,headquarters,declarative,7,13.942051887512207,3.87160325050354,0.22299641370773315
qwen2_5_0_5b_base,headquarters:7,headquarters,declarative,8,14.4494047164917,4.048114776611328,0.21108007431030273
qwen2_5_0_5b_base,headquarters:7,headquarters,declarative,9,14.618325233459473,2.402998447418213,0.2061448097229004
qwen2_5_0_5b_base,headquarters:7,headquarters,declarative,10,15.354790687561035,3.724987506866455,0.21407905220985413
qwen2_5_0_5b_base,headquarters:7,headquarters,declarative,11,15.465644836425781,2.7096364498138428,0.2079816311597824
qwen2_5_0_5b_base,headquarters:7,headquarters,declarative,12,17.092798233032227,3.512939929962158,0.21319971978664398
qwen2_5_0_5b_base,headquarters:7,headquarters,declarative,13,17.836584091186523,2.1137096881866455,0.20305174589157104
qwen2_5_0_5b_base,headquarters:7,headquarters,declarative,14,19.174510955810547,4.2920331954956055,0.2286716252565384
qwen2_5_0_5b_base,headquarters:7,headquarters,declarative,15,21.482675552368164,3.3408195972442627,0.2527889609336853
qwen2_5_0_5b_base,headquarters:7,headquarters,declarative,16,24.96835708618164,0.6461589932441711,0.27494847774505615
qwen2_5_0_5b_base,headquarters:7,headquarters,declarative,17,30.549448013305664,5.996298789978027,0.24712790548801422
qwen2_5_0_5b_base,headquarters:7,headquarters,declarative,18,34.90605926513672,2.939528465270996,0.253120481967926
qwen2_5_0_5b_base,headquarters:7,headquarters,declarative,19,39.22185516357422,3.8058204650878906,0.2859172224998474
qwen2_5_0_5b_base,headquarters:7,headquarters,declarative,20,54.03643798828125,9.428053855895996,0.30597996711730957
qwen2_5_0_5b_base,headquarters:7,headquarters,declarative,21,74.780517578125,8.735616683959961,0.2853285074234009
qwen2_5_0_5b_base,headquarters:7,headquarters,declarative,22,82.27022552490234,2.4764456748962402,0.3338194787502289
qwen2_5_0_5b_base,headquarters:7,headquarters,declarative,23,298.8396911621094,10.999999046325684,0.3866730034351349
qwen2_5_0_5b_base,headquarters:7,headquarters,qa,0,4.111086845397949,0.5577681660652161,0.13644883036613464
qwen2_5_0_5b_base,headquarters:7,headquarters,qa,1,6.857338905334473,2.795048713684082,0.17334578931331635
qwen2_5_0_5b_base,headquarters:7,headquarters,qa,2,8.89037036895752,2.4085841178894043,0.23155494034290314
qwen2_5_0_5b_base,headquarters:7,headquarters,qa,3,9.727351188659668,3.230632781982422,0.22080190479755402
qwen2_5_0_5b_base,headquarters:7,headquarters,qa,4,10.198201179504395,2.595982789993286,0.21284888684749603
qwen2_5_0_5b_base,headquarters:7,headquarters,qa,5,10.786498069763184,3.096597194671631,0.21056215465068817
qwen2_5_0_5b_base,headquarters:7,headquarters,qa,6,12.388507843017578,2.8482723236083984,0.2224881500005722
qwen2_5_0_5b_base,headquarters:7,headquarters,qa,7,12.493008613586426,2.3205862045288086,0.21834363043308258
qwen2_5_0_5b_base,headquarters:7,headquarters,qa,8,12.68629264831543,3.048788070678711,0.1987108588218689
qwen2_5_0_5b_base,headquarters:7,headquarters,qa,9,14.00027084350586,2.935650110244751,0.20733286440372467
qwen2_5_0_5b_base,headquarters:7,headquarters,qa,10,13.465841293334961,3.127603054046631,0.1961953490972519
qwen2_5_0_5b_base,headquarters:7,headquarters,qa,11,15.376830101013184,2.569498300552368,0.2159387171268463
qwen2_5_0_5b_base,headquarters:7,headquarters,qa,12,15.042180061340332,3.241175651550293,0.21493549644947052
qwen2_5_0_5b_base,headquarters:7,headquarters,qa,13,16.072498321533203,2.805384874343872,0.21531951427459717
qwen2_5_0_5b_base,headquarters:7,headquarters,qa,14,19.226831436157227,5.542972564697266,0.24034906923770905
qwen2_5_0_5b_base,headquarters:7,headquarters,qa,15,21.59440803527832,4.470618724822998,0.2540931701660156
qwen2_5_0_5b_base,headquarters:7,headquarters,qa,16,25.087839126586914,1.3116668462753296,0.2731626331806183
qwen2_5_0_5b_base,headquarters:7,headquarters,qa,17,32.01473617553711,4.758547782897949,0.2591262459754944
qwen2_5_0_5b_base,headquarters:7,headquarters,qa,18,35.57978057861328,3.1386008262634277,0.24507534503936768
qwen2_5_0_5b_base,headquarters:7,headquarters,qa,19,39.01890563964844,4.090481281280518,0.2872156798839569
qwen2_5_0_5b_base,headquarters:7,headquarters,qa,20,54.50566101074219,11.870619773864746,0.3034151494503021
qwen2_5_0_5b_base,headquarters:7,headquarters,qa,21,76.3058090209961,10.940171241760254,0.26862040162086487
qwen2_5_0_5b_base,headquarters:7,headquarters,qa,22,82.20125579833984,6.776538848876953,0.3078729510307312
qwen2_5_0_5b_base,headquarters:7,headquarters,qa,23,304.2922058105469,14.713729858398438,0.3807480037212372
qwen2_5_0_5b_base,headquarters:7,headquarters,chat_template,0,3.6204781532287598,0.5898895263671875,0.10442610085010529
qwen2_5_0_5b_base,headquarters:7,headquarters,chat_template,1,6.829235076904297,2.8437857627868652,0.16772234439849854
qwen2_5_0_5b_base,headquarters:7,headquarters,chat_template,2,7.318593502044678,1.529044508934021,0.14848749339580536
qwen2_5_0_5b_base,headquarters:7,headquarters,chat_template,3,8.360204696655273,2.314462661743164,0.1709977686405182
qwen2_5_0_5b_base,headquarters:7,headquarters,chat_template,4,9.545754432678223,2.8858799934387207,0.1939471960067749
qwen2_5_0_5b_base,headquarters:7,headquarters,chat_template,5,10.283259391784668,3.861811399459839,0.21078747510910034
qwen2_5_0_5b_base,headquarters:7,headquarters,chat_template,6,11.52956771850586,3.040327787399292,0.21755549311637878
qwen2_5_0_5b_base,headquarters:7,headquarters,chat_template,7,12.884856224060059,3.505779504776001,0.22245235741138458
qwen2_5_0_5b_base,headquarters:7,headquarters,chat_template,8,12.847914695739746,4.1743268966674805,0.2038349062204361
qwen2_5_0_5b_base,headquarters:7,headquarters,chat_template,9,13.73355484008789,3.2055890560150146,0.21088118851184845
qwen2_5_0_5b_base,headquarters:7,headquarters,chat_template,10,14.50057601928711,4.099061489105225,0.20614594221115112
qwen2_5_0_5b_base,headquarters:7,headquarters,chat_template,11,16.07440948486328,2.404815673828125,0.2225203961133957
qwen2_5_0_5b_base,headquarters:7,headquarters,chat_template,12,15.723363876342773,3.8833768367767334,0.2235046923160553
qwen2_5_0_5b_base,headquarters:7,headquarters,chat_template,13,16.011686325073242,2.8852367401123047,0.22123251855373383
qwen2_5_0_5b_base,headquarters:7,headquarters,chat_template,14,19.520835876464844,5.596256732940674,0.2430272400379181
qwen2_5_0_5b_base,headquarters:7,headquarters,chat_template,15,20.50229263305664,4.514913082122803,0.2549743056297302
qwen2_5_0_5b_base,headquarters:7,headquarters,chat_template,16,22.73967170715332,2.487936496734619,0.2840489149093628
qwen2_5_0_5b_base,headquarters:7,headquarters,chat_template,17,29.544445037841797,5.280070781707764,0.25351375341415405
qwen2_5_0_5b_base,headquarters:7,headquarters,chat_template,18,33.63945007324219,3.6759841442108154,0.24341587722301483
qwen2_5_0_5b_base,headquarters:7,headquarters,chat_template,19,37.32577896118164,3.94197940826416,0.2737933099269867
qwen2_5_0_5b_base,headquarters:7,headquarters,chat_template,20,50.485408782958984,10.12669563293457,0.28799399733543396
qwen2_5_0_5b_base,headquarters:7,headquarters,chat_template,21,67.27230834960938,21.865581512451172,0.25039219856262207
qwen2_5_0_5b_base,headquarters:7,headquarters,chat_template,22,69.91889953613281,10.432966232299805,0.31449469923973083
qwen2_5_0_5b_base,headquarters:7,headquarters,chat_template,23,257.1490783691406,18.046524047851562,0.39565423130989075
qwen2_5_0_5b_base,headquarters:8,headquarters,raw_question,0,4.556886672973633,0.4393916130065918,0.13543403148651123
qwen2_5_0_5b_base,headquarters:8,headquarters,raw_question,1,7.950869083404541,2.8709399700164795,0.16846276819705963
qwen2_5_0_5b_base,headquarters:8,headquarters,raw_question,2,7.986949920654297,1.5167673826217651,0.1720649003982544
qwen2_5_0_5b_base,headquarters:8,headquarters,raw_question,3,9.640222549438477,1.892057180404663,0.1844647377729416
qwen2_5_0_5b_base,headquarters:8,headquarters,raw_question,4,10.762236595153809,2.440446376800537,0.2099786251783371
qwen2_5_0_5b_base,headquarters:8,headquarters,raw_question,5,11.585691452026367,2.9700815677642822,0.2116100937128067
qwen2_5_0_5b_base,headquarters:8,headquarters,raw_question,6,12.74764347076416,2.2461817264556885,0.21845506131649017
qwen2_5_0_5b_base,headquarters:8,headquarters,raw_question,7,14.113465309143066,2.3605823516845703,0.21366965770721436
qwen2_5_0_5b_base,headquarters:8,headquarters,raw_question,8,14.491289138793945,3.6554675102233887,0.20316974818706512
qwen2_5_0_5b_base,headquarters:8,headquarters,raw_question,9,15.411138534545898,2.821580171585083,0.20331816375255585
qwen2_5_0_5b_base,headquarters:8,headquarters,raw_question,10,15.829773902893066,3.9938042163848877,0.19531303644180298
qwen2_5_0_5b_base,headquarters:8,headquarters,raw_question,11,15.678139686584473,2.617574691772461,0.20114462077617645
qwen2_5_0_5b_base,headquarters:8,headquarters,raw_question,12,16.811262130737305,2.6856470108032227,0.20574721693992615
qwen2_5_0_5b_base,headquarters:8,headquarters,raw_question,13,18.209192276000977,3.0303242206573486,0.20774690806865692
qwen2_5_0_5b_base,headquarters:8,headquarters,raw_question,14,18.27355194091797,3.5267889499664307,0.21991561353206635
qwen2_5_0_5b_base,headquarters:8,headquarters,raw_question,15,20.210811614990234,2.961799144744873,0.23829489946365356
qwen2_5_0_5b_base,headquarters:8,headquarters,raw_question,16,24.399913787841797,1.0916063785552979,0.2741696834564209
qwen2_5_0_5b_base,headquarters:8,headquarters,raw_question,17,29.53609848022461,3.9502131938934326,0.2627367675304413
qwen2_5_0_5b_base,headquarters:8,headquarters,raw_question,18,33.44334030151367,1.5999845266342163,0.25999635457992554
qwen2_5_0_5b_base,headquarters:8,headquarters,raw_question,19,37.37717819213867,3.117349147796631,0.2868649959564209
qwen2_5_0_5b_base,headquarters:8,headquarters,raw_question,20,49.075782775878906,7.400590419769287,0.2788473963737488
qwen2_5_0_5b_base,headquarters:8,headquarters,raw_question,21,69.3886947631836,11.228838920593262,0.24733588099479675
qwen2_5_0_5b_base,headquarters:8,headquarters,raw_question,22,74.67613983154297,2.959749221801758,0.2678242325782776
qwen2_5_0_5b_base,headquarters:8,headquarters,raw_question,23,270.8379821777344,10.947352409362793,0.35751768946647644
qwen2_5_0_5b_base,headquarters:8,headquarters,declarative,0,4.684663772583008,0.4476022720336914,0.13101081550121307
qwen2_5_0_5b_base,headquarters:8,headquarters,declarative,1,7.65289831161499,2.8358280658721924,0.1748710423707962
qwen2_5_0_5b_base,headquarters:8,headquarters,declarative,2,9.197397232055664,1.7944012880325317,0.19311659038066864
qwen2_5_0_5b_base,headquarters:8,headquarters,declarative,3,10.595460891723633,2.0824925899505615,0.2115342766046524
qwen2_5_0_5b_base,headquarters:8,headquarters,declarative,4,11.572561264038086,2.791226387023926,0.21455053985118866
qwen2_5_0_5b_base,headquarters:8,headquarters,declarative,5,12.343907356262207,3.4329745769500732,0.22018836438655853
qwen2_5_0_5b_base,headquarters:8,headquarters,declarative,6,15.887228012084961,2.7085812091827393,0.2268916666507721
qwen2_5_0_5b_base,headquarters:8,headquarters,declarative,7,14.551152229309082,3.9076263904571533,0.2247295379638672
qwen2_5_0_5b_base,headquarters:8,headquarters,declarative,8,15.077798843383789,4.231269836425781,0.21232733130455017
qwen2_5_0_5b_base,headquarters:8,headquarters,declarative,9,15.174680709838867,2.466689109802246,0.20832882821559906
qwen2_5_0_5b_base,headquarters:8,headquarters,declarative,10,16.132659912109375,4.028789520263672,0.21645912528038025
qwen2_5_0_5b_base,headquarters:8,headquarters,declarative,11,15.8888578414917,2.6813294887542725,0.21036261320114136
qwen2_5_0_5b_base,headquarters:8,headquarters,declarative,12,17.726150512695312,3.331749200820923,0.21271401643753052
qwen2_5_0_5b_base,headquarters:8,headquarters,declarative,13,18.38658332824707,2.229250192642212,0.20283198356628418
qwen2_5_0_5b_base,headquarters:8,headquarters,declarative,14,19.834365844726562,4.030688285827637,0.2265729457139969
qwen2_5_0_5b_base,headquarters:8,headquarters,declarative,15,22.640869140625,3.655133008956909,0.25195273756980896
qwen2_5_0_5b_base,headquarters:8,headquarters,declarative,16,26.186872482299805,0.649178683757782,0.2739972770214081
qwen2_5_0_5b_base,headquarters:8,headquarters,declarative,17,31.464263916015625,5.652193546295166,0.2464139312505722
qwen2_5_0_5b_base,headquarters:8,headquarters,declarative,18,35.849761962890625,3.1613495349884033,0.25230512022972107
qwen2_5_0_5b_base,headquarters:8,headquarters,declarative,19,40.056941986083984,4.111032009124756,0.28431710600852966
qwen2_5_0_5b_base,headquarters:8,headquarters,declarative,20,53.76325607299805,11.685046195983887,0.3048832416534424
qwen2_5_0_5b_base,headquarters:8,headquarters,declarative,21,72.48664093017578,14.828238487243652,0.2945428192615509
qwen2_5_0_5b_base,headquarters:8,headquarters,declarative,22,81.44554901123047,3.2260582447052,0.3590901494026184
qwen2_5_0_5b_base,headquarters:8,headquarters,declarative,23,277.81097412109375,10.70624828338623,0.39811229705810547
qwen2_5_0_5b_base,headquarters:8,headquarters,qa,0,4.114896774291992,0.5524969100952148,0.13913148641586304
qwen2_5_0_5b_base,headquarters:8,headquarters,qa,1,6.848990440368652,2.808112144470215,0.17460523545742035
qwen2_5_0_5b_base,headquarters:8,headquarters,qa,2,8.831655502319336,2.369842767715454,0.23171161115169525
qwen2_5_0_5b_base,headquarters:8,headquarters,qa,3,9.73857307434082,3.287562608718872,0.22010931372642517
qwen2_5_0_5b_base,headquarters:8,headquarters,qa,4,10.168339729309082,2.6058218479156494,0.2129712849855423
qwen2_5_0_5b_base,headquarters:8,headquarters,qa,5,10.66192626953125,3.1787703037261963,0.2100253850221634
qwen2_5_0_5b_base,headquarters:8,headquarters,qa,6,12.132681846618652,2.8724050521850586,0.22285421192646027
qwen2_5_0_5b_base,headquarters:8,headquarters,qa,7,12.395943641662598,2.207047462463379,0.21824128925800323
qwen2_5_0_5b_base,headquarters:8,headquarters,qa,8,12.68503475189209,3.0336291790008545,0.19728216528892517
qwen2_5_0_5b_base,headquarters:8,headquarters,qa,9,13.96195125579834,2.996074676513672,0.20705652236938477
qwen2_5_0_5b_base,headquarters:8,headquarters,qa,10,13.520135879516602,3.0918266773223877,0.1954236477613449
qwen2_5_0_5b_base,headquarters:8,headquarters,qa,11,15.494251251220703,2.540611982345581,0.217201828956604
qwen2_5_0_5b_base,headquarters:8,headquarters,qa,12,15.24851131439209,3.1463942527770996,0.21683506667613983
qwen2_5_0_5b_base,headquarters:8,headquarters,qa,13,16.08222007751465,2.945734977722168,0.21734589338302612
qwen2_5_0_5b_base,headquarters:8,headquarters,qa,14,19.4604434967041,5.875274658203125,0.24098777770996094
qwen2_5_0_5b_base,headquarters:8,headquarters,qa,15,22.093969345092773,4.751979827880859,0.25633952021598816
qwen2_5_0_5b_base,headquarters:8,headquarters,qa,16,25.560871124267578,1.5358564853668213,0.27601853013038635
qwen2_5_0_5b_base,headquarters:8,headquarters,qa,17,32.88385009765625,4.769928932189941,0.2607511579990387
qwen2_5_0_5b_base,headquarters:8,headquarters,qa,18,36.301673889160156,3.365708351135254,0.24882858991622925
qwen2_5_0_5b_base,headquarters:8,headquarters,qa,19,38.90029525756836,4.300195693969727,0.2869655191898346
qwen2_5_0_5b_base,headquarters:8,headquarters,qa,20,54.39571762084961,13.577264785766602,0.3056330978870392
qwen2_5_0_5b_base,headquarters:8,headquarters,qa,21,72.44486236572266,16.15826416015625,0.2844575047492981
qwen2_5_0_5b_base,headquarters:8,headquarters,qa,22,80.78413391113281,2.8704967498779297,0.3487504720687866
qwen2_5_0_5b_base,headquarters:8,headquarters,qa,23,293.1759948730469,11.674286842346191,0.39411669969558716
qwen2_5_0_5b_base,headquarters:8,headquarters,chat_template,0,3.6196696758270264,0.5896836519241333,0.1046527773141861
qwen2_5_0_5b_base,headquarters:8,headquarters,chat_template,1,6.813488483428955,2.841876983642578,0.1676321029663086
qwen2_5_0_5b_base,headquarters:8,headquarters,chat_template,2,7.302182674407959,1.5256205797195435,0.14847426116466522
qwen2_5_0_5b_base,headquarters:8,headquarters,chat_template,3,8.36059856414795,2.3159360885620117,0.17102330923080444
qwen2_5_0_5b_base,headquarters:8,headquarters,chat_template,4,9.562697410583496,2.859367609024048,0.19383583962917328
qwen2_5_0_5b_base,headquarters:8,headquarters,chat_template,5,10.392824172973633,3.918121814727783,0.2113022804260254
qwen2_5_0_5b_base,headquarters:8,headquarters,chat_template,6,11.588545799255371,3.0069539546966553,0.21963295340538025
qwen2_5_0_5b_base,headquarters:8,headquarters,chat_template,7,12.71509075164795,3.6172051429748535,0.2226954698562622
qwen2_5_0_5b_base,headquarters:8,headquarters,chat_template,8,12.660637855529785,4.063694477081299,0.20157063007354736
qwen2_5_0_5b_base,headquarters:8,headquarters,chat_template,9,13.642435073852539,3.3790860176086426,0.20808500051498413
qwen2_5_0_5b_base,headquarters:8,headquarters,chat_template,10,14.545522689819336,4.100232124328613,0.20649516582489014
qwen2_5_0_5b_base,headquarters:8,headquarters,chat_template,11,15.892614364624023,2.4353668689727783,0.2215757817029953
qwen2_5_0_5b_base,headquarters:8,headquarters,chat_template,12,15.622513771057129,3.8633387088775635,0.22261343896389008
qwen2_5_0_5b_base,headquarters:8,headquarters,chat_template,13,16.03147315979004,2.9232401847839355,0.2225683331489563
qwen2_5_0_5b_base,headquarters:8,headquarters,chat_template,14,19.559192657470703,5.658654689788818,0.24549494683742523
qwen2_5_0_5b_base,headquarters:8,headquarters,chat_template,15,20.779979705810547,4.58844518661499,0.256217896938324
qwen2_5_0_5b_base,headquarters:8,headquarters,chat_template,16,22.99640464782715,2.7917556762695312,0.28587955236434937
qwen2_5_0_5b_base,headquarters:8,headquarters,chat_template,17,29.742801666259766,5.3048529624938965,0.25482118129730225
qwen2_5_0_5b_base,headquarters:8,headquarters,chat_template,18,33.699790954589844,3.705397844314575,0.24463902413845062
qwen2_5_0_5b_base,headquarters:8,headquarters,chat_template,19,37.43720626831055,3.9137792587280273,0.27374720573425293
qwen2_5_0_5b_base,headquarters:8,headquarters,chat_template,20,50.47614288330078,10.763606071472168,0.2860407531261444
qwen2_5_0_5b_base,headquarters:8,headquarters,chat_template,21,67.0006332397461,23.51935386657715,0.24975869059562683
qwen2_5_0_5b_base,headquarters:8,headquarters,chat_template,22,69.45020294189453,6.552881717681885,0.3148688077926636
qwen2_5_0_5b_base,headquarters:8,headquarters,chat_template,23,259.4288330078125,14.708352088928223,0.39723989367485046
qwen2_5_0_5b_base,headquarters:9,headquarters,raw_question,0,4.575339317321777,0.43756529688835144,0.1327376812696457
qwen2_5_0_5b_base,headquarters:9,headquarters,raw_question,1,8.060417175292969,2.8458948135375977,0.16827397048473358
qwen2_5_0_5b_base,headquarters:9,headquarters,raw_question,2,8.014608383178711,1.5241847038269043,0.17124833166599274
qwen2_5_0_5b_base,headquarters:9,headquarters,raw_question,3,9.64814567565918,1.8806719779968262,0.18429125845432281
qwen2_5_0_5b_base,headquarters:9,headquarters,raw_question,4,10.948912620544434,2.6902883052825928,0.21157214045524597
qwen2_5_0_5b_base,headquarters:9,headquarters,raw_question,5,11.902871131896973,2.9919517040252686,0.21173958480358124
qwen2_5_0_5b_base,headquarters:9,headquarters,raw_question,6,13.06029987335205,2.28804087638855,0.21855294704437256
qwen2_5_0_5b_base,headquarters:9,headquarters,raw_question,7,14.20656967163086,2.327885389328003,0.21436844766139984
qwen2_5_0_5b_base,headquarters:9,headquarters,raw_question,8,14.79941177368164,3.6114089488983154,0.20200853049755096
qwen2_5_0_5b_base,headquarters:9,headquarters,raw_question,9,15.574600219726562,2.7935521602630615,0.20074373483657837
qwen2_5_0_5b_base,headquarters:9,headquarters,raw_question,10,15.961094856262207,3.9975407123565674,0.19406715035438538
qwen2_5_0_5b_base,headquarters:9,headquarters,raw_question,11,15.438377380371094,2.63195538520813,0.19581083953380585
qwen2_5_0_5b_base,headquarters:9,headquarters,raw_question,12,16.53736114501953,2.584437847137451,0.1989898681640625
qwen2_5_0_5b_base,headquarters:9,headquarters,raw_question,13,18.084732055664062,2.9955410957336426,0.20165196061134338
qwen2_5_0_5b_base,headquarters:9,headquarters,raw_question,14,18.380859375,3.282752513885498,0.21722650527954102
qwen2_5_0_5b_base,headquarters:9,headquarters,raw_question,15,20.48444366455078,2.8978042602539062,0.2369980812072754
qwen2_5_0_5b_base,headquarters:9,headquarters,raw_question,16,24.739282608032227,0.9966233968734741,0.27400678396224976
qwen2_5_0_5b_base,headquarters:9,headquarters,raw_question,17,29.82951545715332,3.966336250305176,0.2590447962284088
qwen2_5_0_5b_base,headquarters:9,headquarters,raw_question,18,33.57624053955078,1.5644361972808838,0.25248101353645325
qwen2_5_0_5b_base,headquarters:9,headquarters,raw_question,19,37.679744720458984,3.575648069381714,0.2805449664592743
qwen2_5_0_5b_base,headquarters:9,headquarters,raw_question,20,52.17416000366211,8.76953125,0.28513506054878235
qwen2_5_0_5b_base,headquarters:9,headquarters,raw_question,21,73.56204986572266,14.108662605285645,0.2506483793258667
qwen2_5_0_5b_base,headquarters:9,headquarters,raw_question,22,77.8667984008789,4.838583946228027,0.281607985496521
qwen2_5_0_5b_base,headquarters:9,headquarters,raw_question,23,279.6772155761719,11.482834815979004,0.37342891097068787
qwen2_5_0_5b_base,headquarters:9,headquarters,declarative,0,4.80308198928833,0.44106125831604004,0.1317734718322754
qwen2_5_0_5b_base,headquarters:9,headquarters,declarative,1,7.7548723220825195,2.8098256587982178,0.17388832569122314
qwen2_5_0_5b_base,headquarters:9,headquarters,declarative,2,9.331991195678711,1.8270058631896973,0.1925230324268341
qwen2_5_0_5b_base,headquarters:9,headquarters,declarative,3,10.721965789794922,2.095172882080078,0.21170994639396667
qwen2_5_0_5b_base,headquarters:9,headquarters,declarative,4,11.584568977355957,2.8934731483459473,0.21398499608039856
qwen2_5_0_5b_base,headquarters:9,headquarters,declarative,5,12.555354118347168,3.4159040451049805,0.22063617408275604
qwen2_5_0_5b_base,headquarters:9,headquarters,declarative,6,15.985383987426758,2.820098876953125,0.22734737396240234
qwen2_5_0_5b_base,headquarters:9,headquarters,declarative,7,14.855478286743164,3.792875051498413,0.22486194968223572
qwen2_5_0_5b_base,headquarters:9,headquarters,declarative,8,15.318875312805176,4.109007358551025,0.21380795538425446
qwen2_5_0_5b_base,headquarters:9,headquarters,declarative,9,15.45926570892334,2.5665712356567383,0.20977765321731567
qwen2_5_0_5b_base,headquarters:9,headquarters,declarative,10,16.592439651489258,3.8954272270202637,0.2160331755876541
qwen2_5_0_5b_base,headquarters:9,headquarters,declarative,11,16.312902450561523,2.657531976699829,0.20955494046211243
qwen2_5_0_5b_base,headquarters:9,headquarters,declarative,12,18.04300308227539,3.3971481323242188,0.20969648659229279
qwen2_5_0_5b_base,headquarters:9,headquarters,declarative,13,18.836074829101562,2.118122100830078,0.203125
qwen2_5_0_5b_base,headquarters:9,headquarters,declarative,14,19.904495239257812,4.56763219833374,0.22993037104606628
qwen2_5_0_5b_base,headquarters:9,headquarters,declarative,15,21.997848510742188,3.5909690856933594,0.25419577956199646
qwen2_5_0_5b_base,headquarters:9,headquarters,declarative,16,25.76169204711914,0.6660016775131226,0.2746385633945465
qwen2_5_0_5b_base,headquarters:9,headquarters,declarative,17,31.261234283447266,5.946513652801514,0.2488173246383667
qwen2_5_0_5b_base,headquarters:9,headquarters,declarative,18,35.23697280883789,2.7313294410705566,0.25515931844711304
qwen2_5_0_5b_base,headquarters:9,headquarters,declarative,19,38.87077713012695,4.039018630981445,0.2847066819667816
qwen2_5_0_5b_base,headquarters:9,headquarters,declarative,20,54.356536865234375,12.4412202835083,0.31491997838020325
qwen2_5_0_5b_base,headquarters:9,headquarters,declarative,21,71.72581481933594,14.571008682250977,0.31405511498451233
qwen2_5_0_5b_base,headquarters:9,headquarters,declarative,22,82.31693267822266,2.8856048583984375,0.3901219069957733
qwen2_5_0_5b_base,headquarters:9,headquarters,declarative,23,278.3945007324219,10.219993591308594,0.43399181962013245
qwen2_5_0_5b_base,headquarters:9,headquarters,qa,0,4.137583255767822,0.5473441481590271,0.13873505592346191
qwen2_5_0_5b_base,headquarters:9,headquarters,qa,1,6.848924160003662,2.788628578186035,0.17417535185813904
qwen2_5_0_5b_base,headquarters:9,headquarters,qa,2,9.063544273376465,2.4288315773010254,0.2352970987558365
qwen2_5_0_5b_base,headquarters:9,headquarters,qa,3,9.986035346984863,3.2915310859680176,0.22189682722091675
qwen2_5_0_5b_base,headquarters:9,headquarters,qa,4,10.299020767211914,2.5796592235565186,0.21446390450000763
qwen2_5_0_5b_base,headquarters:9,headquarters,qa,5,10.832415580749512,3.1617677211761475,0.20957249402999878
qwen2_5_0_5b_base,headquarters:9,headquarters,qa,6,12.41089916229248,2.962357521057129,0.2224307805299759
qwen2_5_0_5b_base,headquarters:9,headquarters,qa,7,12.558279037475586,2.15805983543396,0.21728475391864777
qwen2_5_0_5b_base,headquarters:9,headquarters,qa,8,12.647788047790527,2.949718952178955,0.1969248354434967
qwen2_5_0_5b_base,headquarters:9,headquarters,qa,9,13.838154792785645,3.0272140502929688,0.20350052416324615
qwen2_5_0_5b_base,headquarters:9,headquarters,qa,10,13.524134635925293,3.113173723220825,0.19325029850006104
qwen2_5_0_5b_base,headquarters:9,headquarters,qa,11,15.182632446289062,2.5619072914123535,0.21375897526741028
qwen2_5_0_5b_base,headquarters:9,headquarters,qa,12,15.074432373046875,3.090327262878418,0.21469874680042267
qwen2_5_0_5b_base,headquarters:9,headquarters,qa,13,16.038881301879883,2.7640559673309326,0.21637047827243805
qwen2_5_0_5b_base,headquarters:9,headquarters,qa,14,19.46854591369629,5.959131240844727,0.24259833991527557
qwen2_5_0_5b_base,headquarters:9,headquarters,qa,15,22.123498916625977,4.879040718078613,0.25737637281417847
qwen2_5_0_5b_base,headquarters:9,headquarters,qa,16,25.765674591064453,1.2932575941085815,0.2778088450431824
qwen2_5_0_5b_base,headquarters:9,headquarters,qa,17,33.23423385620117,5.3835673332214355,0.2609173059463501
qwen2_5_0_5b_base,headquarters:9,headquarters,qa,18,36.24081802368164,3.207754135131836,0.2486054003238678
qwen2_5_0_5b_base,headquarters:9,headquarters,qa,19,39.10813522338867,4.104738712310791,0.28671523928642273
qwen2_5_0_5b_base,headquarters:9,headquarters,qa,20,55.510623931884766,13.73505687713623,0.30816519260406494
qwen2_5_0_5b_base,headquarters:9,headquarters,qa,21,75.361328125,17.2070369720459,0.2862173914909363
qwen2_5_0_5b_base,headquarters:9,headquarters,qa,22,83.40619659423828,3.6110477447509766,0.34605810046195984
qwen2_5_0_5b_base,headquarters:9,headquarters,qa,23,293.102783203125,11.966653823852539,0.40399008989334106
qwen2_5_0_5b_base,headquarters:9,headquarters,chat_template,0,3.619394063949585,0.589795708656311,0.10455211251974106
qwen2_5_0_5b_base,headquarters:9,headquarters,chat_template,1,6.824533939361572,2.8483622074127197,0.1677684187889099
qwen2_5_0_5b_base,headquarters:9,headquarters,chat_template,2,7.296227931976318,1.5251505374908447,0.14858035743236542
qwen2_5_0_5b_base,headquarters:9,headquarters,chat_template,3,8.346339225769043,2.279895305633545,0.17040479183197021
qwen2_5_0_5b_base,headquarters:9,headquarters,chat_template,4,9.616046905517578,2.8698904514312744,0.19346995651721954
qwen2_5_0_5b_base,headquarters:9,headquarters,chat_template,5,10.365340232849121,3.8807058334350586,0.2107706069946289
qwen2_5_0_5b_base,headquarters:9,headquarters,chat_template,6,11.74148941040039,3.054494619369507,0.21804553270339966
qwen2_5_0_5b_base,headquarters:9,headquarters,chat_template,7,12.96154499053955,3.6626217365264893,0.2232368439435959
qwen2_5_0_5b_base,headquarters:9,headquarters,chat_template,8,12.909555435180664,4.152102947235107,0.20396482944488525
qwen2_5_0_5b_base,headquarters:9,headquarters,chat_template,9,13.867222785949707,3.2591021060943604,0.210008904337883
qwen2_5_0_5b_base,headquarters:9,headquarters,chat_template,10,14.62415599822998,4.073277950286865,0.20627696812152863
qwen2_5_0_5b_base,headquarters:9,headquarters,chat_template,11,16.055519104003906,2.41168475151062,0.22213074564933777
qwen2_5_0_5b_base,headquarters:9,headquarters,chat_template,12,15.694046020507812,3.7577176094055176,0.2238582819700241
qwen2_5_0_5b_base,headquarters:9,headquarters,chat_template,13,16.287302017211914,2.964907646179199,0.2228354960680008
qwen2_5_0_5b_base,headquarters:9,headquarters,chat_template,14,19.868417739868164,5.721598148345947,0.246378093957901
qwen2_5_0_5b_base,headquarters:9,headquarters,chat_template,15,20.828039169311523,4.550761699676514,0.2568804621696472
qwen2_5_0_5b_base,headquarters:9,headquarters,chat_template,16,23.092302322387695,2.7558434009552,0.28719577193260193
qwen2_5_0_5b_base,headquarters:9,headquarters,chat_template,17,29.930789947509766,5.346497535705566,0.25523999333381653
qwen2_5_0_5b_base,headquarters:9,headquarters,chat_template,18,33.834503173828125,3.6746253967285156,0.24551717936992645
qwen2_5_0_5b_base,headquarters:9,headquarters,chat_template,19,37.59123229980469,3.9103989601135254,0.27611827850341797
qwen2_5_0_5b_base,headquarters:9,headquarters,chat_template,20,51.330078125,10.718401908874512,0.2889087200164795
qwen2_5_0_5b_base,headquarters:9,headquarters,chat_template,21,66.27734375,21.21889305114746,0.25116801261901855
qwen2_5_0_5b_base,headquarters:9,headquarters,chat_template,22,70.615234375,10.091526985168457,0.314566969871521
qwen2_5_0_5b_base,headquarters:9,headquarters,chat_template,23,263.3271789550781,13.660956382751465,0.39623206853866577
qwen2_5_0_5b_base,headquarters:10,headquarters,raw_question,0,4.403854846954346,0.4492955803871155,0.13142678141593933
qwen2_5_0_5b_base,headquarters:10,headquarters,raw_question,1,7.948978424072266,2.7662808895111084,0.16842424869537354
qwen2_5_0_5b_base,headquarters:10,headquarters,raw_question,2,7.7912917137146,1.5004169940948486,0.17202222347259521
qwen2_5_0_5b_base,headquarters:10,headquarters,raw_question,3,9.6024808883667,1.8159518241882324,0.18149681389331818
qwen2_5_0_5b_base,headquarters:10,headquarters,raw_question,4,10.79785442352295,2.7963078022003174,0.209122896194458
qwen2_5_0_5b_base,headquarters:10,headquarters,raw_question,5,12.140718460083008,3.237637519836426,0.21651789546012878
qwen2_5_0_5b_base,headquarters:10,headquarters,raw_question,6,13.064529418945312,2.379814863204956,0.2221059501171112
qwen2_5_0_5b_base,headquarters:10,headquarters,raw_question,7,14.208518981933594,2.2654869556427,0.21461838483810425
qwen2_5_0_5b_base,headquarters:10,headquarters,raw_question,8,14.62649917602539,3.6021461486816406,0.20374348759651184
qwen2_5_0_5b_base,headquarters:10,headquarters,raw_question,9,15.485005378723145,2.58554744720459,0.2010442614555359
qwen2_5_0_5b_base,headquarters:10,headquarters,raw_question,10,15.659366607666016,3.912339210510254,0.19464173913002014
qwen2_5_0_5b_base,headquarters:10,headquarters,raw_question,11,15.376812934875488,2.620544910430908,0.19785535335540771
qwen2_5_0_5b_base,headquarters:10,headquarters,raw_question,12,16.37474250793457,2.610809087753296,0.20090559124946594
qwen2_5_0_5b_base,headquarters:10,headquarters,raw_question,13,17.75755500793457,2.9306468963623047,0.20072820782661438
qwen2_5_0_5b_base,headquarters:10,headquarters,raw_question,14,18.088714599609375,3.2641615867614746,0.21700969338417053
qwen2_5_0_5b_base,headquarters:10,headquarters,raw_question,15,20.160877227783203,2.875129461288452,0.23594871163368225
qwen2_5_0_5b_base,headquarters:10,headquarters,raw_question,16,24.262723922729492,1.2332767248153687,0.2709719240665436
qwen2_5_0_5b_base,headquarters:10,headquarters,raw_question,17,29.53496551513672,3.996375799179077,0.2571384906768799
qwen2_5_0_5b_base,headquarters:10,headquarters,raw_question,18,33.284156799316406,1.6052002906799316,0.2491065114736557
qwen2_5_0_5b_base,headquarters:10,headquarters,raw_question,19,37.30419921875,3.8685317039489746,0.2811020314693451
qwen2_5_0_5b_base,headquarters:10,headquarters,raw_question,20,51.96980285644531,8.714341163635254,0.28491100668907166
qwen2_5_0_5b_base,headquarters:10,headquarters,raw_question,21,74.44031524658203,11.861334800720215,0.24698811769485474
qwen2_5_0_5b_base,headquarters:10,headquarters,raw_question,22,77.56645202636719,6.578195571899414,0.27458667755126953
qwen2_5_0_5b_base,headquarters:10,headquarters,raw_question,23,283.4443054199219,9.601774215698242,0.3775097131729126
qwen2_5_0_5b_base,headquarters:10,headquarters,declarative,0,4.6776041984558105,0.4446979761123657,0.13048864901065826
qwen2_5_0_5b_base,headquarters:10,headquarters,declarative,1,7.546742916107178,2.765119791030884,0.1743386685848236
qwen2_5_0_5b_base,headquarters:10,headquarters,declarative,2,9.011703491210938,1.8415932655334473,0.19108039140701294
qwen2_5_0_5b_base,headquarters:10,headquarters,declarative,3,10.345316886901855,1.8634053468704224,0.2083100527524948
qwen2_5_0_5b_base,headquarters:10,headquarters,declarative,4,11.497248649597168,2.76615834236145,0.21219965815544128
qwen2_5_0_5b_base,headquarters:10,headquarters,declarative,5,12.473870277404785,3.3635385036468506,0.2215084731578827
qwen2_5_0_5b_base,headquarters:10,headquarters,declarative,6,15.373623847961426,2.6959547996520996,0.22849459946155548
qwen2_5_0_5b_base,headquarters:10,headquarters,declarative,7,14.14362907409668,3.6601366996765137,0.22485792636871338
qwen2_5_0_5b_base,headquarters:10,headquarters,declarative,8,14.815020561218262,4.074926853179932,0.2124759703874588
qwen2_5_0_5b_base,headquarters:10,headquarters,declarative,9,15.116612434387207,2.416410446166992,0.20966412127017975
qwen2_5_0_5b_base,headquarters:10,headquarters,declarative,10,15.855914115905762,3.9307422637939453,0.2133578211069107
qwen2_5_0_5b_base,headquarters:10,headquarters,declarative,11,15.8097505569458,2.7784767150878906,0.2105802297592163
qwen2_5_0_5b_base,headquarters:10,headquarters,declarative,12,17.270845413208008,3.5421135425567627,0.21365268528461456
qwen2_5_0_5b_base,headquarters:10,headquarters,declarative,13,17.986576080322266,2.1285929679870605,0.2055852860212326
qwen2_5_0_5b_base,headquarters:10,headquarters,declarative,14,18.957971572875977,5.153822898864746,0.23120340704917908
qwen2_5_0_5b_base,headquarters:10,headquarters,declarative,15,21.1318302154541,3.6760199069976807,0.2537821829319
qwen2_5_0_5b_base,headquarters:10,headquarters,declarative,16,24.950389862060547,0.6536792516708374,0.2743651270866394
qwen2_5_0_5b_base,headquarters:10,headquarters,declarative,17,30.953109741210938,6.7348432540893555,0.24986310303211212
qwen2_5_0_5b_base,headquarters:10,headquarters,declarative,18,35.35276794433594,3.2999792098999023,0.25782403349876404
qwen2_5_0_5b_base,headquarters:10,headquarters,declarative,19,38.40778732299805,3.7768664360046387,0.2878565788269043
qwen2_5_0_5b_base,headquarters:10,headquarters,declarative,20,53.57239532470703,13.00008773803711,0.31031569838523865
qwen2_5_0_5b_base,headquarters:10,headquarters,declarative,21,70.21511840820312,11.993927955627441,0.3188997209072113
qwen2_5_0_5b_base,headquarters:10,headquarters,declarative,22,79.1504898071289,3.4096012115478516,0.39383190870285034
qwen2_5_0_5b_base,headquarters:10,headquarters,declarative,23,270.0584411621094,10.353708267211914,0.42292967438697815
qwen2_5_0_5b_base,headquarters:10,headquarters,qa,0,4.1296467781066895,0.5518696904182434,0.13859374821186066
qwen2_5_0_5b_base,headquarters:10,headquarters,qa,1,6.871953964233398,2.8233604431152344,0.17366765439510345
qwen2_5_0_5b_base,headquarters:10,headquarters,qa,2,8.765196800231934,2.3281686305999756,0.22976981103420258
qwen2_5_0_5b_base,headquarters:10,headquarters,qa,3,9.654111862182617,3.237659215927124,0.21964921057224274
qwen2_5_0_5b_base,headquarters:10,headquarters,qa,4,10.127821922302246,2.6312167644500732,0.2123357653617859
qwen2_5_0_5b_base,headquarters:10,headquarters,qa,5,10.789623260498047,3.0979673862457275,0.21093180775642395
qwen2_5_0_5b_base,headquarters:10,headquarters,qa,6,12.40540885925293,2.7910075187683105,0.22361810505390167
qwen2_5_0_5b_base,headquarters:10,headquarters,qa,7,12.45926284790039,2.2534918785095215,0.21937134861946106
qwen2_5_0_5b_base,headquarters:10,headquarters,qa,8,12.75736141204834,3.0038139820098877,0.19742357730865479
qwen2_5_0_5b_base,headquarters:10,headquarters,qa,9,14.143600463867188,3.182286262512207,0.20823170244693756
qwen2_5_0_5b_base,headquarters:10,headquarters,qa,10,13.546710968017578,3.143392324447632,0.19622671604156494
qwen2_5_0_5b_base,headquarters:10,headquarters,qa,11,15.49959945678711,2.5627200603485107,0.21745124459266663
qwen2_5_0_5b_base,headquarters:10,headquarters,qa,12,15.236408233642578,3.2053897380828857,0.2173781394958496
qwen2_5_0_5b_base,headquarters:10,headquarters,qa,13,16.336185455322266,2.8610520362854004,0.21752560138702393
qwen2_5_0_5b_base,headquarters:10,headquarters,qa,14,19.421112060546875,5.708208084106445,0.24268169701099396
qwen2_5_0_5b_base,headquarters:10,headquarters,qa,15,21.520221710205078,4.8995466232299805,0.2555435001850128
qwen2_5_0_5b_base,headquarters:10,headquarters,qa,16,24.98475456237793,1.8682767152786255,0.27456849813461304
qwen2_5_0_5b_base,headquarters:10,headquarters,qa,17,31.778335571289062,4.581852436065674,0.26061463356018066
qwen2_5_0_5b_base,headquarters:10,headquarters,qa,18,35.72844696044922,3.805147647857666,0.24770024418830872
qwen2_5_0_5b_base,headquarters:10,headquarters,qa,19,39.13489532470703,4.753625392913818,0.2878570556640625
qwen2_5_0_5b_base,headquarters:10,headquarters,qa,20,54.854026794433594,13.232930183410645,0.3036485016345978
qwen2_5_0_5b_base,headquarters:10,headquarters,qa,21,75.51236724853516,12.510109901428223,0.2743366062641144
qwen2_5_0_5b_base,headquarters:10,headquarters,qa,22,80.47893524169922,7.574326992034912,0.3117443025112152
qwen2_5_0_5b_base,headquarters:10,headquarters,qa,23,304.5826721191406,12.283562660217285,0.38206565380096436
qwen2_5_0_5b_base,headquarters:10,headquarters,chat_template,0,3.618910551071167,0.5913373231887817,0.10480859130620956
qwen2_5_0_5b_base,headquarters:10,headquarters,chat_template,1,6.834139347076416,2.838139057159424,0.16695815324783325
qwen2_5_0_5b_base,headquarters:10,headquarters,chat_template,2,7.291725158691406,1.5038515329360962,0.14837367832660675
qwen2_5_0_5b_base,headquarters:10,headquarters,chat_template,3,8.36477279663086,2.284362554550171,0.16987422108650208
qwen2_5_0_5b_base,headquarters:10,headquarters,chat_template,4,9.591031074523926,2.902208089828491,0.19374676048755646
qwen2_5_0_5b_base,headquarters:10,headquarters,chat_template,5,10.383153915405273,3.943774461746216,0.2109956294298172
qwen2_5_0_5b_base,headquarters:10,headquarters,chat_template,6,11.655375480651855,3.1234984397888184,0.2178768813610077
qwen2_5_0_5b_base,headquarters:10,headquarters,chat_template,7,12.738666534423828,3.4223477840423584,0.2221173495054245
qwen2_5_0_5b_base,headquarters:10,headquarters,chat_template,8,12.650036811828613,4.112709999084473,0.2000078707933426
qwen2_5_0_5b_base,headquarters:10,headquarters,chat_template,9,13.658791542053223,3.361442804336548,0.20863594114780426
qwen2_5_0_5b_base,headquarters:10,headquarters,chat_template,10,14.530838966369629,4.178779125213623,0.20759156346321106
qwen2_5_0_5b_base,headquarters:10,headquarters,chat_template,11,15.784597396850586,2.433917999267578,0.22407439351081848
qwen2_5_0_5b_base,headquarters:10,headquarters,chat_template,12,15.34425163269043,3.850369453430176,0.22252339124679565
qwen2_5_0_5b_base,headquarters:10,headquarters,chat_template,13,15.853019714355469,2.9492692947387695,0.2219802737236023
qwen2_5_0_5b_base,headquarters:10,headquarters,chat_template,14,19.329883575439453,5.826861381530762,0.24554352462291718
qwen2_5_0_5b_base,headquarters:10,headquarters,chat_template,15,20.5562744140625,4.6402668952941895,0.25680962204933167
qwen2_5_0_5b_base,headquarters:10,headquarters,chat_template,16,22.890832901000977,2.8160178661346436,0.28390833735466003
qwen2_5_0_5b_base,headquarters:10,headquarters,chat_template,17,29.5269832611084,5.353431224822998,0.2534402310848236
qwen2_5_0_5b_base,headquarters:10,headquarters,chat_template,18,33.68370056152344,3.956228494644165,0.24346978962421417
qwen2_5_0_5b_base,headquarters:10,headquarters,chat_template,19,37.526153564453125,4.080068588256836,0.2732907235622406
qwen2_5_0_5b_base,headquarters:10,headquarters,chat_template,20,50.72276306152344,10.092543601989746,0.2867315411567688
qwen2_5_0_5b_base,headquarters:10,headquarters,chat_template,21,67.9402847290039,22.483734130859375,0.25036561489105225
qwen2_5_0_5b_base,headquarters:10,headquarters,chat_template,22,70.52307891845703,11.051299095153809,0.31808972358703613
qwen2_5_0_5b_base,headquarters:10,headquarters,chat_template,23,263.5812072753906,13.901066780090332,0.4019138813018799
qwen2_5_0_5b_base,headquarters:11,headquarters,raw_question,0,4.4212141036987305,0.44869935512542725,0.13333791494369507
qwen2_5_0_5b_base,headquarters:11,headquarters,raw_question,1,7.8776984214782715,2.83039927482605,0.16851791739463806
qwen2_5_0_5b_base,headquarters:11,headquarters,raw_question,2,7.847356796264648,1.4812511205673218,0.17066088318824768
qwen2_5_0_5b_base,headquarters:11,headquarters,raw_question,3,9.554540634155273,1.8792790174484253,0.18211007118225098
qwen2_5_0_5b_base,headquarters:11,headquarters,raw_question,4,10.783812522888184,2.7735648155212402,0.20937107503414154
qwen2_5_0_5b_base,headquarters:11,headquarters,raw_question,5,11.683167457580566,2.9186136722564697,0.21259598433971405
qwen2_5_0_5b_base,headquarters:11,headquarters,raw_question,6,12.982076644897461,2.2582924365997314,0.21767564117908478
qwen2_5_0_5b_base,headquarters:11,headquarters,raw_question,7,14.189037322998047,2.2243258953094482,0.21428708732128143
qwen2_5_0_5b_base,headquarters:11,headquarters,raw_question,8,14.941286087036133,3.7544422149658203,0.2020188868045807
qwen2_5_0_5b_base,headquarters:11,headquarters,raw_question,9,15.670104026794434,2.719505786895752,0.20173704624176025
qwen2_5_0_5b_base,headquarters:11,headquarters,raw_question,10,15.831003189086914,3.9844279289245605,0.19359879195690155
qwen2_5_0_5b_base,headquarters:11,headquarters,raw_question,11,15.448841094970703,2.5747804641723633,0.1946568787097931
qwen2_5_0_5b_base,headquarters:11,headquarters,raw_question,12,16.553342819213867,2.631295680999756,0.1996571123600006
qwen2_5_0_5b_base,headquarters:11,headquarters,raw_question,13,17.86528968811035,3.0348403453826904,0.20287227630615234
qwen2_5_0_5b_base,headquarters:11,headquarters,raw_question,14,18.179880142211914,3.379298448562622,0.2175837606191635
qwen2_5_0_5b_base,headquarters:11,headquarters,raw_question,15,20.00527000427246,2.907618761062622,0.23578578233718872
qwen2_5_0_5b_base,headquarters:11,headquarters,raw_question,16,24.300304412841797,1.067866325378418,0.274128794670105
qwen2_5_0_5b_base,headquarters:11,headquarters,raw_question,17,29.364797592163086,3.9602670669555664,0.263259619474411
qwen2_5_0_5b_base,headquarters:11,headquarters,raw_question,18,33.14896774291992,1.6485610008239746,0.2614247500896454
qwen2_5_0_5b_base,headquarters:11,headquarters,raw_question,19,36.91943359375,3.5493898391723633,0.28896769881248474
qwen2_5_0_5b_base,headquarters:11,headquarters,raw_question,20,50.436832427978516,8.162556648254395,0.284267395734787
qwen2_5_0_5b_base,headquarters:11,headquarters,raw_question,21,71.05030822753906,13.58011531829834,0.24901485443115234
qwen2_5_0_5b_base,headquarters:11,headquarters,raw_question,22,76.34396362304688,7.744720935821533,0.27293235063552856
qwen2_5_0_5b_base,headquarters:11,headquarters,raw_question,23,275.4944763183594,12.96483039855957,0.3669818937778473
qwen2_5_0_5b_base,headquarters:11,headquarters,declarative,0,4.721036911010742,0.4519668519496918,0.132063090801239
qwen2_5_0_5b_base,headquarters:11,headquarters,declarative,1,7.734765529632568,2.800816297531128,0.1744118481874466
qwen2_5_0_5b_base,headquarters:11,headquarters,declarative,2,9.37051010131836,1.8696928024291992,0.19312730431556702
qwen2_5_0_5b_base,headquarters:11,headquarters,declarative,3,10.725885391235352,2.04715895652771,0.2121174931526184
qwen2_5_0_5b_base,headquarters:11,headquarters,declarative,4,11.624664306640625,2.925905704498291,0.2151101529598236
qwen2_5_0_5b_base,headquarters:11,headquarters,declarative,5,12.59752082824707,3.361541271209717,0.22059018909931183
qwen2_5_0_5b_base,headquarters:11,headquarters,declarative,6,15.82064437866211,2.6425156593322754,0.22836633026599884
qwen2_5_0_5b_base,headquarters:11,headquarters,declarative,7,14.633172988891602,3.7116003036499023,0.2238217145204544
qwen2_5_0_5b_base,headquarters:11,headquarters,declarative,8,15.045698165893555,4.050137042999268,0.21365532279014587
qwen2_5_0_5b_base,headquarters:11,headquarters,declarative,9,15.177098274230957,2.5293242931365967,0.20803683996200562
qwen2_5_0_5b_base,headquarters:11,headquarters,declarative,10,15.930224418640137,3.8944127559661865,0.21584844589233398
qwen2_5_0_5b_base,headquarters:11,headquarters,declarative,11,15.807599067687988,2.556335926055908,0.20684854686260223
qwen2_5_0_5b_base,headquarters:11,headquarters,declarative,12,17.813283920288086,3.3013391494750977,0.2098192423582077
qwen2_5_0_5b_base,headquarters:11,headquarters,declarative,13,18.53373908996582,2.259563684463501,0.20217730104923248
qwen2_5_0_5b_base,headquarters:11,headquarters,declarative,14,19.701297760009766,3.982734203338623,0.22693853080272675
qwen2_5_0_5b_base,headquarters:11,headquarters,declarative,15,21.965984344482422,3.7359426021575928,0.2547124922275543
qwen2_5_0_5b_base,headquarters:11,headquarters,declarative,16,25.843599319458008,0.6817110776901245,0.2749643325805664
qwen2_5_0_5b_base,headquarters:11,headquarters,declarative,17,31.11508560180664,6.270334243774414,0.24715031683444977
qwen2_5_0_5b_base,headquarters:11,headquarters,declarative,18,35.3824577331543,2.52345871925354,0.25308603048324585
qwen2_5_0_5b_base,headquarters:11,headquarters,declarative,19,38.87623977661133,3.9580817222595215,0.2845698297023773
qwen2_5_0_5b_base,headquarters:11,headquarters,declarative,20,52.92645263671875,13.971222877502441,0.3151455521583557
qwen2_5_0_5b_base,headquarters:11,headquarters,declarative,21,71.23381042480469,14.498303413391113,0.30617353320121765
qwen2_5_0_5b_base,headquarters:11,headquarters,declarative,22,82.69495391845703,3.2427802085876465,0.38292503356933594
qwen2_5_0_5b_base,headquarters:11,headquarters,declarative,23,281.20556640625,10.3273286819458,0.42125120759010315
qwen2_5_0_5b_base,headquarters:11,headquarters,qa,0,4.115009784698486,0.5518099069595337,0.13890676200389862
qwen2_5_0_5b_base,headquarters:11,headquarters,qa,1,6.882404327392578,2.81154727935791,0.17445828020572662
qwen2_5_0_5b_base,headquarters:11,headquarters,qa,2,8.890131950378418,2.3776254653930664,0.23187300562858582
qwen2_5_0_5b_base,headquarters:11,headquarters,qa,3,9.810556411743164,3.2818763256073,0.22089262306690216
qwen2_5_0_5b_base,headquarters:11,headquarters,qa,4,10.175742149353027,2.6113715171813965,0.21371972560882568
qwen2_5_0_5b_base,headquarters:11,headquarters,qa,5,10.823360443115234,3.1796488761901855,0.2103383094072342
qwen2_5_0_5b_base,headquarters:11,headquarters,qa,6,12.442370414733887,2.9376559257507324,0.22318916022777557
qwen2_5_0_5b_base,headquarters:11,headquarters,qa,7,12.421854019165039,2.188491106033325,0.21763335168361664
qwen2_5_0_5b_base,headquarters:11,headquarters,qa,8,12.679351806640625,2.9467945098876953,0.19722206890583038
qwen2_5_0_5b_base,headquarters:11,headquarters,qa,9,13.911107063293457,2.996772050857544,0.2055383026599884
qwen2_5_0_5b_base,headquarters:11,headquarters,qa,10,13.516518592834473,3.0794782638549805,0.19504964351654053
qwen2_5_0_5b_base,headquarters:11,headquarters,qa,11,15.3665771484375,2.6077189445495605,0.2164052128791809
qwen2_5_0_5b_base,headquarters:11,headquarters,qa,12,15.214864730834961,3.226236581802368,0.21645846962928772
qwen2_5_0_5b_base,headquarters:11,headquarters,qa,13,16.19520378112793,2.870802402496338,0.21742619574069977
qwen2_5_0_5b_base,headquarters:11,headquarters,qa,14,19.555049896240234,5.746936798095703,0.24287748336791992
qwen2_5_0_5b_base,headquarters:11,headquarters,qa,15,21.943986892700195,4.9001688957214355,0.25699448585510254
qwen2_5_0_5b_base,headquarters:11,headquarters,qa,16,25.47113037109375,1.3106671571731567,0.2765452265739441
qwen2_5_0_5b_base,headquarters:11,headquarters,qa,17,32.48589324951172,5.096864700317383,0.2614849805831909
qwen2_5_0_5b_base,headquarters:11,headquarters,qa,18,36.29228591918945,3.3372814655303955,0.24848955869674683
qwen2_5_0_5b_base,headquarters:11,headquarters,qa,19,39.311424255371094,4.023969650268555,0.2867974042892456
qwen2_5_0_5b_base,headquarters:11,headquarters,qa,20,55.13331985473633,13.398519515991211,0.30877789855003357
qwen2_5_0_5b_base,headquarters:11,headquarters,qa,21,75.22952270507812,16.152645111083984,0.2855985462665558
qwen2_5_0_5b_base,headquarters:11,headquarters,qa,22,84.0430679321289,5.812674522399902,0.3404907286167145
qwen2_5_0_5b_base,headquarters:11,headquarters,qa,23,295.0090026855469,12.989136695861816,0.3958098590373993
qwen2_5_0_5b_base,headquarters:11,headquarters,chat_template,0,3.618886947631836,0.5904768705368042,0.10456648468971252
qwen2_5_0_5b_base,headquarters:11,headquarters,chat_template,1,6.81844425201416,2.837855339050293,0.16774021089076996
qwen2_5_0_5b_base,headquarters:11,headquarters,chat_template,2,7.296990394592285,1.5223931074142456,0.1481599360704422
qwen2_5_0_5b_base,headquarters:11,headquarters,chat_template,3,8.321040153503418,2.3011975288391113,0.17066262662410736
qwen2_5_0_5b_base,headquarters:11,headquarters,chat_template,4,9.537891387939453,2.826932668685913,0.19360505044460297
qwen2_5_0_5b_base,headquarters:11,headquarters,chat_template,5,10.444601058959961,3.9927823543548584,0.21149210631847382
qwen2_5_0_5b_base,headquarters:11,headquarters,chat_template,6,11.840423583984375,3.076080799102783,0.21946540474891663
qwen2_5_0_5b_base,headquarters:11,headquarters,chat_template,7,12.903037071228027,3.72407603263855,0.22413741052150726
qwen2_5_0_5b_base,headquarters:11,headquarters,chat_template,8,12.873431205749512,4.201058864593506,0.2042071521282196
qwen2_5_0_5b_base,headquarters:11,headquarters,chat_template,9,13.82101058959961,3.1989247798919678,0.21050572395324707
qwen2_5_0_5b_base,headquarters:11,headquarters,chat_template,10,14.541314125061035,4.051446914672852,0.20636379718780518
qwen2_5_0_5b_base,headquarters:11,headquarters,chat_template,11,16.015926361083984,2.437436819076538,0.2218678593635559
qwen2_5_0_5b_base,headquarters:11,headquarters,chat_template,12,15.55621337890625,3.8270952701568604,0.2233540564775467
qwen2_5_0_5b_base,headquarters:11,headquarters,chat_template,13,16.125064849853516,2.9193618297576904,0.2224818766117096
qwen2_5_0_5b_base,headquarters:11,headquarters,chat_template,14,19.823598861694336,5.708057880401611,0.24634258449077606
qwen2_5_0_5b_base,headquarters:11,headquarters,chat_template,15,20.77223777770996,4.52510404586792,0.2573379576206207
qwen2_5_0_5b_base,headquarters:11,headquarters,chat_template,16,22.964677810668945,2.7743210792541504,0.2874037027359009
qwen2_5_0_5b_base,headquarters:11,headquarters,chat_template,17,29.856386184692383,5.315544128417969,0.25522562861442566
qwen2_5_0_5b_base,headquarters:11,headquarters,chat_template,18,33.846946716308594,3.499770402908325,0.24563106894493103
qwen2_5_0_5b_base,headquarters:11,headquarters,chat_template,19,37.55144119262695,3.9235923290252686,0.27639448642730713
qwen2_5_0_5b_base,headquarters:11,headquarters,chat_template,20,51.12102127075195,11.082260131835938,0.2901793122291565
qwen2_5_0_5b_base,headquarters:11,headquarters,chat_template,21,66.75011444091797,20.746315002441406,0.2519899606704712
qwen2_5_0_5b_base,headquarters:11,headquarters,chat_template,22,70.99872589111328,11.887946128845215,0.31484872102737427
qwen2_5_0_5b_base,headquarters:11,headquarters,chat_template,23,262.4378967285156,15.148748397827148,0.39745089411735535
qwen2_5_0_5b_base,headquarters:12,headquarters,raw_question,0,4.386538505554199,0.45757344365119934,0.1320609599351883
qwen2_5_0_5b_base,headquarters:12,headquarters,raw_question,1,7.862925052642822,2.8296854496002197,0.1690952330827713
qwen2_5_0_5b_base,headquarters:12,headquarters,raw_question,2,7.903998851776123,1.4777004718780518,0.17126311361789703
qwen2_5_0_5b_base,headquarters:12,headquarters,raw_question,3,9.64294147491455,1.8826466798782349,0.1845417469739914
qwen2_5_0_5b_base,headquarters:12,headquarters,raw_question,4,11.094436645507812,2.9697697162628174,0.21190647780895233
qwen2_5_0_5b_base,headquarters:12,headquarters,raw_question,5,11.600309371948242,3.012890100479126,0.21166422963142395
qwen2_5_0_5b_base,headquarters:12,headquarters,raw_question,6,12.871404647827148,2.2430014610290527,0.21398396790027618
qwen2_5_0_5b_base,headquarters:12,headquarters,raw_question,7,13.971579551696777,2.126922607421875,0.21324065327644348
qwen2_5_0_5b_base,headquarters:12,headquarters,raw_question,8,14.525165557861328,4.02112340927124,0.20225998759269714
qwen2_5_0_5b_base,headquarters:12,headquarters,raw_question,9,15.302996635437012,2.7362887859344482,0.20088781416416168
qwen2_5_0_5b_base,headquarters:12,headquarters,raw_question,10,16.104196548461914,4.091329574584961,0.19417817890644073
qwen2_5_0_5b_base,headquarters:12,headquarters,raw_question,11,15.912495613098145,2.6648402214050293,0.20067450404167175
qwen2_5_0_5b_base,headquarters:12,headquarters,raw_question,12,17.169727325439453,2.8073461055755615,0.2065751999616623
qwen2_5_0_5b_base,headquarters:12,headquarters,raw_question,13,18.733522415161133,2.958900213241577,0.21066303551197052
qwen2_5_0_5b_base,headquarters:12,headquarters,raw_question,14,18.59158706665039,3.7365100383758545,0.22075386345386505
qwen2_5_0_5b_base,headquarters:12,headquarters,raw_question,15,20.594301223754883,2.7799389362335205,0.23740558326244354
qwen2_5_0_5b_base,headquarters:12,headquarters,raw_question,16,24.796634674072266,1.0448124408721924,0.27425310015678406
qwen2_5_0_5b_base,headquarters:12,headquarters,raw_question,17,29.714893341064453,3.941256046295166,0.2666667103767395
qwen2_5_0_5b_base,headquarters:12,headquarters,raw_question,18,33.65385437011719,1.483782172203064,0.26659005880355835
qwen2_5_0_5b_base,headquarters:12,headquarters,raw_question,19,38.417198181152344,2.9989850521087646,0.289402037858963
qwen2_5_0_5b_base,headquarters:12,headquarters,raw_question,20,50.722862243652344,7.387818813323975,0.2826344966888428
qwen2_5_0_5b_base,headquarters:12,headquarters,raw_question,21,71.53671264648438,10.996973037719727,0.24700909852981567
qwen2_5_0_5b_base,headquarters:12,headquarters,raw_question,22,76.37049865722656,3.1212525367736816,0.2686665654182434
qwen2_5_0_5b_base,headquarters:12,headquarters,raw_question,23,266.1089782714844,10.377015113830566,0.36165446043014526
qwen2_5_0_5b_base,headquarters:12,headquarters,declarative,0,4.717430114746094,0.45442962646484375,0.13077278435230255
qwen2_5_0_5b_base,headquarters:12,headquarters,declarative,1,7.647526741027832,2.8185951709747314,0.17448846995830536
qwen2_5_0_5b_base,headquarters:12,headquarters,declarative,2,9.178047180175781,1.847988247871399,0.19065411388874054
qwen2_5_0_5b_base,headquarters:12,headquarters,declarative,3,10.603349685668945,1.90281343460083,0.2099631279706955
qwen2_5_0_5b_base,headquarters:12,headquarters,declarative,4,11.78121280670166,3.002075433731079,0.2146196812391281
qwen2_5_0_5b_base,headquarters:12,headquarters,declarative,5,12.612990379333496,3.376436471939087,0.2220158874988556
qwen2_5_0_5b_base,headquarters:12,headquarters,declarative,6,15.892958641052246,2.8058907985687256,0.22870247066020966
qwen2_5_0_5b_base,headquarters:12,headquarters,declarative,7,14.835582733154297,3.6186349391937256,0.22269472479820251
qwen2_5_0_5b_base,headquarters:12,headquarters,declarative,8,15.286474227905273,4.2019944190979,0.21134120225906372
qwen2_5_0_5b_base,headquarters:12,headquarters,declarative,9,15.472640991210938,2.460010290145874,0.20662057399749756
qwen2_5_0_5b_base,headquarters:12,headquarters,declarative,10,16.42274284362793,3.7038354873657227,0.21489186584949493
qwen2_5_0_5b_base,headquarters:12,headquarters,declarative,11,16.108585357666016,2.6320881843566895,0.2083706259727478
qwen2_5_0_5b_base,headquarters:12,headquarters,declarative,12,18.017724990844727,3.1371870040893555,0.2086690366268158
qwen2_5_0_5b_base,headquarters:12,headquarters,declarative,13,18.495168685913086,2.048731803894043,0.20021402835845947
qwen2_5_0_5b_base,headquarters:12,headquarters,declarative,14,19.9577579498291,4.379014492034912,0.2275829315185547
qwen2_5_0_5b_base,headquarters:12,headquarters,declarative,15,22.39571762084961,3.338635206222534,0.2514307498931885
qwen2_5_0_5b_base,headquarters:12,headquarters,declarative,16,26.166385650634766,0.6771298050880432,0.2717248499393463
qwen2_5_0_5b_base,headquarters:12,headquarters,declarative,17,31.057130813598633,6.297843933105469,0.2472454309463501
qwen2_5_0_5b_base,headquarters:12,headquarters,declarative,18,35.98766326904297,2.658237934112549,0.25287649035453796
qwen2_5_0_5b_base,headquarters:12,headquarters,declarative,19,39.74079132080078,3.7953712940216064,0.2825586497783661
qwen2_5_0_5b_base,headquarters:12,headquarters,declarative,20,53.614009857177734,12.113794326782227,0.30938437581062317
qwen2_5_0_5b_base,headquarters:12,headquarters,declarative,21,74.78498077392578,12.274232864379883,0.30031418800354004
qwen2_5_0_5b_base,headquarters:12,headquarters,declarative,22,81.60821533203125,2.8178460597991943,0.3601248860359192
qwen2_5_0_5b_base,headquarters:12,headquarters,declarative,23,290.5050964355469,12.8280668258667,0.4096793234348297
qwen2_5_0_5b_base,headquarters:12,headquarters,qa,0,4.103120803833008,0.5546345710754395,0.13859157264232635
qwen2_5_0_5b_base,headquarters:12,headquarters,qa,1,6.865307807922363,2.8231208324432373,0.17449072003364563
qwen2_5_0_5b_base,headquarters:12,headquarters,qa,2,8.850419044494629,2.3341305255889893,0.23132020235061646
qwen2_5_0_5b_base,headquarters:12,headquarters,qa,3,9.749373435974121,3.2630209922790527,0.2204572707414627
qwen2_5_0_5b_base,headquarters:12,headquarters,qa,4,10.096814155578613,2.5813090801239014,0.21282710134983063
qwen2_5_0_5b_base,headquarters:12,headquarters,qa,5,10.709606170654297,3.1045641899108887,0.20946168899536133
qwen2_5_0_5b_base,headquarters:12,headquarters,qa,6,12.292925834655762,2.981088161468506,0.22195398807525635
qwen2_5_0_5b_base,headquarters:12,headquarters,qa,7,12.454612731933594,2.142911911010742,0.21667461097240448
qwen2_5_0_5b_base,headquarters:12,headquarters,qa,8,12.661503791809082,3.0136618614196777,0.1966371089220047
qwen2_5_0_5b_base,headquarters:12,headquarters,qa,9,13.849291801452637,2.9796526432037354,0.20411820709705353
qwen2_5_0_5b_base,headquarters:12,headquarters,qa,10,13.4910249710083,3.038877248764038,0.1929243803024292
qwen2_5_0_5b_base,headquarters:12,headquarters,qa,11,15.270407676696777,2.6249730587005615,0.2142743021249771
qwen2_5_0_5b_base,headquarters:12,headquarters,qa,12,15.114357948303223,3.1647441387176514,0.21424205601215363
qwen2_5_0_5b_base,headquarters:12,headquarters,qa,13,16.063583374023438,2.76357102394104,0.21538425981998444
qwen2_5_0_5b_base,headquarters:12,headquarters,qa,14,19.381328582763672,5.852316856384277,0.2403828650712967
qwen2_5_0_5b_base,headquarters:12,headquarters,qa,15,21.83974266052246,4.649965763092041,0.2548641860485077
qwen2_5_0_5b_base,headquarters:12,headquarters,qa,16,25.323122024536133,1.5305167436599731,0.27411314845085144
qwen2_5_0_5b_base,headquarters:12,headquarters,qa,17,32.20952606201172,4.747113227844238,0.25930675864219666
qwen2_5_0_5b_base,headquarters:12,headquarters,qa,18,35.83488464355469,3.2265448570251465,0.24522274732589722
qwen2_5_0_5b_base,headquarters:12,headquarters,qa,19,38.972900390625,4.268530368804932,0.28502029180526733
qwen2_5_0_5b_base,headquarters:12,headquarters,qa,20,54.44706726074219,13.151834487915039,0.306845098733902
qwen2_5_0_5b_base,headquarters:12,headquarters,qa,21,75.52629852294922,15.213204383850098,0.28323894739151
qwen2_5_0_5b_base,headquarters:12,headquarters,qa,22,82.61187744140625,3.364733934402466,0.33145323395729065
qwen2_5_0_5b_base,headquarters:12,headquarters,qa,23,305.457763671875,14.219873428344727,0.39370521903038025
qwen2_5_0_5b_base,headquarters:12,headquarters,chat_template,0,3.6205077171325684,0.5899487137794495,0.10451938956975937
qwen2_5_0_5b_base,headquarters:12,headquarters,chat_template,1,6.821854591369629,2.843082904815674,0.16754041612148285
qwen2_5_0_5b_base,headquarters:12,headquarters,chat_template,2,7.302191734313965,1.523858904838562,0.14811518788337708
qwen2_5_0_5b_base,headquarters:12,headquarters,chat_template,3,8.328643798828125,2.285463809967041,0.17097432911396027
qwen2_5_0_5b_base,headquarters:12,headquarters,chat_template,4,9.506027221679688,2.839749813079834,0.19343514740467072
qwen2_5_0_5b_base,headquarters:12,headquarters,chat_template,5,10.29073429107666,3.8785340785980225,0.21108058094978333
qwen2_5_0_5b_base,headquarters:12,headquarters,chat_template,6,11.528077125549316,3.1060938835144043,0.21847178041934967
qwen2_5_0_5b_base,headquarters:12,headquarters,chat_template,7,12.755243301391602,3.6215662956237793,0.22191594541072845
qwen2_5_0_5b_base,headquarters:12,headquarters,chat_template,8,12.753154754638672,4.06376838684082,0.20333939790725708
qwen2_5_0_5b_base,headquarters:12,headquarters,chat_template,9,13.677457809448242,3.3146021366119385,0.20932233333587646
qwen2_5_0_5b_base,headquarters:12,headquarters,chat_template,10,14.56222152709961,4.231351852416992,0.2070533037185669
qwen2_5_0_5b_base,headquarters:12,headquarters,chat_template,11,16.039949417114258,2.4152297973632812,0.22299014031887054
qwen2_5_0_5b_base,headquarters:12,headquarters,chat_template,12,15.694066047668457,3.867277145385742,0.22389620542526245
qwen2_5_0_5b_base,headquarters:12,headquarters,chat_template,13,16.273290634155273,3.0449070930480957,0.22435232996940613
qwen2_5_0_5b_base,headquarters:12,headquarters,chat_template,14,19.730039596557617,5.634463787078857,0.24700802564620972
qwen2_5_0_5b_base,headquarters:12,headquarters,chat_template,15,20.727859497070312,4.558145523071289,0.2558442950248718
qwen2_5_0_5b_base,headquarters:12,headquarters,chat_template,16,23.051727294921875,2.4919512271881104,0.2871135473251343
qwen2_5_0_5b_base,headquarters:12,headquarters,chat_template,17,29.86833953857422,5.3553972244262695,0.2556670904159546
qwen2_5_0_5b_base,headquarters:12,headquarters,chat_template,18,33.72109603881836,3.4794270992279053,0.24520926177501678
qwen2_5_0_5b_base,headquarters:12,headquarters,chat_template,19,37.4984245300293,3.6164262294769287,0.2753072679042816
qwen2_5_0_5b_base,headquarters:12,headquarters,chat_template,20,50.47419357299805,9.599498748779297,0.28696539998054504
qwen2_5_0_5b_base,headquarters:12,headquarters,chat_template,21,65.93243408203125,22.966005325317383,0.24965065717697144
qwen2_5_0_5b_base,headquarters:12,headquarters,chat_template,22,68.94309997558594,10.078943252563477,0.31330975890159607
qwen2_5_0_5b_base,headquarters:12,headquarters,chat_template,23,252.78030395507812,13.818219184875488,0.3963855803012848
qwen2_5_0_5b_base,headquarters:13,headquarters,raw_question,0,4.446820259094238,0.45365235209465027,0.13470491766929626
qwen2_5_0_5b_base,headquarters:13,headquarters,raw_question,1,7.901798725128174,2.8435604572296143,0.16805875301361084
qwen2_5_0_5b_base,headquarters:13,headquarters,raw_question,2,7.899943828582764,1.5372669696807861,0.17200633883476257
qwen2_5_0_5b_base,headquarters:13,headquarters,raw_question,3,9.674956321716309,1.8963217735290527,0.18396718800067902
qwen2_5_0_5b_base,headquarters:13,headquarters,raw_question,4,10.839363098144531,2.5977206230163574,0.21144385635852814
qwen2_5_0_5b_base,headquarters:13,headquarters,raw_question,5,11.519023895263672,2.89129638671875,0.21280010044574738
qwen2_5_0_5b_base,headquarters:13,headquarters,raw_question,6,12.888367652893066,2.255556583404541,0.21697646379470825
qwen2_5_0_5b_base,headquarters:13,headquarters,raw_question,7,14.324807167053223,2.2173402309417725,0.21423470973968506
qwen2_5_0_5b_base,headquarters:13,headquarters,raw_question,8,14.819798469543457,3.6075387001037598,0.20428131520748138
qwen2_5_0_5b_base,headquarters:13,headquarters,raw_question,9,15.621463775634766,2.735327959060669,0.20320019125938416
qwen2_5_0_5b_base,headquarters:13,headquarters,raw_question,10,15.903369903564453,4.053594589233398,0.19352523982524872
qwen2_5_0_5b_base,headquarters:13,headquarters,raw_question,11,15.549689292907715,2.5676968097686768,0.19745345413684845
qwen2_5_0_5b_base,headquarters:13,headquarters,raw_question,12,16.554718017578125,2.6283154487609863,0.20173421502113342
qwen2_5_0_5b_base,headquarters:13,headquarters,raw_question,13,17.827253341674805,3.0214366912841797,0.20278656482696533
qwen2_5_0_5b_base,headquarters:13,headquarters,raw_question,14,18.267301559448242,3.308727741241455,0.21624477207660675
qwen2_5_0_5b_base,headquarters:13,headquarters,raw_question,15,20.02231788635254,2.959451675415039,0.23605281114578247
qwen2_5_0_5b_base,headquarters:13,headquarters,raw_question,16,24.189971923828125,0.9984397292137146,0.2722105383872986
qwen2_5_0_5b_base,headquarters:13,headquarters,raw_question,17,29.271896362304688,3.965534210205078,0.2590363025665283
qwen2_5_0_5b_base,headquarters:13,headquarters,raw_question,18,33.081451416015625,1.5828046798706055,0.25583845376968384
qwen2_5_0_5b_base,headquarters:13,headquarters,raw_question,19,36.9103889465332,3.3419978618621826,0.28362250328063965
qwen2_5_0_5b_base,headquarters:13,headquarters,raw_question,20,49.661964416503906,7.379464149475098,0.2781931161880493
qwen2_5_0_5b_base,headquarters:13,headquarters,raw_question,21,70.55736541748047,13.625065803527832,0.2457563430070877
qwen2_5_0_5b_base,headquarters:13,headquarters,raw_question,22,75.51996612548828,4.146677017211914,0.26658669114112854
qwen2_5_0_5b_base,headquarters:13,headquarters,raw_question,23,269.1211853027344,11.013691902160645,0.3649214804172516
qwen2_5_0_5b_base,headquarters:13,headquarters,declarative,0,4.6617889404296875,0.4596967101097107,0.13244228065013885
qwen2_5_0_5b_base,headquarters:13,headquarters,declarative,1,7.669450283050537,2.8528597354888916,0.17563599348068237
qwen2_5_0_5b_base,headquarters:13,headquarters,declarative,2,9.218032836914062,1.851667881011963,0.1937977373600006
qwen2_5_0_5b_base,headquarters:13,headquarters,declarative,3,10.458868980407715,1.987034559249878,0.21106041967868805
qwen2_5_0_5b_base,headquarters:13,headquarters,declarative,4,11.413650512695312,2.825542449951172,0.21355904638767242
qwen2_5_0_5b_base,headquarters:13,headquarters,declarative,5,12.47745418548584,3.3931167125701904,0.22050336003303528
qwen2_5_0_5b_base,headquarters:13,headquarters,declarative,6,15.551874160766602,2.565524101257324,0.22740153968334198
qwen2_5_0_5b_base,headquarters:13,headquarters,declarative,7,14.325479507446289,3.761322259902954,0.22332532703876495
qwen2_5_0_5b_base,headquarters:13,headquarters,declarative,8,14.84360122680664,4.019192695617676,0.2126179188489914
qwen2_5_0_5b_base,headquarters:13,headquarters,declarative,9,15.131604194641113,2.460275411605835,0.20713502168655396
qwen2_5_0_5b_base,headquarters:13,headquarters,declarative,10,16.047523498535156,4.017313480377197,0.21664880216121674
qwen2_5_0_5b_base,headquarters:13,headquarters,declarative,11,15.825648307800293,2.716981887817383,0.20880067348480225
qwen2_5_0_5b_base,headquarters:13,headquarters,declarative,12,17.90911102294922,3.296786308288574,0.20857249200344086
qwen2_5_0_5b_base,headquarters:13,headquarters,declarative,13,18.494518280029297,2.18102765083313,0.20066575706005096
qwen2_5_0_5b_base,headquarters:13,headquarters,declarative,14,19.625598907470703,3.9279654026031494,0.2255411148071289
qwen2_5_0_5b_base,headquarters:13,headquarters,declarative,15,22.380517959594727,3.889530658721924,0.2524355351924896
qwen2_5_0_5b_base,headquarters:13,headquarters,declarative,16,26.05599021911621,0.6498313546180725,0.27399584650993347
qwen2_5_0_5b_base,headquarters:13,headquarters,declarative,17,30.571210861206055,6.584151744842529,0.24769903719425201
qwen2_5_0_5b_base,headquarters:13,headquarters,declarative,18,35.47817611694336,2.5908117294311523,0.253925621509552
qwen2_5_0_5b_base,headquarters:13,headquarters,declarative,19,39.558135986328125,3.9395129680633545,0.2836519479751587
qwen2_5_0_5b_base,headquarters:13,headquarters,declarative,20,55.418853759765625,11.108325004577637,0.30928316712379456
qwen2_5_0_5b_base,headquarters:13,headquarters,declarative,21,73.43817138671875,15.89323616027832,0.29854217171669006
qwen2_5_0_5b_base,headquarters:13,headquarters,declarative,22,83.3083724975586,2.9996085166931152,0.3677242398262024
qwen2_5_0_5b_base,headquarters:13,headquarters,declarative,23,293.3802795410156,10.749741554260254,0.4027378261089325
qwen2_5_0_5b_base,headquarters:13,headquarters,qa,0,4.112143516540527,0.5566295981407166,0.14065441489219666
qwen2_5_0_5b_base,headquarters:13,headquarters,qa,1,6.839755535125732,2.811936140060425,0.17423556745052338
qwen2_5_0_5b_base,headquarters:13,headquarters,qa,2,8.918898582458496,2.412550449371338,0.23326051235198975
qwen2_5_0_5b_base,headquarters:13,headquarters,qa,3,9.853341102600098,3.2699897289276123,0.22099359333515167
qwen2_5_0_5b_base,headquarters:13,headquarters,qa,4,10.212244033813477,2.61600661277771,0.21322230994701385
qwen2_5_0_5b_base,headquarters:13,headquarters,qa,5,10.852917671203613,3.197089433670044,0.21025067567825317
qwen2_5_0_5b_base,headquarters:13,headquarters,qa,6,12.521934509277344,2.981431007385254,0.22390864789485931
qwen2_5_0_5b_base,headquarters:13,headquarters,qa,7,12.48589038848877,2.237679958343506,0.21833592653274536
qwen2_5_0_5b_base,headquarters:13,headquarters,qa,8,12.679900169372559,2.9397895336151123,0.19681212306022644
qwen2_5_0_5b_base,headquarters:13,headquarters,qa,9,13.925824165344238,2.9614369869232178,0.2064935714006424
qwen2_5_0_5b_base,headquarters:13,headquarters,qa,10,13.497568130493164,3.0777711868286133,0.19644112884998322
qwen2_5_0_5b_base,headquarters:13,headquarters,qa,11,15.322638511657715,2.5800771713256836,0.2167287915945053
qwen2_5_0_5b_base,headquarters:13,headquarters,qa,12,15.186399459838867,3.18854022026062,0.21604909002780914
qwen2_5_0_5b_base,headquarters:13,headquarters,qa,13,16.062528610229492,2.8658447265625,0.21746811270713806
qwen2_5_0_5b_base,headquarters:13,headquarters,qa,14,19.281991958618164,5.76189661026001,0.24101513624191284
qwen2_5_0_5b_base,headquarters:13,headquarters,qa,15,21.98417091369629,4.919617176055908,0.25647616386413574
qwen2_5_0_5b_base,headquarters:13,headquarters,qa,16,25.725709915161133,1.3142009973526,0.2756699025630951
qwen2_5_0_5b_base,headquarters:13,headquarters,qa,17,32.73384475708008,5.48396635055542,0.26107120513916016
qwen2_5_0_5b_base,headquarters:13,headquarters,qa,18,36.14021301269531,3.4395124912261963,0.2492012232542038
qwen2_5_0_5b_base,headquarters:13,headquarters,qa,19,39.34230041503906,4.320152759552002,0.2846037745475769
qwen2_5_0_5b_base,headquarters:13,headquarters,qa,20,54.41653823852539,12.529852867126465,0.3067810535430908
qwen2_5_0_5b_base,headquarters:13,headquarters,qa,21,74.65217590332031,19.87810516357422,0.2820775508880615
qwen2_5_0_5b_base,headquarters:13,headquarters,qa,22,83.20027160644531,2.8301329612731934,0.3347286283969879
qwen2_5_0_5b_base,headquarters:13,headquarters,qa,23,293.9165344238281,11.496853828430176,0.389806866645813
qwen2_5_0_5b_base,headquarters:13,headquarters,chat_template,0,3.6209876537323,0.5901641249656677,0.10464928299188614
qwen2_5_0_5b_base,headquarters:13,headquarters,chat_template,1,6.812166690826416,2.8409998416900635,0.1673894226551056
qwen2_5_0_5b_base,headquarters:13,headquarters,chat_template,2,7.302338600158691,1.5329864025115967,0.14836299419403076
qwen2_5_0_5b_base,headquarters:13,headquarters,chat_template,3,8.350696563720703,2.3040716648101807,0.17074303328990936
qwen2_5_0_5b_base,headquarters:13,headquarters,chat_template,4,9.581791877746582,2.8805179595947266,0.19358892738819122
qwen2_5_0_5b_base,headquarters:13,headquarters,chat_template,5,10.484749794006348,3.981764793395996,0.21153303980827332
qwen2_5_0_5b_base,headquarters:13,headquarters,chat_template,6,11.84422779083252,3.1021032333374023,0.21992488205432892
qwen2_5_0_5b_base,headquarters:13,headquarters,chat_template,7,12.873695373535156,3.7150824069976807,0.22326505184173584
qwen2_5_0_5b_base,headquarters:13,headquarters,chat_template,8,12.787238121032715,4.152284145355225,0.20272064208984375
qwen2_5_0_5b_base,headquarters:13,headquarters,chat_template,9,13.671984672546387,3.2792410850524902,0.2091720551252365
qwen2_5_0_5b_base,headquarters:13,headquarters,chat_template,10,14.503715515136719,4.036865234375,0.2052786946296692
qwen2_5_0_5b_base,headquarters:13,headquarters,chat_template,11,15.976041793823242,2.4040980339050293,0.2208135575056076
qwen2_5_0_5b_base,headquarters:13,headquarters,chat_template,12,15.526432037353516,3.823544979095459,0.22199763357639313
qwen2_5_0_5b_base,headquarters:13,headquarters,chat_template,13,16.025793075561523,2.863661766052246,0.22142986953258514
qwen2_5_0_5b_base,headquarters:13,headquarters,chat_template,14,19.66155433654785,5.737522602081299,0.2454548329114914
qwen2_5_0_5b_base,headquarters:13,headquarters,chat_template,15,20.89506721496582,4.591022491455078,0.2563518285751343
qwen2_5_0_5b_base,headquarters:13,headquarters,chat_template,16,23.11567497253418,2.879901647567749,0.2861408293247223
qwen2_5_0_5b_base,headquarters:13,headquarters,chat_template,17,29.959632873535156,5.317038059234619,0.25475767254829407
qwen2_5_0_5b_base,headquarters:13,headquarters,chat_template,18,33.91306686401367,3.5620172023773193,0.24469801783561707
qwen2_5_0_5b_base,headquarters:13,headquarters,chat_template,19,37.62486267089844,4.093722820281982,0.27560463547706604
qwen2_5_0_5b_base,headquarters:13,headquarters,chat_template,20,50.93830871582031,10.610013961791992,0.2902109622955322
qwen2_5_0_5b_base,headquarters:13,headquarters,chat_template,21,66.58995056152344,21.38978385925293,0.25136491656303406
qwen2_5_0_5b_base,headquarters:13,headquarters,chat_template,22,70.38810729980469,8.713225364685059,0.3108879029750824
qwen2_5_0_5b_base,headquarters:13,headquarters,chat_template,23,267.943359375,13.897676467895508,0.3986250162124634
qwen2_5_0_5b_base,headquarters:14,headquarters,raw_question,0,4.457459449768066,0.44652149081230164,0.13572898507118225
qwen2_5_0_5b_base,headquarters:14,headquarters,raw_question,1,7.8886284828186035,2.820483684539795,0.1679183691740036
qwen2_5_0_5b_base,headquarters:14,headquarters,raw_question,2,7.832560062408447,1.50492525100708,0.17011712491512299
qwen2_5_0_5b_base,headquarters:14,headquarters,raw_question,3,9.578927993774414,1.8290828466415405,0.1830938160419464
qwen2_5_0_5b_base,headquarters:14,headquarters,raw_question,4,10.751639366149902,2.5192642211914062,0.21007175743579865
qwen2_5_0_5b_base,headquarters:14,headquarters,raw_question,5,11.44968032836914,2.8910255432128906,0.21307197213172913
qwen2_5_0_5b_base,headquarters:14,headquarters,raw_question,6,12.755830764770508,2.4409501552581787,0.21951760351657867
qwen2_5_0_5b_base,headquarters:14,headquarters,raw_question,7,14.11471939086914,2.2834534645080566,0.21539372205734253
qwen2_5_0_5b_base,headquarters:14,headquarters,raw_question,8,14.668437004089355,4.097620964050293,0.203323632478714
qwen2_5_0_5b_base,headquarters:14,headquarters,raw_question,9,15.481950759887695,2.727994680404663,0.20285329222679138
qwen2_5_0_5b_base,headquarters:14,headquarters,raw_question,10,15.78647232055664,4.037936687469482,0.1945074200630188
qwen2_5_0_5b_base,headquarters:14,headquarters,raw_question,11,15.355387687683105,2.538409948348999,0.19765469431877136
qwen2_5_0_5b_base,headquarters:14,headquarters,raw_question,12,16.378726959228516,2.678353786468506,0.2023812085390091
qwen2_5_0_5b_base,headquarters:14,headquarters,raw_question,13,17.732215881347656,3.002687692642212,0.2032708078622818
qwen2_5_0_5b_base,headquarters:14,headquarters,raw_question,14,18.043277740478516,3.465541362762451,0.21670953929424286
qwen2_5_0_5b_base,headquarters:14,headquarters,raw_question,15,19.875850677490234,2.92315673828125,0.235512837767601
qwen2_5_0_5b_base,headquarters:14,headquarters,raw_question,16,24.042142868041992,1.0371956825256348,0.27332648634910583
qwen2_5_0_5b_base,headquarters:14,headquarters,raw_question,17,29.203292846679688,3.964571714401245,0.2634489834308624
qwen2_5_0_5b_base,headquarters:14,headquarters,raw_question,18,33.05056381225586,1.646958589553833,0.26401910185813904
qwen2_5_0_5b_base,headquarters:14,headquarters,raw_question,19,36.84159469604492,3.080305337905884,0.2906980514526367
qwen2_5_0_5b_base,headquarters:14,headquarters,raw_question,20,49.074771881103516,7.37324857711792,0.27896809577941895
qwen2_5_0_5b_base,headquarters:14,headquarters,raw_question,21,69.06885528564453,11.59994888305664,0.2457839548587799
qwen2_5_0_5b_base,headquarters:14,headquarters,raw_question,22,73.9630355834961,3.2692513465881348,0.265401691198349
qwen2_5_0_5b_base,headquarters:14,headquarters,raw_question,23,273.9463195800781,11.370912551879883,0.3549429774284363
qwen2_5_0_5b_base,headquarters:14,headquarters,declarative,0,4.74118185043335,0.45000022649765015,0.1323401778936386
qwen2_5_0_5b_base,headquarters:14,headquarters,declarative,1,7.719796657562256,2.852490186691284,0.17535729706287384
qwen2_5_0_5b_base,headquarters:14,headquarters,declarative,2,9.133614540100098,1.7783043384552002,0.193625807762146
qwen2_5_0_5b_base,headquarters:14,headquarters,declarative,3,10.422333717346191,1.9901174306869507,0.2108304649591446
qwen2_5_0_5b_base,headquarters:14,headquarters,declarative,4,11.2241792678833,2.8227038383483887,0.2135424166917801
qwen2_5_0_5b_base,headquarters:14,headquarters,declarative,5,12.459364891052246,3.504286766052246,0.220251202583313
qwen2_5_0_5b_base,headquarters:14,headquarters,declarative,6,15.281733512878418,2.6563422679901123,0.2288646250963211
qwen2_5_0_5b_base,headquarters:14,headquarters,declarative,7,14.024659156799316,3.799764633178711,0.22419731318950653
qwen2_5_0_5b_base,headquarters:14,headquarters,declarative,8,14.654854774475098,4.146850109100342,0.21320533752441406
qwen2_5_0_5b_base,headquarters:14,headquarters,declarative,9,14.881458282470703,2.477811336517334,0.20698831975460052
qwen2_5_0_5b_base,headquarters:14,headquarters,declarative,10,16.032119750976562,4.109907150268555,0.21848364174365997
qwen2_5_0_5b_base,headquarters:14,headquarters,declarative,11,15.812236785888672,2.7845795154571533,0.2105741798877716
qwen2_5_0_5b_base,headquarters:14,headquarters,declarative,12,17.849079132080078,3.291670083999634,0.21066023409366608
qwen2_5_0_5b_base,headquarters:14,headquarters,declarative,13,18.632795333862305,2.269371509552002,0.2018919289112091
qwen2_5_0_5b_base,headquarters:14,headquarters,declarative,14,19.588333129882812,3.752882242202759,0.22590912878513336
qwen2_5_0_5b_base,headquarters:14,headquarters,declarative,15,22.140392303466797,3.6825790405273438,0.25192755460739136
qwen2_5_0_5b_base,headquarters:14,headquarters,declarative,16,25.57166290283203,0.6520272493362427,0.2738160192966461
qwen2_5_0_5b_base,headquarters:14,headquarters,declarative,17,30.259687423706055,5.682592868804932,0.24843589961528778
qwen2_5_0_5b_base,headquarters:14,headquarters,declarative,18,34.680938720703125,2.596874237060547,0.25192704796791077
qwen2_5_0_5b_base,headquarters:14,headquarters,declarative,19,38.65592956542969,3.888939380645752,0.284595251083374
qwen2_5_0_5b_base,headquarters:14,headquarters,declarative,20,52.07638931274414,11.902801513671875,0.30595865845680237
qwen2_5_0_5b_base,headquarters:14,headquarters,declarative,21,73.4169921875,13.042506217956543,0.2926182150840759
qwen2_5_0_5b_base,headquarters:14,headquarters,declarative,22,82.21941375732422,2.9963762760162354,0.34806695580482483
qwen2_5_0_5b_base,headquarters:14,headquarters,declarative,23,292.33013916015625,11.279154777526855,0.3994929790496826
qwen2_5_0_5b_base,headquarters:14,headquarters,qa,0,4.122506141662598,0.5539795756340027,0.1422317624092102
qwen2_5_0_5b_base,headquarters:14,headquarters,qa,1,6.867743968963623,2.8175721168518066,0.17420893907546997
qwen2_5_0_5b_base,headquarters:14,headquarters,qa,2,8.857388496398926,2.412142276763916,0.23216314613819122
qwen2_5_0_5b_base,headquarters:14,headquarters,qa,3,9.751656532287598,3.2328155040740967,0.2199549376964569
qwen2_5_0_5b_base,headquarters:14,headquarters,qa,4,10.181510925292969,2.591151237487793,0.21187034249305725
qwen2_5_0_5b_base,headquarters:14,headquarters,qa,5,10.763995170593262,3.197507858276367,0.2100362330675125
qwen2_5_0_5b_base,headquarters:14,headquarters,qa,6,12.338033676147461,2.8590099811553955,0.22400803864002228
qwen2_5_0_5b_base,headquarters:14,headquarters,qa,7,12.3841552734375,2.26017427444458,0.21880583465099335
qwen2_5_0_5b_base,headquarters:14,headquarters,qa,8,12.64933967590332,2.9809648990631104,0.1971389353275299
qwen2_5_0_5b_base,headquarters:14,headquarters,qa,9,14.045891761779785,3.0535130500793457,0.20838502049446106
qwen2_5_0_5b_base,headquarters:14,headquarters,qa,10,13.5682954788208,3.141493082046509,0.19827687740325928
qwen2_5_0_5b_base,headquarters:14,headquarters,qa,11,15.50943660736084,2.5659027099609375,0.21850498020648956
qwen2_5_0_5b_base,headquarters:14,headquarters,qa,12,15.406754493713379,3.2547800540924072,0.2181435078382492
qwen2_5_0_5b_base,headquarters:14,headquarters,qa,13,16.200204849243164,2.971083164215088,0.2185547947883606
qwen2_5_0_5b_base,headquarters:14,headquarters,qa,14,19.634403228759766,5.786775588989258,0.24243703484535217
qwen2_5_0_5b_base,headquarters:14,headquarters,qa,15,21.987197875976562,4.994438648223877,0.25802910327911377
qwen2_5_0_5b_base,headquarters:14,headquarters,qa,16,25.805025100708008,1.3389651775360107,0.27611368894577026
qwen2_5_0_5b_base,headquarters:14,headquarters,qa,17,32.97573471069336,4.990293025970459,0.26080742478370667
qwen2_5_0_5b_base,headquarters:14,headquarters,qa,18,36.056602478027344,3.475895404815674,0.24889293313026428
qwen2_5_0_5b_base,headquarters:14,headquarters,qa,19,38.92012023925781,4.2345662117004395,0.2871411144733429
qwen2_5_0_5b_base,headquarters:14,headquarters,qa,20,53.8623161315918,13.83449649810791,0.3057135343551636
qwen2_5_0_5b_base,headquarters:14,headquarters,qa,21,74.36048889160156,16.139097213745117,0.28143587708473206
qwen2_5_0_5b_base,headquarters:14,headquarters,qa,22,82.07667541503906,2.543367862701416,0.33850526809692383
qwen2_5_0_5b_base,headquarters:14,headquarters,qa,23,298.6954040527344,12.791450500488281,0.3961765170097351
qwen2_5_0_5b_base,headquarters:14,headquarters,chat_template,0,3.6125099658966064,0.5899664759635925,0.10456420481204987
qwen2_5_0_5b_base,headquarters:14,headquarters,chat_template,1,6.810839653015137,2.837575674057007,0.16741712391376495
qwen2_5_0_5b_base,headquarters:14,headquarters,chat_template,2,7.315053462982178,1.5336897373199463,0.14848189055919647
qwen2_5_0_5b_base,headquarters:14,headquarters,chat_template,3,8.35130500793457,2.313746690750122,0.17074882984161377
qwen2_5_0_5b_base,headquarters:14,headquarters,chat_template,4,9.558974266052246,2.865297794342041,0.19287315011024475
qwen2_5_0_5b_base,headquarters:14,headquarters,chat_template,5,10.491907119750977,3.990122079849243,0.21137960255146027
qwen2_5_0_5b_base,headquarters:14,headquarters,chat_template,6,11.85513973236084,3.073059320449829,0.2199355661869049
qwen2_5_0_5b_base,headquarters:14,headquarters,chat_template,7,12.884562492370605,3.7405216693878174,0.2240082025527954
qwen2_5_0_5b_base,headquarters:14,headquarters,chat_template,8,12.783355712890625,4.167982578277588,0.20313142240047455
qwen2_5_0_5b_base,headquarters:14,headquarters,chat_template,9,13.687423706054688,3.23508620262146,0.20910930633544922
qwen2_5_0_5b_base,headquarters:14,headquarters,chat_template,10,14.430014610290527,4.029016017913818,0.2050231397151947
qwen2_5_0_5b_base,headquarters:14,headquarters,chat_template,11,16.001205444335938,2.4184584617614746,0.22142377495765686
qwen2_5_0_5b_base,headquarters:14,headquarters,chat_template,12,15.545395851135254,3.8017091751098633,0.22253398597240448
qwen2_5_0_5b_base,headquarters:14,headquarters,chat_template,13,15.97456169128418,2.83125638961792,0.22184979915618896
qwen2_5_0_5b_base,headquarters:14,headquarters,chat_template,14,19.54526710510254,5.788867950439453,0.24539855122566223
qwen2_5_0_5b_base,headquarters:14,headquarters,chat_template,15,20.71285629272461,4.5458149909973145,0.2568279206752777
qwen2_5_0_5b_base,headquarters:14,headquarters,chat_template,16,22.971458435058594,2.7778422832489014,0.28616225719451904
qwen2_5_0_5b_base,headquarters:14,headquarters,chat_template,17,29.82855987548828,5.335566520690918,0.2549051344394684
qwen2_5_0_5b_base,headquarters:14,headquarters,chat_template,18,33.709651947021484,3.5433123111724854,0.24471016228199005
qwen2_5_0_5b_base,headquarters:14,headquarters,chat_template,19,37.39970779418945,3.9388017654418945,0.27497491240501404
qwen2_5_0_5b_base,headquarters:14,headquarters,chat_template,20,50.475284576416016,10.761350631713867,0.28779125213623047
qwen2_5_0_5b_base,headquarters:14,headquarters,chat_template,21,66.63200378417969,22.09588623046875,0.2506430149078369
qwen2_5_0_5b_base,headquarters:14,headquarters,chat_template,22,69.33189392089844,7.308964252471924,0.313762903213501
qwen2_5_0_5b_base,headquarters:14,headquarters,chat_template,23,265.9619445800781,14.478636741638184,0.3966636657714844
qwen2_5_0_5b_base,headquarters:15,headquarters,raw_question,0,4.303059101104736,0.44859886169433594,0.13505937159061432
qwen2_5_0_5b_base,headquarters:15,headquarters,raw_question,1,7.968914031982422,2.8136632442474365,0.170467808842659
qwen2_5_0_5b_base,headquarters:15,headquarters,raw_question,2,7.860023498535156,1.3347649574279785,0.17251789569854736
qwen2_5_0_5b_base,headquarters:15,headquarters,raw_question,3,9.775651931762695,1.924837589263916,0.18344105780124664
qwen2_5_0_5b_base,headquarters:15,headquarters,raw_question,4,11.058889389038086,2.9835009574890137,0.21363112330436707
qwen2_5_0_5b_base,headquarters:15,headquarters,raw_question,5,11.554697036743164,2.9120609760284424,0.2113196700811386
qwen2_5_0_5b_base,headquarters:15,headquarters,raw_question,6,12.718567848205566,2.20284366607666,0.2140829712152481
qwen2_5_0_5b_base,headquarters:15,headquarters,raw_question,7,14.006852149963379,2.1421120166778564,0.21244566142559052
qwen2_5_0_5b_base,headquarters:15,headquarters,raw_question,8,14.615822792053223,3.6727356910705566,0.20008830726146698
qwen2_5_0_5b_base,headquarters:15,headquarters,raw_question,9,15.391813278198242,2.85673189163208,0.20011687278747559
qwen2_5_0_5b_base,headquarters:15,headquarters,raw_question,10,15.970922470092773,3.928812026977539,0.194065660238266
qwen2_5_0_5b_base,headquarters:15,headquarters,raw_question,11,15.705831527709961,2.668186902999878,0.19691482186317444
qwen2_5_0_5b_base,headquarters:15,headquarters,raw_question,12,16.796630859375,2.5745840072631836,0.20111139118671417
qwen2_5_0_5b_base,headquarters:15,headquarters,raw_question,13,18.289817810058594,2.9921905994415283,0.20070424675941467
qwen2_5_0_5b_base,headquarters:15,headquarters,raw_question,14,18.59329605102539,3.613211154937744,0.21496835350990295
qwen2_5_0_5b_base,headquarters:15,headquarters,raw_question,15,20.11261558532715,2.5831668376922607,0.23647524416446686
qwen2_5_0_5b_base,headquarters:15,headquarters,raw_question,16,24.611112594604492,1.0244807004928589,0.2683093845844269
qwen2_5_0_5b_base,headquarters:15,headquarters,raw_question,17,29.640602111816406,3.9918105602264404,0.25842389464378357
qwen2_5_0_5b_base,headquarters:15,headquarters,raw_question,18,33.58442687988281,1.4891811609268188,0.252147376537323
qwen2_5_0_5b_base,headquarters:15,headquarters,raw_question,19,38.209930419921875,3.2265050411224365,0.2803960144519806
qwen2_5_0_5b_base,headquarters:15,headquarters,raw_question,20,50.818695068359375,7.575940132141113,0.2787342071533203
qwen2_5_0_5b_base,headquarters:15,headquarters,raw_question,21,74.46034240722656,10.85209846496582,0.24492871761322021
qwen2_5_0_5b_base,headquarters:15,headquarters,raw_question,22,78.41156768798828,3.612191677093506,0.2609260380268097
qwen2_5_0_5b_base,headquarters:15,headquarters,raw_question,23,269.2694396972656,10.392026901245117,0.37013545632362366
qwen2_5_0_5b_base,headquarters:15,headquarters,declarative,0,4.672917366027832,0.446806937456131,0.1300097554922104
qwen2_5_0_5b_base,headquarters:15,headquarters,declarative,1,7.7378082275390625,2.8544843196868896,0.17606639862060547
qwen2_5_0_5b_base,headquarters:15,headquarters,declarative,2,9.08134937286377,1.7466052770614624,0.18953371047973633
qwen2_5_0_5b_base,headquarters:15,headquarters,declarative,3,10.375922203063965,1.9464263916015625,0.2081790715456009
qwen2_5_0_5b_base,headquarters:15,headquarters,declarative,4,11.351093292236328,2.753788709640503,0.21406100690364838
qwen2_5_0_5b_base,headquarters:15,headquarters,declarative,5,12.25613021850586,3.14668345451355,0.22081631422042847
qwen2_5_0_5b_base,headquarters:15,headquarters,declarative,6,15.62100887298584,2.6344470977783203,0.22747750580310822
qwen2_5_0_5b_base,headquarters:15,headquarters,declarative,7,14.405123710632324,3.6468665599823,0.22364501655101776
qwen2_5_0_5b_base,headquarters:15,headquarters,declarative,8,15.046700477600098,4.268539905548096,0.21175625920295715
qwen2_5_0_5b_base,headquarters:15,headquarters,declarative,9,15.240681648254395,2.5230231285095215,0.2060442566871643
qwen2_5_0_5b_base,headquarters:15,headquarters,declarative,10,16.154953002929688,3.586592435836792,0.21268297731876373
qwen2_5_0_5b_base,headquarters:15,headquarters,declarative,11,15.796871185302734,2.6444952487945557,0.20491915941238403
qwen2_5_0_5b_base,headquarters:15,headquarters,declarative,12,17.887392044067383,3.3561220169067383,0.20791131258010864
qwen2_5_0_5b_base,headquarters:15,headquarters,declarative,13,18.537830352783203,2.16084361076355,0.19987495243549347
qwen2_5_0_5b_base,headquarters:15,headquarters,declarative,14,19.78272247314453,4.425223350524902,0.2265251874923706
qwen2_5_0_5b_base,headquarters:15,headquarters,declarative,15,22.232141494750977,3.32669997215271,0.251193106174469
qwen2_5_0_5b_base,headquarters:15,headquarters,declarative,16,25.903766632080078,0.704968273639679,0.2726331949234009
qwen2_5_0_5b_base,headquarters:15,headquarters,declarative,17,31.148836135864258,6.917106628417969,0.24503132700920105
qwen2_5_0_5b_base,headquarters:15,headquarters,declarative,18,35.289939880371094,2.9649596214294434,0.2515484392642975
qwen2_5_0_5b_base,headquarters:15,headquarters,declarative,19,40.29598617553711,3.9418752193450928,0.2823886275291443
qwen2_5_0_5b_base,headquarters:15,headquarters,declarative,20,54.07616424560547,11.350844383239746,0.31316253542900085
qwen2_5_0_5b_base,headquarters:15,headquarters,declarative,21,75.61856079101562,14.64685344696045,0.29944145679473877
qwen2_5_0_5b_base,headquarters:15,headquarters,declarative,22,85.56631469726562,3.071481466293335,0.3769889771938324
qwen2_5_0_5b_base,headquarters:15,headquarters,declarative,23,286.99298095703125,10.213793754577637,0.4140057861804962
qwen2_5_0_5b_base,headquarters:15,headquarters,qa,0,4.115296363830566,0.5516889095306396,0.1391882300376892
qwen2_5_0_5b_base,headquarters:15,headquarters,qa,1,6.888992786407471,2.846313714981079,0.17441397905349731
qwen2_5_0_5b_base,headquarters:15,headquarters,qa,2,8.7680025100708,2.3330888748168945,0.2297942042350769
qwen2_5_0_5b_base,headquarters:15,headquarters,qa,3,9.711731910705566,3.2048215866088867,0.21928757429122925
qwen2_5_0_5b_base,headquarters:15,headquarters,qa,4,10.03842830657959,2.5965561866760254,0.21204356849193573
qwen2_5_0_5b_base,headquarters:15,headquarters,qa,5,10.690397262573242,3.0042812824249268,0.21013891696929932
qwen2_5_0_5b_base,headquarters:15,headquarters,qa,6,12.286718368530273,2.9017562866210938,0.2230840027332306
qwen2_5_0_5b_base,headquarters:15,headquarters,qa,7,12.360420227050781,2.174906015396118,0.2180437296628952
qwen2_5_0_5b_base,headquarters:15,headquarters,qa,8,12.690412521362305,3.0388760566711426,0.19737595319747925
qwen2_5_0_5b_base,headquarters:15,headquarters,qa,9,14.134088516235352,3.1486589908599854,0.20934882760047913
qwen2_5_0_5b_base,headquarters:15,headquarters,qa,10,13.482836723327637,3.1099538803100586,0.19750599563121796
qwen2_5_0_5b_base,headquarters:15,headquarters,qa,11,15.38366985321045,2.4476921558380127,0.2179516702890396
qwen2_5_0_5b_base,headquarters:15,headquarters,qa,12,15.404423713684082,3.280726909637451,0.217784121632576
qwen2_5_0_5b_base,headquarters:15,headquarters,qa,13,16.297544479370117,2.947445869445801,0.21847379207611084
qwen2_5_0_5b_base,headquarters:15,headquarters,qa,14,19.372581481933594,5.921500205993652,0.24295729398727417
qwen2_5_0_5b_base,headquarters:15,headquarters,qa,15,21.652036666870117,4.643510818481445,0.2560824751853943
qwen2_5_0_5b_base,headquarters:15,headquarters,qa,16,25.115882873535156,1.3078163862228394,0.27676132321357727
qwen2_5_0_5b_base,headquarters:15,headquarters,qa,17,32.27838134765625,5.748210906982422,0.25891244411468506
qwen2_5_0_5b_base,headquarters:15,headquarters,qa,18,35.419071197509766,3.3680689334869385,0.24819667637348175
qwen2_5_0_5b_base,headquarters:15,headquarters,qa,19,39.335289001464844,4.242364406585693,0.2850496172904968
qwen2_5_0_5b_base,headquarters:15,headquarters,qa,20,53.84945297241211,12.568780899047852,0.3078000545501709
qwen2_5_0_5b_base,headquarters:15,headquarters,qa,21,75.82652282714844,14.796796798706055,0.28573113679885864
qwen2_5_0_5b_base,headquarters:15,headquarters,qa,22,83.5596694946289,4.188084602355957,0.33875948190689087
qwen2_5_0_5b_base,headquarters:15,headquarters,qa,23,301.23834228515625,11.314783096313477,0.3952164351940155
qwen2_5_0_5b_base,headquarters:15,headquarters,chat_template,0,3.585963487625122,0.593237042427063,0.10405457019805908
qwen2_5_0_5b_base,headquarters:15,headquarters,chat_template,1,6.80487060546875,2.81512451171875,0.16675367951393127
qwen2_5_0_5b_base,headquarters:15,headquarters,chat_template,2,7.253659725189209,1.522682785987854,0.14770720899105072
qwen2_5_0_5b_base,headquarters:15,headquarters,chat_template,3,8.277138710021973,2.2875258922576904,0.16953144967556
qwen2_5_0_5b_base,headquarters:15,headquarters,chat_template,4,9.545411109924316,2.923999786376953,0.1937449872493744
qwen2_5_0_5b_base,headquarters:15,headquarters,chat_template,5,10.36497688293457,3.9631764888763428,0.21111902594566345
qwen2_5_0_5b_base,headquarters:15,headquarters,chat_template,6,11.705196380615234,3.1395018100738525,0.21879558265209198
qwen2_5_0_5b_base,headquarters:15,headquarters,chat_template,7,12.999595642089844,3.7076730728149414,0.222800150513649
qwen2_5_0_5b_base,headquarters:15,headquarters,chat_template,8,12.849778175354004,4.238757610321045,0.20465706288814545
qwen2_5_0_5b_base,headquarters:15,headquarters,chat_template,9,13.658367156982422,3.2214081287384033,0.2104426920413971
qwen2_5_0_5b_base,headquarters:15,headquarters,chat_template,10,14.437923431396484,4.039055347442627,0.2067749947309494
qwen2_5_0_5b_base,headquarters:15,headquarters,chat_template,11,15.76253890991211,2.3347561359405518,0.2215835601091385
qwen2_5_0_5b_base,headquarters:15,headquarters,chat_template,12,15.504777908325195,3.8823461532592773,0.22417159378528595
qwen2_5_0_5b_base,headquarters:15,headquarters,chat_template,13,15.979918479919434,3.005650520324707,0.22328875958919525
qwen2_5_0_5b_base,headquarters:15,headquarters,chat_template,14,19.47618293762207,5.61571741104126,0.24645738303661346
qwen2_5_0_5b_base,headquarters:15,headquarters,chat_template,15,20.39122200012207,4.474579334259033,0.2566322982311249
qwen2_5_0_5b_base,headquarters:15,headquarters,chat_template,16,22.677539825439453,2.4346868991851807,0.28696638345718384
qwen2_5_0_5b_base,headquarters:15,headquarters,chat_template,17,29.703588485717773,5.390089988708496,0.25565052032470703
qwen2_5_0_5b_base,headquarters:15,headquarters,chat_template,18,33.70335006713867,3.372159242630005,0.24530184268951416
qwen2_5_0_5b_base,headquarters:15,headquarters,chat_template,19,37.50727462768555,3.9424431324005127,0.275091290473938
qwen2_5_0_5b_base,headquarters:15,headquarters,chat_template,20,49.91288375854492,9.857632637023926,0.28462210297584534
qwen2_5_0_5b_base,headquarters:15,headquarters,chat_template,21,66.69154357910156,23.380598068237305,0.2487773448228836
qwen2_5_0_5b_base,headquarters:15,headquarters,chat_template,22,69.93853759765625,7.825852870941162,0.3140815794467926
qwen2_5_0_5b_base,headquarters:15,headquarters,chat_template,23,254.98692321777344,12.996925354003906,0.3973293900489807
qwen2_5_0_5b_base,headquarters:16,headquarters,raw_question,0,4.422349452972412,0.4538317918777466,0.13479454815387726
qwen2_5_0_5b_base,headquarters:16,headquarters,raw_question,1,7.940520286560059,2.8284988403320312,0.1682513952255249
qwen2_5_0_5b_base,headquarters:16,headquarters,raw_question,2,7.791431903839111,1.6128339767456055,0.16909867525100708
qwen2_5_0_5b_base,headquarters:16,headquarters,raw_question,3,9.595993041992188,1.832152247428894,0.18432722985744476
qwen2_5_0_5b_base,headquarters:16,headquarters,raw_question,4,11.000545501708984,2.6921098232269287,0.2098485231399536
qwen2_5_0_5b_base,headquarters:16,headquarters,raw_question,5,12.016682624816895,2.957822561264038,0.21327608823776245
qwen2_5_0_5b_base,headquarters:16,headquarters,raw_question,6,12.966623306274414,2.143028497695923,0.2201080322265625
qwen2_5_0_5b_base,headquarters:16,headquarters,raw_question,7,14.268933296203613,2.263883590698242,0.21348893642425537
qwen2_5_0_5b_base,headquarters:16,headquarters,raw_question,8,14.673148155212402,3.781412363052368,0.2054361253976822
qwen2_5_0_5b_base,headquarters:16,headquarters,raw_question,9,15.463939666748047,2.752333641052246,0.20185649394989014
qwen2_5_0_5b_base,headquarters:16,headquarters,raw_question,10,15.586743354797363,3.876458168029785,0.19135473668575287
qwen2_5_0_5b_base,headquarters:16,headquarters,raw_question,11,15.324542999267578,2.558041572570801,0.1955299824476242
qwen2_5_0_5b_base,headquarters:16,headquarters,raw_question,12,16.589679718017578,2.578108787536621,0.19936375319957733
qwen2_5_0_5b_base,headquarters:16,headquarters,raw_question,13,17.8643798828125,3.06892466545105,0.20033417642116547
qwen2_5_0_5b_base,headquarters:16,headquarters,raw_question,14,18.09239387512207,3.395716905593872,0.21495801210403442
qwen2_5_0_5b_base,headquarters:16,headquarters,raw_question,15,19.760194778442383,2.782297372817993,0.23250579833984375
qwen2_5_0_5b_base,headquarters:16,headquarters,raw_question,16,23.70918846130371,1.0306490659713745,0.26753494143486023
qwen2_5_0_5b_base,headquarters:16,headquarters,raw_question,17,28.79047393798828,3.980146884918213,0.2539321184158325
qwen2_5_0_5b_base,headquarters:16,headquarters,raw_question,18,32.9202995300293,1.7425034046173096,0.250867635011673
qwen2_5_0_5b_base,headquarters:16,headquarters,raw_question,19,37.10625076293945,3.2158172130584717,0.2806505858898163
qwen2_5_0_5b_base,headquarters:16,headquarters,raw_question,20,50.12416458129883,7.543409824371338,0.277021199464798
qwen2_5_0_5b_base,headquarters:16,headquarters,raw_question,21,71.17130279541016,12.126129150390625,0.24549853801727295
qwen2_5_0_5b_base,headquarters:16,headquarters,raw_question,22,75.80752563476562,3.8952181339263916,0.2647888660430908
qwen2_5_0_5b_base,headquarters:16,headquarters,raw_question,23,285.4837341308594,11.407271385192871,0.36162063479423523
qwen2_5_0_5b_base,headquarters:16,headquarters,declarative,0,4.671064853668213,0.4597840905189514,0.13064628839492798
qwen2_5_0_5b_base,headquarters:16,headquarters,declarative,1,7.741828441619873,2.8537817001342773,0.17502205073833466
qwen2_5_0_5b_base,headquarters:16,headquarters,declarative,2,9.212427139282227,1.78704035282135,0.1933211088180542
qwen2_5_0_5b_base,headquarters:16,headquarters,declarative,3,10.423047065734863,1.9731414318084717,0.2108522206544876
qwen2_5_0_5b_base,headquarters:16,headquarters,declarative,4,11.4484224319458,2.738044023513794,0.21316538751125336
qwen2_5_0_5b_base,headquarters:16,headquarters,declarative,5,12.636275291442871,3.3332626819610596,0.2206779271364212
qwen2_5_0_5b_base,headquarters:16,headquarters,declarative,6,15.549797058105469,2.6543080806732178,0.22669777274131775
qwen2_5_0_5b_base,headquarters:16,headquarters,declarative,7,14.451019287109375,3.6489739418029785,0.22340799868106842
qwen2_5_0_5b_base,headquarters:16,headquarters,declarative,8,14.850568771362305,4.278011322021484,0.21292078495025635
qwen2_5_0_5b_base,headquarters:16,headquarters,declarative,9,14.962202072143555,2.426241874694824,0.2055281549692154
qwen2_5_0_5b_base,headquarters:16,headquarters,declarative,10,15.631855964660645,3.794492721557617,0.2150672823190689
qwen2_5_0_5b_base,headquarters:16,headquarters,declarative,11,15.419116020202637,2.728991746902466,0.20503805577754974
qwen2_5_0_5b_base,headquarters:16,headquarters,declarative,12,17.301118850708008,3.180006504058838,0.20879052579402924
qwen2_5_0_5b_base,headquarters:16,headquarters,declarative,13,17.900358200073242,2.0657339096069336,0.1983151137828827
qwen2_5_0_5b_base,headquarters:16,headquarters,declarative,14,19.3886661529541,4.421592712402344,0.22563618421554565
qwen2_5_0_5b_base,headquarters:16,headquarters,declarative,15,21.962875366210938,3.3998794555664062,0.2517562806606293
qwen2_5_0_5b_base,headquarters:16,headquarters,declarative,16,25.70070457458496,0.6467761397361755,0.2728826701641083
qwen2_5_0_5b_base,headquarters:16,headquarters,declarative,17,31.01301383972168,5.939008712768555,0.2451154738664627
qwen2_5_0_5b_base,headquarters:16,headquarters,declarative,18,35.392127990722656,2.891190767288208,0.2503226399421692
qwen2_5_0_5b_base,headquarters:16,headquarters,declarative,19,38.87996292114258,3.981358289718628,0.2830910384654999
qwen2_5_0_5b_base,headquarters:16,headquarters,declarative,20,51.207794189453125,14.091878890991211,0.3038036823272705
qwen2_5_0_5b_base,headquarters:16,headquarters,declarative,21,69.63497924804688,14.085883140563965,0.3049474060535431
qwen2_5_0_5b_base,headquarters:16,headquarters,declarative,22,81.55643463134766,3.169354200363159,0.36794257164001465
qwen2_5_0_5b_base,headquarters:16,headquarters,declarative,23,276.5234680175781,10.630170822143555,0.41049203276634216
qwen2_5_0_5b_base,headquarters:16,headquarters,qa,0,4.10079288482666,0.5554455518722534,0.1395144909620285
qwen2_5_0_5b_base,headquarters:16,headquarters,qa,1,6.897770404815674,2.8431458473205566,0.17466773092746735
qwen2_5_0_5b_base,headquarters:16,headquarters,qa,2,8.867875099182129,2.3654067516326904,0.23089900612831116
qwen2_5_0_5b_base,headquarters:16,headquarters,qa,3,9.758663177490234,3.2481493949890137,0.22024500370025635
qwen2_5_0_5b_base,headquarters:16,headquarters,qa,4,10.191251754760742,2.6065101623535156,0.21218901872634888
qwen2_5_0_5b_base,headquarters:16,headquarters,qa,5,10.844042778015137,3.21364426612854,0.20975880324840546
qwen2_5_0_5b_base,headquarters:16,headquarters,qa,6,12.448493003845215,2.9499597549438477,0.2240133285522461
qwen2_5_0_5b_base,headquarters:16,headquarters,qa,7,12.456027030944824,2.163184404373169,0.21844251453876495
qwen2_5_0_5b_base,headquarters:16,headquarters,qa,8,12.70157241821289,2.9453728199005127,0.19686976075172424
qwen2_5_0_5b_base,headquarters:16,headquarters,qa,9,14.023466110229492,3.0018763542175293,0.2067861109972
qwen2_5_0_5b_base,headquarters:16,headquarters,qa,10,13.56418228149414,3.0793726444244385,0.19604595005512238
qwen2_5_0_5b_base,headquarters:16,headquarters,qa,11,15.528746604919434,2.6102805137634277,0.21807913482189178
qwen2_5_0_5b_base,headquarters:16,headquarters,qa,12,15.366827964782715,3.222482919692993,0.21696043014526367
qwen2_5_0_5b_base,headquarters:16,headquarters,qa,13,16.14739990234375,2.8817710876464844,0.2179102599620819
qwen2_5_0_5b_base,headquarters:16,headquarters,qa,14,19.370981216430664,5.936257362365723,0.24189552664756775
qwen2_5_0_5b_base,headquarters:16,headquarters,qa,15,21.939327239990234,4.644452095031738,0.258047491312027
qwen2_5_0_5b_base,headquarters:16,headquarters,qa,16,25.694759368896484,1.2773956060409546,0.2769533097743988
qwen2_5_0_5b_base,headquarters:16,headquarters,qa,17,33.216575622558594,5.247797012329102,0.2608460485935211
qwen2_5_0_5b_base,headquarters:16,headquarters,qa,18,36.477508544921875,3.479979991912842,0.24863803386688232
qwen2_5_0_5b_base,headquarters:16,headquarters,qa,19,38.69868850708008,4.200082778930664,0.28602415323257446
qwen2_5_0_5b_base,headquarters:16,headquarters,qa,20,53.23303985595703,14.276084899902344,0.3030676543712616
qwen2_5_0_5b_base,headquarters:16,headquarters,qa,21,73.38259887695312,14.4280366897583,0.28743433952331543
qwen2_5_0_5b_base,headquarters:16,headquarters,qa,22,83.0495376586914,2.760873556137085,0.34309902787208557
qwen2_5_0_5b_base,headquarters:16,headquarters,qa,23,292.58380126953125,11.391530990600586,0.39818286895751953
qwen2_5_0_5b_base,headquarters:16,headquarters,chat_template,0,3.613823175430298,0.5899447202682495,0.10447591543197632
qwen2_5_0_5b_base,headquarters:16,headquarters,chat_template,1,6.814845561981201,2.8451766967773438,0.16734454035758972
qwen2_5_0_5b_base,headquarters:16,headquarters,chat_template,2,7.299890041351318,1.5340101718902588,0.1482282429933548
qwen2_5_0_5b_base,headquarters:16,headquarters,chat_template,3,8.350518226623535,2.2965850830078125,0.17091913521289825
qwen2_5_0_5b_base,headquarters:16,headquarters,chat_template,4,9.596748352050781,2.86704683303833,0.19312743842601776
qwen2_5_0_5b_base,headquarters:16,headquarters,chat_template,5,10.40124797821045,3.925880193710327,0.21122826635837555
qwen2_5_0_5b_base,headquarters:16,headquarters,chat_template,6,11.729629516601562,3.044140577316284,0.21858982741832733
qwen2_5_0_5b_base,headquarters:16,headquarters,chat_template,7,13.003690719604492,3.711052656173706,0.22311805188655853
qwen2_5_0_5b_base,headquarters:16,headquarters,chat_template,8,12.908580780029297,4.234021186828613,0.20469827950000763
qwen2_5_0_5b_base,headquarters:16,headquarters,chat_template,9,13.705859184265137,3.210183620452881,0.21043460071086884
qwen2_5_0_5b_base,headquarters:16,headquarters,chat_template,10,14.557636260986328,4.091044902801514,0.20597219467163086
qwen2_5_0_5b_base,headquarters:16,headquarters,chat_template,11,16.108673095703125,2.441009998321533,0.22179603576660156
qwen2_5_0_5b_base,headquarters:16,headquarters,chat_template,12,15.62532901763916,3.88896107673645,0.223371222615242
qwen2_5_0_5b_base,headquarters:16,headquarters,chat_template,13,16.067951202392578,2.866534471511841,0.22253866493701935
qwen2_5_0_5b_base,headquarters:16,headquarters,chat_template,14,19.656829833984375,5.686591625213623,0.24567729234695435
qwen2_5_0_5b_base,headquarters:16,headquarters,chat_template,15,20.73899269104004,4.593621253967285,0.25662386417388916
qwen2_5_0_5b_base,headquarters:16,headquarters,chat_template,16,22.94916343688965,2.731926918029785,0.2867133617401123
qwen2_5_0_5b_base,headquarters:16,headquarters,chat_template,17,29.862899780273438,5.344577789306641,0.255075067281723
qwen2_5_0_5b_base,headquarters:16,headquarters,chat_template,18,33.92888641357422,3.6212751865386963,0.24525411427021027
qwen2_5_0_5b_base,headquarters:16,headquarters,chat_template,19,37.463409423828125,3.984933376312256,0.27581000328063965
qwen2_5_0_5b_base,headquarters:16,headquarters,chat_template,20,50.7718505859375,10.656538009643555,0.2895863354206085
qwen2_5_0_5b_base,headquarters:16,headquarters,chat_template,21,67.18629455566406,21.867685317993164,0.2511611878871918
qwen2_5_0_5b_base,headquarters:16,headquarters,chat_template,22,70.29576873779297,7.479072093963623,0.3143399953842163
qwen2_5_0_5b_base,headquarters:16,headquarters,chat_template,23,263.267822265625,14.528066635131836,0.39651957154273987
qwen2_5_0_5b_base,headquarters:17,headquarters,raw_question,0,4.4496169090271,0.4467991888523102,0.13465848565101624
qwen2_5_0_5b_base,headquarters:17,headquarters,raw_question,1,7.886762619018555,2.84128999710083,0.16825313866138458
qwen2_5_0_5b_base,headquarters:17,headquarters,raw_question,2,7.816714763641357,1.488179326057434,0.17083024978637695
qwen2_5_0_5b_base,headquarters:17,headquarters,raw_question,3,9.628646850585938,1.8164920806884766,0.18307554721832275
qwen2_5_0_5b_base,headquarters:17,headquarters,raw_question,4,10.893538475036621,2.602884531021118,0.21030978858470917
qwen2_5_0_5b_base,headquarters:17,headquarters,raw_question,5,11.669838905334473,2.849308729171753,0.21259769797325134
qwen2_5_0_5b_base,headquarters:17,headquarters,raw_question,6,12.900282859802246,2.3837943077087402,0.21884606778621674
qwen2_5_0_5b_base,headquarters:17,headquarters,raw_question,7,14.421014785766602,2.2352042198181152,0.21609166264533997
qwen2_5_0_5b_base,headquarters:17,headquarters,raw_question,8,14.985530853271484,3.9408226013183594,0.20481224358081818
qwen2_5_0_5b_base,headquarters:17,headquarters,raw_question,9,15.716985702514648,2.6953656673431396,0.20362089574337006
qwen2_5_0_5b_base,headquarters:17,headquarters,raw_question,10,15.860234260559082,3.927435874938965,0.19379279017448425
qwen2_5_0_5b_base,headquarters:17,headquarters,raw_question,11,15.558670997619629,2.536513328552246,0.19662074744701385
qwen2_5_0_5b_base,headquarters:17,headquarters,raw_question,12,16.531578063964844,2.6914288997650146,0.20184561610221863
qwen2_5_0_5b_base,headquarters:17,headquarters,raw_question,13,17.910215377807617,2.987811803817749,0.20267806947231293
qwen2_5_0_5b_base,headquarters:17,headquarters,raw_question,14,18.277141571044922,3.3696248531341553,0.2160719633102417
qwen2_5_0_5b_base,headquarters:17,headquarters,raw_question,15,20.022796630859375,2.9081530570983887,0.2352152168750763
qwen2_5_0_5b_base,headquarters:17,headquarters,raw_question,16,24.216890335083008,1.0322210788726807,0.27284547686576843
qwen2_5_0_5b_base,headquarters:17,headquarters,raw_question,17,29.167842864990234,3.9630415439605713,0.2615533173084259
qwen2_5_0_5b_base,headquarters:17,headquarters,raw_question,18,32.861595153808594,1.6291831731796265,0.2617170810699463
qwen2_5_0_5b_base,headquarters:17,headquarters,raw_question,19,36.58878707885742,2.8446741104125977,0.2904442548751831
qwen2_5_0_5b_base,headquarters:17,headquarters,raw_question,20,48.935340881347656,7.294031143188477,0.2797003388404846
qwen2_5_0_5b_base,headquarters:17,headquarters,raw_question,21,69.58313751220703,12.239831924438477,0.24648384749889374
qwen2_5_0_5b_base,headquarters:17,headquarters,raw_question,22,74.25877380371094,3.7626023292541504,0.2643750309944153
qwen2_5_0_5b_base,headquarters:17,headquarters,raw_question,23,269.9790344238281,11.864415168762207,0.3550243377685547
qwen2_5_0_5b_base,headquarters:17,headquarters,declarative,0,4.712615489959717,0.45631569623947144,0.13360540568828583
qwen2_5_0_5b_base,headquarters:17,headquarters,declarative,1,7.709922790527344,2.8399415016174316,0.17605824768543243
qwen2_5_0_5b_base,headquarters:17,headquarters,declarative,2,9.108460426330566,1.808519721031189,0.19309641420841217
qwen2_5_0_5b_base,headquarters:17,headquarters,declarative,3,10.404936790466309,1.934903860092163,0.21101437509059906
qwen2_5_0_5b_base,headquarters:17,headquarters,declarative,4,11.278820037841797,2.7751431465148926,0.21397832036018372
qwen2_5_0_5b_base,headquarters:17,headquarters,declarative,5,12.523231506347656,3.488957643508911,0.219990536570549
qwen2_5_0_5b_base,headquarters:17,headquarters,declarative,6,15.242645263671875,2.5743839740753174,0.22759418189525604
qwen2_5_0_5b_base,headquarters:17,headquarters,declarative,7,14.245969772338867,3.705791711807251,0.22369763255119324
qwen2_5_0_5b_base,headquarters:17,headquarters,declarative,8,14.715214729309082,4.263648986816406,0.21286697685718536
qwen2_5_0_5b_base,headquarters:17,headquarters,declarative,9,15.03635311126709,2.4684410095214844,0.20582224428653717
qwen2_5_0_5b_base,headquarters:17,headquarters,declarative,10,15.791267395019531,4.139029502868652,0.2167234867811203
qwen2_5_0_5b_base,headquarters:17,headquarters,declarative,11,15.534364700317383,2.702254295349121,0.2072635293006897
qwen2_5_0_5b_base,headquarters:17,headquarters,declarative,12,17.54286766052246,3.186579465866089,0.20848459005355835
qwen2_5_0_5b_base,headquarters:17,headquarters,declarative,13,18.302135467529297,2.169144868850708,0.19982390105724335
qwen2_5_0_5b_base,headquarters:17,headquarters,declarative,14,19.571863174438477,3.9331154823303223,0.2240220159292221
qwen2_5_0_5b_base,headquarters:17,headquarters,declarative,15,22.293745040893555,3.8038477897644043,0.2509087026119232
qwen2_5_0_5b_base,headquarters:17,headquarters,declarative,16,26.331077575683594,0.7218580842018127,0.2727750241756439
qwen2_5_0_5b_base,headquarters:17,headquarters,declarative,17,30.66802978515625,6.224138259887695,0.2470678985118866
qwen2_5_0_5b_base,headquarters:17,headquarters,declarative,18,35.058143615722656,2.7169413566589355,0.25247904658317566
qwen2_5_0_5b_base,headquarters:17,headquarters,declarative,19,39.390071868896484,3.906841993331909,0.2829454243183136
qwen2_5_0_5b_base,headquarters:17,headquarters,declarative,20,51.82273864746094,10.280923843383789,0.304355651140213
qwen2_5_0_5b_base,headquarters:17,headquarters,declarative,21,74.61324310302734,14.257793426513672,0.28604182600975037
qwen2_5_0_5b_base,headquarters:17,headquarters,declarative,22,84.40542602539062,2.922316789627075,0.3339189291000366
qwen2_5_0_5b_base,headquarters:17,headquarters,declarative,23,293.4006652832031,11.242807388305664,0.3912979066371918
qwen2_5_0_5b_base,headquarters:17,headquarters,qa,0,4.128610134124756,0.5549999475479126,0.14306791126728058
qwen2_5_0_5b_base,headquarters:17,headquarters,qa,1,6.850435733795166,2.831679105758667,0.17481373250484467
qwen2_5_0_5b_base,headquarters:17,headquarters,qa,2,8.766204833984375,2.363644599914551,0.23031194508075714
qwen2_5_0_5b_base,headquarters:17,headquarters,qa,3,9.69973373413086,3.197924852371216,0.2194076031446457
qwen2_5_0_5b_base,headquarters:17,headquarters,qa,4,10.177291870117188,2.60310435295105,0.21181173622608185
qwen2_5_0_5b_base,headquarters:17,headquarters,qa,5,10.825765609741211,3.2089991569519043,0.21067523956298828
qwen2_5_0_5b_base,headquarters:17,headquarters,qa,6,12.396352767944336,2.904116153717041,0.22440771758556366
qwen2_5_0_5b_base,headquarters:17,headquarters,qa,7,12.38526439666748,2.2320120334625244,0.2193089723587036
qwen2_5_0_5b_base,headquarters:17,headquarters,qa,8,12.68539047241211,2.975811719894409,0.19673001766204834
qwen2_5_0_5b_base,headquarters:17,headquarters,qa,9,14.052844047546387,2.996978282928467,0.20749393105506897
qwen2_5_0_5b_base,headquarters:17,headquarters,qa,10,13.507023811340332,3.096768617630005,0.19738809764385223
qwen2_5_0_5b_base,headquarters:17,headquarters,qa,11,15.4445161819458,2.6037607192993164,0.21785302460193634
qwen2_5_0_5b_base,headquarters:17,headquarters,qa,12,15.294866561889648,3.2672436237335205,0.2175702303647995
qwen2_5_0_5b_base,headquarters:17,headquarters,qa,13,16.21415138244629,2.9446489810943604,0.2184453308582306
qwen2_5_0_5b_base,headquarters:17,headquarters,qa,14,19.4893856048584,5.785173416137695,0.24184799194335938
qwen2_5_0_5b_base,headquarters:17,headquarters,qa,15,21.92940902709961,4.987213134765625,0.2573021948337555
qwen2_5_0_5b_base,headquarters:17,headquarters,qa,16,25.603796005249023,1.3690400123596191,0.27630510926246643
qwen2_5_0_5b_base,headquarters:17,headquarters,qa,17,32.4319953918457,5.296764373779297,0.26081162691116333
qwen2_5_0_5b_base,headquarters:17,headquarters,qa,18,35.51064682006836,3.5823428630828857,0.24844682216644287
qwen2_5_0_5b_base,headquarters:17,headquarters,qa,19,38.42354202270508,4.344697952270508,0.286403089761734
qwen2_5_0_5b_base,headquarters:17,headquarters,qa,20,53.19997787475586,12.797638893127441,0.3053072988986969
qwen2_5_0_5b_base,headquarters:17,headquarters,qa,21,74.27022552490234,18.100061416625977,0.2839525043964386
qwen2_5_0_5b_base,headquarters:17,headquarters,qa,22,84.02943420410156,2.904972791671753,0.3405885696411133
qwen2_5_0_5b_base,headquarters:17,headquarters,qa,23,289.6990661621094,12.361723899841309,0.39671239256858826
qwen2_5_0_5b_base,headquarters:17,headquarters,chat_template,0,3.607543468475342,0.5901669263839722,0.10458458960056305
qwen2_5_0_5b_base,headquarters:17,headquarters,chat_template,1,6.7855119705200195,2.832627058029175,0.1672530621290207
qwen2_5_0_5b_base,headquarters:17,headquarters,chat_template,2,7.286970615386963,1.5317444801330566,0.14882682263851166
qwen2_5_0_5b_base,headquarters:17,headquarters,chat_template,3,8.319589614868164,2.297910451889038,0.17125336825847626
qwen2_5_0_5b_base,headquarters:17,headquarters,chat_template,4,9.554581642150879,2.854079484939575,0.19298796355724335
qwen2_5_0_5b_base,headquarters:17,headquarters,chat_template,5,10.369680404663086,3.887561798095703,0.21150408685207367
qwen2_5_0_5b_base,headquarters:17,headquarters,chat_template,6,11.624456405639648,2.9405550956726074,0.21818070113658905
qwen2_5_0_5b_base,headquarters:17,headquarters,chat_template,7,12.902911186218262,3.6364643573760986,0.22248630225658417
qwen2_5_0_5b_base,headquarters:17,headquarters,chat_template,8,12.839800834655762,4.213288307189941,0.2037510871887207
qwen2_5_0_5b_base,headquarters:17,headquarters,chat_template,9,13.651947975158691,3.2074575424194336,0.20900388062000275
qwen2_5_0_5b_base,headquarters:17,headquarters,chat_template,10,14.54937744140625,4.051108360290527,0.20552562177181244
qwen2_5_0_5b_base,headquarters:17,headquarters,chat_template,11,15.98455810546875,2.4354023933410645,0.22139865159988403
qwen2_5_0_5b_base,headquarters:17,headquarters,chat_template,12,15.532400131225586,3.8344101905822754,0.22266589105129242
qwen2_5_0_5b_base,headquarters:17,headquarters,chat_template,13,15.983904838562012,2.839938163757324,0.22184830904006958
qwen2_5_0_5b_base,headquarters:17,headquarters,chat_template,14,19.491384506225586,5.718625068664551,0.24482958018779755
qwen2_5_0_5b_base,headquarters:17,headquarters,chat_template,15,20.784276962280273,4.615922927856445,0.2561177611351013
qwen2_5_0_5b_base,headquarters:17,headquarters,chat_template,16,23.088579177856445,2.873570203781128,0.285819411277771
qwen2_5_0_5b_base,headquarters:17,headquarters,chat_template,17,29.880756378173828,5.357945442199707,0.2543635070323944
qwen2_5_0_5b_base,headquarters:17,headquarters,chat_template,18,33.843082427978516,3.575254201889038,0.2443123608827591
qwen2_5_0_5b_base,headquarters:17,headquarters,chat_template,19,37.394020080566406,3.866870164871216,0.2748356759548187
qwen2_5_0_5b_base,headquarters:17,headquarters,chat_template,20,50.99385452270508,11.242639541625977,0.2901281416416168
qwen2_5_0_5b_base,headquarters:17,headquarters,chat_template,21,66.58699798583984,21.005756378173828,0.25174057483673096
qwen2_5_0_5b_base,headquarters:17,headquarters,chat_template,22,69.70404815673828,7.425416946411133,0.3146738111972809
qwen2_5_0_5b_base,headquarters:17,headquarters,chat_template,23,261.72882080078125,15.519054412841797,0.3922134339809418
qwen2_5_0_5b_base,birth_place:0,birth_place,raw_question,0,4.756350994110107,0.4543386399745941,0.138032004237175
qwen2_5_0_5b_base,birth_place:0,birth_place,raw_question,1,8.289397239685059,2.9278082847595215,0.17262449860572815
qwen2_5_0_5b_base,birth_place:0,birth_place,raw_question,2,7.81712532043457,1.713157296180725,0.17088639736175537
qwen2_5_0_5b_base,birth_place:0,birth_place,raw_question,3,9.429732322692871,1.6311192512512207,0.18098019063472748
qwen2_5_0_5b_base,birth_place:0,birth_place,raw_question,4,10.60322380065918,2.5667943954467773,0.20809121429920197
qwen2_5_0_5b_base,birth_place:0,birth_place,raw_question,5,11.973578453063965,3.1433207988739014,0.2120923548936844
qwen2_5_0_5b_base,birth_place:0,birth_place,raw_question,6,13.263810157775879,2.458862066268921,0.2258826345205307
qwen2_5_0_5b_base,birth_place:0,birth_place,raw_question,7,14.553274154663086,2.6819348335266113,0.22229968011379242
qwen2_5_0_5b_base,birth_place:0,birth_place,raw_question,8,15.085256576538086,3.877302408218384,0.20983825623989105
qwen2_5_0_5b_base,birth_place:0,birth_place,raw_question,9,16.287132263183594,2.8991734981536865,0.20904064178466797
qwen2_5_0_5b_base,birth_place:0,birth_place,raw_question,10,15.542403221130371,3.79129958152771,0.19816045463085175
qwen2_5_0_5b_base,birth_place:0,birth_place,raw_question,11,15.690702438354492,2.605928897857666,0.20600542426109314
qwen2_5_0_5b_base,birth_place:0,birth_place,raw_question,12,16.428871154785156,2.810910940170288,0.2030954509973526
qwen2_5_0_5b_base,birth_place:0,birth_place,raw_question,13,17.73872184753418,2.943354845046997,0.20736800134181976
qwen2_5_0_5b_base,birth_place:0,birth_place,raw_question,14,18.175458908081055,3.703524589538574,0.22456121444702148
qwen2_5_0_5b_base,birth_place:0,birth_place,raw_question,15,19.367948532104492,3.048875093460083,0.24204249680042267
qwen2_5_0_5b_base,birth_place:0,birth_place,raw_question,16,22.796098709106445,0.9279555082321167,0.2772108018398285
qwen2_5_0_5b_base,birth_place:0,birth_place,raw_question,17,27.387279510498047,3.934075117111206,0.2621009051799774
qwen2_5_0_5b_base,birth_place:0,birth_place,raw_question,18,31.0166015625,1.9442226886749268,0.26339811086654663
qwen2_5_0_5b_base,birth_place:0,birth_place,raw_question,19,34.482826232910156,4.130110263824463,0.2948733866214752
qwen2_5_0_5b_base,birth_place:0,birth_place,raw_question,20,47.50819396972656,9.80759048461914,0.29054686427116394
qwen2_5_0_5b_base,birth_place:0,birth_place,raw_question,21,67.79080963134766,15.549657821655273,0.25568798184394836
qwen2_5_0_5b_base,birth_place:0,birth_place,raw_question,22,73.43128967285156,8.723841667175293,0.27446576952934265
qwen2_5_0_5b_base,birth_place:0,birth_place,raw_question,23,289.76300048828125,12.116984367370605,0.3639353811740875
qwen2_5_0_5b_base,birth_place:0,birth_place,declarative,0,4.966476917266846,0.4592108130455017,0.13102483749389648
qwen2_5_0_5b_base,birth_place:0,birth_place,declarative,1,8.958456039428711,3.540989875793457,0.19765986502170563
qwen2_5_0_5b_base,birth_place:0,birth_place,declarative,2,9.910078048706055,3.286860227584839,0.23570236563682556
qwen2_5_0_5b_base,birth_place:0,birth_place,declarative,3,12.213644027709961,2.7879858016967773,0.22741949558258057
qwen2_5_0_5b_base,birth_place:0,birth_place,declarative,4,13.51769733428955,3.6302108764648438,0.22732579708099365
qwen2_5_0_5b_base,birth_place:0,birth_place,declarative,5,14.152423858642578,3.7052364349365234,0.21906037628650665
qwen2_5_0_5b_base,birth_place:0,birth_place,declarative,6,14.846257209777832,2.7809715270996094,0.2371855080127716
qwen2_5_0_5b_base,birth_place:0,birth_place,declarative,7,14.852107048034668,4.749459266662598,0.2310710996389389
qwen2_5_0_5b_base,birth_place:0,birth_place,declarative,8,14.531250953674316,4.342216491699219,0.2189994603395462
qwen2_5_0_5b_base,birth_place:0,birth_place,declarative,9,14.5923433303833,2.4542171955108643,0.20215243101119995
qwen2_5_0_5b_base,birth_place:0,birth_place,declarative,10,14.785843849182129,4.110783576965332,0.2006441205739975
qwen2_5_0_5b_base,birth_place:0,birth_place,declarative,11,14.487398147583008,2.6345317363739014,0.2069654017686844
qwen2_5_0_5b_base,birth_place:0,birth_place,declarative,12,16.419572830200195,3.441866397857666,0.21466174721717834
qwen2_5_0_5b_base,birth_place:0,birth_place,declarative,13,16.32242774963379,2.6415205001831055,0.21240414679050446
qwen2_5_0_5b_base,birth_place:0,birth_place,declarative,14,17.18069076538086,5.6999688148498535,0.23581933975219727
qwen2_5_0_5b_base,birth_place:0,birth_place,declarative,15,17.75621795654297,4.135435581207275,0.25367626547813416
qwen2_5_0_5b_base,birth_place:0,birth_place,declarative,16,19.507394790649414,0.8363711833953857,0.2794102132320404
qwen2_5_0_5b_base,birth_place:0,birth_place,declarative,17,24.886510848999023,5.126153945922852,0.25158917903900146
qwen2_5_0_5b_base,birth_place:0,birth_place,declarative,18,30.183860778808594,4.488256454467773,0.2580203413963318
qwen2_5_0_5b_base,birth_place:0,birth_place,declarative,19,34.512725830078125,4.559747219085693,0.2861105501651764
qwen2_5_0_5b_base,birth_place:0,birth_place,declarative,20,44.41777420043945,7.848174095153809,0.30189815163612366
qwen2_5_0_5b_base,birth_place:0,birth_place,declarative,21,66.5766830444336,9.546833992004395,0.2934955358505249
qwen2_5_0_5b_base,birth_place:0,birth_place,declarative,22,78.80450439453125,4.837749004364014,0.3466584086418152
qwen2_5_0_5b_base,birth_place:0,birth_place,declarative,23,293.2255554199219,11.186180114746094,0.3877462148666382
qwen2_5_0_5b_base,birth_place:0,birth_place,qa,0,4.15338659286499,0.5638779401779175,0.14187848567962646
qwen2_5_0_5b_base,birth_place:0,birth_place,qa,1,6.875438213348389,2.8545572757720947,0.1753513365983963
qwen2_5_0_5b_base,birth_place:0,birth_place,qa,2,8.805740356445312,2.433379888534546,0.23197415471076965
qwen2_5_0_5b_base,birth_place:0,birth_place,qa,3,9.578512191772461,3.150132417678833,0.22071996331214905
qwen2_5_0_5b_base,birth_place:0,birth_place,qa,4,10.414875984191895,2.6382834911346436,0.21348750591278076
qwen2_5_0_5b_base,birth_place:0,birth_place,qa,5,10.951224327087402,3.316202402114868,0.21153636276721954
qwen2_5_0_5b_base,birth_place:0,birth_place,qa,6,12.390636444091797,2.778766632080078,0.2259276807308197
qwen2_5_0_5b_base,birth_place:0,birth_place,qa,7,12.450508117675781,2.8472368717193604,0.22161297500133514
qwen2_5_0_5b_base,birth_place:0,birth_place,qa,8,13.031888008117676,3.189340114593506,0.2022506594657898
qwen2_5_0_5b_base,birth_place:0,birth_place,qa,9,14.868224143981934,3.098586082458496,0.21490433812141418
qwen2_5_0_5b_base,birth_place:0,birth_place,qa,10,13.726936340332031,3.3549094200134277,0.2050321251153946
qwen2_5_0_5b_base,birth_place:0,birth_place,qa,11,15.242384910583496,2.545806407928467,0.21778914332389832
qwen2_5_0_5b_base,birth_place:0,birth_place,qa,12,15.151196479797363,3.3071770668029785,0.20987601578235626
qwen2_5_0_5b_base,birth_place:0,birth_place,qa,13,16.152048110961914,2.9877545833587646,0.2136000543832779
qwen2_5_0_5b_base,birth_place:0,birth_place,qa,14,19.505220413208008,5.489431858062744,0.23895660042762756
qwen2_5_0_5b_base,birth_place:0,birth_place,qa,15,20.905492782592773,4.164226055145264,0.25325217843055725
qwen2_5_0_5b_base,birth_place:0,birth_place,qa,16,24.0911865234375,2.4721922874450684,0.2744346559047699
qwen2_5_0_5b_base,birth_place:0,birth_place,qa,17,29.920183181762695,4.836313247680664,0.25470948219299316
qwen2_5_0_5b_base,birth_place:0,birth_place,qa,18,34.48080825805664,4.572796821594238,0.24429404735565186
qwen2_5_0_5b_base,birth_place:0,birth_place,qa,19,40.60426330566406,5.49805212020874,0.2862209379673004
qwen2_5_0_5b_base,birth_place:0,birth_place,qa,20,55.86993408203125,12.437101364135742,0.3054783344268799
qwen2_5_0_5b_base,birth_place:0,birth_place,qa,21,77.67514038085938,17.9544620513916,0.26968392729759216
qwen2_5_0_5b_base,birth_place:0,birth_place,qa,22,83.55058288574219,10.106314659118652,0.29659754037857056
qwen2_5_0_5b_base,birth_place:0,birth_place,qa,23,306.65185546875,16.729345321655273,0.3890056014060974
qwen2_5_0_5b_base,birth_place:0,birth_place,chat_template,0,3.612183094024658,0.5923516750335693,0.10459637641906738
qwen2_5_0_5b_base,birth_place:0,birth_place,chat_template,1,6.876660346984863,2.8735480308532715,0.16772334277629852
qwen2_5_0_5b_base,birth_place:0,birth_place,chat_template,2,7.3427605628967285,1.5245541334152222,0.1488458514213562
qwen2_5_0_5b_base,birth_place:0,birth_place,chat_template,3,8.340659141540527,2.3429441452026367,0.16985082626342773
qwen2_5_0_5b_base,birth_place:0,birth_place,chat_template,4,9.464194297790527,2.864704132080078,0.19347092509269714
qwen2_5_0_5b_base,birth_place:0,birth_place,chat_template,5,10.403637886047363,3.9744653701782227,0.21053414046764374
qwen2_5_0_5b_base,birth_place:0,birth_place,chat_template,6,11.826780319213867,3.1339662075042725,0.22039318084716797
qwen2_5_0_5b_base,birth_place:0,birth_place,chat_template,7,12.919222831726074,3.662724494934082,0.22328317165374756
qwen2_5_0_5b_base,birth_place:0,birth_place,chat_template,8,12.794936180114746,4.08848762512207,0.20358550548553467
qwen2_5_0_5b_base,birth_place:0,birth_place,chat_template,9,13.786230087280273,3.4457383155822754,0.2112022489309311
qwen2_5_0_5b_base,birth_place:0,birth_place,chat_template,10,14.675371170043945,4.154674530029297,0.20665307343006134
qwen2_5_0_5b_base,birth_place:0,birth_place,chat_template,11,15.93249797821045,2.5015182495117188,0.2239593267440796
qwen2_5_0_5b_base,birth_place:0,birth_place,chat_template,12,15.495488166809082,3.8350799083709717,0.2233343869447708
qwen2_5_0_5b_base,birth_place:0,birth_place,chat_template,13,16.255735397338867,2.8857080936431885,0.22314006090164185
qwen2_5_0_5b_base,birth_place:0,birth_place,chat_template,14,19.958406448364258,5.906055450439453,0.24919459223747253
qwen2_5_0_5b_base,birth_place:0,birth_place,chat_template,15,20.76997184753418,4.680985450744629,0.25709474086761475
qwen2_5_0_5b_base,birth_place:0,birth_place,chat_template,16,23.04274559020996,4.157553672790527,0.29167506098747253
qwen2_5_0_5b_base,birth_place:0,birth_place,chat_template,17,30.019615173339844,5.532469749450684,0.25419187545776367
qwen2_5_0_5b_base,birth_place:0,birth_place,chat_template,18,33.47004699707031,3.583017349243164,0.24597012996673584
qwen2_5_0_5b_base,birth_place:0,birth_place,chat_template,19,37.34468460083008,4.952354431152344,0.27843689918518066
qwen2_5_0_5b_base,birth_place:0,birth_place,chat_template,20,52.06744384765625,12.236747741699219,0.29600343108177185
qwen2_5_0_5b_base,birth_place:0,birth_place,chat_template,21,67.46488189697266,22.683841705322266,0.25585946440696716
qwen2_5_0_5b_base,birth_place:0,birth_place,chat_template,22,71.56616973876953,12.187630653381348,0.3210979402065277
qwen2_5_0_5b_base,birth_place:0,birth_place,chat_template,23,260.26788330078125,14.401683807373047,0.40909063816070557
qwen2_5_0_5b_base,birth_place:1,birth_place,raw_question,0,4.816454887390137,0.444082111120224,0.13664664328098297
qwen2_5_0_5b_base,birth_place:1,birth_place,raw_question,1,8.432775497436523,3.0256693363189697,0.1722230762243271
qwen2_5_0_5b_base,birth_place:1,birth_place,raw_question,2,7.930528163909912,1.647116780281067,0.1657925546169281
qwen2_5_0_5b_base,birth_place:1,birth_place,raw_question,3,9.69489574432373,1.6394990682601929,0.18215659260749817
qwen2_5_0_5b_base,birth_place:1,birth_place,raw_question,4,11.312735557556152,2.6664063930511475,0.20862044394016266
qwen2_5_0_5b_base,birth_place:1,birth_place,raw_question,5,12.433026313781738,2.991631031036377,0.21075835824012756
qwen2_5_0_5b_base,birth_place:1,birth_place,raw_question,6,13.207419395446777,2.2003633975982666,0.22333930432796478
qwen2_5_0_5b_base,birth_place:1,birth_place,raw_question,7,14.734923362731934,2.3648478984832764,0.21891649067401886
qwen2_5_0_5b_base,birth_place:1,birth_place,raw_question,8,15.042768478393555,3.7915327548980713,0.20852962136268616
qwen2_5_0_5b_base,birth_place:1,birth_place,raw_question,9,16.31101417541504,3.1259751319885254,0.20806533098220825
qwen2_5_0_5b_base,birth_place:1,birth_place,raw_question,10,15.900792121887207,3.8379766941070557,0.19588176906108856
qwen2_5_0_5b_base,birth_place:1,birth_place,raw_question,11,16.1155948638916,2.669930934906006,0.20707958936691284
qwen2_5_0_5b_base,birth_place:1,birth_place,raw_question,12,16.71251678466797,2.9180355072021484,0.20536623895168304
qwen2_5_0_5b_base,birth_place:1,birth_place,raw_question,13,18.209447860717773,2.984084367752075,0.2063552439212799
qwen2_5_0_5b_base,birth_place:1,birth_place,raw_question,14,18.644994735717773,3.7006852626800537,0.22295284271240234
qwen2_5_0_5b_base,birth_place:1,birth_place,raw_question,15,19.78788185119629,3.32311749458313,0.24454568326473236
qwen2_5_0_5b_base,birth_place:1,birth_place,raw_question,16,23.428691864013672,1.0499083995819092,0.2740459442138672
qwen2_5_0_5b_base,birth_place:1,birth_place,raw_question,17,27.994861602783203,3.9218153953552246,0.25649166107177734
qwen2_5_0_5b_base,birth_place:1,birth_place,raw_question,18,32.166019439697266,1.8699482679367065,0.25639456510543823
qwen2_5_0_5b_base,birth_place:1,birth_place,raw_question,19,35.968502044677734,4.036179542541504,0.2862597405910492
qwen2_5_0_5b_base,birth_place:1,birth_place,raw_question,20,48.8857421875,9.038371086120605,0.28943994641304016
qwen2_5_0_5b_base,birth_place:1,birth_place,raw_question,21,70.59225463867188,12.29460620880127,0.2552691400051117
qwen2_5_0_5b_base,birth_place:1,birth_place,raw_question,22,75.90565490722656,6.439876556396484,0.2787511944770813
qwen2_5_0_5b_base,birth_place:1,birth_place,raw_question,23,287.3576965332031,13.651529312133789,0.3618946671485901
qwen2_5_0_5b_base,birth_place:1,birth_place,declarative,0,5.04430627822876,0.4656340777873993,0.1313534528017044
qwen2_5_0_5b_base,birth_place:1,birth_place,declarative,1,8.957155227661133,3.622075080871582,0.19598038494586945
qwen2_5_0_5b_base,birth_place:1,birth_place,declarative,2,10.32592487335205,3.460203170776367,0.2447894811630249
qwen2_5_0_5b_base,birth_place:1,birth_place,declarative,3,12.286688804626465,2.4625327587127686,0.22820252180099487
qwen2_5_0_5b_base,birth_place:1,birth_place,declarative,4,14.32548999786377,3.7720749378204346,0.23024067282676697
qwen2_5_0_5b_base,birth_place:1,birth_place,declarative,5,15.461421012878418,3.561363458633423,0.21808995306491852
qwen2_5_0_5b_base,birth_place:1,birth_place,declarative,6,15.654433250427246,3.469675302505493,0.23838768899440765
qwen2_5_0_5b_base,birth_place:1,birth_place,declarative,7,16.018342971801758,4.269497394561768,0.23295994102954865
qwen2_5_0_5b_base,birth_place:1,birth_place,declarative,8,15.986065864562988,4.800777912139893,0.22268648445606232
qwen2_5_0_5b_base,birth_place:1,birth_place,declarative,9,16.133106231689453,2.3214097023010254,0.20662422478199005
qwen2_5_0_5b_base,birth_place:1,birth_place,declarative,10,17.22752571105957,3.6869115829467773,0.21659712493419647
qwen2_5_0_5b_base,birth_place:1,birth_place,declarative,11,16.62844467163086,2.821197748184204,0.22489620745182037
qwen2_5_0_5b_base,birth_place:1,birth_place,declarative,12,18.511354446411133,3.3633179664611816,0.2175116091966629
qwen2_5_0_5b_base,birth_place:1,birth_place,declarative,13,18.651538848876953,2.4562342166900635,0.21471525728702545
qwen2_5_0_5b_base,birth_place:1,birth_place,declarative,14,19.503873825073242,6.311859130859375,0.23608046770095825
qwen2_5_0_5b_base,birth_place:1,birth_place,declarative,15,21.956422805786133,4.674610614776611,0.2560237646102905
qwen2_5_0_5b_base,birth_place:1,birth_place,declarative,16,24.188344955444336,1.320696234703064,0.27780190110206604
qwen2_5_0_5b_base,birth_place:1,birth_place,declarative,17,29.351375579833984,7.357170581817627,0.25020357966423035
qwen2_5_0_5b_base,birth_place:1,birth_place,declarative,18,34.104007720947266,3.801729679107666,0.2564495801925659
qwen2_5_0_5b_base,birth_place:1,birth_place,declarative,19,37.5154914855957,4.298626899719238,0.28176799416542053
qwen2_5_0_5b_base,birth_place:1,birth_place,declarative,20,47.622581481933594,14.895759582519531,0.3175699710845947
qwen2_5_0_5b_base,birth_place:1,birth_place,declarative,21,64.90005493164062,17.493833541870117,0.3427538573741913
qwen2_5_0_5b_base,birth_place:1,birth_place,declarative,22,73.9476547241211,6.139541149139404,0.4289306700229645
qwen2_5_0_5b_base,birth_place:1,birth_place,declarative,23,228.68934631347656,12.074461936950684,0.41318389773368835
qwen2_5_0_5b_base,birth_place:1,birth_place,qa,0,4.172610759735107,0.5581759214401245,0.1408354789018631
qwen2_5_0_5b_base,birth_place:1,birth_place,qa,1,6.914615631103516,2.8644187450408936,0.17573291063308716
qwen2_5_0_5b_base,birth_place:1,birth_place,qa,2,8.778060913085938,2.377790689468384,0.23025846481323242
qwen2_5_0_5b_base,birth_place:1,birth_place,qa,3,9.50451374053955,3.054293155670166,0.21945948898792267
qwen2_5_0_5b_base,birth_place:1,birth_place,qa,4,10.412910461425781,2.5449187755584717,0.21116021275520325
qwen2_5_0_5b_base,birth_place:1,birth_place,qa,5,10.8914155960083,3.2773711681365967,0.21049728989601135
qwen2_5_0_5b_base,birth_place:1,birth_place,qa,6,12.187945365905762,2.7221033573150635,0.22662705183029175
qwen2_5_0_5b_base,birth_place:1,birth_place,qa,7,12.303435325622559,2.33647084236145,0.22193285822868347
qwen2_5_0_5b_base,birth_place:1,birth_place,qa,8,12.957958221435547,3.21826171875,0.20052069425582886
qwen2_5_0_5b_base,birth_place:1,birth_place,qa,9,14.596893310546875,3.0378854274749756,0.21419359743595123
qwen2_5_0_5b_base,birth_place:1,birth_place,qa,10,13.742796897888184,3.398228883743286,0.20654402673244476
qwen2_5_0_5b_base,birth_place:1,birth_place,qa,11,15.140901565551758,2.527796506881714,0.2174896001815796
qwen2_5_0_5b_base,birth_place:1,birth_place,qa,12,15.307961463928223,3.4234354496002197,0.2123848795890808
qwen2_5_0_5b_base,birth_place:1,birth_place,qa,13,16.187576293945312,3.052799701690674,0.21730925142765045
qwen2_5_0_5b_base,birth_place:1,birth_place,qa,14,19.909921646118164,5.984058380126953,0.2400805503129959
qwen2_5_0_5b_base,birth_place:1,birth_place,qa,15,21.1372013092041,4.41194486618042,0.2573864459991455
qwen2_5_0_5b_base,birth_place:1,birth_place,qa,16,24.341646194458008,2.205695629119873,0.2760580778121948
qwen2_5_0_5b_base,birth_place:1,birth_place,qa,17,30.949941635131836,6.020779609680176,0.2564748227596283
qwen2_5_0_5b_base,birth_place:1,birth_place,qa,18,34.32450485229492,4.120682716369629,0.24761438369750977
qwen2_5_0_5b_base,birth_place:1,birth_place,qa,19,38.55214309692383,4.68214750289917,0.2851249873638153
qwen2_5_0_5b_base,birth_place:1,birth_place,qa,20,51.592315673828125,13.37525749206543,0.3036822974681854
qwen2_5_0_5b_base,birth_place:1,birth_place,qa,21,72.52865600585938,15.369255065917969,0.29598450660705566
qwen2_5_0_5b_base,birth_place:1,birth_place,qa,22,79.31951904296875,3.6414847373962402,0.34804826974868774
qwen2_5_0_5b_base,birth_place:1,birth_place,qa,23,292.2316589355469,12.433199882507324,0.3922940194606781
qwen2_5_0_5b_base,birth_place:1,birth_place,chat_template,0,3.6067681312561035,0.5897894501686096,0.10439300537109375
qwen2_5_0_5b_base,birth_place:1,birth_place,chat_template,1,6.889230251312256,2.878323554992676,0.16763900220394135
qwen2_5_0_5b_base,birth_place:1,birth_place,chat_template,2,7.340862274169922,1.5277413129806519,0.1489742398262024
qwen2_5_0_5b_base,birth_place:1,birth_place,chat_template,3,8.364405632019043,2.3334784507751465,0.1696765273809433
qwen2_5_0_5b_base,birth_place:1,birth_place,chat_template,4,9.62894344329834,2.9276959896087646,0.19406607747077942
qwen2_5_0_5b_base,birth_place:1,birth_place,chat_template,5,10.538901329040527,3.93607759475708,0.21158145368099213
qwen2_5_0_5b_base,birth_place:1,birth_place,chat_template,6,11.617776870727539,3.096693515777588,0.22075271606445312
qwen2_5_0_5b_base,birth_place:1,birth_place,chat_template,7,12.81061840057373,3.437406063079834,0.22039544582366943
qwen2_5_0_5b_base,birth_place:1,birth_place,chat_template,8,12.551434516906738,4.046703338623047,0.20075523853302002
qwen2_5_0_5b_base,birth_place:1,birth_place,chat_template,9,13.463665962219238,3.4038960933685303,0.20772457122802734
qwen2_5_0_5b_base,birth_place:1,birth_place,chat_template,10,14.596405982971191,4.2400126457214355,0.20913560688495636
qwen2_5_0_5b_base,birth_place:1,birth_place,chat_template,11,15.39477252960205,2.478259801864624,0.22431392967700958
qwen2_5_0_5b_base,birth_place:1,birth_place,chat_template,12,15.465415954589844,3.876453161239624,0.2216525375843048
qwen2_5_0_5b_base,birth_place:1,birth_place,chat_template,13,16.08220100402832,2.9783847332000732,0.22426077723503113
qwen2_5_0_5b_base,birth_place:1,birth_place,chat_template,14,19.948997497558594,5.931893825531006,0.2520419657230377
qwen2_5_0_5b_base,birth_place:1,birth_place,chat_template,15,20.795358657836914,4.970948219299316,0.25921836495399475
qwen2_5_0_5b_base,birth_place:1,birth_place,chat_template,16,22.995384216308594,3.7642858028411865,0.29202985763549805
qwen2_5_0_5b_base,birth_place:1,birth_place,chat_template,17,30.01664924621582,5.429614543914795,0.2551521360874176
qwen2_5_0_5b_base,birth_place:1,birth_place,chat_template,18,33.30853271484375,3.354604959487915,0.2478063553571701
qwen2_5_0_5b_base,birth_place:1,birth_place,chat_template,19,36.77021408081055,4.408712387084961,0.2795291543006897
qwen2_5_0_5b_base,birth_place:1,birth_place,chat_template,20,50.28205108642578,11.443609237670898,0.2937304973602295
qwen2_5_0_5b_base,birth_place:1,birth_place,chat_template,21,66.06892395019531,23.081907272338867,0.25195685029029846
qwen2_5_0_5b_base,birth_place:1,birth_place,chat_template,22,72.35945892333984,13.109640121459961,0.31796079874038696
qwen2_5_0_5b_base,birth_place:1,birth_place,chat_template,23,257.862548828125,15.793559074401855,0.40590402483940125
qwen2_5_0_5b_base,birth_place:2,birth_place,raw_question,0,4.8363752365112305,0.44998669624328613,0.14270558953285217
qwen2_5_0_5b_base,birth_place:2,birth_place,raw_question,1,8.330056190490723,3.0442910194396973,0.1726091057062149
qwen2_5_0_5b_base,birth_place:2,birth_place,raw_question,2,7.860868453979492,1.7015702724456787,0.17096549272537231
qwen2_5_0_5b_base,birth_place:2,birth_place,raw_question,3,9.824930191040039,1.7217941284179688,0.18496601283550262
qwen2_5_0_5b_base,birth_place:2,birth_place,raw_question,4,11.104414939880371,2.733137607574463,0.2116621434688568
qwen2_5_0_5b_base,birth_place:2,birth_place,raw_question,5,12.399502754211426,3.0511531829833984,0.21107828617095947
qwen2_5_0_5b_base,birth_place:2,birth_place,raw_question,6,13.154449462890625,2.2771382331848145,0.22454126179218292
qwen2_5_0_5b_base,birth_place:2,birth_place,raw_question,7,14.412495613098145,2.5798821449279785,0.220011904835701
qwen2_5_0_5b_base,birth_place:2,birth_place,raw_question,8,14.831957817077637,3.93247389793396,0.20840561389923096
qwen2_5_0_5b_base,birth_place:2,birth_place,raw_question,9,16.162006378173828,2.8429603576660156,0.2080059051513672
qwen2_5_0_5b_base,birth_place:2,birth_place,raw_question,10,15.533735275268555,3.7769546508789062,0.1968541145324707
qwen2_5_0_5b_base,birth_place:2,birth_place,raw_question,11,15.945359230041504,2.591083526611328,0.2081584632396698
qwen2_5_0_5b_base,birth_place:2,birth_place,raw_question,12,16.556825637817383,2.8428285121917725,0.20509858429431915
qwen2_5_0_5b_base,birth_place:2,birth_place,raw_question,13,17.925447463989258,2.950054883956909,0.20724785327911377
qwen2_5_0_5b_base,birth_place:2,birth_place,raw_question,14,18.325180053710938,3.6268861293792725,0.22357404232025146
qwen2_5_0_5b_base,birth_place:2,birth_place,raw_question,15,19.304208755493164,3.190441131591797,0.24348650872707367
qwen2_5_0_5b_base,birth_place:2,birth_place,raw_question,16,22.748437881469727,0.9854298233985901,0.2753279507160187
qwen2_5_0_5b_base,birth_place:2,birth_place,raw_question,17,27.534292221069336,3.928276300430298,0.26054418087005615
qwen2_5_0_5b_base,birth_place:2,birth_place,raw_question,18,31.37638282775879,2.0775980949401855,0.261178195476532
qwen2_5_0_5b_base,birth_place:2,birth_place,raw_question,19,34.83100128173828,4.145552635192871,0.2931087017059326
qwen2_5_0_5b_base,birth_place:2,birth_place,raw_question,20,47.84632110595703,8.691299438476562,0.29429030418395996
qwen2_5_0_5b_base,birth_place:2,birth_place,raw_question,21,68.36031341552734,11.255542755126953,0.25760355591773987
qwen2_5_0_5b_base,birth_place:2,birth_place,raw_question,22,74.52769470214844,5.687773704528809,0.27986279129981995
qwen2_5_0_5b_base,birth_place:2,birth_place,raw_question,23,281.4074401855469,12.497315406799316,0.36083105206489563
qwen2_5_0_5b_base,birth_place:2,birth_place,declarative,0,5.137068271636963,0.4588220715522766,0.13553515076637268
qwen2_5_0_5b_base,birth_place:2,birth_place,declarative,1,8.862594604492188,3.5813705921173096,0.19519278407096863
qwen2_5_0_5b_base,birth_place:2,birth_place,declarative,2,10.065305709838867,3.2965993881225586,0.2397206425666809
qwen2_5_0_5b_base,birth_place:2,birth_place,declarative,3,12.323201179504395,2.531911611557007,0.22730107605457306
qwen2_5_0_5b_base,birth_place:2,birth_place,declarative,4,14.189050674438477,3.651944637298584,0.2299785166978836
qwen2_5_0_5b_base,birth_place:2,birth_place,declarative,5,15.342509269714355,3.547046422958374,0.2188805788755417
qwen2_5_0_5b_base,birth_place:2,birth_place,declarative,6,15.913810729980469,3.3309166431427,0.23905989527702332
qwen2_5_0_5b_base,birth_place:2,birth_place,declarative,7,16.45868492126465,4.2885823249816895,0.23405170440673828
qwen2_5_0_5b_base,birth_place:2,birth_place,declarative,8,16.491443634033203,4.998052597045898,0.224923238158226
qwen2_5_0_5b_base,birth_place:2,birth_place,declarative,9,16.651334762573242,2.341158866882324,0.20701543986797333
qwen2_5_0_5b_base,birth_place:2,birth_place,declarative,10,17.77004051208496,3.9398882389068604,0.21575972437858582
qwen2_5_0_5b_base,birth_place:2,birth_place,declarative,11,16.742136001586914,2.657872438430786,0.22350241243839264
qwen2_5_0_5b_base,birth_place:2,birth_place,declarative,12,18.443260192871094,3.1218905448913574,0.21739718317985535
qwen2_5_0_5b_base,birth_place:2,birth_place,declarative,13,18.776744842529297,2.3159921169281006,0.21378090977668762
qwen2_5_0_5b_base,birth_place:2,birth_place,declarative,14,19.525827407836914,5.598520278930664,0.23783661425113678
qwen2_5_0_5b_base,birth_place:2,birth_place,declarative,15,21.46487045288086,4.392062664031982,0.25668805837631226
qwen2_5_0_5b_base,birth_place:2,birth_place,declarative,16,23.718786239624023,1.0912727117538452,0.2778703272342682
qwen2_5_0_5b_base,birth_place:2,birth_place,declarative,17,28.74599266052246,6.565654754638672,0.24842974543571472
qwen2_5_0_5b_base,birth_place:2,birth_place,declarative,18,34.105525970458984,4.202836990356445,0.25413548946380615
qwen2_5_0_5b_base,birth_place:2,birth_place,declarative,19,37.2370719909668,4.422661304473877,0.283090204000473
qwen2_5_0_5b_base,birth_place:2,birth_place,declarative,20,45.72209930419922,13.218493461608887,0.3027583658695221
qwen2_5_0_5b_base,birth_place:2,birth_place,declarative,21,61.140899658203125,17.573026657104492,0.3162645995616913
qwen2_5_0_5b_base,birth_place:2,birth_place,declarative,22,75.90486907958984,5.576726913452148,0.42887821793556213
qwen2_5_0_5b_base,birth_place:2,birth_place,declarative,23,253.18719482421875,13.33698844909668,0.4390583038330078
qwen2_5_0_5b_base,birth_place:2,birth_place,qa,0,4.134819984436035,0.5627845525741577,0.1452643871307373
qwen2_5_0_5b_base,birth_place:2,birth_place,qa,1,6.830442905426025,2.8888964653015137,0.17706237733364105
qwen2_5_0_5b_base,birth_place:2,birth_place,qa,2,8.919227600097656,2.4354217052459717,0.2335408329963684
qwen2_5_0_5b_base,birth_place:2,birth_place,qa,3,9.72970962524414,3.2168610095977783,0.22134976089000702
qwen2_5_0_5b_base,birth_place:2,birth_place,qa,4,10.461410522460938,2.607578992843628,0.21388129889965057
qwen2_5_0_5b_base,birth_place:2,birth_place,qa,5,11.130721092224121,3.302016496658325,0.21209026873111725
qwen2_5_0_5b_base,birth_place:2,birth_place,qa,6,12.571551322937012,2.851041793823242,0.2274213582277298
qwen2_5_0_5b_base,birth_place:2,birth_place,qa,7,12.494403839111328,2.9847872257232666,0.2216971069574356
qwen2_5_0_5b_base,birth_place:2,birth_place,qa,8,12.916078567504883,3.268266201019287,0.20227447152137756
qwen2_5_0_5b_base,birth_place:2,birth_place,qa,9,14.612363815307617,3.011800765991211,0.21263594925403595
qwen2_5_0_5b_base,birth_place:2,birth_place,qa,10,13.745100975036621,3.4240517616271973,0.20495806634426117
qwen2_5_0_5b_base,birth_place:2,birth_place,qa,11,15.045580863952637,2.625711441040039,0.2150058001279831
qwen2_5_0_5b_base,birth_place:2,birth_place,qa,12,14.853259086608887,3.2226431369781494,0.20678873360157013
qwen2_5_0_5b_base,birth_place:2,birth_place,qa,13,15.853965759277344,2.8401341438293457,0.2133207619190216
qwen2_5_0_5b_base,birth_place:2,birth_place,qa,14,19.274747848510742,5.524384021759033,0.2390616536140442
qwen2_5_0_5b_base,birth_place:2,birth_place,qa,15,21.239347457885742,4.431941509246826,0.25399598479270935
qwen2_5_0_5b_base,birth_place:2,birth_place,qa,16,24.3663330078125,3.271254301071167,0.274078369140625
qwen2_5_0_5b_base,birth_place:2,birth_place,qa,17,30.438871383666992,5.0825419425964355,0.2547638714313507
qwen2_5_0_5b_base,birth_place:2,birth_place,qa,18,34.712947845458984,4.945162296295166,0.24361735582351685
qwen2_5_0_5b_base,birth_place:2,birth_place,qa,19,39.813079833984375,4.745295524597168,0.28385403752326965
qwen2_5_0_5b_base,birth_place:2,birth_place,qa,20,51.654537200927734,12.633946418762207,0.3035104274749756
qwen2_5_0_5b_base,birth_place:2,birth_place,qa,21,74.10740661621094,15.640318870544434,0.2750289738178253
qwen2_5_0_5b_base,birth_place:2,birth_place,qa,22,80.94316101074219,4.907116413116455,0.31314608454704285
qwen2_5_0_5b_base,birth_place:2,birth_place,qa,23,301.0942687988281,15.495386123657227,0.3816007375717163
qwen2_5_0_5b_base,birth_place:2,birth_place,chat_template,0,3.6024458408355713,0.5899819731712341,0.1052035316824913
qwen2_5_0_5b_base,birth_place:2,birth_place,chat_template,1,6.867284297943115,2.867879867553711,0.167641744017601
qwen2_5_0_5b_base,birth_place:2,birth_place,chat_template,2,7.332470417022705,1.5259813070297241,0.14955341815948486
qwen2_5_0_5b_base,birth_place:2,birth_place,chat_template,3,8.361603736877441,2.3499577045440674,0.16974058747291565
qwen2_5_0_5b_base,birth_place:2,birth_place,chat_template,4,9.60736083984375,2.9117822647094727,0.19373293220996857
qwen2_5_0_5b_base,birth_place:2,birth_place,chat_template,5,10.50732135772705,3.9216468334198,0.21126039326190948
qwen2_5_0_5b_base,birth_place:2,birth_place,chat_template,6,11.728131294250488,3.0852763652801514,0.22046701610088348
qwen2_5_0_5b_base,birth_place:2,birth_place,chat_template,7,12.876456260681152,3.54188871383667,0.22158968448638916
qwen2_5_0_5b_base,birth_place:2,birth_place,chat_template,8,12.739133834838867,4.14174747467041,0.20307086408138275
qwen2_5_0_5b_base,birth_place:2,birth_place,chat_template,9,13.61382007598877,3.4149866104125977,0.21093162894248962
qwen2_5_0_5b_base,birth_place:2,birth_place,chat_template,10,14.727385520935059,4.229940891265869,0.2084939330816269
qwen2_5_0_5b_base,birth_place:2,birth_place,chat_template,11,15.884909629821777,2.4040772914886475,0.22533637285232544
qwen2_5_0_5b_base,birth_place:2,birth_place,chat_template,12,15.489940643310547,3.825371503829956,0.22291183471679688
qwen2_5_0_5b_base,birth_place:2,birth_place,chat_template,13,16.149822235107422,2.9224536418914795,0.22321656346321106
qwen2_5_0_5b_base,birth_place:2,birth_place,chat_template,14,19.990882873535156,6.059704303741455,0.25019562244415283
qwen2_5_0_5b_base,birth_place:2,birth_place,chat_template,15,20.891624450683594,4.731969833374023,0.25920405983924866
qwen2_5_0_5b_base,birth_place:2,birth_place,chat_template,16,23.081451416015625,4.392421245574951,0.29240846633911133
qwen2_5_0_5b_base,birth_place:2,birth_place,chat_template,17,30.174367904663086,5.348738670349121,0.25447750091552734
qwen2_5_0_5b_base,birth_place:2,birth_place,chat_template,18,33.50663757324219,3.55412220954895,0.24778978526592255
qwen2_5_0_5b_base,birth_place:2,birth_place,chat_template,19,37.0294189453125,5.183792591094971,0.2821495234966278
qwen2_5_0_5b_base,birth_place:2,birth_place,chat_template,20,50.78727340698242,13.881848335266113,0.297198623418808
qwen2_5_0_5b_base,birth_place:2,birth_place,chat_template,21,66.61724090576172,21.545421600341797,0.25633373856544495
qwen2_5_0_5b_base,birth_place:2,birth_place,chat_template,22,72.82952880859375,10.994346618652344,0.32483696937561035
qwen2_5_0_5b_base,birth_place:2,birth_place,chat_template,23,268.1593322753906,18.084854125976562,0.4087473154067993
qwen2_5_0_5b_base,birth_place:3,birth_place,raw_question,0,4.830990791320801,0.4522944390773773,0.13802488148212433
qwen2_5_0_5b_base,birth_place:3,birth_place,raw_question,1,8.425835609436035,3.008084535598755,0.1719835251569748
qwen2_5_0_5b_base,birth_place:3,birth_place,raw_question,2,7.918562889099121,1.7020466327667236,0.17136064171791077
qwen2_5_0_5b_base,birth_place:3,birth_place,raw_question,3,9.595962524414062,1.6426247358322144,0.18417556583881378
qwen2_5_0_5b_base,birth_place:3,birth_place,raw_question,4,10.846770286560059,2.6939706802368164,0.20900706946849823
qwen2_5_0_5b_base,birth_place:3,birth_place,raw_question,5,12.04788589477539,3.103365898132324,0.212971031665802
qwen2_5_0_5b_base,birth_place:3,birth_place,raw_question,6,13.200468063354492,2.3000190258026123,0.22438019514083862
qwen2_5_0_5b_base,birth_place:3,birth_place,raw_question,7,14.542349815368652,2.7990236282348633,0.2213803082704544
qwen2_5_0_5b_base,birth_place:3,birth_place,raw_question,8,15.025115013122559,3.646113872528076,0.20829597115516663
qwen2_5_0_5b_base,birth_place:3,birth_place,raw_question,9,16.112295150756836,2.772991418838501,0.20780929923057556
qwen2_5_0_5b_base,birth_place:3,birth_place,raw_question,10,15.50051212310791,3.6911070346832275,0.19596083462238312
qwen2_5_0_5b_base,birth_place:3,birth_place,raw_question,11,15.646364212036133,2.5569944381713867,0.20477892458438873
qwen2_5_0_5b_base,birth_place:3,birth_place,raw_question,12,16.289533615112305,2.83440899848938,0.2024393081665039
qwen2_5_0_5b_base,birth_place:3,birth_place,raw_question,13,17.56908416748047,2.9752938747406006,0.20539544522762299
qwen2_5_0_5b_base,birth_place:3,birth_place,raw_question,14,18.194089889526367,3.5114026069641113,0.22318483889102936
qwen2_5_0_5b_base,birth_place:3,birth_place,raw_question,15,19.371191024780273,3.2460179328918457,0.24378688633441925
qwen2_5_0_5b_base,birth_place:3,birth_place,raw_question,16,22.663753509521484,0.9987877607345581,0.2743169069290161
qwen2_5_0_5b_base,birth_place:3,birth_place,raw_question,17,27.404558181762695,3.9450621604919434,0.25699159502983093
qwen2_5_0_5b_base,birth_place:3,birth_place,raw_question,18,31.020357131958008,2.2678871154785156,0.2558688819408417
qwen2_5_0_5b_base,birth_place:3,birth_place,raw_question,19,34.7659797668457,4.95663595199585,0.2901400625705719
qwen2_5_0_5b_base,birth_place:3,birth_place,raw_question,20,49.54857635498047,11.294378280639648,0.2911742329597473
qwen2_5_0_5b_base,birth_place:3,birth_place,raw_question,21,71.26142120361328,15.376006126403809,0.25648975372314453
qwen2_5_0_5b_base,birth_place:3,birth_place,raw_question,22,76.10565948486328,5.058455467224121,0.28551411628723145
qwen2_5_0_5b_base,birth_place:3,birth_place,raw_question,23,287.5391540527344,12.314278602600098,0.36861470341682434
qwen2_5_0_5b_base,birth_place:3,birth_place,declarative,0,5.076560974121094,0.4546288847923279,0.13324224948883057
qwen2_5_0_5b_base,birth_place:3,birth_place,declarative,1,9.141911506652832,3.6127617359161377,0.19796666502952576
qwen2_5_0_5b_base,birth_place:3,birth_place,declarative,2,10.093265533447266,3.352278709411621,0.23749180138111115
qwen2_5_0_5b_base,birth_place:3,birth_place,declarative,3,12.391758918762207,2.795238971710205,0.2291574478149414
qwen2_5_0_5b_base,birth_place:3,birth_place,declarative,4,13.328640937805176,3.979058027267456,0.2278105616569519
qwen2_5_0_5b_base,birth_place:3,birth_place,declarative,5,13.758909225463867,3.573010206222534,0.21857678890228271
qwen2_5_0_5b_base,birth_place:3,birth_place,declarative,6,14.596689224243164,2.7030858993530273,0.23689091205596924
qwen2_5_0_5b_base,birth_place:3,birth_place,declarative,7,14.695133209228516,4.399630546569824,0.2300277054309845
qwen2_5_0_5b_base,birth_place:3,birth_place,declarative,8,14.467742919921875,4.2463250160217285,0.2193198949098587
qwen2_5_0_5b_base,birth_place:3,birth_place,declarative,9,14.882533073425293,2.421884536743164,0.20032553374767303
qwen2_5_0_5b_base,birth_place:3,birth_place,declarative,10,15.792842864990234,4.367254734039307,0.20754671096801758
qwen2_5_0_5b_base,birth_place:3,birth_place,declarative,11,15.060629844665527,2.746171712875366,0.21826528012752533
qwen2_5_0_5b_base,birth_place:3,birth_place,declarative,12,16.77557945251465,3.7380917072296143,0.21617956459522247
qwen2_5_0_5b_base,birth_place:3,birth_place,declarative,13,16.297605514526367,2.892174005508423,0.21617001295089722
qwen2_5_0_5b_base,birth_place:3,birth_place,declarative,14,16.851612091064453,6.6335225105285645,0.2374281883239746
qwen2_5_0_5b_base,birth_place:3,birth_place,declarative,15,17.612262725830078,4.456001281738281,0.2553247809410095
qwen2_5_0_5b_base,birth_place:3,birth_place,declarative,16,19.212791442871094,1.2303729057312012,0.27994272112846375
qwen2_5_0_5b_base,birth_place:3,birth_place,declarative,17,24.246734619140625,5.556893825531006,0.249592125415802
qwen2_5_0_5b_base,birth_place:3,birth_place,declarative,18,29.76051902770996,5.635165691375732,0.2564752399921417
qwen2_5_0_5b_base,birth_place:3,birth_place,declarative,19,32.19038009643555,5.460787773132324,0.2828681468963623
qwen2_5_0_5b_base,birth_place:3,birth_place,declarative,20,39.6446533203125,12.11575984954834,0.3035287857055664
qwen2_5_0_5b_base,birth_place:3,birth_place,declarative,21,55.523624420166016,23.968324661254883,0.30653679370880127
qwen2_5_0_5b_base,birth_place:3,birth_place,declarative,22,70.02326202392578,7.9781694412231445,0.4258500039577484
qwen2_5_0_5b_base,birth_place:3,birth_place,declarative,23,234.9313507080078,17.850339889526367,0.4225201904773712
qwen2_5_0_5b_base,birth_place:3,birth_place,qa,0,4.130899429321289,0.563056468963623,0.14144262671470642
qwen2_5_0_5b_base,birth_place:3,birth_place,qa,1,6.921810626983643,2.857142210006714,0.17554768919944763
qwen2_5_0_5b_base,birth_place:3,birth_place,qa,2,8.848501205444336,2.4386353492736816,0.23207318782806396
qwen2_5_0_5b_base,birth_place:3,birth_place,qa,3,9.501847267150879,3.1848552227020264,0.22099609673023224
qwen2_5_0_5b_base,birth_place:3,birth_place,qa,4,10.325160026550293,2.5954883098602295,0.21230818331241608
qwen2_5_0_5b_base,birth_place:3,birth_place,qa,5,11.029294967651367,3.3487932682037354,0.21246543526649475
qwen2_5_0_5b_base,birth_place:3,birth_place,qa,6,12.527034759521484,2.796818733215332,0.22764503955841064
qwen2_5_0_5b_base,birth_place:3,birth_place,qa,7,12.456509590148926,2.7652249336242676,0.22288578748703003
qwen2_5_0_5b_base,birth_place:3,birth_place,qa,8,12.956067085266113,3.120023488998413,0.20175093412399292
qwen2_5_0_5b_base,birth_place:3,birth_place,qa,9,14.519906044006348,3.054302930831909,0.21444709599018097
qwen2_5_0_5b_base,birth_place:3,birth_place,qa,10,13.581685066223145,3.3210580348968506,0.20561639964580536
qwen2_5_0_5b_base,birth_place:3,birth_place,qa,11,15.099164009094238,2.647052526473999,0.2172733098268509
qwen2_5_0_5b_base,birth_place:3,birth_place,qa,12,15.011962890625,3.2825472354888916,0.21084177494049072
qwen2_5_0_5b_base,birth_place:3,birth_place,qa,13,15.982409477233887,2.9110593795776367,0.21477600932121277
qwen2_5_0_5b_base,birth_place:3,birth_place,qa,14,19.59670066833496,5.833322048187256,0.24193055927753448
qwen2_5_0_5b_base,birth_place:3,birth_place,qa,15,21.020261764526367,4.362947940826416,0.25776082277297974
qwen2_5_0_5b_base,birth_place:3,birth_place,qa,16,23.895112991333008,2.2954630851745605,0.2753036320209503
qwen2_5_0_5b_base,birth_place:3,birth_place,qa,17,29.528915405273438,5.21472692489624,0.2546953856945038
qwen2_5_0_5b_base,birth_place:3,birth_place,qa,18,33.93915557861328,4.778393745422363,0.24612165987491608
qwen2_5_0_5b_base,birth_place:3,birth_place,qa,19,39.38494110107422,5.036956787109375,0.2858278751373291
qwen2_5_0_5b_base,birth_place:3,birth_place,qa,20,53.33522415161133,13.935704231262207,0.30388063192367554
qwen2_5_0_5b_base,birth_place:3,birth_place,qa,21,74.30853271484375,18.072887420654297,0.2766091823577881
qwen2_5_0_5b_base,birth_place:3,birth_place,qa,22,81.8979721069336,3.755481243133545,0.3207537531852722
qwen2_5_0_5b_base,birth_place:3,birth_place,qa,23,304.3191833496094,12.717662811279297,0.3889748454093933
qwen2_5_0_5b_base,birth_place:3,birth_place,chat_template,0,3.6124274730682373,0.5920567512512207,0.10457209497690201
qwen2_5_0_5b_base,birth_place:3,birth_place,chat_template,1,6.8716559410095215,2.863236665725708,0.16744346916675568
qwen2_5_0_5b_base,birth_place:3,birth_place,chat_template,2,7.334052562713623,1.5192354917526245,0.1484895646572113
qwen2_5_0_5b_base,birth_place:3,birth_place,chat_template,3,8.36572265625,2.3540310859680176,0.1700364351272583
qwen2_5_0_5b_base,birth_place:3,birth_place,chat_template,4,9.494744300842285,2.8781988620758057,0.1940540075302124
qwen2_5_0_5b_base,birth_place:3,birth_place,chat_template,5,10.406229972839355,3.912569522857666,0.2112143188714981
qwen2_5_0_5b_base,birth_place:3,birth_place,chat_template,6,11.734160423278809,3.0882673263549805,0.22044482827186584
qwen2_5_0_5b_base,birth_place:3,birth_place,chat_template,7,12.929742813110352,3.618760347366333,0.22283433377742767
qwen2_5_0_5b_base,birth_place:3,birth_place,chat_template,8,12.778621673583984,4.221362590789795,0.20444415509700775
qwen2_5_0_5b_base,birth_place:3,birth_place,chat_template,9,13.690203666687012,3.308457612991333,0.21127675473690033
qwen2_5_0_5b_base,birth_place:3,birth_place,chat_template,10,14.66906452178955,4.1461710929870605,0.20676657557487488
qwen2_5_0_5b_base,birth_place:3,birth_place,chat_template,11,15.916476249694824,2.4919989109039307,0.2241545170545578
qwen2_5_0_5b_base,birth_place:3,birth_place,chat_template,12,15.552892684936523,3.835244655609131,0.22288382053375244
qwen2_5_0_5b_base,birth_place:3,birth_place,chat_template,13,16.16179656982422,2.8753817081451416,0.22367976605892181
qwen2_5_0_5b_base,birth_place:3,birth_place,chat_template,14,20.115041732788086,6.0312910079956055,0.2501682937145233
qwen2_5_0_5b_base,birth_place:3,birth_place,chat_template,15,20.935745239257812,4.796161651611328,0.25995680689811707
qwen2_5_0_5b_base,birth_place:3,birth_place,chat_template,16,23.11479377746582,4.085125923156738,0.29273122549057007
qwen2_5_0_5b_base,birth_place:3,birth_place,chat_template,17,30.13916778564453,5.394775390625,0.25551876425743103
qwen2_5_0_5b_base,birth_place:3,birth_place,chat_template,18,33.649471282958984,3.4164323806762695,0.24815896153450012
qwen2_5_0_5b_base,birth_place:3,birth_place,chat_template,19,37.585201263427734,5.226500511169434,0.2814084589481354
qwen2_5_0_5b_base,birth_place:3,birth_place,chat_template,20,52.213077545166016,12.42187786102295,0.29645267128944397
qwen2_5_0_5b_base,birth_place:3,birth_place,chat_template,21,68.21270751953125,23.21976661682129,0.25684693455696106
qwen2_5_0_5b_base,birth_place:3,birth_place,chat_template,22,74.85617065429688,17.672155380249023,0.3239031732082367
qwen2_5_0_5b_base,birth_place:3,birth_place,chat_template,23,257.637939453125,13.501398086547852,0.4094088077545166
qwen2_5_0_5b_base,birth_place:4,birth_place,raw_question,0,4.808271408081055,0.4503493905067444,0.13896214962005615
qwen2_5_0_5b_base,birth_place:4,birth_place,raw_question,1,8.350231170654297,2.9869165420532227,0.17254400253295898
qwen2_5_0_5b_base,birth_place:4,birth_place,raw_question,2,7.872745990753174,1.698744535446167,0.1698818951845169
qwen2_5_0_5b_base,birth_place:4,birth_place,raw_question,3,9.625667572021484,1.6124480962753296,0.18205629289150238
qwen2_5_0_5b_base,birth_place:4,birth_place,raw_question,4,11.088325500488281,2.6956937313079834,0.20888756215572357
qwen2_5_0_5b_base,birth_place:4,birth_place,raw_question,5,12.571880340576172,3.096142292022705,0.2115601748228073
qwen2_5_0_5b_base,birth_place:4,birth_place,raw_question,6,13.329659461975098,2.4025020599365234,0.22662177681922913
qwen2_5_0_5b_base,birth_place:4,birth_place,raw_question,7,14.710526466369629,2.5929641723632812,0.2214554250240326
qwen2_5_0_5b_base,birth_place:4,birth_place,raw_question,8,15.12381362915039,3.7284958362579346,0.20951245725154877
qwen2_5_0_5b_base,birth_place:4,birth_place,raw_question,9,16.413541793823242,2.9784820079803467,0.20988810062408447
qwen2_5_0_5b_base,birth_place:4,birth_place,raw_question,10,15.745810508728027,3.793806314468384,0.19839245080947876
qwen2_5_0_5b_base,birth_place:4,birth_place,raw_question,11,16.115230560302734,2.591629981994629,0.20860624313354492
qwen2_5_0_5b_base,birth_place:4,birth_place,raw_question,12,16.682836532592773,2.8257360458374023,0.20599982142448425
qwen2_5_0_5b_base,birth_place:4,birth_place,raw_question,13,18.090112686157227,2.9448928833007812,0.20771247148513794
qwen2_5_0_5b_base,birth_place:4,birth_place,raw_question,14,18.48880958557129,3.679668664932251,0.22510869801044464
qwen2_5_0_5b_base,birth_place:4,birth_place,raw_question,15,19.48532485961914,3.217978000640869,0.24445503950119019
qwen2_5_0_5b_base,birth_place:4,birth_place,raw_question,16,23.019128799438477,1.0097302198410034,0.2760864198207855
qwen2_5_0_5b_base,birth_place:4,birth_place,raw_question,17,27.64595603942871,3.925140142440796,0.26034602522850037
qwen2_5_0_5b_base,birth_place:4,birth_place,raw_question,18,31.497514724731445,2.071150064468384,0.2594546377658844
qwen2_5_0_5b_base,birth_place:4,birth_place,raw_question,19,35.3067626953125,5.000110149383545,0.29220449924468994
qwen2_5_0_5b_base,birth_place:4,birth_place,raw_question,20,49.44464874267578,8.986080169677734,0.2935265600681305
qwen2_5_0_5b_base,birth_place:4,birth_place,raw_question,21,71.52560424804688,11.978306770324707,0.25452885031700134
qwen2_5_0_5b_base,birth_place:4,birth_place,raw_question,22,76.61048889160156,4.997666358947754,0.2765858471393585
qwen2_5_0_5b_base,birth_place:4,birth_place,raw_question,23,284.5580139160156,13.543634414672852,0.3655603229999542
qwen2_5_0_5b_base,birth_place:4,birth_place,declarative,0,5.092706680297852,0.4617079794406891,0.13333025574684143
qwen2_5_0_5b_base,birth_place:4,birth_place,declarative,1,8.898137092590332,3.6092495918273926,0.19616226851940155
qwen2_5_0_5b_base,birth_place:4,birth_place,declarative,2,10.167861938476562,3.4114291667938232,0.24239298701286316
qwen2_5_0_5b_base,birth_place:4,birth_place,declarative,3,12.407166481018066,2.5348362922668457,0.22868093848228455
qwen2_5_0_5b_base,birth_place:4,birth_place,declarative,4,14.11126708984375,3.844294309616089,0.22954308986663818
qwen2_5_0_5b_base,birth_place:4,birth_place,declarative,5,15.354175567626953,3.2967491149902344,0.2200152724981308
qwen2_5_0_5b_base,birth_place:4,birth_place,declarative,6,16.07890510559082,3.1350154876708984,0.23923829197883606
qwen2_5_0_5b_base,birth_place:4,birth_place,declarative,7,16.47297477722168,4.270737171173096,0.2321464568376541
qwen2_5_0_5b_base,birth_place:4,birth_place,declarative,8,16.293964385986328,4.740004062652588,0.22464726865291595
qwen2_5_0_5b_base,birth_place:4,birth_place,declarative,9,16.478586196899414,2.3576202392578125,0.2075219452381134
qwen2_5_0_5b_base,birth_place:4,birth_place,declarative,10,17.278152465820312,3.9077908992767334,0.21677376329898834
qwen2_5_0_5b_base,birth_place:4,birth_place,declarative,11,16.454557418823242,2.7444047927856445,0.22535088658332825
qwen2_5_0_5b_base,birth_place:4,birth_place,declarative,12,18.308502197265625,3.19132661819458,0.21709467470645905
qwen2_5_0_5b_base,birth_place:4,birth_place,declarative,13,18.624113082885742,2.4460387229919434,0.2149786651134491
qwen2_5_0_5b_base,birth_place:4,birth_place,declarative,14,19.44042205810547,5.720141410827637,0.23774081468582153
qwen2_5_0_5b_base,birth_place:4,birth_place,declarative,15,21.5328369140625,4.529875755310059,0.25697413086891174
qwen2_5_0_5b_base,birth_place:4,birth_place,declarative,16,23.723970413208008,0.8215118646621704,0.2778310179710388
qwen2_5_0_5b_base,birth_place:4,birth_place,declarative,17,29.16529083251953,6.56449556350708,0.2512013614177704
qwen2_5_0_5b_base,birth_place:4,birth_place,declarative,18,34.031288146972656,3.3102009296417236,0.2563517391681671
qwen2_5_0_5b_base,birth_place:4,birth_place,declarative,19,36.52157211303711,3.837369441986084,0.28625211119651794
qwen2_5_0_5b_base,birth_place:4,birth_place,declarative,20,47.472503662109375,14.526368141174316,0.29874521493911743
qwen2_5_0_5b_base,birth_place:4,birth_place,declarative,21,63.45497512817383,19.830751419067383,0.33717671036720276
qwen2_5_0_5b_base,birth_place:4,birth_place,declarative,22,75.78813171386719,6.6929707527160645,0.4576318562030792
qwen2_5_0_5b_base,birth_place:4,birth_place,declarative,23,253.45831298828125,13.808953285217285,0.4630734324455261
qwen2_5_0_5b_base,birth_place:4,birth_place,qa,0,4.1691389083862305,0.5619021654129028,0.14137022197246552
qwen2_5_0_5b_base,birth_place:4,birth_place,qa,1,6.916031360626221,2.858081579208374,0.1757306605577469
qwen2_5_0_5b_base,birth_place:4,birth_place,qa,2,8.824272155761719,2.396695852279663,0.2315519005060196
qwen2_5_0_5b_base,birth_place:4,birth_place,qa,3,9.559614181518555,3.151556968688965,0.22062070667743683
qwen2_5_0_5b_base,birth_place:4,birth_place,qa,4,10.397303581237793,2.60793137550354,0.21234185993671417
qwen2_5_0_5b_base,birth_place:4,birth_place,qa,5,11.008788108825684,3.355727195739746,0.21181954443454742
qwen2_5_0_5b_base,birth_place:4,birth_place,qa,6,12.485233306884766,2.787327289581299,0.22668281197547913
qwen2_5_0_5b_base,birth_place:4,birth_place,qa,7,12.522128105163574,2.829472780227661,0.22259019315242767
qwen2_5_0_5b_base,birth_place:4,birth_place,qa,8,13.041374206542969,3.2748942375183105,0.20253019034862518
qwen2_5_0_5b_base,birth_place:4,birth_place,qa,9,14.644414901733398,2.9348785877227783,0.2146928757429123
qwen2_5_0_5b_base,birth_place:4,birth_place,qa,10,13.809431076049805,3.4743683338165283,0.20671889185905457
qwen2_5_0_5b_base,birth_place:4,birth_place,qa,11,15.157444953918457,2.5728533267974854,0.217347651720047
qwen2_5_0_5b_base,birth_place:4,birth_place,qa,12,15.058730125427246,3.324272632598877,0.20904992520809174
qwen2_5_0_5b_base,birth_place:4,birth_place,qa,13,16.0810489654541,2.982015609741211,0.21515211462974548
qwen2_5_0_5b_base,birth_place:4,birth_place,qa,14,19.50886344909668,5.527198791503906,0.23961079120635986
qwen2_5_0_5b_base,birth_place:4,birth_place,qa,15,20.955350875854492,4.241483688354492,0.2561684548854828
qwen2_5_0_5b_base,birth_place:4,birth_place,qa,16,24.039447784423828,2.4155609607696533,0.27476540207862854
qwen2_5_0_5b_base,birth_place:4,birth_place,qa,17,30.12981414794922,5.177395820617676,0.25770434737205505
qwen2_5_0_5b_base,birth_place:4,birth_place,qa,18,34.04262924194336,4.676759243011475,0.2468121200799942
qwen2_5_0_5b_base,birth_place:4,birth_place,qa,19,39.60624694824219,5.167238235473633,0.28683868050575256
qwen2_5_0_5b_base,birth_place:4,birth_place,qa,20,52.95542907714844,11.26564884185791,0.30158087611198425
qwen2_5_0_5b_base,birth_place:4,birth_place,qa,21,75.6499252319336,16.014053344726562,0.27065691351890564
qwen2_5_0_5b_base,birth_place:4,birth_place,qa,22,82.42125701904297,4.353174686431885,0.3044795095920563
qwen2_5_0_5b_base,birth_place:4,birth_place,qa,23,302.0967102050781,15.595324516296387,0.3861903250217438
qwen2_5_0_5b_base,birth_place:4,birth_place,chat_template,0,3.609562635421753,0.5923623442649841,0.1046275943517685
qwen2_5_0_5b_base,birth_place:4,birth_place,chat_template,1,6.839927673339844,2.86449933052063,0.16760660707950592
qwen2_5_0_5b_base,birth_place:4,birth_place,chat_template,2,7.314049243927002,1.5270745754241943,0.14878177642822266
qwen2_5_0_5b_base,birth_place:4,birth_place,chat_template,3,8.331778526306152,2.3385672569274902,0.1701531857252121
qwen2_5_0_5b_base,birth_place:4,birth_place,chat_template,4,9.526469230651855,2.900153636932373,0.19368301331996918
qwen2_5_0_5b_base,birth_place:4,birth_place,chat_template,5,10.431070327758789,3.860363245010376,0.21106907725334167
qwen2_5_0_5b_base,birth_place:4,birth_place,chat_template,6,11.607186317443848,3.112642765045166,0.22046665847301483
qwen2_5_0_5b_base,birth_place:4,birth_place,chat_template,7,12.625007629394531,3.3985137939453125,0.2212764024734497
qwen2_5_0_5b_base,birth_place:4,birth_place,chat_template,8,12.569355010986328,3.943574905395508,0.2004636526107788
qwen2_5_0_5b_base,birth_place:4,birth_place,chat_template,9,13.598160743713379,3.4972872734069824,0.20926539599895477
qwen2_5_0_5b_base,birth_place:4,birth_place,chat_template,10,14.690489768981934,4.275051593780518,0.2089470624923706
qwen2_5_0_5b_base,birth_place:4,birth_place,chat_template,11,15.545716285705566,2.442784309387207,0.22431403398513794
qwen2_5_0_5b_base,birth_place:4,birth_place,chat_template,12,15.317438125610352,3.78029465675354,0.22203169763088226
qwen2_5_0_5b_base,birth_place:4,birth_place,chat_template,13,16.075950622558594,2.9612138271331787,0.22280476987361908
qwen2_5_0_5b_base,birth_place:4,birth_place,chat_template,14,19.884553909301758,6.014796733856201,0.25099849700927734
qwen2_5_0_5b_base,birth_place:4,birth_place,chat_template,15,20.918209075927734,4.911845684051514,0.2589734196662903
qwen2_5_0_5b_base,birth_place:4,birth_place,chat_template,16,23.136259078979492,3.7380974292755127,0.2919881343841553
qwen2_5_0_5b_base,birth_place:4,birth_place,chat_template,17,30.147310256958008,5.368405342102051,0.2553819417953491
qwen2_5_0_5b_base,birth_place:4,birth_place,chat_template,18,33.514122009277344,3.3490171432495117,0.24733689427375793
qwen2_5_0_5b_base,birth_place:4,birth_place,chat_template,19,37.275203704833984,4.939229965209961,0.27975115180015564
qwen2_5_0_5b_base,birth_place:4,birth_place,chat_template,20,50.536277770996094,11.739980697631836,0.2935659885406494
qwen2_5_0_5b_base,birth_place:4,birth_place,chat_template,21,68.19828033447266,24.68941307067871,0.25354504585266113
qwen2_5_0_5b_base,birth_place:4,birth_place,chat_template,22,72.31895446777344,8.856818199157715,0.32339972257614136
qwen2_5_0_5b_base,birth_place:4,birth_place,chat_template,23,254.5487060546875,17.013673782348633,0.4057622253894806
qwen2_5_0_5b_base,birth_place:5,birth_place,raw_question,0,4.879880905151367,0.4505327045917511,0.14244872331619263
qwen2_5_0_5b_base,birth_place:5,birth_place,raw_question,1,8.351255416870117,3.048114776611328,0.1724490076303482
qwen2_5_0_5b_base,birth_place:5,birth_place,raw_question,2,7.808220386505127,1.665190577507019,0.1679152250289917
qwen2_5_0_5b_base,birth_place:5,birth_place,raw_question,3,9.660042762756348,1.608237624168396,0.1820078343153
qwen2_5_0_5b_base,birth_place:5,birth_place,raw_question,4,11.074501991271973,2.826000928878784,0.21091806888580322
qwen2_5_0_5b_base,birth_place:5,birth_place,raw_question,5,12.304298400878906,2.935481548309326,0.21185307204723358
qwen2_5_0_5b_base,birth_place:5,birth_place,raw_question,6,13.143343925476074,2.1440865993499756,0.22426311671733856
qwen2_5_0_5b_base,birth_place:5,birth_place,raw_question,7,14.721412658691406,2.4595279693603516,0.22009654343128204
qwen2_5_0_5b_base,birth_place:5,birth_place,raw_question,8,15.30798625946045,3.7951536178588867,0.2096821367740631
qwen2_5_0_5b_base,birth_place:5,birth_place,raw_question,9,16.521291732788086,2.9874584674835205,0.20975686609745026
qwen2_5_0_5b_base,birth_place:5,birth_place,raw_question,10,15.809274673461914,3.7151474952697754,0.19719034433364868
qwen2_5_0_5b_base,birth_place:5,birth_place,raw_question,11,16.084138870239258,2.5540554523468018,0.2061253786087036
qwen2_5_0_5b_base,birth_place:5,birth_place,raw_question,12,16.523147583007812,2.823239326477051,0.20440083742141724
qwen2_5_0_5b_base,birth_place:5,birth_place,raw_question,13,17.799673080444336,2.915370225906372,0.20536518096923828
qwen2_5_0_5b_base,birth_place:5,birth_place,raw_question,14,18.211692810058594,3.6890830993652344,0.22218580543994904
qwen2_5_0_5b_base,birth_place:5,birth_place,raw_question,15,19.156551361083984,3.208747625350952,0.24277238547801971
qwen2_5_0_5b_base,birth_place:5,birth_place,raw_question,16,22.660852432250977,1.0390781164169312,0.2765234410762787
qwen2_5_0_5b_base,birth_place:5,birth_place,raw_question,17,27.265823364257812,3.9261176586151123,0.25848159193992615
qwen2_5_0_5b_base,birth_place:5,birth_place,raw_question,18,30.979982376098633,1.9631483554840088,0.26106828451156616
qwen2_5_0_5b_base,birth_place:5,birth_place,raw_question,19,34.75863265991211,4.459866523742676,0.29310059547424316
qwen2_5_0_5b_base,birth_place:5,birth_place,raw_question,20,48.1885986328125,9.394401550292969,0.29381313920021057
qwen2_5_0_5b_base,birth_place:5,birth_place,raw_question,21,69.31852722167969,14.623855590820312,0.25695404410362244
qwen2_5_0_5b_base,birth_place:5,birth_place,raw_question,22,74.69978332519531,7.3429460525512695,0.2829030454158783
qwen2_5_0_5b_base,birth_place:5,birth_place,raw_question,23,280.7314758300781,13.298845291137695,0.3649871349334717
qwen2_5_0_5b_base,birth_place:5,birth_place,declarative,0,5.044251918792725,0.45619216561317444,0.13283254206180573
qwen2_5_0_5b_base,birth_place:5,birth_place,declarative,1,9.1212797164917,3.582322597503662,0.19670020043849945
qwen2_5_0_5b_base,birth_place:5,birth_place,declarative,2,10.074239730834961,3.1431548595428467,0.2351692169904709
qwen2_5_0_5b_base,birth_place:5,birth_place,declarative,3,12.074235916137695,2.4911224842071533,0.22659441828727722
qwen2_5_0_5b_base,birth_place:5,birth_place,declarative,4,13.84037971496582,3.7242300510406494,0.2270783931016922
qwen2_5_0_5b_base,birth_place:5,birth_place,declarative,5,14.584884643554688,3.424191474914551,0.22006380558013916
qwen2_5_0_5b_base,birth_place:5,birth_place,declarative,6,16.097450256347656,2.9058403968811035,0.2393045723438263
qwen2_5_0_5b_base,birth_place:5,birth_place,declarative,7,15.79815673828125,4.5861310958862305,0.23363108932971954
qwen2_5_0_5b_base,birth_place:5,birth_place,declarative,8,15.77336597442627,4.394095420837402,0.22383172810077667
qwen2_5_0_5b_base,birth_place:5,birth_place,declarative,9,16.268844604492188,2.455260992050171,0.20789246261119843
qwen2_5_0_5b_base,birth_place:5,birth_place,declarative,10,17.387834548950195,3.930659294128418,0.21624954044818878
qwen2_5_0_5b_base,birth_place:5,birth_place,declarative,11,16.512325286865234,2.84047269821167,0.22259210050106049
qwen2_5_0_5b_base,birth_place:5,birth_place,declarative,12,18.318954467773438,3.149841070175171,0.21854744851589203
qwen2_5_0_5b_base,birth_place:5,birth_place,declarative,13,18.517284393310547,2.3026137351989746,0.21468965709209442
qwen2_5_0_5b_base,birth_place:5,birth_place,declarative,14,18.826705932617188,5.5576701164245605,0.23720459640026093
qwen2_5_0_5b_base,birth_place:5,birth_place,declarative,15,20.292356491088867,3.9867613315582275,0.2543224096298218
qwen2_5_0_5b_base,birth_place:5,birth_place,declarative,16,22.574941635131836,0.779136598110199,0.2768000066280365
qwen2_5_0_5b_base,birth_place:5,birth_place,declarative,17,28.202688217163086,7.65585994720459,0.2486165165901184
qwen2_5_0_5b_base,birth_place:5,birth_place,declarative,18,33.10753631591797,2.681544542312622,0.2521437406539917
qwen2_5_0_5b_base,birth_place:5,birth_place,declarative,19,39.4271125793457,4.136367321014404,0.2808397114276886
qwen2_5_0_5b_base,birth_place:5,birth_place,declarative,20,48.04798889160156,12.56181812286377,0.30486392974853516
qwen2_5_0_5b_base,birth_place:5,birth_place,declarative,21,69.49095916748047,15.519043922424316,0.2922961711883545
qwen2_5_0_5b_base,birth_place:5,birth_place,declarative,22,82.92084503173828,4.365685939788818,0.37748417258262634
qwen2_5_0_5b_base,birth_place:5,birth_place,declarative,23,285.47467041015625,11.549860954284668,0.40808457136154175
qwen2_5_0_5b_base,birth_place:5,birth_place,qa,0,4.180942535400391,0.5616374015808105,0.14470939338207245
qwen2_5_0_5b_base,birth_place:5,birth_place,qa,1,6.91061544418335,2.8654143810272217,0.1762114018201828
qwen2_5_0_5b_base,birth_place:5,birth_place,qa,2,9.035758972167969,2.5393331050872803,0.23674272000789642
qwen2_5_0_5b_base,birth_place:5,birth_place,qa,3,9.68077278137207,3.133160352706909,0.2222374826669693
qwen2_5_0_5b_base,birth_place:5,birth_place,qa,4,10.354772567749023,2.574934244155884,0.21231591701507568
qwen2_5_0_5b_base,birth_place:5,birth_place,qa,5,11.18746280670166,3.324895143508911,0.213225319981575
qwen2_5_0_5b_base,birth_place:5,birth_place,qa,6,12.723977088928223,2.837468147277832,0.22813847661018372
qwen2_5_0_5b_base,birth_place:5,birth_place,qa,7,12.412365913391113,2.883334159851074,0.22322101891040802
qwen2_5_0_5b_base,birth_place:5,birth_place,qa,8,12.850934028625488,3.158480644226074,0.20174379646778107
qwen2_5_0_5b_base,birth_place:5,birth_place,qa,9,14.532033920288086,3.038839101791382,0.2143673151731491
qwen2_5_0_5b_base,birth_place:5,birth_place,qa,10,13.552384376525879,3.4156620502471924,0.20607522130012512
qwen2_5_0_5b_base,birth_place:5,birth_place,qa,11,15.015470504760742,2.6166932582855225,0.21630962193012238
qwen2_5_0_5b_base,birth_place:5,birth_place,qa,12,14.983390808105469,3.352858066558838,0.20977133512496948
qwen2_5_0_5b_base,birth_place:5,birth_place,qa,13,15.9705228805542,2.798691749572754,0.21448767185211182
qwen2_5_0_5b_base,birth_place:5,birth_place,qa,14,19.58271598815918,5.691492080688477,0.24119535088539124
qwen2_5_0_5b_base,birth_place:5,birth_place,qa,15,21.041582107543945,4.382730007171631,0.25703513622283936
qwen2_5_0_5b_base,birth_place:5,birth_place,qa,16,24.141632080078125,2.5428574085235596,0.2758728861808777
qwen2_5_0_5b_base,birth_place:5,birth_place,qa,17,30.163183212280273,5.88214111328125,0.2562803030014038
qwen2_5_0_5b_base,birth_place:5,birth_place,qa,18,33.833072662353516,3.944955348968506,0.2450443059206009
qwen2_5_0_5b_base,birth_place:5,birth_place,qa,19,39.33700942993164,4.88422155380249,0.28483647108078003
qwen2_5_0_5b_base,birth_place:5,birth_place,qa,20,52.73322296142578,11.809110641479492,0.300065279006958
qwen2_5_0_5b_base,birth_place:5,birth_place,qa,21,74.30979919433594,17.36983871459961,0.27223095297813416
qwen2_5_0_5b_base,birth_place:5,birth_place,qa,22,80.87499237060547,4.550366401672363,0.3128262162208557
qwen2_5_0_5b_base,birth_place:5,birth_place,qa,23,302.8384094238281,16.43051528930664,0.3865300118923187
qwen2_5_0_5b_base,birth_place:5,birth_place,chat_template,0,3.6095404624938965,0.5910050868988037,0.10474153608083725
qwen2_5_0_5b_base,birth_place:5,birth_place,chat_template,1,6.8333868980407715,2.8549911975860596,0.16744083166122437
qwen2_5_0_5b_base,birth_place:5,birth_place,chat_template,2,7.305057525634766,1.5221420526504517,0.14848263561725616
qwen2_5_0_5b_base,birth_place:5,birth_place,chat_template,3,8.342401504516602,2.349259614944458,0.16959792375564575
qwen2_5_0_5b_base,birth_place:5,birth_place,chat_template,4,9.566620826721191,2.941476583480835,0.19447271525859833
qwen2_5_0_5b_base,birth_place:5,birth_place,chat_template,5,10.472548484802246,3.87105131149292,0.21115760505199432
qwen2_5_0_5b_base,birth_place:5,birth_place,chat_template,6,11.65202522277832,3.067336082458496,0.21977882087230682
qwen2_5_0_5b_base,birth_place:5,birth_place,chat_template,7,12.734211921691895,3.4343490600585938,0.22102370858192444
qwen2_5_0_5b_base,birth_place:5,birth_place,chat_template,8,12.597902297973633,4.050577640533447,0.20116408169269562
qwen2_5_0_5b_base,birth_place:5,birth_place,chat_template,9,13.478116989135742,3.317446231842041,0.20869635045528412
qwen2_5_0_5b_base,birth_place:5,birth_place,chat_template,10,14.4840087890625,4.098937511444092,0.20765525102615356
qwen2_5_0_5b_base,birth_place:5,birth_place,chat_template,11,15.607071876525879,2.483511447906494,0.22427672147750854
qwen2_5_0_5b_base,birth_place:5,birth_place,chat_template,12,15.275447845458984,3.9026036262512207,0.22244571149349213
qwen2_5_0_5b_base,birth_place:5,birth_place,chat_template,13,15.929972648620605,2.924470901489258,0.22295016050338745
qwen2_5_0_5b_base,birth_place:5,birth_place,chat_template,14,19.772146224975586,5.935462474822998,0.24993984401226044
qwen2_5_0_5b_base,birth_place:5,birth_place,chat_template,15,20.620372772216797,4.907177925109863,0.259290874004364
qwen2_5_0_5b_base,birth_place:5,birth_place,chat_template,16,22.940185546875,4.488274574279785,0.29188308119773865
qwen2_5_0_5b_base,birth_place:5,birth_place,chat_template,17,29.990673065185547,5.294906139373779,0.25444334745407104
qwen2_5_0_5b_base,birth_place:5,birth_place,chat_template,18,33.27678298950195,3.261413812637329,0.2493641972541809
qwen2_5_0_5b_base,birth_place:5,birth_place,chat_template,19,36.955047607421875,5.5592570304870605,0.2829470932483673
qwen2_5_0_5b_base,birth_place:5,birth_place,chat_template,20,52.86278533935547,13.974064826965332,0.29573747515678406
qwen2_5_0_5b_base,birth_place:5,birth_place,chat_template,21,66.9884262084961,18.790897369384766,0.2572634816169739
qwen2_5_0_5b_base,birth_place:5,birth_place,chat_template,22,73.83755493164062,13.828511238098145,0.30845001339912415
qwen2_5_0_5b_base,birth_place:5,birth_place,chat_template,23,265.2793884277344,13.955552101135254,0.4118136167526245
qwen2_5_0_5b_base,birth_place:6,birth_place,raw_question,0,4.888226509094238,0.44810476899147034,0.13849389553070068
qwen2_5_0_5b_base,birth_place:6,birth_place,raw_question,1,8.405805587768555,2.9836132526397705,0.1719982773065567
qwen2_5_0_5b_base,birth_place:6,birth_place,raw_question,2,7.9288177490234375,1.7193915843963623,0.1713481992483139
qwen2_5_0_5b_base,birth_place:6,birth_place,raw_question,3,9.609387397766113,1.6033074855804443,0.18296240270137787
qwen2_5_0_5b_base,birth_place:6,birth_place,raw_question,4,10.930306434631348,2.669597864151001,0.2088075876235962
qwen2_5_0_5b_base,birth_place:6,birth_place,raw_question,5,12.57079029083252,3.072735548019409,0.21243587136268616
qwen2_5_0_5b_base,birth_place:6,birth_place,raw_question,6,13.052165031433105,2.306382894515991,0.22627639770507812
qwen2_5_0_5b_base,birth_place:6,birth_place,raw_question,7,14.410505294799805,2.446577548980713,0.21956469118595123
qwen2_5_0_5b_base,birth_place:6,birth_place,raw_question,8,14.805931091308594,3.586346387863159,0.20717482268810272
qwen2_5_0_5b_base,birth_place:6,birth_place,raw_question,9,16.01367950439453,2.907839059829712,0.20820008218288422
qwen2_5_0_5b_base,birth_place:6,birth_place,raw_question,10,15.562845230102539,3.828809976577759,0.1962486356496811
qwen2_5_0_5b_base,birth_place:6,birth_place,raw_question,11,15.754669189453125,2.638439893722534,0.2050870954990387
qwen2_5_0_5b_base,birth_place:6,birth_place,raw_question,12,16.482175827026367,2.8652257919311523,0.2026226967573166
qwen2_5_0_5b_base,birth_place:6,birth_place,raw_question,13,17.95906639099121,2.959420680999756,0.20442470908164978
qwen2_5_0_5b_base,birth_place:6,birth_place,raw_question,14,18.377153396606445,3.9163429737091064,0.21986843645572662
qwen2_5_0_5b_base,birth_place:6,birth_place,raw_question,15,19.391794204711914,2.8635308742523193,0.24075405299663544
qwen2_5_0_5b_base,birth_place:6,birth_place,raw_question,16,22.88518714904785,0.9372755885124207,0.2728448212146759
qwen2_5_0_5b_base,birth_place:6,birth_place,raw_question,17,27.635108947753906,3.925715684890747,0.2617189288139343
qwen2_5_0_5b_base,birth_place:6,birth_place,raw_question,18,31.455665588378906,1.901987910270691,0.2637080252170563
qwen2_5_0_5b_base,birth_place:6,birth_place,raw_question,19,34.99876022338867,4.657969951629639,0.2955871522426605
qwen2_5_0_5b_base,birth_place:6,birth_place,raw_question,20,48.820526123046875,8.25482177734375,0.29147428274154663
qwen2_5_0_5b_base,birth_place:6,birth_place,raw_question,21,69.93250274658203,13.586127281188965,0.25169137120246887
qwen2_5_0_5b_base,birth_place:6,birth_place,raw_question,22,75.78846740722656,9.218503952026367,0.27294087409973145
qwen2_5_0_5b_base,birth_place:6,birth_place,raw_question,23,280.3348388671875,12.3997163772583,0.3586632013320923
qwen2_5_0_5b_base,birth_place:6,birth_place,declarative,0,5.048547267913818,0.4608076810836792,0.13342861831188202
qwen2_5_0_5b_base,birth_place:6,birth_place,declarative,1,8.951140403747559,3.581082582473755,0.1964510828256607
qwen2_5_0_5b_base,birth_place:6,birth_place,declarative,2,10.03227424621582,3.2910959720611572,0.23877370357513428
qwen2_5_0_5b_base,birth_place:6,birth_place,declarative,3,12.451748847961426,2.572032928466797,0.22842538356781006
qwen2_5_0_5b_base,birth_place:6,birth_place,declarative,4,13.819537162780762,3.809340476989746,0.2279624491930008
qwen2_5_0_5b_base,birth_place:6,birth_place,declarative,5,14.91889476776123,3.0964300632476807,0.21844622492790222
qwen2_5_0_5b_base,birth_place:6,birth_place,declarative,6,16.100685119628906,3.2030880451202393,0.2396508753299713
qwen2_5_0_5b_base,birth_place:6,birth_place,declarative,7,16.17493438720703,3.807422161102295,0.23225879669189453
qwen2_5_0_5b_base,birth_place:6,birth_place,declarative,8,16.217554092407227,4.47348165512085,0.22241787612438202
qwen2_5_0_5b_base,birth_place:6,birth_place,declarative,9,16.584917068481445,2.366037607192993,0.20632079243659973
qwen2_5_0_5b_base,birth_place:6,birth_place,declarative,10,17.73208999633789,4.051212787628174,0.21676921844482422
qwen2_5_0_5b_base,birth_place:6,birth_place,declarative,11,16.704299926757812,2.817481756210327,0.22689852118492126
qwen2_5_0_5b_base,birth_place:6,birth_place,declarative,12,18.60881233215332,3.1207516193389893,0.2204054743051529
qwen2_5_0_5b_base,birth_place:6,birth_place,declarative,13,18.838865280151367,2.342662811279297,0.21798713505268097
qwen2_5_0_5b_base,birth_place:6,birth_place,declarative,14,19.187114715576172,6.398841857910156,0.23960208892822266
qwen2_5_0_5b_base,birth_place:6,birth_place,declarative,15,20.94149398803711,4.401394844055176,0.25734540820121765
qwen2_5_0_5b_base,birth_place:6,birth_place,declarative,16,23.168678283691406,0.9264041781425476,0.2761974334716797
qwen2_5_0_5b_base,birth_place:6,birth_place,declarative,17,28.08850860595703,6.1531500816345215,0.2480744868516922
qwen2_5_0_5b_base,birth_place:6,birth_place,declarative,18,33.40668869018555,3.7826759815216064,0.2536999583244324
qwen2_5_0_5b_base,birth_place:6,birth_place,declarative,19,36.72776794433594,4.12058687210083,0.28618502616882324
qwen2_5_0_5b_base,birth_place:6,birth_place,declarative,20,44.990352630615234,13.784666061401367,0.29784733057022095
qwen2_5_0_5b_base,birth_place:6,birth_place,declarative,21,63.067684173583984,17.053871154785156,0.3138028085231781
qwen2_5_0_5b_base,birth_place:6,birth_place,declarative,22,75.91532135009766,4.686523914337158,0.3930635452270508
qwen2_5_0_5b_base,birth_place:6,birth_place,declarative,23,268.46636962890625,13.07877254486084,0.42261946201324463
qwen2_5_0_5b_base,birth_place:6,birth_place,qa,0,4.177601337432861,0.5611072778701782,0.14122773706912994
qwen2_5_0_5b_base,birth_place:6,birth_place,qa,1,6.911497592926025,2.8390774726867676,0.17571228742599487
qwen2_5_0_5b_base,birth_place:6,birth_place,qa,2,8.910991668701172,2.4410014152526855,0.2336626797914505
qwen2_5_0_5b_base,birth_place:6,birth_place,qa,3,9.653032302856445,3.1869900226593018,0.22157450020313263
qwen2_5_0_5b_base,birth_place:6,birth_place,qa,4,10.378508567810059,2.5583600997924805,0.21202726662158966
qwen2_5_0_5b_base,birth_place:6,birth_place,qa,5,11.105899810791016,3.287931203842163,0.2124265432357788
qwen2_5_0_5b_base,birth_place:6,birth_place,qa,6,12.796502113342285,2.868260622024536,0.22776775062084198
qwen2_5_0_5b_base,birth_place:6,birth_place,qa,7,12.564519882202148,2.8817265033721924,0.22328031063079834
qwen2_5_0_5b_base,birth_place:6,birth_place,qa,8,12.898022651672363,3.2183284759521484,0.20260655879974365
qwen2_5_0_5b_base,birth_place:6,birth_place,qa,9,14.533792495727539,2.9854588508605957,0.2135998010635376
qwen2_5_0_5b_base,birth_place:6,birth_place,qa,10,13.655346870422363,3.3882596492767334,0.20509697496891022
qwen2_5_0_5b_base,birth_place:6,birth_place,qa,11,15.016091346740723,2.6371381282806396,0.2159360647201538
qwen2_5_0_5b_base,birth_place:6,birth_place,qa,12,14.876949310302734,3.208380699157715,0.208020880818367
qwen2_5_0_5b_base,birth_place:6,birth_place,qa,13,15.96557903289795,2.8813302516937256,0.21460814774036407
qwen2_5_0_5b_base,birth_place:6,birth_place,qa,14,19.58422088623047,5.823914051055908,0.24156226217746735
qwen2_5_0_5b_base,birth_place:6,birth_place,qa,15,21.000995635986328,4.366896629333496,0.25769856572151184
qwen2_5_0_5b_base,birth_place:6,birth_place,qa,16,23.929243087768555,2.332852602005005,0.2750109136104584
qwen2_5_0_5b_base,birth_place:6,birth_place,qa,17,29.622859954833984,5.368531703948975,0.25687089562416077
qwen2_5_0_5b_base,birth_place:6,birth_place,qa,18,34.11685562133789,4.726665019989014,0.24462318420410156
qwen2_5_0_5b_base,birth_place:6,birth_place,qa,19,39.05143356323242,4.824855804443359,0.28725922107696533
qwen2_5_0_5b_base,birth_place:6,birth_place,qa,20,52.59378433227539,11.76529312133789,0.30153632164001465
qwen2_5_0_5b_base,birth_place:6,birth_place,qa,21,74.5323486328125,16.632366180419922,0.27249202132225037
qwen2_5_0_5b_base,birth_place:6,birth_place,qa,22,81.87187194824219,9.115253448486328,0.30737119913101196
qwen2_5_0_5b_base,birth_place:6,birth_place,qa,23,299.5880126953125,13.902158737182617,0.3825584650039673
qwen2_5_0_5b_base,birth_place:6,birth_place,chat_template,0,3.6156702041625977,0.5907687544822693,0.10470844060182571
qwen2_5_0_5b_base,birth_place:6,birth_place,chat_template,1,6.835013389587402,2.8493812084198,0.16707541048526764
qwen2_5_0_5b_base,birth_place:6,birth_place,chat_template,2,7.301598072052002,1.508988618850708,0.1482378989458084
qwen2_5_0_5b_base,birth_place:6,birth_place,chat_template,3,8.345725059509277,2.347508192062378,0.16999389231204987
qwen2_5_0_5b_base,birth_place:6,birth_place,chat_template,4,9.563368797302246,2.913846492767334,0.19417551159858704
qwen2_5_0_5b_base,birth_place:6,birth_place,chat_template,5,10.489859580993652,3.910794973373413,0.21074116230010986
qwen2_5_0_5b_base,birth_place:6,birth_place,chat_template,6,11.7733154296875,3.1705973148345947,0.21902483701705933
qwen2_5_0_5b_base,birth_place:6,birth_place,chat_template,7,12.801310539245605,3.3899199962615967,0.2214023470878601
qwen2_5_0_5b_base,birth_place:6,birth_place,chat_template,8,12.6300687789917,4.006694793701172,0.20069284737110138
qwen2_5_0_5b_base,birth_place:6,birth_place,chat_template,9,13.612548828125,3.4769506454467773,0.21006396412849426
qwen2_5_0_5b_base,birth_place:6,birth_place,chat_template,10,14.536900520324707,4.207668781280518,0.20806784927845
qwen2_5_0_5b_base,birth_place:6,birth_place,chat_template,11,15.517851829528809,2.463256597518921,0.224478617310524
qwen2_5_0_5b_base,birth_place:6,birth_place,chat_template,12,15.340728759765625,3.817861557006836,0.22234894335269928
qwen2_5_0_5b_base,birth_place:6,birth_place,chat_template,13,16.0977725982666,2.9818263053894043,0.2236359715461731
qwen2_5_0_5b_base,birth_place:6,birth_place,chat_template,14,20.0776309967041,6.275205612182617,0.25130343437194824
qwen2_5_0_5b_base,birth_place:6,birth_place,chat_template,15,20.78026580810547,4.939432144165039,0.2610446512699127
qwen2_5_0_5b_base,birth_place:6,birth_place,chat_template,16,22.961837768554688,4.08763313293457,0.2923113703727722
qwen2_5_0_5b_base,birth_place:6,birth_place,chat_template,17,29.98457908630371,5.4221272468566895,0.25498872995376587
qwen2_5_0_5b_base,birth_place:6,birth_place,chat_template,18,33.28245544433594,3.4912681579589844,0.24857307970523834
qwen2_5_0_5b_base,birth_place:6,birth_place,chat_template,19,36.99771499633789,5.244984149932861,0.28375953435897827
qwen2_5_0_5b_base,birth_place:6,birth_place,chat_template,20,51.98802947998047,13.122062683105469,0.29837414622306824
qwen2_5_0_5b_base,birth_place:6,birth_place,chat_template,21,67.60527038574219,22.621273040771484,0.2561284303665161
qwen2_5_0_5b_base,birth_place:6,birth_place,chat_template,22,74.0665283203125,18.141080856323242,0.3221776783466339
qwen2_5_0_5b_base,birth_place:6,birth_place,chat_template,23,261.3334045410156,15.631524085998535,0.40664443373680115
qwen2_5_0_5b_base,birth_place:7,birth_place,raw_question,0,4.865851879119873,0.44565582275390625,0.13902702927589417
qwen2_5_0_5b_base,birth_place:7,birth_place,raw_question,1,8.469688415527344,3.0235211849212646,0.17245805263519287
qwen2_5_0_5b_base,birth_place:7,birth_place,raw_question,2,7.913352012634277,1.719157099723816,0.1680755764245987
qwen2_5_0_5b_base,birth_place:7,birth_place,raw_question,3,9.509537696838379,1.5857594013214111,0.182928204536438
qwen2_5_0_5b_base,birth_place:7,birth_place,raw_question,4,10.834831237792969,2.535210132598877,0.2087223082780838
qwen2_5_0_5b_base,birth_place:7,birth_place,raw_question,5,12.142854690551758,3.0371854305267334,0.21041548252105713
qwen2_5_0_5b_base,birth_place:7,birth_place,raw_question,6,13.159783363342285,2.3208887577056885,0.22555220127105713
qwen2_5_0_5b_base,birth_place:7,birth_place,raw_question,7,14.594700813293457,2.5363621711730957,0.22094395756721497
qwen2_5_0_5b_base,birth_place:7,birth_place,raw_question,8,14.973671913146973,3.742816209793091,0.2088685780763626
qwen2_5_0_5b_base,birth_place:7,birth_place,raw_question,9,16.23438835144043,2.844196081161499,0.2080135941505432
qwen2_5_0_5b_base,birth_place:7,birth_place,raw_question,10,15.624482154846191,3.7901270389556885,0.19705507159233093
qwen2_5_0_5b_base,birth_place:7,birth_place,raw_question,11,15.980132102966309,2.6141231060028076,0.20704299211502075
qwen2_5_0_5b_base,birth_place:7,birth_place,raw_question,12,16.539920806884766,2.7987232208251953,0.2043636292219162
qwen2_5_0_5b_base,birth_place:7,birth_place,raw_question,13,17.89409065246582,2.936335802078247,0.2076052576303482
qwen2_5_0_5b_base,birth_place:7,birth_place,raw_question,14,18.29547882080078,3.692277193069458,0.2237563580274582
qwen2_5_0_5b_base,birth_place:7,birth_place,raw_question,15,19.375947952270508,3.1042556762695312,0.24254336953163147
qwen2_5_0_5b_base,birth_place:7,birth_place,raw_question,16,22.74449920654297,1.0287837982177734,0.275588721036911
qwen2_5_0_5b_base,birth_place:7,birth_place,raw_question,17,27.41466522216797,3.9320547580718994,0.2609845995903015
qwen2_5_0_5b_base,birth_place:7,birth_place,raw_question,18,31.07281494140625,2.1063220500946045,0.26255282759666443
qwen2_5_0_5b_base,birth_place:7,birth_place,raw_question,19,34.634422302246094,5.458123683929443,0.2946668863296509
qwen2_5_0_5b_base,birth_place:7,birth_place,raw_question,20,48.473052978515625,10.306032180786133,0.29066982865333557
qwen2_5_0_5b_base,birth_place:7,birth_place,raw_question,21,69.5022964477539,13.768407821655273,0.25355464220046997
qwen2_5_0_5b_base,birth_place:7,birth_place,raw_question,22,75.2396011352539,10.896234512329102,0.28188180923461914
qwen2_5_0_5b_base,birth_place:7,birth_place,raw_question,23,283.1931457519531,12.95485782623291,0.36705702543258667
qwen2_5_0_5b_base,birth_place:7,birth_place,declarative,0,5.108339309692383,0.4606521725654602,0.13323010504245758
qwen2_5_0_5b_base,birth_place:7,birth_place,declarative,1,9.0972900390625,3.6789915561676025,0.19773490726947784
qwen2_5_0_5b_base,birth_place:7,birth_place,declarative,2,10.253320693969727,3.471714496612549,0.24357017874717712
qwen2_5_0_5b_base,birth_place:7,birth_place,declarative,3,12.348217010498047,2.555114984512329,0.22825618088245392
qwen2_5_0_5b_base,birth_place:7,birth_place,declarative,4,14.619986534118652,3.871957302093506,0.2300157994031906
qwen2_5_0_5b_base,birth_place:7,birth_place,declarative,5,15.564398765563965,3.6314563751220703,0.21926578879356384
qwen2_5_0_5b_base,birth_place:7,birth_place,declarative,6,16.344343185424805,3.140786647796631,0.23967692255973816
qwen2_5_0_5b_base,birth_place:7,birth_place,declarative,7,16.314348220825195,4.444705963134766,0.23356859385967255
qwen2_5_0_5b_base,birth_place:7,birth_place,declarative,8,16.14763832092285,4.637659549713135,0.22460751235485077
qwen2_5_0_5b_base,birth_place:7,birth_place,declarative,9,16.45917320251465,2.4031388759613037,0.20757973194122314
qwen2_5_0_5b_base,birth_place:7,birth_place,declarative,10,17.65108871459961,3.979546070098877,0.21706917881965637
qwen2_5_0_5b_base,birth_place:7,birth_place,declarative,11,16.646352767944336,2.8074862957000732,0.22286224365234375
qwen2_5_0_5b_base,birth_place:7,birth_place,declarative,12,18.53974151611328,3.1867785453796387,0.2179453819990158
qwen2_5_0_5b_base,birth_place:7,birth_place,declarative,13,18.59596061706543,2.311497688293457,0.21543818712234497
qwen2_5_0_5b_base,birth_place:7,birth_place,declarative,14,19.65385627746582,5.455107688903809,0.23979437351226807
qwen2_5_0_5b_base,birth_place:7,birth_place,declarative,15,20.741500854492188,4.089170932769775,0.2558470070362091
qwen2_5_0_5b_base,birth_place:7,birth_place,declarative,16,22.971277236938477,0.7731987833976746,0.27760952711105347
qwen2_5_0_5b_base,birth_place:7,birth_place,declarative,17,28.441442489624023,6.610595226287842,0.24752041697502136
qwen2_5_0_5b_base,birth_place:7,birth_place,declarative,18,32.9798583984375,3.242811918258667,0.25540655851364136
qwen2_5_0_5b_base,birth_place:7,birth_place,declarative,19,38.32460021972656,4.153999328613281,0.28572484850883484
qwen2_5_0_5b_base,birth_place:7,birth_place,declarative,20,50.671810150146484,9.038426399230957,0.30265510082244873
qwen2_5_0_5b_base,birth_place:7,birth_place,declarative,21,70.94290924072266,8.598684310913086,0.28839823603630066
qwen2_5_0_5b_base,birth_place:7,birth_place,declarative,22,82.0113525390625,3.8921358585357666,0.34013572335243225
qwen2_5_0_5b_base,birth_place:7,birth_place,declarative,23,301.7397766113281,10.72647476196289,0.3865390717983246
qwen2_5_0_5b_base,birth_place:7,birth_place,qa,0,4.16035270690918,0.5592396259307861,0.1419750303030014
qwen2_5_0_5b_base,birth_place:7,birth_place,qa,1,6.921142578125,2.8524415493011475,0.17545060813426971
qwen2_5_0_5b_base,birth_place:7,birth_place,qa,2,8.827115058898926,2.412641763687134,0.23205503821372986
qwen2_5_0_5b_base,birth_place:7,birth_place,qa,3,9.601895332336426,3.139951467514038,0.2207256555557251
qwen2_5_0_5b_base,birth_place:7,birth_place,qa,4,10.413561820983887,2.5753748416900635,0.2121932953596115
qwen2_5_0_5b_base,birth_place:7,birth_place,qa,5,11.047889709472656,3.352018117904663,0.21181829273700714
qwen2_5_0_5b_base,birth_place:7,birth_place,qa,6,12.526471138000488,2.768810272216797,0.22698156535625458
qwen2_5_0_5b_base,birth_place:7,birth_place,qa,7,12.381455421447754,2.633666753768921,0.22262005507946014
qwen2_5_0_5b_base,birth_place:7,birth_place,qa,8,12.934916496276855,3.1720616817474365,0.20127761363983154
qwen2_5_0_5b_base,birth_place:7,birth_place,qa,9,14.655866622924805,3.0179755687713623,0.2150496393442154
qwen2_5_0_5b_base,birth_place:7,birth_place,qa,10,13.708551406860352,3.3333442211151123,0.20657630264759064
qwen2_5_0_5b_base,birth_place:7,birth_place,qa,11,15.297117233276367,2.5589611530303955,0.21872898936271667
qwen2_5_0_5b_base,birth_place:7,birth_place,qa,12,15.030802726745605,3.4302735328674316,0.21231603622436523
qwen2_5_0_5b_base,birth_place:7,birth_place,qa,13,16.065570831298828,2.893862009048462,0.21645094454288483
qwen2_5_0_5b_base,birth_place:7,birth_place,qa,14,19.602956771850586,5.78278112411499,0.2427145540714264
qwen2_5_0_5b_base,birth_place:7,birth_place,qa,15,20.68162727355957,4.347343921661377,0.257063090801239
qwen2_5_0_5b_base,birth_place:7,birth_place,qa,16,23.80225372314453,2.303298234939575,0.27592378854751587
qwen2_5_0_5b_base,birth_place:7,birth_place,qa,17,29.858579635620117,5.045538902282715,0.25715571641921997
qwen2_5_0_5b_base,birth_place:7,birth_place,qa,18,33.3076286315918,5.175568580627441,0.24566753208637238
qwen2_5_0_5b_base,birth_place:7,birth_place,qa,19,38.8578987121582,5.613905429840088,0.2877597212791443
qwen2_5_0_5b_base,birth_place:7,birth_place,qa,20,53.790184020996094,11.732661247253418,0.3021502196788788
qwen2_5_0_5b_base,birth_place:7,birth_place,qa,21,75.55223083496094,13.843216896057129,0.26606208086013794
qwen2_5_0_5b_base,birth_place:7,birth_place,qa,22,81.6381607055664,8.875346183776855,0.2980695962905884
qwen2_5_0_5b_base,birth_place:7,birth_place,qa,23,308.88824462890625,14.898662567138672,0.38252317905426025
qwen2_5_0_5b_base,birth_place:7,birth_place,chat_template,0,3.617291212081909,0.5903570055961609,0.10475573688745499
qwen2_5_0_5b_base,birth_place:7,birth_place,chat_template,1,6.855285167694092,2.8641951084136963,0.1673576980829239
qwen2_5_0_5b_base,birth_place:7,birth_place,chat_template,2,7.312546730041504,1.5192058086395264,0.14839228987693787
qwen2_5_0_5b_base,birth_place:7,birth_place,chat_template,3,8.365772247314453,2.3412184715270996,0.16886483132839203
qwen2_5_0_5b_base,birth_place:7,birth_place,chat_template,4,9.533738136291504,2.8852310180664062,0.19331879913806915
qwen2_5_0_5b_base,birth_place:7,birth_place,chat_template,5,10.537290573120117,3.95822811126709,0.21142874658107758
qwen2_5_0_5b_base,birth_place:7,birth_place,chat_template,6,11.720259666442871,3.115166187286377,0.22030754387378693
qwen2_5_0_5b_base,birth_place:7,birth_place,chat_template,7,12.777193069458008,3.4116697311401367,0.2208947390317917
qwen2_5_0_5b_base,birth_place:7,birth_place,chat_template,8,12.527311325073242,3.9800164699554443,0.20087850093841553
qwen2_5_0_5b_base,birth_place:7,birth_place,chat_template,9,13.510058403015137,3.470850706100464,0.2087206393480301
qwen2_5_0_5b_base,birth_place:7,birth_place,chat_template,10,14.68946361541748,4.322490215301514,0.20967677235603333
qwen2_5_0_5b_base,birth_place:7,birth_place,chat_template,11,15.540955543518066,2.495770215988159,0.22468651831150055
qwen2_5_0_5b_base,birth_place:7,birth_place,chat_template,12,15.3514986038208,3.8638322353363037,0.22223913669586182
qwen2_5_0_5b_base,birth_place:7,birth_place,chat_template,13,16.055408477783203,2.986037254333496,0.22298230230808258
qwen2_5_0_5b_base,birth_place:7,birth_place,chat_template,14,20.01584243774414,6.153981685638428,0.2515648305416107
qwen2_5_0_5b_base,birth_place:7,birth_place,chat_template,15,20.88104820251465,4.890807151794434,0.2593580186367035
qwen2_5_0_5b_base,birth_place:7,birth_place,chat_template,16,23.196395874023438,3.786752223968506,0.29443463683128357
qwen2_5_0_5b_base,birth_place:7,birth_place,chat_template,17,30.296812057495117,5.464775085449219,0.257433146238327
qwen2_5_0_5b_base,birth_place:7,birth_place,chat_template,18,33.66783142089844,3.2710487842559814,0.251016765832901
qwen2_5_0_5b_base,birth_place:7,birth_place,chat_template,19,37.46593475341797,5.794188976287842,0.2831362783908844
qwen2_5_0_5b_base,birth_place:7,birth_place,chat_template,20,51.77470779418945,11.065893173217773,0.2963291108608246
qwen2_5_0_5b_base,birth_place:7,birth_place,chat_template,21,67.73548126220703,22.714122772216797,0.254193514585495
qwen2_5_0_5b_base,birth_place:7,birth_place,chat_template,22,72.31107330322266,13.345754623413086,0.3265582323074341
qwen2_5_0_5b_base,birth_place:7,birth_place,chat_template,23,262.8079528808594,15.34531021118164,0.4065674841403961
qwen2_5_0_5b_base,birth_place:8,birth_place,raw_question,0,4.839401721954346,0.44376036524772644,0.13530701398849487
qwen2_5_0_5b_base,birth_place:8,birth_place,raw_question,1,8.427488327026367,2.9393324851989746,0.1700197458267212
qwen2_5_0_5b_base,birth_place:8,birth_place,raw_question,2,7.807552814483643,1.634558916091919,0.16962400078773499
qwen2_5_0_5b_base,birth_place:8,birth_place,raw_question,3,9.460217475891113,1.609054684638977,0.18105459213256836
qwen2_5_0_5b_base,birth_place:8,birth_place,raw_question,4,10.81894588470459,2.47512149810791,0.20779810845851898
qwen2_5_0_5b_base,birth_place:8,birth_place,raw_question,5,12.449987411499023,3.1227378845214844,0.2127068191766739
qwen2_5_0_5b_base,birth_place:8,birth_place,raw_question,6,13.406678199768066,2.55275821685791,0.22582656145095825
qwen2_5_0_5b_base,birth_place:8,birth_place,raw_question,7,14.699222564697266,2.639704942703247,0.22137004137039185
qwen2_5_0_5b_base,birth_place:8,birth_place,raw_question,8,15.155224800109863,3.8525633811950684,0.20880679786205292
qwen2_5_0_5b_base,birth_place:8,birth_place,raw_question,9,16.243261337280273,2.8403890132904053,0.20862050354480743
qwen2_5_0_5b_base,birth_place:8,birth_place,raw_question,10,15.561370849609375,3.822014331817627,0.1966870278120041
qwen2_5_0_5b_base,birth_place:8,birth_place,raw_question,11,15.820745468139648,2.5779216289520264,0.20483887195587158
qwen2_5_0_5b_base,birth_place:8,birth_place,raw_question,12,16.48579978942871,2.8271868228912354,0.20371980965137482
qwen2_5_0_5b_base,birth_place:8,birth_place,raw_question,13,17.94462013244629,2.9265635013580322,0.20676417648792267
qwen2_5_0_5b_base,birth_place:8,birth_place,raw_question,14,18.37608528137207,3.5657715797424316,0.22442714869976044
qwen2_5_0_5b_base,birth_place:8,birth_place,raw_question,15,19.546062469482422,3.3509175777435303,0.24546809494495392
qwen2_5_0_5b_base,birth_place:8,birth_place,raw_question,16,23.056203842163086,1.078026294708252,0.2763485610485077
qwen2_5_0_5b_base,birth_place:8,birth_place,raw_question,17,27.534412384033203,3.932213068008423,0.25768303871154785
qwen2_5_0_5b_base,birth_place:8,birth_place,raw_question,18,31.08546257019043,1.9540748596191406,0.25829896330833435
qwen2_5_0_5b_base,birth_place:8,birth_place,raw_question,19,34.92172622680664,4.445615768432617,0.2920983135700226
qwen2_5_0_5b_base,birth_place:8,birth_place,raw_question,20,48.10987091064453,8.645893096923828,0.2952354848384857
qwen2_5_0_5b_base,birth_place:8,birth_place,raw_question,21,70.70091247558594,13.537805557250977,0.25729092955589294
qwen2_5_0_5b_base,birth_place:8,birth_place,raw_question,22,76.4308853149414,6.664881706237793,0.2843434810638428
qwen2_5_0_5b_base,birth_place:8,birth_place,raw_question,23,293.15936279296875,14.004673957824707,0.3653568923473358
qwen2_5_0_5b_base,birth_place:8,birth_place,declarative,0,5.10394287109375,0.4538992643356323,0.13291797041893005
qwen2_5_0_5b_base,birth_place:8,birth_place,declarative,1,9.282342910766602,3.6667399406433105,0.19767700135707855
qwen2_5_0_5b_base,birth_place:8,birth_place,declarative,2,10.377026557922363,3.2800114154815674,0.23892773687839508
qwen2_5_0_5b_base,birth_place:8,birth_place,declarative,3,12.655363082885742,2.7047691345214844,0.22883786261081696
qwen2_5_0_5b_base,birth_place:8,birth_place,declarative,4,13.977481842041016,3.741166114807129,0.22895966470241547
qwen2_5_0_5b_base,birth_place:8,birth_place,declarative,5,14.83297061920166,3.407601833343506,0.21764810383319855
qwen2_5_0_5b_base,birth_place:8,birth_place,declarative,6,15.754149436950684,2.9916253089904785,0.23789982497692108
qwen2_5_0_5b_base,birth_place:8,birth_place,declarative,7,16.19715690612793,4.301740646362305,0.2313859909772873
qwen2_5_0_5b_base,birth_place:8,birth_place,declarative,8,16.09127426147461,4.640519142150879,0.22255170345306396
qwen2_5_0_5b_base,birth_place:8,birth_place,declarative,9,16.2457218170166,2.4087774753570557,0.20562724769115448
qwen2_5_0_5b_base,birth_place:8,birth_place,declarative,10,17.333980560302734,3.718289852142334,0.2147141546010971
qwen2_5_0_5b_base,birth_place:8,birth_place,declarative,11,16.316335678100586,2.6133205890655518,0.21994756162166595
qwen2_5_0_5b_base,birth_place:8,birth_place,declarative,12,18.028432846069336,3.105393409729004,0.2146439254283905
qwen2_5_0_5b_base,birth_place:8,birth_place,declarative,13,18.314645767211914,2.24959135055542,0.21083442866802216
qwen2_5_0_5b_base,birth_place:8,birth_place,declarative,14,19.13933753967285,5.3469319343566895,0.23464518785476685
qwen2_5_0_5b_base,birth_place:8,birth_place,declarative,15,20.89786148071289,4.213815689086914,0.25402554869651794
qwen2_5_0_5b_base,birth_place:8,birth_place,declarative,16,23.244064331054688,1.0328223705291748,0.2754761576652527
qwen2_5_0_5b_base,birth_place:8,birth_place,declarative,17,28.75855255126953,6.272071361541748,0.24653585255146027
qwen2_5_0_5b_base,birth_place:8,birth_place,declarative,18,33.76390075683594,3.454612970352173,0.2517704665660858
qwen2_5_0_5b_base,birth_place:8,birth_place,declarative,19,38.04274368286133,4.194871425628662,0.2844478189945221
qwen2_5_0_5b_base,birth_place:8,birth_place,declarative,20,46.823665618896484,12.322455406188965,0.3027287423610687
qwen2_5_0_5b_base,birth_place:8,birth_place,declarative,21,64.43470001220703,14.5679931640625,0.3013492524623871
qwen2_5_0_5b_base,birth_place:8,birth_place,declarative,22,78.8945083618164,4.314603328704834,0.3888297379016876
qwen2_5_0_5b_base,birth_place:8,birth_place,declarative,23,274.7054138183594,12.461287498474121,0.41420578956604004
qwen2_5_0_5b_base,birth_place:8,birth_place,qa,0,4.1709675788879395,0.5585960149765015,0.1398809850215912
qwen2_5_0_5b_base,birth_place:8,birth_place,qa,1,6.938149452209473,2.853217124938965,0.17565034329891205
qwen2_5_0_5b_base,birth_place:8,birth_place,qa,2,8.85943603515625,2.423792600631714,0.23209014534950256
qwen2_5_0_5b_base,birth_place:8,birth_place,qa,3,9.544469833374023,3.171307325363159,0.2211354374885559
qwen2_5_0_5b_base,birth_place:8,birth_place,qa,4,10.328142166137695,2.6174890995025635,0.21299655735492706
qwen2_5_0_5b_base,birth_place:8,birth_place,qa,5,10.993693351745605,3.317331552505493,0.21210666000843048
qwen2_5_0_5b_base,birth_place:8,birth_place,qa,6,12.468940734863281,2.765759229660034,0.2279977798461914
qwen2_5_0_5b_base,birth_place:8,birth_place,qa,7,12.387389183044434,2.660644054412842,0.22309157252311707
qwen2_5_0_5b_base,birth_place:8,birth_place,qa,8,13.035002708435059,3.1680760383605957,0.20173172652721405
qwen2_5_0_5b_base,birth_place:8,birth_place,qa,9,14.466206550598145,2.973616361618042,0.21548426151275635
qwen2_5_0_5b_base,birth_place:8,birth_place,qa,10,13.668950080871582,3.402214765548706,0.2071293145418167
qwen2_5_0_5b_base,birth_place:8,birth_place,qa,11,15.108756065368652,2.604965925216675,0.21785394847393036
qwen2_5_0_5b_base,birth_place:8,birth_place,qa,12,15.173110961914062,3.3870511054992676,0.212178036570549
qwen2_5_0_5b_base,birth_place:8,birth_place,qa,13,16.03135871887207,2.871934413909912,0.21658053994178772
qwen2_5_0_5b_base,birth_place:8,birth_place,qa,14,19.511930465698242,5.644413471221924,0.24213524162769318
qwen2_5_0_5b_base,birth_place:8,birth_place,qa,15,20.872575759887695,4.285247802734375,0.2583805322647095
qwen2_5_0_5b_base,birth_place:8,birth_place,qa,16,23.994369506835938,2.308847427368164,0.27662429213523865
qwen2_5_0_5b_base,birth_place:8,birth_place,qa,17,29.794233322143555,4.878340721130371,0.25644850730895996
qwen2_5_0_5b_base,birth_place:8,birth_place,qa,18,33.50456237792969,4.078977584838867,0.24523970484733582
qwen2_5_0_5b_base,birth_place:8,birth_place,qa,19,38.56391525268555,4.701610565185547,0.2853226065635681
qwen2_5_0_5b_base,birth_place:8,birth_place,qa,20,51.31838607788086,11.101350784301758,0.3015216290950775
qwen2_5_0_5b_base,birth_place:8,birth_place,qa,21,72.65248107910156,14.402846336364746,0.2722513675689697
qwen2_5_0_5b_base,birth_place:8,birth_place,qa,22,79.91844940185547,5.812100887298584,0.30571064352989197
qwen2_5_0_5b_base,birth_place:8,birth_place,qa,23,312.150634765625,15.336533546447754,0.37885791063308716
qwen2_5_0_5b_base,birth_place:8,birth_place,chat_template,0,3.5719990730285645,0.5939427614212036,0.10396947711706161
qwen2_5_0_5b_base,birth_place:8,birth_place,chat_template,1,6.849850177764893,2.8410229682922363,0.16673216223716736
qwen2_5_0_5b_base,birth_place:8,birth_place,chat_template,2,7.276153564453125,1.5082101821899414,0.147467240691185
qwen2_5_0_5b_base,birth_place:8,birth_place,chat_template,3,8.305233001708984,2.3218889236450195,0.1683298498392105
qwen2_5_0_5b_base,birth_place:8,birth_place,chat_template,4,9.48428726196289,2.921806812286377,0.19369764626026154
qwen2_5_0_5b_base,birth_place:8,birth_place,chat_template,5,10.45135498046875,3.9229135513305664,0.21110253036022186
qwen2_5_0_5b_base,birth_place:8,birth_place,chat_template,6,11.66151237487793,3.021700859069824,0.22023163735866547
qwen2_5_0_5b_base,birth_place:8,birth_place,chat_template,7,12.843216896057129,3.4620397090911865,0.22076867520809174
qwen2_5_0_5b_base,birth_place:8,birth_place,chat_template,8,12.625306129455566,4.041153430938721,0.20145101845264435
qwen2_5_0_5b_base,birth_place:8,birth_place,chat_template,9,13.524079322814941,3.278026819229126,0.20795132219791412
qwen2_5_0_5b_base,birth_place:8,birth_place,chat_template,10,14.454994201660156,4.066577434539795,0.20739488303661346
qwen2_5_0_5b_base,birth_place:8,birth_place,chat_template,11,15.40135669708252,2.4827208518981934,0.22295621037483215
qwen2_5_0_5b_base,birth_place:8,birth_place,chat_template,12,15.382455825805664,3.9151830673217773,0.22252321243286133
qwen2_5_0_5b_base,birth_place:8,birth_place,chat_template,13,15.920639038085938,2.922865152359009,0.22391821444034576
qwen2_5_0_5b_base,birth_place:8,birth_place,chat_template,14,19.699729919433594,5.996487617492676,0.2506733536720276
qwen2_5_0_5b_base,birth_place:8,birth_place,chat_template,15,20.488771438598633,4.932166576385498,0.25892654061317444
qwen2_5_0_5b_base,birth_place:8,birth_place,chat_template,16,22.99946403503418,4.016106128692627,0.2921504080295563
qwen2_5_0_5b_base,birth_place:8,birth_place,chat_template,17,30.076946258544922,5.379064559936523,0.2560160756111145
qwen2_5_0_5b_base,birth_place:8,birth_place,chat_template,18,33.2952995300293,3.191509962081909,0.2484101802110672
qwen2_5_0_5b_base,birth_place:8,birth_place,chat_template,19,37.027828216552734,4.267852783203125,0.281218558549881
qwen2_5_0_5b_base,birth_place:8,birth_place,chat_template,20,50.38557815551758,12.290574073791504,0.29494085907936096
qwen2_5_0_5b_base,birth_place:8,birth_place,chat_template,21,66.17066955566406,23.8832950592041,0.2535385489463806
qwen2_5_0_5b_base,birth_place:8,birth_place,chat_template,22,72.09835052490234,10.630189895629883,0.3238617777824402
qwen2_5_0_5b_base,birth_place:8,birth_place,chat_template,23,263.6363830566406,18.738826751708984,0.4044841527938843
qwen2_5_0_5b_base,birth_place:9,birth_place,raw_question,0,4.823906898498535,0.45886486768722534,0.13998861610889435
qwen2_5_0_5b_base,birth_place:9,birth_place,raw_question,1,8.414273262023926,3.069854736328125,0.17260892689228058
qwen2_5_0_5b_base,birth_place:9,birth_place,raw_question,2,7.859675884246826,1.6725072860717773,0.1705915629863739
qwen2_5_0_5b_base,birth_place:9,birth_place,raw_question,3,9.618758201599121,1.569672703742981,0.18226878345012665
qwen2_5_0_5b_base,birth_place:9,birth_place,raw_question,4,11.258063316345215,2.8003904819488525,0.21120761334896088
qwen2_5_0_5b_base,birth_place:9,birth_place,raw_question,5,12.327645301818848,2.9046876430511475,0.2112821787595749
qwen2_5_0_5b_base,birth_place:9,birth_place,raw_question,6,13.030927658081055,2.1889266967773438,0.2239517867565155
qwen2_5_0_5b_base,birth_place:9,birth_place,raw_question,7,14.688969612121582,2.4096438884735107,0.2197321355342865
qwen2_5_0_5b_base,birth_place:9,birth_place,raw_question,8,15.298502922058105,3.6681673526763916,0.2100096195936203
qwen2_5_0_5b_base,birth_place:9,birth_place,raw_question,9,16.360881805419922,2.88985276222229,0.20930345356464386
qwen2_5_0_5b_base,birth_place:9,birth_place,raw_question,10,15.822121620178223,3.703979969024658,0.19743622839450836
qwen2_5_0_5b_base,birth_place:9,birth_place,raw_question,11,16.1577091217041,2.5900793075561523,0.20704717934131622
qwen2_5_0_5b_base,birth_place:9,birth_place,raw_question,12,16.598365783691406,2.8213038444519043,0.20559082925319672
qwen2_5_0_5b_base,birth_place:9,birth_place,raw_question,13,17.98439598083496,2.943422317504883,0.20684969425201416
qwen2_5_0_5b_base,birth_place:9,birth_place,raw_question,14,18.357799530029297,3.8214128017425537,0.22453822195529938
qwen2_5_0_5b_base,birth_place:9,birth_place,raw_question,15,19.224071502685547,3.222370147705078,0.24376176297664642
qwen2_5_0_5b_base,birth_place:9,birth_place,raw_question,16,22.892343521118164,1.0886943340301514,0.2771037220954895
qwen2_5_0_5b_base,birth_place:9,birth_place,raw_question,17,27.451662063598633,3.926698923110962,0.25723838806152344
qwen2_5_0_5b_base,birth_place:9,birth_place,raw_question,18,31.124801635742188,1.8825017213821411,0.25877636671066284
qwen2_5_0_5b_base,birth_place:9,birth_place,raw_question,19,34.937774658203125,5.057600021362305,0.2920839786529541
qwen2_5_0_5b_base,birth_place:9,birth_place,raw_question,20,49.31591033935547,10.051453590393066,0.29483410716056824
qwen2_5_0_5b_base,birth_place:9,birth_place,raw_question,21,71.83880615234375,15.440670013427734,0.25498631596565247
qwen2_5_0_5b_base,birth_place:9,birth_place,raw_question,22,77.02566528320312,9.836128234863281,0.2849280834197998
qwen2_5_0_5b_base,birth_place:9,birth_place,raw_question,23,282.1662292480469,14.84558391571045,0.36669591069221497
qwen2_5_0_5b_base,birth_place:9,birth_place,declarative,0,5.030282020568848,0.46023350954055786,0.1328151822090149
qwen2_5_0_5b_base,birth_place:9,birth_place,declarative,1,9.093215942382812,3.5597264766693115,0.1965755969285965
qwen2_5_0_5b_base,birth_place:9,birth_place,declarative,2,10.058403968811035,3.2477924823760986,0.23717869818210602
qwen2_5_0_5b_base,birth_place:9,birth_place,declarative,3,12.389839172363281,2.569478750228882,0.22778235375881195
qwen2_5_0_5b_base,birth_place:9,birth_place,declarative,4,13.927069664001465,3.787189483642578,0.22648660838603973
qwen2_5_0_5b_base,birth_place:9,birth_place,declarative,5,14.913436889648438,3.516122579574585,0.2164444625377655
qwen2_5_0_5b_base,birth_place:9,birth_place,declarative,6,16.23800277709961,3.0192975997924805,0.24012234807014465
qwen2_5_0_5b_base,birth_place:9,birth_place,declarative,7,16.03497886657715,4.522147178649902,0.234885573387146
qwen2_5_0_5b_base,birth_place:9,birth_place,declarative,8,15.938433647155762,4.368557453155518,0.2245422601699829
qwen2_5_0_5b_base,birth_place:9,birth_place,declarative,9,16.421079635620117,2.397508382797241,0.2088935375213623
qwen2_5_0_5b_base,birth_place:9,birth_place,declarative,10,17.651874542236328,4.039087772369385,0.21775667369365692
qwen2_5_0_5b_base,birth_place:9,birth_place,declarative,11,16.54222297668457,2.926492929458618,0.22212500870227814
qwen2_5_0_5b_base,birth_place:9,birth_place,declarative,12,18.192453384399414,3.0980594158172607,0.2171698659658432
qwen2_5_0_5b_base,birth_place:9,birth_place,declarative,13,18.30585289001465,2.344050645828247,0.21450108289718628
qwen2_5_0_5b_base,birth_place:9,birth_place,declarative,14,18.795957565307617,5.872242450714111,0.23807048797607422
qwen2_5_0_5b_base,birth_place:9,birth_place,declarative,15,20.224287033081055,4.013482093811035,0.25470730662345886
qwen2_5_0_5b_base,birth_place:9,birth_place,declarative,16,22.21983528137207,0.7896131873130798,0.2767595052719116
qwen2_5_0_5b_base,birth_place:9,birth_place,declarative,17,27.44719123840332,7.557734489440918,0.24679003655910492
qwen2_5_0_5b_base,birth_place:9,birth_place,declarative,18,32.268863677978516,2.9410312175750732,0.25053316354751587
qwen2_5_0_5b_base,birth_place:9,birth_place,declarative,19,39.10097122192383,4.312102794647217,0.2811739146709442
qwen2_5_0_5b_base,birth_place:9,birth_place,declarative,20,47.821041107177734,13.593807220458984,0.3042231500148773
qwen2_5_0_5b_base,birth_place:9,birth_place,declarative,21,68.69740295410156,16.763151168823242,0.2941345274448395
qwen2_5_0_5b_base,birth_place:9,birth_place,declarative,22,82.72370910644531,5.418975353240967,0.3706446886062622
qwen2_5_0_5b_base,birth_place:9,birth_place,declarative,23,267.8188781738281,11.316198348999023,0.3996354937553406
qwen2_5_0_5b_base,birth_place:9,birth_place,qa,0,4.145429611206055,0.5676469802856445,0.14170968532562256
qwen2_5_0_5b_base,birth_place:9,birth_place,qa,1,6.895815372467041,2.847898483276367,0.17513227462768555
qwen2_5_0_5b_base,birth_place:9,birth_place,qa,2,8.957250595092773,2.5005075931549072,0.23519545793533325
qwen2_5_0_5b_base,birth_place:9,birth_place,qa,3,9.611696243286133,3.13108229637146,0.22179754078388214
qwen2_5_0_5b_base,birth_place:9,birth_place,qa,4,10.33687973022461,2.5787317752838135,0.21197748184204102
qwen2_5_0_5b_base,birth_place:9,birth_place,qa,5,10.993531227111816,3.327561855316162,0.2124115228652954
qwen2_5_0_5b_base,birth_place:9,birth_place,qa,6,12.664922714233398,2.834644317626953,0.22786188125610352
qwen2_5_0_5b_base,birth_place:9,birth_place,qa,7,12.42470645904541,2.8606321811676025,0.22307345271110535
qwen2_5_0_5b_base,birth_place:9,birth_place,qa,8,12.958770751953125,3.2276244163513184,0.20232167840003967
qwen2_5_0_5b_base,birth_place:9,birth_place,qa,9,14.700663566589355,3.0114407539367676,0.2158389389514923
qwen2_5_0_5b_base,birth_place:9,birth_place,qa,10,13.616497993469238,3.463176965713501,0.20751751959323883
qwen2_5_0_5b_base,birth_place:9,birth_place,qa,11,15.001731872558594,2.58670973777771,0.2163955271244049
qwen2_5_0_5b_base,birth_place:9,birth_place,qa,12,15.039302825927734,3.4026296138763428,0.21015210449695587
qwen2_5_0_5b_base,birth_place:9,birth_place,qa,13,16.057416915893555,2.804886817932129,0.21572355926036835
qwen2_5_0_5b_base,birth_place:9,birth_place,qa,14,19.65460968017578,5.926828384399414,0.24438978731632233
qwen2_5_0_5b_base,birth_place:9,birth_place,qa,15,21.056337356567383,4.247011661529541,0.25926172733306885
qwen2_5_0_5b_base,birth_place:9,birth_place,qa,16,24.21636199951172,2.2526700496673584,0.27676281332969666
qwen2_5_0_5b_base,birth_place:9,birth_place,qa,17,30.032686233520508,5.80430269241333,0.25552377104759216
qwen2_5_0_5b_base,birth_place:9,birth_place,qa,18,33.81822967529297,3.735321283340454,0.24740490317344666
qwen2_5_0_5b_base,birth_place:9,birth_place,qa,19,39.25979232788086,4.705353260040283,0.2841418981552124
qwen2_5_0_5b_base,birth_place:9,birth_place,qa,20,53.07670974731445,12.238419532775879,0.3008032739162445
qwen2_5_0_5b_base,birth_place:9,birth_place,qa,21,75.54977416992188,17.006757736206055,0.2719203531742096
qwen2_5_0_5b_base,birth_place:9,birth_place,qa,22,82.25939178466797,7.464538097381592,0.31254681944847107
qwen2_5_0_5b_base,birth_place:9,birth_place,qa,23,298.8292236328125,15.286688804626465,0.38512977957725525
qwen2_5_0_5b_base,birth_place:9,birth_place,chat_template,0,3.611555337905884,0.5909452438354492,0.10467775166034698
qwen2_5_0_5b_base,birth_place:9,birth_place,chat_template,1,6.8478617668151855,2.860945224761963,0.16742408275604248
qwen2_5_0_5b_base,birth_place:9,birth_place,chat_template,2,7.312710285186768,1.523105502128601,0.14865486323833466
qwen2_5_0_5b_base,birth_place:9,birth_place,chat_template,3,8.341843605041504,2.355541706085205,0.170200377702713
qwen2_5_0_5b_base,birth_place:9,birth_place,chat_template,4,9.524032592773438,2.903456211090088,0.19344700872898102
qwen2_5_0_5b_base,birth_place:9,birth_place,chat_template,5,10.464768409729004,3.8873989582061768,0.2112145721912384
qwen2_5_0_5b_base,birth_place:9,birth_place,chat_template,6,11.726614952087402,3.133913278579712,0.2200806736946106
qwen2_5_0_5b_base,birth_place:9,birth_place,chat_template,7,12.769097328186035,3.486201286315918,0.22188682854175568
qwen2_5_0_5b_base,birth_place:9,birth_place,chat_template,8,12.658503532409668,4.075092315673828,0.2021217942237854
qwen2_5_0_5b_base,birth_place:9,birth_place,chat_template,9,13.637643814086914,3.418060302734375,0.20994281768798828
qwen2_5_0_5b_base,birth_place:9,birth_place,chat_template,10,14.68460464477539,4.233996868133545,0.20817451179027557
qwen2_5_0_5b_base,birth_place:9,birth_place,chat_template,11,15.616963386535645,2.487722635269165,0.22425028681755066
qwen2_5_0_5b_base,birth_place:9,birth_place,chat_template,12,15.316161155700684,3.844856023788452,0.22195670008659363
qwen2_5_0_5b_base,birth_place:9,birth_place,chat_template,13,16.058334350585938,2.978092670440674,0.22256264090538025
qwen2_5_0_5b_base,birth_place:9,birth_place,chat_template,14,19.858448028564453,5.996640205383301,0.2504551410675049
qwen2_5_0_5b_base,birth_place:9,birth_place,chat_template,15,20.762733459472656,4.8115458488464355,0.258526086807251
qwen2_5_0_5b_base,birth_place:9,birth_place,chat_template,16,23.021583557128906,4.1629557609558105,0.29186367988586426
qwen2_5_0_5b_base,birth_place:9,birth_place,chat_template,17,30.094833374023438,5.415424823760986,0.25535523891448975
qwen2_5_0_5b_base,birth_place:9,birth_place,chat_template,18,33.397987365722656,3.3124656677246094,0.249042809009552
qwen2_5_0_5b_base,birth_place:9,birth_place,chat_template,19,37.0242805480957,5.115296840667725,0.28273558616638184
qwen2_5_0_5b_base,birth_place:9,birth_place,chat_template,20,52.649391174316406,13.101275444030762,0.2974274754524231
qwen2_5_0_5b_base,birth_place:9,birth_place,chat_template,21,66.66104125976562,20.065000534057617,0.25532564520835876
qwen2_5_0_5b_base,birth_place:9,birth_place,chat_template,22,73.99565887451172,14.354926109313965,0.3176560401916504
qwen2_5_0_5b_base,birth_place:9,birth_place,chat_template,23,262.1903991699219,14.511608123779297,0.4078085422515869
qwen2_5_0_5b_base,birth_place:10,birth_place,raw_question,0,4.837021350860596,0.4438337981700897,0.1375531107187271
qwen2_5_0_5b_base,birth_place:10,birth_place,raw_question,1,8.401440620422363,2.9451253414154053,0.1714262217283249
qwen2_5_0_5b_base,birth_place:10,birth_place,raw_question,2,7.873565673828125,1.685365080833435,0.16953016817569733
qwen2_5_0_5b_base,birth_place:10,birth_place,raw_question,3,9.553306579589844,1.6761448383331299,0.1822270303964615
qwen2_5_0_5b_base,birth_place:10,birth_place,raw_question,4,11.04326057434082,2.590024471282959,0.20761331915855408
qwen2_5_0_5b_base,birth_place:10,birth_place,raw_question,5,12.491524696350098,3.152061700820923,0.21185094118118286
qwen2_5_0_5b_base,birth_place:10,birth_place,raw_question,6,13.343240737915039,2.4520504474639893,0.2253800481557846
qwen2_5_0_5b_base,birth_place:10,birth_place,raw_question,7,14.687692642211914,2.4326493740081787,0.2202034443616867
qwen2_5_0_5b_base,birth_place:10,birth_place,raw_question,8,14.976895332336426,3.72536039352417,0.20987443625926971
qwen2_5_0_5b_base,birth_place:10,birth_place,raw_question,9,16.131803512573242,2.976773977279663,0.20906302332878113
qwen2_5_0_5b_base,birth_place:10,birth_place,raw_question,10,15.623373031616211,3.8441162109375,0.1955801099538803
qwen2_5_0_5b_base,birth_place:10,birth_place,raw_question,11,16.118690490722656,2.646425485610962,0.20718152821063995
qwen2_5_0_5b_base,birth_place:10,birth_place,raw_question,12,16.660367965698242,2.941662311553955,0.20610864460468292
qwen2_5_0_5b_base,birth_place:10,birth_place,raw_question,13,18.21675682067871,2.950928211212158,0.20728960633277893
qwen2_5_0_5b_base,birth_place:10,birth_place,raw_question,14,18.60301971435547,3.6711370944976807,0.2246352732181549
qwen2_5_0_5b_base,birth_place:10,birth_place,raw_question,15,19.66451644897461,3.235576629638672,0.2439315766096115
qwen2_5_0_5b_base,birth_place:10,birth_place,raw_question,16,23.36736297607422,1.0309895277023315,0.2728963792324066
qwen2_5_0_5b_base,birth_place:10,birth_place,raw_question,17,28.007253646850586,3.9212193489074707,0.2568762004375458
qwen2_5_0_5b_base,birth_place:10,birth_place,raw_question,18,32.076087951660156,2.2007529735565186,0.2533848285675049
qwen2_5_0_5b_base,birth_place:10,birth_place,raw_question,19,35.85957717895508,4.973477363586426,0.28321874141693115
qwen2_5_0_5b_base,birth_place:10,birth_place,raw_question,20,49.69230651855469,9.883668899536133,0.2883680760860443
qwen2_5_0_5b_base,birth_place:10,birth_place,raw_question,21,70.77251434326172,11.820822715759277,0.25064975023269653
qwen2_5_0_5b_base,birth_place:10,birth_place,raw_question,22,76.62633514404297,7.55942964553833,0.27204951643943787
qwen2_5_0_5b_base,birth_place:10,birth_place,raw_question,23,278.6816101074219,13.64350414276123,0.36378851532936096
qwen2_5_0_5b_base,birth_place:10,birth_place,declarative,0,5.131059169769287,0.45491668581962585,0.13368423283100128
qwen2_5_0_5b_base,birth_place:10,birth_place,declarative,1,9.07524299621582,3.6354939937591553,0.19688034057617188
qwen2_5_0_5b_base,birth_place:10,birth_place,declarative,2,10.262645721435547,3.316119432449341,0.24071025848388672
qwen2_5_0_5b_base,birth_place:10,birth_place,declarative,3,12.740867614746094,2.7655234336853027,0.22968046367168427
qwen2_5_0_5b_base,birth_place:10,birth_place,declarative,4,14.408985137939453,3.6879475116729736,0.2306240051984787
qwen2_5_0_5b_base,birth_place:10,birth_place,declarative,5,15.333154678344727,3.713369369506836,0.21578752994537354
qwen2_5_0_5b_base,birth_place:10,birth_place,declarative,6,15.904109001159668,3.0875236988067627,0.2385733723640442
qwen2_5_0_5b_base,birth_place:10,birth_place,declarative,7,15.791071891784668,4.116448402404785,0.2319847196340561
qwen2_5_0_5b_base,birth_place:10,birth_place,declarative,8,15.898661613464355,4.5882978439331055,0.2226809412240982
qwen2_5_0_5b_base,birth_place:10,birth_place,declarative,9,15.919718742370605,2.2681307792663574,0.2076691836118698
qwen2_5_0_5b_base,birth_place:10,birth_place,declarative,10,16.642629623413086,3.902228355407715,0.21496792137622833
qwen2_5_0_5b_base,birth_place:10,birth_place,declarative,11,16.146448135375977,2.676948308944702,0.2200533151626587
qwen2_5_0_5b_base,birth_place:10,birth_place,declarative,12,17.906373977661133,3.34073805809021,0.21517221629619598
qwen2_5_0_5b_base,birth_place:10,birth_place,declarative,13,18.34048080444336,2.529940605163574,0.21123479306697845
qwen2_5_0_5b_base,birth_place:10,birth_place,declarative,14,19.630870819091797,5.9211297035217285,0.2357766181230545
qwen2_5_0_5b_base,birth_place:10,birth_place,declarative,15,21.7031192779541,4.4765729904174805,0.25530824065208435
qwen2_5_0_5b_base,birth_place:10,birth_place,declarative,16,24.13104820251465,0.8863065242767334,0.27666354179382324
qwen2_5_0_5b_base,birth_place:10,birth_place,declarative,17,29.553712844848633,7.741331100463867,0.25151336193084717
qwen2_5_0_5b_base,birth_place:10,birth_place,declarative,18,33.574989318847656,3.032694101333618,0.2559596300125122
qwen2_5_0_5b_base,birth_place:10,birth_place,declarative,19,38.20248794555664,4.587802886962891,0.27996179461479187
qwen2_5_0_5b_base,birth_place:10,birth_place,declarative,20,46.43119430541992,15.494725227355957,0.3066674768924713
qwen2_5_0_5b_base,birth_place:10,birth_place,declarative,21,62.795928955078125,17.205162048339844,0.3200874924659729
qwen2_5_0_5b_base,birth_place:10,birth_place,declarative,22,72.37017822265625,5.132693767547607,0.40190190076828003
qwen2_5_0_5b_base,birth_place:10,birth_place,declarative,23,245.06259155273438,12.808757781982422,0.41148731112480164
qwen2_5_0_5b_base,birth_place:10,birth_place,qa,0,4.182361602783203,0.5603975057601929,0.1416478455066681
qwen2_5_0_5b_base,birth_place:10,birth_place,qa,1,6.917856216430664,2.8584656715393066,0.17524591088294983
qwen2_5_0_5b_base,birth_place:10,birth_place,qa,2,8.759571075439453,2.404242753982544,0.23065024614334106
qwen2_5_0_5b_base,birth_place:10,birth_place,qa,3,9.527655601501465,3.110933780670166,0.2202654927968979
qwen2_5_0_5b_base,birth_place:10,birth_place,qa,4,10.436407089233398,2.5634872913360596,0.21232131123542786
qwen2_5_0_5b_base,birth_place:10,birth_place,qa,5,11.030659675598145,3.2751874923706055,0.2115788757801056
qwen2_5_0_5b_base,birth_place:10,birth_place,qa,6,12.374176025390625,2.634753465652466,0.22647318243980408
qwen2_5_0_5b_base,birth_place:10,birth_place,qa,7,12.525732040405273,2.5460100173950195,0.2224716693162918
qwen2_5_0_5b_base,birth_place:10,birth_place,qa,8,13.10385799407959,3.170428991317749,0.2018025517463684
qwen2_5_0_5b_base,birth_place:10,birth_place,qa,9,14.667600631713867,3.0749471187591553,0.21595272421836853
qwen2_5_0_5b_base,birth_place:10,birth_place,qa,10,13.82019329071045,3.3802826404571533,0.20592601597309113
qwen2_5_0_5b_base,birth_place:10,birth_place,qa,11,15.185216903686523,2.583679676055908,0.21639768779277802
qwen2_5_0_5b_base,birth_place:10,birth_place,qa,12,15.236983299255371,3.280730724334717,0.20992738008499146
qwen2_5_0_5b_base,birth_place:10,birth_place,qa,13,16.245121002197266,2.980867385864258,0.21678121387958527
qwen2_5_0_5b_base,birth_place:10,birth_place,qa,14,19.983360290527344,5.792754650115967,0.24230490624904633
qwen2_5_0_5b_base,birth_place:10,birth_place,qa,15,20.918460845947266,4.586651802062988,0.25862783193588257
qwen2_5_0_5b_base,birth_place:10,birth_place,qa,16,23.770517349243164,2.109950304031372,0.27597180008888245
qwen2_5_0_5b_base,birth_place:10,birth_place,qa,17,30.630285263061523,5.947431564331055,0.25640204548835754
qwen2_5_0_5b_base,birth_place:10,birth_place,qa,18,34.10390090942383,5.180934429168701,0.2502044439315796
qwen2_5_0_5b_base,birth_place:10,birth_place,qa,19,38.3865852355957,4.648757457733154,0.28417566418647766
qwen2_5_0_5b_base,birth_place:10,birth_place,qa,20,51.14888000488281,13.349103927612305,0.3040888011455536
qwen2_5_0_5b_base,birth_place:10,birth_place,qa,21,71.93721771240234,14.444226264953613,0.27971935272216797
qwen2_5_0_5b_base,birth_place:10,birth_place,qa,22,80.25780487060547,5.750047206878662,0.3119795024394989
qwen2_5_0_5b_base,birth_place:10,birth_place,qa,23,300.1526184082031,14.436711311340332,0.37821197509765625
qwen2_5_0_5b_base,birth_place:10,birth_place,chat_template,0,3.6085357666015625,0.5921736359596252,0.10472803562879562
qwen2_5_0_5b_base,birth_place:10,birth_place,chat_template,1,6.867434978485107,2.8552370071411133,0.1671023815870285
qwen2_5_0_5b_base,birth_place:10,birth_place,chat_template,2,7.313017845153809,1.5020958185195923,0.1485758125782013
qwen2_5_0_5b_base,birth_place:10,birth_place,chat_template,3,8.35965347290039,2.3291773796081543,0.16828742623329163
qwen2_5_0_5b_base,birth_place:10,birth_place,chat_template,4,9.601122856140137,2.9133713245391846,0.19354064762592316
qwen2_5_0_5b_base,birth_place:10,birth_place,chat_template,5,10.383596420288086,3.860034942626953,0.2107965499162674
qwen2_5_0_5b_base,birth_place:10,birth_place,chat_template,6,11.549445152282715,3.101706027984619,0.21899358928203583
qwen2_5_0_5b_base,birth_place:10,birth_place,chat_template,7,12.885014533996582,3.4789555072784424,0.21987716853618622
qwen2_5_0_5b_base,birth_place:10,birth_place,chat_template,8,12.586012840270996,4.058867454528809,0.20180121064186096
qwen2_5_0_5b_base,birth_place:10,birth_place,chat_template,9,13.586653709411621,3.408878803253174,0.20887918770313263
qwen2_5_0_5b_base,birth_place:10,birth_place,chat_template,10,14.759714126586914,4.330186367034912,0.2092907428741455
qwen2_5_0_5b_base,birth_place:10,birth_place,chat_template,11,15.38994312286377,2.399937152862549,0.22345826029777527
qwen2_5_0_5b_base,birth_place:10,birth_place,chat_template,12,15.516833305358887,3.7982969284057617,0.22147394716739655
qwen2_5_0_5b_base,birth_place:10,birth_place,chat_template,13,16.26536750793457,2.956329345703125,0.22392792999744415
qwen2_5_0_5b_base,birth_place:10,birth_place,chat_template,14,19.991670608520508,6.029999256134033,0.2519761621952057
qwen2_5_0_5b_base,birth_place:10,birth_place,chat_template,15,20.995548248291016,4.857272148132324,0.2582039535045624
qwen2_5_0_5b_base,birth_place:10,birth_place,chat_template,16,23.20659637451172,3.9712610244750977,0.29223793745040894
qwen2_5_0_5b_base,birth_place:10,birth_place,chat_template,17,30.143003463745117,5.387931823730469,0.2553752660751343
qwen2_5_0_5b_base,birth_place:10,birth_place,chat_template,18,33.57725143432617,3.4348788261413574,0.247871994972229
qwen2_5_0_5b_base,birth_place:10,birth_place,chat_template,19,37.39630126953125,5.149654388427734,0.27903828024864197
qwen2_5_0_5b_base,birth_place:10,birth_place,chat_template,20,51.692481994628906,12.204815864562988,0.29307126998901367
qwen2_5_0_5b_base,birth_place:10,birth_place,chat_template,21,67.25747680664062,23.239078521728516,0.2523899972438812
qwen2_5_0_5b_base,birth_place:10,birth_place,chat_template,22,71.98851776123047,14.209630012512207,0.31823790073394775
qwen2_5_0_5b_base,birth_place:10,birth_place,chat_template,23,257.3420104980469,17.512619018554688,0.4048670828342438
qwen2_5_0_5b_base,birth_place:11,birth_place,raw_question,0,4.774538993835449,0.44507136940956116,0.13849908113479614
qwen2_5_0_5b_base,birth_place:11,birth_place,raw_question,1,8.30746841430664,3.0417566299438477,0.17245429754257202
qwen2_5_0_5b_base,birth_place:11,birth_place,raw_question,2,7.856978416442871,1.6910161972045898,0.16959886252880096
qwen2_5_0_5b_base,birth_place:11,birth_place,raw_question,3,9.568920135498047,1.5394505262374878,0.18281078338623047
qwen2_5_0_5b_base,birth_place:11,birth_place,raw_question,4,10.925583839416504,2.562006711959839,0.20837333798408508
qwen2_5_0_5b_base,birth_place:11,birth_place,raw_question,5,12.159843444824219,2.8879077434539795,0.21113581955432892
qwen2_5_0_5b_base,birth_place:11,birth_place,raw_question,6,13.15513801574707,2.1991991996765137,0.22292180359363556
qwen2_5_0_5b_base,birth_place:11,birth_place,raw_question,7,14.57251262664795,2.5808539390563965,0.2206052988767624
qwen2_5_0_5b_base,birth_place:11,birth_place,raw_question,8,15.004898071289062,3.7752511501312256,0.20939978957176208
qwen2_5_0_5b_base,birth_place:11,birth_place,raw_question,9,16.287548065185547,2.9335501194000244,0.20921790599822998
qwen2_5_0_5b_base,birth_place:11,birth_place,raw_question,10,15.598075866699219,3.7844884395599365,0.19735229015350342
qwen2_5_0_5b_base,birth_place:11,birth_place,raw_question,11,15.915410995483398,2.604556083679199,0.20692820847034454
qwen2_5_0_5b_base,birth_place:11,birth_place,raw_question,12,16.570877075195312,2.85317063331604,0.20517082512378693
qwen2_5_0_5b_base,birth_place:11,birth_place,raw_question,13,17.96910285949707,3.0194084644317627,0.20813341438770294
qwen2_5_0_5b_base,birth_place:11,birth_place,raw_question,14,18.361047744750977,3.665148973464966,0.22497689723968506
qwen2_5_0_5b_base,birth_place:11,birth_place,raw_question,15,19.390066146850586,3.3426220417022705,0.2439333200454712
qwen2_5_0_5b_base,birth_place:11,birth_place,raw_question,16,22.80217742919922,1.026499629020691,0.27688777446746826
qwen2_5_0_5b_base,birth_place:11,birth_place,raw_question,17,27.51605796813965,3.9285645484924316,0.2606891691684723
qwen2_5_0_5b_base,birth_place:11,birth_place,raw_question,18,31.27765655517578,2.014958143234253,0.26244452595710754
qwen2_5_0_5b_base,birth_place:11,birth_place,raw_question,19,34.81924057006836,4.523362159729004,0.29461854696273804
qwen2_5_0_5b_base,birth_place:11,birth_place,raw_question,20,48.22541427612305,10.049942970275879,0.29355737566947937
qwen2_5_0_5b_base,birth_place:11,birth_place,raw_question,21,68.90975189208984,12.174795150756836,0.257683664560318
qwen2_5_0_5b_base,birth_place:11,birth_place,raw_question,22,75.32789611816406,5.239325046539307,0.2771964371204376
qwen2_5_0_5b_base,birth_place:11,birth_place,raw_question,23,283.2065734863281,12.813916206359863,0.36099866032600403
qwen2_5_0_5b_base,birth_place:11,birth_place,declarative,0,5.064612865447998,0.46092385053634644,0.13367429375648499
qwen2_5_0_5b_base,birth_place:11,birth_place,declarative,1,9.095717430114746,3.67434024810791,0.19737544655799866
qwen2_5_0_5b_base,birth_place:11,birth_place,declarative,2,10.426636695861816,3.4809484481811523,0.24623951315879822
qwen2_5_0_5b_base,birth_place:11,birth_place,declarative,3,12.594344139099121,2.608379602432251,0.22897540032863617
qwen2_5_0_5b_base,birth_place:11,birth_place,declarative,4,14.105535507202148,3.9272310733795166,0.22996491193771362
qwen2_5_0_5b_base,birth_place:11,birth_place,declarative,5,15.181241989135742,3.2857019901275635,0.21903002262115479
qwen2_5_0_5b_base,birth_place:11,birth_place,declarative,6,16.026453018188477,2.9224836826324463,0.239484503865242
qwen2_5_0_5b_base,birth_place:11,birth_place,declarative,7,16.34830665588379,4.444163799285889,0.23431150615215302
qwen2_5_0_5b_base,birth_place:11,birth_place,declarative,8,16.08317756652832,4.531268119812012,0.22433049976825714
qwen2_5_0_5b_base,birth_place:11,birth_place,declarative,9,16.436153411865234,2.375154495239258,0.20668955147266388
qwen2_5_0_5b_base,birth_place:11,birth_place,declarative,10,17.403385162353516,4.016392230987549,0.21560756862163544
qwen2_5_0_5b_base,birth_place:11,birth_place,declarative,11,16.444307327270508,2.8568027019500732,0.223174050450325
qwen2_5_0_5b_base,birth_place:11,birth_place,declarative,12,18.20965003967285,3.035442590713501,0.21606655418872833
qwen2_5_0_5b_base,birth_place:11,birth_place,declarative,13,18.3155517578125,2.418867349624634,0.21390871703624725
qwen2_5_0_5b_base,birth_place:11,birth_place,declarative,14,19.063011169433594,6.071844577789307,0.23778416216373444
qwen2_5_0_5b_base,birth_place:11,birth_place,declarative,15,20.711101531982422,4.405292987823486,0.25425004959106445
qwen2_5_0_5b_base,birth_place:11,birth_place,declarative,16,22.5953311920166,0.7949967980384827,0.27787551283836365
qwen2_5_0_5b_base,birth_place:11,birth_place,declarative,17,27.981203079223633,7.392390727996826,0.24634753167629242
qwen2_5_0_5b_base,birth_place:11,birth_place,declarative,18,33.090450286865234,3.4869279861450195,0.25216144323349
qwen2_5_0_5b_base,birth_place:11,birth_place,declarative,19,37.7274284362793,4.225717067718506,0.2853708863258362
qwen2_5_0_5b_base,birth_place:11,birth_place,declarative,20,47.44474411010742,12.040304183959961,0.2999241054058075
qwen2_5_0_5b_base,birth_place:11,birth_place,declarative,21,63.25889587402344,15.94256591796875,0.3122096657752991
qwen2_5_0_5b_base,birth_place:11,birth_place,declarative,22,77.70769500732422,4.98504638671875,0.3796372711658478
qwen2_5_0_5b_base,birth_place:11,birth_place,declarative,23,269.14422607421875,12.661680221557617,0.39369040727615356
qwen2_5_0_5b_base,birth_place:11,birth_place,qa,0,4.176046848297119,0.5590588450431824,0.14244313538074493
qwen2_5_0_5b_base,birth_place:11,birth_place,qa,1,6.900082588195801,2.8586227893829346,0.17606087028980255
qwen2_5_0_5b_base,birth_place:11,birth_place,qa,2,8.883234977722168,2.4056155681610107,0.23219163715839386
qwen2_5_0_5b_base,birth_place:11,birth_place,qa,3,9.627337455749512,3.1425888538360596,0.221032977104187
qwen2_5_0_5b_base,birth_place:11,birth_place,qa,4,10.332785606384277,2.59623122215271,0.21192261576652527
qwen2_5_0_5b_base,birth_place:11,birth_place,qa,5,11.064326286315918,3.3437607288360596,0.21287183463573456
qwen2_5_0_5b_base,birth_place:11,birth_place,qa,6,12.483083724975586,2.826920747756958,0.22771486639976501
qwen2_5_0_5b_base,birth_place:11,birth_place,qa,7,12.374417304992676,2.7211406230926514,0.22188864648342133
qwen2_5_0_5b_base,birth_place:11,birth_place,qa,8,12.896764755249023,3.1444478034973145,0.20077168941497803
qwen2_5_0_5b_base,birth_place:11,birth_place,qa,9,14.496545791625977,2.9726200103759766,0.2129305750131607
qwen2_5_0_5b_base,birth_place:11,birth_place,qa,10,13.57543659210205,3.3162262439727783,0.2046176791191101
qwen2_5_0_5b_base,birth_place:11,birth_place,qa,11,15.050411224365234,2.6613545417785645,0.21624715626239777
qwen2_5_0_5b_base,birth_place:11,birth_place,qa,12,15.150777816772461,3.3409464359283447,0.21051865816116333
qwen2_5_0_5b_base,birth_place:11,birth_place,qa,13,16.084030151367188,2.8655335903167725,0.2144022434949875
qwen2_5_0_5b_base,birth_place:11,birth_place,qa,14,19.58193016052246,5.561869144439697,0.2396920919418335
qwen2_5_0_5b_base,birth_place:11,birth_place,qa,15,20.942237854003906,4.269223213195801,0.25623828172683716
qwen2_5_0_5b_base,birth_place:11,birth_place,qa,16,24.105466842651367,2.4632630348205566,0.27569493651390076
qwen2_5_0_5b_base,birth_place:11,birth_place,qa,17,30.19727897644043,5.308955669403076,0.2562975585460663
qwen2_5_0_5b_base,birth_place:11,birth_place,qa,18,33.87729263305664,4.790930271148682,0.24552641808986664
qwen2_5_0_5b_base,birth_place:11,birth_place,qa,19,39.04731750488281,4.871760368347168,0.28483113646507263
qwen2_5_0_5b_base,birth_place:11,birth_place,qa,20,52.25090026855469,12.488388061523438,0.29952937364578247
qwen2_5_0_5b_base,birth_place:11,birth_place,qa,21,73.09375,15.073810577392578,0.2745401859283447
qwen2_5_0_5b_base,birth_place:11,birth_place,qa,22,81.23506164550781,4.7281575202941895,0.30039793252944946
qwen2_5_0_5b_base,birth_place:11,birth_place,qa,23,301.5032043457031,14.486473083496094,0.38248905539512634
qwen2_5_0_5b_base,birth_place:11,birth_place,chat_template,0,3.616776943206787,0.5903956890106201,0.10455156862735748
qwen2_5_0_5b_base,birth_place:11,birth_place,chat_template,1,6.881786346435547,2.8656556606292725,0.167674720287323
qwen2_5_0_5b_base,birth_place:11,birth_place,chat_template,2,7.32969856262207,1.5076947212219238,0.14825743436813354
qwen2_5_0_5b_base,birth_place:11,birth_place,chat_template,3,8.348316192626953,2.342268228530884,0.1695307046175003
qwen2_5_0_5b_base,birth_place:11,birth_place,chat_template,4,9.513154029846191,2.8822922706604004,0.1939244568347931
qwen2_5_0_5b_base,birth_place:11,birth_place,chat_template,5,10.500877380371094,3.9379537105560303,0.2115514725446701
qwen2_5_0_5b_base,birth_place:11,birth_place,chat_template,6,11.729997634887695,3.0795748233795166,0.22115622460842133
qwen2_5_0_5b_base,birth_place:11,birth_place,chat_template,7,12.741364479064941,3.4359843730926514,0.22199611365795135
qwen2_5_0_5b_base,birth_place:11,birth_place,chat_template,8,12.578235626220703,3.9924864768981934,0.20094792544841766
qwen2_5_0_5b_base,birth_place:11,birth_place,chat_template,9,13.491728782653809,3.3590261936187744,0.20840154588222504
qwen2_5_0_5b_base,birth_place:11,birth_place,chat_template,10,14.614313125610352,4.180171489715576,0.20771561563014984
qwen2_5_0_5b_base,birth_place:11,birth_place,chat_template,11,15.626546859741211,2.484558582305908,0.22386236488819122
qwen2_5_0_5b_base,birth_place:11,birth_place,chat_template,12,15.410286903381348,3.8429176807403564,0.22168083488941193
qwen2_5_0_5b_base,birth_place:11,birth_place,chat_template,13,16.05910301208496,2.949516534805298,0.22255878150463104
qwen2_5_0_5b_base,birth_place:11,birth_place,chat_template,14,19.860065460205078,5.950747966766357,0.2500919699668884
qwen2_5_0_5b_base,birth_place:11,birth_place,chat_template,15,20.8387451171875,4.911905288696289,0.2594856321811676
qwen2_5_0_5b_base,birth_place:11,birth_place,chat_template,16,23.066272735595703,3.826502561569214,0.29240769147872925
qwen2_5_0_5b_base,birth_place:11,birth_place,chat_template,17,30.067827224731445,5.332065105438232,0.2559603452682495
qwen2_5_0_5b_base,birth_place:11,birth_place,chat_template,18,33.51705551147461,3.2278964519500732,0.24926364421844482
qwen2_5_0_5b_base,birth_place:11,birth_place,chat_template,19,37.0874137878418,4.992595195770264,0.28115299344062805
qwen2_5_0_5b_base,birth_place:11,birth_place,chat_template,20,50.89265823364258,12.942410469055176,0.29358506202697754
qwen2_5_0_5b_base,birth_place:11,birth_place,chat_template,21,67.27162170410156,23.235055923461914,0.25381940603256226
qwen2_5_0_5b_base,birth_place:11,birth_place,chat_template,22,71.23110961914062,7.515234470367432,0.3179870545864105
qwen2_5_0_5b_base,birth_place:11,birth_place,chat_template,23,255.1028289794922,16.161203384399414,0.4076104164123535
qwen2_5_0_5b_base,birth_place:12,birth_place,raw_question,0,4.889773368835449,0.44599300622940063,0.1426590085029602
qwen2_5_0_5b_base,birth_place:12,birth_place,raw_question,1,8.361048698425293,2.938382625579834,0.17241905629634857
qwen2_5_0_5b_base,birth_place:12,birth_place,raw_question,2,7.826170444488525,1.7059470415115356,0.17082495987415314
qwen2_5_0_5b_base,birth_place:12,birth_place,raw_question,3,9.686271667480469,1.6375248432159424,0.18430262804031372
qwen2_5_0_5b_base,birth_place:12,birth_place,raw_question,4,10.991694450378418,2.714184522628784,0.21075403690338135
qwen2_5_0_5b_base,birth_place:12,birth_place,raw_question,5,12.441176414489746,3.1299822330474854,0.2134947031736374
qwen2_5_0_5b_base,birth_place:12,birth_place,raw_question,6,13.229949951171875,2.2736997604370117,0.2256452590227127
qwen2_5_0_5b_base,birth_place:12,birth_place,raw_question,7,14.460057258605957,2.5203590393066406,0.2206439971923828
qwen2_5_0_5b_base,birth_place:12,birth_place,raw_question,8,14.85977840423584,3.613241672515869,0.20729655027389526
qwen2_5_0_5b_base,birth_place:12,birth_place,raw_question,9,16.17327308654785,2.8684256076812744,0.20726533234119415
qwen2_5_0_5b_base,birth_place:12,birth_place,raw_question,10,15.498821258544922,3.8009514808654785,0.19579410552978516
qwen2_5_0_5b_base,birth_place:12,birth_place,raw_question,11,15.740704536437988,2.5476627349853516,0.2058257907629013
qwen2_5_0_5b_base,birth_place:12,birth_place,raw_question,12,16.344053268432617,2.858214855194092,0.20489098131656647
qwen2_5_0_5b_base,birth_place:12,birth_place,raw_question,13,17.783567428588867,2.913092613220215,0.20758073031902313
qwen2_5_0_5b_base,birth_place:12,birth_place,raw_question,14,18.09067153930664,3.601046323776245,0.22297649085521698
qwen2_5_0_5b_base,birth_place:12,birth_place,raw_question,15,19.09947967529297,3.225811004638672,0.24364563822746277
qwen2_5_0_5b_base,birth_place:12,birth_place,raw_question,16,22.46807098388672,0.9737823605537415,0.2756809890270233
qwen2_5_0_5b_base,birth_place:12,birth_place,raw_question,17,27.169565200805664,3.929628849029541,0.26209789514541626
qwen2_5_0_5b_base,birth_place:12,birth_place,raw_question,18,30.902385711669922,2.176969289779663,0.26360493898391724
qwen2_5_0_5b_base,birth_place:12,birth_place,raw_question,19,34.4667854309082,5.41005802154541,0.2972928583621979
qwen2_5_0_5b_base,birth_place:12,birth_place,raw_question,20,48.42731857299805,9.42280101776123,0.2950722575187683
qwen2_5_0_5b_base,birth_place:12,birth_place,raw_question,21,69.62940216064453,14.802306175231934,0.25802159309387207
qwen2_5_0_5b_base,birth_place:12,birth_place,raw_question,22,75.17967987060547,8.596150398254395,0.2910361588001251
qwen2_5_0_5b_base,birth_place:12,birth_place,raw_question,23,281.7425231933594,14.203505516052246,0.3672023117542267
qwen2_5_0_5b_base,birth_place:12,birth_place,declarative,0,5.130232334136963,0.44927647709846497,0.13256320357322693
qwen2_5_0_5b_base,birth_place:12,birth_place,declarative,1,9.145564079284668,3.6268680095672607,0.1964048147201538
qwen2_5_0_5b_base,birth_place:12,birth_place,declarative,2,10.236475944519043,3.2806506156921387,0.23753415048122406
qwen2_5_0_5b_base,birth_place:12,birth_place,declarative,3,12.81559944152832,2.6838183403015137,0.22905434668064117
qwen2_5_0_5b_base,birth_place:12,birth_place,declarative,4,14.428714752197266,3.7903695106506348,0.23036417365074158
qwen2_5_0_5b_base,birth_place:12,birth_place,declarative,5,15.561631202697754,3.493217945098877,0.22058753669261932
qwen2_5_0_5b_base,birth_place:12,birth_place,declarative,6,16.066640853881836,3.240889549255371,0.23979708552360535
qwen2_5_0_5b_base,birth_place:12,birth_place,declarative,7,16.411523818969727,4.290646553039551,0.23197400569915771
qwen2_5_0_5b_base,birth_place:12,birth_place,declarative,8,16.222118377685547,4.646005153656006,0.22388634085655212
qwen2_5_0_5b_base,birth_place:12,birth_place,declarative,9,16.6351375579834,2.3185958862304688,0.20628133416175842
qwen2_5_0_5b_base,birth_place:12,birth_place,declarative,10,17.638263702392578,4.120022296905518,0.2163175344467163
qwen2_5_0_5b_base,birth_place:12,birth_place,declarative,11,16.56338882446289,2.7406320571899414,0.22422479093074799
qwen2_5_0_5b_base,birth_place:12,birth_place,declarative,12,18.277624130249023,3.1072347164154053,0.21679240465164185
qwen2_5_0_5b_base,birth_place:12,birth_place,declarative,13,18.36304473876953,2.368669033050537,0.21404030919075012
qwen2_5_0_5b_base,birth_place:12,birth_place,declarative,14,19.26018524169922,5.691492557525635,0.23765498399734497
qwen2_5_0_5b_base,birth_place:12,birth_place,declarative,15,21.223112106323242,4.382209777832031,0.2554486393928528
qwen2_5_0_5b_base,birth_place:12,birth_place,declarative,16,23.471704483032227,0.8448041081428528,0.27815085649490356
qwen2_5_0_5b_base,birth_place:12,birth_place,declarative,17,28.98236656188965,6.710132122039795,0.2511932849884033
qwen2_5_0_5b_base,birth_place:12,birth_place,declarative,18,34.367828369140625,3.7667694091796875,0.255158007144928
qwen2_5_0_5b_base,birth_place:12,birth_place,declarative,19,37.934600830078125,4.272679805755615,0.28589823842048645
qwen2_5_0_5b_base,birth_place:12,birth_place,declarative,20,47.356014251708984,13.597372055053711,0.3055798411369324
qwen2_5_0_5b_base,birth_place:12,birth_place,declarative,21,66.09455871582031,14.24031925201416,0.30727139115333557
qwen2_5_0_5b_base,birth_place:12,birth_place,declarative,22,79.6742172241211,5.102541923522949,0.40325772762298584
qwen2_5_0_5b_base,birth_place:12,birth_place,declarative,23,264.1430969238281,13.207781791687012,0.4234115183353424
qwen2_5_0_5b_base,birth_place:12,birth_place,qa,0,4.178691387176514,0.5613130331039429,0.14642205834388733
qwen2_5_0_5b_base,birth_place:12,birth_place,qa,1,6.825686454772949,2.851221799850464,0.1763211190700531
qwen2_5_0_5b_base,birth_place:12,birth_place,qa,2,8.789511680603027,2.441082000732422,0.23276188969612122
qwen2_5_0_5b_base,birth_place:12,birth_place,qa,3,9.653963088989258,3.174321413040161,0.2205880880355835
qwen2_5_0_5b_base,birth_place:12,birth_place,qa,4,10.411588668823242,2.620332956314087,0.21169042587280273
qwen2_5_0_5b_base,birth_place:12,birth_place,qa,5,11.015023231506348,3.324181079864502,0.21189983189105988
qwen2_5_0_5b_base,birth_place:12,birth_place,qa,6,12.529507637023926,2.622196674346924,0.2263776808977127
qwen2_5_0_5b_base,birth_place:12,birth_place,qa,7,12.428085327148438,2.7469985485076904,0.22220075130462646
qwen2_5_0_5b_base,birth_place:12,birth_place,qa,8,12.959990501403809,3.2107996940612793,0.19982939958572388
qwen2_5_0_5b_base,birth_place:12,birth_place,qa,9,14.509209632873535,2.9492952823638916,0.21335335075855255
qwen2_5_0_5b_base,birth_place:12,birth_place,qa,10,13.861011505126953,3.4297311305999756,0.2057589292526245
qwen2_5_0_5b_base,birth_place:12,birth_place,qa,11,15.263564109802246,2.750408411026001,0.2176455408334732
qwen2_5_0_5b_base,birth_place:12,birth_place,qa,12,15.078082084655762,3.33663272857666,0.20983801782131195
qwen2_5_0_5b_base,birth_place:12,birth_place,qa,13,16.05927085876465,2.834872245788574,0.2155979573726654
qwen2_5_0_5b_base,birth_place:12,birth_place,qa,14,19.7921142578125,5.99001932144165,0.2412341982126236
qwen2_5_0_5b_base,birth_place:12,birth_place,qa,15,21.07613754272461,4.453059196472168,0.25770333409309387
qwen2_5_0_5b_base,birth_place:12,birth_place,qa,16,23.599899291992188,2.4949140548706055,0.274875283241272
qwen2_5_0_5b_base,birth_place:12,birth_place,qa,17,29.409502029418945,5.353282928466797,0.2568843364715576
qwen2_5_0_5b_base,birth_place:12,birth_place,qa,18,33.77898406982422,4.654702186584473,0.2467075139284134
qwen2_5_0_5b_base,birth_place:12,birth_place,qa,19,39.1273078918457,5.045656204223633,0.28674235939979553
qwen2_5_0_5b_base,birth_place:12,birth_place,qa,20,52.425418853759766,12.897682189941406,0.303924024105072
qwen2_5_0_5b_base,birth_place:12,birth_place,qa,21,75.00667572021484,15.787466049194336,0.2747154235839844
qwen2_5_0_5b_base,birth_place:12,birth_place,qa,22,82.04003143310547,5.091097831726074,0.31928253173828125
qwen2_5_0_5b_base,birth_place:12,birth_place,qa,23,303.29833984375,15.19260311126709,0.3915444016456604
qwen2_5_0_5b_base,birth_place:12,birth_place,chat_template,0,3.5937092304229736,0.591233491897583,0.10514569282531738
qwen2_5_0_5b_base,birth_place:12,birth_place,chat_template,1,6.82462739944458,2.8427202701568604,0.1671820729970932
qwen2_5_0_5b_base,birth_place:12,birth_place,chat_template,2,7.290246963500977,1.5147451162338257,0.14898931980133057
qwen2_5_0_5b_base,birth_place:12,birth_place,chat_template,3,8.326703071594238,2.331768035888672,0.1692432463169098
qwen2_5_0_5b_base,birth_place:12,birth_place,chat_template,4,9.600894927978516,2.9488747119903564,0.19433172047138214
qwen2_5_0_5b_base,birth_place:12,birth_place,chat_template,5,10.447017669677734,3.8639309406280518,0.21110858023166656
qwen2_5_0_5b_base,birth_place:12,birth_place,chat_template,6,11.54439926147461,2.9201512336730957,0.21947354078292847
qwen2_5_0_5b_base,birth_place:12,birth_place,chat_template,7,12.795376777648926,3.50052809715271,0.21978674829006195
qwen2_5_0_5b_base,birth_place:12,birth_place,chat_template,8,12.50693130493164,4.006878852844238,0.20058372616767883
qwen2_5_0_5b_base,birth_place:12,birth_place,chat_template,9,13.435750961303711,3.346679925918579,0.2080748975276947
qwen2_5_0_5b_base,birth_place:12,birth_place,chat_template,10,14.661898612976074,4.320987701416016,0.2089139074087143
qwen2_5_0_5b_base,birth_place:12,birth_place,chat_template,11,15.548260688781738,2.4644370079040527,0.2251354306936264
qwen2_5_0_5b_base,birth_place:12,birth_place,chat_template,12,15.37939453125,3.8168678283691406,0.22194260358810425
qwen2_5_0_5b_base,birth_place:12,birth_place,chat_template,13,16.013154983520508,2.966712713241577,0.2236078679561615
qwen2_5_0_5b_base,birth_place:12,birth_place,chat_template,14,19.783546447753906,6.1803154945373535,0.25182005763053894
qwen2_5_0_5b_base,birth_place:12,birth_place,chat_template,15,20.682422637939453,4.888596057891846,0.2598874270915985
qwen2_5_0_5b_base,birth_place:12,birth_place,chat_template,16,22.944637298583984,4.299985885620117,0.2923341989517212
qwen2_5_0_5b_base,birth_place:12,birth_place,chat_template,17,29.974456787109375,5.401132106781006,0.25574666261672974
qwen2_5_0_5b_base,birth_place:12,birth_place,chat_template,18,33.205020904541016,3.5188136100769043,0.24901635944843292
qwen2_5_0_5b_base,birth_place:12,birth_place,chat_template,19,36.87512969970703,5.263847351074219,0.28180575370788574
qwen2_5_0_5b_base,birth_place:12,birth_place,chat_template,20,52.418487548828125,12.96590518951416,0.2977345585823059
qwen2_5_0_5b_base,birth_place:12,birth_place,chat_template,21,67.0830307006836,22.443815231323242,0.2554607391357422
qwen2_5_0_5b_base,birth_place:12,birth_place,chat_template,22,74.36908721923828,14.023316383361816,0.3199462890625
qwen2_5_0_5b_base,birth_place:12,birth_place,chat_template,23,264.4825439453125,15.112041473388672,0.4083344340324402
qwen2_5_0_5b_base,birth_place:13,birth_place,raw_question,0,4.8184003829956055,0.4444003403186798,0.1372542679309845
qwen2_5_0_5b_base,birth_place:13,birth_place,raw_question,1,8.441109657287598,2.988487482070923,0.1710890531539917
qwen2_5_0_5b_base,birth_place:13,birth_place,raw_question,2,7.894894123077393,1.6818372011184692,0.16953277587890625
qwen2_5_0_5b_base,birth_place:13,birth_place,raw_question,3,9.503911018371582,1.6344786882400513,0.18184471130371094
qwen2_5_0_5b_base,birth_place:13,birth_place,raw_question,4,10.984441757202148,2.685457468032837,0.20922407507896423
qwen2_5_0_5b_base,birth_place:13,birth_place,raw_question,5,12.412659645080566,3.0385048389434814,0.21224461495876312
qwen2_5_0_5b_base,birth_place:13,birth_place,raw_question,6,13.357189178466797,2.308370590209961,0.22505474090576172
qwen2_5_0_5b_base,birth_place:13,birth_place,raw_question,7,14.758426666259766,2.578537940979004,0.22097653150558472
qwen2_5_0_5b_base,birth_place:13,birth_place,raw_question,8,15.20111083984375,3.8112592697143555,0.2092362642288208
qwen2_5_0_5b_base,birth_place:13,birth_place,raw_question,9,16.492307662963867,3.008334159851074,0.21054399013519287
qwen2_5_0_5b_base,birth_place:13,birth_place,raw_question,10,15.828457832336426,3.8209855556488037,0.19789384305477142
qwen2_5_0_5b_base,birth_place:13,birth_place,raw_question,11,16.0362606048584,2.606935977935791,0.20743946731090546
qwen2_5_0_5b_base,birth_place:13,birth_place,raw_question,12,16.626171112060547,2.900972604751587,0.20511870086193085
qwen2_5_0_5b_base,birth_place:13,birth_place,raw_question,13,18.054365158081055,3.0174105167388916,0.20661166310310364
qwen2_5_0_5b_base,birth_place:13,birth_place,raw_question,14,18.24825668334961,3.7970144748687744,0.22355861961841583
qwen2_5_0_5b_base,birth_place:13,birth_place,raw_question,15,19.338191986083984,3.1366498470306396,0.243418887257576
qwen2_5_0_5b_base,birth_place:13,birth_place,raw_question,16,22.865680694580078,1.0160901546478271,0.27751290798187256
qwen2_5_0_5b_base,birth_place:13,birth_place,raw_question,17,27.578563690185547,3.934145212173462,0.2608078420162201
qwen2_5_0_5b_base,birth_place:13,birth_place,raw_question,18,31.263315200805664,1.8645405769348145,0.2626991868019104
qwen2_5_0_5b_base,birth_place:13,birth_place,raw_question,19,34.87716293334961,4.672358989715576,0.29391545057296753
qwen2_5_0_5b_base,birth_place:13,birth_place,raw_question,20,48.48323059082031,9.898831367492676,0.2937508523464203
qwen2_5_0_5b_base,birth_place:13,birth_place,raw_question,21,70.29004669189453,14.475411415100098,0.2547256052494049
qwen2_5_0_5b_base,birth_place:13,birth_place,raw_question,22,75.95414733886719,8.195764541625977,0.2758431136608124
qwen2_5_0_5b_base,birth_place:13,birth_place,raw_question,23,283.68145751953125,15.552413940429688,0.3639897406101227
qwen2_5_0_5b_base,birth_place:13,birth_place,declarative,0,5.102928638458252,0.4571661651134491,0.13349880278110504
qwen2_5_0_5b_base,birth_place:13,birth_place,declarative,1,9.17660140991211,3.6268627643585205,0.19670340418815613
qwen2_5_0_5b_base,birth_place:13,birth_place,declarative,2,10.426715850830078,3.4028584957122803,0.24223308265209198
qwen2_5_0_5b_base,birth_place:13,birth_place,declarative,3,12.732641220092773,2.7631373405456543,0.2293461710214615
qwen2_5_0_5b_base,birth_place:13,birth_place,declarative,4,14.336661338806152,3.8583366870880127,0.2285880595445633
qwen2_5_0_5b_base,birth_place:13,birth_place,declarative,5,15.13077449798584,3.5769171714782715,0.21827521920204163
qwen2_5_0_5b_base,birth_place:13,birth_place,declarative,6,16.140316009521484,3.244492292404175,0.23932020366191864
qwen2_5_0_5b_base,birth_place:13,birth_place,declarative,7,16.017454147338867,4.335474967956543,0.2337186485528946
qwen2_5_0_5b_base,birth_place:13,birth_place,declarative,8,16.026874542236328,4.614284992218018,0.22460581362247467
qwen2_5_0_5b_base,birth_place:13,birth_place,declarative,9,16.473413467407227,2.4478769302368164,0.2082110196352005
qwen2_5_0_5b_base,birth_place:13,birth_place,declarative,10,17.732589721679688,4.100627422332764,0.218292236328125
qwen2_5_0_5b_base,birth_place:13,birth_place,declarative,11,16.45199966430664,2.8373260498046875,0.22408129274845123
qwen2_5_0_5b_base,birth_place:13,birth_place,declarative,12,18.07400894165039,3.207608699798584,0.21877509355545044
qwen2_5_0_5b_base,birth_place:13,birth_place,declarative,13,18.102828979492188,2.423710823059082,0.21574874222278595
qwen2_5_0_5b_base,birth_place:13,birth_place,declarative,14,19.049068450927734,5.931416034698486,0.23744472861289978
qwen2_5_0_5b_base,birth_place:13,birth_place,declarative,15,20.299823760986328,4.147828102111816,0.2548518478870392
qwen2_5_0_5b_base,birth_place:13,birth_place,declarative,16,22.27655601501465,0.7541795969009399,0.2776688039302826
qwen2_5_0_5b_base,birth_place:13,birth_place,declarative,17,27.878313064575195,5.983349800109863,0.24595756828784943
qwen2_5_0_5b_base,birth_place:13,birth_place,declarative,18,33.09730911254883,3.1514666080474854,0.2542816996574402
qwen2_5_0_5b_base,birth_place:13,birth_place,declarative,19,39.720603942871094,4.488723278045654,0.28594449162483215
qwen2_5_0_5b_base,birth_place:13,birth_place,declarative,20,50.0584602355957,10.578119277954102,0.3033052682876587
qwen2_5_0_5b_base,birth_place:13,birth_place,declarative,21,73.67472839355469,13.146774291992188,0.2981189489364624
qwen2_5_0_5b_base,birth_place:13,birth_place,declarative,22,83.02167510986328,3.558171033859253,0.3482895791530609
qwen2_5_0_5b_base,birth_place:13,birth_place,declarative,23,287.09674072265625,10.397438049316406,0.39436817169189453
qwen2_5_0_5b_base,birth_place:13,birth_place,qa,0,4.181439399719238,0.5606801509857178,0.14104166626930237
qwen2_5_0_5b_base,birth_place:13,birth_place,qa,1,6.949965953826904,2.869547128677368,0.17566406726837158
qwen2_5_0_5b_base,birth_place:13,birth_place,qa,2,8.905007362365723,2.4310433864593506,0.23250514268875122
qwen2_5_0_5b_base,birth_place:13,birth_place,qa,3,9.615718841552734,3.187991142272949,0.22114457190036774
qwen2_5_0_5b_base,birth_place:13,birth_place,qa,4,10.391823768615723,2.58612322807312,0.21273928880691528
qwen2_5_0_5b_base,birth_place:13,birth_place,qa,5,11.01583194732666,3.2942826747894287,0.2124064862728119
qwen2_5_0_5b_base,birth_place:13,birth_place,qa,6,12.539650917053223,2.791757106781006,0.22717972099781036
qwen2_5_0_5b_base,birth_place:13,birth_place,qa,7,12.392491340637207,2.8422114849090576,0.22225061058998108
qwen2_5_0_5b_base,birth_place:13,birth_place,qa,8,13.015256881713867,3.2172884941101074,0.20204909145832062
qwen2_5_0_5b_base,birth_place:13,birth_place,qa,9,14.568984985351562,2.9714038372039795,0.21604417264461517
qwen2_5_0_5b_base,birth_place:13,birth_place,qa,10,13.556029319763184,3.360868215560913,0.2063620388507843
qwen2_5_0_5b_base,birth_place:13,birth_place,qa,11,15.079593658447266,2.5572197437286377,0.21769051253795624
qwen2_5_0_5b_base,birth_place:13,birth_place,qa,12,15.009700775146484,3.37268328666687,0.2105129063129425
qwen2_5_0_5b_base,birth_place:13,birth_place,qa,13,16.0731143951416,2.9336986541748047,0.21527518332004547
qwen2_5_0_5b_base,birth_place:13,birth_place,qa,14,19.519298553466797,5.4578938484191895,0.24138231575489044
qwen2_5_0_5b_base,birth_place:13,birth_place,qa,15,20.65553855895996,4.186304569244385,0.2564152479171753
qwen2_5_0_5b_base,birth_place:13,birth_place,qa,16,23.990385055541992,2.3124382495880127,0.2758876085281372
qwen2_5_0_5b_base,birth_place:13,birth_place,qa,17,30.236032485961914,4.674271106719971,0.2561192214488983
qwen2_5_0_5b_base,birth_place:13,birth_place,qa,18,33.9878044128418,4.244658470153809,0.24607713520526886
qwen2_5_0_5b_base,birth_place:13,birth_place,qa,19,39.18161392211914,4.702497482299805,0.28458288311958313
qwen2_5_0_5b_base,birth_place:13,birth_place,qa,20,52.74949264526367,12.92292594909668,0.2995661497116089
qwen2_5_0_5b_base,birth_place:13,birth_place,qa,21,75.43334197998047,14.933300971984863,0.27028965950012207
qwen2_5_0_5b_base,birth_place:13,birth_place,qa,22,82.1854476928711,5.2968831062316895,0.2977007329463959
qwen2_5_0_5b_base,birth_place:13,birth_place,qa,23,304.1502380371094,16.634225845336914,0.380606472492218
qwen2_5_0_5b_base,birth_place:13,birth_place,chat_template,0,3.609973192214966,0.5921247005462646,0.1045728474855423
qwen2_5_0_5b_base,birth_place:13,birth_place,chat_template,1,6.869931697845459,2.858001470565796,0.16715049743652344
qwen2_5_0_5b_base,birth_place:13,birth_place,chat_template,2,7.306380271911621,1.5126757621765137,0.14883440732955933
qwen2_5_0_5b_base,birth_place:13,birth_place,chat_template,3,8.34652042388916,2.3404202461242676,0.16910098493099213
qwen2_5_0_5b_base,birth_place:13,birth_place,chat_template,4,9.575233459472656,2.921461582183838,0.19380952417850494
qwen2_5_0_5b_base,birth_place:13,birth_place,chat_template,5,10.476021766662598,3.8309903144836426,0.21106810867786407
qwen2_5_0_5b_base,birth_place:13,birth_place,chat_template,6,11.667497634887695,3.185717821121216,0.22006461024284363
qwen2_5_0_5b_base,birth_place:13,birth_place,chat_template,7,12.759628295898438,3.3616268634796143,0.22051846981048584
qwen2_5_0_5b_base,birth_place:13,birth_place,chat_template,8,12.482402801513672,3.946481466293335,0.2002522349357605
qwen2_5_0_5b_base,birth_place:13,birth_place,chat_template,9,13.522846221923828,3.4380788803100586,0.20800316333770752
qwen2_5_0_5b_base,birth_place:13,birth_place,chat_template,10,14.576869010925293,4.370211601257324,0.21036508679389954
qwen2_5_0_5b_base,birth_place:13,birth_place,chat_template,11,15.058687210083008,2.4483375549316406,0.22379226982593536
qwen2_5_0_5b_base,birth_place:13,birth_place,chat_template,12,15.29648208618164,3.8294496536254883,0.2215660959482193
qwen2_5_0_5b_base,birth_place:13,birth_place,chat_template,13,16.023929595947266,2.9910876750946045,0.22387826442718506
qwen2_5_0_5b_base,birth_place:13,birth_place,chat_template,14,19.633893966674805,5.899707317352295,0.2516741454601288
qwen2_5_0_5b_base,birth_place:13,birth_place,chat_template,15,20.614063262939453,4.765356540679932,0.25697842240333557
qwen2_5_0_5b_base,birth_place:13,birth_place,chat_template,16,23.125686645507812,3.7766199111938477,0.2912035584449768
qwen2_5_0_5b_base,birth_place:13,birth_place,chat_template,17,30.010377883911133,5.401830196380615,0.2552676200866699
qwen2_5_0_5b_base,birth_place:13,birth_place,chat_template,18,33.39898681640625,3.2896389961242676,0.24854828417301178
qwen2_5_0_5b_base,birth_place:13,birth_place,chat_template,19,37.32403564453125,4.638508319854736,0.2797171473503113
qwen2_5_0_5b_base,birth_place:13,birth_place,chat_template,20,50.89097595214844,11.712626457214355,0.29187753796577454
qwen2_5_0_5b_base,birth_place:13,birth_place,chat_template,21,67.40885925292969,24.334646224975586,0.25384387373924255
qwen2_5_0_5b_base,birth_place:13,birth_place,chat_template,22,71.26876831054688,9.598719596862793,0.32240042090415955
qwen2_5_0_5b_base,birth_place:13,birth_place,chat_template,23,253.6204833984375,17.029203414916992,0.4005703032016754
qwen2_5_0_5b_base,birth_place:14,birth_place,raw_question,0,4.8291802406311035,0.445171058177948,0.14109964668750763
qwen2_5_0_5b_base,birth_place:14,birth_place,raw_question,1,8.363948822021484,3.0860676765441895,0.17199306190013885
qwen2_5_0_5b_base,birth_place:14,birth_place,raw_question,2,7.872375965118408,1.6918443441390991,0.1701478511095047
qwen2_5_0_5b_base,birth_place:14,birth_place,raw_question,3,9.553617477416992,1.5611093044281006,0.18383648991584778
qwen2_5_0_5b_base,birth_place:14,birth_place,raw_question,4,10.948172569274902,2.778918743133545,0.20956525206565857
qwen2_5_0_5b_base,birth_place:14,birth_place,raw_question,5,12.186923027038574,2.9925758838653564,0.2114231139421463
qwen2_5_0_5b_base,birth_place:14,birth_place,raw_question,6,12.953221321105957,2.335578680038452,0.2239152044057846
qwen2_5_0_5b_base,birth_place:14,birth_place,raw_question,7,14.369354248046875,2.5994300842285156,0.21951203048229218
qwen2_5_0_5b_base,birth_place:14,birth_place,raw_question,8,14.852455139160156,3.7132794857025146,0.20956270396709442
qwen2_5_0_5b_base,birth_place:14,birth_place,raw_question,9,16.154342651367188,2.911036252975464,0.20924322307109833
qwen2_5_0_5b_base,birth_place:14,birth_place,raw_question,10,15.587310791015625,3.7604660987854004,0.19741974771022797
qwen2_5_0_5b_base,birth_place:14,birth_place,raw_question,11,15.872173309326172,2.597470283508301,0.20664462447166443
qwen2_5_0_5b_base,birth_place:14,birth_place,raw_question,12,16.453388214111328,2.8908729553222656,0.20405220985412598
qwen2_5_0_5b_base,birth_place:14,birth_place,raw_question,13,17.893545150756836,3.03193998336792,0.20588301122188568
qwen2_5_0_5b_base,birth_place:14,birth_place,raw_question,14,18.108125686645508,3.852524757385254,0.22187061607837677
qwen2_5_0_5b_base,birth_place:14,birth_place,raw_question,15,19.085012435913086,3.0751543045043945,0.2408761978149414
qwen2_5_0_5b_base,birth_place:14,birth_place,raw_question,16,22.536001205444336,0.9937857985496521,0.27556702494621277
qwen2_5_0_5b_base,birth_place:14,birth_place,raw_question,17,27.242599487304688,3.9327757358551025,0.26190003752708435
qwen2_5_0_5b_base,birth_place:14,birth_place,raw_question,18,30.982044219970703,2.089625358581543,0.2636505365371704
qwen2_5_0_5b_base,birth_place:14,birth_place,raw_question,19,34.32715606689453,5.487162113189697,0.2956308126449585
qwen2_5_0_5b_base,birth_place:14,birth_place,raw_question,20,48.06972122192383,10.003729820251465,0.2918761670589447
qwen2_5_0_5b_base,birth_place:14,birth_place,raw_question,21,69.0611572265625,14.154468536376953,0.2534158229827881
qwen2_5_0_5b_base,birth_place:14,birth_place,raw_question,22,74.7095947265625,7.239218711853027,0.2765810191631317
qwen2_5_0_5b_base,birth_place:14,birth_place,raw_question,23,284.1048583984375,16.915021896362305,0.3648562431335449
qwen2_5_0_5b_base,birth_place:14,birth_place,declarative,0,5.104424476623535,0.45947885513305664,0.13400650024414062
qwen2_5_0_5b_base,birth_place:14,birth_place,declarative,1,9.101945877075195,3.6059229373931885,0.19665175676345825
qwen2_5_0_5b_base,birth_place:14,birth_place,declarative,2,10.265576362609863,3.283182144165039,0.23943746089935303
qwen2_5_0_5b_base,birth_place:14,birth_place,declarative,3,12.613653182983398,2.7144322395324707,0.22859163582324982
qwen2_5_0_5b_base,birth_place:14,birth_place,declarative,4,14.090757369995117,3.8089592456817627,0.22947590053081512
qwen2_5_0_5b_base,birth_place:14,birth_place,declarative,5,14.574835777282715,3.554090976715088,0.21699543297290802
qwen2_5_0_5b_base,birth_place:14,birth_place,declarative,6,15.885050773620605,3.0058114528656006,0.23830938339233398
qwen2_5_0_5b_base,birth_place:14,birth_place,declarative,7,15.976601600646973,4.165650844573975,0.23240086436271667
qwen2_5_0_5b_base,birth_place:14,birth_place,declarative,8,15.992853164672852,4.497129440307617,0.22309570014476776
qwen2_5_0_5b_base,birth_place:14,birth_place,declarative,9,16.489595413208008,2.363335132598877,0.20613975822925568
qwen2_5_0_5b_base,birth_place:14,birth_place,declarative,10,18.012605667114258,4.005173206329346,0.21795731782913208
qwen2_5_0_5b_base,birth_place:14,birth_place,declarative,11,16.75674057006836,2.795175313949585,0.22530676424503326
qwen2_5_0_5b_base,birth_place:14,birth_place,declarative,12,18.519939422607422,3.342472553253174,0.21971562504768372
qwen2_5_0_5b_base,birth_place:14,birth_place,declarative,13,18.560222625732422,2.4281718730926514,0.21643157303333282
qwen2_5_0_5b_base,birth_place:14,birth_place,declarative,14,19.50124168395996,6.172773361206055,0.23885606229305267
qwen2_5_0_5b_base,birth_place:14,birth_place,declarative,15,20.428842544555664,4.0391645431518555,0.2552303671836853
qwen2_5_0_5b_base,birth_place:14,birth_place,declarative,16,22.210620880126953,0.736357569694519,0.27795615792274475
qwen2_5_0_5b_base,birth_place:14,birth_place,declarative,17,27.414583206176758,6.296866416931152,0.2456517517566681
qwen2_5_0_5b_base,birth_place:14,birth_place,declarative,18,32.86003875732422,3.426117420196533,0.2539454400539398
qwen2_5_0_5b_base,birth_place:14,birth_place,declarative,19,38.26525115966797,4.589851379394531,0.2846543788909912
qwen2_5_0_5b_base,birth_place:14,birth_place,declarative,20,47.625728607177734,13.31602668762207,0.3017551600933075
qwen2_5_0_5b_base,birth_place:14,birth_place,declarative,21,67.63243103027344,13.26955795288086,0.30146750807762146
qwen2_5_0_5b_base,birth_place:14,birth_place,declarative,22,81.4962158203125,5.542232513427734,0.3843057453632355
qwen2_5_0_5b_base,birth_place:14,birth_place,declarative,23,290.3859558105469,10.952686309814453,0.4067330062389374
qwen2_5_0_5b_base,birth_place:14,birth_place,qa,0,4.178746700286865,0.5609433650970459,0.14423976838588715
qwen2_5_0_5b_base,birth_place:14,birth_place,qa,1,6.908900737762451,2.8775362968444824,0.17654305696487427
qwen2_5_0_5b_base,birth_place:14,birth_place,qa,2,8.885798454284668,2.448575735092163,0.233202263712883
qwen2_5_0_5b_base,birth_place:14,birth_place,qa,3,9.60775375366211,3.1326346397399902,0.22108687460422516
qwen2_5_0_5b_base,birth_place:14,birth_place,qa,4,10.411225318908691,2.5902905464172363,0.21218566596508026
qwen2_5_0_5b_base,birth_place:14,birth_place,qa,5,11.039193153381348,3.309969186782837,0.21293514966964722
qwen2_5_0_5b_base,birth_place:14,birth_place,qa,6,12.65298080444336,2.8298122882843018,0.22799810767173767
qwen2_5_0_5b_base,birth_place:14,birth_place,qa,7,12.409886360168457,2.822256088256836,0.22321359813213348
qwen2_5_0_5b_base,birth_place:14,birth_place,qa,8,12.86812686920166,3.1331496238708496,0.20132285356521606
qwen2_5_0_5b_base,birth_place:14,birth_place,qa,9,14.600120544433594,3.0401451587677,0.21529509127140045
qwen2_5_0_5b_base,birth_place:14,birth_place,qa,10,13.63036823272705,3.378617525100708,0.2067643254995346
qwen2_5_0_5b_base,birth_place:14,birth_place,qa,11,15.152432441711426,2.6193113327026367,0.2181122899055481
qwen2_5_0_5b_base,birth_place:14,birth_place,qa,12,15.00512981414795,3.4310615062713623,0.21166552603244781
qwen2_5_0_5b_base,birth_place:14,birth_place,qa,13,16.051469802856445,2.8651342391967773,0.21546027064323425
qwen2_5_0_5b_base,birth_place:14,birth_place,qa,14,19.83156967163086,5.800158977508545,0.24273450672626495
qwen2_5_0_5b_base,birth_place:14,birth_place,qa,15,20.84365463256836,4.361030101776123,0.25839608907699585
qwen2_5_0_5b_base,birth_place:14,birth_place,qa,16,23.895641326904297,2.204559087753296,0.2758842706680298
qwen2_5_0_5b_base,birth_place:14,birth_place,qa,17,29.986026763916016,4.948505401611328,0.25533822178840637
qwen2_5_0_5b_base,birth_place:14,birth_place,qa,18,33.94413757324219,5.2451910972595215,0.2461409866809845
qwen2_5_0_5b_base,birth_place:14,birth_place,qa,19,38.89879608154297,5.360024929046631,0.28560784459114075
qwen2_5_0_5b_base,birth_place:14,birth_place,qa,20,52.66013717651367,13.228355407714844,0.3029569387435913
qwen2_5_0_5b_base,birth_place:14,birth_place,qa,21,74.3340835571289,15.005630493164062,0.2706281840801239
qwen2_5_0_5b_base,birth_place:14,birth_place,qa,22,81.92755889892578,5.078555583953857,0.30599382519721985
qwen2_5_0_5b_base,birth_place:14,birth_place,qa,23,307.4270935058594,17.405914306640625,0.3840273320674896
qwen2_5_0_5b_base,birth_place:14,birth_place,chat_template,0,3.606437921524048,0.5902438759803772,0.10455694794654846
qwen2_5_0_5b_base,birth_place:14,birth_place,chat_template,1,6.8360419273376465,2.855654716491699,0.1672520935535431
qwen2_5_0_5b_base,birth_place:14,birth_place,chat_template,2,7.31836462020874,1.5143063068389893,0.14847497642040253
qwen2_5_0_5b_base,birth_place:14,birth_place,chat_template,3,8.362743377685547,2.375739097595215,0.16959433257579803
qwen2_5_0_5b_base,birth_place:14,birth_place,chat_template,4,9.537562370300293,2.903531789779663,0.1936587542295456
qwen2_5_0_5b_base,birth_place:14,birth_place,chat_template,5,10.457985877990723,3.835047960281372,0.21140040457248688
qwen2_5_0_5b_base,birth_place:14,birth_place,chat_template,6,11.63267707824707,3.0824570655822754,0.22042319178581238
qwen2_5_0_5b_base,birth_place:14,birth_place,chat_template,7,12.74238395690918,3.426931142807007,0.22094415128231049
qwen2_5_0_5b_base,birth_place:14,birth_place,chat_template,8,12.520594596862793,4.012808799743652,0.2008151262998581
qwen2_5_0_5b_base,birth_place:14,birth_place,chat_template,9,13.450547218322754,3.368932008743286,0.20800399780273438
qwen2_5_0_5b_base,birth_place:14,birth_place,chat_template,10,14.689546585083008,4.335702896118164,0.20920738577842712
qwen2_5_0_5b_base,birth_place:14,birth_place,chat_template,11,15.752232551574707,2.519763946533203,0.2258155196905136
qwen2_5_0_5b_base,birth_place:14,birth_place,chat_template,12,15.42212200164795,3.9082274436950684,0.2233048677444458
qwen2_5_0_5b_base,birth_place:14,birth_place,chat_template,13,16.02945899963379,2.951953172683716,0.22305689752101898
qwen2_5_0_5b_base,birth_place:14,birth_place,chat_template,14,19.8626708984375,6.050589084625244,0.25025495886802673
qwen2_5_0_5b_base,birth_place:14,birth_place,chat_template,15,20.875213623046875,4.84884786605835,0.258662611246109
qwen2_5_0_5b_base,birth_place:14,birth_place,chat_template,16,23.12310791015625,4.175142765045166,0.2928858697414398
qwen2_5_0_5b_base,birth_place:14,birth_place,chat_template,17,30.14045524597168,5.51077938079834,0.25541818141937256
qwen2_5_0_5b_base,birth_place:14,birth_place,chat_template,18,33.49527359008789,3.3322865962982178,0.2486433982849121
qwen2_5_0_5b_base,birth_place:14,birth_place,chat_template,19,37.064422607421875,5.979875087738037,0.2816324532032013
qwen2_5_0_5b_base,birth_place:14,birth_place,chat_template,20,51.61437225341797,13.003466606140137,0.29703089594841003
qwen2_5_0_5b_base,birth_place:14,birth_place,chat_template,21,66.523193359375,21.238256454467773,0.2563363015651703
qwen2_5_0_5b_base,birth_place:14,birth_place,chat_template,22,71.70454406738281,9.454191207885742,0.3209521174430847
qwen2_5_0_5b_base,birth_place:14,birth_place,chat_template,23,255.6434326171875,19.888845443725586,0.3983305096626282
qwen2_5_0_5b_base,birth_place:15,birth_place,raw_question,0,4.829216957092285,0.45074984431266785,0.13882814347743988
qwen2_5_0_5b_base,birth_place:15,birth_place,raw_question,1,8.335564613342285,2.945913791656494,0.17158737778663635
qwen2_5_0_5b_base,birth_place:15,birth_place,raw_question,2,7.928650856018066,1.752358078956604,0.1694905310869217
qwen2_5_0_5b_base,birth_place:15,birth_place,raw_question,3,9.621249198913574,1.7177788019180298,0.18419776856899261
qwen2_5_0_5b_base,birth_place:15,birth_place,raw_question,4,10.606070518493652,2.6403305530548096,0.2088644653558731
qwen2_5_0_5b_base,birth_place:15,birth_place,raw_question,5,12.309249877929688,3.0829083919525146,0.21404214203357697
qwen2_5_0_5b_base,birth_place:15,birth_place,raw_question,6,13.494816780090332,2.378066062927246,0.22710056602954865
qwen2_5_0_5b_base,birth_place:15,birth_place,raw_question,7,14.89769458770752,2.7798640727996826,0.22332994639873505
qwen2_5_0_5b_base,birth_place:15,birth_place,raw_question,8,15.29317569732666,3.696301221847534,0.21096691489219666
qwen2_5_0_5b_base,birth_place:15,birth_place,raw_question,9,16.335847854614258,2.9073777198791504,0.21019037067890167
qwen2_5_0_5b_base,birth_place:15,birth_place,raw_question,10,15.611364364624023,3.763831853866577,0.19685178995132446
qwen2_5_0_5b_base,birth_place:15,birth_place,raw_question,11,15.80410385131836,2.5830042362213135,0.20537252724170685
qwen2_5_0_5b_base,birth_place:15,birth_place,raw_question,12,16.385175704956055,2.809110641479492,0.2033105492591858
qwen2_5_0_5b_base,birth_place:15,birth_place,raw_question,13,17.79324722290039,2.9464449882507324,0.20590418577194214
qwen2_5_0_5b_base,birth_place:15,birth_place,raw_question,14,18.177736282348633,3.8060221672058105,0.2221020609140396
qwen2_5_0_5b_base,birth_place:15,birth_place,raw_question,15,19.172157287597656,3.122387170791626,0.24238310754299164
qwen2_5_0_5b_base,birth_place:15,birth_place,raw_question,16,22.637487411499023,1.0521882772445679,0.27528947591781616
qwen2_5_0_5b_base,birth_place:15,birth_place,raw_question,17,27.14858627319336,3.940239667892456,0.25951051712036133
qwen2_5_0_5b_base,birth_place:15,birth_place,raw_question,18,30.766067504882812,1.9940108060836792,0.2628136873245239
qwen2_5_0_5b_base,birth_place:15,birth_place,raw_question,19,34.20613479614258,5.065848350524902,0.2955493927001953
qwen2_5_0_5b_base,birth_place:15,birth_place,raw_question,20,47.93563461303711,8.535722732543945,0.29422199726104736
qwen2_5_0_5b_base,birth_place:15,birth_place,raw_question,21,69.38704681396484,14.459806442260742,0.2555196285247803
qwen2_5_0_5b_base,birth_place:15,birth_place,raw_question,22,75.19928741455078,5.330330848693848,0.2753429114818573
qwen2_5_0_5b_base,birth_place:15,birth_place,raw_question,23,292.43829345703125,13.058379173278809,0.36518383026123047
qwen2_5_0_5b_base,birth_place:15,birth_place,declarative,0,5.054254531860352,0.4567999839782715,0.1343054324388504
qwen2_5_0_5b_base,birth_place:15,birth_place,declarative,1,9.134745597839355,3.630901336669922,0.1980995237827301
qwen2_5_0_5b_base,birth_place:15,birth_place,declarative,2,10.187366485595703,3.3279502391815186,0.23873625695705414
qwen2_5_0_5b_base,birth_place:15,birth_place,declarative,3,12.394776344299316,2.7615201473236084,0.22753138840198517
qwen2_5_0_5b_base,birth_place:15,birth_place,declarative,4,13.275602340698242,3.7286036014556885,0.2267197072505951
qwen2_5_0_5b_base,birth_place:15,birth_place,declarative,5,14.17871379852295,3.8214616775512695,0.22024917602539062
qwen2_5_0_5b_base,birth_place:15,birth_place,declarative,6,14.787116050720215,2.947885751724243,0.2379576563835144
qwen2_5_0_5b_base,birth_place:15,birth_place,declarative,7,14.74506664276123,4.716650009155273,0.23160786926746368
qwen2_5_0_5b_base,birth_place:15,birth_place,declarative,8,14.32716178894043,4.0697712898254395,0.2199781835079193
qwen2_5_0_5b_base,birth_place:15,birth_place,declarative,9,14.670080184936523,2.4861114025115967,0.20223060250282288
qwen2_5_0_5b_base,birth_place:15,birth_place,declarative,10,15.266715049743652,4.207220554351807,0.20877888798713684
qwen2_5_0_5b_base,birth_place:15,birth_place,declarative,11,14.58991813659668,2.6536738872528076,0.21334710717201233
qwen2_5_0_5b_base,birth_place:15,birth_place,declarative,12,16.863323211669922,3.365358591079712,0.2161399871110916
qwen2_5_0_5b_base,birth_place:15,birth_place,declarative,13,16.913034439086914,2.5544567108154297,0.2124837040901184
qwen2_5_0_5b_base,birth_place:15,birth_place,declarative,14,17.83959197998047,5.73162317276001,0.2378205806016922
qwen2_5_0_5b_base,birth_place:15,birth_place,declarative,15,18.937877655029297,4.0009918212890625,0.25436660647392273
qwen2_5_0_5b_base,birth_place:15,birth_place,declarative,16,20.901538848876953,0.7649062871932983,0.2780352234840393
qwen2_5_0_5b_base,birth_place:15,birth_place,declarative,17,26.888364791870117,6.036832809448242,0.24669401347637177
qwen2_5_0_5b_base,birth_place:15,birth_place,declarative,18,32.02225875854492,3.5832173824310303,0.2519223093986511
qwen2_5_0_5b_base,birth_place:15,birth_place,declarative,19,38.44637680053711,4.43766975402832,0.2838514745235443
qwen2_5_0_5b_base,birth_place:15,birth_place,declarative,20,49.0605583190918,6.930314064025879,0.30095604062080383
qwen2_5_0_5b_base,birth_place:15,birth_place,declarative,21,74.5406723022461,11.279717445373535,0.2841976284980774
qwen2_5_0_5b_base,birth_place:15,birth_place,declarative,22,84.30615234375,4.481772422790527,0.34207212924957275
qwen2_5_0_5b_base,birth_place:15,birth_place,declarative,23,297.9104309082031,10.892885208129883,0.40023112297058105
qwen2_5_0_5b_base,birth_place:15,birth_place,qa,0,4.177478790283203,0.5631498098373413,0.14148204028606415
qwen2_5_0_5b_base,birth_place:15,birth_place,qa,1,6.934234619140625,2.8554747104644775,0.17553959786891937
qwen2_5_0_5b_base,birth_place:15,birth_place,qa,2,8.808478355407715,2.424726724624634,0.23152582347393036
qwen2_5_0_5b_base,birth_place:15,birth_place,qa,3,9.511919975280762,3.1380441188812256,0.22073955833911896
qwen2_5_0_5b_base,birth_place:15,birth_place,qa,4,10.347923278808594,2.592060089111328,0.21233561635017395
qwen2_5_0_5b_base,birth_place:15,birth_place,qa,5,11.074407577514648,3.3022518157958984,0.21244367957115173
qwen2_5_0_5b_base,birth_place:15,birth_place,qa,6,12.56585693359375,2.74518084526062,0.226814866065979
qwen2_5_0_5b_base,birth_place:15,birth_place,qa,7,12.57530403137207,2.8239665031433105,0.22365541756153107
qwen2_5_0_5b_base,birth_place:15,birth_place,qa,8,13.039207458496094,3.1734440326690674,0.20306061208248138
qwen2_5_0_5b_base,birth_place:15,birth_place,qa,9,14.737201690673828,3.048449993133545,0.21624186635017395
qwen2_5_0_5b_base,birth_place:15,birth_place,qa,10,13.744000434875488,3.390993356704712,0.20765964686870575
qwen2_5_0_5b_base,birth_place:15,birth_place,qa,11,15.21533489227295,2.6032848358154297,0.21937644481658936
qwen2_5_0_5b_base,birth_place:15,birth_place,qa,12,15.042445182800293,3.368818521499634,0.21091262996196747
qwen2_5_0_5b_base,birth_place:15,birth_place,qa,13,16.08919334411621,3.0383009910583496,0.21653880178928375
qwen2_5_0_5b_base,birth_place:15,birth_place,qa,14,19.436443328857422,5.348464488983154,0.2413816899061203
qwen2_5_0_5b_base,birth_place:15,birth_place,qa,15,20.745725631713867,4.204354763031006,0.25683608651161194
qwen2_5_0_5b_base,birth_place:15,birth_place,qa,16,23.811614990234375,2.4477531909942627,0.27527472376823425
qwen2_5_0_5b_base,birth_place:15,birth_place,qa,17,29.456106185913086,5.528347492218018,0.256176233291626
qwen2_5_0_5b_base,birth_place:15,birth_place,qa,18,33.659942626953125,4.41402006149292,0.24704742431640625
qwen2_5_0_5b_base,birth_place:15,birth_place,qa,19,39.68000411987305,5.040673732757568,0.2852884531021118
qwen2_5_0_5b_base,birth_place:15,birth_place,qa,20,53.00709915161133,10.5842866897583,0.30103054642677307
qwen2_5_0_5b_base,birth_place:15,birth_place,qa,21,76.07109069824219,15.994237899780273,0.2703915238380432
qwen2_5_0_5b_base,birth_place:15,birth_place,qa,22,81.43426513671875,5.787333011627197,0.30204862356185913
qwen2_5_0_5b_base,birth_place:15,birth_place,qa,23,308.21380615234375,15.937792778015137,0.3827970325946808
qwen2_5_0_5b_base,birth_place:15,birth_place,chat_template,0,3.612818717956543,0.5923018455505371,0.10457818955183029
qwen2_5_0_5b_base,birth_place:15,birth_place,chat_template,1,6.8853068351745605,2.8704113960266113,0.16774389147758484
qwen2_5_0_5b_base,birth_place:15,birth_place,chat_template,2,7.344832420349121,1.5129148960113525,0.14857454597949982
qwen2_5_0_5b_base,birth_place:15,birth_place,chat_template,3,8.357288360595703,2.3486552238464355,0.16957947611808777
qwen2_5_0_5b_base,birth_place:15,birth_place,chat_template,4,9.494694709777832,2.8880774974823,0.1934528797864914
qwen2_5_0_5b_base,birth_place:15,birth_place,chat_template,5,10.349797248840332,3.893099546432495,0.21109385788440704
qwen2_5_0_5b_base,birth_place:15,birth_place,chat_template,6,11.695464134216309,3.152510404586792,0.2202664166688919
qwen2_5_0_5b_base,birth_place:15,birth_place,chat_template,7,12.785216331481934,3.4906985759735107,0.22224301099777222
qwen2_5_0_5b_base,birth_place:15,birth_place,chat_template,8,12.618619918823242,4.089507102966309,0.20267775654792786
qwen2_5_0_5b_base,birth_place:15,birth_place,chat_template,9,13.564926147460938,3.375633716583252,0.2099141776561737
qwen2_5_0_5b_base,birth_place:15,birth_place,chat_template,10,14.54510498046875,4.184521675109863,0.207744300365448
qwen2_5_0_5b_base,birth_place:15,birth_place,chat_template,11,15.696158409118652,2.468228816986084,0.22457031905651093
qwen2_5_0_5b_base,birth_place:15,birth_place,chat_template,12,15.320796966552734,3.933178186416626,0.2229900360107422
qwen2_5_0_5b_base,birth_place:15,birth_place,chat_template,13,16.05121612548828,2.9442527294158936,0.22340990602970123
qwen2_5_0_5b_base,birth_place:15,birth_place,chat_template,14,19.877967834472656,5.960174083709717,0.24984686076641083
qwen2_5_0_5b_base,birth_place:15,birth_place,chat_template,15,20.58679962158203,4.698362827301025,0.25816023349761963
qwen2_5_0_5b_base,birth_place:15,birth_place,chat_template,16,23.004764556884766,3.871265172958374,0.29261818528175354
qwen2_5_0_5b_base,birth_place:15,birth_place,chat_template,17,29.9505672454834,5.462275981903076,0.2551625967025757
qwen2_5_0_5b_base,birth_place:15,birth_place,chat_template,18,33.32401657104492,3.492771863937378,0.24732820689678192
qwen2_5_0_5b_base,birth_place:15,birth_place,chat_template,19,37.14118576049805,4.751020431518555,0.2800559103488922
qwen2_5_0_5b_base,birth_place:15,birth_place,chat_template,20,50.76556396484375,10.818328857421875,0.2940138280391693
qwen2_5_0_5b_base,birth_place:15,birth_place,chat_template,21,67.03028869628906,24.937410354614258,0.2542634904384613
qwen2_5_0_5b_base,birth_place:15,birth_place,chat_template,22,71.86605834960938,10.391815185546875,0.3240740895271301
qwen2_5_0_5b_base,birth_place:15,birth_place,chat_template,23,248.04103088378906,17.963756561279297,0.4009815752506256
qwen2_5_0_5b_base,birth_place:16,birth_place,raw_question,0,4.783328533172607,0.44639676809310913,0.13866972923278809
qwen2_5_0_5b_base,birth_place:16,birth_place,raw_question,1,8.318011283874512,3.0297834873199463,0.17245377600193024
qwen2_5_0_5b_base,birth_place:16,birth_place,raw_question,2,7.832611083984375,1.6874574422836304,0.172014057636261
qwen2_5_0_5b_base,birth_place:16,birth_place,raw_question,3,9.506601333618164,1.69925856590271,0.18340682983398438
qwen2_5_0_5b_base,birth_place:16,birth_place,raw_question,4,10.906214714050293,2.693697929382324,0.2077709436416626
qwen2_5_0_5b_base,birth_place:16,birth_place,raw_question,5,12.36343765258789,3.0579640865325928,0.21258383989334106
qwen2_5_0_5b_base,birth_place:16,birth_place,raw_question,6,13.145885467529297,2.3205454349517822,0.2248285710811615
qwen2_5_0_5b_base,birth_place:16,birth_place,raw_question,7,14.40609359741211,2.5968422889709473,0.2210153043270111
qwen2_5_0_5b_base,birth_place:16,birth_place,raw_question,8,14.920823097229004,3.6839160919189453,0.20804265141487122
qwen2_5_0_5b_base,birth_place:16,birth_place,raw_question,9,16.267412185668945,2.974475622177124,0.20923662185668945
qwen2_5_0_5b_base,birth_place:16,birth_place,raw_question,10,15.638566970825195,3.8792355060577393,0.19768035411834717
qwen2_5_0_5b_base,birth_place:16,birth_place,raw_question,11,15.839329719543457,2.642084836959839,0.207710862159729
qwen2_5_0_5b_base,birth_place:16,birth_place,raw_question,12,16.50311279296875,2.9240329265594482,0.20425909757614136
qwen2_5_0_5b_base,birth_place:16,birth_place,raw_question,13,17.918235778808594,3.010770559310913,0.20863346755504608
qwen2_5_0_5b_base,birth_place:16,birth_place,raw_question,14,18.23246955871582,3.791609525680542,0.22393447160720825
qwen2_5_0_5b_base,birth_place:16,birth_place,raw_question,15,19.13656234741211,3.1067955493927,0.24212199449539185
qwen2_5_0_5b_base,birth_place:16,birth_place,raw_question,16,22.56705093383789,0.981601893901825,0.27746716141700745
qwen2_5_0_5b_base,birth_place:16,birth_place,raw_question,17,27.401212692260742,3.9382174015045166,0.2647155523300171
qwen2_5_0_5b_base,birth_place:16,birth_place,raw_question,18,31.152767181396484,2.010645627975464,0.26895275712013245
qwen2_5_0_5b_base,birth_place:16,birth_place,raw_question,19,34.55161666870117,4.155697822570801,0.30094948410987854
qwen2_5_0_5b_base,birth_place:16,birth_place,raw_question,20,47.3194465637207,7.996271133422852,0.2953130900859833
qwen2_5_0_5b_base,birth_place:16,birth_place,raw_question,21,68.5674057006836,12.558856010437012,0.2543250620365143
qwen2_5_0_5b_base,birth_place:16,birth_place,raw_question,22,75.08016967773438,5.770540237426758,0.2732822299003601
qwen2_5_0_5b_base,birth_place:16,birth_place,raw_question,23,279.4847106933594,15.214890480041504,0.3553793728351593
qwen2_5_0_5b_base,birth_place:16,birth_place,declarative,0,5.057208061218262,0.4606616199016571,0.1330651193857193
qwen2_5_0_5b_base,birth_place:16,birth_place,declarative,1,8.922711372375488,3.6483383178710938,0.19639098644256592
qwen2_5_0_5b_base,birth_place:16,birth_place,declarative,2,10.12491226196289,3.414839267730713,0.24174188077449799
qwen2_5_0_5b_base,birth_place:16,birth_place,declarative,3,12.567255973815918,2.613291025161743,0.23014748096466064
qwen2_5_0_5b_base,birth_place:16,birth_place,declarative,4,14.813963890075684,3.8381900787353516,0.2311866730451584
qwen2_5_0_5b_base,birth_place:16,birth_place,declarative,5,15.939271926879883,3.3992676734924316,0.22032155096530914
qwen2_5_0_5b_base,birth_place:16,birth_place,declarative,6,16.17221450805664,3.546983480453491,0.24033190310001373
qwen2_5_0_5b_base,birth_place:16,birth_place,declarative,7,16.519519805908203,4.285093784332275,0.23413145542144775
qwen2_5_0_5b_base,birth_place:16,birth_place,declarative,8,16.307086944580078,4.733937740325928,0.22471776604652405
qwen2_5_0_5b_base,birth_place:16,birth_place,declarative,9,16.415363311767578,2.3528592586517334,0.20805421471595764
qwen2_5_0_5b_base,birth_place:16,birth_place,declarative,10,17.437084197998047,3.912264347076416,0.21808026731014252
qwen2_5_0_5b_base,birth_place:16,birth_place,declarative,11,16.6933650970459,2.839719533920288,0.22890794277191162
qwen2_5_0_5b_base,birth_place:16,birth_place,declarative,12,18.62320899963379,3.29683256149292,0.22048360109329224
qwen2_5_0_5b_base,birth_place:16,birth_place,declarative,13,18.483205795288086,2.381253242492676,0.21753792464733124
qwen2_5_0_5b_base,birth_place:16,birth_place,declarative,14,19.365646362304688,6.427876949310303,0.23965568840503693
qwen2_5_0_5b_base,birth_place:16,birth_place,declarative,15,21.852859497070312,4.592128753662109,0.2556280195713043
qwen2_5_0_5b_base,birth_place:16,birth_place,declarative,16,23.829967498779297,0.9356244206428528,0.27790865302085876
qwen2_5_0_5b_base,birth_place:16,birth_place,declarative,17,28.706188201904297,6.530540466308594,0.24814841151237488
qwen2_5_0_5b_base,birth_place:16,birth_place,declarative,18,33.320247650146484,3.5712504386901855,0.25438207387924194
qwen2_5_0_5b_base,birth_place:16,birth_place,declarative,19,36.881473541259766,4.242620944976807,0.28539156913757324
qwen2_5_0_5b_base,birth_place:16,birth_place,declarative,20,47.264137268066406,14.821261405944824,0.301902174949646
qwen2_5_0_5b_base,birth_place:16,birth_place,declarative,21,61.0046272277832,17.971834182739258,0.3121420741081238
qwen2_5_0_5b_base,birth_place:16,birth_place,declarative,22,79.14092254638672,5.592718601226807,0.4197700321674347
qwen2_5_0_5b_base,birth_place:16,birth_place,declarative,23,250.1160430908203,13.254677772521973,0.4382476210594177
qwen2_5_0_5b_base,birth_place:16,birth_place,qa,0,4.155318260192871,0.5602058172225952,0.1420624852180481
qwen2_5_0_5b_base,birth_place:16,birth_place,qa,1,6.894226551055908,2.856621026992798,0.17550018429756165
qwen2_5_0_5b_base,birth_place:16,birth_place,qa,2,8.77658748626709,2.4021129608154297,0.2313029170036316
qwen2_5_0_5b_base,birth_place:16,birth_place,qa,3,9.551345825195312,3.192730665206909,0.22076134383678436
qwen2_5_0_5b_base,birth_place:16,birth_place,qa,4,10.434823036193848,2.5813097953796387,0.2121744453907013
qwen2_5_0_5b_base,birth_place:16,birth_place,qa,5,10.975728034973145,3.368065357208252,0.212046816945076
qwen2_5_0_5b_base,birth_place:16,birth_place,qa,6,12.591139793395996,2.815523624420166,0.22696234285831451
qwen2_5_0_5b_base,birth_place:16,birth_place,qa,7,12.483382225036621,2.837937593460083,0.22274672985076904
qwen2_5_0_5b_base,birth_place:16,birth_place,qa,8,12.963574409484863,3.229694366455078,0.20287363231182098
qwen2_5_0_5b_base,birth_place:16,birth_place,qa,9,14.541924476623535,2.982314348220825,0.21482647955417633
qwen2_5_0_5b_base,birth_place:16,birth_place,qa,10,13.675681114196777,3.3706743717193604,0.2057514190673828
qwen2_5_0_5b_base,birth_place:16,birth_place,qa,11,15.122817993164062,2.6489837169647217,0.21785199642181396
qwen2_5_0_5b_base,birth_place:16,birth_place,qa,12,14.955755233764648,3.299701452255249,0.21071048080921173
qwen2_5_0_5b_base,birth_place:16,birth_place,qa,13,16.052371978759766,2.8799972534179688,0.21511122584342957
qwen2_5_0_5b_base,birth_place:16,birth_place,qa,14,19.3110294342041,5.523330211639404,0.23839087784290314
qwen2_5_0_5b_base,birth_place:16,birth_place,qa,15,20.936784744262695,4.1928510665893555,0.25505125522613525
qwen2_5_0_5b_base,birth_place:16,birth_place,qa,16,23.902023315429688,2.481959819793701,0.274383544921875
qwen2_5_0_5b_base,birth_place:16,birth_place,qa,17,29.679563522338867,5.225580215454102,0.2566096782684326
qwen2_5_0_5b_base,birth_place:16,birth_place,qa,18,33.60935592651367,4.549738883972168,0.24634243547916412
qwen2_5_0_5b_base,birth_place:16,birth_place,qa,19,39.155799865722656,4.74139928817749,0.28620052337646484
qwen2_5_0_5b_base,birth_place:16,birth_place,qa,20,52.39716339111328,11.494730949401855,0.3001593053340912
qwen2_5_0_5b_base,birth_place:16,birth_place,qa,21,75.03185272216797,14.044012069702148,0.27083620429039
qwen2_5_0_5b_base,birth_place:16,birth_place,qa,22,82.40243530273438,4.672293663024902,0.30131813883781433
qwen2_5_0_5b_base,birth_place:16,birth_place,qa,23,304.3406677246094,15.704090118408203,0.383399099111557
qwen2_5_0_5b_base,birth_place:16,birth_place,chat_template,0,3.6108803749084473,0.5903716087341309,0.10473765432834625
qwen2_5_0_5b_base,birth_place:16,birth_place,chat_template,1,6.878660678863525,2.8610613346099854,0.1673915982246399
qwen2_5_0_5b_base,birth_place:16,birth_place,chat_template,2,7.346185207366943,1.5270639657974243,0.14834707975387573
qwen2_5_0_5b_base,birth_place:16,birth_place,chat_template,3,8.366861343383789,2.3313677310943604,0.1697113960981369
qwen2_5_0_5b_base,birth_place:16,birth_place,chat_template,4,9.529006958007812,2.880279302597046,0.19332674145698547
qwen2_5_0_5b_base,birth_place:16,birth_place,chat_template,5,10.578805923461914,3.9670090675354004,0.21147504448890686
qwen2_5_0_5b_base,birth_place:16,birth_place,chat_template,6,11.677181243896484,3.1058881282806396,0.22073128819465637
qwen2_5_0_5b_base,birth_place:16,birth_place,chat_template,7,12.707773208618164,3.2900826930999756,0.2203260213136673
qwen2_5_0_5b_base,birth_place:16,birth_place,chat_template,8,12.431731224060059,3.863542318344116,0.19872726500034332
qwen2_5_0_5b_base,birth_place:16,birth_place,chat_template,9,13.598005294799805,3.5518362522125244,0.20843827724456787
qwen2_5_0_5b_base,birth_place:16,birth_place,chat_template,10,14.58884048461914,4.244973182678223,0.20808351039886475
qwen2_5_0_5b_base,birth_place:16,birth_place,chat_template,11,15.255492210388184,2.467346429824829,0.22306708991527557
qwen2_5_0_5b_base,birth_place:16,birth_place,chat_template,12,15.23465633392334,3.706848621368408,0.22011235356330872
qwen2_5_0_5b_base,birth_place:16,birth_place,chat_template,13,16.051464080810547,2.954040765762329,0.22216199338436127
qwen2_5_0_5b_base,birth_place:16,birth_place,chat_template,14,19.84929084777832,6.206916809082031,0.250968873500824
qwen2_5_0_5b_base,birth_place:16,birth_place,chat_template,15,20.844789505004883,4.901164531707764,0.25864773988723755
qwen2_5_0_5b_base,birth_place:16,birth_place,chat_template,16,23.06764793395996,3.6840872764587402,0.2919100821018219
qwen2_5_0_5b_base,birth_place:16,birth_place,chat_template,17,29.953216552734375,5.3217902183532715,0.25477689504623413
qwen2_5_0_5b_base,birth_place:16,birth_place,chat_template,18,33.335933685302734,3.408860921859741,0.2472125142812729
qwen2_5_0_5b_base,birth_place:16,birth_place,chat_template,19,37.16650390625,4.73038387298584,0.2801341116428375
qwen2_5_0_5b_base,birth_place:16,birth_place,chat_template,20,50.23163986206055,11.590879440307617,0.293173611164093
qwen2_5_0_5b_base,birth_place:16,birth_place,chat_template,21,67.4935302734375,24.20960807800293,0.2537485361099243
qwen2_5_0_5b_base,birth_place:16,birth_place,chat_template,22,71.59026336669922,8.635015487670898,0.3222331702709198
qwen2_5_0_5b_base,birth_place:16,birth_place,chat_template,23,260.9000244140625,20.341007232666016,0.40584269165992737
qwen2_5_0_5b_base,birth_place:17,birth_place,raw_question,0,4.808897495269775,0.44263264536857605,0.136142298579216
qwen2_5_0_5b_base,birth_place:17,birth_place,raw_question,1,8.434202194213867,3.0748887062072754,0.17061014473438263
qwen2_5_0_5b_base,birth_place:17,birth_place,raw_question,2,7.891564846038818,1.6955012083053589,0.16980905830860138
qwen2_5_0_5b_base,birth_place:17,birth_place,raw_question,3,9.416557312011719,1.7025707960128784,0.18273764848709106
qwen2_5_0_5b_base,birth_place:17,birth_place,raw_question,4,10.856677055358887,2.6854076385498047,0.2082841992378235
qwen2_5_0_5b_base,birth_place:17,birth_place,raw_question,5,12.194053649902344,3.0510435104370117,0.21153706312179565
qwen2_5_0_5b_base,birth_place:17,birth_place,raw_question,6,13.136578559875488,2.25761342048645,0.22509436309337616
qwen2_5_0_5b_base,birth_place:17,birth_place,raw_question,7,14.555968284606934,2.5749526023864746,0.222096249461174
qwen2_5_0_5b_base,birth_place:17,birth_place,raw_question,8,15.103371620178223,3.635016441345215,0.20927250385284424
qwen2_5_0_5b_base,birth_place:17,birth_place,raw_question,9,16.395980834960938,2.889169454574585,0.20840191841125488
qwen2_5_0_5b_base,birth_place:17,birth_place,raw_question,10,15.80610466003418,3.7897441387176514,0.1980237513780594
qwen2_5_0_5b_base,birth_place:17,birth_place,raw_question,11,16.02106285095215,2.620781660079956,0.2073955237865448
qwen2_5_0_5b_base,birth_place:17,birth_place,raw_question,12,16.539337158203125,2.7777066230773926,0.20473246276378632
qwen2_5_0_5b_base,birth_place:17,birth_place,raw_question,13,17.814123153686523,3.001295328140259,0.20709452033042908
qwen2_5_0_5b_base,birth_place:17,birth_place,raw_question,14,18.227128982543945,3.695735216140747,0.22420190274715424
qwen2_5_0_5b_base,birth_place:17,birth_place,raw_question,15,19.51197052001953,3.294355630874634,0.24456647038459778
qwen2_5_0_5b_base,birth_place:17,birth_place,raw_question,16,22.790802001953125,1.0459015369415283,0.2774576246738434
qwen2_5_0_5b_base,birth_place:17,birth_place,raw_question,17,27.6829776763916,3.9232845306396484,0.2615302503108978
qwen2_5_0_5b_base,birth_place:17,birth_place,raw_question,18,31.30870819091797,2.020883321762085,0.26325881481170654
qwen2_5_0_5b_base,birth_place:17,birth_place,raw_question,19,35.04757308959961,5.642082214355469,0.2965722978115082
qwen2_5_0_5b_base,birth_place:17,birth_place,raw_question,20,49.702335357666016,9.199441909790039,0.29580745100975037
qwen2_5_0_5b_base,birth_place:17,birth_place,raw_question,21,70.62110900878906,13.34330940246582,0.2556750774383545
qwen2_5_0_5b_base,birth_place:17,birth_place,raw_question,22,76.12112426757812,6.466985702514648,0.2808293402194977
qwen2_5_0_5b_base,birth_place:17,birth_place,raw_question,23,285.6116638183594,15.919299125671387,0.36922428011894226
qwen2_5_0_5b_base,birth_place:17,birth_place,declarative,0,5.147735118865967,0.45915812253952026,0.13188619911670685
qwen2_5_0_5b_base,birth_place:17,birth_place,declarative,1,9.094090461730957,3.675412178039551,0.1955874264240265
qwen2_5_0_5b_base,birth_place:17,birth_place,declarative,2,10.192349433898926,3.241560697555542,0.23852543532848358
qwen2_5_0_5b_base,birth_place:17,birth_place,declarative,3,12.652678489685059,2.6267104148864746,0.22874487936496735
qwen2_5_0_5b_base,birth_place:17,birth_place,declarative,4,14.797622680664062,3.9750277996063232,0.22910378873348236
qwen2_5_0_5b_base,birth_place:17,birth_place,declarative,5,14.95351791381836,3.386220693588257,0.21951454877853394
qwen2_5_0_5b_base,birth_place:17,birth_place,declarative,6,16.023406982421875,2.91731858253479,0.23817385733127594
qwen2_5_0_5b_base,birth_place:17,birth_place,declarative,7,15.864484786987305,4.085975170135498,0.23106516897678375
qwen2_5_0_5b_base,birth_place:17,birth_place,declarative,8,15.87552261352539,4.4439473152160645,0.2210932970046997
qwen2_5_0_5b_base,birth_place:17,birth_place,declarative,9,16.50917625427246,2.527017831802368,0.20502515137195587
qwen2_5_0_5b_base,birth_place:17,birth_place,declarative,10,17.8692569732666,4.11644983291626,0.21608300507068634
qwen2_5_0_5b_base,birth_place:17,birth_place,declarative,11,16.78022575378418,2.96975040435791,0.22402815520763397
qwen2_5_0_5b_base,birth_place:17,birth_place,declarative,12,18.489614486694336,3.0610837936401367,0.21656906604766846
qwen2_5_0_5b_base,birth_place:17,birth_place,declarative,13,18.402753829956055,2.408421277999878,0.21548286080360413
qwen2_5_0_5b_base,birth_place:17,birth_place,declarative,14,19.549747467041016,5.979200839996338,0.23980088531970978
qwen2_5_0_5b_base,birth_place:17,birth_place,declarative,15,20.72351837158203,4.2247185707092285,0.25745096802711487
qwen2_5_0_5b_base,birth_place:17,birth_place,declarative,16,22.796968460083008,0.9118471145629883,0.2805076837539673
qwen2_5_0_5b_base,birth_place:17,birth_place,declarative,17,28.0353946685791,6.800182819366455,0.24957230687141418
qwen2_5_0_5b_base,birth_place:17,birth_place,declarative,18,33.28045654296875,3.2674546241760254,0.2555677592754364
qwen2_5_0_5b_base,birth_place:17,birth_place,declarative,19,36.9993896484375,4.294798851013184,0.28565239906311035
qwen2_5_0_5b_base,birth_place:17,birth_place,declarative,20,46.57012176513672,13.398452758789062,0.302468478679657
qwen2_5_0_5b_base,birth_place:17,birth_place,declarative,21,61.46216583251953,19.285112380981445,0.299398273229599
qwen2_5_0_5b_base,birth_place:17,birth_place,declarative,22,79.34115600585938,5.875332832336426,0.4048512578010559
qwen2_5_0_5b_base,birth_place:17,birth_place,declarative,23,275.6615295410156,11.714552879333496,0.421735018491745
qwen2_5_0_5b_base,birth_place:17,birth_place,qa,0,4.17123556137085,0.5560135245323181,0.14014312624931335
qwen2_5_0_5b_base,birth_place:17,birth_place,qa,1,6.909130096435547,2.845520257949829,0.17497602105140686
qwen2_5_0_5b_base,birth_place:17,birth_place,qa,2,8.901582717895508,2.4705569744110107,0.23359525203704834
qwen2_5_0_5b_base,birth_place:17,birth_place,qa,3,9.639869689941406,3.1669552326202393,0.2223530262708664
qwen2_5_0_5b_base,birth_place:17,birth_place,qa,4,10.457636833190918,2.624159336090088,0.2140282839536667
qwen2_5_0_5b_base,birth_place:17,birth_place,qa,5,11.013189315795898,3.3082258701324463,0.21207889914512634
qwen2_5_0_5b_base,birth_place:17,birth_place,qa,6,12.643847465515137,2.9281508922576904,0.2278020828962326
qwen2_5_0_5b_base,birth_place:17,birth_place,qa,7,12.496116638183594,2.7510929107666016,0.22326821088790894
qwen2_5_0_5b_base,birth_place:17,birth_place,qa,8,13.04080867767334,3.1342625617980957,0.201242133975029
qwen2_5_0_5b_base,birth_place:17,birth_place,qa,9,14.5767240524292,2.9501237869262695,0.21440058946609497
qwen2_5_0_5b_base,birth_place:17,birth_place,qa,10,13.682144165039062,3.347228527069092,0.20639093220233917
qwen2_5_0_5b_base,birth_place:17,birth_place,qa,11,15.34146785736084,2.5862038135528564,0.21878792345523834
qwen2_5_0_5b_base,birth_place:17,birth_place,qa,12,15.228743553161621,3.3419878482818604,0.2128600776195526
qwen2_5_0_5b_base,birth_place:17,birth_place,qa,13,16.135387420654297,2.8813319206237793,0.21745502948760986
qwen2_5_0_5b_base,birth_place:17,birth_place,qa,14,19.82257080078125,6.120407581329346,0.2436211258172989
qwen2_5_0_5b_base,birth_place:17,birth_place,qa,15,21.097604751586914,4.44261360168457,0.2585022747516632
qwen2_5_0_5b_base,birth_place:17,birth_place,qa,16,24.02169418334961,2.398409366607666,0.276205837726593
qwen2_5_0_5b_base,birth_place:17,birth_place,qa,17,29.700021743774414,5.683346271514893,0.25604763627052307
qwen2_5_0_5b_base,birth_place:17,birth_place,qa,18,33.81761932373047,4.160811424255371,0.24658489227294922
qwen2_5_0_5b_base,birth_place:17,birth_place,qa,19,38.45710754394531,4.9597954750061035,0.2875409424304962
qwen2_5_0_5b_base,birth_place:17,birth_place,qa,20,51.38853454589844,12.152588844299316,0.3055311143398285
qwen2_5_0_5b_base,birth_place:17,birth_place,qa,21,73.01422119140625,15.59400749206543,0.2762318551540375
qwen2_5_0_5b_base,birth_place:17,birth_place,qa,22,81.93102264404297,4.0031514167785645,0.3164488673210144
qwen2_5_0_5b_base,birth_place:17,birth_place,qa,23,303.654541015625,15.358213424682617,0.38761016726493835
qwen2_5_0_5b_base,birth_place:17,birth_place,chat_template,0,3.6177170276641846,0.5901468992233276,0.10478019714355469
qwen2_5_0_5b_base,birth_place:17,birth_place,chat_template,1,6.87831449508667,2.8705596923828125,0.16730546951293945
qwen2_5_0_5b_base,birth_place:17,birth_place,chat_template,2,7.3181986808776855,1.518453598022461,0.14848129451274872
qwen2_5_0_5b_base,birth_place:17,birth_place,chat_template,3,8.355746269226074,2.3395609855651855,0.16906926035881042
qwen2_5_0_5b_base,birth_place:17,birth_place,chat_template,4,9.570259094238281,2.9059462547302246,0.19382838904857635
qwen2_5_0_5b_base,birth_place:17,birth_place,chat_template,5,10.380777359008789,3.7602241039276123,0.2110251635313034
qwen2_5_0_5b_base,birth_place:17,birth_place,chat_template,6,11.606443405151367,3.0802063941955566,0.21709035336971283
qwen2_5_0_5b_base,birth_place:17,birth_place,chat_template,7,12.958976745605469,3.515772819519043,0.22160273790359497
qwen2_5_0_5b_base,birth_place:17,birth_place,chat_template,8,12.706365585327148,4.066122055053711,0.20301011204719543
qwen2_5_0_5b_base,birth_place:17,birth_place,chat_template,9,13.719354629516602,3.476184368133545,0.21161217987537384
qwen2_5_0_5b_base,birth_place:17,birth_place,chat_template,10,14.688613891601562,4.288750171661377,0.20899471640586853
qwen2_5_0_5b_base,birth_place:17,birth_place,chat_template,11,15.610115051269531,2.5496039390563965,0.22498281300067902
qwen2_5_0_5b_base,birth_place:17,birth_place,chat_template,12,15.400029182434082,3.740191698074341,0.22298310697078705
qwen2_5_0_5b_base,birth_place:17,birth_place,chat_template,13,16.243192672729492,2.7870681285858154,0.2231975644826889
qwen2_5_0_5b_base,birth_place:17,birth_place,chat_template,14,20.207080841064453,6.3890299797058105,0.25202780961990356
qwen2_5_0_5b_base,birth_place:17,birth_place,chat_template,15,21.164941787719727,5.05088472366333,0.2614026963710785
qwen2_5_0_5b_base,birth_place:17,birth_place,chat_template,16,23.529447555541992,3.8776750564575195,0.2941340506076813
qwen2_5_0_5b_base,birth_place:17,birth_place,chat_template,17,30.641931533813477,5.372158050537109,0.25649356842041016
qwen2_5_0_5b_base,birth_place:17,birth_place,chat_template,18,33.99296951293945,3.503209114074707,0.2492637187242508
qwen2_5_0_5b_base,birth_place:17,birth_place,chat_template,19,38.09267044067383,5.534926414489746,0.28424838185310364
qwen2_5_0_5b_base,birth_place:17,birth_place,chat_template,20,52.13399124145508,11.429509162902832,0.2983449697494507
qwen2_5_0_5b_base,birth_place:17,birth_place,chat_template,21,68.1465835571289,23.323225021362305,0.25621268153190613
qwen2_5_0_5b_base,birth_place:17,birth_place,chat_template,22,73.17516326904297,10.361245155334473,0.3246007561683655
qwen2_5_0_5b_base,birth_place:17,birth_place,chat_template,23,262.7697448730469,19.422122955322266,0.4095827043056488
