country,prompt,L0:N1765,L1:N283,L0:N1702,L0:N550,L1:N224,L6:N725,L1:N92,L0:N1216,L0:N392,L0:N1392,L0:N284,L0:N1707,L7:N991,L0:N174,L0:N1808,L0:N1453,L0:N1850,L0:N198,L0:N53,L15:N338,L0:N735,L17:N345,L1:N74,L4:N1784,L0:N87,L10:N1112,L10:N1189,L0:N1734,L0:N1746,L4:N1257,L2:N2035,L0:N393,L0:N907,L17:N1026,L0:N1236,L0:N1231,L0:N1406,L0:N1530,L0:N1527,L17:N2024,L0:N93,L14:N1499,L4:N990,L3:N735,L4:N6,L1:N87,L17:N1465,L15:N783,L17:N225,L4:N1807,L4:N1293,L4:N60,L0:N1373,L0:N1798,L17:N492,L7:N1405,L7:N1253,L0:N1717,L0:N1586,L4:N723,L0:N1601,L0:N1172,L6:N1548,L0:N1679,L0:N734,L8:N65,L15:N881,L17:N352,L17:N798,L7:N1061,L15:N633,L0:N1041,L0:N1589,L0:N335,L1:N1556,L6:N1453,L1:N923,L0:N1078,L10:N1015,L0:N1165,L0:N141,L1:N208,L0:N1362,L0:N1478,L0:N1474,L17:N1402,L1:N1001,L0:N193,L4:N1097,L0:N823,L2:N1950,L0:N1848,L0:N1501,L14:N490,L0:N371,L0:N1407,L0:N604,L3:N513,L1:N858,L15:N713,L17:N1693,L7:N345,L0:N1336,L11:N2011,L7:N1228,L0:N1237,L11:N605,L0:N1269,L11:N1515,L6:N410,L1:N1793,L0:N644,L0:N1311,L7:N1440,L0:N1802,L6:N1490,L6:N1518,L0:N898,L0:N1354,L0:N2,L0:N1138,L16:N1682,L0:N149,L0:N1182,L0:N332,L0:N1516,L6:N1666,L1:N1332
Afghanistan,What is the capital of Afghanistan?,7.90625,5.40625,5.3125,3.96875,3.671875,3.390625,3.5625,3.328125,3.328125,3.25,3.234375,3.203125,3.40625,3.15625,3.125,3.0625,2.984375,2.890625,2.859375,2.859375,2.75,2.71875,2.71875,2.78125,2.6875,2.65625,2.671875,2.640625,2.625,2.65625,2.53125,2.546875,2.546875,2.59375,2.515625,2.484375,2.515625,2.453125,2.453125,2.515625,2.453125,2.5,2.421875,2.375,2.34375,2.375,2.40625,2.46875,2.375,2.40625,2.0625,2.40625,2.28125,2.234375,2.28125,2.328125,2.21875,2.21875,2.203125,2.34375,2.203125,2.21875,2.1875,2.140625,2.171875,2.140625,2.15625,2.09375,2.15625,2.203125,2.1875,2.109375,2.109375,2.109375,2.09375,2.09375,2.0625,2.0625,2.046875,2.046875,2.015625,2.046875,1.9921875,2.0,2.078125,2.0625,2.0625,2.015625,2.046875,1.96875,1.9921875,1.96875,1.9921875,1.953125,1.96875,1.9296875,1.9375,1.90625,1.9296875,1.9140625,1.9921875,1.9453125,1.90625,1.953125,1.8203125,1.90625,1.9140625,1.8828125,1.8828125,1.828125,1.921875,1.84375,1.8671875,1.921875,1.84375,1.9375,1.828125,1.828125,1.828125,1.828125,1.8125,1.78125,1.7734375,1.765625,1.7734375,1.7578125,1.6484375,1.7578125
Albania,What is the capital of Albania?,7.9375,5.40625,5.28125,3.96875,3.671875,3.65625,3.53125,3.375,3.3125,3.265625,3.234375,3.203125,3.203125,3.15625,3.109375,3.046875,2.984375,2.921875,2.828125,2.765625,2.75,2.609375,2.671875,2.71875,2.703125,2.6875,2.609375,2.625,2.625,2.546875,2.5625,2.546875,2.5625,2.46875,2.515625,2.5,2.515625,2.484375,2.46875,2.40625,2.4375,2.375,2.34375,2.40625,2.390625,2.390625,2.328125,2.3125,2.25,2.375,2.53125,2.390625,2.3125,2.25,2.234375,2.265625,2.265625,2.234375,2.21875,2.5625,2.1875,2.234375,2.203125,2.140625,2.140625,2.171875,2.109375,2.25,2.078125,2.09375,2.109375,2.109375,2.125,2.109375,2.078125,2.234375,2.09375,2.078125,2.078125,2.078125,2.015625,1.96875,2.0,2.015625,2.046875,1.953125,1.90625,2.0,2.0,2.0,2.0,1.96875,2.0,1.9375,1.96875,1.9453125,1.953125,1.875,1.9375,1.8984375,1.8828125,2.0,1.9140625,1.9140625,1.9453125,1.8984375,1.8515625,1.875,1.84375,1.8671875,1.6953125,1.859375,1.875,1.953125,1.8671875,1.7421875,1.8515625,1.8203125,1.8125,1.8203125,1.8046875,1.8125,1.7578125,1.7734375,1.75,1.7734375,2.0625,1.765625
Algeria,What is the capital of Algeria?,7.96875,5.40625,5.34375,4.03125,3.671875,3.765625,3.578125,3.375,3.34375,3.25,3.25,3.21875,3.21875,3.171875,3.140625,3.078125,3.015625,2.890625,2.796875,2.859375,2.6875,2.6875,2.71875,2.796875,2.65625,2.640625,2.609375,2.65625,2.609375,2.625,2.546875,2.578125,2.53125,2.484375,2.515625,2.5,2.53125,2.53125,2.453125,2.390625,2.453125,2.40625,2.4375,2.390625,2.40625,2.375,2.40625,2.34375,2.34375,2.359375,2.390625,2.421875,2.25,2.25,2.203125,2.25,2.28125,2.203125,2.21875,2.0625,2.234375,2.203125,2.1875,2.15625,2.171875,2.171875,2.109375,2.15625,2.09375,2.234375,2.0,2.109375,2.125,2.125,2.125,2.140625,2.078125,2.0625,2.0625,2.078125,2.0625,2.046875,2.0,2.046875,2.09375,1.953125,2.0625,2.0,2.0,1.96875,1.9921875,1.9140625,2.0,1.9375,1.96875,1.9921875,1.9453125,1.8984375,1.9296875,1.875,1.8828125,1.90625,1.9140625,1.8671875,1.953125,1.8671875,1.8828125,1.8671875,1.8125,1.8515625,1.9375,1.8125,1.8359375,1.8046875,1.8515625,1.7109375,1.828125,1.84375,1.8125,1.828125,1.828125,1.78125,1.7890625,1.7890625,1.78125,1.8203125,1.859375,1.765625
Andorra,What is the capital of Andorra?,7.9375,5.40625,5.3125,3.953125,3.671875,3.0625,3.546875,3.359375,3.296875,3.28125,3.21875,3.1875,3.0625,3.15625,3.109375,3.0625,2.96875,2.890625,2.796875,2.703125,2.765625,2.765625,2.6875,2.671875,2.6875,2.671875,2.640625,2.640625,2.625,2.453125,2.5625,2.53125,2.546875,2.5625,2.515625,2.484375,2.5,2.484375,2.453125,2.53125,2.4375,2.453125,2.234375,2.359375,2.40625,2.40625,2.25,2.828125,2.265625,2.203125,2.3125,2.375,2.28125,2.234375,2.28125,2.265625,2.390625,2.21875,2.1875,1.75,2.203125,2.234375,2.203125,2.15625,2.15625,2.171875,2.15625,2.078125,2.15625,1.953125,2.265625,2.109375,2.109375,2.109375,2.078125,2.09375,2.078125,2.0625,2.046875,2.078125,2.046875,2.046875,2.046875,2.0,2.0625,1.9921875,2.046875,2.0,2.0625,2.015625,1.96875,1.96875,1.9921875,1.9375,1.96875,1.953125,1.9296875,1.96875,1.921875,2.0,1.9453125,1.9921875,1.90625,1.953125,1.8515625,1.8984375,1.875,1.875,1.8828125,1.875,1.8203125,1.84375,1.859375,2.125,1.84375,2.0,1.7265625,1.828125,1.7890625,1.8046875,1.8125,1.75,1.7734375,1.78125,1.765625,1.7890625,1.8125,1.765625
Angola,What is the capital of Angola?,7.90625,5.40625,5.3125,3.984375,3.6875,3.5,3.5625,3.328125,3.3125,3.265625,3.21875,3.1875,3.140625,3.140625,3.125,3.0625,2.96875,2.9375,2.8125,2.9375,2.71875,2.671875,2.75,2.90625,2.671875,2.703125,2.640625,2.640625,2.625,2.625,2.578125,2.546875,2.53125,2.5,2.515625,2.515625,2.484375,2.46875,2.46875,2.390625,2.4375,2.46875,2.484375,2.40625,2.453125,2.375,2.265625,2.484375,2.359375,2.3125,2.390625,2.171875,2.265625,2.265625,2.21875,2.28125,2.265625,2.21875,2.21875,1.78125,2.21875,2.21875,2.203125,2.15625,2.140625,2.140625,2.171875,1.9921875,2.109375,2.15625,2.203125,2.109375,2.09375,2.078125,2.09375,2.109375,2.078125,2.0625,2.0625,2.0625,2.046875,2.046875,2.0625,2.078125,2.046875,1.96875,2.046875,2.0,2.0,2.015625,1.9921875,1.9296875,1.9921875,1.9921875,1.96875,1.953125,1.9375,1.9921875,1.9375,1.9453125,1.8828125,1.8828125,1.9140625,1.9453125,1.9375,1.875,1.8984375,1.8671875,1.8828125,1.859375,1.953125,1.8359375,1.8515625,2.015625,1.84375,1.828125,1.8203125,1.8203125,1.8125,1.828125,1.8359375,1.765625,1.8125,1.7890625,1.7734375,1.8046875,1.7578125,1.765625
Antigua and Barbuda,What is the capital of Antigua and Barbuda?,7.65625,5.46875,5.25,3.875,3.703125,2.859375,3.453125,3.21875,3.125,3.15625,3.0625,3.15625,2.75,3.015625,3.125,3.0625,2.8125,2.625,2.640625,2.90625,2.71875,2.71875,2.640625,2.1875,2.609375,2.640625,2.5625,2.625,2.578125,2.640625,2.625,2.3125,2.46875,2.5,2.46875,2.4375,2.1875,2.40625,2.40625,2.5,2.421875,2.5,2.0625,2.421875,2.15625,2.484375,2.421875,2.4375,2.421875,2.40625,1.9453125,2.046875,2.171875,2.265625,2.25,2.125,2.21875,2.1875,2.140625,1.765625,2.234375,2.125,2.171875,2.40625,2.140625,2.078125,2.140625,2.109375,2.171875,2.125,2.21875,2.125,1.921875,2.0625,2.109375,2.09375,2.125,2.0,2.046875,2.09375,2.078125,2.078125,2.0,1.8046875,1.96875,2.015625,2.015625,1.9140625,1.9375,1.8984375,2.0,2.0,1.671875,1.9375,1.8203125,1.828125,1.8828125,2.078125,1.9375,1.9375,1.921875,1.7578125,1.828125,1.8671875,1.765625,1.765625,1.9375,1.75,1.90625,1.875,1.65625,1.6484375,1.546875,1.5703125,1.7421875,1.96875,1.9375,1.78125,1.7109375,1.8046875,1.609375,1.8046875,1.84375,1.7890625,1.8046875,1.6015625,1.609375,1.7578125
Argentina,What is the capital of Argentina?,7.90625,5.40625,5.28125,3.953125,3.6875,3.390625,3.546875,3.359375,3.296875,3.28125,3.21875,3.1875,3.296875,3.140625,3.109375,3.046875,2.96875,2.875,2.796875,2.828125,2.75,2.765625,2.71875,2.6875,2.671875,2.6875,2.59375,2.640625,2.625,2.53125,2.5,2.5625,2.515625,2.515625,2.5,2.5,2.46875,2.46875,2.484375,2.40625,2.453125,2.421875,2.3125,2.390625,2.359375,2.375,2.46875,2.28125,2.375,2.125,2.140625,2.375,2.265625,2.25,2.25,2.21875,2.234375,2.21875,2.203125,1.6015625,2.203125,2.21875,2.1875,2.15625,2.125,2.15625,2.140625,2.078125,2.125,2.09375,2.140625,2.140625,2.109375,2.109375,2.09375,2.09375,2.09375,2.046875,2.015625,2.0625,2.046875,2.0625,2.015625,2.015625,2.0,2.0,2.078125,1.9921875,2.109375,2.0,1.953125,1.953125,1.9921875,1.96875,1.953125,1.9453125,1.96875,1.8671875,1.953125,1.9296875,1.9453125,1.96875,1.9296875,1.8828125,1.84375,1.875,1.9140625,1.8515625,1.875,1.8515625,1.90625,1.828125,1.8671875,1.671875,1.828125,1.9921875,1.7734375,1.828125,1.7890625,1.8203125,1.7734375,1.8046875,1.78125,1.765625,1.765625,1.765625,1.7890625,1.7734375
Armenia,What is the capital of Armenia?,7.96875,5.4375,5.34375,3.984375,3.640625,3.765625,3.53125,3.296875,3.328125,3.25,3.234375,3.21875,3.25,3.171875,3.15625,3.078125,3.015625,2.90625,2.828125,2.71875,2.703125,2.75,2.6875,2.984375,2.65625,2.65625,2.59375,2.671875,2.640625,2.65625,2.546875,2.546875,2.46875,2.546875,2.5,2.484375,2.46875,2.453125,2.484375,2.46875,2.46875,2.46875,2.4375,2.421875,2.40625,2.390625,2.421875,2.15625,2.21875,2.28125,2.265625,2.5,2.265625,2.265625,2.25,2.28125,2.234375,2.1875,2.171875,2.265625,2.234375,2.1875,2.1875,2.171875,2.15625,2.1875,2.109375,2.265625,2.140625,2.109375,2.0,2.109375,2.09375,2.109375,2.09375,2.0625,2.09375,2.078125,2.078125,2.0625,2.078125,1.96875,2.0,1.9921875,2.0625,2.015625,1.9921875,1.9921875,2.015625,1.953125,2.0,1.9375,1.9921875,2.0,1.9296875,1.9140625,1.9375,1.875,1.9375,1.8828125,1.90625,2.0625,1.921875,1.8828125,1.9921875,1.8671875,1.8515625,1.859375,1.8125,1.859375,1.7734375,1.7890625,1.8671875,1.9296875,1.8359375,1.78125,1.8203125,1.8671875,1.8125,1.8359375,1.8125,1.8359375,1.8125,1.7734375,1.7890625,1.7890625,1.734375,1.8203125
Australia,What is the capital of Australia?,7.90625,5.34375,5.3125,3.984375,3.640625,3.765625,3.546875,3.40625,3.359375,3.28125,3.265625,3.203125,3.15625,3.140625,3.125,3.0625,2.96875,2.90625,2.828125,2.640625,2.765625,2.75,2.703125,2.390625,2.75,2.6875,2.578125,2.65625,2.609375,2.515625,2.546875,2.5625,2.5625,2.515625,2.53125,2.5,2.546875,2.46875,2.4375,2.4375,2.453125,2.328125,2.40625,2.40625,2.328125,2.34375,2.375,2.046875,2.328125,2.3125,2.40625,2.09375,2.3125,2.28125,2.21875,2.21875,2.25,2.25,2.234375,2.125,2.203125,2.234375,2.171875,2.171875,2.1875,2.171875,2.078125,1.953125,2.125,2.09375,2.015625,2.109375,2.140625,2.109375,2.09375,2.09375,2.046875,2.09375,2.078125,2.0625,2.0625,2.078125,2.046875,2.078125,2.0,1.9921875,2.0625,2.046875,1.9375,2.015625,1.96875,1.9921875,1.96875,1.921875,2.0,1.953125,1.9453125,1.8984375,1.9296875,1.8515625,1.9453125,1.90625,1.9296875,1.859375,1.9453125,1.9375,1.9140625,1.8984375,1.8984375,1.875,1.875,1.90625,1.8828125,1.5390625,1.828125,1.953125,1.859375,1.8125,1.859375,1.8203125,1.8203125,1.84375,1.7734375,1.7890625,1.7890625,1.7734375,1.703125,1.7421875
Austria,What is the capital of Austria?,7.96875,5.40625,5.34375,4.0,3.671875,3.484375,3.5625,3.421875,3.34375,3.296875,3.25,3.21875,3.296875,3.171875,3.140625,3.078125,2.984375,2.921875,2.84375,2.625,2.78125,2.78125,2.71875,2.640625,2.71875,2.671875,2.671875,2.65625,2.625,2.40625,2.53125,2.5625,2.5625,2.59375,2.546875,2.515625,2.5625,2.484375,2.453125,2.46875,2.46875,2.53125,2.484375,2.40625,2.375,2.375,2.34375,2.359375,2.34375,2.15625,2.484375,2.484375,2.3125,2.265625,2.3125,2.21875,2.28125,2.25,2.234375,1.8828125,2.21875,2.234375,2.1875,2.1875,2.1875,2.140625,2.140625,2.203125,2.21875,2.015625,2.046875,2.140625,2.140625,2.109375,2.109375,2.140625,2.0625,2.078125,2.078125,2.0625,2.0625,2.0625,2.046875,2.046875,2.0625,2.015625,2.0625,2.046875,2.015625,2.015625,1.96875,1.9921875,1.9921875,1.9921875,1.9921875,1.96875,1.9453125,1.859375,1.9296875,1.9296875,1.9296875,1.9296875,1.9296875,1.96875,1.875,1.9296875,1.8984375,1.9140625,1.8984375,1.859375,1.90625,1.90625,1.8828125,2.015625,1.859375,2.0,1.7734375,1.8203125,1.8359375,1.8203125,1.859375,1.78125,1.7890625,1.7890625,1.7890625,1.7890625,1.921875,1.7578125
Azerbaijan,What is the capital of Azerbaijan?,7.96875,5.4375,5.34375,4.0,3.671875,3.953125,3.546875,3.390625,3.34375,3.28125,3.25,3.203125,3.3125,3.171875,3.140625,3.078125,3.0,2.90625,2.859375,2.75,2.765625,2.71875,2.703125,2.90625,2.703125,2.65625,2.65625,2.671875,2.640625,2.546875,2.515625,2.5625,2.546875,2.578125,2.53125,2.515625,2.53125,2.46875,2.453125,2.453125,2.46875,2.421875,2.5,2.421875,2.375,2.359375,2.34375,2.0625,2.28125,2.28125,2.25,2.390625,2.28125,2.265625,2.265625,2.25,2.25,2.234375,2.234375,2.25,2.21875,2.203125,2.171875,2.1875,2.1875,2.1875,2.109375,2.1875,2.140625,2.15625,2.0625,2.125,2.125,2.09375,2.09375,2.15625,2.078125,2.078125,2.0625,2.0625,2.078125,1.9921875,2.015625,2.046875,2.046875,2.015625,1.9921875,2.015625,1.96875,2.0,1.96875,1.953125,1.9921875,1.9921875,1.96875,1.953125,1.9453125,1.84375,1.921875,1.875,1.8984375,1.96875,1.921875,1.90625,2.046875,1.921875,1.8671875,1.90625,1.84375,1.8671875,1.828125,1.8828125,1.8828125,1.859375,1.8671875,1.7265625,1.875,1.828125,1.8359375,1.828125,1.859375,1.8203125,1.7890625,1.8046875,1.7890625,1.7890625,1.8203125,1.7890625
Bahamas,What is the capital of Bahamas?,7.90625,5.40625,5.28125,3.96875,3.671875,3.5,3.5625,3.359375,3.359375,3.28125,3.25,3.1875,3.109375,3.140625,3.125,3.046875,2.96875,2.921875,2.8125,2.921875,2.75,2.71875,2.75,2.59375,2.703125,2.6875,2.796875,2.640625,2.625,2.546875,2.546875,2.546875,2.5625,2.53125,2.515625,2.5,2.5,2.484375,2.453125,2.46875,2.453125,2.484375,2.46875,2.390625,2.40625,2.375,2.515625,2.390625,2.5625,2.125,2.421875,2.5,2.28125,2.28125,2.328125,2.265625,2.171875,2.25,2.234375,1.7578125,2.203125,2.21875,2.171875,2.15625,2.1875,2.140625,2.1875,2.046875,2.171875,2.078125,2.328125,2.125,2.109375,2.109375,2.109375,2.0,2.078125,2.078125,2.078125,2.0625,2.046875,2.078125,2.046875,2.046875,1.9921875,2.0625,2.0625,1.9921875,2.0,2.0,1.9921875,2.0,1.9921875,2.0,1.96875,1.9453125,1.9453125,1.90625,1.9453125,1.9921875,1.9375,1.9921875,1.921875,1.9921875,1.96875,1.921875,1.9375,1.875,1.9375,1.875,1.9375,1.859375,1.8828125,1.953125,1.84375,1.9921875,1.78125,1.8125,1.8125,1.828125,1.8125,1.7734375,1.8046875,1.7890625,1.7734375,1.78125,1.765625,1.75
Bahrain,What is the capital of Bahrain?,7.9375,5.46875,5.28125,3.984375,3.703125,3.4375,3.5625,3.375,3.328125,3.25,3.265625,3.1875,3.21875,3.140625,3.09375,3.046875,3.0,2.921875,2.8125,2.71875,2.71875,2.796875,2.75,2.703125,2.703125,2.640625,2.6875,2.625,2.625,2.765625,2.5625,2.53125,2.546875,2.546875,2.515625,2.484375,2.53125,2.5,2.453125,2.46875,2.4375,2.515625,2.453125,2.40625,2.390625,2.390625,2.359375,2.359375,2.390625,2.375,2.0625,2.625,2.28125,2.28125,2.3125,2.234375,2.28125,2.21875,2.21875,1.921875,2.1875,2.21875,2.171875,2.140625,2.15625,2.15625,2.1875,2.078125,2.15625,2.140625,2.109375,2.109375,2.125,2.109375,2.109375,2.15625,2.078125,2.078125,1.9921875,2.046875,2.015625,2.078125,2.0,2.046875,2.015625,2.078125,2.09375,1.9921875,1.953125,2.0,1.9921875,1.953125,2.0,2.0,1.96875,1.921875,1.9453125,1.8828125,1.9453125,2.0,1.953125,1.84375,1.90625,1.96875,1.7578125,1.90625,1.859375,1.859375,1.8828125,1.8671875,1.8671875,1.84375,1.8828125,2.109375,1.875,1.90625,1.8046875,1.8203125,1.8203125,1.828125,1.8125,1.734375,1.765625,1.78125,1.7421875,1.7734375,1.6640625,1.7890625
Bangladesh,What is the capital of Bangladesh?,7.96875,5.40625,5.34375,4.0,3.6875,3.8125,3.546875,3.40625,3.359375,3.296875,3.28125,3.203125,3.140625,3.15625,3.140625,3.078125,2.984375,2.90625,2.859375,2.859375,2.765625,2.75,2.75,2.8125,2.71875,2.65625,2.65625,2.65625,2.625,2.75,2.546875,2.578125,2.578125,2.515625,2.546875,2.515625,2.5625,2.46875,2.453125,2.484375,2.46875,2.375,2.328125,2.4375,2.359375,2.375,2.390625,2.28125,2.390625,2.515625,2.09375,2.234375,2.3125,2.28125,2.28125,2.28125,2.078125,2.25,2.25,2.484375,2.21875,2.234375,2.171875,2.1875,2.1875,2.15625,2.15625,2.0,2.125,2.203125,2.140625,2.109375,2.140625,2.109375,2.09375,2.078125,2.0625,2.09375,2.046875,2.0625,2.078125,2.0625,2.046875,2.0625,2.015625,2.0625,2.0625,2.015625,2.015625,2.015625,1.9921875,1.96875,2.0,1.953125,2.0,1.96875,1.953125,1.9921875,1.9375,1.9140625,1.96875,1.921875,1.9296875,1.9375,1.8828125,1.9375,1.8828125,1.90625,1.84375,1.8515625,1.875,1.8984375,1.8828125,1.46875,1.8671875,1.828125,1.8203125,1.828125,1.859375,1.84375,1.859375,1.7734375,1.78125,1.8125,1.78125,1.7890625,1.9296875,1.78125
Barbados,What is the capital of Barbados?,7.875,5.375,5.28125,3.96875,3.65625,3.671875,3.515625,3.375,3.34375,3.265625,3.25,3.1875,3.109375,3.140625,3.109375,3.046875,2.9375,2.875,2.8125,2.890625,2.765625,2.765625,2.71875,2.6875,2.703125,2.671875,2.671875,2.625,2.625,2.59375,2.53125,2.5625,2.546875,2.546875,2.515625,2.484375,2.515625,2.453125,2.453125,2.484375,2.4375,2.609375,2.515625,2.40625,2.390625,2.359375,2.4375,2.53125,2.390625,2.375,2.21875,2.359375,2.265625,2.265625,2.3125,2.25,2.40625,2.234375,2.21875,2.28125,2.203125,2.234375,2.15625,2.15625,2.15625,2.125,2.1875,2.0625,2.21875,2.1875,2.1875,2.125,2.125,2.09375,2.078125,2.09375,2.046875,2.078125,2.0625,2.046875,2.046875,2.078125,2.015625,2.046875,1.9921875,2.09375,2.015625,1.9921875,1.9921875,2.0,1.9921875,1.9921875,1.9921875,1.9921875,1.9921875,1.9375,1.9296875,1.921875,1.953125,1.9921875,1.9453125,1.84375,1.9140625,1.8984375,1.96875,1.921875,1.8515625,1.8671875,1.8359375,1.875,1.78125,1.8671875,1.84375,2.1875,1.859375,1.6171875,1.8046875,1.8125,1.8125,1.8203125,1.8125,1.828125,1.78125,1.78125,1.765625,1.7734375,1.765625,1.765625
Belarus,What is the capital of Belarus?,7.96875,5.40625,5.34375,3.984375,3.671875,3.3125,3.5625,3.359375,3.34375,3.265625,3.234375,3.203125,3.296875,3.171875,3.125,3.078125,2.984375,2.90625,2.859375,2.9375,2.75,2.71875,2.6875,2.875,2.703125,2.671875,2.6875,2.65625,2.625,2.671875,2.515625,2.5625,2.5625,2.515625,2.53125,2.5,2.5,2.453125,2.46875,2.453125,2.453125,2.453125,2.546875,2.40625,2.40625,2.375,2.265625,2.328125,2.265625,2.25,2.3125,2.4375,2.28125,2.265625,2.25,2.203125,2.15625,2.25,2.21875,2.234375,2.21875,2.21875,2.25,2.171875,2.171875,2.140625,2.140625,2.109375,2.15625,2.09375,2.15625,2.109375,2.125,2.109375,2.09375,2.171875,2.09375,2.078125,2.078125,2.078125,2.046875,2.015625,2.046875,2.015625,2.0625,2.046875,2.0,2.015625,2.109375,2.0,2.0,1.96875,1.9921875,2.015625,1.96875,1.9375,1.953125,1.96875,1.9296875,1.9375,1.921875,1.9296875,1.8984375,1.9296875,1.8359375,1.8828125,1.8671875,1.8828125,1.8515625,1.8671875,1.8359375,1.8515625,1.8984375,1.875,1.859375,1.953125,1.8046875,1.8203125,1.8359375,1.828125,1.828125,1.8125,1.78125,1.78125,1.7734375,1.7890625,1.7265625,1.7890625
Belgium,What is the capital of Belgium?,7.9375,5.375,5.3125,3.96875,3.671875,3.4375,3.5625,3.34375,3.328125,3.265625,3.234375,3.1875,3.203125,3.171875,3.125,3.0625,3.0,2.890625,2.828125,2.78125,2.75,2.6875,2.71875,2.5625,2.6875,2.6875,2.640625,2.640625,2.625,2.65625,2.5625,2.5625,2.53125,2.46875,2.5,2.5,2.5,2.5,2.453125,2.40625,2.4375,2.3125,2.375,2.421875,2.28125,2.375,2.328125,2.140625,2.359375,2.265625,2.28125,2.3125,2.265625,2.25,2.1875,2.203125,2.328125,2.21875,2.21875,2.234375,2.21875,2.25,2.171875,2.15625,2.171875,2.140625,2.109375,2.1875,2.15625,2.015625,1.9921875,2.125,2.125,2.109375,2.109375,2.125,2.078125,2.0625,2.078125,2.046875,2.0625,2.046875,2.015625,2.0,2.09375,1.96875,2.015625,2.0,1.953125,1.96875,1.96875,1.9921875,2.0,1.9296875,1.953125,1.9375,1.9296875,1.9140625,1.9453125,1.8515625,1.859375,1.828125,1.8984375,1.8984375,1.96875,1.90625,1.859375,1.875,1.84375,1.8359375,1.8828125,1.8359375,1.8359375,1.78125,1.84375,1.8359375,1.7734375,1.828125,1.8046875,1.8203125,1.84375,1.7890625,1.7890625,1.7734375,1.7734375,1.7890625,1.859375,1.7578125
Belize,What is the capital of Belize?,7.9375,5.375,5.34375,4.0,3.640625,3.796875,3.53125,3.40625,3.375,3.296875,3.28125,3.203125,2.953125,3.15625,3.140625,3.078125,2.96875,2.921875,2.84375,2.828125,2.765625,2.796875,2.71875,2.75,2.75,2.6875,2.71875,2.65625,2.625,2.65625,2.5625,2.5625,2.578125,2.515625,2.546875,2.515625,2.5625,2.46875,2.4375,2.515625,2.46875,2.59375,2.484375,2.421875,2.421875,2.34375,2.28125,2.5,2.3125,2.4375,2.25,2.328125,2.3125,2.28125,2.28125,2.21875,2.328125,2.265625,2.25,2.25,2.21875,2.234375,2.15625,2.1875,2.21875,2.15625,2.15625,2.109375,2.203125,2.09375,2.25,2.125,2.140625,2.125,2.09375,2.0625,2.0625,2.09375,2.109375,2.078125,2.0625,2.0625,2.046875,2.046875,2.015625,2.078125,2.015625,2.046875,1.9296875,2.015625,1.9921875,2.0,1.9921875,1.9921875,2.0,1.953125,1.953125,1.9453125,1.9375,1.96875,1.9375,1.8984375,1.921875,1.9140625,1.953125,1.9375,1.875,1.8828125,1.8828125,1.859375,1.8984375,1.8984375,1.875,1.8359375,1.859375,1.734375,1.7734375,1.8203125,1.8515625,1.8203125,1.8203125,1.8359375,1.78125,1.8125,1.7890625,1.7890625,1.703125,1.75
Benin,What is the capital of Benin?,7.9375,5.3125,5.3125,4.0,3.65625,3.5,3.53125,3.328125,3.296875,3.265625,3.21875,3.203125,3.1875,3.140625,3.125,3.0625,2.984375,2.90625,2.8125,2.875,2.71875,2.71875,2.703125,2.84375,2.65625,2.75,2.75,2.640625,2.609375,2.609375,2.515625,2.53125,2.53125,2.59375,2.5,2.5,2.5,2.46875,2.4375,2.453125,2.4375,2.671875,2.53125,2.4375,2.421875,2.328125,2.28125,2.65625,2.265625,2.09375,2.34375,2.25,2.265625,2.25,2.25,2.28125,2.359375,2.21875,2.203125,1.921875,2.21875,2.21875,2.1875,2.15625,2.1875,2.125,2.15625,2.21875,2.140625,2.265625,2.21875,2.109375,2.09375,2.078125,2.109375,2.078125,2.0625,2.078125,2.046875,2.0625,2.046875,2.046875,2.015625,2.0625,2.0625,2.015625,1.8984375,2.015625,2.0,2.0,1.9921875,1.9453125,1.9921875,2.09375,1.953125,1.9453125,1.9375,2.078125,1.9140625,2.015625,1.921875,2.046875,1.8828125,1.9140625,2.0,1.8984375,1.859375,1.859375,1.9375,1.90625,1.765625,1.828125,1.84375,2.359375,1.8359375,1.828125,1.75,1.8359375,1.8515625,1.8203125,1.7578125,1.7421875,1.8125,1.78125,1.7734375,1.7734375,1.7109375,1.7890625
Bhutan,What is the capital of Bhutan?,7.875,5.40625,5.3125,3.96875,3.6875,3.65625,3.515625,3.34375,3.296875,3.265625,3.21875,3.171875,3.171875,3.125,3.109375,3.046875,2.953125,2.890625,2.84375,2.796875,2.75,2.875,2.71875,3.203125,2.6875,2.671875,2.6875,2.640625,2.625,2.5625,2.515625,2.53125,2.53125,2.59375,2.515625,2.5,2.484375,2.453125,2.453125,2.59375,2.4375,2.46875,2.46875,2.390625,2.4375,2.375,2.21875,2.609375,2.09375,2.453125,2.3125,2.328125,2.28125,2.265625,2.34375,2.3125,2.125,2.234375,2.21875,2.5625,2.203125,2.21875,2.1875,2.15625,2.171875,2.1875,2.171875,1.9140625,2.171875,2.078125,2.328125,2.109375,2.109375,2.09375,2.0625,2.015625,2.0625,2.078125,2.046875,2.046875,2.046875,2.046875,2.046875,2.0625,2.0,2.125,2.078125,1.9921875,2.078125,2.046875,1.96875,1.96875,1.9921875,1.953125,1.96875,1.9375,1.953125,1.875,1.921875,1.96875,2.015625,1.953125,1.90625,1.953125,1.8515625,1.9140625,1.859375,1.8828125,1.8984375,1.8671875,1.8203125,1.8671875,1.859375,1.828125,1.8125,1.7734375,1.8203125,1.8125,1.828125,1.828125,1.8046875,1.78125,1.7734375,1.7890625,1.7734375,1.7734375,1.8203125,1.78125
Bolivia,What is the capital of Bolivia?,7.875,5.40625,5.28125,3.96875,3.6875,3.671875,3.546875,3.328125,3.296875,3.265625,3.203125,3.171875,3.234375,3.125,3.109375,3.046875,2.96875,2.890625,2.8125,2.84375,2.75,2.765625,2.71875,2.71875,2.6875,2.65625,2.625,2.640625,2.625,2.53125,2.546875,2.546875,2.5,2.5,2.53125,2.484375,2.5,2.46875,2.453125,2.421875,2.4375,2.484375,2.5,2.40625,2.40625,2.390625,2.203125,2.453125,2.3125,2.46875,2.359375,2.109375,2.265625,2.21875,2.25,2.15625,2.25,2.234375,2.1875,2.375,2.203125,2.234375,2.171875,2.140625,2.109375,2.109375,2.15625,2.015625,2.140625,2.140625,2.171875,2.125,2.109375,2.078125,2.09375,2.125,2.09375,2.0625,2.0625,2.0625,2.046875,2.0,2.046875,2.140625,2.046875,1.9921875,2.0625,1.9921875,1.96875,2.046875,1.9921875,1.953125,1.96875,1.953125,1.96875,1.953125,1.953125,1.8828125,1.9375,1.8984375,1.9296875,1.8046875,1.90625,1.875,1.9375,1.8984375,1.8984375,1.859375,1.8515625,1.8515625,1.921875,1.8515625,1.8671875,2.015625,1.8359375,1.7578125,1.8125,1.8046875,1.8125,1.8046875,1.7890625,1.828125,1.7890625,1.7890625,1.765625,1.8046875,1.90625,1.78125
Bosnia and Herzegovina,What is the capital of Bosnia and Herzegovina?,7.78125,5.4375,5.34375,3.984375,3.65625,3.03125,3.53125,3.328125,3.140625,3.234375,3.09375,3.15625,2.90625,3.03125,3.15625,3.09375,2.921875,2.65625,2.796875,2.875,2.796875,2.71875,2.6875,2.0,2.75,2.578125,2.640625,2.65625,2.625,2.578125,2.671875,2.390625,2.546875,2.578125,2.515625,2.515625,2.390625,2.4375,2.421875,2.5,2.4375,2.28125,2.359375,2.421875,2.359375,2.46875,2.25,2.5,2.28125,2.15625,1.625,2.21875,2.203125,2.25,2.265625,2.1875,2.28125,2.21875,2.1875,1.484375,2.25,2.21875,2.203125,2.390625,2.15625,2.109375,2.125,2.125,2.15625,2.09375,2.1875,2.125,2.046875,2.046875,2.109375,2.0625,2.09375,2.0625,2.078125,2.125,2.09375,1.9921875,2.0625,1.8671875,2.09375,2.015625,1.9921875,1.9453125,1.9296875,1.96875,2.015625,2.015625,1.7421875,1.8984375,1.8984375,1.9453125,1.90625,2.09375,1.96875,1.90625,1.9296875,1.96875,1.8359375,1.8984375,1.96875,1.8671875,1.8984375,1.8828125,1.8828125,1.84375,1.734375,1.7890625,1.625,1.9453125,1.7890625,1.6640625,1.9296875,1.7734375,1.734375,1.8203125,1.75,1.8359375,1.84375,1.84375,1.8203125,1.7265625,1.7421875,1.7578125
Botswana,What is the capital of Botswana?,7.875,5.34375,5.28125,3.953125,3.640625,3.59375,3.5,3.34375,3.328125,3.265625,3.25,3.1875,3.046875,3.140625,3.109375,3.0625,2.9375,2.90625,2.828125,2.78125,2.75,2.78125,2.703125,2.953125,2.671875,2.671875,2.6875,2.640625,2.640625,2.578125,2.53125,2.53125,2.5625,2.5625,2.515625,2.515625,2.484375,2.453125,2.46875,2.46875,2.421875,2.53125,2.53125,2.375,2.40625,2.359375,2.3125,2.3125,2.3125,2.234375,2.28125,2.28125,2.28125,2.28125,2.265625,2.28125,2.234375,2.25,2.25,2.125,2.203125,2.234375,2.203125,2.15625,2.15625,2.15625,2.15625,2.109375,2.203125,2.15625,2.203125,2.109375,2.109375,2.078125,2.078125,1.96875,2.0625,2.078125,2.078125,2.046875,2.015625,2.046875,2.0625,2.09375,1.96875,2.09375,2.0,1.9921875,2.109375,2.015625,2.0,1.9921875,1.9921875,1.96875,1.96875,1.9453125,1.9296875,1.953125,1.9453125,1.9375,1.96875,1.9375,1.9140625,1.9453125,1.9296875,1.9140625,1.8984375,1.859375,1.8671875,1.859375,1.8125,1.859375,1.84375,1.875,1.8359375,1.78125,1.78125,1.8125,1.8046875,1.8125,1.78125,1.7578125,1.78125,1.7890625,1.7734375,1.7734375,1.8359375,1.7578125
Brazil,What is the capital of Brazil?,7.90625,5.40625,5.3125,3.984375,3.6875,3.734375,3.5625,3.359375,3.3125,3.28125,3.25,3.203125,3.296875,3.140625,3.125,3.0625,2.96875,2.90625,2.796875,2.75,2.71875,2.671875,2.75,2.578125,2.671875,2.671875,2.5625,2.640625,2.609375,2.59375,2.53125,2.546875,2.546875,2.453125,2.53125,2.5,2.484375,2.46875,2.453125,2.359375,2.453125,2.46875,2.453125,2.421875,2.359375,2.375,2.375,2.1875,2.484375,2.4375,2.25,2.359375,2.265625,2.265625,2.1875,2.203125,2.234375,2.21875,2.21875,2.546875,2.21875,2.234375,2.21875,2.15625,2.171875,2.15625,2.109375,2.0625,2.0625,2.109375,2.140625,2.109375,2.125,2.078125,2.109375,2.171875,2.078125,2.078125,2.078125,2.0625,2.0625,2.0625,2.046875,2.09375,2.015625,1.96875,2.046875,2.0,2.0,2.015625,2.0,1.953125,1.96875,1.9375,1.9921875,1.96875,1.953125,1.90625,1.9453125,1.84375,1.8984375,1.8984375,1.9296875,1.8203125,1.9453125,1.8671875,1.9140625,1.875,1.8515625,1.8671875,1.9296875,1.8359375,1.859375,1.765625,1.78125,1.8984375,1.828125,1.8125,1.8203125,1.8125,1.7890625,1.8046875,1.78125,1.78125,1.7734375,1.78125,1.953125,1.78125
Brunei,What is the capital of Brunei?,7.9375,5.4375,5.3125,3.984375,3.703125,3.734375,3.5,3.375,3.34375,3.28125,3.265625,3.203125,3.125,3.140625,3.125,3.0625,2.984375,2.921875,2.84375,2.953125,2.75,2.796875,2.640625,2.953125,2.6875,2.703125,2.609375,2.640625,2.625,2.578125,2.5,2.546875,2.5625,2.59375,2.515625,2.515625,2.53125,2.46875,2.453125,2.53125,2.4375,2.515625,2.390625,2.40625,2.4375,2.34375,2.453125,2.546875,2.390625,2.5,2.53125,2.203125,2.265625,2.3125,2.375,2.203125,2.3125,2.21875,2.234375,2.328125,2.21875,2.21875,2.171875,2.15625,2.15625,2.125,2.21875,2.125,2.15625,2.140625,2.28125,2.109375,2.125,2.09375,2.09375,2.125,2.109375,2.09375,2.015625,2.046875,2.0625,2.0,2.046875,2.046875,2.015625,2.078125,2.0,2.0,1.9921875,2.0,2.0,1.9453125,1.9921875,2.0,1.96875,1.9453125,1.96875,1.96875,1.8984375,2.015625,2.0,1.84375,1.9140625,1.9296875,1.90625,1.90625,1.859375,1.8671875,1.8671875,1.90625,1.5546875,1.8359375,1.859375,2.125,1.8671875,1.7421875,1.875,1.828125,1.8515625,1.8359375,1.8359375,1.84375,1.78125,1.7890625,1.78125,1.8046875,1.734375,1.8515625
Bulgaria,What is the capital of Bulgaria?,7.90625,5.40625,5.3125,3.96875,3.65625,3.484375,3.546875,3.34375,3.3125,3.265625,3.234375,3.1875,3.140625,3.140625,3.109375,3.0625,2.953125,2.90625,2.84375,2.6875,2.75,2.65625,2.703125,2.703125,2.703125,2.703125,2.703125,2.640625,2.609375,2.546875,2.546875,2.546875,2.5625,2.515625,2.515625,2.5,2.515625,2.484375,2.453125,2.4375,2.4375,2.4375,2.46875,2.421875,2.375,2.375,2.359375,2.140625,2.28125,2.25,2.28125,2.34375,2.28125,2.265625,2.234375,2.265625,2.28125,2.234375,2.21875,2.046875,2.203125,2.21875,2.203125,2.171875,2.15625,2.140625,2.109375,2.1875,2.125,2.140625,2.078125,2.109375,2.125,2.09375,2.09375,2.109375,2.0625,2.078125,2.046875,2.0625,2.046875,2.015625,2.046875,2.046875,2.046875,1.9921875,2.0,2.0,1.9453125,2.015625,2.0,1.96875,1.9921875,1.953125,1.9921875,1.9375,1.9375,1.9296875,1.9140625,1.8984375,1.8515625,1.9296875,1.90625,1.9296875,1.90625,1.8984375,1.8515625,1.8984375,1.84375,1.859375,1.7734375,1.875,1.8359375,2.0,1.8203125,1.8125,1.7890625,1.8125,1.8203125,1.8125,1.78125,1.7890625,1.7890625,1.78125,1.7734375,1.7734375,1.7421875,1.8203125
Burkina Faso,What is the capital of Burkina Faso?,7.875,5.40625,5.3125,3.9375,3.6875,3.328125,3.53125,3.265625,3.171875,3.25,3.078125,3.203125,2.953125,3.125,3.125,3.109375,2.921875,2.78125,2.703125,2.796875,2.6875,2.671875,2.671875,2.78125,2.5625,2.65625,2.703125,2.65625,2.59375,2.453125,2.625,2.46875,2.421875,2.484375,2.484375,2.46875,2.265625,2.4375,2.5,2.40625,2.40625,2.53125,2.390625,2.40625,2.40625,2.390625,2.171875,2.203125,2.28125,2.3125,2.28125,1.6640625,2.1875,2.171875,2.203125,2.21875,2.265625,2.171875,2.171875,2.328125,2.234375,2.125,2.203125,2.234375,2.171875,2.15625,2.109375,2.0625,2.125,2.171875,2.09375,2.109375,2.0,2.046875,2.078125,2.046875,2.078125,1.96875,2.078125,2.015625,2.046875,1.96875,2.046875,1.9921875,2.0,2.0,2.0,1.8671875,1.875,1.953125,2.015625,1.96875,1.90625,1.9453125,1.8515625,1.9453125,1.9375,2.1875,1.9140625,1.8828125,1.8828125,1.8046875,1.8671875,1.9296875,1.9921875,1.8359375,1.8984375,1.828125,1.90625,1.859375,1.8984375,1.734375,1.703125,1.75,1.78125,1.703125,1.8828125,1.84375,1.6953125,1.78125,1.703125,1.7578125,1.8359375,1.8125,1.8046875,1.7578125,1.6796875,1.7734375
Burundi,What is the capital of Burundi?,7.9375,5.375,5.3125,3.96875,3.65625,3.578125,3.546875,3.359375,3.3125,3.28125,3.21875,3.1875,3.140625,3.171875,3.109375,3.0625,2.984375,2.890625,2.8125,2.921875,2.75,2.703125,2.703125,2.953125,2.65625,2.6875,2.671875,2.65625,2.640625,2.53125,2.5625,2.5625,2.5,2.5625,2.515625,2.484375,2.484375,2.484375,2.46875,2.421875,2.4375,2.609375,2.46875,2.390625,2.453125,2.359375,2.28125,2.59375,2.3125,2.4375,2.4375,1.7578125,2.28125,2.25,2.265625,2.328125,2.375,2.21875,2.21875,2.171875,2.203125,2.21875,2.1875,2.140625,2.1875,2.140625,2.171875,2.09375,2.125,2.359375,2.1875,2.109375,2.109375,2.109375,2.09375,2.109375,2.0625,2.046875,2.0625,2.046875,2.046875,2.015625,2.046875,2.046875,2.0625,2.0,2.046875,2.0,1.953125,2.0,1.9921875,1.9921875,2.046875,2.0,1.953125,1.953125,1.9453125,1.921875,1.9140625,1.953125,1.8984375,1.921875,1.90625,1.9921875,2.0,1.9140625,1.8671875,1.875,1.9140625,1.859375,1.9453125,1.8515625,1.828125,2.109375,1.8359375,1.671875,1.78125,1.828125,1.8046875,1.8203125,1.8203125,1.7578125,1.78125,1.78125,1.765625,1.7890625,1.6796875,1.765625
Cambodia,What is the capital of Cambodia?,7.96875,5.375,5.34375,4.0,3.65625,3.734375,3.546875,3.421875,3.375,3.296875,3.28125,3.21875,3.125,3.15625,3.140625,3.078125,2.984375,2.90625,2.84375,2.703125,2.765625,2.71875,2.71875,2.875,2.75,2.6875,2.65625,2.65625,2.640625,2.65625,2.546875,2.5625,2.5625,2.578125,2.546875,2.515625,2.5625,2.484375,2.453125,2.5,2.46875,2.421875,2.4375,2.390625,2.390625,2.375,2.203125,2.421875,2.265625,2.375,2.203125,2.4375,2.3125,2.28125,2.3125,2.234375,2.265625,2.265625,2.25,2.046875,2.21875,2.234375,2.1875,2.1875,2.21875,2.1875,2.171875,2.140625,2.171875,2.109375,2.109375,2.125,2.140625,2.125,2.09375,2.09375,2.0625,2.109375,2.078125,2.078125,2.0625,2.078125,2.015625,2.046875,2.015625,2.046875,2.046875,2.046875,2.0625,2.015625,2.0,2.0,1.9921875,1.96875,2.0,1.953125,1.953125,1.8828125,1.9296875,1.9296875,1.9453125,1.921875,1.921875,1.921875,1.8671875,1.9296875,1.875,1.8828125,1.8828125,1.8828125,1.90625,1.8984375,1.8828125,1.9375,1.8671875,1.828125,1.8359375,1.828125,1.8515625,1.828125,1.828125,1.8203125,1.7890625,1.8046875,1.7890625,1.7890625,1.84375,1.7578125
Cameroon,What is the capital of Cameroon?,7.9375,5.40625,5.34375,4.0,3.65625,3.6875,3.53125,3.328125,3.328125,3.265625,3.203125,3.203125,3.03125,3.15625,3.140625,3.09375,3.0,2.890625,2.78125,3.078125,2.75,2.71875,2.703125,2.53125,2.65625,2.625,2.625,2.65625,2.609375,2.625,2.515625,2.546875,2.5625,2.546875,2.515625,2.5,2.46875,2.46875,2.46875,2.46875,2.453125,2.5625,2.359375,2.421875,2.390625,2.375,2.390625,2.515625,2.46875,2.421875,2.203125,2.21875,2.25,2.25,2.25,2.265625,2.171875,2.21875,2.203125,2.390625,2.234375,2.203125,2.140625,2.171875,2.1875,2.15625,2.15625,2.34375,2.140625,2.1875,2.203125,2.125,2.125,2.109375,2.109375,1.9921875,2.0625,2.078125,2.046875,2.046875,2.078125,2.078125,2.046875,2.0625,2.015625,2.046875,2.0,1.9921875,2.046875,2.0,1.9921875,1.953125,1.9921875,1.96875,1.953125,1.96875,1.953125,1.8125,1.9296875,1.9453125,1.921875,1.9453125,1.9296875,1.921875,1.8359375,1.875,1.8984375,1.8515625,1.875,1.875,1.828125,1.8359375,1.84375,2.0,1.8203125,1.78125,1.8359375,1.84375,1.7890625,1.8203125,1.8203125,1.78125,1.828125,1.8046875,1.8125,1.8046875,1.7734375,1.78125
Canada,What is the capital of Canada?,7.96875,5.40625,5.34375,4.0,3.671875,3.71875,3.578125,3.390625,3.375,3.296875,3.28125,3.203125,3.0,3.171875,3.140625,3.078125,2.984375,2.90625,2.8125,2.640625,2.765625,2.6875,2.75,2.5,2.71875,2.703125,2.625,2.65625,2.625,2.578125,2.546875,2.578125,2.546875,2.46875,2.53125,2.5,2.546875,2.515625,2.453125,2.421875,2.453125,2.390625,2.34375,2.421875,2.328125,2.375,2.40625,2.140625,2.34375,2.28125,2.40625,2.3125,2.28125,2.265625,2.203125,2.234375,2.328125,2.25,2.234375,1.9453125,2.21875,2.234375,2.171875,2.171875,2.21875,2.140625,2.078125,2.109375,2.109375,1.9921875,2.0625,2.125,2.140625,2.140625,2.109375,2.09375,2.0625,2.09375,2.078125,2.0625,2.0625,2.078125,2.015625,2.015625,2.046875,1.96875,2.0625,2.015625,1.9921875,2.0,1.96875,2.015625,2.0,1.9140625,1.9921875,1.96875,1.9375,1.90625,1.9375,1.828125,1.8984375,1.8203125,1.921875,1.9140625,1.9140625,1.9296875,1.96875,1.8828125,1.8828125,1.84375,1.9375,1.8828125,1.875,1.4453125,1.8359375,1.90625,1.7890625,1.828125,1.84375,1.828125,1.8359375,1.828125,1.78125,1.7890625,1.78125,1.78125,1.7421875,1.75
Cape Verde,What is the capital of Cape Verde?,7.875,5.375,5.34375,3.96875,3.65625,3.515625,3.515625,3.390625,3.28125,3.265625,3.203125,3.203125,2.71875,3.125,3.140625,3.09375,2.90625,2.796875,2.796875,2.8125,2.71875,2.796875,2.6875,2.375,2.703125,2.640625,2.78125,2.671875,2.625,2.5625,2.53125,2.484375,2.515625,2.609375,2.546875,2.5,2.40625,2.4375,2.4375,2.53125,2.4375,2.53125,2.484375,2.40625,2.453125,2.390625,2.375,2.5,2.5,2.4375,2.40625,1.9140625,2.234375,2.265625,2.359375,2.1875,2.25,2.25,2.234375,2.40625,2.234375,2.21875,2.21875,2.3125,2.203125,2.125,2.25,2.1875,2.234375,2.078125,2.375,2.125,2.109375,2.109375,2.09375,2.015625,2.046875,2.078125,2.046875,2.0625,2.09375,2.0625,2.078125,2.046875,2.046875,2.140625,2.015625,1.96875,1.84375,2.0,1.9375,2.078125,1.8984375,1.96875,1.90625,1.9453125,1.921875,1.9921875,1.921875,2.046875,2.015625,1.8125,1.8984375,1.921875,2.015625,1.8828125,1.8359375,1.8359375,1.90625,1.828125,1.8984375,1.8203125,1.765625,1.8046875,1.828125,1.625,1.828125,1.8203125,1.7734375,1.8046875,1.765625,1.8046875,1.828125,1.828125,1.8203125,1.7578125,1.515625,1.7265625
Central African Republic,What is the capital of Central African Republic?,7.65625,5.40625,5.25,3.875,3.65625,3.28125,3.46875,3.25,3.109375,3.1875,3.03125,3.15625,3.203125,3.03125,3.109375,3.03125,2.796875,2.671875,2.703125,2.953125,2.671875,2.671875,2.703125,2.78125,2.5625,2.609375,2.65625,2.625,2.5,2.34375,2.59375,2.375,2.40625,2.515625,2.515625,2.46875,2.1875,2.421875,2.484375,2.453125,2.390625,2.265625,2.453125,2.390625,2.28125,2.40625,2.34375,2.3125,2.484375,2.5,2.046875,2.078125,2.21875,2.15625,2.21875,2.203125,2.1875,2.1875,2.125,3.25,2.203125,2.140625,2.203125,2.3125,2.140625,2.140625,2.140625,2.28125,2.125,2.171875,2.171875,2.09375,1.9921875,1.9921875,2.09375,2.09375,2.09375,2.015625,2.046875,2.0,2.09375,2.015625,2.078125,1.9453125,1.96875,2.015625,1.953125,1.9375,1.8515625,2.0,2.0,1.96875,1.78125,1.96875,1.8828125,1.921875,1.921875,2.078125,1.9375,1.8828125,1.9375,1.8359375,1.8515625,1.8828125,1.9375,1.8046875,1.8671875,1.828125,1.875,1.859375,1.7578125,1.7578125,1.703125,1.609375,1.6328125,1.7109375,1.84375,1.7734375,1.75,1.765625,1.6015625,1.84375,1.828125,1.8046875,1.78125,1.6875,1.8046875,1.765625
Chad,What is the capital of Chad?,7.9375,5.375,5.28125,3.984375,3.65625,3.4375,3.546875,3.390625,3.375,3.265625,3.265625,3.203125,3.15625,3.15625,3.109375,3.046875,2.96875,2.90625,2.8125,2.890625,2.765625,2.8125,2.765625,3.140625,2.71875,2.765625,2.75,2.625,2.609375,2.5625,2.53125,2.5625,2.53125,2.640625,2.515625,2.5,2.546875,2.46875,2.453125,2.484375,2.453125,2.5,2.78125,2.453125,2.40625,2.359375,2.484375,2.4375,2.4375,2.15625,2.421875,2.234375,2.3125,2.265625,2.34375,2.328125,2.203125,2.265625,2.203125,2.140625,2.1875,2.234375,2.171875,2.125,2.203125,2.140625,2.140625,2.40625,2.21875,2.21875,2.109375,2.109375,2.125,2.140625,2.125,2.109375,2.0625,2.09375,2.078125,2.0625,2.046875,2.109375,2.015625,1.9921875,2.015625,2.078125,2.078125,2.0625,2.015625,2.0,2.015625,2.0,2.0,2.015625,1.9921875,1.9140625,1.9453125,1.9921875,1.9375,1.96875,1.953125,1.96875,1.90625,1.9921875,1.828125,1.9140625,1.8515625,1.8671875,1.8828125,1.90625,1.8359375,1.859375,1.9140625,2.125,1.859375,1.8203125,1.7578125,1.8125,1.8828125,1.828125,1.78125,1.7890625,1.7578125,1.7890625,1.7578125,1.765625,1.453125,1.75
Chile,What is the capital of Chile?,7.875,5.375,5.28125,3.953125,3.65625,3.609375,3.53125,3.34375,3.296875,3.265625,3.21875,3.171875,3.03125,3.125,3.09375,3.03125,2.96875,2.875,2.796875,2.875,2.71875,2.71875,2.71875,2.484375,2.6875,2.703125,2.65625,2.625,2.609375,2.703125,2.546875,2.546875,2.5,2.453125,2.53125,2.484375,2.453125,2.484375,2.484375,2.40625,2.421875,2.40625,2.484375,2.375,2.375,2.375,2.3125,2.34375,2.375,2.234375,2.390625,2.1875,2.265625,2.234375,2.234375,2.1875,2.265625,2.21875,2.21875,2.265625,2.1875,2.234375,2.1875,2.125,2.140625,2.125,2.140625,2.125,2.09375,2.078125,2.109375,2.109375,2.109375,2.09375,2.09375,2.15625,2.0625,2.0625,2.046875,2.0625,2.046875,2.046875,2.046875,2.125,2.0,2.015625,2.0625,1.9921875,1.9921875,2.015625,1.9921875,1.96875,1.9921875,1.953125,1.96875,1.9375,1.9375,1.8828125,1.9296875,1.921875,1.953125,1.8046875,1.90625,1.859375,1.8984375,1.875,1.8984375,1.859375,1.828125,1.8515625,1.90625,1.8515625,1.8515625,1.6796875,1.828125,1.8046875,1.828125,1.8125,1.8125,1.8046875,1.75,1.8828125,1.7734375,1.7734375,1.7578125,1.78125,1.8125,1.765625
China,What is the capital of China?,7.96875,5.4375,5.34375,4.0,3.671875,3.875,3.5625,3.4375,3.359375,3.296875,3.28125,3.21875,3.328125,3.171875,3.140625,3.0625,2.984375,2.921875,2.84375,2.609375,2.765625,2.6875,2.71875,2.53125,2.703125,2.6875,2.5625,2.65625,2.625,2.671875,2.53125,2.578125,2.5625,2.53125,2.546875,2.515625,2.5625,2.46875,2.453125,2.421875,2.46875,2.390625,2.453125,2.4375,2.328125,2.359375,2.28125,2.0,2.3125,2.3125,2.4375,2.265625,2.3125,2.265625,2.25,2.25,2.21875,2.25,2.25,2.203125,2.21875,2.234375,2.203125,2.1875,2.203125,2.171875,2.09375,2.046875,2.078125,2.046875,1.9296875,2.125,2.140625,2.109375,2.09375,2.171875,2.078125,2.09375,2.046875,2.0625,2.0625,2.046875,2.046875,2.0625,2.015625,1.96875,2.078125,2.0625,2.0625,2.015625,1.96875,1.96875,1.9921875,1.9375,2.0,1.96875,1.953125,1.828125,1.921875,1.8359375,1.9140625,1.8828125,1.9296875,1.875,1.875,1.9375,1.9296875,1.9140625,1.828125,1.859375,1.9375,1.90625,1.8984375,1.3984375,1.8515625,1.921875,1.828125,1.828125,1.859375,1.8359375,1.859375,1.8046875,1.78125,1.7890625,1.7890625,1.78125,1.84375,1.7578125
Colombia,What is the capital of Colombia?,7.90625,5.375,5.28125,3.96875,3.65625,3.453125,3.515625,3.375,3.3125,3.265625,3.234375,3.1875,3.0625,3.140625,3.109375,3.046875,2.96875,2.875,2.796875,2.859375,2.71875,2.703125,2.71875,2.71875,2.6875,2.6875,2.59375,2.640625,2.625,2.6875,2.5625,2.546875,2.53125,2.515625,2.515625,2.5,2.484375,2.46875,2.4375,2.421875,2.4375,2.359375,2.234375,2.421875,2.390625,2.359375,2.46875,2.359375,2.40625,2.375,2.25,2.25,2.265625,2.25,2.21875,2.21875,2.234375,2.21875,2.21875,2.453125,2.203125,2.21875,2.203125,2.15625,2.171875,2.125,2.140625,2.09375,2.109375,2.09375,2.109375,2.109375,2.125,2.09375,2.09375,2.125,2.078125,2.0625,2.0625,2.0625,2.046875,2.0625,2.015625,2.078125,2.0,2.015625,2.015625,1.9921875,2.0625,2.0,1.9921875,1.96875,1.9921875,1.953125,1.96875,1.953125,1.9453125,1.9296875,1.9375,1.90625,1.9140625,1.8515625,1.9140625,1.90625,1.859375,1.8984375,1.9140625,1.8515625,1.8515625,1.859375,1.7734375,1.84375,1.859375,1.8984375,1.828125,1.875,1.8125,1.8203125,1.78125,1.8046875,1.7890625,1.828125,1.78125,1.7734375,1.765625,1.7734375,1.8984375,1.78125
Comoros,What is the capital of Comoros?,7.9375,5.375,5.34375,3.96875,3.640625,2.625,3.515625,3.34375,3.25,3.25,3.140625,3.234375,3.09375,3.171875,3.125,3.078125,2.90625,2.8125,2.75,2.890625,2.671875,2.75,2.71875,2.21875,2.59375,2.640625,2.71875,2.671875,2.59375,2.1875,2.578125,2.515625,2.546875,2.609375,2.515625,2.46875,2.34375,2.4375,2.453125,2.53125,2.453125,2.484375,2.390625,2.390625,2.34375,2.390625,2.453125,2.9375,2.546875,1.9140625,2.390625,2.421875,2.203125,2.265625,2.28125,2.3125,2.09375,2.171875,2.171875,1.25,2.21875,2.15625,2.25,2.265625,2.203125,2.140625,2.234375,2.484375,2.1875,2.046875,2.328125,2.140625,2.0625,2.125,2.09375,2.125,2.0625,2.015625,2.0,2.0625,2.078125,2.0625,2.0625,1.953125,2.09375,2.09375,1.9921875,1.953125,1.84375,1.953125,2.015625,2.0625,1.9453125,2.0625,1.875,1.9296875,1.90625,2.171875,1.9296875,2.109375,1.9453125,1.96875,1.90625,1.96875,1.8671875,1.8046875,1.9140625,1.78125,1.9921875,1.8515625,1.953125,1.703125,1.75,1.8203125,1.84375,1.921875,1.7109375,1.8359375,1.78125,1.8046875,1.7734375,1.7890625,1.8046875,1.7578125,1.7890625,1.765625,1.609375,1.734375
Costa Rica,What is the capital of Costa Rica?,7.78125,5.40625,5.28125,3.90625,3.671875,3.203125,3.53125,3.3125,3.25,3.21875,3.140625,3.171875,2.796875,3.09375,3.125,3.046875,2.921875,2.765625,2.71875,2.9375,2.6875,2.75,2.703125,2.96875,2.65625,2.65625,2.796875,2.640625,2.59375,2.578125,2.609375,2.453125,2.5,2.53125,2.5,2.453125,2.34375,2.390625,2.4375,2.515625,2.421875,2.34375,2.421875,2.375,2.453125,2.40625,2.484375,2.65625,2.59375,2.59375,2.046875,2.09375,2.234375,2.25,2.328125,2.1875,2.140625,2.203125,2.171875,2.265625,2.21875,2.171875,2.1875,2.234375,2.125,2.109375,2.171875,2.1875,2.1875,2.015625,2.265625,2.109375,2.046875,2.078125,2.09375,1.9296875,2.0625,2.015625,2.046875,2.015625,2.046875,2.046875,2.046875,1.9921875,1.9375,2.0625,2.0,1.90625,1.9921875,1.953125,1.953125,1.9921875,1.859375,1.9375,1.90625,1.90625,1.9453125,2.078125,1.921875,1.9921875,1.9296875,1.875,1.8984375,1.953125,1.875,1.8359375,1.921875,1.8125,1.875,1.8828125,1.8984375,1.7421875,1.765625,1.8984375,1.7421875,1.7265625,1.8203125,1.8046875,1.6953125,1.78125,1.6953125,1.8046875,1.8125,1.8046875,1.7890625,1.7421875,1.6640625,1.734375
Croatia,What is the capital of Croatia?,7.9375,5.375,5.28125,3.96875,3.65625,3.671875,3.546875,3.390625,3.3125,3.28125,3.25,3.1875,3.125,3.140625,3.109375,3.046875,2.984375,2.90625,2.828125,2.671875,2.75,2.71875,2.703125,2.703125,2.703125,2.703125,2.71875,2.625,2.640625,2.59375,2.5625,2.546875,2.5625,2.53125,2.515625,2.5,2.515625,2.484375,2.453125,2.46875,2.453125,2.421875,2.46875,2.40625,2.390625,2.390625,2.34375,2.1875,2.359375,2.25,2.171875,2.21875,2.28125,2.25,2.28125,2.25,2.328125,2.234375,2.21875,1.90625,2.1875,2.234375,2.1875,2.140625,2.140625,2.171875,2.09375,2.21875,2.1875,2.1875,2.09375,2.125,2.125,2.09375,2.09375,2.125,2.0625,2.0625,2.078125,2.0625,2.046875,2.015625,2.015625,2.046875,2.046875,2.0625,1.9921875,2.015625,1.953125,2.015625,2.0,1.96875,1.9921875,1.9375,1.96875,1.9453125,1.9375,1.9140625,1.9453125,1.9140625,1.953125,1.9921875,1.90625,1.9375,1.9375,1.8984375,1.8671875,1.8828125,1.8828125,1.8984375,1.859375,1.859375,1.875,1.8203125,1.8671875,1.8125,1.8515625,1.8125,1.8203125,1.828125,1.8203125,1.8203125,1.7734375,1.7734375,1.7578125,1.7890625,1.625,1.7734375
Cuba,What is the capital of Cuba?,7.90625,5.4375,5.34375,3.96875,3.6875,3.484375,3.546875,3.359375,3.328125,3.28125,3.234375,3.203125,3.25,3.15625,3.140625,3.078125,2.96875,2.875,2.796875,3.046875,2.75,2.671875,2.71875,2.96875,2.6875,2.75,2.671875,2.65625,2.609375,2.4375,2.546875,2.546875,2.515625,2.484375,2.53125,2.5,2.5,2.484375,2.453125,2.390625,2.453125,2.53125,2.484375,2.40625,2.40625,2.375,2.421875,2.53125,2.453125,2.46875,2.234375,2.265625,2.28125,2.265625,2.234375,2.328125,2.078125,2.234375,2.203125,2.25,2.234375,2.21875,2.203125,2.1875,2.1875,2.1875,2.140625,2.0625,2.078125,2.15625,2.28125,2.125,2.109375,2.109375,2.078125,2.078125,2.09375,2.078125,2.078125,2.0625,2.078125,2.046875,2.046875,2.0,2.015625,2.046875,2.046875,2.015625,2.046875,2.015625,1.9921875,1.96875,1.96875,1.96875,1.9921875,1.953125,1.953125,1.953125,1.9296875,1.9375,1.90625,1.9375,1.921875,1.875,1.8515625,1.90625,1.90625,1.8828125,1.875,1.84375,1.90625,1.875,1.8984375,1.6171875,1.8125,1.875,1.8046875,1.828125,1.8359375,1.828125,1.8203125,1.8046875,1.8046875,1.78125,1.7890625,1.78125,1.6328125,1.7734375
Cyprus,What is the capital of Cyprus?,7.96875,5.375,5.34375,4.0,3.671875,3.765625,3.546875,3.4375,3.359375,3.296875,3.28125,3.203125,3.0625,3.171875,3.125,3.078125,2.984375,2.90625,2.84375,2.828125,2.765625,2.6875,2.71875,2.65625,2.71875,2.71875,2.640625,2.65625,2.625,2.59375,2.546875,2.578125,2.578125,2.546875,2.546875,2.515625,2.5625,2.46875,2.453125,2.421875,2.46875,2.40625,2.484375,2.40625,2.390625,2.359375,2.3125,2.15625,2.28125,2.15625,2.359375,2.59375,2.28125,2.28125,2.25,2.234375,2.265625,2.25,2.25,2.09375,2.21875,2.234375,2.171875,2.203125,2.21875,2.140625,2.171875,2.265625,2.125,2.109375,2.015625,2.125,2.15625,2.125,2.078125,2.125,2.0625,2.078125,2.078125,2.078125,2.0625,2.0625,2.046875,2.046875,2.015625,2.015625,2.0625,2.046875,2.0,2.015625,1.96875,2.0,1.9921875,1.9921875,2.0,1.96875,1.9453125,1.90625,1.921875,1.96875,1.875,1.9453125,1.9375,1.9140625,1.9375,1.9296875,1.8828125,1.90625,1.8671875,1.8515625,1.8828125,1.8984375,1.8671875,1.7734375,1.8671875,1.7421875,1.8671875,1.828125,1.84375,1.8359375,1.84375,1.8359375,1.7734375,1.8046875,1.7890625,1.8046875,1.78125,1.75
Czechia,What is the capital of Czech Republic?,7.78125,5.40625,5.28125,3.9375,3.65625,3.4375,3.53125,3.328125,3.203125,3.21875,3.109375,3.171875,2.875,3.09375,3.125,3.046875,2.890625,2.78125,2.765625,2.703125,2.75,2.6875,2.671875,2.453125,2.609375,2.640625,2.671875,2.65625,2.546875,2.609375,2.53125,2.453125,2.46875,2.53125,2.515625,2.484375,2.34375,2.421875,2.5,2.453125,2.4375,2.28125,2.484375,2.40625,2.1875,2.390625,2.390625,2.234375,2.421875,2.3125,2.125,2.203125,2.265625,2.171875,2.234375,2.140625,2.234375,2.1875,2.15625,2.28125,2.203125,2.171875,2.25,2.25,2.125,2.15625,2.078125,2.328125,2.140625,2.0,2.046875,2.125,2.046875,2.0625,2.125,2.15625,2.109375,2.046875,2.0,2.046875,2.09375,2.078125,2.0625,1.9296875,2.046875,2.015625,1.9375,1.96875,1.90625,2.015625,1.96875,1.96875,1.8671875,1.8515625,1.9296875,1.9296875,1.9453125,1.953125,1.9296875,1.859375,1.9296875,1.8515625,1.875,1.9140625,1.953125,1.84375,1.8984375,1.8671875,1.859375,1.84375,1.8125,1.8203125,1.8125,1.40625,1.7265625,1.828125,1.875,1.8046875,1.7734375,1.7890625,1.7265625,1.8046875,1.8046875,1.78125,1.78125,1.7421875,1.8046875,1.734375
DR Congo,What is the capital of DR Congo?,7.84375,5.34375,5.3125,3.953125,3.6875,3.484375,3.53125,3.359375,3.28125,3.234375,3.15625,3.1875,3.0625,3.125,3.140625,3.09375,2.90625,2.8125,2.796875,3.078125,2.71875,2.71875,2.703125,2.546875,2.65625,2.65625,2.765625,2.65625,2.5625,2.578125,2.5625,2.515625,2.5,2.59375,2.5,2.5,2.390625,2.4375,2.453125,2.484375,2.421875,2.3125,2.375,2.34375,2.46875,2.359375,2.5625,2.546875,2.484375,2.234375,2.203125,2.546875,2.234375,2.203125,2.25,2.3125,2.09375,2.21875,2.171875,2.125,2.234375,2.1875,2.25,2.265625,2.140625,2.15625,2.203125,2.234375,2.1875,2.203125,2.15625,2.109375,2.0625,2.078125,2.109375,1.7890625,2.046875,2.0625,2.015625,2.015625,2.0625,2.046875,2.0625,1.9921875,2.0625,2.0625,1.9921875,1.9921875,2.140625,1.9921875,2.0,1.96875,1.8984375,2.0,1.9296875,1.9296875,1.8984375,2.078125,1.96875,1.96875,1.953125,1.9296875,1.875,1.96875,1.8203125,1.859375,1.9140625,1.8671875,1.9140625,1.859375,1.8984375,1.8046875,1.7578125,1.8828125,1.8203125,1.828125,1.8125,1.7890625,1.8515625,1.8125,1.8203125,1.7890625,1.8125,1.8046875,1.8125,1.7578125,1.5703125,1.7109375
Denmark,What is the capital of Denmark?,7.96875,5.375,5.3125,4.0,3.640625,3.6875,3.546875,3.421875,3.359375,3.296875,3.28125,3.203125,3.421875,3.15625,3.125,3.0625,2.984375,2.90625,2.84375,2.578125,2.765625,2.75,2.671875,2.71875,2.71875,2.765625,2.6875,2.640625,2.625,2.703125,2.515625,2.578125,2.5625,2.546875,2.546875,2.515625,2.5625,2.484375,2.4375,2.421875,2.46875,2.390625,2.4375,2.421875,2.34375,2.328125,2.34375,2.09375,2.21875,2.421875,2.390625,2.3125,2.3125,2.28125,2.234375,2.21875,2.28125,2.25,2.234375,2.703125,2.203125,2.25,2.1875,2.171875,2.21875,2.15625,2.125,2.171875,2.125,2.046875,2.109375,2.125,2.140625,2.125,2.0625,2.125,2.0625,2.09375,2.0625,2.078125,2.0625,2.0625,2.015625,2.078125,2.0625,2.0,2.015625,2.0625,2.046875,2.015625,2.0,1.9921875,2.0,1.90625,2.0,1.96875,1.9453125,1.8828125,1.9140625,1.90625,1.8984375,1.9921875,1.9296875,1.875,1.8671875,1.9296875,1.875,1.9140625,1.828125,1.84375,1.734375,1.8984375,1.8828125,1.84375,1.8515625,1.9296875,1.8203125,1.8203125,1.8671875,1.828125,1.828125,1.7578125,1.7734375,1.7890625,1.7734375,1.7890625,2.046875,1.765625
Djibouti,What is the capital of Djibouti?,7.96875,5.40625,5.3125,3.984375,3.671875,3.328125,3.578125,3.421875,3.359375,3.296875,3.265625,3.21875,3.25,3.171875,3.125,3.0625,2.984375,2.90625,2.828125,2.8125,2.765625,2.84375,2.71875,2.765625,2.71875,2.6875,2.71875,2.65625,2.625,2.5,2.578125,2.578125,2.546875,2.640625,2.53125,2.515625,2.546875,2.484375,2.4375,2.515625,2.453125,2.484375,2.328125,2.40625,2.390625,2.375,2.375,2.578125,2.421875,2.265625,2.609375,2.234375,2.3125,2.265625,2.265625,2.3125,2.234375,2.25,2.234375,2.671875,2.21875,2.234375,2.1875,2.171875,2.21875,2.140625,2.15625,2.09375,2.15625,2.1875,2.203125,2.125,2.140625,2.125,2.09375,2.171875,2.09375,2.09375,2.046875,2.0625,2.0625,2.046875,2.015625,2.015625,2.046875,2.0625,2.046875,2.046875,2.046875,2.015625,2.046875,1.9921875,2.015625,1.9921875,1.9921875,1.96875,1.9453125,2.046875,1.9375,2.046875,1.9296875,1.90625,1.921875,2.0,1.828125,1.921875,1.8671875,1.8984375,1.8828125,1.859375,1.8984375,1.8828125,1.875,2.109375,1.859375,1.7265625,1.828125,1.828125,1.8515625,1.828125,1.84375,1.75,1.78125,1.7890625,1.78125,1.78125,1.6953125,1.7578125
Dominica,What is the capital of Dominica?,7.9375,5.40625,5.34375,4.0,3.640625,3.515625,3.515625,3.390625,3.34375,3.296875,3.265625,3.203125,2.875,3.15625,3.140625,3.078125,2.96875,2.90625,2.84375,3.03125,2.765625,2.71875,2.703125,2.8125,2.71875,2.65625,2.640625,2.65625,2.625,2.625,2.515625,2.5625,2.5625,2.515625,2.546875,2.5,2.546875,2.46875,2.453125,2.46875,2.46875,2.5,2.375,2.390625,2.46875,2.390625,2.546875,2.625,2.453125,2.46875,2.1875,2.546875,2.28125,2.28125,2.265625,2.28125,2.34375,2.25,2.234375,2.171875,2.234375,2.234375,2.15625,2.171875,2.203125,2.140625,2.21875,2.109375,2.171875,2.203125,2.15625,2.140625,2.140625,2.125,2.109375,1.96875,2.046875,2.09375,2.078125,2.078125,2.0625,2.078125,2.046875,2.046875,2.046875,2.0625,2.015625,2.015625,2.078125,2.015625,1.9921875,1.9921875,1.9921875,2.015625,1.9921875,1.953125,1.953125,1.765625,1.953125,2.046875,1.9375,1.921875,1.921875,1.8828125,1.875,1.921875,1.8359375,1.875,1.875,1.8984375,1.8203125,1.875,1.8671875,2.234375,1.859375,1.7265625,1.828125,1.828125,1.84375,1.8359375,1.8203125,1.8125,1.8046875,1.8046875,1.7890625,1.8046875,1.75,1.7734375
Dominican Republic,What is the capital of Dominican Republic?,7.8125,5.4375,5.28125,3.9375,3.671875,3.484375,3.53125,3.34375,3.21875,3.234375,3.140625,3.1875,3.078125,3.109375,3.125,3.046875,2.890625,2.796875,2.75,3.09375,2.75,2.765625,2.71875,2.421875,2.625,2.640625,2.65625,2.640625,2.5625,2.484375,2.578125,2.453125,2.484375,2.5,2.53125,2.5,2.359375,2.453125,2.5,2.46875,2.4375,2.4375,2.390625,2.390625,2.234375,2.40625,2.5625,2.34375,2.625,2.34375,2.09375,2.109375,2.28125,2.203125,2.28125,2.1875,2.3125,2.21875,2.171875,2.140625,2.21875,2.1875,2.203125,2.25,2.171875,2.15625,2.1875,2.25,2.1875,2.15625,2.234375,2.109375,2.0625,2.0625,2.125,2.109375,2.078125,2.078125,2.015625,2.0625,2.09375,2.0625,2.078125,1.9453125,2.015625,2.0625,2.0,1.9921875,1.8828125,2.015625,1.96875,1.9921875,1.8984375,1.9921875,1.9296875,1.9296875,1.96875,1.9921875,1.9296875,1.9453125,1.953125,1.8515625,1.90625,1.9296875,1.953125,1.8515625,1.96875,1.8515625,1.875,1.859375,1.8984375,1.8125,1.828125,1.609375,1.734375,1.7734375,1.8828125,1.8125,1.78125,1.8203125,1.6796875,1.8359375,1.8203125,1.8046875,1.7734375,1.734375,1.6953125,1.7578125
Ecuador,What is the capital of Ecuador?,7.8125,5.34375,5.21875,3.90625,3.671875,3.515625,3.5,3.265625,3.25,3.234375,3.140625,3.140625,3.203125,3.109375,3.078125,3.015625,2.953125,2.859375,2.75,2.90625,2.6875,2.71875,2.6875,2.65625,2.65625,2.625,2.59375,2.609375,2.578125,2.703125,2.53125,2.5,2.453125,2.5,2.5,2.453125,2.40625,2.453125,2.4375,2.484375,2.40625,2.34375,2.5,2.40625,2.359375,2.375,2.359375,2.390625,2.359375,2.359375,2.359375,2.203125,2.234375,2.234375,2.265625,2.171875,2.328125,2.203125,2.15625,2.0625,2.1875,2.21875,2.1875,2.078125,2.171875,2.125,2.140625,2.046875,2.09375,2.203125,2.109375,2.09375,2.0625,2.078125,2.0625,2.1875,2.078125,2.0,2.0625,2.0625,2.0,2.0,2.015625,2.15625,1.96875,2.0,2.0,1.953125,2.0625,2.015625,1.96875,1.9921875,1.96875,1.9375,1.9453125,1.9140625,1.953125,1.9453125,1.90625,1.9375,1.921875,1.8671875,1.8828125,1.8671875,1.8359375,1.84375,1.8671875,1.8125,1.8203125,1.859375,1.8203125,1.7890625,1.828125,1.9921875,1.7578125,1.78125,1.828125,1.7890625,1.7578125,1.78125,1.7265625,1.828125,1.7578125,1.7421875,1.7421875,1.7578125,1.8828125,1.7890625
Egypt,What is the capital of Egypt?,8.0,5.4375,5.34375,4.03125,3.65625,3.671875,3.53125,3.453125,3.390625,3.296875,3.3125,3.21875,3.265625,3.171875,3.140625,3.078125,2.984375,2.921875,2.859375,2.5625,2.78125,2.65625,2.71875,2.484375,2.765625,2.640625,2.625,2.65625,2.640625,2.546875,2.5,2.578125,2.59375,2.5,2.546875,2.515625,2.59375,2.484375,2.453125,2.390625,2.46875,2.421875,2.5,2.390625,2.328125,2.375,2.328125,2.015625,2.21875,2.453125,2.40625,2.390625,2.328125,2.3125,2.234375,2.21875,2.25,2.265625,2.25,2.53125,2.21875,2.234375,2.1875,2.1875,2.234375,2.171875,2.0625,2.328125,2.109375,2.15625,1.8671875,2.125,2.15625,2.125,2.09375,2.15625,2.078125,2.109375,2.0625,2.09375,2.0625,2.0625,2.046875,2.046875,2.046875,1.96875,2.0,2.0625,2.0625,2.046875,1.96875,2.0,2.0,1.921875,2.0,1.96875,1.9453125,1.8359375,1.921875,1.8125,1.859375,1.921875,1.9296875,1.8515625,1.8515625,1.9453125,1.8828125,1.9140625,1.8046875,1.8359375,1.8359375,1.9140625,1.921875,1.7265625,1.8828125,1.90625,1.828125,1.828125,1.8984375,1.84375,1.84375,1.7578125,1.7890625,1.8125,1.78125,1.8046875,1.84375,1.7734375
El Salvador,What is the capital of El Salvador?,7.875,5.46875,5.28125,3.9375,3.625,3.78125,3.46875,3.34375,3.28125,3.25,3.171875,3.1875,3.3125,3.09375,3.125,3.0625,2.90625,2.84375,2.78125,2.953125,2.703125,2.703125,2.703125,2.90625,2.671875,2.640625,2.71875,2.640625,2.609375,2.421875,2.5625,2.46875,2.46875,2.53125,2.515625,2.515625,2.4375,2.4375,2.4375,2.421875,2.421875,2.34375,2.453125,2.375,2.421875,2.375,2.46875,2.328125,2.328125,2.4375,2.171875,2.046875,2.265625,2.21875,2.265625,2.203125,2.046875,2.21875,2.171875,2.53125,2.21875,2.171875,2.1875,2.25,2.15625,2.15625,2.171875,2.34375,2.171875,2.140625,2.171875,2.09375,2.078125,2.09375,2.046875,2.046875,2.109375,2.078125,2.109375,2.0625,2.078125,2.015625,2.0625,1.953125,2.0625,2.0625,1.96875,2.0,2.046875,1.9921875,1.96875,1.953125,1.8984375,1.96875,1.921875,1.9453125,1.921875,2.046875,1.8984375,1.9375,1.921875,1.9921875,1.8984375,1.8671875,2.015625,1.875,1.90625,1.859375,1.84375,1.90625,1.828125,1.8125,1.8125,1.7265625,1.8125,1.6640625,1.765625,1.8046875,1.828125,1.8046875,1.8125,1.84375,1.7890625,1.8203125,1.8046875,1.7578125,1.703125,1.65625
Equatorial Guinea,What is the capital of Equatorial Guinea?,7.8125,5.375,5.3125,3.953125,3.6875,3.09375,3.53125,3.3125,3.265625,3.234375,3.171875,3.171875,3.109375,3.109375,3.140625,3.0625,2.90625,2.8125,2.765625,2.9375,2.71875,2.6875,2.671875,2.578125,2.625,2.671875,2.703125,2.640625,2.5625,2.625,2.609375,2.484375,2.46875,2.53125,2.515625,2.5,2.375,2.453125,2.453125,2.453125,2.421875,2.4375,2.375,2.390625,2.421875,2.40625,2.390625,2.625,2.453125,2.203125,2.546875,2.234375,2.21875,2.234375,2.21875,2.3125,2.015625,2.203125,2.203125,2.765625,2.234375,2.15625,2.234375,2.265625,2.1875,2.171875,2.140625,2.140625,2.109375,2.140625,2.28125,2.125,2.046875,2.046875,2.09375,1.9453125,2.078125,2.015625,2.015625,2.046875,2.078125,2.015625,2.078125,2.0,2.0,2.015625,2.046875,1.96875,2.0625,2.0,1.96875,1.9453125,1.875,2.0,1.9140625,1.953125,1.921875,2.125,1.921875,1.9375,1.9375,1.96875,1.90625,1.8515625,1.953125,1.84375,1.8984375,1.8515625,1.90625,1.859375,1.953125,1.78125,1.703125,1.65625,1.78125,1.6484375,1.828125,1.8125,1.7890625,1.7890625,1.765625,1.7890625,1.8359375,1.8125,1.8046875,1.765625,1.28125,1.7421875
Eritrea,What is the capital of Eritrea?,7.96875,5.40625,5.34375,4.0,3.6875,3.703125,3.5625,3.34375,3.3125,3.265625,3.234375,3.21875,3.296875,3.15625,3.140625,3.078125,3.0,2.921875,2.828125,2.90625,2.71875,2.703125,2.75,2.765625,2.671875,2.625,2.640625,2.65625,2.65625,2.515625,2.5625,2.546875,2.53125,2.546875,2.515625,2.5,2.515625,2.46875,2.453125,2.4375,2.4375,2.46875,2.40625,2.375,2.421875,2.375,2.234375,2.515625,2.265625,2.375,2.421875,2.265625,2.265625,2.28125,2.234375,2.359375,2.28125,2.21875,2.234375,2.28125,2.234375,2.21875,2.203125,2.171875,2.171875,2.1875,2.140625,2.1875,2.109375,2.328125,2.234375,2.109375,2.125,2.09375,2.109375,2.078125,2.078125,2.09375,2.0625,2.046875,2.0625,2.0,2.046875,2.015625,2.0625,2.0,1.9921875,1.9921875,2.078125,1.9921875,2.046875,1.953125,2.0,2.0,1.96875,1.953125,1.9453125,1.8984375,1.9453125,1.953125,1.921875,2.015625,1.9140625,1.953125,1.875,1.90625,1.8984375,1.8515625,1.8515625,1.828125,1.84375,1.828125,1.84375,1.8671875,1.8828125,1.8359375,1.84375,1.84375,1.8359375,1.8359375,1.8359375,1.7421875,1.8046875,1.7890625,1.7890625,1.8125,1.8125,1.7734375
Estonia,What is the capital of Estonia?,7.96875,5.375,5.3125,3.984375,3.671875,3.515625,3.5625,3.375,3.34375,3.28125,3.25,3.203125,3.0625,3.15625,3.125,3.046875,3.0,2.90625,2.84375,2.53125,2.75,2.6875,2.6875,2.625,2.71875,2.6875,2.671875,2.640625,2.625,2.75,2.546875,2.5625,2.546875,2.484375,2.53125,2.515625,2.53125,2.484375,2.453125,2.46875,2.453125,2.421875,2.4375,2.40625,2.375,2.375,2.203125,2.34375,2.203125,2.25,2.53125,2.3125,2.28125,2.28125,2.265625,2.234375,2.234375,2.21875,2.234375,1.859375,2.203125,2.234375,2.1875,2.15625,2.1875,2.140625,2.078125,2.046875,2.125,2.046875,2.046875,2.125,2.125,2.09375,2.0625,2.1875,2.078125,2.078125,2.0625,2.078125,2.0625,2.046875,2.015625,2.046875,2.046875,1.9921875,2.046875,2.0,2.0625,2.0,1.9921875,1.96875,1.9921875,1.921875,1.96875,1.953125,1.9375,1.9140625,1.9296875,1.9296875,1.9140625,1.953125,1.90625,1.8984375,1.84375,1.8984375,1.875,1.90625,1.875,1.8671875,1.7578125,1.8515625,1.859375,1.8203125,1.8671875,1.7265625,1.84375,1.828125,1.8359375,1.8125,1.84375,1.7578125,1.7734375,1.7734375,1.765625,1.7890625,1.953125,1.765625
Eswatini,What is the capital of Eswatini?,7.90625,5.40625,5.4375,4.0625,3.609375,3.515625,3.515625,3.203125,3.234375,3.21875,3.125,3.25,2.8125,3.125,3.1875,3.109375,3.046875,2.859375,2.75,2.59375,2.609375,2.828125,2.703125,2.59375,2.609375,2.8125,2.90625,2.703125,2.609375,2.359375,2.59375,2.390625,2.453125,2.640625,2.546875,2.46875,2.15625,2.59375,2.546875,2.5,2.46875,2.40625,2.28125,2.40625,2.421875,2.421875,2.390625,2.484375,2.3125,2.25,2.421875,2.265625,2.203125,2.28125,2.375,2.375,2.109375,2.21875,2.078125,2.40625,2.328125,2.109375,2.171875,2.4375,2.125,2.1875,2.265625,1.96875,2.234375,2.1875,2.21875,2.109375,1.9921875,2.0,2.15625,1.859375,2.078125,1.953125,2.09375,2.109375,2.09375,2.046875,2.046875,1.953125,2.0625,2.125,1.96875,1.859375,1.7890625,1.9140625,2.015625,1.96875,1.7578125,2.09375,1.7734375,1.8515625,1.9296875,2.203125,2.0,2.109375,2.015625,1.875,1.9296875,2.046875,2.0,1.6953125,1.828125,1.7890625,2.09375,1.8828125,1.953125,1.53125,1.6015625,1.6328125,1.7734375,1.7109375,1.8515625,1.8515625,1.6171875,1.765625,1.671875,1.78125,1.9296875,1.8046875,1.8203125,1.828125,1.671875,1.7734375
Ethiopia,What is the capital of Ethiopia?,7.9375,5.375,5.34375,4.0,3.640625,3.8125,3.515625,3.390625,3.359375,3.296875,3.265625,3.21875,3.265625,3.171875,3.140625,3.09375,2.984375,2.890625,2.84375,2.875,2.765625,2.75,2.6875,2.953125,2.703125,2.640625,2.609375,2.65625,2.625,2.5625,2.5625,2.578125,2.546875,2.5625,2.546875,2.515625,2.546875,2.46875,2.453125,2.4375,2.453125,2.359375,2.40625,2.40625,2.375,2.359375,2.28125,2.375,2.265625,2.46875,2.40625,2.28125,2.28125,2.265625,2.25,2.265625,2.171875,2.25,2.25,2.625,2.234375,2.234375,2.1875,2.1875,2.203125,2.15625,2.15625,2.25,2.140625,2.21875,2.15625,2.125,2.140625,2.109375,2.09375,2.109375,2.078125,2.078125,2.0625,2.0625,2.0625,1.9921875,2.046875,2.0625,2.046875,2.0,2.0,2.046875,2.09375,2.015625,2.0,1.9921875,2.0,1.953125,1.9921875,1.96875,1.9375,1.9296875,1.8984375,1.90625,1.921875,1.9296875,1.9296875,1.8671875,1.96875,1.921875,1.859375,1.8984375,1.8125,1.8359375,1.859375,1.8984375,1.859375,1.875,1.84375,1.6796875,1.875,1.8359375,1.859375,1.8359375,1.828125,1.8203125,1.78125,1.8046875,1.8046875,1.8046875,1.9296875,1.7578125
Fiji,What is the capital of Fiji?,7.8125,5.375,5.25,3.90625,3.703125,3.65625,3.53125,3.328125,3.296875,3.25,3.21875,3.15625,3.046875,3.125,3.09375,3.03125,2.9375,2.84375,2.8125,2.859375,2.71875,2.765625,2.703125,2.765625,2.625,2.671875,2.75,2.625,2.609375,2.703125,2.53125,2.546875,2.484375,2.5625,2.46875,2.453125,2.4375,2.46875,2.484375,2.515625,2.40625,2.40625,2.5625,2.390625,2.4375,2.390625,2.453125,2.53125,2.390625,2.25,2.328125,2.453125,2.234375,2.25,2.328125,2.234375,2.28125,2.203125,2.1875,2.15625,2.171875,2.203125,2.171875,2.125,2.046875,2.140625,2.125,1.9921875,2.1875,2.140625,2.203125,2.140625,2.078125,2.0625,2.078125,2.0,2.0625,2.015625,2.0625,2.0,2.0,2.078125,2.015625,2.046875,1.9453125,2.09375,2.078125,1.953125,2.078125,2.0,1.9921875,1.9453125,1.96875,1.9921875,1.9296875,1.8984375,1.9375,1.90625,1.953125,2.0,1.96875,1.9296875,1.9140625,1.96875,1.8125,1.8671875,1.90625,1.8515625,1.921875,1.875,1.875,1.828125,1.78125,2.0,1.8125,1.765625,1.8125,1.8203125,1.7578125,1.8125,1.8046875,1.7421875,1.765625,1.7421875,1.7734375,1.7421875,1.5703125,1.7734375
Finland,What is the capital of Finland?,7.9375,5.375,5.28125,3.96875,3.671875,3.59375,3.546875,3.40625,3.3125,3.28125,3.25,3.1875,3.140625,3.15625,3.109375,3.046875,2.984375,2.90625,2.828125,2.640625,2.75,2.6875,2.703125,2.8125,2.6875,2.6875,2.671875,2.625,2.609375,2.703125,2.53125,2.5625,2.546875,2.453125,2.515625,2.5,2.5,2.5,2.453125,2.390625,2.4375,2.265625,2.421875,2.40625,2.359375,2.375,2.25,2.359375,2.25,2.484375,2.359375,2.515625,2.28125,2.28125,2.21875,2.234375,2.171875,2.21875,2.234375,2.90625,2.1875,2.234375,2.15625,2.15625,2.234375,2.140625,2.09375,2.09375,2.109375,2.0,2.125,2.125,2.109375,2.09375,2.0625,1.9921875,2.078125,2.078125,2.0625,2.046875,2.046875,2.0625,2.015625,2.0625,2.015625,1.9921875,2.046875,2.0,1.953125,2.0,1.9921875,1.9921875,2.0,1.90625,1.96875,1.953125,1.9453125,1.8984375,1.921875,1.8828125,1.8984375,1.953125,1.90625,1.921875,1.96875,1.90625,1.90625,1.90625,1.859375,1.8515625,1.8046875,1.8671875,1.84375,1.7421875,1.828125,1.8515625,1.828125,1.8203125,1.828125,1.8203125,1.7890625,1.7890625,1.765625,1.765625,1.7578125,1.7734375,1.859375,1.765625
France,What is the capital of France?,7.96875,5.4375,5.3125,3.984375,3.671875,3.890625,3.578125,3.375,3.328125,3.296875,3.21875,3.203125,3.421875,3.171875,3.125,3.0625,3.0,2.921875,2.8125,2.796875,2.765625,2.65625,2.71875,2.390625,2.6875,2.6875,2.5625,2.65625,2.609375,2.515625,2.53125,2.578125,2.546875,2.484375,2.53125,2.484375,2.5,2.5,2.484375,2.421875,2.453125,2.4375,2.484375,2.4375,2.28125,2.390625,2.4375,1.96875,2.328125,2.375,2.265625,2.15625,2.3125,2.234375,2.1875,2.171875,2.28125,2.234375,2.203125,2.640625,2.21875,2.21875,2.171875,2.15625,2.15625,2.15625,2.015625,2.15625,2.078125,2.0,1.8984375,2.140625,2.125,2.125,2.09375,2.15625,2.09375,2.0625,2.09375,2.0625,2.046875,2.078125,2.046875,2.015625,2.0625,1.9453125,2.0625,2.015625,1.9453125,2.0,1.96875,1.96875,2.0,1.921875,1.96875,1.9453125,1.953125,1.9375,1.9375,1.78125,1.828125,1.9375,1.921875,1.78125,1.9921875,1.90625,1.875,1.8828125,1.8125,1.8671875,1.828125,1.859375,1.875,1.7578125,1.8359375,1.953125,1.8046875,1.8359375,1.8359375,1.84375,1.8125,1.7734375,1.78125,1.78125,1.7734375,1.7890625,1.8828125,1.7734375
Gabon,What is the capital of Gabon?,7.9375,5.40625,5.3125,3.96875,3.671875,3.609375,3.546875,3.359375,3.328125,3.265625,3.25,3.203125,3.09375,3.15625,3.125,3.0625,2.984375,2.90625,2.8125,2.9375,2.71875,2.75,2.703125,2.921875,2.6875,2.6875,2.65625,2.640625,2.609375,2.4375,2.546875,2.546875,2.546875,2.5625,2.515625,2.5,2.5,2.46875,2.453125,2.421875,2.4375,2.578125,2.515625,2.390625,2.4375,2.34375,2.265625,2.5,2.34375,2.390625,2.65625,2.09375,2.265625,2.265625,2.234375,2.328125,2.390625,2.21875,2.21875,1.9296875,2.21875,2.21875,2.21875,2.171875,2.171875,2.171875,2.171875,1.953125,2.140625,2.1875,2.1875,2.109375,2.109375,2.09375,2.109375,2.09375,2.078125,2.0625,2.0625,2.046875,2.046875,2.046875,2.015625,2.078125,2.015625,2.015625,2.015625,1.9921875,1.953125,1.9921875,1.9921875,1.96875,1.96875,2.015625,1.953125,1.953125,1.9375,2.015625,1.953125,1.9453125,1.8828125,1.8984375,1.9140625,1.9140625,1.9453125,1.8828125,1.875,1.859375,1.90625,1.859375,1.8515625,1.828125,1.859375,1.9296875,1.84375,1.828125,1.828125,1.8203125,1.8046875,1.8203125,1.8203125,1.765625,1.78125,1.7890625,1.7734375,1.78125,1.7421875,1.7734375
Gambia,What is the capital of Gambia?,7.84375,5.375,5.28125,3.9375,3.703125,3.25,3.546875,3.328125,3.28125,3.265625,3.203125,3.1875,3.15625,3.140625,3.109375,3.046875,2.90625,2.859375,2.8125,3.109375,2.75,2.765625,2.75,2.625,2.65625,2.65625,2.703125,2.625,2.609375,2.515625,2.53125,2.546875,2.5,2.59375,2.5,2.5,2.484375,2.4375,2.4375,2.484375,2.4375,2.453125,2.546875,2.40625,2.46875,2.375,2.4375,2.421875,2.390625,2.125,2.359375,2.21875,2.25,2.25,2.28125,2.359375,2.25,2.21875,2.21875,2.0625,2.21875,2.203125,2.171875,2.15625,2.171875,2.140625,2.171875,2.171875,2.203125,2.34375,2.265625,2.125,2.09375,2.0625,2.078125,2.015625,2.0625,2.046875,2.0625,2.015625,2.046875,2.046875,2.046875,2.0625,1.9921875,2.078125,2.046875,1.96875,1.9140625,2.0,1.9921875,1.96875,1.9921875,2.0,1.9296875,1.9375,1.9296875,2.0,1.9453125,1.953125,2.0,1.921875,1.90625,1.9453125,1.90625,1.875,1.84375,1.8515625,1.90625,1.8515625,1.9140625,1.84375,1.8125,2.203125,1.84375,1.8203125,1.7734375,1.828125,1.8125,1.828125,1.765625,1.78125,1.7734375,1.765625,1.7734375,1.765625,1.7265625,1.7734375
Georgia,What is the capital of Georgia?,7.96875,5.40625,5.3125,3.984375,3.65625,3.796875,3.53125,3.390625,3.359375,3.296875,3.265625,3.203125,2.984375,3.171875,3.125,3.0625,2.984375,2.90625,2.84375,2.640625,2.78125,2.71875,2.75,2.8125,2.71875,2.671875,2.59375,2.65625,2.640625,2.546875,2.546875,2.5625,2.578125,2.53125,2.53125,2.5,2.53125,2.453125,2.453125,2.421875,2.46875,2.328125,2.578125,2.421875,2.359375,2.375,2.34375,2.09375,2.234375,2.515625,2.546875,2.265625,2.3125,2.28125,2.25,2.234375,2.203125,2.25,2.234375,2.4375,2.203125,2.234375,2.171875,2.1875,2.21875,2.140625,2.09375,2.1875,2.125,2.109375,2.015625,2.109375,2.140625,2.125,2.09375,2.09375,2.0625,2.078125,2.09375,2.078125,2.0625,2.078125,2.015625,2.0,2.046875,2.015625,2.0,2.015625,2.046875,2.0,2.015625,2.015625,1.9921875,1.9375,1.9921875,1.9453125,1.9375,1.9296875,1.9296875,1.8671875,1.8984375,1.953125,1.9140625,1.8515625,1.9375,1.9296875,1.859375,1.8984375,1.8203125,1.859375,1.8203125,1.8984375,1.90625,1.7421875,1.8671875,1.75,1.8046875,1.828125,1.84375,1.8203125,1.8203125,1.8515625,1.7734375,1.78125,1.7734375,1.765625,1.8515625,1.7578125
Germany,What is the capital of Germany?,7.96875,5.40625,5.3125,3.984375,3.671875,3.78125,3.578125,3.421875,3.34375,3.296875,3.265625,3.21875,3.359375,3.171875,3.125,3.0625,2.984375,2.921875,2.84375,2.671875,2.765625,2.65625,2.75,2.546875,2.703125,2.71875,2.59375,2.65625,2.625,2.671875,2.53125,2.578125,2.5625,2.46875,2.53125,2.515625,2.546875,2.484375,2.453125,2.265625,2.453125,2.234375,2.390625,2.421875,2.328125,2.375,2.375,1.953125,2.234375,2.234375,2.34375,2.375,2.3125,2.25,2.15625,2.234375,2.265625,2.25,2.234375,2.140625,2.203125,2.25,2.21875,2.171875,2.203125,2.171875,2.078125,2.09375,2.078125,1.9921875,1.9140625,2.125,2.140625,2.109375,2.109375,2.171875,2.0625,2.078125,2.0625,2.0625,2.0625,2.078125,2.015625,2.046875,2.0625,1.9453125,2.0625,2.046875,2.0,2.015625,1.96875,1.96875,2.0,1.921875,1.9921875,1.96875,1.9375,1.84375,1.9453125,1.8203125,1.8203125,2.015625,1.9296875,1.8359375,1.953125,1.921875,1.90625,1.9140625,1.8515625,1.8515625,1.90625,1.875,1.875,1.5703125,1.859375,1.9296875,1.8203125,1.8203125,1.84375,1.828125,1.8515625,1.7421875,1.765625,1.78125,1.78125,1.7890625,1.8359375,1.7578125
Ghana,What is the capital of Ghana?,7.90625,5.40625,5.3125,3.96875,3.65625,3.65625,3.515625,3.375,3.328125,3.28125,3.25,3.203125,3.234375,3.140625,3.125,3.0625,2.953125,2.890625,2.859375,2.890625,2.765625,2.671875,2.703125,2.765625,2.671875,2.703125,2.671875,2.65625,2.625,2.625,2.53125,2.546875,2.546875,2.484375,2.53125,2.5,2.5,2.46875,2.46875,2.359375,2.453125,2.46875,2.46875,2.390625,2.390625,2.359375,2.46875,2.28125,2.375,2.421875,2.234375,2.1875,2.28125,2.265625,2.203125,2.3125,2.34375,2.234375,2.25,2.359375,2.21875,2.234375,2.171875,2.171875,2.1875,2.15625,2.140625,2.046875,2.0625,2.234375,2.125,2.125,2.125,2.078125,2.109375,2.09375,2.0625,2.078125,2.078125,2.046875,2.0625,2.0625,2.046875,2.078125,2.0,2.015625,2.046875,2.0,1.9921875,2.046875,2.0,1.96875,1.9921875,1.9921875,1.96875,1.953125,1.9375,1.96875,1.9375,1.9296875,1.90625,1.9140625,1.921875,1.9296875,1.9140625,1.921875,1.8828125,1.8828125,1.84375,1.84375,1.7890625,1.8828125,1.859375,1.875,1.8359375,1.8515625,1.8359375,1.828125,1.8203125,1.828125,1.8046875,1.75,1.8046875,1.8046875,1.7890625,1.765625,1.78125,1.7890625
Greece,What is the capital of Greece?,7.96875,5.40625,5.34375,4.0,3.671875,3.71875,3.5625,3.390625,3.34375,3.296875,3.265625,3.203125,3.28125,3.171875,3.140625,3.078125,2.984375,2.921875,2.84375,2.546875,2.765625,2.59375,2.71875,2.453125,2.71875,2.671875,2.640625,2.65625,2.625,2.53125,2.53125,2.5625,2.546875,2.46875,2.53125,2.515625,2.546875,2.5,2.453125,2.359375,2.46875,2.265625,2.5,2.390625,2.328125,2.390625,2.390625,1.8828125,2.1875,2.234375,2.203125,2.328125,2.3125,2.265625,2.171875,2.234375,2.21875,2.25,2.234375,2.046875,2.21875,2.234375,2.203125,2.1875,2.1875,2.15625,2.015625,2.265625,2.0625,2.109375,1.8984375,2.125,2.125,2.125,2.109375,2.09375,2.078125,2.09375,2.0625,2.078125,2.0625,2.015625,2.046875,2.046875,2.0625,1.9296875,2.046875,2.0625,1.96875,2.015625,1.96875,1.9921875,1.9921875,1.9140625,1.9921875,1.9453125,1.953125,1.9140625,1.9140625,1.8125,1.8125,2.0,1.9296875,1.8359375,1.875,1.921875,1.875,1.90625,1.8046875,1.8515625,1.875,1.8828125,1.8828125,1.578125,1.84375,1.8671875,1.8125,1.828125,1.859375,1.8359375,1.8125,1.7734375,1.78125,1.8046875,1.78125,1.78125,1.875,1.7734375
Grenada,What is the capital of Grenada?,8.0,5.40625,5.34375,4.03125,3.6875,3.390625,3.46875,3.390625,3.34375,3.234375,3.21875,3.234375,3.015625,3.1875,3.140625,3.09375,3.015625,2.828125,2.75,2.84375,2.71875,2.75,2.671875,2.640625,2.65625,2.640625,2.703125,2.671875,2.59375,2.546875,2.546875,2.53125,2.5,2.609375,2.546875,2.515625,2.421875,2.453125,2.453125,2.453125,2.46875,2.515625,2.46875,2.421875,2.4375,2.390625,2.3125,2.5625,2.15625,2.625,2.375,2.4375,2.203125,2.3125,2.28125,2.28125,2.28125,2.171875,2.234375,2.75,2.265625,2.140625,2.140625,2.34375,2.171875,2.125,2.234375,2.09375,2.1875,2.3125,2.09375,2.15625,2.078125,2.0625,2.109375,2.015625,2.140625,2.046875,2.015625,2.09375,2.109375,2.078125,2.078125,1.96875,2.125,2.0625,2.078125,1.96875,1.8515625,1.9453125,2.015625,1.9921875,1.90625,2.0625,1.8828125,1.9375,1.9375,2.078125,1.96875,2.046875,1.9453125,1.953125,1.921875,1.875,1.9453125,1.7890625,1.8359375,1.8125,1.9296875,1.859375,1.78125,1.6953125,1.7421875,2.015625,1.875,1.7109375,1.8046875,1.875,1.8125,1.8125,1.828125,1.8203125,1.828125,1.7890625,1.7890625,1.78125,1.5390625,1.6796875
Guatemala,What is the capital of Guatemala?,7.84375,5.3125,5.3125,3.953125,3.640625,3.65625,3.484375,3.296875,3.265625,3.28125,3.203125,3.171875,3.1875,3.109375,3.109375,3.046875,2.9375,2.859375,2.796875,2.859375,2.6875,2.765625,2.671875,2.6875,2.671875,2.671875,2.625,2.640625,2.625,2.5,2.546875,2.515625,2.546875,2.53125,2.515625,2.46875,2.484375,2.453125,2.390625,2.46875,2.421875,2.59375,2.375,2.390625,2.375,2.359375,2.34375,2.28125,2.375,2.53125,2.28125,2.15625,2.265625,2.25,2.28125,2.21875,2.3125,2.234375,2.234375,2.25,2.21875,2.1875,2.15625,2.140625,2.1875,2.15625,2.125,2.203125,2.15625,2.15625,2.125,2.109375,2.09375,2.078125,2.0625,2.046875,2.078125,2.078125,2.0625,2.09375,2.046875,2.0,2.0,2.046875,1.9921875,2.046875,1.96875,1.96875,1.9921875,2.015625,1.9921875,1.953125,1.96875,1.9921875,1.96875,1.953125,1.953125,1.96875,1.9140625,1.90625,1.9375,1.9140625,1.921875,1.8828125,1.8984375,1.90625,1.8671875,1.8125,1.84375,1.8359375,1.921875,1.84375,1.8203125,2.0625,1.859375,1.90625,1.8125,1.8046875,1.765625,1.78125,1.7734375,1.859375,1.78125,1.8046875,1.7734375,1.7734375,1.734375,1.7578125
Guinea,What is the capital of Guinea?,7.90625,5.40625,5.3125,3.96875,3.6875,3.15625,3.546875,3.359375,3.328125,3.265625,3.265625,3.1875,3.0,3.15625,3.125,3.0625,2.953125,2.890625,2.796875,2.96875,2.765625,2.640625,2.71875,2.359375,2.6875,2.671875,2.578125,2.640625,2.59375,2.46875,2.53125,2.5625,2.53125,2.46875,2.53125,2.5,2.5,2.484375,2.4375,2.359375,2.453125,2.375,2.5625,2.390625,2.40625,2.375,2.34375,2.34375,2.28125,2.15625,2.5625,2.53125,2.265625,2.28125,2.171875,2.25,2.328125,2.234375,2.234375,1.46875,2.203125,2.21875,2.15625,2.171875,2.234375,2.125,2.125,2.015625,2.0625,2.125,2.109375,2.125,2.109375,2.09375,2.09375,2.15625,2.0625,2.078125,2.0625,2.0625,2.046875,2.046875,2.015625,2.046875,2.015625,1.96875,2.0625,2.015625,1.9453125,2.015625,1.9921875,1.9921875,1.9921875,1.96875,1.9921875,1.953125,1.9375,1.96875,1.921875,1.8984375,1.8671875,1.8984375,1.9140625,1.8515625,1.8671875,1.90625,1.8671875,1.875,1.8671875,1.859375,1.96875,1.8671875,1.8203125,1.875,1.8203125,1.953125,1.734375,1.828125,1.8359375,1.8125,1.7734375,1.7734375,1.78125,1.78125,1.7734375,1.7734375,1.6796875,1.7578125
Guyana,What is the capital of Guyana?,7.84375,5.375,5.28125,3.953125,3.65625,3.59375,3.5,3.328125,3.328125,3.265625,3.203125,3.15625,2.9375,3.109375,3.09375,3.03125,2.9375,2.875,2.8125,2.859375,2.71875,2.765625,2.703125,2.765625,2.671875,2.703125,2.640625,2.625,2.59375,2.578125,2.484375,2.53125,2.53125,2.5,2.5,2.5,2.484375,2.4375,2.4375,2.4375,2.421875,2.484375,2.40625,2.40625,2.4375,2.34375,2.375,2.453125,2.3125,2.5,2.359375,2.234375,2.25,2.265625,2.265625,2.3125,2.359375,2.21875,2.203125,1.8984375,2.1875,2.234375,2.171875,2.125,2.171875,2.171875,2.1875,2.015625,2.15625,2.203125,2.1875,2.109375,2.109375,2.09375,2.09375,2.09375,2.046875,2.078125,2.0625,2.046875,2.046875,2.078125,2.046875,2.046875,1.96875,2.046875,2.015625,1.9921875,1.9921875,2.015625,1.9453125,1.96875,1.9921875,2.046875,1.96875,1.9375,1.9296875,1.8828125,1.921875,1.953125,1.9296875,1.8203125,1.8984375,1.9375,1.8203125,1.90625,1.859375,1.8359375,1.8828125,1.859375,1.8671875,1.8359375,1.8515625,1.9140625,1.78125,1.7734375,1.859375,1.8046875,1.8125,1.8046875,1.765625,1.8359375,1.7734375,1.7734375,1.765625,1.78125,1.578125,1.7421875
Haiti,What is the capital of Haiti?,7.96875,5.40625,5.34375,4.0,3.65625,3.484375,3.5625,3.375,3.359375,3.28125,3.234375,3.21875,3.265625,3.15625,3.140625,3.09375,2.984375,2.90625,2.796875,2.890625,2.75,2.671875,2.75,2.609375,2.703125,2.703125,2.671875,2.671875,2.609375,2.625,2.578125,2.5625,2.546875,2.484375,2.53125,2.5,2.53125,2.484375,2.453125,2.484375,2.453125,2.5,2.5,2.375,2.375,2.359375,2.390625,2.4375,2.4375,2.109375,2.109375,2.078125,2.28125,2.25,2.234375,2.265625,2.09375,2.25,2.21875,1.8671875,2.234375,2.21875,2.1875,2.1875,2.203125,2.15625,2.140625,2.0,2.109375,2.109375,2.203125,2.125,2.125,2.125,2.109375,2.078125,2.0625,2.078125,2.078125,2.078125,2.078125,2.0625,2.046875,2.046875,2.046875,2.046875,2.046875,2.046875,2.046875,2.0,2.0,2.0,1.9921875,1.9921875,1.9921875,1.96875,1.9453125,1.9296875,1.9296875,1.9140625,1.9140625,1.9375,1.9296875,1.875,1.859375,1.9140625,1.875,1.8671875,1.875,1.8515625,1.953125,1.859375,1.8984375,1.75,1.84375,1.8828125,1.7890625,1.8203125,1.84375,1.828125,1.828125,1.84375,1.8046875,1.7890625,1.7890625,1.7890625,1.6796875,1.7578125
Honduras,What is the capital of Honduras?,7.9375,5.34375,5.3125,3.96875,3.65625,3.59375,3.515625,3.359375,3.34375,3.28125,3.25,3.1875,3.328125,3.140625,3.109375,3.0625,2.96875,2.90625,2.8125,2.875,2.71875,2.796875,2.703125,2.875,2.6875,2.65625,2.59375,2.640625,2.640625,2.53125,2.5625,2.53125,2.578125,2.546875,2.515625,2.515625,2.515625,2.46875,2.453125,2.53125,2.4375,2.421875,2.453125,2.359375,2.40625,2.34375,2.28125,2.421875,2.390625,2.421875,2.15625,2.125,2.28125,2.28125,2.34375,2.203125,2.359375,2.234375,2.21875,2.40625,2.203125,2.234375,2.15625,2.15625,2.1875,2.125,2.15625,2.171875,2.171875,2.171875,2.21875,2.109375,2.125,2.09375,2.078125,2.125,2.0625,2.078125,2.0625,2.078125,2.046875,2.0625,2.046875,2.0625,2.015625,2.078125,1.953125,2.0,2.046875,2.015625,1.9921875,1.9921875,1.9921875,2.015625,1.9921875,1.9375,1.9453125,1.921875,1.921875,1.90625,1.96875,1.921875,1.9140625,1.9140625,1.953125,1.9140625,1.875,1.84375,1.8515625,1.8828125,1.7890625,1.859375,1.8828125,2.28125,1.8515625,1.953125,1.8046875,1.8125,1.8203125,1.8125,1.8203125,1.8515625,1.78125,1.7890625,1.765625,1.7734375,1.8359375,1.7734375
Hungary,What is the capital of Hungary?,7.96875,5.40625,5.3125,3.984375,3.65625,3.453125,3.5625,3.40625,3.34375,3.296875,3.265625,3.203125,3.296875,3.171875,3.125,3.0625,2.984375,2.90625,2.84375,2.65625,2.765625,2.671875,2.71875,2.84375,2.703125,2.671875,2.59375,2.65625,2.625,2.609375,2.546875,2.5625,2.5625,2.5,2.53125,2.515625,2.546875,2.46875,2.453125,2.390625,2.453125,2.3125,2.453125,2.40625,2.359375,2.375,2.328125,2.109375,2.203125,2.203125,2.421875,2.375,2.28125,2.265625,2.265625,2.21875,2.21875,2.234375,2.234375,2.21875,2.203125,2.234375,2.171875,2.171875,2.203125,2.125,2.109375,2.140625,2.109375,2.09375,2.0,2.125,2.140625,2.09375,2.09375,2.171875,2.0625,2.078125,2.0625,2.078125,2.046875,2.046875,2.015625,2.015625,2.0625,1.9921875,2.046875,2.015625,1.953125,2.0,1.96875,1.9921875,1.9921875,1.9375,1.9921875,1.953125,1.9296875,1.875,1.9296875,1.8671875,1.8671875,1.96875,1.921875,1.90625,1.9921875,1.921875,1.8671875,1.90625,1.84375,1.84375,1.8828125,1.8828125,1.8671875,1.8828125,1.8671875,1.8828125,1.8046875,1.8203125,1.84375,1.828125,1.8515625,1.8046875,1.7734375,1.78125,1.7734375,1.78125,1.8203125,1.7578125
Iceland,What is the capital of Iceland?,7.90625,5.375,5.28125,3.96875,3.625,3.46875,3.515625,3.375,3.34375,3.28125,3.265625,3.1875,3.0,3.140625,3.109375,3.046875,2.984375,2.90625,2.828125,2.6875,2.765625,2.640625,2.6875,2.609375,2.765625,2.671875,2.640625,2.625,2.640625,2.578125,2.515625,2.546875,2.5625,2.453125,2.53125,2.5,2.53125,2.484375,2.4375,2.421875,2.453125,2.4375,2.328125,2.375,2.34375,2.375,2.421875,2.359375,2.328125,2.3125,2.109375,2.65625,2.28125,2.28125,2.25,2.1875,2.109375,2.25,2.234375,1.9921875,2.1875,2.25,2.203125,2.140625,2.171875,2.15625,2.09375,2.171875,2.109375,2.015625,2.15625,2.125,2.125,2.125,2.0625,2.09375,2.046875,2.09375,2.0625,2.0625,2.046875,2.0625,2.0625,2.109375,2.046875,1.9921875,2.046875,2.015625,2.0,2.015625,1.953125,2.0,1.9921875,1.9453125,1.9921875,1.9453125,1.9296875,1.703125,1.8828125,1.875,1.9453125,1.9921875,1.921875,1.921875,1.7578125,1.921875,1.9375,1.8984375,1.921875,1.859375,1.9453125,1.8828125,1.8984375,1.703125,1.8359375,1.9296875,1.875,1.8046875,1.8515625,1.8359375,1.8203125,1.78125,1.7734375,1.7890625,1.765625,1.78125,1.8125,1.7265625
India,What is the capital of India?,7.9375,5.40625,5.34375,4.0,3.703125,3.890625,3.53125,3.40625,3.359375,3.296875,3.28125,3.203125,3.1875,3.15625,3.140625,3.078125,2.96875,2.90625,2.84375,2.671875,2.765625,2.65625,2.75,2.359375,2.71875,2.65625,2.515625,2.65625,2.625,2.625,2.515625,2.578125,2.546875,2.46875,2.53125,2.515625,2.546875,2.5,2.453125,2.421875,2.453125,2.265625,2.359375,2.421875,2.28125,2.375,2.328125,2.140625,2.234375,2.4375,2.265625,2.15625,2.3125,2.28125,2.1875,2.1875,2.234375,2.25,2.25,2.59375,2.21875,2.234375,2.171875,2.1875,2.1875,2.140625,2.0625,2.046875,2.046875,2.015625,1.9140625,2.125,2.140625,2.109375,2.09375,2.15625,2.078125,2.109375,2.0625,2.0625,2.078125,2.0625,2.046875,2.046875,2.046875,1.9453125,2.125,2.046875,1.9921875,2.015625,1.96875,1.96875,2.0,1.875,2.0,1.96875,1.953125,1.8671875,1.9375,1.7734375,1.90625,1.8828125,1.9296875,1.84375,1.8515625,1.9375,1.9140625,1.90625,1.84375,1.8515625,1.859375,1.8984375,1.8671875,1.4140625,1.8515625,1.96875,1.828125,1.8203125,1.859375,1.8359375,1.8359375,1.75,1.78125,1.8046875,1.78125,1.8046875,1.921875,1.7890625
Indonesia,What is the capital of Indonesia?,7.84375,5.4375,5.25,3.953125,3.6875,3.625,3.53125,3.34375,3.28125,3.265625,3.21875,3.15625,3.203125,3.09375,3.09375,3.0,2.953125,2.890625,2.828125,2.828125,2.703125,2.703125,2.71875,2.65625,2.65625,2.671875,2.53125,2.609375,2.609375,2.625,2.53125,2.53125,2.515625,2.5,2.5,2.484375,2.484375,2.46875,2.46875,2.421875,2.421875,2.3125,2.25,2.390625,2.375,2.375,2.421875,2.3125,2.421875,2.4375,2.390625,2.328125,2.265625,2.25,2.25,2.203125,2.1875,2.21875,2.21875,2.40625,2.1875,2.21875,2.21875,2.109375,2.09375,2.140625,2.125,1.96875,2.109375,2.125,2.0625,2.109375,2.109375,2.0625,2.09375,2.140625,2.078125,2.0625,2.0625,2.015625,2.015625,2.046875,2.015625,2.109375,1.9921875,1.96875,2.015625,1.96875,2.015625,2.015625,1.96875,1.8828125,1.9921875,1.9453125,1.96875,1.9453125,1.953125,1.8359375,1.9453125,1.8671875,1.9375,1.875,1.90625,1.8515625,1.90625,1.8828125,1.921875,1.859375,1.859375,1.8671875,1.78125,1.8359375,1.8515625,1.6328125,1.8203125,1.8203125,1.84375,1.7890625,1.7890625,1.8046875,1.7890625,1.8125,1.7734375,1.7734375,1.75,1.7734375,1.8984375,1.8046875
Iran,What is the capital of Iran?,8.0,5.4375,5.34375,4.0,3.640625,3.734375,3.53125,3.421875,3.390625,3.296875,3.296875,3.21875,3.265625,3.171875,3.140625,3.09375,3.015625,2.921875,2.84375,2.703125,2.78125,2.71875,2.703125,2.703125,2.703125,2.6875,2.71875,2.671875,2.625,2.765625,2.5,2.59375,2.5625,2.53125,2.53125,2.515625,2.5625,2.484375,2.46875,2.421875,2.46875,2.421875,2.5,2.40625,2.375,2.34375,2.5,2.21875,2.34375,2.484375,2.328125,2.390625,2.3125,2.28125,2.25,2.25,2.140625,2.25,2.234375,2.15625,2.234375,2.21875,2.1875,2.1875,2.21875,2.171875,2.140625,2.140625,2.09375,2.203125,2.0625,2.125,2.140625,2.109375,2.09375,2.15625,2.078125,2.109375,2.046875,2.0625,2.078125,2.0,2.046875,2.0625,2.046875,2.0,2.015625,2.046875,2.109375,2.015625,1.96875,1.9921875,2.0,1.96875,1.9921875,1.953125,1.953125,1.859375,1.9296875,1.921875,1.8984375,1.9140625,1.9375,1.9453125,1.828125,1.9296875,1.921875,1.9140625,1.859375,1.84375,1.828125,1.875,1.90625,1.609375,1.8671875,1.9375,1.8359375,1.84375,1.8671875,1.84375,1.8515625,1.8125,1.8125,1.8046875,1.78125,1.7890625,1.7578125,1.7890625
Iraq,What is the capital of Iraq?,8.0,5.46875,5.34375,4.0,3.703125,3.609375,3.546875,3.296875,3.3125,3.28125,3.234375,3.203125,3.4375,3.171875,3.140625,3.078125,3.015625,2.921875,2.8125,2.765625,2.703125,2.65625,2.703125,2.890625,2.640625,2.671875,2.65625,2.65625,2.640625,2.5625,2.5625,2.59375,2.5,2.515625,2.484375,2.484375,2.515625,2.46875,2.46875,2.375,2.4375,2.4375,2.421875,2.375,2.390625,2.375,2.390625,2.328125,2.34375,2.5,2.15625,2.40625,2.28125,2.25,2.171875,2.328125,2.015625,2.21875,2.1875,2.203125,2.21875,2.15625,2.171875,2.125,2.15625,2.171875,2.09375,2.1875,2.0625,2.25,2.0625,2.109375,2.078125,2.140625,2.09375,2.0625,2.109375,2.0625,2.046875,2.0625,2.0625,2.0,2.0,1.96875,1.9921875,1.953125,2.015625,2.0,2.078125,1.96875,2.0,1.9375,2.046875,1.953125,1.96875,1.953125,1.953125,1.9140625,1.9296875,1.859375,1.8671875,1.9375,1.9140625,1.90625,1.8125,1.90625,1.8984375,1.8984375,1.875,1.8359375,1.859375,1.828125,1.84375,1.703125,1.8984375,1.90625,1.8671875,1.8671875,1.8359375,1.8203125,1.8359375,1.765625,1.7734375,1.8046875,1.7734375,1.8125,1.6796875,1.78125
Ireland,What is the capital of Ireland?,7.90625,5.375,5.28125,3.953125,3.65625,3.625,3.515625,3.375,3.296875,3.265625,3.21875,3.171875,3.21875,3.15625,3.109375,3.03125,2.953125,2.890625,2.8125,2.6875,2.75,2.6875,2.703125,2.6875,2.6875,2.71875,2.671875,2.625,2.609375,2.625,2.53125,2.5625,2.53125,2.515625,2.5,2.46875,2.46875,2.484375,2.46875,2.421875,2.4375,2.5,2.421875,2.421875,2.390625,2.359375,2.4375,2.328125,2.25,2.28125,2.171875,2.46875,2.3125,2.265625,2.234375,2.21875,2.1875,2.234375,2.203125,1.9921875,2.1875,2.21875,2.1875,2.125,2.171875,2.15625,2.15625,2.0625,2.125,2.09375,2.171875,2.125,2.109375,2.109375,2.078125,2.171875,2.046875,2.0625,2.078125,2.046875,2.015625,2.09375,2.015625,2.046875,1.9921875,2.046875,2.0625,2.0,2.015625,2.0,1.953125,1.9921875,1.9921875,1.96875,1.96875,1.9140625,1.9296875,1.8828125,1.9140625,1.9296875,1.953125,1.9921875,1.9140625,1.875,1.8984375,1.9140625,1.921875,1.875,1.8828125,1.8671875,1.78125,1.859375,1.84375,1.6484375,1.8359375,1.921875,1.8515625,1.8203125,1.8203125,1.828125,1.765625,1.8671875,1.7578125,1.7734375,1.7578125,1.7578125,1.8046875,1.7734375
Israel,What is the capital of Israel?,7.96875,5.40625,5.3125,3.984375,3.671875,3.859375,3.53125,3.421875,3.359375,3.296875,3.28125,3.203125,3.296875,3.15625,3.125,3.0625,2.984375,2.90625,2.84375,2.796875,2.765625,2.71875,2.75,2.6875,2.71875,2.6875,2.625,2.640625,2.625,2.59375,2.5,2.578125,2.546875,2.546875,2.53125,2.515625,2.5625,2.46875,2.453125,2.421875,2.453125,2.453125,2.421875,2.421875,2.375,2.359375,2.5625,2.265625,2.375,2.3125,2.234375,2.40625,2.3125,2.28125,2.234375,2.25,2.09375,2.25,2.234375,2.265625,2.203125,2.234375,2.21875,2.171875,2.203125,2.1875,2.09375,2.28125,2.109375,2.140625,2.109375,2.109375,2.140625,2.109375,2.078125,2.15625,2.09375,2.09375,2.078125,2.0625,2.0625,2.0625,2.046875,2.046875,2.046875,2.015625,2.0,2.046875,2.046875,2.0,1.9453125,1.9921875,2.0,1.953125,1.9921875,1.953125,1.9453125,1.7734375,1.90625,1.9296875,1.8984375,2.0,1.921875,1.9296875,1.9296875,1.921875,1.9140625,1.90625,1.8828125,1.8671875,1.8515625,1.8984375,1.8828125,1.546875,1.859375,1.8828125,1.875,1.8203125,1.8828125,1.8359375,1.84375,1.75,1.7734375,1.78125,1.7734375,1.7890625,1.7421875,1.7734375
Italy,What is the capital of Italy?,7.9375,5.40625,5.3125,3.96875,3.671875,3.765625,3.5625,3.390625,3.328125,3.296875,3.234375,3.203125,3.25,3.15625,3.125,3.0625,2.96875,2.890625,2.8125,2.671875,2.765625,2.609375,2.71875,2.5625,2.703125,2.71875,2.609375,2.65625,2.625,2.578125,2.53125,2.5625,2.546875,2.453125,2.53125,2.5,2.515625,2.484375,2.46875,2.34375,2.453125,2.3125,2.453125,2.421875,2.328125,2.375,2.34375,1.96875,2.25,2.375,2.328125,2.3125,2.3125,2.265625,2.203125,2.21875,2.234375,2.25,2.234375,2.328125,2.203125,2.234375,2.1875,2.171875,2.15625,2.171875,2.0625,2.125,2.078125,2.0625,1.875,2.125,2.109375,2.125,2.09375,2.109375,2.078125,2.078125,2.09375,2.0625,2.0625,2.0625,2.046875,2.0,2.046875,1.90625,2.046875,2.015625,1.9921875,2.0,1.9921875,1.9921875,2.0,1.9453125,1.9921875,1.953125,1.953125,1.8671875,1.9375,1.7890625,1.8515625,1.9921875,1.921875,1.8359375,1.953125,1.90625,1.9296875,1.8828125,1.8515625,1.8671875,1.90625,1.8828125,1.859375,1.625,1.8359375,1.9140625,1.828125,1.828125,1.8359375,1.828125,1.8125,1.8046875,1.7734375,1.78125,1.7734375,1.7734375,1.84375,1.7578125
Ivory Coast,What is the capital of Ivory Coast?,7.8125,5.375,5.25,3.921875,3.640625,3.3125,3.53125,3.34375,3.28125,3.234375,3.171875,3.171875,2.953125,3.09375,3.109375,3.046875,2.875,2.8125,2.78125,2.875,2.71875,2.8125,2.703125,2.484375,2.65625,2.6875,2.8125,2.625,2.578125,2.53125,2.65625,2.46875,2.5,2.65625,2.5,2.484375,2.40625,2.4375,2.4375,2.546875,2.40625,2.421875,2.453125,2.375,2.34375,2.375,2.375,2.546875,2.46875,2.359375,2.40625,2.0,2.234375,2.234375,2.265625,2.265625,2.125,2.25,2.21875,2.40625,2.203125,2.171875,2.21875,2.25,2.1875,2.171875,2.21875,2.109375,2.203125,2.125,2.234375,2.09375,2.0625,2.09375,2.09375,2.0,2.0625,2.0625,2.0625,2.015625,2.0625,2.0625,2.046875,1.96875,1.9921875,2.0625,1.9921875,1.96875,1.8984375,1.9921875,2.046875,2.0,1.8984375,2.078125,1.9140625,1.9140625,1.90625,2.109375,1.921875,2.046875,1.953125,1.9140625,1.8828125,1.953125,2.078125,1.8828125,1.90625,1.859375,1.9296875,1.8828125,1.921875,1.8359375,1.7578125,1.8046875,1.8046875,1.6796875,1.859375,1.78125,1.8203125,1.8046875,1.75,1.765625,1.8046875,1.828125,1.78125,1.7421875,1.7109375,1.7265625
Jamaica,What is the capital of Jamaica?,7.96875,5.40625,5.3125,4.0,3.671875,3.390625,3.53125,3.421875,3.375,3.28125,3.296875,3.203125,3.03125,3.15625,3.125,3.0625,2.96875,2.921875,2.828125,2.953125,2.765625,2.78125,2.75,2.65625,2.75,2.703125,2.59375,2.640625,2.640625,2.546875,2.578125,2.578125,2.578125,2.515625,2.546875,2.515625,2.5625,2.484375,2.4375,2.4375,2.46875,2.453125,2.453125,2.421875,2.421875,2.359375,2.53125,2.1875,2.421875,2.421875,2.34375,2.203125,2.3125,2.3125,2.265625,2.203125,2.25,2.265625,2.25,1.84375,2.203125,2.234375,2.171875,2.171875,2.21875,2.125,2.125,2.0,2.140625,2.09375,2.171875,2.125,2.140625,2.125,2.109375,2.125,2.0625,2.09375,2.09375,2.078125,2.0625,2.078125,2.046875,2.046875,2.046875,2.0625,2.0625,2.046875,2.0,2.015625,2.015625,2.0,2.0,1.9921875,2.0,1.953125,1.9375,1.9296875,1.9296875,1.9375,1.9375,1.8125,1.921875,1.90625,1.8984375,1.9375,1.9140625,1.8984375,1.8671875,1.859375,1.90625,1.8828125,1.8984375,1.75,1.8671875,1.828125,1.8359375,1.8203125,1.859375,1.828125,1.8359375,1.8203125,1.7734375,1.8046875,1.7734375,1.7890625,1.6640625,1.75
Japan,What is the capital of Japan?,7.96875,5.375,5.34375,4.0,3.640625,3.859375,3.53125,3.421875,3.375,3.296875,3.28125,3.21875,3.25,3.171875,3.140625,3.078125,2.984375,2.921875,2.84375,2.515625,2.765625,2.796875,2.71875,2.546875,2.75,2.671875,2.53125,2.65625,2.625,2.609375,2.53125,2.578125,2.5625,2.546875,2.546875,2.515625,2.5625,2.484375,2.453125,2.46875,2.46875,2.40625,2.421875,2.40625,2.34375,2.34375,2.40625,1.8203125,2.265625,2.390625,2.21875,2.25,2.3125,2.28125,2.265625,2.171875,2.21875,2.25,2.25,2.578125,2.21875,2.234375,2.140625,2.203125,2.21875,2.171875,2.109375,2.046875,2.109375,1.96875,2.0,2.109375,2.140625,2.109375,2.078125,2.09375,2.0625,2.09375,2.0625,2.0625,2.078125,2.046875,2.015625,2.046875,2.046875,1.96875,2.0625,2.0625,2.0,2.015625,1.9921875,1.9921875,1.96875,1.953125,2.0,1.96875,1.9453125,1.78125,1.921875,1.8671875,1.8984375,1.90625,1.9296875,1.859375,1.9296875,1.9296875,1.9140625,1.9140625,1.8359375,1.84375,1.8984375,1.8984375,1.8984375,1.4609375,1.8515625,2.046875,1.8359375,1.8203125,1.8671875,1.828125,1.859375,1.7578125,1.78125,1.7890625,1.7890625,1.7890625,1.921875,1.7421875
Jordan,What is the capital of Jordan?,7.96875,5.375,5.3125,3.984375,3.65625,3.75,3.5625,3.421875,3.375,3.296875,3.28125,3.203125,3.015625,3.171875,3.125,3.0625,2.96875,2.90625,2.828125,2.453125,2.765625,2.796875,2.71875,2.84375,2.71875,2.671875,2.625,2.640625,2.625,2.609375,2.53125,2.578125,2.5625,2.625,2.53125,2.515625,2.5625,2.46875,2.4375,2.421875,2.46875,2.5,2.546875,2.4375,2.4375,2.359375,2.3125,2.3125,2.15625,2.484375,2.578125,2.3125,2.3125,2.28125,2.28125,2.25,2.328125,2.25,2.234375,2.171875,2.21875,2.234375,2.15625,2.171875,2.21875,2.171875,2.125,2.15625,2.15625,2.109375,1.96875,2.109375,2.140625,2.125,2.09375,2.09375,2.0625,2.09375,2.046875,2.078125,2.0625,2.0625,2.015625,2.015625,2.046875,2.0625,2.046875,2.046875,2.015625,1.9921875,1.9921875,2.0,1.9921875,1.9921875,1.9921875,1.953125,1.9375,1.8828125,1.9296875,1.953125,1.9296875,1.859375,1.921875,1.953125,1.8828125,1.9296875,1.8828125,1.90625,1.9140625,1.859375,1.96875,1.8828125,1.875,1.90625,1.875,1.921875,1.8046875,1.8203125,1.8671875,1.8203125,1.8515625,1.765625,1.7734375,1.7890625,1.7734375,1.7890625,1.8046875,1.734375
Kazakhstan,What is the capital of Kazakhstan?,8.0,5.40625,5.28125,3.96875,3.65625,3.3125,3.546875,3.3125,3.3125,3.234375,3.203125,3.1875,3.125,3.15625,3.125,3.046875,3.0,2.890625,2.875,2.859375,2.6875,2.78125,2.703125,2.875,2.640625,2.65625,2.65625,2.640625,2.640625,2.640625,2.53125,2.53125,2.53125,2.578125,2.5,2.484375,2.46875,2.390625,2.46875,2.46875,2.46875,2.421875,2.453125,2.390625,2.40625,2.375,2.359375,2.390625,2.40625,2.203125,2.21875,2.359375,2.234375,2.234375,2.328125,2.203125,2.15625,2.1875,2.171875,1.953125,2.203125,2.1875,2.21875,2.140625,2.171875,2.125,2.140625,2.21875,2.171875,2.09375,2.140625,2.09375,2.09375,2.078125,2.078125,2.0625,2.0625,2.015625,2.046875,2.0625,2.046875,2.0,2.0,2.015625,2.046875,2.078125,2.0625,1.96875,2.046875,1.9453125,1.9921875,1.9140625,1.9921875,1.96875,1.9140625,1.9140625,1.9296875,1.9140625,1.90625,1.9375,1.9296875,1.90625,1.8828125,1.953125,1.8125,1.8515625,1.9140625,1.875,1.8359375,1.859375,1.84375,1.7734375,1.90625,1.703125,1.84375,1.90625,1.7890625,1.8359375,1.8125,1.8125,1.828125,1.828125,1.7734375,1.75,1.765625,1.765625,1.75,1.7578125
Kenya,What is the capital of Kenya?,7.90625,5.375,5.28125,3.984375,3.671875,3.65625,3.53125,3.390625,3.359375,3.28125,3.265625,3.1875,3.03125,3.140625,3.109375,3.046875,2.96875,2.90625,2.84375,2.765625,2.75,2.71875,2.71875,2.703125,2.671875,2.65625,2.671875,2.625,2.625,2.765625,2.546875,2.5625,2.546875,2.578125,2.515625,2.5,2.5,2.484375,2.484375,2.4375,2.4375,2.46875,2.5,2.40625,2.4375,2.375,2.421875,2.328125,2.46875,2.5,2.265625,2.328125,2.28125,2.28125,2.265625,2.28125,2.25,2.234375,2.234375,2.375,2.1875,2.234375,2.171875,2.140625,2.1875,2.140625,2.171875,2.109375,2.15625,2.28125,2.140625,2.125,2.109375,2.078125,2.078125,2.09375,2.0625,2.0625,2.046875,2.015625,2.015625,2.078125,2.046875,2.09375,2.0,2.0625,2.046875,2.0,2.015625,2.015625,2.0,1.9921875,2.0,1.953125,1.96875,1.9296875,1.9453125,1.921875,1.9296875,1.953125,1.96875,1.90625,1.9296875,2.015625,1.8984375,1.90625,1.9140625,1.8828125,1.8984375,1.859375,1.8984375,1.859375,1.8515625,1.7734375,1.828125,1.7734375,1.828125,1.8125,1.8203125,1.8203125,1.7890625,1.765625,1.78125,1.765625,1.765625,1.765625,1.7265625,1.7578125
Kiribati,What is the capital of Kiribati?,7.90625,5.4375,5.3125,4.03125,3.734375,3.5,3.53125,3.296875,3.359375,3.171875,3.265625,3.21875,3.078125,3.125,3.171875,3.09375,3.046875,2.71875,2.765625,2.96875,2.671875,2.796875,2.703125,2.671875,2.671875,2.640625,2.71875,2.671875,2.5625,2.5,2.609375,2.453125,2.390625,2.609375,2.515625,2.515625,2.328125,2.578125,2.46875,2.5625,2.484375,2.484375,2.328125,2.4375,2.40625,2.46875,2.40625,2.65625,2.3125,2.34375,2.640625,2.265625,2.1875,2.390625,2.3125,2.265625,2.25,2.1875,2.21875,2.46875,2.265625,2.171875,2.1875,2.4375,2.15625,2.140625,2.1875,2.25,2.1875,2.09375,2.265625,2.140625,2.0,2.015625,2.15625,1.96875,2.109375,2.0625,2.015625,2.0625,2.140625,2.09375,2.046875,1.9453125,2.171875,2.0625,2.0,1.96875,1.828125,1.9453125,2.015625,1.953125,1.7578125,2.0,1.828125,1.859375,1.921875,2.078125,1.96875,2.0,1.9453125,1.9453125,1.875,1.953125,1.9140625,1.75,1.90625,1.8203125,1.9375,1.90625,1.859375,1.65625,1.6640625,1.6484375,1.8046875,1.921875,1.875,1.875,1.84375,1.7734375,1.7109375,1.7734375,1.8515625,1.78125,1.7890625,1.7265625,1.7421875,1.765625
Kuwait,What is the capital of Kuwait?,7.96875,5.46875,5.3125,4.0,3.671875,3.65625,3.53125,3.421875,3.359375,3.296875,3.28125,3.203125,2.96875,3.15625,3.109375,3.0625,2.984375,2.921875,2.84375,2.640625,2.765625,2.78125,2.6875,2.765625,2.71875,2.703125,2.703125,2.640625,2.640625,2.46875,2.53125,2.5625,2.5625,2.59375,2.53125,2.515625,2.5625,2.484375,2.453125,2.46875,2.453125,2.390625,2.5,2.390625,2.421875,2.359375,2.46875,2.328125,2.390625,2.375,2.484375,2.3125,2.3125,2.3125,2.3125,2.25,2.171875,2.25,2.25,2.140625,2.203125,2.234375,2.1875,2.171875,2.21875,2.171875,2.171875,2.234375,2.1875,2.140625,2.015625,2.125,2.140625,2.109375,2.125,2.125,2.0625,2.09375,2.015625,2.0625,2.0625,2.046875,2.046875,2.046875,2.015625,2.09375,2.078125,2.015625,1.96875,2.015625,1.9921875,1.9921875,2.0,1.953125,2.0,1.953125,1.953125,1.9296875,1.9296875,1.953125,1.9375,1.8671875,1.9296875,1.9453125,1.8125,1.9296875,1.8984375,1.8984375,1.875,1.84375,1.8046875,1.8984375,1.8828125,1.671875,1.875,1.7421875,1.8984375,1.8203125,1.859375,1.8359375,1.84375,1.7734375,1.7734375,1.8046875,1.7734375,1.7890625,1.6640625,1.8046875
Kyrgyzstan,What is the capital of Kyrgyzstan?,8.0,5.375,5.3125,3.984375,3.65625,3.359375,3.5625,3.390625,3.34375,3.28125,3.25,3.203125,3.140625,3.171875,3.125,3.0625,3.0,2.921875,2.84375,2.90625,2.765625,2.75,2.703125,2.84375,2.703125,2.625,2.609375,2.65625,2.625,2.625,2.515625,2.5625,2.5625,2.5625,2.53125,2.5,2.515625,2.46875,2.46875,2.484375,2.46875,2.515625,2.46875,2.390625,2.421875,2.375,2.390625,2.359375,2.390625,2.515625,2.0625,2.421875,2.28125,2.265625,2.328125,2.234375,2.171875,2.234375,2.21875,2.46875,2.203125,2.21875,2.171875,2.15625,2.21875,2.125,2.15625,2.1875,2.171875,2.09375,2.125,2.125,2.125,2.109375,2.09375,2.046875,2.046875,2.078125,2.046875,2.078125,2.046875,2.0,2.015625,2.046875,2.046875,2.0625,2.015625,2.015625,2.0625,2.0,1.96875,1.9921875,2.0,1.9921875,1.9921875,1.953125,1.953125,1.9140625,1.9140625,1.9375,1.9453125,1.90625,1.921875,1.9375,1.828125,1.9140625,1.859375,1.90625,1.8359375,1.859375,1.828125,1.859375,1.8828125,1.9140625,1.8515625,1.78125,1.8203125,1.828125,1.84375,1.828125,1.828125,1.8203125,1.7734375,1.78125,1.7734375,1.78125,1.8203125,1.765625
Laos,What is the capital of Laos?,7.9375,5.375,5.28125,3.984375,3.65625,3.84375,3.515625,3.421875,3.34375,3.265625,3.265625,3.203125,3.203125,3.15625,3.109375,3.046875,2.96875,2.90625,2.828125,2.75,2.75,2.796875,2.71875,2.6875,2.71875,2.6875,2.703125,2.625,2.625,2.609375,2.53125,2.5625,2.5625,2.578125,2.53125,2.5,2.546875,2.46875,2.421875,2.515625,2.453125,2.5625,2.578125,2.40625,2.46875,2.359375,2.09375,2.375,2.203125,2.359375,2.34375,2.125,2.3125,2.28125,2.3125,2.234375,2.328125,2.25,2.234375,2.484375,2.1875,2.234375,2.125,2.15625,2.21875,2.15625,2.15625,1.96875,2.203125,2.140625,2.1875,2.109375,2.125,2.125,2.09375,2.015625,2.046875,2.09375,2.078125,2.0625,2.046875,2.046875,2.046875,2.046875,2.015625,2.0625,1.9921875,2.015625,2.0625,2.015625,2.046875,1.9921875,2.0,1.9921875,2.0,1.953125,1.9453125,2.046875,1.90625,1.9375,1.953125,2.0,1.9140625,1.9296875,1.96875,1.9296875,1.875,1.8828125,1.875,1.8828125,1.7890625,1.875,1.8828125,1.953125,1.859375,1.9375,1.828125,1.8125,1.8515625,1.8125,1.8203125,1.8359375,1.7578125,1.78125,1.7578125,1.7890625,1.875,1.765625
Latvia,What is the capital of Latvia?,8.0,5.34375,5.34375,4.0,3.65625,4.03125,3.59375,3.34375,3.34375,3.296875,3.28125,3.203125,3.296875,3.171875,3.140625,3.046875,2.96875,2.875,2.84375,2.671875,2.71875,2.71875,2.703125,2.625,2.703125,2.6875,2.640625,2.65625,2.640625,2.53125,2.546875,2.546875,2.546875,2.46875,2.546875,2.53125,2.53125,2.484375,2.46875,2.421875,2.453125,2.5,2.53125,2.40625,2.421875,2.375,2.3125,2.0,2.28125,2.21875,2.40625,2.09375,2.265625,2.28125,2.234375,2.234375,2.359375,2.21875,2.234375,1.9921875,2.21875,2.21875,2.171875,2.1875,2.1875,2.1875,2.0625,2.203125,2.109375,2.125,2.15625,2.125,2.109375,2.078125,2.09375,2.15625,2.09375,2.078125,2.078125,2.125,2.0625,2.015625,2.015625,2.0,2.0625,2.0,1.9921875,2.0,1.9921875,1.9921875,2.015625,1.9453125,1.96875,1.9453125,1.96875,1.96875,1.9453125,1.875,1.953125,1.8984375,1.8984375,1.9921875,1.8984375,1.8828125,1.953125,1.8828125,1.859375,1.8984375,1.8671875,1.8671875,1.875,1.8359375,1.8515625,1.921875,1.9140625,1.9296875,1.8359375,1.8359375,1.8203125,1.7890625,1.8671875,1.7890625,1.8046875,1.7734375,1.7578125,1.8125,1.8515625,1.765625
Lebanon,What is the capital of Lebanon?,7.96875,5.40625,5.34375,4.0,3.65625,3.9375,3.53125,3.375,3.375,3.296875,3.28125,3.203125,3.390625,3.171875,3.140625,3.078125,3.0,2.90625,2.828125,2.875,2.765625,2.6875,2.75,2.65625,2.71875,2.65625,2.65625,2.65625,2.640625,2.703125,2.53125,2.5625,2.546875,2.515625,2.53125,2.515625,2.546875,2.484375,2.453125,2.421875,2.46875,2.453125,2.4375,2.40625,2.375,2.34375,2.40625,2.171875,2.3125,2.46875,2.109375,2.375,2.3125,2.3125,2.234375,2.21875,2.265625,2.25,2.25,2.28125,2.234375,2.203125,2.171875,2.1875,2.1875,2.15625,2.109375,2.1875,2.078125,2.15625,2.078125,2.109375,2.125,2.140625,2.09375,2.140625,2.09375,2.09375,2.0625,2.0625,2.078125,2.0625,2.015625,2.015625,2.015625,2.0,1.9921875,2.015625,2.015625,2.0,1.9921875,2.0,2.0,1.953125,1.9921875,1.953125,1.953125,1.875,1.921875,1.8828125,1.859375,1.96875,1.9375,1.8828125,1.953125,1.9140625,1.90625,1.875,1.859375,1.859375,1.875,1.875,1.8828125,1.78125,1.875,1.8046875,1.84375,1.84375,1.84375,1.8359375,1.84375,1.8125,1.78125,1.8203125,1.78125,1.8125,1.875,1.7734375
Lesotho,What is the capital of Lesotho?,7.9375,5.40625,5.28125,3.984375,3.65625,3.46875,3.53125,3.421875,3.34375,3.265625,3.25,3.203125,3.25,3.171875,3.109375,3.0625,2.984375,2.90625,2.84375,2.890625,2.765625,2.75,2.71875,2.828125,2.6875,2.703125,2.640625,2.640625,2.640625,2.59375,2.59375,2.578125,2.5625,2.53125,2.515625,2.5,2.53125,2.453125,2.453125,2.40625,2.453125,2.390625,2.4375,2.390625,2.484375,2.390625,2.21875,2.328125,2.265625,2.046875,2.171875,2.546875,2.28125,2.265625,2.234375,2.359375,2.3125,2.25,2.234375,1.5703125,2.21875,2.234375,2.203125,2.15625,2.203125,2.1875,2.171875,2.0,2.140625,2.171875,2.203125,2.140625,2.125,2.09375,2.125,2.0625,2.0625,2.078125,2.125,2.0625,2.046875,2.09375,2.015625,2.0625,2.046875,2.046875,2.046875,2.015625,2.0625,2.0,2.0,1.9921875,2.0,1.9921875,1.96875,1.9453125,1.9453125,1.953125,1.953125,1.96875,1.9453125,1.9140625,1.9140625,1.8828125,2.046875,1.9140625,1.8125,1.875,1.8828125,1.8828125,1.8671875,1.8515625,1.8671875,1.84375,1.8671875,1.625,1.84375,1.8203125,1.828125,1.8359375,1.8203125,1.8046875,1.7734375,1.78125,1.7734375,1.78125,1.84375,1.78125
Liberia,What is the capital of Liberia?,7.875,5.34375,5.34375,3.96875,3.65625,3.703125,3.5,3.28125,3.28125,3.25,3.1875,3.203125,3.234375,3.171875,3.140625,3.078125,2.953125,2.875,2.78125,3.0625,2.71875,2.75,2.671875,2.859375,2.609375,2.703125,2.625,2.671875,2.59375,2.5625,2.5,2.53125,2.5,2.515625,2.5,2.484375,2.4375,2.40625,2.46875,2.421875,2.40625,2.515625,2.4375,2.390625,2.5,2.359375,2.375,2.34375,2.28125,2.4375,2.1875,2.21875,2.25,2.25,2.203125,2.328125,2.140625,2.171875,2.1875,2.25,2.25,2.15625,2.21875,2.15625,2.140625,2.1875,2.15625,2.171875,2.125,2.140625,2.21875,2.125,2.0625,2.078125,2.078125,2.109375,2.046875,2.046875,2.078125,2.0,2.0625,2.015625,2.046875,1.9921875,2.015625,2.046875,1.9921875,1.953125,2.0625,1.953125,2.0,1.96875,1.9921875,1.953125,1.9140625,1.9453125,1.9296875,1.8828125,1.921875,1.9453125,1.8828125,2.015625,1.9140625,1.84375,1.90625,1.859375,1.8359375,1.8515625,1.8671875,1.8828125,1.734375,1.7734375,1.8203125,2.125,1.8203125,1.8359375,1.828125,1.8359375,1.765625,1.8203125,1.8359375,1.8046875,1.8203125,1.78125,1.8125,1.7890625,1.78125,1.8046875
Libya,What is the capital of Libya?,7.96875,5.375,5.34375,3.984375,3.65625,3.671875,3.53125,3.40625,3.359375,3.296875,3.25,3.21875,3.234375,3.171875,3.140625,3.09375,2.984375,2.90625,2.84375,2.984375,2.78125,2.640625,2.6875,2.609375,2.703125,2.640625,2.640625,2.671875,2.640625,2.5625,2.53125,2.59375,2.546875,2.515625,2.53125,2.515625,2.546875,2.484375,2.46875,2.40625,2.46875,2.515625,2.4375,2.390625,2.375,2.34375,2.328125,2.390625,2.359375,2.25,2.328125,2.34375,2.28125,2.25,2.203125,2.265625,2.265625,2.25,2.21875,1.8125,2.234375,2.21875,2.21875,2.1875,2.171875,2.15625,2.109375,2.171875,2.109375,2.25,2.078125,2.125,2.125,2.109375,2.078125,2.125,2.078125,2.078125,2.046875,2.0625,2.078125,2.0,2.046875,2.046875,2.046875,1.9921875,2.015625,2.046875,2.015625,2.015625,1.9921875,1.9921875,1.9921875,1.953125,1.9921875,1.953125,1.9453125,1.875,1.9140625,1.8984375,1.859375,1.9296875,1.921875,1.8984375,1.7890625,1.921875,1.8984375,1.90625,1.859375,1.828125,1.8359375,1.8984375,1.8828125,1.875,1.859375,1.8515625,1.84375,1.84375,1.859375,1.84375,1.84375,1.8046875,1.78125,1.8046875,1.8046875,1.7890625,1.65625,1.7578125
Liechtenstein,What is the capital of Liechtenstein?,7.96875,5.40625,5.3125,3.96875,3.625,3.796875,3.546875,3.390625,3.328125,3.28125,3.25,3.203125,3.109375,3.171875,3.125,3.0625,2.984375,2.90625,2.859375,2.796875,2.75,2.796875,2.640625,2.265625,2.671875,2.671875,2.65625,2.640625,2.65625,2.6875,2.546875,2.5625,2.546875,2.5625,2.515625,2.515625,2.5,2.453125,2.46875,2.453125,2.4375,2.46875,2.234375,2.390625,2.375,2.390625,2.328125,2.453125,2.28125,2.265625,2.515625,2.234375,2.265625,2.25,2.28125,2.28125,2.3125,2.21875,2.234375,2.34375,2.203125,2.21875,2.171875,2.15625,2.1875,2.1875,2.171875,2.359375,2.21875,2.09375,2.0625,2.125,2.109375,2.09375,2.09375,2.078125,2.078125,2.0625,2.046875,2.0625,2.046875,2.0625,2.0,1.9921875,2.078125,2.09375,2.015625,2.0,1.9921875,1.96875,1.9921875,1.9921875,2.0,1.90625,1.953125,1.953125,1.9375,1.859375,1.921875,1.9921875,1.9921875,1.9296875,1.90625,1.9375,1.953125,1.90625,1.828125,1.921875,1.8359375,1.8828125,1.8046875,1.8515625,1.828125,1.9375,1.8671875,1.7265625,1.7890625,1.828125,1.8203125,1.8046875,1.8359375,1.8125,1.765625,1.765625,1.765625,1.8046875,1.9140625,1.7734375
Lithuania,What is the capital of Lithuania?,7.96875,5.34375,5.34375,4.0,3.625,3.8125,3.578125,3.390625,3.34375,3.28125,3.265625,3.21875,3.15625,3.171875,3.125,3.078125,2.984375,2.921875,2.84375,2.765625,2.765625,2.671875,2.703125,2.484375,2.703125,2.703125,2.609375,2.65625,2.625,2.671875,2.53125,2.546875,2.578125,2.421875,2.53125,2.515625,2.53125,2.453125,2.453125,2.390625,2.46875,2.28125,2.4375,2.390625,2.359375,2.34375,2.359375,2.015625,2.234375,2.46875,2.3125,2.28125,2.28125,2.265625,2.21875,2.1875,2.28125,2.234375,2.234375,2.84375,2.234375,2.234375,2.1875,2.171875,2.1875,2.140625,2.109375,2.234375,2.09375,2.0625,2.0,2.125,2.140625,2.109375,2.0625,2.171875,2.09375,2.078125,2.0625,2.09375,2.0625,2.0,2.046875,2.015625,2.046875,1.96875,1.8984375,2.0,1.96875,2.015625,1.9921875,1.96875,1.9921875,1.9453125,1.9921875,1.96875,1.953125,1.875,1.9375,1.8828125,1.875,1.953125,1.9140625,1.8671875,1.96875,1.90625,1.859375,1.90625,1.828125,1.8671875,1.6953125,1.875,1.8671875,1.8671875,1.8828125,1.7265625,1.828125,1.828125,1.8203125,1.8203125,1.84375,1.8671875,1.78125,1.78125,1.78125,1.8046875,1.9296875,1.78125
Luxembourg,What is the capital of Luxembourg?,7.9375,5.40625,5.3125,3.9375,3.65625,3.40625,3.546875,3.328125,3.28125,3.265625,3.1875,3.1875,3.1875,3.171875,3.109375,3.046875,2.96875,2.875,2.78125,2.703125,2.71875,2.78125,2.6875,2.609375,2.640625,2.6875,2.609375,2.640625,2.59375,2.5,2.546875,2.53125,2.5,2.5625,2.515625,2.46875,2.4375,2.484375,2.46875,2.4375,2.4375,2.5625,2.3125,2.421875,2.40625,2.390625,2.3125,2.390625,2.25,2.3125,2.546875,2.390625,2.25,2.234375,2.234375,2.203125,2.265625,2.1875,2.203125,2.546875,2.203125,2.1875,2.15625,2.140625,2.171875,2.109375,2.109375,2.140625,2.1875,2.0,2.015625,2.140625,2.078125,2.125,2.09375,2.0625,2.0625,2.0,2.046875,2.015625,2.046875,2.0625,2.0,1.9921875,2.046875,2.046875,2.046875,1.96875,1.9375,1.96875,1.96875,1.9921875,2.0,1.90625,1.9375,1.9296875,1.921875,1.96875,1.921875,1.9375,1.8984375,1.8359375,1.8828125,1.9296875,1.90625,1.8671875,1.859375,1.859375,1.84375,1.8515625,1.875,1.8125,1.828125,2.15625,1.8046875,1.875,1.7734375,1.828125,1.7734375,1.8046875,1.78125,1.78125,1.7890625,1.75,1.7734375,1.7578125,1.8515625,1.7734375
Madagascar,What is the capital of Madagascar?,7.84375,5.34375,5.28125,3.9375,3.6875,3.34375,3.515625,3.328125,3.296875,3.25,3.234375,3.1875,3.0625,3.125,3.109375,3.046875,2.921875,2.875,2.796875,2.9375,2.75,2.703125,2.6875,2.625,2.6875,2.609375,2.578125,2.640625,2.59375,2.78125,2.546875,2.546875,2.53125,2.484375,2.53125,2.484375,2.453125,2.484375,2.4375,2.46875,2.421875,2.4375,2.359375,2.390625,2.390625,2.390625,2.53125,2.46875,2.4375,2.1875,2.125,2.21875,2.265625,2.25,2.234375,2.265625,2.34375,2.25,2.21875,2.140625,2.203125,2.21875,2.234375,2.140625,2.1875,2.125,2.15625,2.1875,2.125,2.328125,2.125,2.125,2.078125,2.109375,2.09375,2.0625,2.0625,2.0625,2.0625,2.046875,2.046875,2.0625,2.046875,2.109375,1.9921875,2.015625,1.96875,2.015625,2.078125,2.015625,1.9921875,1.96875,1.96875,2.0,1.96875,1.9375,1.921875,1.921875,1.9375,1.921875,1.9375,1.9453125,1.90625,1.8984375,1.84375,1.8828125,1.8671875,1.8515625,1.859375,1.84375,1.96875,1.859375,1.8359375,1.96875,1.78125,1.8671875,1.828125,1.8125,1.828125,1.8203125,1.7421875,1.8203125,1.7734375,1.78125,1.78125,1.765625,1.7578125,1.765625
Malawi,What is the capital of Malawi?,7.78125,5.375,5.28125,3.921875,3.6875,3.546875,3.515625,3.296875,3.265625,3.25,3.1875,3.171875,3.046875,3.09375,3.09375,3.046875,2.890625,2.84375,2.8125,2.9375,2.71875,2.6875,2.71875,2.84375,2.65625,2.671875,2.6875,2.625,2.59375,2.671875,2.53125,2.5,2.5,2.5,2.5,2.484375,2.4375,2.4375,2.453125,2.40625,2.40625,2.40625,2.359375,2.40625,2.484375,2.375,2.34375,2.390625,2.375,2.234375,2.15625,2.328125,2.25,2.25,2.25,2.28125,2.1875,2.234375,2.203125,1.953125,2.203125,2.21875,2.203125,2.125,2.140625,2.15625,2.171875,2.109375,2.125,2.234375,2.21875,2.078125,2.09375,2.046875,2.078125,2.09375,2.0625,2.0625,2.0625,2.046875,2.046875,2.046875,2.015625,2.09375,1.9453125,2.046875,2.015625,1.96875,2.046875,2.015625,2.0,1.96875,1.953125,1.96875,1.9453125,1.9375,1.9296875,1.8984375,1.9453125,1.96875,1.9921875,1.9453125,1.8828125,1.9375,1.8984375,1.8984375,1.8671875,1.8359375,1.859375,1.8671875,1.7890625,1.8515625,1.8125,1.9375,1.7890625,1.703125,1.828125,1.7890625,1.78125,1.8046875,1.7109375,1.8125,1.78125,1.78125,1.78125,1.7578125,1.7734375,1.7890625
