model_name,fact_id,relation,prompt_family,layer,hidden_norm,attention_norm,mlp_mean_abs
smollm2_360m_base,capital:0,capital,raw_question,0,59.848419189453125,4.552065849304199,0.09477321058511734
smollm2_360m_base,capital:0,capital,raw_question,1,80.11956787109375,16.99641227722168,0.09408845007419586
smollm2_360m_base,capital:0,capital,raw_question,2,92.26862335205078,13.65139389038086,0.12569493055343628
smollm2_360m_base,capital:0,capital,raw_question,3,84.65444946289062,15.72217082977295,0.13208997249603271
smollm2_360m_base,capital:0,capital,raw_question,4,99.01115417480469,19.081687927246094,0.15749402344226837
smollm2_360m_base,capital:0,capital,raw_question,5,114.8468017578125,20.857606887817383,0.1600624918937683
smollm2_360m_base,capital:0,capital,raw_question,6,130.9899444580078,11.812700271606445,0.16803209483623505
smollm2_360m_base,capital:0,capital,raw_question,7,147.7998809814453,24.60452651977539,0.1877097338438034
smollm2_360m_base,capital:0,capital,raw_question,8,157.58404541015625,16.41237449645996,0.20528976619243622
smollm2_360m_base,capital:0,capital,raw_question,9,163.73965454101562,15.94619369506836,0.2011793553829193
smollm2_360m_base,capital:0,capital,raw_question,10,164.8169403076172,12.75810718536377,0.17694097757339478
smollm2_360m_base,capital:0,capital,raw_question,11,180.37159729003906,18.643871307373047,0.19215190410614014
smollm2_360m_base,capital:0,capital,raw_question,12,186.90484619140625,18.17625617980957,0.20687183737754822
smollm2_360m_base,capital:0,capital,raw_question,13,187.90208435058594,26.281221389770508,0.19912074506282806
smollm2_360m_base,capital:0,capital,raw_question,14,201.20999145507812,38.291015625,0.20110535621643066
smollm2_360m_base,capital:0,capital,raw_question,15,235.85769653320312,41.80502700805664,0.2195650041103363
smollm2_360m_base,capital:0,capital,raw_question,16,251.68858337402344,35.980186462402344,0.21191687881946564
smollm2_360m_base,capital:0,capital,raw_question,17,260.88104248046875,30.51702880859375,0.21008403599262238
smollm2_360m_base,capital:0,capital,raw_question,18,253.79046630859375,39.03043746948242,0.20248660445213318
smollm2_360m_base,capital:0,capital,raw_question,19,271.3351135253906,27.022369384765625,0.22511306405067444
smollm2_360m_base,capital:0,capital,raw_question,20,276.5696105957031,24.267351150512695,0.24084243178367615
smollm2_360m_base,capital:0,capital,raw_question,21,344.57281494140625,51.760372161865234,0.26880842447280884
smollm2_360m_base,capital:0,capital,raw_question,22,375.34393310546875,39.86859130859375,0.33193573355674744
smollm2_360m_base,capital:0,capital,raw_question,23,415.1598815917969,57.6970329284668,0.30571144819259644
smollm2_360m_base,capital:0,capital,raw_question,24,500.3968200683594,58.34636688232422,0.333723247051239
smollm2_360m_base,capital:0,capital,raw_question,25,570.4907836914062,41.157222747802734,0.3218947947025299
smollm2_360m_base,capital:0,capital,raw_question,26,677.806640625,93.32965850830078,0.31213098764419556
smollm2_360m_base,capital:0,capital,raw_question,27,818.1871948242188,114.73535919189453,0.30994105339050293
smollm2_360m_base,capital:0,capital,raw_question,28,931.1078491210938,75.25563049316406,0.31378257274627686
smollm2_360m_base,capital:0,capital,raw_question,29,1107.201416015625,97.84793853759766,0.3627552092075348
smollm2_360m_base,capital:0,capital,raw_question,30,1233.588623046875,98.35637664794922,0.40498772263526917
smollm2_360m_base,capital:0,capital,raw_question,31,61.306114196777344,114.16301727294922,0.6253307461738586
smollm2_360m_base,capital:0,capital,declarative,0,56.90160369873047,4.7771172523498535,0.07362613826990128
smollm2_360m_base,capital:0,capital,declarative,1,83.1126937866211,16.989168167114258,0.10469968616962433
smollm2_360m_base,capital:0,capital,declarative,2,93.57164001464844,13.974180221557617,0.12861233949661255
smollm2_360m_base,capital:0,capital,declarative,3,89.52574920654297,18.71953010559082,0.1452980786561966
smollm2_360m_base,capital:0,capital,declarative,4,109.64613342285156,20.97413444519043,0.1614602655172348
smollm2_360m_base,capital:0,capital,declarative,5,123.4120101928711,19.97779083251953,0.15831223130226135
smollm2_360m_base,capital:0,capital,declarative,6,134.65489196777344,12.577715873718262,0.1601504534482956
smollm2_360m_base,capital:0,capital,declarative,7,151.08688354492188,25.220983505249023,0.18150873482227325
smollm2_360m_base,capital:0,capital,declarative,8,166.2554168701172,29.771806716918945,0.22004489600658417
smollm2_360m_base,capital:0,capital,declarative,9,172.91290283203125,17.502424240112305,0.2020626962184906
smollm2_360m_base,capital:0,capital,declarative,10,173.79945373535156,12.076167106628418,0.17675450444221497
smollm2_360m_base,capital:0,capital,declarative,11,183.75820922851562,10.403481483459473,0.17569759488105774
smollm2_360m_base,capital:0,capital,declarative,12,185.40895080566406,17.728551864624023,0.18468214571475983
smollm2_360m_base,capital:0,capital,declarative,13,183.96974182128906,22.60100746154785,0.17951571941375732
smollm2_360m_base,capital:0,capital,declarative,14,203.20562744140625,44.668067932128906,0.20602186024188995
smollm2_360m_base,capital:0,capital,declarative,15,233.2793731689453,39.445960998535156,0.22071361541748047
smollm2_360m_base,capital:0,capital,declarative,16,252.65919494628906,34.719383239746094,0.2195231020450592
smollm2_360m_base,capital:0,capital,declarative,17,261.87445068359375,31.160858154296875,0.21901075541973114
smollm2_360m_base,capital:0,capital,declarative,18,249.7967071533203,40.35790252685547,0.21112534403800964
smollm2_360m_base,capital:0,capital,declarative,19,267.4483947753906,26.222270965576172,0.22503714263439178
smollm2_360m_base,capital:0,capital,declarative,20,283.3722839355469,23.945655822753906,0.24396391212940216
smollm2_360m_base,capital:0,capital,declarative,21,338.010986328125,39.055992126464844,0.260525643825531
smollm2_360m_base,capital:0,capital,declarative,22,375.232177734375,41.805503845214844,0.3542903959751129
smollm2_360m_base,capital:0,capital,declarative,23,429.3247985839844,82.27217864990234,0.3228217363357544
smollm2_360m_base,capital:0,capital,declarative,24,521.4816284179688,62.35565185546875,0.32816725969314575
smollm2_360m_base,capital:0,capital,declarative,25,590.5950927734375,50.73027038574219,0.33378857374191284
smollm2_360m_base,capital:0,capital,declarative,26,698.6737670898438,148.07496643066406,0.3473736047744751
smollm2_360m_base,capital:0,capital,declarative,27,876.5869140625,149.2571258544922,0.3856367766857147
smollm2_360m_base,capital:0,capital,declarative,28,990.7501831054688,73.15147399902344,0.43733757734298706
smollm2_360m_base,capital:0,capital,declarative,29,1139.785888671875,62.70939254760742,0.5260332822799683
smollm2_360m_base,capital:0,capital,declarative,30,1230.3194580078125,66.27882385253906,0.5552265644073486
smollm2_360m_base,capital:0,capital,declarative,31,56.454307556152344,118.84880828857422,0.6681548357009888
smollm2_360m_base,capital:0,capital,qa,0,53.55169677734375,4.662294387817383,0.0751124918460846
smollm2_360m_base,capital:0,capital,qa,1,70.81587982177734,16.393966674804688,0.13183903694152832
smollm2_360m_base,capital:0,capital,qa,2,86.49431610107422,15.433234214782715,0.1427713930606842
smollm2_360m_base,capital:0,capital,qa,3,102.54218292236328,14.832320213317871,0.16655337810516357
smollm2_360m_base,capital:0,capital,qa,4,108.300048828125,18.145755767822266,0.1802770346403122
smollm2_360m_base,capital:0,capital,qa,5,118.0700454711914,18.516420364379883,0.17265023291110992
smollm2_360m_base,capital:0,capital,qa,6,150.9745635986328,39.33222961425781,0.19750437140464783
smollm2_360m_base,capital:0,capital,qa,7,162.815673828125,26.047809600830078,0.2070903331041336
smollm2_360m_base,capital:0,capital,qa,8,163.1787109375,20.691312789916992,0.209237739443779
smollm2_360m_base,capital:0,capital,qa,9,174.60629272460938,26.413843154907227,0.20486116409301758
smollm2_360m_base,capital:0,capital,qa,10,171.16738891601562,17.01451873779297,0.18238449096679688
smollm2_360m_base,capital:0,capital,qa,11,175.74559020996094,16.94913101196289,0.19699493050575256
smollm2_360m_base,capital:0,capital,qa,12,188.02320861816406,28.471744537353516,0.2031450718641281
smollm2_360m_base,capital:0,capital,qa,13,192.68365478515625,19.283214569091797,0.19562001526355743
smollm2_360m_base,capital:0,capital,qa,14,199.23057556152344,28.898361206054688,0.1975802779197693
smollm2_360m_base,capital:0,capital,qa,15,221.591796875,40.400169372558594,0.2100682258605957
smollm2_360m_base,capital:0,capital,qa,16,242.87982177734375,37.54583740234375,0.2174692153930664
smollm2_360m_base,capital:0,capital,qa,17,255.06549072265625,25.311967849731445,0.2167859524488449
smollm2_360m_base,capital:0,capital,qa,18,251.79550170898438,36.62508773803711,0.2188599854707718
smollm2_360m_base,capital:0,capital,qa,19,262.90936279296875,34.579498291015625,0.2294636070728302
smollm2_360m_base,capital:0,capital,qa,20,273.37799072265625,34.452693939208984,0.2532418370246887
smollm2_360m_base,capital:0,capital,qa,21,333.3291015625,52.92194366455078,0.2756063938140869
smollm2_360m_base,capital:0,capital,qa,22,371.05682373046875,49.131038665771484,0.3837137818336487
smollm2_360m_base,capital:0,capital,qa,23,440.38055419921875,116.80647277832031,0.33629846572875977
smollm2_360m_base,capital:0,capital,qa,24,535.1705322265625,76.3479232788086,0.3527587354183197
smollm2_360m_base,capital:0,capital,qa,25,617.468994140625,58.214942932128906,0.35848063230514526
smollm2_360m_base,capital:0,capital,qa,26,717.7861938476562,150.99188232421875,0.364108145236969
smollm2_360m_base,capital:0,capital,qa,27,947.7125244140625,199.8219451904297,0.4042152762413025
smollm2_360m_base,capital:0,capital,qa,28,1058.8509521484375,87.53158569335938,0.4652918875217438
smollm2_360m_base,capital:0,capital,qa,29,1198.6514892578125,68.78717041015625,0.5790532827377319
smollm2_360m_base,capital:0,capital,qa,30,1279.496826171875,96.99461364746094,0.6202508211135864
smollm2_360m_base,capital:0,capital,qa,31,56.12700271606445,157.0904998779297,0.7609919309616089
smollm2_360m_base,capital:0,capital,chat_template,0,51.655025482177734,4.795066833496094,0.07085567712783813
smollm2_360m_base,capital:0,capital,chat_template,1,71.45772552490234,18.37042999267578,0.08929744362831116
smollm2_360m_base,capital:0,capital,chat_template,2,80.69942474365234,10.686808586120605,0.11718226969242096
smollm2_360m_base,capital:0,capital,chat_template,3,93.66302490234375,15.113747596740723,0.14134405553340912
smollm2_360m_base,capital:0,capital,chat_template,4,105.12606811523438,17.529436111450195,0.159012109041214
smollm2_360m_base,capital:0,capital,chat_template,5,115.91951751708984,13.778116226196289,0.15743407607078552
smollm2_360m_base,capital:0,capital,chat_template,6,126.31428527832031,23.447908401489258,0.16982607543468475
smollm2_360m_base,capital:0,capital,chat_template,7,148.36753845214844,25.330507278442383,0.1923176497220993
smollm2_360m_base,capital:0,capital,chat_template,8,159.42767333984375,30.70330047607422,0.22630777955055237
smollm2_360m_base,capital:0,capital,chat_template,9,166.6062774658203,19.37911033630371,0.21015548706054688
smollm2_360m_base,capital:0,capital,chat_template,10,166.685302734375,14.653026580810547,0.17522558569908142
smollm2_360m_base,capital:0,capital,chat_template,11,177.66268920898438,20.77488136291504,0.18881236016750336
smollm2_360m_base,capital:0,capital,chat_template,12,182.85540771484375,21.494829177856445,0.1961173564195633
smollm2_360m_base,capital:0,capital,chat_template,13,191.4632568359375,22.49951934814453,0.19628417491912842
smollm2_360m_base,capital:0,capital,chat_template,14,210.8809051513672,30.2091007232666,0.19910232722759247
smollm2_360m_base,capital:0,capital,chat_template,15,218.68716430664062,25.516687393188477,0.19915321469306946
smollm2_360m_base,capital:0,capital,chat_template,16,242.75596618652344,36.502967834472656,0.21365825831890106
smollm2_360m_base,capital:0,capital,chat_template,17,268.6054992675781,44.79337692260742,0.23639218509197235
smollm2_360m_base,capital:0,capital,chat_template,18,276.9278869628906,50.70133972167969,0.2332051694393158
smollm2_360m_base,capital:0,capital,chat_template,19,274.4388732910156,29.33056640625,0.25092005729675293
smollm2_360m_base,capital:0,capital,chat_template,20,287.3524475097656,35.29623794555664,0.26966628432273865
smollm2_360m_base,capital:0,capital,chat_template,21,341.0024719238281,54.13135528564453,0.2976030707359314
smollm2_360m_base,capital:0,capital,chat_template,22,363.88226318359375,49.57780838012695,0.39201170206069946
smollm2_360m_base,capital:0,capital,chat_template,23,423.5735778808594,102.91474914550781,0.3343990445137024
smollm2_360m_base,capital:0,capital,chat_template,24,536.1889038085938,75.52108001708984,0.36295652389526367
smollm2_360m_base,capital:0,capital,chat_template,25,635.8673095703125,63.66876983642578,0.38533610105514526
smollm2_360m_base,capital:0,capital,chat_template,26,759.9722290039062,124.13919830322266,0.3541613817214966
smollm2_360m_base,capital:0,capital,chat_template,27,923.4911499023438,142.1351318359375,0.34429746866226196
smollm2_360m_base,capital:0,capital,chat_template,28,1054.2938232421875,94.63322448730469,0.35198426246643066
smollm2_360m_base,capital:0,capital,chat_template,29,1263.960205078125,122.48812866210938,0.42398232221603394
smollm2_360m_base,capital:0,capital,chat_template,30,1408.6622314453125,123.49138641357422,0.4825380742549896
smollm2_360m_base,capital:0,capital,chat_template,31,68.88707733154297,125.66095733642578,0.6866270899772644
smollm2_360m_base,capital:1,capital,raw_question,0,60.093692779541016,4.493495464324951,0.09510629624128342
smollm2_360m_base,capital:1,capital,raw_question,1,80.09484100341797,16.961393356323242,0.0945255309343338
smollm2_360m_base,capital:1,capital,raw_question,2,92.77719116210938,13.628554344177246,0.12722042202949524
smollm2_360m_base,capital:1,capital,raw_question,3,85.28767395019531,15.568769454956055,0.13317911326885223
smollm2_360m_base,capital:1,capital,raw_question,4,100.18225860595703,19.66033935546875,0.1593908965587616
smollm2_360m_base,capital:1,capital,raw_question,5,117.04653930664062,21.17081642150879,0.1631397008895874
smollm2_360m_base,capital:1,capital,raw_question,6,133.2848663330078,12.064081192016602,0.17103752493858337
smollm2_360m_base,capital:1,capital,raw_question,7,150.32167053222656,25.275310516357422,0.19232842326164246
smollm2_360m_base,capital:1,capital,raw_question,8,158.54312133789062,15.85835075378418,0.2060910165309906
smollm2_360m_base,capital:1,capital,raw_question,9,163.37522888183594,15.765557289123535,0.2024378776550293
smollm2_360m_base,capital:1,capital,raw_question,10,164.14077758789062,14.328472137451172,0.17850372195243835
smollm2_360m_base,capital:1,capital,raw_question,11,178.652099609375,18.3030948638916,0.19281890988349915
smollm2_360m_base,capital:1,capital,raw_question,12,185.0374755859375,17.661039352416992,0.20747137069702148
smollm2_360m_base,capital:1,capital,raw_question,13,187.32730102539062,27.635183334350586,0.19990991055965424
smollm2_360m_base,capital:1,capital,raw_question,14,201.571533203125,38.57585906982422,0.20120295882225037
smollm2_360m_base,capital:1,capital,raw_question,15,237.98284912109375,42.160743713378906,0.22047361731529236
smollm2_360m_base,capital:1,capital,raw_question,16,254.48004150390625,37.028167724609375,0.21516099572181702
smollm2_360m_base,capital:1,capital,raw_question,17,262.52239990234375,31.335002899169922,0.2095891535282135
smollm2_360m_base,capital:1,capital,raw_question,18,253.67396545410156,41.277305603027344,0.20190414786338806
smollm2_360m_base,capital:1,capital,raw_question,19,270.76446533203125,27.450088500976562,0.22471289336681366
smollm2_360m_base,capital:1,capital,raw_question,20,276.0643005371094,24.983064651489258,0.23853564262390137
smollm2_360m_base,capital:1,capital,raw_question,21,346.027099609375,50.753055572509766,0.26742908358573914
smollm2_360m_base,capital:1,capital,raw_question,22,375.489501953125,39.91510009765625,0.32666438817977905
smollm2_360m_base,capital:1,capital,raw_question,23,412.8143615722656,52.888675689697266,0.3006175458431244
smollm2_360m_base,capital:1,capital,raw_question,24,496.3399963378906,53.98681640625,0.3347286581993103
smollm2_360m_base,capital:1,capital,raw_question,25,566.4663696289062,43.12019729614258,0.32447999715805054
smollm2_360m_base,capital:1,capital,raw_question,26,680.800048828125,93.57694244384766,0.3102990984916687
smollm2_360m_base,capital:1,capital,raw_question,27,799.3591918945312,117.00769805908203,0.2998853027820587
smollm2_360m_base,capital:1,capital,raw_question,28,922.3490600585938,83.73882293701172,0.31240299344062805
smollm2_360m_base,capital:1,capital,raw_question,29,1090.449951171875,94.23896789550781,0.34166693687438965
smollm2_360m_base,capital:1,capital,raw_question,30,1226.03125,105.64148712158203,0.3846662938594818
smollm2_360m_base,capital:1,capital,raw_question,31,63.9923210144043,107.29218292236328,0.6115685701370239
smollm2_360m_base,capital:1,capital,declarative,0,56.984657287597656,4.715794563293457,0.07500191777944565
smollm2_360m_base,capital:1,capital,declarative,1,83.2602310180664,17.266693115234375,0.10451509803533554
smollm2_360m_base,capital:1,capital,declarative,2,94.25860595703125,13.657766342163086,0.12880954146385193
smollm2_360m_base,capital:1,capital,declarative,3,90.84201049804688,18.692258834838867,0.1469893455505371
smollm2_360m_base,capital:1,capital,declarative,4,111.5959701538086,21.469167709350586,0.16404594480991364
smollm2_360m_base,capital:1,capital,declarative,5,125.3091812133789,19.70033836364746,0.1635247766971588
smollm2_360m_base,capital:1,capital,declarative,6,136.15187072753906,13.028626441955566,0.16360095143318176
smollm2_360m_base,capital:1,capital,declarative,7,152.24061584472656,26.658855438232422,0.18570932745933533
smollm2_360m_base,capital:1,capital,declarative,8,169.24440002441406,30.790903091430664,0.22387424111366272
smollm2_360m_base,capital:1,capital,declarative,9,175.0925750732422,16.576162338256836,0.20916815102100372
smollm2_360m_base,capital:1,capital,declarative,10,173.79005432128906,12.05492115020752,0.18195000290870667
smollm2_360m_base,capital:1,capital,declarative,11,185.37042236328125,10.77173137664795,0.18297824263572693
smollm2_360m_base,capital:1,capital,declarative,12,184.56800842285156,17.45452117919922,0.18854734301567078
smollm2_360m_base,capital:1,capital,declarative,13,182.85037231445312,22.52056884765625,0.18327942490577698
smollm2_360m_base,capital:1,capital,declarative,14,203.6967315673828,46.315433502197266,0.2096967250108719
smollm2_360m_base,capital:1,capital,declarative,15,235.06942749023438,41.21765899658203,0.22408214211463928
smollm2_360m_base,capital:1,capital,declarative,16,254.338134765625,36.9766960144043,0.22396579384803772
smollm2_360m_base,capital:1,capital,declarative,17,261.50335693359375,32.117801666259766,0.21864053606987
smollm2_360m_base,capital:1,capital,declarative,18,248.87374877929688,42.04338073730469,0.21240952610969543
smollm2_360m_base,capital:1,capital,declarative,19,263.7893371582031,26.05438232421875,0.22520723938941956
smollm2_360m_base,capital:1,capital,declarative,20,279.5400390625,24.31553077697754,0.24509625136852264
smollm2_360m_base,capital:1,capital,declarative,21,335.15472412109375,39.12642288208008,0.2617832124233246
smollm2_360m_base,capital:1,capital,declarative,22,370.7428894042969,42.98986053466797,0.3597123324871063
smollm2_360m_base,capital:1,capital,declarative,23,420.88702392578125,82.8097915649414,0.32354676723480225
smollm2_360m_base,capital:1,capital,declarative,24,507.7608337402344,67.98208618164062,0.3301149904727936
smollm2_360m_base,capital:1,capital,declarative,25,581.3899536132812,51.145042419433594,0.33381491899490356
smollm2_360m_base,capital:1,capital,declarative,26,680.52734375,153.6709442138672,0.35385027527809143
smollm2_360m_base,capital:1,capital,declarative,27,857.6920166015625,206.20140075683594,0.3841683268547058
smollm2_360m_base,capital:1,capital,declarative,28,957.9522705078125,91.29454040527344,0.47599196434020996
smollm2_360m_base,capital:1,capital,declarative,29,1048.2459716796875,94.1877212524414,0.580560564994812
smollm2_360m_base,capital:1,capital,declarative,30,1138.8553466796875,83.73200988769531,0.5974937677383423
smollm2_360m_base,capital:1,capital,declarative,31,54.95646667480469,151.5074920654297,0.7013264894485474
smollm2_360m_base,capital:1,capital,qa,0,53.46986770629883,4.665159225463867,0.07504446059465408
smollm2_360m_base,capital:1,capital,qa,1,70.61283111572266,16.324588775634766,0.12942250072956085
smollm2_360m_base,capital:1,capital,qa,2,86.08513641357422,15.426543235778809,0.14118161797523499
smollm2_360m_base,capital:1,capital,qa,3,101.90196228027344,14.794378280639648,0.16493456065654755
smollm2_360m_base,capital:1,capital,qa,4,108.02446746826172,18.107891082763672,0.17883598804473877
smollm2_360m_base,capital:1,capital,qa,5,117.63704681396484,18.3409366607666,0.1719990223646164
smollm2_360m_base,capital:1,capital,qa,6,150.4834747314453,40.01696014404297,0.1972426176071167
smollm2_360m_base,capital:1,capital,qa,7,163.48049926757812,26.63648223876953,0.20622149109840393
smollm2_360m_base,capital:1,capital,qa,8,163.46768188476562,19.879592895507812,0.20837295055389404
smollm2_360m_base,capital:1,capital,qa,9,175.65963745117188,27.87268829345703,0.20382948219776154
smollm2_360m_base,capital:1,capital,qa,10,170.81689453125,16.620336532592773,0.18361075222492218
smollm2_360m_base,capital:1,capital,qa,11,175.9536590576172,17.03114128112793,0.19848567247390747
smollm2_360m_base,capital:1,capital,qa,12,188.3583221435547,29.506641387939453,0.2046961784362793
smollm2_360m_base,capital:1,capital,qa,13,193.7122802734375,18.632835388183594,0.1955905705690384
smollm2_360m_base,capital:1,capital,qa,14,200.44532775878906,30.179479598999023,0.19825297594070435
smollm2_360m_base,capital:1,capital,qa,15,221.62918090820312,39.72243881225586,0.20945516228675842
smollm2_360m_base,capital:1,capital,qa,16,244.0299835205078,39.181400299072266,0.22010640799999237
smollm2_360m_base,capital:1,capital,qa,17,254.6536407470703,25.7779541015625,0.21732965111732483
smollm2_360m_base,capital:1,capital,qa,18,250.10507202148438,36.92721176147461,0.21899203956127167
smollm2_360m_base,capital:1,capital,qa,19,260.383056640625,34.64339828491211,0.22856275737285614
smollm2_360m_base,capital:1,capital,qa,20,269.6214599609375,34.182918548583984,0.25234511494636536
smollm2_360m_base,capital:1,capital,qa,21,331.8413391113281,51.66122055053711,0.27643901109695435
smollm2_360m_base,capital:1,capital,qa,22,368.8119812011719,48.450260162353516,0.3827234208583832
smollm2_360m_base,capital:1,capital,qa,23,436.85394287109375,111.94745635986328,0.3342744708061218
smollm2_360m_base,capital:1,capital,qa,24,527.128173828125,82.79486846923828,0.35278788208961487
smollm2_360m_base,capital:1,capital,qa,25,619.1749267578125,61.93915557861328,0.3564606308937073
smollm2_360m_base,capital:1,capital,qa,26,718.7401733398438,156.85772705078125,0.3656162917613983
smollm2_360m_base,capital:1,capital,qa,27,926.778564453125,221.02777099609375,0.3969542682170868
smollm2_360m_base,capital:1,capital,qa,28,1031.6695556640625,93.8354263305664,0.4863627851009369
smollm2_360m_base,capital:1,capital,qa,29,1109.8712158203125,119.48104858398438,0.6135395765304565
smollm2_360m_base,capital:1,capital,qa,30,1181.8126220703125,148.15509033203125,0.6428118944168091
smollm2_360m_base,capital:1,capital,qa,31,58.70273208618164,159.31112670898438,0.7890445590019226
smollm2_360m_base,capital:1,capital,chat_template,0,51.65797424316406,4.798471450805664,0.07074135541915894
smollm2_360m_base,capital:1,capital,chat_template,1,71.64722442626953,18.276552200317383,0.08911629766225815
smollm2_360m_base,capital:1,capital,chat_template,2,81.09469604492188,10.852097511291504,0.11717166751623154
smollm2_360m_base,capital:1,capital,chat_template,3,93.63090515136719,15.077693939208984,0.14058546721935272
smollm2_360m_base,capital:1,capital,chat_template,4,105.47772216796875,17.770286560058594,0.1585526019334793
smollm2_360m_base,capital:1,capital,chat_template,5,116.63465881347656,14.224860191345215,0.1566406786441803
smollm2_360m_base,capital:1,capital,chat_template,6,126.59732818603516,24.006492614746094,0.16797152161598206
smollm2_360m_base,capital:1,capital,chat_template,7,146.90542602539062,24.674421310424805,0.189143106341362
smollm2_360m_base,capital:1,capital,chat_template,8,157.54078674316406,30.35304832458496,0.22422313690185547
smollm2_360m_base,capital:1,capital,chat_template,9,164.2268524169922,19.11536407470703,0.20871610939502716
smollm2_360m_base,capital:1,capital,chat_template,10,164.80169677734375,14.540432929992676,0.17359550297260284
smollm2_360m_base,capital:1,capital,chat_template,11,177.17127990722656,22.03662109375,0.18763890862464905
smollm2_360m_base,capital:1,capital,chat_template,12,182.07305908203125,21.280473709106445,0.19581127166748047
smollm2_360m_base,capital:1,capital,chat_template,13,190.63417053222656,23.06809425354004,0.19505739212036133
smollm2_360m_base,capital:1,capital,chat_template,14,209.41506958007812,30.475753784179688,0.198089599609375
smollm2_360m_base,capital:1,capital,chat_template,15,218.23585510253906,25.021116256713867,0.1972774714231491
smollm2_360m_base,capital:1,capital,chat_template,16,243.27587890625,36.649635314941406,0.21431489288806915
smollm2_360m_base,capital:1,capital,chat_template,17,270.83038330078125,45.745941162109375,0.23642078042030334
smollm2_360m_base,capital:1,capital,chat_template,18,279.1603088378906,51.72056198120117,0.23183146119117737
smollm2_360m_base,capital:1,capital,chat_template,19,276.1416320800781,29.451217651367188,0.2504432499408722
smollm2_360m_base,capital:1,capital,chat_template,20,288.2687072753906,34.72684097290039,0.268047958612442
smollm2_360m_base,capital:1,capital,chat_template,21,342.6365966796875,53.39126205444336,0.2943779230117798
smollm2_360m_base,capital:1,capital,chat_template,22,363.9112548828125,49.88684844970703,0.38726237416267395
smollm2_360m_base,capital:1,capital,chat_template,23,422.3807067871094,99.97872161865234,0.33180326223373413
smollm2_360m_base,capital:1,capital,chat_template,24,537.5272827148438,79.58563232421875,0.35915374755859375
smollm2_360m_base,capital:1,capital,chat_template,25,637.5768432617188,68.42408752441406,0.38171443343162537
smollm2_360m_base,capital:1,capital,chat_template,26,769.976806640625,133.0055694580078,0.3477652072906494
smollm2_360m_base,capital:1,capital,chat_template,27,916.5524291992188,175.14674377441406,0.33267340064048767
smollm2_360m_base,capital:1,capital,chat_template,28,1058.445068359375,113.39173126220703,0.35768938064575195
smollm2_360m_base,capital:1,capital,chat_template,29,1266.21044921875,116.12630462646484,0.4157060980796814
smollm2_360m_base,capital:1,capital,chat_template,30,1405.6851806640625,131.08624267578125,0.47264790534973145
smollm2_360m_base,capital:1,capital,chat_template,31,70.03632354736328,127.15031433105469,0.6983453631401062
smollm2_360m_base,capital:2,capital,raw_question,0,60.39575958251953,4.494748115539551,0.09523514658212662
smollm2_360m_base,capital:2,capital,raw_question,1,80.84403991699219,16.287975311279297,0.09545312821865082
smollm2_360m_base,capital:2,capital,raw_question,2,93.53512573242188,13.84873104095459,0.1272372156381607
smollm2_360m_base,capital:2,capital,raw_question,3,85.86722564697266,15.774972915649414,0.1328095644712448
smollm2_360m_base,capital:2,capital,raw_question,4,100.5069808959961,20.018930435180664,0.1581105887889862
smollm2_360m_base,capital:2,capital,raw_question,5,116.8982162475586,20.748872756958008,0.16083881258964539
smollm2_360m_base,capital:2,capital,raw_question,6,132.47532653808594,11.555696487426758,0.16893191635608673
smollm2_360m_base,capital:2,capital,raw_question,7,150.19679260253906,23.7963924407959,0.1900337040424347
smollm2_360m_base,capital:2,capital,raw_question,8,159.47918701171875,16.142417907714844,0.20441441237926483
smollm2_360m_base,capital:2,capital,raw_question,9,163.92916870117188,15.888503074645996,0.1984904706478119
smollm2_360m_base,capital:2,capital,raw_question,10,164.68820190429688,12.674418449401855,0.17618657648563385
smollm2_360m_base,capital:2,capital,raw_question,11,179.60794067382812,18.489187240600586,0.1902908831834793
smollm2_360m_base,capital:2,capital,raw_question,12,186.65220642089844,17.72295570373535,0.2073475420475006
smollm2_360m_base,capital:2,capital,raw_question,13,187.0697479248047,26.97526741027832,0.19919097423553467
smollm2_360m_base,capital:2,capital,raw_question,14,200.1982879638672,37.57160949707031,0.20002035796642303
smollm2_360m_base,capital:2,capital,raw_question,15,235.1915740966797,41.76533889770508,0.2193741351366043
smollm2_360m_base,capital:2,capital,raw_question,16,252.67715454101562,35.82231140136719,0.21268971264362335
smollm2_360m_base,capital:2,capital,raw_question,17,260.61993408203125,31.579439163208008,0.20861771702766418
smollm2_360m_base,capital:2,capital,raw_question,18,254.47621154785156,38.37720489501953,0.20128560066223145
smollm2_360m_base,capital:2,capital,raw_question,19,271.61480712890625,26.79290199279785,0.22390766441822052
smollm2_360m_base,capital:2,capital,raw_question,20,276.9177551269531,24.694534301757812,0.23905415832996368
smollm2_360m_base,capital:2,capital,raw_question,21,346.4569091796875,50.99387741088867,0.2672349512577057
smollm2_360m_base,capital:2,capital,raw_question,22,377.3885498046875,39.953731536865234,0.3294537663459778
smollm2_360m_base,capital:2,capital,raw_question,23,416.81365966796875,54.224143981933594,0.3036719262599945
smollm2_360m_base,capital:2,capital,raw_question,24,499.0641174316406,59.5402946472168,0.3313044607639313
smollm2_360m_base,capital:2,capital,raw_question,25,572.0221557617188,42.0628776550293,0.32225313782691956
smollm2_360m_base,capital:2,capital,raw_question,26,676.0579833984375,97.16808319091797,0.31123635172843933
smollm2_360m_base,capital:2,capital,raw_question,27,802.28515625,102.2802963256836,0.30849796533584595
smollm2_360m_base,capital:2,capital,raw_question,28,918.2955932617188,77.00426483154297,0.30892252922058105
smollm2_360m_base,capital:2,capital,raw_question,29,1101.58837890625,105.99811553955078,0.3432697355747223
smollm2_360m_base,capital:2,capital,raw_question,30,1239.0416259765625,111.5326919555664,0.3970126509666443
smollm2_360m_base,capital:2,capital,raw_question,31,62.238983154296875,99.91222381591797,0.6148810386657715
smollm2_360m_base,capital:2,capital,declarative,0,56.61799240112305,4.795221328735352,0.07462265342473984
smollm2_360m_base,capital:2,capital,declarative,1,82.47805786132812,16.24062156677246,0.10440836101770401
smollm2_360m_base,capital:2,capital,declarative,2,94.13530731201172,14.554618835449219,0.13059738278388977
smollm2_360m_base,capital:2,capital,declarative,3,90.06546783447266,18.839397430419922,0.1470993012189865
smollm2_360m_base,capital:2,capital,declarative,4,111.36229705810547,22.13433837890625,0.1648784726858139
smollm2_360m_base,capital:2,capital,declarative,5,124.79457092285156,18.936630249023438,0.16198621690273285
smollm2_360m_base,capital:2,capital,declarative,6,135.70660400390625,12.576349258422852,0.16259722411632538
smollm2_360m_base,capital:2,capital,declarative,7,152.36279296875,25.226898193359375,0.18380947411060333
smollm2_360m_base,capital:2,capital,declarative,8,168.56463623046875,30.640213012695312,0.21978887915611267
smollm2_360m_base,capital:2,capital,declarative,9,175.3793182373047,15.607879638671875,0.20419995486736298
smollm2_360m_base,capital:2,capital,declarative,10,175.37648010253906,13.093389511108398,0.17973357439041138
smollm2_360m_base,capital:2,capital,declarative,11,186.56729125976562,10.428671836853027,0.18145787715911865
smollm2_360m_base,capital:2,capital,declarative,12,185.11376953125,17.151758193969727,0.1877518594264984
smollm2_360m_base,capital:2,capital,declarative,13,184.45144653320312,21.908824920654297,0.18220607936382294
smollm2_360m_base,capital:2,capital,declarative,14,204.23411560058594,44.95745849609375,0.20841427147388458
smollm2_360m_base,capital:2,capital,declarative,15,236.25857543945312,42.15082550048828,0.22553415596485138
smollm2_360m_base,capital:2,capital,declarative,16,254.0083465576172,34.89445114135742,0.22288282215595245
smollm2_360m_base,capital:2,capital,declarative,17,260.9114685058594,32.88457107543945,0.21948078274726868
smollm2_360m_base,capital:2,capital,declarative,18,250.27720642089844,39.70466232299805,0.21298709511756897
smollm2_360m_base,capital:2,capital,declarative,19,265.2826232910156,26.08423614501953,0.22619271278381348
smollm2_360m_base,capital:2,capital,declarative,20,282.1730651855469,24.95220375061035,0.24612347781658173
smollm2_360m_base,capital:2,capital,declarative,21,337.2051696777344,40.235145568847656,0.26321348547935486
smollm2_360m_base,capital:2,capital,declarative,22,372.9643249511719,42.933258056640625,0.36022359132766724
smollm2_360m_base,capital:2,capital,declarative,23,422.37628173828125,81.30603790283203,0.3240535855293274
smollm2_360m_base,capital:2,capital,declarative,24,508.5343017578125,71.04096221923828,0.3296402096748352
smollm2_360m_base,capital:2,capital,declarative,25,588.8233032226562,51.88138961791992,0.33891192078590393
smollm2_360m_base,capital:2,capital,declarative,26,689.0604858398438,158.85440063476562,0.35701972246170044
smollm2_360m_base,capital:2,capital,declarative,27,851.46240234375,178.13954162597656,0.4034901559352875
smollm2_360m_base,capital:2,capital,declarative,28,996.9033813476562,80.85448455810547,0.45662379264831543
smollm2_360m_base,capital:2,capital,declarative,29,1117.2110595703125,62.869449615478516,0.5536767840385437
smollm2_360m_base,capital:2,capital,declarative,30,1191.98583984375,89.71294403076172,0.6187448501586914
smollm2_360m_base,capital:2,capital,declarative,31,53.993980407714844,93.18087768554688,0.7152851223945618
smollm2_360m_base,capital:2,capital,qa,0,53.46860122680664,4.665797710418701,0.07522912323474884
smollm2_360m_base,capital:2,capital,qa,1,70.69722747802734,16.283763885498047,0.13066472113132477
smollm2_360m_base,capital:2,capital,qa,2,86.6727066040039,15.499082565307617,0.14113785326480865
smollm2_360m_base,capital:2,capital,qa,3,102.4163589477539,14.77037239074707,0.16502687335014343
smollm2_360m_base,capital:2,capital,qa,4,108.65692138671875,18.171207427978516,0.17892543971538544
smollm2_360m_base,capital:2,capital,qa,5,118.11973571777344,17.97801399230957,0.1716182678937912
smollm2_360m_base,capital:2,capital,qa,6,150.1993865966797,39.86575698852539,0.197231262922287
smollm2_360m_base,capital:2,capital,qa,7,163.60133361816406,26.982776641845703,0.2069639265537262
smollm2_360m_base,capital:2,capital,qa,8,164.2141571044922,20.361528396606445,0.2086436003446579
smollm2_360m_base,capital:2,capital,qa,9,175.43557739257812,27.004247665405273,0.20357325673103333
smollm2_360m_base,capital:2,capital,qa,10,172.2740936279297,16.329517364501953,0.18155309557914734
smollm2_360m_base,capital:2,capital,qa,11,177.3146514892578,17.18629264831543,0.19701720774173737
smollm2_360m_base,capital:2,capital,qa,12,189.0950927734375,29.31237030029297,0.20317788422107697
smollm2_360m_base,capital:2,capital,qa,13,193.4690399169922,18.787506103515625,0.19521060585975647
smollm2_360m_base,capital:2,capital,qa,14,199.44346618652344,28.160606384277344,0.19574682414531708
smollm2_360m_base,capital:2,capital,qa,15,221.20375061035156,39.64936065673828,0.20860815048217773
smollm2_360m_base,capital:2,capital,qa,16,243.6859588623047,37.980262756347656,0.2183074951171875
smollm2_360m_base,capital:2,capital,qa,17,255.92835998535156,25.382081985473633,0.21781830489635468
smollm2_360m_base,capital:2,capital,qa,18,253.5959930419922,36.81138229370117,0.21804623305797577
smollm2_360m_base,capital:2,capital,qa,19,263.87799072265625,34.85895538330078,0.22804388403892517
smollm2_360m_base,capital:2,capital,qa,20,272.4616394042969,35.217796325683594,0.252604603767395
smollm2_360m_base,capital:2,capital,qa,21,334.4129333496094,52.2678337097168,0.27761542797088623
smollm2_360m_base,capital:2,capital,qa,22,371.1461486816406,49.28345489501953,0.38338518142700195
smollm2_360m_base,capital:2,capital,qa,23,438.3863525390625,109.9907455444336,0.3333979547023773
smollm2_360m_base,capital:2,capital,qa,24,525.4300537109375,85.00749206542969,0.3526604175567627
smollm2_360m_base,capital:2,capital,qa,25,624.08837890625,61.82674789428711,0.36186009645462036
smollm2_360m_base,capital:2,capital,qa,26,723.8665771484375,165.2681427001953,0.3735068440437317
smollm2_360m_base,capital:2,capital,qa,27,931.4397583007812,199.14524841308594,0.42085903882980347
smollm2_360m_base,capital:2,capital,qa,28,1079.754150390625,85.9171371459961,0.4803636968135834
smollm2_360m_base,capital:2,capital,qa,29,1175.2308349609375,93.19050598144531,0.5898950695991516
smollm2_360m_base,capital:2,capital,qa,30,1217.8843994140625,92.6432876586914,0.6790477633476257
smollm2_360m_base,capital:2,capital,qa,31,57.46113204956055,98.5993881225586,0.8164197206497192
smollm2_360m_base,capital:2,capital,chat_template,0,51.65697479248047,4.7975687980651855,0.07047264277935028
smollm2_360m_base,capital:2,capital,chat_template,1,71.70111083984375,18.254674911499023,0.08925887942314148
smollm2_360m_base,capital:2,capital,chat_template,2,81.22331237792969,10.890246391296387,0.11691570281982422
smollm2_360m_base,capital:2,capital,chat_template,3,93.70437622070312,15.013837814331055,0.140361949801445
smollm2_360m_base,capital:2,capital,chat_template,4,105.05792999267578,17.322731018066406,0.15792188048362732
smollm2_360m_base,capital:2,capital,chat_template,5,115.76090240478516,14.410798072814941,0.15615825355052948
smollm2_360m_base,capital:2,capital,chat_template,6,126.04798889160156,24.727622985839844,0.16801539063453674
smollm2_360m_base,capital:2,capital,chat_template,7,146.99400329589844,25.188779830932617,0.1911952942609787
smollm2_360m_base,capital:2,capital,chat_template,8,157.74908447265625,30.293806076049805,0.22516480088233948
smollm2_360m_base,capital:2,capital,chat_template,9,163.75698852539062,18.57755470275879,0.20760241150856018
smollm2_360m_base,capital:2,capital,chat_template,10,164.3585968017578,14.577836036682129,0.17262759804725647
smollm2_360m_base,capital:2,capital,chat_template,11,176.40025329589844,21.461406707763672,0.1862979382276535
smollm2_360m_base,capital:2,capital,chat_template,12,181.05966186523438,21.282148361206055,0.19430923461914062
smollm2_360m_base,capital:2,capital,chat_template,13,190.60926818847656,23.07931900024414,0.1949494183063507
smollm2_360m_base,capital:2,capital,chat_template,14,210.59796142578125,31.262800216674805,0.19920173287391663
smollm2_360m_base,capital:2,capital,chat_template,15,219.32896423339844,25.07460594177246,0.19859273731708527
smollm2_360m_base,capital:2,capital,chat_template,16,243.56446838378906,36.8547477722168,0.21556663513183594
smollm2_360m_base,capital:2,capital,chat_template,17,270.13189697265625,45.754268646240234,0.23623986542224884
smollm2_360m_base,capital:2,capital,chat_template,18,277.67156982421875,52.16265869140625,0.23246297240257263
smollm2_360m_base,capital:2,capital,chat_template,19,274.6654357910156,29.502016067504883,0.2518310248851776
smollm2_360m_base,capital:2,capital,chat_template,20,287.1170349121094,34.73581314086914,0.2699114978313446
smollm2_360m_base,capital:2,capital,chat_template,21,340.74578857421875,53.29733657836914,0.2960173487663269
smollm2_360m_base,capital:2,capital,chat_template,22,362.7207946777344,49.93566131591797,0.38878339529037476
smollm2_360m_base,capital:2,capital,chat_template,23,421.26190185546875,97.63590240478516,0.3333498537540436
smollm2_360m_base,capital:2,capital,chat_template,24,534.2233276367188,76.79550170898438,0.36147522926330566
smollm2_360m_base,capital:2,capital,chat_template,25,636.6572265625,64.63768768310547,0.385672003030777
smollm2_360m_base,capital:2,capital,chat_template,26,762.684326171875,124.76886749267578,0.3548254370689392
smollm2_360m_base,capital:2,capital,chat_template,27,919.3026123046875,138.72047424316406,0.3385949730873108
smollm2_360m_base,capital:2,capital,chat_template,28,1059.262451171875,107.68820190429688,0.3525598645210266
smollm2_360m_base,capital:2,capital,chat_template,29,1282.3023681640625,134.4081268310547,0.412224680185318
smollm2_360m_base,capital:2,capital,chat_template,30,1432.653076171875,128.5963134765625,0.48270243406295776
smollm2_360m_base,capital:2,capital,chat_template,31,69.11485290527344,108.58492279052734,0.6899469494819641
smollm2_360m_base,capital:3,capital,raw_question,0,61.7081413269043,4.635390281677246,0.0948798730969429
smollm2_360m_base,capital:3,capital,raw_question,1,80.2930908203125,15.377151489257812,0.09476548433303833
smollm2_360m_base,capital:3,capital,raw_question,2,92.4273910522461,12.901591300964355,0.12540772557258606
smollm2_360m_base,capital:3,capital,raw_question,3,83.03663635253906,14.302550315856934,0.135965958237648
smollm2_360m_base,capital:3,capital,raw_question,4,98.64276885986328,18.047714233398438,0.15465103089809418
smollm2_360m_base,capital:3,capital,raw_question,5,116.93977355957031,26.089950561523438,0.1601572483778
smollm2_360m_base,capital:3,capital,raw_question,6,132.5594024658203,12.817534446716309,0.16817517578601837
smollm2_360m_base,capital:3,capital,raw_question,7,149.34918212890625,25.983957290649414,0.19170860946178436
smollm2_360m_base,capital:3,capital,raw_question,8,157.05230712890625,15.44725227355957,0.20280799269676208
smollm2_360m_base,capital:3,capital,raw_question,9,163.67251586914062,17.675949096679688,0.2001280039548874
smollm2_360m_base,capital:3,capital,raw_question,10,163.68701171875,13.342412948608398,0.1791827231645584
smollm2_360m_base,capital:3,capital,raw_question,11,177.50340270996094,16.112916946411133,0.18768250942230225
smollm2_360m_base,capital:3,capital,raw_question,12,184.86192321777344,17.23125648498535,0.20340099930763245
smollm2_360m_base,capital:3,capital,raw_question,13,186.1141357421875,24.609561920166016,0.19738726317882538
smollm2_360m_base,capital:3,capital,raw_question,14,197.37486267089844,37.58763885498047,0.19885286688804626
smollm2_360m_base,capital:3,capital,raw_question,15,236.6455841064453,45.03791427612305,0.22125272452831268
smollm2_360m_base,capital:3,capital,raw_question,16,251.66319274902344,36.60934829711914,0.21671585738658905
smollm2_360m_base,capital:3,capital,raw_question,17,262.9964294433594,31.848392486572266,0.21210618317127228
smollm2_360m_base,capital:3,capital,raw_question,18,257.125,39.32377624511719,0.20425871014595032
smollm2_360m_base,capital:3,capital,raw_question,19,275.0323791503906,28.854333877563477,0.22713236510753632
smollm2_360m_base,capital:3,capital,raw_question,20,277.43426513671875,24.846721649169922,0.23944970965385437
smollm2_360m_base,capital:3,capital,raw_question,21,350.7880554199219,52.57796859741211,0.26634711027145386
smollm2_360m_base,capital:3,capital,raw_question,22,375.6289978027344,39.15822219848633,0.32630592584609985
smollm2_360m_base,capital:3,capital,raw_question,23,416.4838562011719,61.09978485107422,0.30312758684158325
smollm2_360m_base,capital:3,capital,raw_question,24,506.4958801269531,55.51231002807617,0.3315085768699646
smollm2_360m_base,capital:3,capital,raw_question,25,576.5570068359375,48.23662567138672,0.3225521445274353
smollm2_360m_base,capital:3,capital,raw_question,26,695.1638793945312,100.65695190429688,0.3049852252006531
smollm2_360m_base,capital:3,capital,raw_question,27,809.9672241210938,88.86477661132812,0.2860143184661865
smollm2_360m_base,capital:3,capital,raw_question,28,940.17529296875,114.57002258300781,0.2867955267429352
smollm2_360m_base,capital:3,capital,raw_question,29,1107.143310546875,101.99702453613281,0.3084058165550232
smollm2_360m_base,capital:3,capital,raw_question,30,1258.1756591796875,132.87588500976562,0.36424732208251953
smollm2_360m_base,capital:3,capital,raw_question,31,64.30106353759766,109.0130615234375,0.5954049229621887
smollm2_360m_base,capital:3,capital,declarative,0,59.325340270996094,4.8735151290893555,0.07082631438970566
smollm2_360m_base,capital:3,capital,declarative,1,82.47126007080078,15.323254585266113,0.10218676179647446
smollm2_360m_base,capital:3,capital,declarative,2,93.80510711669922,13.095629692077637,0.12114113569259644
smollm2_360m_base,capital:3,capital,declarative,3,89.0376968383789,18.677705764770508,0.1490633636713028
smollm2_360m_base,capital:3,capital,declarative,4,108.70280456542969,20.407487869262695,0.16014322638511658
smollm2_360m_base,capital:3,capital,declarative,5,121.5478286743164,18.986042022705078,0.15824389457702637
smollm2_360m_base,capital:3,capital,declarative,6,133.73121643066406,13.362698554992676,0.1590084731578827
smollm2_360m_base,capital:3,capital,declarative,7,150.25697326660156,25.8614501953125,0.18079043924808502
smollm2_360m_base,capital:3,capital,declarative,8,165.281005859375,26.4492244720459,0.21899017691612244
smollm2_360m_base,capital:3,capital,declarative,9,177.74232482910156,17.036869049072266,0.20716123282909393
smollm2_360m_base,capital:3,capital,declarative,10,176.33370971679688,16.692272186279297,0.18302272260189056
smollm2_360m_base,capital:3,capital,declarative,11,185.265869140625,9.305801391601562,0.17720705270767212
smollm2_360m_base,capital:3,capital,declarative,12,184.62753295898438,17.397672653198242,0.182032972574234
smollm2_360m_base,capital:3,capital,declarative,13,182.5728302001953,22.38845443725586,0.17886433005332947
smollm2_360m_base,capital:3,capital,declarative,14,199.35531616210938,43.48414993286133,0.2030113935470581
smollm2_360m_base,capital:3,capital,declarative,15,235.33726501464844,45.61484909057617,0.226851224899292
smollm2_360m_base,capital:3,capital,declarative,16,254.22738647460938,37.15879821777344,0.22631511092185974
smollm2_360m_base,capital:3,capital,declarative,17,260.50811767578125,32.03404235839844,0.21983838081359863
smollm2_360m_base,capital:3,capital,declarative,18,249.2557373046875,43.1702766418457,0.21148255467414856
smollm2_360m_base,capital:3,capital,declarative,19,259.6369323730469,26.819250106811523,0.22137680649757385
smollm2_360m_base,capital:3,capital,declarative,20,271.09954833984375,24.08110809326172,0.23998276889324188
smollm2_360m_base,capital:3,capital,declarative,21,334.33990478515625,40.64812469482422,0.261633962392807
smollm2_360m_base,capital:3,capital,declarative,22,364.0650329589844,47.31374740600586,0.36250293254852295
smollm2_360m_base,capital:3,capital,declarative,23,417.48748779296875,112.3744125366211,0.32744723558425903
smollm2_360m_base,capital:3,capital,declarative,24,511.38812255859375,88.54672241210938,0.3287244439125061
smollm2_360m_base,capital:3,capital,declarative,25,577.3604736328125,60.06294250488281,0.3333345055580139
smollm2_360m_base,capital:3,capital,declarative,26,663.3443603515625,184.13563537597656,0.34719085693359375
smollm2_360m_base,capital:3,capital,declarative,27,794.0468139648438,187.0169219970703,0.3908010423183441
smollm2_360m_base,capital:3,capital,declarative,28,937.8851928710938,87.09455108642578,0.4592413902282715
smollm2_360m_base,capital:3,capital,declarative,29,1007.8888549804688,122.44270324707031,0.591762125492096
smollm2_360m_base,capital:3,capital,declarative,30,1092.1962890625,138.28700256347656,0.6645243763923645
smollm2_360m_base,capital:3,capital,declarative,31,55.92560958862305,124.96218872070312,0.766872227191925
smollm2_360m_base,capital:3,capital,qa,0,53.292213439941406,4.744560718536377,0.07380841672420502
smollm2_360m_base,capital:3,capital,qa,1,69.96451568603516,16.305221557617188,0.1273755580186844
smollm2_360m_base,capital:3,capital,qa,2,85.75798797607422,15.2282133102417,0.1388351023197174
smollm2_360m_base,capital:3,capital,qa,3,100.57965850830078,14.312856674194336,0.16344299912452698
smollm2_360m_base,capital:3,capital,qa,4,107.14437103271484,17.637203216552734,0.17724886536598206
smollm2_360m_base,capital:3,capital,qa,5,119.3734359741211,20.14437484741211,0.17287974059581757
smollm2_360m_base,capital:3,capital,qa,6,151.171875,40.065040588378906,0.1977243423461914
smollm2_360m_base,capital:3,capital,qa,7,165.96881103515625,28.123798370361328,0.2094530612230301
smollm2_360m_base,capital:3,capital,qa,8,164.35330200195312,19.84259605407715,0.2091209441423416
smollm2_360m_base,capital:3,capital,qa,9,177.0462646484375,27.408206939697266,0.20315317809581757
smollm2_360m_base,capital:3,capital,qa,10,174.0880889892578,16.437877655029297,0.18204334378242493
smollm2_360m_base,capital:3,capital,qa,11,180.64328002929688,15.616372108459473,0.19585031270980835
smollm2_360m_base,capital:3,capital,qa,12,195.60060119628906,30.85834312438965,0.20080964267253876
smollm2_360m_base,capital:3,capital,qa,13,199.95455932617188,17.867599487304688,0.19528765976428986
smollm2_360m_base,capital:3,capital,qa,14,206.0691680908203,25.860734939575195,0.1924850195646286
smollm2_360m_base,capital:3,capital,qa,15,227.38330078125,38.87041091918945,0.20707204937934875
smollm2_360m_base,capital:3,capital,qa,16,252.85020446777344,39.78583526611328,0.22195729613304138
smollm2_360m_base,capital:3,capital,qa,17,260.7611389160156,24.576204299926758,0.21891701221466064
smollm2_360m_base,capital:3,capital,qa,18,255.53355407714844,37.85861587524414,0.21687933802604675
smollm2_360m_base,capital:3,capital,qa,19,268.06304931640625,35.80045700073242,0.22790956497192383
smollm2_360m_base,capital:3,capital,qa,20,275.2239990234375,34.984619140625,0.2505759596824646
smollm2_360m_base,capital:3,capital,qa,21,336.59747314453125,51.12116241455078,0.2739454209804535
smollm2_360m_base,capital:3,capital,qa,22,362.90826416015625,50.47404479980469,0.378837525844574
smollm2_360m_base,capital:3,capital,qa,23,430.5899353027344,127.91466522216797,0.33550113439559937
smollm2_360m_base,capital:3,capital,qa,24,524.6924438476562,90.06668090820312,0.3501017987728119
smollm2_360m_base,capital:3,capital,qa,25,615.0722045898438,80.93321990966797,0.35992231965065
smollm2_360m_base,capital:3,capital,qa,26,712.8790283203125,189.75994873046875,0.3599667549133301
smollm2_360m_base,capital:3,capital,qa,27,859.9814453125,183.8919219970703,0.3936474919319153
smollm2_360m_base,capital:3,capital,qa,28,1004.767578125,112.90861511230469,0.4483014941215515
smollm2_360m_base,capital:3,capital,qa,29,1087.225341796875,104.41499328613281,0.5790634155273438
smollm2_360m_base,capital:3,capital,qa,30,1169.461669921875,154.96246337890625,0.660335898399353
smollm2_360m_base,capital:3,capital,qa,31,66.36353302001953,103.84337615966797,0.8165990710258484
smollm2_360m_base,capital:3,capital,chat_template,0,51.56666564941406,4.793264389038086,0.07106222212314606
smollm2_360m_base,capital:3,capital,chat_template,1,70.92501831054688,17.937467575073242,0.0886491984128952
smollm2_360m_base,capital:3,capital,chat_template,2,80.67092895507812,11.052538871765137,0.11746048927307129
smollm2_360m_base,capital:3,capital,chat_template,3,93.12178039550781,14.689165115356445,0.14079907536506653
smollm2_360m_base,capital:3,capital,chat_template,4,105.18383026123047,17.659006118774414,0.15866731107234955
smollm2_360m_base,capital:3,capital,chat_template,5,117.03048706054688,14.530234336853027,0.15826234221458435
smollm2_360m_base,capital:3,capital,chat_template,6,126.37931060791016,22.863019943237305,0.17097030580043793
smollm2_360m_base,capital:3,capital,chat_template,7,147.4913787841797,24.74066734313965,0.19048301875591278
smollm2_360m_base,capital:3,capital,chat_template,8,157.41058349609375,28.184621810913086,0.22139911353588104
smollm2_360m_base,capital:3,capital,chat_template,9,166.02980041503906,20.592790603637695,0.20946617424488068
smollm2_360m_base,capital:3,capital,chat_template,10,166.35987854003906,14.479388236999512,0.17346712946891785
smollm2_360m_base,capital:3,capital,chat_template,11,178.10528564453125,21.36776351928711,0.1869387924671173
smollm2_360m_base,capital:3,capital,chat_template,12,183.30288696289062,21.10783576965332,0.1949547976255417
smollm2_360m_base,capital:3,capital,chat_template,13,190.64501953125,22.574451446533203,0.19505329430103302
smollm2_360m_base,capital:3,capital,chat_template,14,208.4714813232422,30.537363052368164,0.19759061932563782
smollm2_360m_base,capital:3,capital,chat_template,15,218.33262634277344,25.608327865600586,0.19673755764961243
smollm2_360m_base,capital:3,capital,chat_template,16,242.617431640625,36.52838134765625,0.21304936707019806
smollm2_360m_base,capital:3,capital,chat_template,17,268.7852478027344,45.02764129638672,0.23640665411949158
smollm2_360m_base,capital:3,capital,chat_template,18,278.48480224609375,51.97045135498047,0.23066306114196777
smollm2_360m_base,capital:3,capital,chat_template,19,275.0595703125,28.9923152923584,0.24945585429668427
smollm2_360m_base,capital:3,capital,chat_template,20,286.6780090332031,34.30290603637695,0.2676735520362854
smollm2_360m_base,capital:3,capital,chat_template,21,340.1028137207031,51.147438049316406,0.29105836153030396
smollm2_360m_base,capital:3,capital,chat_template,22,364.7925109863281,50.74025344848633,0.38416486978530884
smollm2_360m_base,capital:3,capital,chat_template,23,427.1867370605469,95.80023956298828,0.33017832040786743
smollm2_360m_base,capital:3,capital,chat_template,24,540.2340698242188,76.95539855957031,0.3584270179271698
smollm2_360m_base,capital:3,capital,chat_template,25,635.0567626953125,67.33924865722656,0.382084459066391
smollm2_360m_base,capital:3,capital,chat_template,26,775.6846923828125,139.90367126464844,0.34524184465408325
smollm2_360m_base,capital:3,capital,chat_template,27,919.2615356445312,123.01396942138672,0.3092714846134186
smollm2_360m_base,capital:3,capital,chat_template,28,1066.2945556640625,161.9924774169922,0.30814823508262634
smollm2_360m_base,capital:3,capital,chat_template,29,1279.7796630859375,147.62667846679688,0.34291505813598633
smollm2_360m_base,capital:3,capital,chat_template,30,1448.553955078125,158.8815155029297,0.41029682755470276
smollm2_360m_base,capital:3,capital,chat_template,31,73.05643463134766,123.05985260009766,0.652396559715271
smollm2_360m_base,capital:4,capital,raw_question,0,60.30118179321289,4.495152950286865,0.09499892592430115
smollm2_360m_base,capital:4,capital,raw_question,1,80.4303970336914,16.506792068481445,0.0950213298201561
smollm2_360m_base,capital:4,capital,raw_question,2,92.21559143066406,13.582137107849121,0.1265387237071991
smollm2_360m_base,capital:4,capital,raw_question,3,85.9722900390625,15.775632858276367,0.1336364895105362
smollm2_360m_base,capital:4,capital,raw_question,4,100.55308532714844,19.559337615966797,0.15935008227825165
smollm2_360m_base,capital:4,capital,raw_question,5,116.45486450195312,21.394058227539062,0.16106350719928741
smollm2_360m_base,capital:4,capital,raw_question,6,132.39883422851562,11.509421348571777,0.16871941089630127
smollm2_360m_base,capital:4,capital,raw_question,7,151.1554412841797,25.771465301513672,0.1912950873374939
smollm2_360m_base,capital:4,capital,raw_question,8,159.88916015625,16.130277633666992,0.20806936919689178
smollm2_360m_base,capital:4,capital,raw_question,9,164.34017944335938,15.70964241027832,0.20131941139698029
smollm2_360m_base,capital:4,capital,raw_question,10,164.45785522460938,13.565996170043945,0.1786639392375946
smollm2_360m_base,capital:4,capital,raw_question,11,179.39772033691406,18.351964950561523,0.19225437939167023
smollm2_360m_base,capital:4,capital,raw_question,12,185.1797637939453,17.537710189819336,0.20670363306999207
smollm2_360m_base,capital:4,capital,raw_question,13,187.67701721191406,27.690811157226562,0.20027978718280792
smollm2_360m_base,capital:4,capital,raw_question,14,201.5428924560547,38.185890197753906,0.2020091563463211
smollm2_360m_base,capital:4,capital,raw_question,15,237.6458282470703,42.81536865234375,0.22202613949775696
smollm2_360m_base,capital:4,capital,raw_question,16,256.0788269042969,38.20121765136719,0.21810588240623474
smollm2_360m_base,capital:4,capital,raw_question,17,261.5915222167969,32.72263717651367,0.21098928153514862
smollm2_360m_base,capital:4,capital,raw_question,18,252.67100524902344,40.981666564941406,0.20257949829101562
smollm2_360m_base,capital:4,capital,raw_question,19,269.2135925292969,26.990365982055664,0.22545352578163147
smollm2_360m_base,capital:4,capital,raw_question,20,274.0895080566406,24.969993591308594,0.2381610870361328
smollm2_360m_base,capital:4,capital,raw_question,21,343.66339111328125,50.16394805908203,0.26563042402267456
smollm2_360m_base,capital:4,capital,raw_question,22,370.56451416015625,40.20988082885742,0.327507883310318
smollm2_360m_base,capital:4,capital,raw_question,23,407.1097106933594,53.12069320678711,0.30213266611099243
smollm2_360m_base,capital:4,capital,raw_question,24,491.41717529296875,58.066444396972656,0.3333524763584137
smollm2_360m_base,capital:4,capital,raw_question,25,559.8389282226562,38.64603805541992,0.3252851366996765
smollm2_360m_base,capital:4,capital,raw_question,26,667.6172485351562,100.8021011352539,0.31799906492233276
smollm2_360m_base,capital:4,capital,raw_question,27,788.9786376953125,101.75817108154297,0.30952030420303345
smollm2_360m_base,capital:4,capital,raw_question,28,916.5812377929688,81.30949401855469,0.30830055475234985
smollm2_360m_base,capital:4,capital,raw_question,29,1091.7803955078125,95.38139343261719,0.34184178709983826
smollm2_360m_base,capital:4,capital,raw_question,30,1232.685302734375,109.00933074951172,0.38757866621017456
smollm2_360m_base,capital:4,capital,raw_question,31,62.90792465209961,96.60346221923828,0.600727379322052
smollm2_360m_base,capital:4,capital,declarative,0,56.68647766113281,4.717576026916504,0.07512050122022629
smollm2_360m_base,capital:4,capital,declarative,1,83.64594268798828,16.716243743896484,0.10555622726678848
smollm2_360m_base,capital:4,capital,declarative,2,94.23798370361328,14.272645950317383,0.12886691093444824
smollm2_360m_base,capital:4,capital,declarative,3,90.37469482421875,19.010330200195312,0.14848311245441437
smollm2_360m_base,capital:4,capital,declarative,4,111.71434783935547,21.775619506835938,0.16525623202323914
smollm2_360m_base,capital:4,capital,declarative,5,124.94267272949219,19.57453727722168,0.16329316794872284
smollm2_360m_base,capital:4,capital,declarative,6,135.7314910888672,12.809958457946777,0.16391673684120178
smollm2_360m_base,capital:4,capital,declarative,7,153.46514892578125,27.131677627563477,0.18687567114830017
smollm2_360m_base,capital:4,capital,declarative,8,169.7654571533203,30.515911102294922,0.22554925084114075
smollm2_360m_base,capital:4,capital,declarative,9,176.63685607910156,17.310518264770508,0.20763973891735077
smollm2_360m_base,capital:4,capital,declarative,10,176.57020568847656,12.1470365524292,0.18299967050552368
smollm2_360m_base,capital:4,capital,declarative,11,187.82479858398438,11.009875297546387,0.18489396572113037
smollm2_360m_base,capital:4,capital,declarative,12,187.01742553710938,18.184757232666016,0.1897573173046112
smollm2_360m_base,capital:4,capital,declarative,13,184.53475952148438,22.54473304748535,0.18348944187164307
smollm2_360m_base,capital:4,capital,declarative,14,204.2801055908203,45.43728256225586,0.20819850265979767
smollm2_360m_base,capital:4,capital,declarative,15,235.29930114746094,41.39509582519531,0.2250964194536209
smollm2_360m_base,capital:4,capital,declarative,16,254.97393798828125,37.993377685546875,0.2253994643688202
smollm2_360m_base,capital:4,capital,declarative,17,258.89532470703125,33.47175598144531,0.2174820899963379
smollm2_360m_base,capital:4,capital,declarative,18,247.4319305419922,41.882179260253906,0.21183955669403076
smollm2_360m_base,capital:4,capital,declarative,19,261.4629211425781,26.149635314941406,0.2254602462053299
smollm2_360m_base,capital:4,capital,declarative,20,278.89581298828125,25.203210830688477,0.24560947716236115
smollm2_360m_base,capital:4,capital,declarative,21,334.4333801269531,39.87550354003906,0.262246310710907
smollm2_360m_base,capital:4,capital,declarative,22,368.9428405761719,42.78615188598633,0.3602380156517029
smollm2_360m_base,capital:4,capital,declarative,23,422.51043701171875,83.56393432617188,0.3241453170776367
smollm2_360m_base,capital:4,capital,declarative,24,506.53155517578125,70.82095336914062,0.33179396390914917
smollm2_360m_base,capital:4,capital,declarative,25,583.4197387695312,50.54000473022461,0.33801934123039246
smollm2_360m_base,capital:4,capital,declarative,26,709.31787109375,173.1837158203125,0.35609960556030273
smollm2_360m_base,capital:4,capital,declarative,27,820.156982421875,188.4482421875,0.4089052081108093
smollm2_360m_base,capital:4,capital,declarative,28,988.3221435546875,86.64575958251953,0.45210903882980347
smollm2_360m_base,capital:4,capital,declarative,29,1078.2723388671875,53.88041687011719,0.5522543787956238
smollm2_360m_base,capital:4,capital,declarative,30,1206.2490234375,86.78404998779297,0.6033192873001099
smollm2_360m_base,capital:4,capital,declarative,31,53.7501106262207,119.65009307861328,0.679872989654541
smollm2_360m_base,capital:4,capital,qa,0,53.472869873046875,4.666450023651123,0.0750722885131836
smollm2_360m_base,capital:4,capital,qa,1,70.52606964111328,16.37051010131836,0.13098713755607605
smollm2_360m_base,capital:4,capital,qa,2,86.79328155517578,15.456289291381836,0.141737699508667
smollm2_360m_base,capital:4,capital,qa,3,102.65775299072266,14.75954818725586,0.16556085646152496
smollm2_360m_base,capital:4,capital,qa,4,108.54983520507812,17.914794921875,0.1797003298997879
smollm2_360m_base,capital:4,capital,qa,5,118.1537094116211,18.33255386352539,0.17195864021778107
smollm2_360m_base,capital:4,capital,qa,6,149.4418182373047,39.086429595947266,0.1960858702659607
smollm2_360m_base,capital:4,capital,qa,7,162.68429565429688,25.644895553588867,0.20652389526367188
smollm2_360m_base,capital:4,capital,qa,8,162.40187072753906,20.683727264404297,0.20875391364097595
smollm2_360m_base,capital:4,capital,qa,9,174.39271545410156,27.020442962646484,0.2032671868801117
smollm2_360m_base,capital:4,capital,qa,10,170.73568725585938,16.43001365661621,0.18122154474258423
smollm2_360m_base,capital:4,capital,qa,11,176.52420043945312,16.902355194091797,0.19718138873577118
smollm2_360m_base,capital:4,capital,qa,12,189.51214599609375,29.69969367980957,0.2025648057460785
smollm2_360m_base,capital:4,capital,qa,13,194.80166625976562,19.218753814697266,0.19426915049552917
smollm2_360m_base,capital:4,capital,qa,14,201.1372528076172,28.53965187072754,0.19480784237384796
smollm2_360m_base,capital:4,capital,qa,15,222.20770263671875,39.14195251464844,0.2068014144897461
smollm2_360m_base,capital:4,capital,qa,16,244.7274627685547,38.95641326904297,0.21943549811840057
smollm2_360m_base,capital:4,capital,qa,17,255.5454864501953,25.482807159423828,0.21646742522716522
smollm2_360m_base,capital:4,capital,qa,18,250.2980194091797,37.04581832885742,0.21722641587257385
smollm2_360m_base,capital:4,capital,qa,19,260.813720703125,33.95389938354492,0.2266601026058197
smollm2_360m_base,capital:4,capital,qa,20,269.2664489746094,34.00016784667969,0.2522524297237396
smollm2_360m_base,capital:4,capital,qa,21,330.9034729003906,51.41267395019531,0.27571359276771545
smollm2_360m_base,capital:4,capital,qa,22,369.858154296875,46.470733642578125,0.3823360800743103
smollm2_360m_base,capital:4,capital,qa,23,442.6505126953125,114.64391326904297,0.3337549567222595
smollm2_360m_base,capital:4,capital,qa,24,526.271484375,84.73474884033203,0.35525932908058167
smollm2_360m_base,capital:4,capital,qa,25,614.1100463867188,53.35454177856445,0.3608859181404114
smollm2_360m_base,capital:4,capital,qa,26,746.6539306640625,172.31668090820312,0.3683124780654907
smollm2_360m_base,capital:4,capital,qa,27,892.083984375,194.9019012451172,0.41723164916038513
smollm2_360m_base,capital:4,capital,qa,28,1054.163330078125,90.13066864013672,0.46140122413635254
smollm2_360m_base,capital:4,capital,qa,29,1121.2845458984375,65.72794342041016,0.5715087652206421
smollm2_360m_base,capital:4,capital,qa,30,1251.98486328125,109.66792297363281,0.649814248085022
smollm2_360m_base,capital:4,capital,qa,31,57.791656494140625,107.56273651123047,0.7640142440795898
smollm2_360m_base,capital:4,capital,chat_template,0,51.577274322509766,4.799238204956055,0.07043786346912384
smollm2_360m_base,capital:4,capital,chat_template,1,71.62647247314453,18.225177764892578,0.0891103744506836
smollm2_360m_base,capital:4,capital,chat_template,2,81.0987319946289,10.773763656616211,0.11669562757015228
smollm2_360m_base,capital:4,capital,chat_template,3,93.61424255371094,14.999100685119629,0.14015960693359375
smollm2_360m_base,capital:4,capital,chat_template,4,105.05816650390625,17.40621566772461,0.1579953134059906
smollm2_360m_base,capital:4,capital,chat_template,5,115.80413818359375,14.076948165893555,0.15633852779865265
smollm2_360m_base,capital:4,capital,chat_template,6,126.4098129272461,24.50411033630371,0.16854536533355713
smollm2_360m_base,capital:4,capital,chat_template,7,147.87777709960938,25.175596237182617,0.19038927555084229
smollm2_360m_base,capital:4,capital,chat_template,8,157.78347778320312,30.627071380615234,0.22414831817150116
smollm2_360m_base,capital:4,capital,chat_template,9,164.27830505371094,19.350605010986328,0.20816543698310852
smollm2_360m_base,capital:4,capital,chat_template,10,164.78768920898438,14.413986206054688,0.1714686155319214
smollm2_360m_base,capital:4,capital,chat_template,11,176.5995330810547,21.1961727142334,0.18502239882946014
smollm2_360m_base,capital:4,capital,chat_template,12,181.40159606933594,21.060264587402344,0.192367285490036
smollm2_360m_base,capital:4,capital,chat_template,13,189.88510131835938,23.173429489135742,0.19255010783672333
smollm2_360m_base,capital:4,capital,chat_template,14,208.92738342285156,31.724287033081055,0.19643108546733856
smollm2_360m_base,capital:4,capital,chat_template,15,217.80226135253906,24.537256240844727,0.19590584933757782
smollm2_360m_base,capital:4,capital,chat_template,16,242.86119079589844,36.720237731933594,0.2131975144147873
smollm2_360m_base,capital:4,capital,chat_template,17,272.202880859375,46.33116912841797,0.23526029288768768
smollm2_360m_base,capital:4,capital,chat_template,18,279.5606689453125,52.273433685302734,0.23173919320106506
smollm2_360m_base,capital:4,capital,chat_template,19,275.4383544921875,29.32221794128418,0.2509055435657501
smollm2_360m_base,capital:4,capital,chat_template,20,287.10552978515625,33.84128952026367,0.26797789335250854
smollm2_360m_base,capital:4,capital,chat_template,21,342.3990173339844,53.22636032104492,0.29414641857147217
smollm2_360m_base,capital:4,capital,chat_template,22,363.5239562988281,49.808956146240234,0.38654667139053345
smollm2_360m_base,capital:4,capital,chat_template,23,424.9490051269531,100.96702575683594,0.3318151533603668
smollm2_360m_base,capital:4,capital,chat_template,24,538.0714721679688,76.34603881835938,0.36064600944519043
smollm2_360m_base,capital:4,capital,chat_template,25,636.743896484375,60.19974136352539,0.383418470621109
smollm2_360m_base,capital:4,capital,chat_template,26,773.246337890625,144.44894409179688,0.35790809988975525
smollm2_360m_base,capital:4,capital,chat_template,27,916.3347778320312,140.58843994140625,0.3409009277820587
smollm2_360m_base,capital:4,capital,chat_template,28,1067.239501953125,113.63676452636719,0.34939709305763245
smollm2_360m_base,capital:4,capital,chat_template,29,1268.23681640625,107.36534881591797,0.4088269770145416
smollm2_360m_base,capital:4,capital,chat_template,30,1422.0147705078125,127.92010498046875,0.46849051117897034
smollm2_360m_base,capital:4,capital,chat_template,31,71.06046295166016,107.47061920166016,0.6724972724914551
smollm2_360m_base,capital:5,capital,raw_question,0,60.15414810180664,4.375302314758301,0.09599693864583969
smollm2_360m_base,capital:5,capital,raw_question,1,79.87999725341797,15.947405815124512,0.0971788838505745
smollm2_360m_base,capital:5,capital,raw_question,2,93.7738265991211,13.87297534942627,0.13033096492290497
smollm2_360m_base,capital:5,capital,raw_question,3,82.67999267578125,14.45332145690918,0.14246897399425507
smollm2_360m_base,capital:5,capital,raw_question,4,97.63090515136719,17.714759826660156,0.1552542746067047
smollm2_360m_base,capital:5,capital,raw_question,5,114.9097900390625,24.481340408325195,0.16390232741832733
smollm2_360m_base,capital:5,capital,raw_question,6,132.4213409423828,13.43380069732666,0.1711607277393341
smollm2_360m_base,capital:5,capital,raw_question,7,152.4403839111328,26.468486785888672,0.19532975554466248
smollm2_360m_base,capital:5,capital,raw_question,8,158.97584533691406,16.145227432250977,0.2058587521314621
smollm2_360m_base,capital:5,capital,raw_question,9,162.20494079589844,17.198848724365234,0.19986623525619507
smollm2_360m_base,capital:5,capital,raw_question,10,162.5048370361328,14.099892616271973,0.17899373173713684
smollm2_360m_base,capital:5,capital,raw_question,11,177.39251708984375,17.464670181274414,0.1909664422273636
smollm2_360m_base,capital:5,capital,raw_question,12,184.75604248046875,17.79938316345215,0.20670342445373535
smollm2_360m_base,capital:5,capital,raw_question,13,187.32293701171875,25.527008056640625,0.19927716255187988
smollm2_360m_base,capital:5,capital,raw_question,14,200.2711639404297,37.5229606628418,0.2024092674255371
smollm2_360m_base,capital:5,capital,raw_question,15,235.57774353027344,43.53071594238281,0.21924015879631042
smollm2_360m_base,capital:5,capital,raw_question,16,248.5428466796875,34.998023986816406,0.21719244122505188
smollm2_360m_base,capital:5,capital,raw_question,17,257.77239990234375,29.710094451904297,0.20943927764892578
smollm2_360m_base,capital:5,capital,raw_question,18,250.78192138671875,39.62163162231445,0.20167145133018494
smollm2_360m_base,capital:5,capital,raw_question,19,269.4944763183594,27.52913475036621,0.2251141518354416
smollm2_360m_base,capital:5,capital,raw_question,20,273.8497314453125,24.520641326904297,0.23926305770874023
smollm2_360m_base,capital:5,capital,raw_question,21,345.8810119628906,52.98423385620117,0.2661031186580658
smollm2_360m_base,capital:5,capital,raw_question,22,371.8858947753906,39.677764892578125,0.3261839747428894
smollm2_360m_base,capital:5,capital,raw_question,23,408.54107666015625,51.58702850341797,0.3005174994468689
smollm2_360m_base,capital:5,capital,raw_question,24,492.3119812011719,52.29551696777344,0.33012622594833374
smollm2_360m_base,capital:5,capital,raw_question,25,558.2772216796875,41.94686508178711,0.3196791708469391
smollm2_360m_base,capital:5,capital,raw_question,26,669.9534301757812,83.26873016357422,0.30271413922309875
smollm2_360m_base,capital:5,capital,raw_question,27,815.1915283203125,129.01251220703125,0.290426641702652
smollm2_360m_base,capital:5,capital,raw_question,28,928.7711791992188,75.96736907958984,0.30185502767562866
smollm2_360m_base,capital:5,capital,raw_question,29,1098.0836181640625,106.72771453857422,0.327991783618927
smollm2_360m_base,capital:5,capital,raw_question,30,1241.32763671875,112.39286804199219,0.37236419320106506
smollm2_360m_base,capital:5,capital,raw_question,31,63.21424865722656,105.22234344482422,0.5872787237167358
smollm2_360m_base,capital:5,capital,declarative,0,56.86174011230469,4.636089324951172,0.07394514977931976
smollm2_360m_base,capital:5,capital,declarative,1,83.96917724609375,18.269866943359375,0.1075395792722702
smollm2_360m_base,capital:5,capital,declarative,2,94.59568786621094,12.921223640441895,0.12875714898109436
smollm2_360m_base,capital:5,capital,declarative,3,88.38282012939453,16.53371238708496,0.1524052768945694
smollm2_360m_base,capital:5,capital,declarative,4,109.31947326660156,21.409841537475586,0.16368408501148224
smollm2_360m_base,capital:5,capital,declarative,5,126.2904281616211,22.046112060546875,0.16750440001487732
smollm2_360m_base,capital:5,capital,declarative,6,137.31729125976562,13.789840698242188,0.16872693598270416
smollm2_360m_base,capital:5,capital,declarative,7,157.33555603027344,29.765336990356445,0.18945945799350739
smollm2_360m_base,capital:5,capital,declarative,8,172.36090087890625,30.001312255859375,0.22506213188171387
smollm2_360m_base,capital:5,capital,declarative,9,177.4056854248047,17.049396514892578,0.2100832462310791
smollm2_360m_base,capital:5,capital,declarative,10,176.971435546875,11.546220779418945,0.18331852555274963
smollm2_360m_base,capital:5,capital,declarative,11,186.64364624023438,11.355020523071289,0.18591587245464325
smollm2_360m_base,capital:5,capital,declarative,12,186.8199920654297,17.892536163330078,0.18812283873558044
smollm2_360m_base,capital:5,capital,declarative,13,183.19711303710938,19.760574340820312,0.1858196258544922
smollm2_360m_base,capital:5,capital,declarative,14,195.81539916992188,41.84175491333008,0.20383182168006897
smollm2_360m_base,capital:5,capital,declarative,15,227.72637939453125,43.667842864990234,0.2235046625137329
smollm2_360m_base,capital:5,capital,declarative,16,244.41964721679688,33.062835693359375,0.22408223152160645
smollm2_360m_base,capital:5,capital,declarative,17,253.52061462402344,30.434120178222656,0.22105462849140167
smollm2_360m_base,capital:5,capital,declarative,18,243.93641662597656,41.55525207519531,0.21525993943214417
smollm2_360m_base,capital:5,capital,declarative,19,257.6534423828125,27.205488204956055,0.22716498374938965
smollm2_360m_base,capital:5,capital,declarative,20,272.2241516113281,25.29033851623535,0.24939194321632385
smollm2_360m_base,capital:5,capital,declarative,21,332.6355285644531,41.83134078979492,0.2645767033100128
smollm2_360m_base,capital:5,capital,declarative,22,362.821044921875,44.20370101928711,0.3722623288631439
smollm2_360m_base,capital:5,capital,declarative,23,408.79107666015625,95.96145629882812,0.3261640667915344
smollm2_360m_base,capital:5,capital,declarative,24,496.4269104003906,66.416748046875,0.32218098640441895
smollm2_360m_base,capital:5,capital,declarative,25,561.5028686523438,54.475440979003906,0.3262302279472351
smollm2_360m_base,capital:5,capital,declarative,26,644.539794921875,148.80836486816406,0.33978256583213806
smollm2_360m_base,capital:5,capital,declarative,27,941.5050048828125,206.83499145507812,0.39227113127708435
smollm2_360m_base,capital:5,capital,declarative,28,1015.990478515625,66.61679077148438,0.4991224408149719
smollm2_360m_base,capital:5,capital,declarative,29,1053.907958984375,157.83885192871094,0.615594208240509
smollm2_360m_base,capital:5,capital,declarative,30,1103.3023681640625,133.521240234375,0.6773291826248169
smollm2_360m_base,capital:5,capital,declarative,31,50.78541564941406,114.46964263916016,0.7258247137069702
smollm2_360m_base,capital:5,capital,qa,0,53.36730194091797,4.639445781707764,0.07342056930065155
smollm2_360m_base,capital:5,capital,qa,1,70.74981689453125,16.31983757019043,0.13096697628498077
smollm2_360m_base,capital:5,capital,qa,2,87.18312072753906,15.739581108093262,0.14221498370170593
smollm2_360m_base,capital:5,capital,qa,3,102.509521484375,14.480413436889648,0.16596916317939758
smollm2_360m_base,capital:5,capital,qa,4,109.02621459960938,17.96337127685547,0.17881450057029724
smollm2_360m_base,capital:5,capital,qa,5,119.24486541748047,18.764902114868164,0.17177189886569977
smollm2_360m_base,capital:5,capital,qa,6,152.48402404785156,40.30827713012695,0.1978500634431839
smollm2_360m_base,capital:5,capital,qa,7,168.56361389160156,28.018218994140625,0.20816484093666077
smollm2_360m_base,capital:5,capital,qa,8,166.60299682617188,19.810487747192383,0.20972761511802673
smollm2_360m_base,capital:5,capital,qa,9,176.26907348632812,25.63477897644043,0.20176896452903748
smollm2_360m_base,capital:5,capital,qa,10,172.61045837402344,17.62371253967285,0.1819871962070465
smollm2_360m_base,capital:5,capital,qa,11,180.64691162109375,15.30000114440918,0.19629555940628052
smollm2_360m_base,capital:5,capital,qa,12,193.98167419433594,30.730636596679688,0.202810138463974
smollm2_360m_base,capital:5,capital,qa,13,199.8354949951172,17.3292179107666,0.19640615582466125
smollm2_360m_base,capital:5,capital,qa,14,205.83575439453125,25.660301208496094,0.19497646391391754
smollm2_360m_base,capital:5,capital,qa,15,223.7046661376953,39.57499313354492,0.20498208701610565
smollm2_360m_base,capital:5,capital,qa,16,247.92860412597656,38.79780197143555,0.2208908498287201
smollm2_360m_base,capital:5,capital,qa,17,256.19097900390625,24.329023361206055,0.21586398780345917
smollm2_360m_base,capital:5,capital,qa,18,252.28672790527344,37.18776321411133,0.21659508347511292
smollm2_360m_base,capital:5,capital,qa,19,262.3814392089844,33.394500732421875,0.22602081298828125
smollm2_360m_base,capital:5,capital,qa,20,271.5312805175781,34.27463150024414,0.2514742910861969
smollm2_360m_base,capital:5,capital,qa,21,336.0413818359375,50.782894134521484,0.27652257680892944
smollm2_360m_base,capital:5,capital,qa,22,364.79833984375,50.49832534790039,0.37988659739494324
smollm2_360m_base,capital:5,capital,qa,23,423.19757080078125,112.18286895751953,0.3334105908870697
smollm2_360m_base,capital:5,capital,qa,24,513.3822631835938,74.43199157714844,0.3480478823184967
smollm2_360m_base,capital:5,capital,qa,25,599.2820434570312,62.776466369628906,0.3554258346557617
smollm2_360m_base,capital:5,capital,qa,26,690.9813842773438,148.1631317138672,0.3553379476070404
smollm2_360m_base,capital:5,capital,qa,27,999.5975952148438,216.5150146484375,0.3946363031864166
smollm2_360m_base,capital:5,capital,qa,28,1082.0225830078125,65.48419952392578,0.4863550066947937
smollm2_360m_base,capital:5,capital,qa,29,1139.678955078125,149.42185974121094,0.6057721376419067
smollm2_360m_base,capital:5,capital,qa,30,1209.0794677734375,122.19971466064453,0.6724436283111572
smollm2_360m_base,capital:5,capital,qa,31,59.78953170776367,136.501708984375,0.7522680759429932
smollm2_360m_base,capital:5,capital,chat_template,0,51.74903106689453,4.724930286407471,0.07143379747867584
smollm2_360m_base,capital:5,capital,chat_template,1,71.08403778076172,18.32979965209961,0.08905588090419769
smollm2_360m_base,capital:5,capital,chat_template,2,80.87224578857422,11.125398635864258,0.11875195801258087
smollm2_360m_base,capital:5,capital,chat_template,3,93.83476257324219,15.30089282989502,0.14239159226417542
smollm2_360m_base,capital:5,capital,chat_template,4,105.21919250488281,17.620210647583008,0.1591416597366333
smollm2_360m_base,capital:5,capital,chat_template,5,116.26604461669922,14.294391632080078,0.15638001263141632
smollm2_360m_base,capital:5,capital,chat_template,6,126.54212188720703,25.047653198242188,0.1685914695262909
smollm2_360m_base,capital:5,capital,chat_template,7,146.08407592773438,24.743288040161133,0.1879809945821762
smollm2_360m_base,capital:5,capital,chat_template,8,154.85977172851562,28.97098731994629,0.2198505401611328
smollm2_360m_base,capital:5,capital,chat_template,9,161.0591583251953,19.57354164123535,0.20460908114910126
smollm2_360m_base,capital:5,capital,chat_template,10,162.9534454345703,16.219684600830078,0.17027556896209717
smollm2_360m_base,capital:5,capital,chat_template,11,175.23507690429688,22.67797088623047,0.1847013235092163
smollm2_360m_base,capital:5,capital,chat_template,12,178.56756591796875,21.242767333984375,0.19082653522491455
smollm2_360m_base,capital:5,capital,chat_template,13,186.2787322998047,24.989439010620117,0.19195914268493652
smollm2_360m_base,capital:5,capital,chat_template,14,205.1787567138672,32.98091125488281,0.1956746131181717
smollm2_360m_base,capital:5,capital,chat_template,15,215.2090301513672,24.68941307067871,0.1940338909626007
smollm2_360m_base,capital:5,capital,chat_template,16,241.85394287109375,37.45008087158203,0.21261434257030487
smollm2_360m_base,capital:5,capital,chat_template,17,274.8790283203125,48.621002197265625,0.23732471466064453
smollm2_360m_base,capital:5,capital,chat_template,18,282.5225524902344,55.01572036743164,0.23273944854736328
smollm2_360m_base,capital:5,capital,chat_template,19,275.2957763671875,29.65081214904785,0.2543735206127167
smollm2_360m_base,capital:5,capital,chat_template,20,285.8201599121094,31.293148040771484,0.2676706910133362
smollm2_360m_base,capital:5,capital,chat_template,21,341.8406982421875,51.120094299316406,0.29063835740089417
smollm2_360m_base,capital:5,capital,chat_template,22,362.1417236328125,51.42465591430664,0.384158194065094
smollm2_360m_base,capital:5,capital,chat_template,23,428.6968688964844,98.06652069091797,0.33118098974227905
smollm2_360m_base,capital:5,capital,chat_template,24,541.1732788085938,73.50788879394531,0.3603907525539398
smollm2_360m_base,capital:5,capital,chat_template,25,639.0921630859375,64.6922607421875,0.3818359673023224
smollm2_360m_base,capital:5,capital,chat_template,26,772.3867797851562,116.6233901977539,0.3474254906177521
smollm2_360m_base,capital:5,capital,chat_template,27,956.49658203125,180.63592529296875,0.31433138251304626
smollm2_360m_base,capital:5,capital,chat_template,28,1081.8912353515625,116.31482696533203,0.33045750856399536
smollm2_360m_base,capital:5,capital,chat_template,29,1287.530517578125,173.215087890625,0.3708471953868866
smollm2_360m_base,capital:5,capital,chat_template,30,1429.583740234375,131.96409606933594,0.4262126088142395
smollm2_360m_base,capital:5,capital,chat_template,31,72.736083984375,118.33016204833984,0.6540740132331848
smollm2_360m_base,capital:6,capital,raw_question,0,60.39155578613281,4.4906768798828125,0.0954689234495163
smollm2_360m_base,capital:6,capital,raw_question,1,80.39016723632812,16.808338165283203,0.0943637490272522
smollm2_360m_base,capital:6,capital,raw_question,2,92.64701843261719,13.569561004638672,0.12636809051036835
smollm2_360m_base,capital:6,capital,raw_question,3,85.43643951416016,15.368570327758789,0.1332208514213562
smollm2_360m_base,capital:6,capital,raw_question,4,99.68563079833984,19.880142211914062,0.15820364654064178
smollm2_360m_base,capital:6,capital,raw_question,5,115.71640014648438,20.697349548339844,0.1618116796016693
smollm2_360m_base,capital:6,capital,raw_question,6,132.34422302246094,11.917765617370605,0.16970914602279663
smollm2_360m_base,capital:6,capital,raw_question,7,149.39266967773438,24.140729904174805,0.18932045996189117
smollm2_360m_base,capital:6,capital,raw_question,8,159.16708374023438,16.60677146911621,0.20436882972717285
smollm2_360m_base,capital:6,capital,raw_question,9,163.81056213378906,15.450151443481445,0.19972796738147736
smollm2_360m_base,capital:6,capital,raw_question,10,164.09793090820312,13.926142692565918,0.17789217829704285
smollm2_360m_base,capital:6,capital,raw_question,11,178.68345642089844,18.013450622558594,0.19184137880802155
smollm2_360m_base,capital:6,capital,raw_question,12,186.0608367919922,17.65796661376953,0.20760607719421387
smollm2_360m_base,capital:6,capital,raw_question,13,187.38955688476562,26.912551879882812,0.19885960221290588
smollm2_360m_base,capital:6,capital,raw_question,14,200.51332092285156,36.97566223144531,0.20024175941944122
smollm2_360m_base,capital:6,capital,raw_question,15,235.9031524658203,41.73359298706055,0.22008571028709412
smollm2_360m_base,capital:6,capital,raw_question,16,253.56248474121094,37.28694534301758,0.21385808289051056
smollm2_360m_base,capital:6,capital,raw_question,17,261.6776428222656,32.65279006958008,0.21067111194133759
smollm2_360m_base,capital:6,capital,raw_question,18,254.23143005371094,39.64674758911133,0.20122294127941132
smollm2_360m_base,capital:6,capital,raw_question,19,272.51812744140625,27.143768310546875,0.2235221117734909
smollm2_360m_base,capital:6,capital,raw_question,20,277.79193115234375,24.642122268676758,0.23949217796325684
smollm2_360m_base,capital:6,capital,raw_question,21,345.6134948730469,51.35795593261719,0.26884740591049194
smollm2_360m_base,capital:6,capital,raw_question,22,376.8663635253906,40.8658561706543,0.3300322890281677
smollm2_360m_base,capital:6,capital,raw_question,23,416.806640625,56.765350341796875,0.3035953640937805
smollm2_360m_base,capital:6,capital,raw_question,24,502.5791015625,53.42355728149414,0.3341936469078064
smollm2_360m_base,capital:6,capital,raw_question,25,574.3046875,45.2371711730957,0.328439861536026
smollm2_360m_base,capital:6,capital,raw_question,26,679.462890625,102.69865417480469,0.3158782422542572
smollm2_360m_base,capital:6,capital,raw_question,27,794.8482055664062,85.31320190429688,0.3013412356376648
smollm2_360m_base,capital:6,capital,raw_question,28,913.5263671875,71.35269927978516,0.31132078170776367
smollm2_360m_base,capital:6,capital,raw_question,29,1090.563720703125,96.55046081542969,0.32757315039634705
smollm2_360m_base,capital:6,capital,raw_question,30,1248.4716796875,120.49170684814453,0.37810632586479187
smollm2_360m_base,capital:6,capital,raw_question,31,64.46568298339844,95.31453704833984,0.603472888469696
smollm2_360m_base,capital:6,capital,declarative,0,57.04233169555664,4.740298748016357,0.0744967833161354
smollm2_360m_base,capital:6,capital,declarative,1,83.58479309082031,17.258432388305664,0.10573265701532364
smollm2_360m_base,capital:6,capital,declarative,2,94.66852569580078,14.15151309967041,0.12834689021110535
smollm2_360m_base,capital:6,capital,declarative,3,89.859619140625,18.49020004272461,0.14745675027370453
smollm2_360m_base,capital:6,capital,declarative,4,111.0150375366211,21.68522071838379,0.16385409235954285
smollm2_360m_base,capital:6,capital,declarative,5,124.14676666259766,19.306522369384766,0.1634027361869812
smollm2_360m_base,capital:6,capital,declarative,6,136.14894104003906,12.406332015991211,0.16439096629619598
smollm2_360m_base,capital:6,capital,declarative,7,153.6345672607422,24.8609561920166,0.1831117421388626
smollm2_360m_base,capital:6,capital,declarative,8,172.76449584960938,32.47843551635742,0.22223472595214844
smollm2_360m_base,capital:6,capital,declarative,9,177.8682098388672,16.15451431274414,0.2062024176120758
smollm2_360m_base,capital:6,capital,declarative,10,176.56069946289062,12.31666374206543,0.17875806987285614
smollm2_360m_base,capital:6,capital,declarative,11,187.5291290283203,10.330056190490723,0.1819843351840973
smollm2_360m_base,capital:6,capital,declarative,12,187.20840454101562,17.167837142944336,0.187501460313797
smollm2_360m_base,capital:6,capital,declarative,13,186.13433837890625,21.857988357543945,0.18194684386253357
smollm2_360m_base,capital:6,capital,declarative,14,206.88775634765625,45.131202697753906,0.20874547958374023
smollm2_360m_base,capital:6,capital,declarative,15,237.24842834472656,40.444541931152344,0.22403943538665771
smollm2_360m_base,capital:6,capital,declarative,16,256.9438781738281,35.29585647583008,0.22253398597240448
smollm2_360m_base,capital:6,capital,declarative,17,264.3914489746094,33.01985549926758,0.2205127775669098
smollm2_360m_base,capital:6,capital,declarative,18,250.82228088378906,40.55368423461914,0.21262237429618835
smollm2_360m_base,capital:6,capital,declarative,19,269.3904113769531,26.307756423950195,0.2258237600326538
smollm2_360m_base,capital:6,capital,declarative,20,284.3006286621094,24.76824188232422,0.24623551964759827
smollm2_360m_base,capital:6,capital,declarative,21,337.78564453125,39.384586334228516,0.2615363597869873
smollm2_360m_base,capital:6,capital,declarative,22,376.9349060058594,43.25314712524414,0.35644403100013733
smollm2_360m_base,capital:6,capital,declarative,23,424.3815612792969,83.19276428222656,0.3212149739265442
smollm2_360m_base,capital:6,capital,declarative,24,515.19091796875,60.556365966796875,0.3280186653137207
smollm2_360m_base,capital:6,capital,declarative,25,589.3914184570312,51.97317123413086,0.3384658694267273
smollm2_360m_base,capital:6,capital,declarative,26,708.53369140625,162.9359588623047,0.35205838084220886
smollm2_360m_base,capital:6,capital,declarative,27,824.8719482421875,112.01225280761719,0.38943251967430115
smollm2_360m_base,capital:6,capital,declarative,28,954.1876220703125,77.81340789794922,0.42755261063575745
smollm2_360m_base,capital:6,capital,declarative,29,1085.0234375,56.21364212036133,0.4849914610385895
smollm2_360m_base,capital:6,capital,declarative,30,1216.4952392578125,78.64363098144531,0.5304811000823975
smollm2_360m_base,capital:6,capital,declarative,31,58.376060485839844,108.22701263427734,0.6517753601074219
smollm2_360m_base,capital:6,capital,qa,0,53.475582122802734,4.664888381958008,0.07521003484725952
smollm2_360m_base,capital:6,capital,qa,1,70.61321258544922,16.24600601196289,0.13054116070270538
smollm2_360m_base,capital:6,capital,qa,2,86.72152709960938,15.559895515441895,0.14177832007408142
smollm2_360m_base,capital:6,capital,qa,3,102.55596160888672,14.709814071655273,0.16586177051067352
smollm2_360m_base,capital:6,capital,qa,4,108.07721710205078,18.17209243774414,0.17929582297801971
smollm2_360m_base,capital:6,capital,qa,5,117.96441650390625,18.95429229736328,0.1725248396396637
smollm2_360m_base,capital:6,capital,qa,6,149.2705535888672,38.74642562866211,0.1967426836490631
smollm2_360m_base,capital:6,capital,qa,7,162.68392944335938,26.56529998779297,0.20568907260894775
smollm2_360m_base,capital:6,capital,qa,8,163.47927856445312,20.54056739807129,0.2081902027130127
smollm2_360m_base,capital:6,capital,qa,9,174.50843811035156,27.773530960083008,0.20369262993335724
smollm2_360m_base,capital:6,capital,qa,10,171.1583251953125,16.159486770629883,0.18176639080047607
smollm2_360m_base,capital:6,capital,qa,11,176.34413146972656,16.815479278564453,0.19738951325416565
smollm2_360m_base,capital:6,capital,qa,12,188.92251586914062,30.53268814086914,0.20396900177001953
smollm2_360m_base,capital:6,capital,qa,13,193.5730438232422,18.823652267456055,0.19629475474357605
smollm2_360m_base,capital:6,capital,qa,14,199.4571990966797,28.800228118896484,0.19684600830078125
smollm2_360m_base,capital:6,capital,qa,15,221.96072387695312,39.780426025390625,0.20955686271190643
smollm2_360m_base,capital:6,capital,qa,16,243.66184997558594,38.339683532714844,0.21838030219078064
smollm2_360m_base,capital:6,capital,qa,17,255.62474060058594,25.329381942749023,0.21719303727149963
smollm2_360m_base,capital:6,capital,qa,18,252.3324432373047,37.28135681152344,0.218087837100029
smollm2_360m_base,capital:6,capital,qa,19,264.0761413574219,34.64840316772461,0.22830915451049805
smollm2_360m_base,capital:6,capital,qa,20,272.8655090332031,35.475894927978516,0.2525942921638489
smollm2_360m_base,capital:6,capital,qa,21,334.6930847167969,52.027915954589844,0.277170330286026
smollm2_360m_base,capital:6,capital,qa,22,372.9385986328125,48.500240325927734,0.38339143991470337
smollm2_360m_base,capital:6,capital,qa,23,439.8670654296875,115.37451934814453,0.3349725008010864
smollm2_360m_base,capital:6,capital,qa,24,529.4744262695312,76.70620727539062,0.3542209267616272
smollm2_360m_base,capital:6,capital,qa,25,619.802978515625,66.16038513183594,0.3620116710662842
smollm2_360m_base,capital:6,capital,qa,26,742.6959228515625,176.9116973876953,0.3731141686439514
smollm2_360m_base,capital:6,capital,qa,27,899.397705078125,159.09799194335938,0.4109787046909332
smollm2_360m_base,capital:6,capital,qa,28,1024.2564697265625,87.60308074951172,0.4599728584289551
smollm2_360m_base,capital:6,capital,qa,29,1131.7208251953125,67.3166275024414,0.5391532778739929
smollm2_360m_base,capital:6,capital,qa,30,1251.0262451171875,109.40291595458984,0.6034062504768372
smollm2_360m_base,capital:6,capital,qa,31,59.456642150878906,123.75177764892578,0.7391494512557983
smollm2_360m_base,capital:6,capital,chat_template,0,51.65202713012695,4.795504093170166,0.07073564827442169
smollm2_360m_base,capital:6,capital,chat_template,1,71.64498138427734,18.232980728149414,0.08904071897268295
smollm2_360m_base,capital:6,capital,chat_template,2,80.73517608642578,10.777677536010742,0.11691119521856308
smollm2_360m_base,capital:6,capital,chat_template,3,93.68633270263672,15.1349515914917,0.141428142786026
smollm2_360m_base,capital:6,capital,chat_template,4,105.07976531982422,17.526336669921875,0.15874060988426208
smollm2_360m_base,capital:6,capital,chat_template,5,115.89977264404297,14.254573822021484,0.15669715404510498
smollm2_360m_base,capital:6,capital,chat_template,6,126.38729095458984,24.293996810913086,0.16887211799621582
smollm2_360m_base,capital:6,capital,chat_template,7,147.090087890625,24.66109848022461,0.19033600389957428
smollm2_360m_base,capital:6,capital,chat_template,8,157.70904541015625,30.164949417114258,0.22485136985778809
smollm2_360m_base,capital:6,capital,chat_template,9,163.7633056640625,17.951873779296875,0.20855554938316345
smollm2_360m_base,capital:6,capital,chat_template,10,164.79672241210938,14.232587814331055,0.17327922582626343
smollm2_360m_base,capital:6,capital,chat_template,11,176.12255859375,21.1557674407959,0.18744055926799774
smollm2_360m_base,capital:6,capital,chat_template,12,181.1893768310547,21.454273223876953,0.19508138298988342
smollm2_360m_base,capital:6,capital,chat_template,13,190.9235076904297,23.761362075805664,0.1956547349691391
smollm2_360m_base,capital:6,capital,chat_template,14,210.77490234375,31.0729923248291,0.19971582293510437
smollm2_360m_base,capital:6,capital,chat_template,15,219.51004028320312,25.376480102539062,0.19881603121757507
smollm2_360m_base,capital:6,capital,chat_template,16,243.602294921875,36.54136657714844,0.2153056114912033
smollm2_360m_base,capital:6,capital,chat_template,17,270.45147705078125,46.00757598876953,0.23732826113700867
smollm2_360m_base,capital:6,capital,chat_template,18,278.0284118652344,51.884403228759766,0.23280683159828186
smollm2_360m_base,capital:6,capital,chat_template,19,274.906494140625,29.33669662475586,0.2521522641181946
smollm2_360m_base,capital:6,capital,chat_template,20,286.4212646484375,34.30274200439453,0.2703656554222107
smollm2_360m_base,capital:6,capital,chat_template,21,341.5372619628906,54.4871826171875,0.29764485359191895
smollm2_360m_base,capital:6,capital,chat_template,22,363.4913635253906,50.257320404052734,0.3915477991104126
smollm2_360m_base,capital:6,capital,chat_template,23,422.67352294921875,101.3992691040039,0.3353150486946106
smollm2_360m_base,capital:6,capital,chat_template,24,536.6893920898438,75.201171875,0.36428505182266235
smollm2_360m_base,capital:6,capital,chat_template,25,638.940185546875,66.83869171142578,0.38814684748649597
smollm2_360m_base,capital:6,capital,chat_template,26,765.0842895507812,139.80661010742188,0.3591749668121338
smollm2_360m_base,capital:6,capital,chat_template,27,906.9913330078125,118.20562744140625,0.3451884984970093
smollm2_360m_base,capital:6,capital,chat_template,28,1059.6474609375,101.26126861572266,0.3636789321899414
smollm2_360m_base,capital:6,capital,chat_template,29,1266.7550048828125,112.8142318725586,0.4201497435569763
smollm2_360m_base,capital:6,capital,chat_template,30,1440.6180419921875,137.21047973632812,0.4830210208892822
smollm2_360m_base,capital:6,capital,chat_template,31,71.9925308227539,104.08673858642578,0.6888865232467651
smollm2_360m_base,capital:7,capital,raw_question,0,60.5699348449707,4.462076187133789,0.0954040065407753
smollm2_360m_base,capital:7,capital,raw_question,1,80.99961853027344,16.764244079589844,0.0945860892534256
smollm2_360m_base,capital:7,capital,raw_question,2,92.75523376464844,13.492118835449219,0.12639090418815613
smollm2_360m_base,capital:7,capital,raw_question,3,85.65397644042969,15.752899169921875,0.13306041061878204
smollm2_360m_base,capital:7,capital,raw_question,4,100.34687042236328,19.562511444091797,0.1588905304670334
smollm2_360m_base,capital:7,capital,raw_question,5,117.54815673828125,21.881864547729492,0.16255301237106323
smollm2_360m_base,capital:7,capital,raw_question,6,133.04815673828125,11.895467758178711,0.1699872463941574
smollm2_360m_base,capital:7,capital,raw_question,7,151.2451629638672,26.385509490966797,0.19248931109905243
smollm2_360m_base,capital:7,capital,raw_question,8,160.04771423339844,16.116403579711914,0.20659148693084717
smollm2_360m_base,capital:7,capital,raw_question,9,164.96092224121094,16.02918815612793,0.20180559158325195
smollm2_360m_base,capital:7,capital,raw_question,10,165.07264709472656,13.688405990600586,0.1778474748134613
smollm2_360m_base,capital:7,capital,raw_question,11,179.85458374023438,17.67197036743164,0.19223418831825256
smollm2_360m_base,capital:7,capital,raw_question,12,187.0738067626953,17.439559936523438,0.20713365077972412
smollm2_360m_base,capital:7,capital,raw_question,13,188.6589813232422,27.410490036010742,0.20068612694740295
smollm2_360m_base,capital:7,capital,raw_question,14,202.10472106933594,38.09026336669922,0.20161914825439453
smollm2_360m_base,capital:7,capital,raw_question,15,237.19070434570312,42.0802001953125,0.22045715153217316
smollm2_360m_base,capital:7,capital,raw_question,16,252.2760772705078,37.36324691772461,0.21430604159832
smollm2_360m_base,capital:7,capital,raw_question,17,261.1112060546875,30.917938232421875,0.20872442424297333
smollm2_360m_base,capital:7,capital,raw_question,18,253.18740844726562,39.05821228027344,0.20238395035266876
smollm2_360m_base,capital:7,capital,raw_question,19,272.07720947265625,27.54164695739746,0.22447915375232697
smollm2_360m_base,capital:7,capital,raw_question,20,277.1039123535156,24.80387306213379,0.2383362054824829
smollm2_360m_base,capital:7,capital,raw_question,21,346.7229309082031,51.00320816040039,0.26794999837875366
smollm2_360m_base,capital:7,capital,raw_question,22,378.3300476074219,39.96803283691406,0.3307235836982727
smollm2_360m_base,capital:7,capital,raw_question,23,417.80743408203125,54.284976959228516,0.3044700622558594
smollm2_360m_base,capital:7,capital,raw_question,24,503.4564514160156,57.390342712402344,0.33310723304748535
smollm2_360m_base,capital:7,capital,raw_question,25,573.638671875,46.55549621582031,0.32341131567955017
smollm2_360m_base,capital:7,capital,raw_question,26,694.3768920898438,98.27762603759766,0.3131135404109955
smollm2_360m_base,capital:7,capital,raw_question,27,803.9553833007812,81.29676818847656,0.309267520904541
smollm2_360m_base,capital:7,capital,raw_question,28,928.560791015625,79.48706817626953,0.31062474846839905
smollm2_360m_base,capital:7,capital,raw_question,29,1091.6925048828125,92.55122375488281,0.3442882001399994
smollm2_360m_base,capital:7,capital,raw_question,30,1247.3404541015625,121.50251007080078,0.3931991755962372
smollm2_360m_base,capital:7,capital,raw_question,31,63.04424285888672,103.19818115234375,0.6148609519004822
smollm2_360m_base,capital:7,capital,declarative,0,56.821266174316406,4.710057735443115,0.07492510974407196
smollm2_360m_base,capital:7,capital,declarative,1,85.08281707763672,17.17833137512207,0.10659419000148773
smollm2_360m_base,capital:7,capital,declarative,2,95.51111602783203,14.021331787109375,0.12880557775497437
smollm2_360m_base,capital:7,capital,declarative,3,91.70039367675781,18.85749053955078,0.14528211951255798
smollm2_360m_base,capital:7,capital,declarative,4,111.93744659423828,21.500728607177734,0.164408877491951
smollm2_360m_base,capital:7,capital,declarative,5,125.00796508789062,19.73247718811035,0.1618509739637375
smollm2_360m_base,capital:7,capital,declarative,6,135.8977508544922,12.853314399719238,0.16280028223991394
smollm2_360m_base,capital:7,capital,declarative,7,153.01405334472656,26.420867919921875,0.18414074182510376
smollm2_360m_base,capital:7,capital,declarative,8,170.22567749023438,29.587980270385742,0.2230491191148758
smollm2_360m_base,capital:7,capital,declarative,9,176.73599243164062,15.896873474121094,0.20853237807750702
smollm2_360m_base,capital:7,capital,declarative,10,175.30218505859375,12.691306114196777,0.1830621361732483
smollm2_360m_base,capital:7,capital,declarative,11,186.6259765625,10.332839965820312,0.1829243302345276
smollm2_360m_base,capital:7,capital,declarative,12,185.1366424560547,17.457767486572266,0.1881481409072876
smollm2_360m_base,capital:7,capital,declarative,13,183.59104919433594,22.814924240112305,0.18376410007476807
smollm2_360m_base,capital:7,capital,declarative,14,204.34426879882812,45.76325607299805,0.21064038574695587
smollm2_360m_base,capital:7,capital,declarative,15,235.2513427734375,41.16505432128906,0.22564947605133057
smollm2_360m_base,capital:7,capital,declarative,16,255.36795043945312,37.382022857666016,0.22345824539661407
smollm2_360m_base,capital:7,capital,declarative,17,261.3912658691406,32.38683319091797,0.21786800026893616
smollm2_360m_base,capital:7,capital,declarative,18,247.3170623779297,41.0860595703125,0.20930051803588867
smollm2_360m_base,capital:7,capital,declarative,19,264.20819091796875,26.434345245361328,0.2224968671798706
smollm2_360m_base,capital:7,capital,declarative,20,277.93341064453125,24.139490127563477,0.24137923121452332
smollm2_360m_base,capital:7,capital,declarative,21,334.4495849609375,37.76666259765625,0.25894829630851746
smollm2_360m_base,capital:7,capital,declarative,22,371.7816467285156,41.91713333129883,0.3543638586997986
smollm2_360m_base,capital:7,capital,declarative,23,423.68109130859375,84.3269271850586,0.3210708200931549
smollm2_360m_base,capital:7,capital,declarative,24,516.3958740234375,67.1872329711914,0.32891422510147095
smollm2_360m_base,capital:7,capital,declarative,25,589.3427734375,57.15508270263672,0.33240705728530884
smollm2_360m_base,capital:7,capital,declarative,26,730.121337890625,161.8291473388672,0.3540037274360657
smollm2_360m_base,capital:7,capital,declarative,27,832.52392578125,156.2662811279297,0.39987996220588684
smollm2_360m_base,capital:7,capital,declarative,28,942.7051391601562,85.79458618164062,0.44947347044944763
smollm2_360m_base,capital:7,capital,declarative,29,1074.9796142578125,45.44358825683594,0.5424329042434692
smollm2_360m_base,capital:7,capital,declarative,30,1192.31982421875,108.59043884277344,0.6137762069702148
smollm2_360m_base,capital:7,capital,declarative,31,58.14738082885742,106.17086791992188,0.703534722328186
smollm2_360m_base,capital:7,capital,qa,0,53.55472183227539,4.66500186920166,0.07509700208902359
smollm2_360m_base,capital:7,capital,qa,1,70.77471923828125,16.31777000427246,0.1308727264404297
smollm2_360m_base,capital:7,capital,qa,2,86.69428253173828,15.58625602722168,0.14225603640079498
smollm2_360m_base,capital:7,capital,qa,3,102.37910461425781,14.792889595031738,0.16439935564994812
smollm2_360m_base,capital:7,capital,qa,4,108.67447662353516,18.21861457824707,0.17885439097881317
smollm2_360m_base,capital:7,capital,qa,5,118.73946380615234,18.484813690185547,0.17153391242027283
smollm2_360m_base,capital:7,capital,qa,6,151.80030822753906,40.46023941040039,0.19747774302959442
smollm2_360m_base,capital:7,capital,qa,7,165.0592498779297,27.304208755493164,0.20735295116901398
smollm2_360m_base,capital:7,capital,qa,8,165.65634155273438,20.514984130859375,0.20945489406585693
smollm2_360m_base,capital:7,capital,qa,9,177.35531616210938,29.027057647705078,0.20547695457935333
smollm2_360m_base,capital:7,capital,qa,10,172.30763244628906,16.820926666259766,0.18408632278442383
smollm2_360m_base,capital:7,capital,qa,11,177.0471649169922,16.592863082885742,0.199183389544487
smollm2_360m_base,capital:7,capital,qa,12,189.8432159423828,28.826828002929688,0.20409217476844788
smollm2_360m_base,capital:7,capital,qa,13,194.87490844726562,18.81973648071289,0.19650150835514069
smollm2_360m_base,capital:7,capital,qa,14,201.26246643066406,30.64845085144043,0.1992037296295166
smollm2_360m_base,capital:7,capital,qa,15,223.65371704101562,40.375823974609375,0.21129116415977478
smollm2_360m_base,capital:7,capital,qa,16,243.59475708007812,38.2877082824707,0.2195865660905838
smollm2_360m_base,capital:7,capital,qa,17,254.7279815673828,25.8389892578125,0.21775683760643005
smollm2_360m_base,capital:7,capital,qa,18,250.41769409179688,37.23416519165039,0.21965202689170837
smollm2_360m_base,capital:7,capital,qa,19,263.2232666015625,34.84225082397461,0.2293415069580078
smollm2_360m_base,capital:7,capital,qa,20,270.80157470703125,32.679351806640625,0.25221532583236694
smollm2_360m_base,capital:7,capital,qa,21,333.4279479980469,51.40531539916992,0.275855153799057
smollm2_360m_base,capital:7,capital,qa,22,371.1903381347656,48.59897994995117,0.3864513039588928
smollm2_360m_base,capital:7,capital,qa,23,436.2199401855469,114.34397888183594,0.33593201637268066
smollm2_360m_base,capital:7,capital,qa,24,527.5430908203125,81.52722930908203,0.351884663105011
smollm2_360m_base,capital:7,capital,qa,25,610.7291259765625,67.61103057861328,0.3550514280796051
smollm2_360m_base,capital:7,capital,qa,26,758.2838134765625,169.5215301513672,0.36776429414749146
smollm2_360m_base,capital:7,capital,qa,27,875.10107421875,175.27957153320312,0.4131656587123871
smollm2_360m_base,capital:7,capital,qa,28,990.2520751953125,86.0510482788086,0.46259212493896484
smollm2_360m_base,capital:7,capital,qa,29,1103.7205810546875,77.69572448730469,0.5826449394226074
smollm2_360m_base,capital:7,capital,qa,30,1217.4261474609375,150.67266845703125,0.6841352581977844
smollm2_360m_base,capital:7,capital,qa,31,58.78086471557617,122.18757629394531,0.7929843664169312
smollm2_360m_base,capital:7,capital,chat_template,0,51.660953521728516,4.798404693603516,0.07076605409383774
smollm2_360m_base,capital:7,capital,chat_template,1,71.65003204345703,18.286523818969727,0.08918149769306183
smollm2_360m_base,capital:7,capital,chat_template,2,81.11074829101562,10.844145774841309,0.11668561398983002
smollm2_360m_base,capital:7,capital,chat_template,3,93.57426452636719,14.987780570983887,0.14019593596458435
smollm2_360m_base,capital:7,capital,chat_template,4,105.04220581054688,17.45100975036621,0.15796120464801788
smollm2_360m_base,capital:7,capital,chat_template,5,116.37506103515625,14.416272163391113,0.1566331386566162
smollm2_360m_base,capital:7,capital,chat_template,6,126.96302795410156,24.68902015686035,0.16903777420520782
smollm2_360m_base,capital:7,capital,chat_template,7,148.0708465576172,25.4747257232666,0.19071567058563232
smollm2_360m_base,capital:7,capital,chat_template,8,159.09881591796875,31.309423446655273,0.22588901221752167
smollm2_360m_base,capital:7,capital,chat_template,9,165.84423828125,19.249021530151367,0.20919544994831085
smollm2_360m_base,capital:7,capital,chat_template,10,166.37255859375,14.313210487365723,0.17389841377735138
smollm2_360m_base,capital:7,capital,chat_template,11,178.15577697753906,21.821346282958984,0.18746474385261536
smollm2_360m_base,capital:7,capital,chat_template,12,183.2514190673828,21.13041877746582,0.19643747806549072
smollm2_360m_base,capital:7,capital,chat_template,13,191.87257385253906,22.52684783935547,0.1955387443304062
smollm2_360m_base,capital:7,capital,chat_template,14,210.7926025390625,30.601057052612305,0.1990368664264679
smollm2_360m_base,capital:7,capital,chat_template,15,218.4910125732422,24.890296936035156,0.19780366122722626
smollm2_360m_base,capital:7,capital,chat_template,16,242.56614685058594,36.45124816894531,0.2139360010623932
smollm2_360m_base,capital:7,capital,chat_template,17,269.3244323730469,45.65528869628906,0.2363148182630539
smollm2_360m_base,capital:7,capital,chat_template,18,277.9195556640625,51.478050231933594,0.23213186860084534
smollm2_360m_base,capital:7,capital,chat_template,19,276.0055847167969,29.522462844848633,0.24996936321258545
smollm2_360m_base,capital:7,capital,chat_template,20,288.38897705078125,34.795509338378906,0.26877135038375854
smollm2_360m_base,capital:7,capital,chat_template,21,342.7310485839844,53.15813446044922,0.29561570286750793
smollm2_360m_base,capital:7,capital,chat_template,22,364.9963684082031,49.63643264770508,0.3876630663871765
smollm2_360m_base,capital:7,capital,chat_template,23,424.85125732421875,100.48467254638672,0.3330663740634918
smollm2_360m_base,capital:7,capital,chat_template,24,537.7781372070312,76.01020050048828,0.35935837030410767
smollm2_360m_base,capital:7,capital,chat_template,25,633.822998046875,68.12199401855469,0.3811867833137512
smollm2_360m_base,capital:7,capital,chat_template,26,777.1231689453125,128.14187622070312,0.3508266806602478
smollm2_360m_base,capital:7,capital,chat_template,27,913.48876953125,129.4185791015625,0.33202335238456726
smollm2_360m_base,capital:7,capital,chat_template,28,1049.4432373046875,113.19501495361328,0.33364564180374146
smollm2_360m_base,capital:7,capital,chat_template,29,1268.59375,130.7467803955078,0.38333964347839355
smollm2_360m_base,capital:7,capital,chat_template,30,1439.6866455078125,142.9843292236328,0.455575555562973
smollm2_360m_base,capital:7,capital,chat_template,31,70.29830169677734,125.66934967041016,0.6709283590316772
smollm2_360m_base,capital:8,capital,raw_question,0,59.41036605834961,4.64520788192749,0.09462909400463104
smollm2_360m_base,capital:8,capital,raw_question,1,79.21863555908203,16.652742385864258,0.09263764321804047
smollm2_360m_base,capital:8,capital,raw_question,2,91.44811248779297,13.683743476867676,0.12341095507144928
smollm2_360m_base,capital:8,capital,raw_question,3,83.92762756347656,15.07357120513916,0.1302289217710495
smollm2_360m_base,capital:8,capital,raw_question,4,97.4513931274414,18.658493041992188,0.1553165167570114
smollm2_360m_base,capital:8,capital,raw_question,5,113.89866638183594,19.98452377319336,0.1603090465068817
smollm2_360m_base,capital:8,capital,raw_question,6,130.86180114746094,11.76285457611084,0.17031152546405792
smollm2_360m_base,capital:8,capital,raw_question,7,149.7752685546875,23.727718353271484,0.190806582570076
smollm2_360m_base,capital:8,capital,raw_question,8,160.36672973632812,17.962696075439453,0.203958660364151
smollm2_360m_base,capital:8,capital,raw_question,9,162.37754821777344,15.970090866088867,0.19858218729496002
smollm2_360m_base,capital:8,capital,raw_question,10,163.93826293945312,13.34738826751709,0.17517700791358948
smollm2_360m_base,capital:8,capital,raw_question,11,178.28089904785156,17.885032653808594,0.19073918461799622
smollm2_360m_base,capital:8,capital,raw_question,12,186.20274353027344,18.348011016845703,0.2076132744550705
smollm2_360m_base,capital:8,capital,raw_question,13,186.16209411621094,26.454580307006836,0.19751785695552826
smollm2_360m_base,capital:8,capital,raw_question,14,200.13235473632812,36.78083801269531,0.200800821185112
smollm2_360m_base,capital:8,capital,raw_question,15,234.11447143554688,41.05046081542969,0.21923403441905975
smollm2_360m_base,capital:8,capital,raw_question,16,250.2665557861328,37.32291030883789,0.21099181473255157
smollm2_360m_base,capital:8,capital,raw_question,17,261.156494140625,31.371917724609375,0.20860528945922852
smollm2_360m_base,capital:8,capital,raw_question,18,255.2769012451172,40.73133087158203,0.2003668248653412
smollm2_360m_base,capital:8,capital,raw_question,19,277.6310119628906,27.67576789855957,0.22465741634368896
smollm2_360m_base,capital:8,capital,raw_question,20,283.3313903808594,24.490110397338867,0.24229276180267334
smollm2_360m_base,capital:8,capital,raw_question,21,351.8232116699219,52.73057174682617,0.26923760771751404
smollm2_360m_base,capital:8,capital,raw_question,22,385.5487365722656,39.775596618652344,0.33269447088241577
smollm2_360m_base,capital:8,capital,raw_question,23,425.6191711425781,56.18700408935547,0.3037797808647156
smollm2_360m_base,capital:8,capital,raw_question,24,514.0121459960938,53.079795837402344,0.3343222737312317
smollm2_360m_base,capital:8,capital,raw_question,25,582.3497314453125,44.62364959716797,0.3249231278896332
smollm2_360m_base,capital:8,capital,raw_question,26,679.6871337890625,91.87305450439453,0.3054441511631012
smollm2_360m_base,capital:8,capital,raw_question,27,793.0618896484375,57.959835052490234,0.28542447090148926
smollm2_360m_base,capital:8,capital,raw_question,28,906.4005737304688,67.26079559326172,0.2805449068546295
smollm2_360m_base,capital:8,capital,raw_question,29,1077.200927734375,121.97052764892578,0.3055344223976135
smollm2_360m_base,capital:8,capital,raw_question,30,1240.286865234375,125.28893280029297,0.3607327342033386
smollm2_360m_base,capital:8,capital,raw_question,31,67.6143569946289,101.57434844970703,0.5795972943305969
smollm2_360m_base,capital:8,capital,declarative,0,56.752357482910156,4.775635242462158,0.07431107014417648
smollm2_360m_base,capital:8,capital,declarative,1,82.50501251220703,16.68141746520996,0.10506048053503036
smollm2_360m_base,capital:8,capital,declarative,2,93.60240936279297,14.233002662658691,0.1272973120212555
smollm2_360m_base,capital:8,capital,declarative,3,89.59996795654297,18.265792846679688,0.14469864964485168
smollm2_360m_base,capital:8,capital,declarative,4,109.58984375,20.637102127075195,0.1615520417690277
smollm2_360m_base,capital:8,capital,declarative,5,122.7718276977539,18.761878967285156,0.16060885787010193
smollm2_360m_base,capital:8,capital,declarative,6,135.0419464111328,11.851594924926758,0.16203029453754425
smollm2_360m_base,capital:8,capital,declarative,7,151.70213317871094,22.86825942993164,0.1827985793352127
smollm2_360m_base,capital:8,capital,declarative,8,170.35142517089844,32.940181732177734,0.22029976546764374
smollm2_360m_base,capital:8,capital,declarative,9,174.94789123535156,15.78687858581543,0.201116681098938
smollm2_360m_base,capital:8,capital,declarative,10,176.73043823242188,13.190258979797363,0.17517921328544617
smollm2_360m_base,capital:8,capital,declarative,11,187.87794494628906,9.947779655456543,0.17819170653820038
smollm2_360m_base,capital:8,capital,declarative,12,186.9109344482422,17.616641998291016,0.18648861348628998
smollm2_360m_base,capital:8,capital,declarative,13,186.9509735107422,22.65057945251465,0.18042831122875214
smollm2_360m_base,capital:8,capital,declarative,14,206.68069458007812,44.996315002441406,0.20869001746177673
smollm2_360m_base,capital:8,capital,declarative,15,238.4228973388672,40.62179183959961,0.2249639928340912
smollm2_360m_base,capital:8,capital,declarative,16,252.49520874023438,35.854942321777344,0.21971896290779114
smollm2_360m_base,capital:8,capital,declarative,17,263.50384521484375,32.07187271118164,0.22133097052574158
smollm2_360m_base,capital:8,capital,declarative,18,252.23519897460938,41.281558990478516,0.21386070549488068
smollm2_360m_base,capital:8,capital,declarative,19,276.6939697265625,28.092960357666016,0.22740082442760468
smollm2_360m_base,capital:8,capital,declarative,20,290.5401306152344,25.443361282348633,0.24705445766448975
smollm2_360m_base,capital:8,capital,declarative,21,340.0787048339844,39.14729690551758,0.2608223259449005
smollm2_360m_base,capital:8,capital,declarative,22,383.68310546875,41.38433074951172,0.3505752682685852
smollm2_360m_base,capital:8,capital,declarative,23,432.4802551269531,82.22611999511719,0.3217697739601135
smollm2_360m_base,capital:8,capital,declarative,24,525.4055786132812,54.6955680847168,0.32616156339645386
smollm2_360m_base,capital:8,capital,declarative,25,598.0438232421875,47.757049560546875,0.33634287118911743
smollm2_360m_base,capital:8,capital,declarative,26,709.7698974609375,134.43502807617188,0.3348652422428131
smollm2_360m_base,capital:8,capital,declarative,27,810.3638305664062,52.05839538574219,0.3476370573043823
smollm2_360m_base,capital:8,capital,declarative,28,969.3001098632812,72.14434051513672,0.37018677592277527
smollm2_360m_base,capital:8,capital,declarative,29,1116.261962890625,74.71138000488281,0.45203685760498047
smollm2_360m_base,capital:8,capital,declarative,30,1261.3272705078125,104.79898071289062,0.4923643171787262
smollm2_360m_base,capital:8,capital,declarative,31,62.43522262573242,103.28466796875,0.6037715077400208
smollm2_360m_base,capital:8,capital,qa,0,53.53599166870117,4.660839080810547,0.07530336081981659
smollm2_360m_base,capital:8,capital,qa,1,70.73524475097656,16.302852630615234,0.1314024180173874
smollm2_360m_base,capital:8,capital,qa,2,86.97176361083984,15.516385078430176,0.14274287223815918
smollm2_360m_base,capital:8,capital,qa,3,102.76964569091797,14.655702590942383,0.16648265719413757
smollm2_360m_base,capital:8,capital,qa,4,108.2063217163086,17.7407283782959,0.1796129047870636
smollm2_360m_base,capital:8,capital,qa,5,117.98182678222656,18.615718841552734,0.1724693477153778
smollm2_360m_base,capital:8,capital,qa,6,149.84341430664062,39.22857666015625,0.19689138233661652
smollm2_360m_base,capital:8,capital,qa,7,163.7482452392578,27.383472442626953,0.20641884207725525
smollm2_360m_base,capital:8,capital,qa,8,164.63345336914062,20.232685089111328,0.20955581963062286
smollm2_360m_base,capital:8,capital,qa,9,173.1883544921875,25.324581146240234,0.20469026267528534
smollm2_360m_base,capital:8,capital,qa,10,170.9520263671875,16.08751678466797,0.1806654930114746
smollm2_360m_base,capital:8,capital,qa,11,176.93931579589844,16.737810134887695,0.19600339233875275
smollm2_360m_base,capital:8,capital,qa,12,188.81410217285156,30.131317138671875,0.20365238189697266
smollm2_360m_base,capital:8,capital,qa,13,192.38645935058594,18.902393341064453,0.1956407129764557
smollm2_360m_base,capital:8,capital,qa,14,200.20790100097656,29.076053619384766,0.19693300127983093
smollm2_360m_base,capital:8,capital,qa,15,223.76658630371094,41.48102951049805,0.21183760464191437
smollm2_360m_base,capital:8,capital,qa,16,243.8686981201172,37.319061279296875,0.21630831062793732
smollm2_360m_base,capital:8,capital,qa,17,255.90499877929688,25.37677574157715,0.21827860176563263
smollm2_360m_base,capital:8,capital,qa,18,254.6731719970703,37.63264465332031,0.22016878426074982
smollm2_360m_base,capital:8,capital,qa,19,267.2942810058594,35.557804107666016,0.23271732032299042
smollm2_360m_base,capital:8,capital,qa,20,276.2614440917969,35.96415710449219,0.2534162998199463
smollm2_360m_base,capital:8,capital,qa,21,337.0135803222656,53.18428421020508,0.2776816785335541
smollm2_360m_base,capital:8,capital,qa,22,378.2822265625,48.42638397216797,0.38806620240211487
smollm2_360m_base,capital:8,capital,qa,23,447.8658142089844,121.95289611816406,0.33405187726020813
smollm2_360m_base,capital:8,capital,qa,24,544.9609985351562,73.29487609863281,0.3559496998786926
smollm2_360m_base,capital:8,capital,qa,25,631.1958618164062,60.98265075683594,0.3657607138156891
smollm2_360m_base,capital:8,capital,qa,26,733.853515625,149.9289093017578,0.3591601550579071
smollm2_360m_base,capital:8,capital,qa,27,837.9923095703125,87.92236328125,0.3715142011642456
smollm2_360m_base,capital:8,capital,qa,28,1060.0338134765625,74.595458984375,0.39940351247787476
smollm2_360m_base,capital:8,capital,qa,29,1174.325439453125,70.1952896118164,0.5229114294052124
smollm2_360m_base,capital:8,capital,qa,30,1295.2830810546875,121.54068756103516,0.5773828029632568
smollm2_360m_base,capital:8,capital,qa,31,64.09961700439453,91.54048156738281,0.696220874786377
smollm2_360m_base,capital:8,capital,chat_template,0,51.265804290771484,4.82301664352417,0.070599764585495
smollm2_360m_base,capital:8,capital,chat_template,1,71.13892364501953,18.337106704711914,0.08911929279565811
smollm2_360m_base,capital:8,capital,chat_template,2,80.44485473632812,10.742147445678711,0.11745274066925049
smollm2_360m_base,capital:8,capital,chat_template,3,93.56451416015625,15.087313652038574,0.14156004786491394
smollm2_360m_base,capital:8,capital,chat_template,4,104.98267364501953,17.304262161254883,0.1582362949848175
smollm2_360m_base,capital:8,capital,chat_template,5,115.60435485839844,13.799674034118652,0.15646593272686005
smollm2_360m_base,capital:8,capital,chat_template,6,126.03681945800781,23.842056274414062,0.16829164326190948
smollm2_360m_base,capital:8,capital,chat_template,7,147.44210815429688,24.674030303955078,0.1909044086933136
smollm2_360m_base,capital:8,capital,chat_template,8,159.05557250976562,30.793161392211914,0.22697535157203674
smollm2_360m_base,capital:8,capital,chat_template,9,164.95677185058594,17.424482345581055,0.21037431061267853
smollm2_360m_base,capital:8,capital,chat_template,10,165.61691284179688,14.750900268554688,0.1756693720817566
smollm2_360m_base,capital:8,capital,chat_template,11,177.19644165039062,21.225486755371094,0.18835382163524628
smollm2_360m_base,capital:8,capital,chat_template,12,181.1415252685547,20.91573715209961,0.19572564959526062
smollm2_360m_base,capital:8,capital,chat_template,13,189.094970703125,22.907718658447266,0.19524821639060974
smollm2_360m_base,capital:8,capital,chat_template,14,209.82211303710938,31.54193878173828,0.19891062378883362
smollm2_360m_base,capital:8,capital,chat_template,15,218.38963317871094,25.320838928222656,0.19802403450012207
smollm2_360m_base,capital:8,capital,chat_template,16,241.95187377929688,35.94727325439453,0.21365661919116974
smollm2_360m_base,capital:8,capital,chat_template,17,269.46685791015625,45.62046813964844,0.23668913543224335
smollm2_360m_base,capital:8,capital,chat_template,18,278.0434265136719,51.73701477050781,0.23106369376182556
smollm2_360m_base,capital:8,capital,chat_template,19,276.061279296875,28.701749801635742,0.25134435296058655
smollm2_360m_base,capital:8,capital,chat_template,20,287.94110107421875,34.00180435180664,0.26791292428970337
smollm2_360m_base,capital:8,capital,chat_template,21,341.2708435058594,51.652122497558594,0.2914259731769562
smollm2_360m_base,capital:8,capital,chat_template,22,367.3219909667969,49.88030242919922,0.38319817185401917
smollm2_360m_base,capital:8,capital,chat_template,23,430.2098083496094,95.7696533203125,0.3300902247428894
smollm2_360m_base,capital:8,capital,chat_template,24,546.392822265625,70.77582550048828,0.35964295268058777
smollm2_360m_base,capital:8,capital,chat_template,25,636.3623657226562,53.36383056640625,0.3841899037361145
smollm2_360m_base,capital:8,capital,chat_template,26,769.6427612304688,110.81166076660156,0.34171104431152344
smollm2_360m_base,capital:8,capital,chat_template,27,906.2369995117188,81.68292236328125,0.3028109669685364
smollm2_360m_base,capital:8,capital,chat_template,28,1041.127685546875,100.90283966064453,0.30832424759864807
smollm2_360m_base,capital:8,capital,chat_template,29,1265.2744140625,152.52781677246094,0.3523281216621399
smollm2_360m_base,capital:8,capital,chat_template,30,1440.797607421875,131.84156799316406,0.4100419878959656
smollm2_360m_base,capital:8,capital,chat_template,31,75.51287841796875,109.30195617675781,0.6409597396850586
smollm2_360m_base,capital:9,capital,raw_question,0,60.07177734375,4.520791053771973,0.09512428939342499
smollm2_360m_base,capital:9,capital,raw_question,1,79.84636688232422,16.547103881835938,0.0941016897559166
smollm2_360m_base,capital:9,capital,raw_question,2,92.55542755126953,13.718642234802246,0.1255883276462555
smollm2_360m_base,capital:9,capital,raw_question,3,84.85533905029297,15.541966438293457,0.1325962245464325
smollm2_360m_base,capital:9,capital,raw_question,4,99.3569564819336,19.183422088623047,0.15738360583782196
smollm2_360m_base,capital:9,capital,raw_question,5,115.79679870605469,20.687471389770508,0.16055497527122498
smollm2_360m_base,capital:9,capital,raw_question,6,132.4773712158203,11.552850723266602,0.16958418488502502
smollm2_360m_base,capital:9,capital,raw_question,7,150.82508850097656,24.939464569091797,0.19201312959194183
smollm2_360m_base,capital:9,capital,raw_question,8,159.99720764160156,16.66728401184082,0.20570829510688782
smollm2_360m_base,capital:9,capital,raw_question,9,162.7970428466797,16.301576614379883,0.19920799136161804
smollm2_360m_base,capital:9,capital,raw_question,10,163.17662048339844,13.633976936340332,0.17817561328411102
smollm2_360m_base,capital:9,capital,raw_question,11,178.6015625,18.32684326171875,0.1904931217432022
smollm2_360m_base,capital:9,capital,raw_question,12,186.01126098632812,17.914918899536133,0.2083418369293213
smollm2_360m_base,capital:9,capital,raw_question,13,187.4166717529297,28.967227935791016,0.20013776421546936
smollm2_360m_base,capital:9,capital,raw_question,14,200.77940368652344,38.0937614440918,0.201048344373703
smollm2_360m_base,capital:9,capital,raw_question,15,237.61279296875,43.767486572265625,0.22085554897785187
smollm2_360m_base,capital:9,capital,raw_question,16,253.16445922851562,37.49372482299805,0.21589569747447968
smollm2_360m_base,capital:9,capital,raw_question,17,262.6902160644531,29.26839828491211,0.21072860062122345
smollm2_360m_base,capital:9,capital,raw_question,18,256.16162109375,39.32221603393555,0.2024809867143631
smollm2_360m_base,capital:9,capital,raw_question,19,274.56549072265625,27.521377563476562,0.22542361915111542
smollm2_360m_base,capital:9,capital,raw_question,20,278.7704772949219,24.634939193725586,0.2410738468170166
smollm2_360m_base,capital:9,capital,raw_question,21,347.683837890625,51.96073913574219,0.2696411609649658
smollm2_360m_base,capital:9,capital,raw_question,22,381.2698669433594,40.216121673583984,0.3320693373680115
smollm2_360m_base,capital:9,capital,raw_question,23,418.7777099609375,53.832984924316406,0.30475178360939026
smollm2_360m_base,capital:9,capital,raw_question,24,504.3050231933594,54.06586837768555,0.3357248604297638
smollm2_360m_base,capital:9,capital,raw_question,25,578.446533203125,48.9517707824707,0.3286173939704895
smollm2_360m_base,capital:9,capital,raw_question,26,680.52294921875,94.74944305419922,0.31181901693344116
smollm2_360m_base,capital:9,capital,raw_question,27,796.1158447265625,98.0101547241211,0.3019614815711975
smollm2_360m_base,capital:9,capital,raw_question,28,920.5180053710938,68.65638732910156,0.31729498505592346
smollm2_360m_base,capital:9,capital,raw_question,29,1093.466064453125,101.83348083496094,0.3299104571342468
smollm2_360m_base,capital:9,capital,raw_question,30,1243.9486083984375,102.73743438720703,0.36999577283859253
smollm2_360m_base,capital:9,capital,raw_question,31,64.28302001953125,103.0647201538086,0.5953241586685181
smollm2_360m_base,capital:9,capital,declarative,0,56.797428131103516,4.787264823913574,0.07377973198890686
smollm2_360m_base,capital:9,capital,declarative,1,83.44690704345703,16.811952590942383,0.10611321777105331
smollm2_360m_base,capital:9,capital,declarative,2,94.41692352294922,14.1626558303833,0.12675511837005615
smollm2_360m_base,capital:9,capital,declarative,3,89.81465911865234,18.561344146728516,0.14561672508716583
smollm2_360m_base,capital:9,capital,declarative,4,110.53416442871094,20.982818603515625,0.16175207495689392
smollm2_360m_base,capital:9,capital,declarative,5,124.3465805053711,19.182861328125,0.1603473722934723
smollm2_360m_base,capital:9,capital,declarative,6,135.75401306152344,12.775558471679688,0.1622464656829834
smollm2_360m_base,capital:9,capital,declarative,7,153.04103088378906,25.054548263549805,0.18444180488586426
smollm2_360m_base,capital:9,capital,declarative,8,172.03294372558594,32.558719635009766,0.22360923886299133
smollm2_360m_base,capital:9,capital,declarative,9,176.9744415283203,17.577720642089844,0.2079933136701584
smollm2_360m_base,capital:9,capital,declarative,10,176.10012817382812,12.843518257141113,0.18135647475719452
smollm2_360m_base,capital:9,capital,declarative,11,187.9010467529297,11.057913780212402,0.1841963529586792
smollm2_360m_base,capital:9,capital,declarative,12,188.16647338867188,18.243480682373047,0.18839898705482483
smollm2_360m_base,capital:9,capital,declarative,13,185.7218475341797,22.298480987548828,0.18269804120063782
smollm2_360m_base,capital:9,capital,declarative,14,205.62002563476562,45.97487258911133,0.20920658111572266
smollm2_360m_base,capital:9,capital,declarative,15,239.24838256835938,43.176631927490234,0.22495143115520477
smollm2_360m_base,capital:9,capital,declarative,16,256.09954833984375,36.09406280517578,0.2231876403093338
smollm2_360m_base,capital:9,capital,declarative,17,265.4796447753906,30.21324920654297,0.22027774155139923
smollm2_360m_base,capital:9,capital,declarative,18,253.9971466064453,40.454559326171875,0.2108660191297531
smollm2_360m_base,capital:9,capital,declarative,19,273.01348876953125,26.92096519470215,0.22451873123645782
smollm2_360m_base,capital:9,capital,declarative,20,288.04156494140625,24.76959228515625,0.24612295627593994
smollm2_360m_base,capital:9,capital,declarative,21,340.1824951171875,40.0868034362793,0.2609415054321289
smollm2_360m_base,capital:9,capital,declarative,22,378.8199768066406,41.3665885925293,0.35469621419906616
smollm2_360m_base,capital:9,capital,declarative,23,427.4326477050781,81.86168670654297,0.3208889961242676
smollm2_360m_base,capital:9,capital,declarative,24,520.7305297851562,68.10711669921875,0.33114108443260193
smollm2_360m_base,capital:9,capital,declarative,25,602.291015625,53.09392547607422,0.3396363854408264
smollm2_360m_base,capital:9,capital,declarative,26,707.6211547851562,139.2110595703125,0.35022521018981934
smollm2_360m_base,capital:9,capital,declarative,27,828.1959838867188,123.75690460205078,0.3859550356864929
smollm2_360m_base,capital:9,capital,declarative,28,975.7200317382812,72.49915313720703,0.4483925700187683
smollm2_360m_base,capital:9,capital,declarative,29,1116.2939453125,67.3188705444336,0.4836485981941223
smollm2_360m_base,capital:9,capital,declarative,30,1234.0989990234375,81.11444854736328,0.5060150027275085
smollm2_360m_base,capital:9,capital,declarative,31,58.976558685302734,107.77973175048828,0.6328771114349365
smollm2_360m_base,capital:9,capital,qa,0,53.90804672241211,4.659331321716309,0.07473268359899521
smollm2_360m_base,capital:9,capital,qa,1,71.05657958984375,16.394672393798828,0.13168497383594513
smollm2_360m_base,capital:9,capital,qa,2,86.83247375488281,15.515780448913574,0.14159083366394043
smollm2_360m_base,capital:9,capital,qa,3,102.7552490234375,14.804610252380371,0.1656787246465683
smollm2_360m_base,capital:9,capital,qa,4,108.45667266845703,18.48522186279297,0.1801188737154007
smollm2_360m_base,capital:9,capital,qa,5,117.54210662841797,18.242015838623047,0.17245300114154816
smollm2_360m_base,capital:9,capital,qa,6,149.04412841796875,39.25849914550781,0.1970503032207489
smollm2_360m_base,capital:9,capital,qa,7,162.9419708251953,27.22172737121582,0.2067089080810547
smollm2_360m_base,capital:9,capital,qa,8,163.5957794189453,19.992341995239258,0.20852670073509216
smollm2_360m_base,capital:9,capital,qa,9,174.98587036132812,27.50334358215332,0.204295352101326
smollm2_360m_base,capital:9,capital,qa,10,171.00430297851562,16.438106536865234,0.18259494006633759
smollm2_360m_base,capital:9,capital,qa,11,175.8191680908203,16.635095596313477,0.19793246686458588
smollm2_360m_base,capital:9,capital,qa,12,188.5111846923828,29.957117080688477,0.2041471302509308
smollm2_360m_base,capital:9,capital,qa,13,192.99148559570312,19.101442337036133,0.19595959782600403
smollm2_360m_base,capital:9,capital,qa,14,199.23841857910156,30.954553604125977,0.19901767373085022
smollm2_360m_base,capital:9,capital,qa,15,222.21124267578125,40.97688674926758,0.21205826103687286
smollm2_360m_base,capital:9,capital,qa,16,243.83445739746094,39.45569610595703,0.22090435028076172
smollm2_360m_base,capital:9,capital,qa,17,253.88113403320312,25.036630630493164,0.21948733925819397
smollm2_360m_base,capital:9,capital,qa,18,250.2984161376953,36.631961822509766,0.2203376740217209
smollm2_360m_base,capital:9,capital,qa,19,261.27520751953125,34.961708068847656,0.2299213856458664
smollm2_360m_base,capital:9,capital,qa,20,270.05633544921875,34.049137115478516,0.254312664270401
smollm2_360m_base,capital:9,capital,qa,21,331.3348388671875,52.76523971557617,0.2792961895465851
smollm2_360m_base,capital:9,capital,qa,22,371.16558837890625,47.823707580566406,0.3865988850593567
smollm2_360m_base,capital:9,capital,qa,23,439.4556884765625,116.21879577636719,0.3354036808013916
smollm2_360m_base,capital:9,capital,qa,24,530.1317138671875,82.86917114257812,0.3552228808403015
smollm2_360m_base,capital:9,capital,qa,25,630.8564453125,68.07817840576172,0.3637205958366394
smollm2_360m_base,capital:9,capital,qa,26,734.6785278320312,149.48304748535156,0.3660069704055786
smollm2_360m_base,capital:9,capital,qa,27,890.51513671875,174.8866424560547,0.40161243081092834
smollm2_360m_base,capital:9,capital,qa,28,1055.2454833984375,78.39808654785156,0.47700461745262146
smollm2_360m_base,capital:9,capital,qa,29,1173.5191650390625,75.77313232421875,0.5459140539169312
smollm2_360m_base,capital:9,capital,qa,30,1266.404052734375,120.10362243652344,0.5620774030685425
smollm2_360m_base,capital:9,capital,qa,31,61.640254974365234,123.52113342285156,0.7220568656921387
smollm2_360m_base,capital:9,capital,chat_template,0,51.65254592895508,4.793021202087402,0.07112754881381989
smollm2_360m_base,capital:9,capital,chat_template,1,71.42793273925781,18.30440902709961,0.08902808278799057
smollm2_360m_base,capital:9,capital,chat_template,2,80.76079559326172,10.815791130065918,0.11695005744695663
smollm2_360m_base,capital:9,capital,chat_template,3,93.73846435546875,15.119877815246582,0.14113593101501465
smollm2_360m_base,capital:9,capital,chat_template,4,105.33094787597656,17.752511978149414,0.15901514887809753
smollm2_360m_base,capital:9,capital,chat_template,5,116.51366424560547,14.136300086975098,0.15763330459594727
smollm2_360m_base,capital:9,capital,chat_template,6,126.34225463867188,23.556344985961914,0.1694660484790802
smollm2_360m_base,capital:9,capital,chat_template,7,147.40451049804688,25.072107315063477,0.19158439338207245
smollm2_360m_base,capital:9,capital,chat_template,8,158.5542755126953,30.47803497314453,0.22639472782611847
smollm2_360m_base,capital:9,capital,chat_template,9,165.01710510253906,17.885257720947266,0.20886428654193878
smollm2_360m_base,capital:9,capital,chat_template,10,165.62496948242188,14.900662422180176,0.1743057668209076
smollm2_360m_base,capital:9,capital,chat_template,11,177.51971435546875,21.078874588012695,0.1882874071598053
smollm2_360m_base,capital:9,capital,chat_template,12,182.6243438720703,21.324420928955078,0.1956646889448166
smollm2_360m_base,capital:9,capital,chat_template,13,192.31036376953125,23.089338302612305,0.19606991112232208
smollm2_360m_base,capital:9,capital,chat_template,14,212.1065216064453,30.45258903503418,0.19972966611385345
smollm2_360m_base,capital:9,capital,chat_template,15,220.7377471923828,25.19890785217285,0.19830240309238434
smollm2_360m_base,capital:9,capital,chat_template,16,244.05447387695312,36.08949661254883,0.214297816157341
smollm2_360m_base,capital:9,capital,chat_template,17,270.75567626953125,45.487281799316406,0.23687362670898438
smollm2_360m_base,capital:9,capital,chat_template,18,278.5648193359375,51.09926986694336,0.23261594772338867
smollm2_360m_base,capital:9,capital,chat_template,19,276.5035400390625,29.136737823486328,0.2515038549900055
smollm2_360m_base,capital:9,capital,chat_template,20,288.7150573730469,34.515663146972656,0.26909756660461426
smollm2_360m_base,capital:9,capital,chat_template,21,342.61627197265625,53.64857864379883,0.2961781919002533
smollm2_360m_base,capital:9,capital,chat_template,22,365.2871398925781,49.42344284057617,0.38966280221939087
smollm2_360m_base,capital:9,capital,chat_template,23,426.5506896972656,100.54940032958984,0.33264538645744324
smollm2_360m_base,capital:9,capital,chat_template,24,538.41748046875,75.0798568725586,0.362173855304718
smollm2_360m_base,capital:9,capital,chat_template,25,641.6632080078125,69.0523910522461,0.38647356629371643
smollm2_360m_base,capital:9,capital,chat_template,26,761.9329223632812,123.83836364746094,0.34960514307022095
smollm2_360m_base,capital:9,capital,chat_template,27,917.113037109375,138.36831665039062,0.3277732729911804
smollm2_360m_base,capital:9,capital,chat_template,28,1062.44873046875,97.91769409179688,0.3541034162044525
smollm2_360m_base,capital:9,capital,chat_template,29,1270.7845458984375,126.93507385253906,0.39338862895965576
smollm2_360m_base,capital:9,capital,chat_template,30,1426.2841796875,132.53805541992188,0.4411403238773346
smollm2_360m_base,capital:9,capital,chat_template,31,71.96871185302734,118.64673614501953,0.6651555299758911
smollm2_360m_base,capital:10,capital,raw_question,0,60.063560485839844,4.493819713592529,0.09500984847545624
smollm2_360m_base,capital:10,capital,raw_question,1,81.37774658203125,17.03468132019043,0.0946696549654007
smollm2_360m_base,capital:10,capital,raw_question,2,93.66500091552734,13.561053276062012,0.12772807478904724
smollm2_360m_base,capital:10,capital,raw_question,3,85.70807647705078,15.664138793945312,0.13283483684062958
smollm2_360m_base,capital:10,capital,raw_question,4,100.68101501464844,19.95288848876953,0.15879642963409424
smollm2_360m_base,capital:10,capital,raw_question,5,117.27152252197266,21.72420310974121,0.16258056461811066
smollm2_360m_base,capital:10,capital,raw_question,6,133.1064453125,11.810811996459961,0.16984865069389343
smollm2_360m_base,capital:10,capital,raw_question,7,150.90200805664062,25.25055503845215,0.19207245111465454
smollm2_360m_base,capital:10,capital,raw_question,8,158.78939819335938,16.038236618041992,0.20415115356445312
smollm2_360m_base,capital:10,capital,raw_question,9,164.5518798828125,15.6378755569458,0.20083419978618622
smollm2_360m_base,capital:10,capital,raw_question,10,164.18698120117188,14.29089069366455,0.178169846534729
smollm2_360m_base,capital:10,capital,raw_question,11,179.2359619140625,17.673471450805664,0.19186654686927795
smollm2_360m_base,capital:10,capital,raw_question,12,185.08026123046875,17.935129165649414,0.20786264538764954
smollm2_360m_base,capital:10,capital,raw_question,13,187.55751037597656,28.070993423461914,0.20001335442066193
smollm2_360m_base,capital:10,capital,raw_question,14,200.97607421875,37.77595520019531,0.20074716210365295
smollm2_360m_base,capital:10,capital,raw_question,15,236.10647583007812,41.56751251220703,0.21888461709022522
smollm2_360m_base,capital:10,capital,raw_question,16,251.66392517089844,36.41273880004883,0.21360993385314941
smollm2_360m_base,capital:10,capital,raw_question,17,258.6980285644531,29.55352210998535,0.20782127976417542
smollm2_360m_base,capital:10,capital,raw_question,18,251.10888671875,39.521575927734375,0.200907900929451
smollm2_360m_base,capital:10,capital,raw_question,19,270.9072570800781,27.35068702697754,0.2242584526538849
smollm2_360m_base,capital:10,capital,raw_question,20,276.75091552734375,24.668058395385742,0.23887984454631805
smollm2_360m_base,capital:10,capital,raw_question,21,346.2312316894531,51.22766876220703,0.2675582766532898
smollm2_360m_base,capital:10,capital,raw_question,22,375.97882080078125,39.250736236572266,0.3286023736000061
smollm2_360m_base,capital:10,capital,raw_question,23,414.73187255859375,51.01712417602539,0.3022591471672058
smollm2_360m_base,capital:10,capital,raw_question,24,499.4349670410156,57.6340217590332,0.3329562544822693
smollm2_360m_base,capital:10,capital,raw_question,25,569.1452026367188,43.49353790283203,0.3217112720012665
smollm2_360m_base,capital:10,capital,raw_question,26,686.6408081054688,97.10322570800781,0.3141240179538727
smollm2_360m_base,capital:10,capital,raw_question,27,803.6836547851562,93.67208862304688,0.30962032079696655
smollm2_360m_base,capital:10,capital,raw_question,28,928.1677856445312,73.02777099609375,0.3080142140388489
smollm2_360m_base,capital:10,capital,raw_question,29,1107.745361328125,104.6924057006836,0.34317341446876526
smollm2_360m_base,capital:10,capital,raw_question,30,1247.860107421875,119.10114288330078,0.3951287567615509
smollm2_360m_base,capital:10,capital,raw_question,31,62.10675048828125,103.86735534667969,0.6111699342727661
smollm2_360m_base,capital:10,capital,declarative,0,57.494384765625,4.677117347717285,0.07583202421665192
smollm2_360m_base,capital:10,capital,declarative,1,87.0832748413086,17.71621322631836,0.10677745193243027
smollm2_360m_base,capital:10,capital,declarative,2,98.0503158569336,14.402092933654785,0.1311403512954712
smollm2_360m_base,capital:10,capital,declarative,3,93.00897216796875,18.896421432495117,0.14592863619327545
smollm2_360m_base,capital:10,capital,declarative,4,113.27458953857422,21.33740997314453,0.1640208661556244
smollm2_360m_base,capital:10,capital,declarative,5,126.43399047851562,19.8620548248291,0.1623525172472
smollm2_360m_base,capital:10,capital,declarative,6,136.83607482910156,12.384119033813477,0.16299869120121002
smollm2_360m_base,capital:10,capital,declarative,7,154.1770782470703,26.981964111328125,0.18508006632328033
smollm2_360m_base,capital:10,capital,declarative,8,170.558349609375,30.583967208862305,0.22393116354942322
smollm2_360m_base,capital:10,capital,declarative,9,177.76315307617188,15.853370666503906,0.20881828665733337
smollm2_360m_base,capital:10,capital,declarative,10,175.536376953125,11.8247652053833,0.18145504593849182
smollm2_360m_base,capital:10,capital,declarative,11,186.4705352783203,9.902774810791016,0.17894241213798523
smollm2_360m_base,capital:10,capital,declarative,12,186.5225830078125,17.853181838989258,0.18860697746276855
smollm2_360m_base,capital:10,capital,declarative,13,184.89630126953125,23.01445770263672,0.18277427554130554
smollm2_360m_base,capital:10,capital,declarative,14,205.18890380859375,45.84871292114258,0.2087370902299881
smollm2_360m_base,capital:10,capital,declarative,15,235.37796020507812,40.27044677734375,0.223012775182724
smollm2_360m_base,capital:10,capital,declarative,16,255.28231811523438,36.58358383178711,0.2229073941707611
smollm2_360m_base,capital:10,capital,declarative,17,261.41180419921875,31.11808204650879,0.21680530905723572
smollm2_360m_base,capital:10,capital,declarative,18,249.7146453857422,39.99940872192383,0.21109800040721893
smollm2_360m_base,capital:10,capital,declarative,19,266.293701171875,26.51774787902832,0.22506526112556458
smollm2_360m_base,capital:10,capital,declarative,20,281.9185791015625,23.373558044433594,0.2446305751800537
smollm2_360m_base,capital:10,capital,declarative,21,338.47088623046875,39.645721435546875,0.26201143860816956
smollm2_360m_base,capital:10,capital,declarative,22,375.76715087890625,42.187782287597656,0.358814537525177
smollm2_360m_base,capital:10,capital,declarative,23,428.77520751953125,82.8836898803711,0.32134419679641724
smollm2_360m_base,capital:10,capital,declarative,24,518.4153442382812,72.33500671386719,0.3295610547065735
smollm2_360m_base,capital:10,capital,declarative,25,589.0338745117188,56.01829147338867,0.3340182900428772
smollm2_360m_base,capital:10,capital,declarative,26,730.5757446289062,164.05345153808594,0.36192530393600464
smollm2_360m_base,capital:10,capital,declarative,27,870.9450073242188,181.83811950683594,0.4050661027431488
smollm2_360m_base,capital:10,capital,declarative,28,970.4921875,91.68235778808594,0.45498210191726685
smollm2_360m_base,capital:10,capital,declarative,29,1088.3878173828125,48.319820404052734,0.543063759803772
smollm2_360m_base,capital:10,capital,declarative,30,1158.108642578125,75.95262908935547,0.6225036978721619
smollm2_360m_base,capital:10,capital,declarative,31,52.029537200927734,105.94709014892578,0.6922091245651245
smollm2_360m_base,capital:10,capital,qa,0,53.562660217285156,4.665669918060303,0.07515038549900055
smollm2_360m_base,capital:10,capital,qa,1,70.97172546386719,16.414154052734375,0.13090980052947998
smollm2_360m_base,capital:10,capital,qa,2,86.58978271484375,15.525455474853516,0.14227299392223358
smollm2_360m_base,capital:10,capital,qa,3,101.82891845703125,14.832213401794434,0.1643114686012268
smollm2_360m_base,capital:10,capital,qa,4,107.96682739257812,17.93309211730957,0.1783895492553711
smollm2_360m_base,capital:10,capital,qa,5,117.76132202148438,18.334487915039062,0.17100653052330017
smollm2_360m_base,capital:10,capital,qa,6,150.72581481933594,39.6472053527832,0.19685417413711548
smollm2_360m_base,capital:10,capital,qa,7,164.47154235839844,26.789125442504883,0.20662517845630646
smollm2_360m_base,capital:10,capital,qa,8,164.86886596679688,20.4278621673584,0.20859403908252716
smollm2_360m_base,capital:10,capital,qa,9,175.9044952392578,27.789085388183594,0.2046411782503128
smollm2_360m_base,capital:10,capital,qa,10,171.25584411621094,15.867639541625977,0.18390856683254242
smollm2_360m_base,capital:10,capital,qa,11,176.9625244140625,16.399660110473633,0.199164479970932
smollm2_360m_base,capital:10,capital,qa,12,189.18154907226562,29.744115829467773,0.2037220001220703
smollm2_360m_base,capital:10,capital,qa,13,194.8175811767578,19.67206382751465,0.19476312398910522
smollm2_360m_base,capital:10,capital,qa,14,201.39585876464844,29.083219528198242,0.19702894985675812
smollm2_360m_base,capital:10,capital,qa,15,222.4936981201172,39.11865997314453,0.2074625939130783
smollm2_360m_base,capital:10,capital,qa,16,243.4641571044922,38.99609375,0.21883420646190643
smollm2_360m_base,capital:10,capital,qa,17,253.8345947265625,25.231557846069336,0.21581700444221497
smollm2_360m_base,capital:10,capital,qa,18,250.69151306152344,36.24817657470703,0.2168278992176056
smollm2_360m_base,capital:10,capital,qa,19,262.522216796875,34.54301071166992,0.2275087535381317
smollm2_360m_base,capital:10,capital,qa,20,271.6527404785156,33.82843017578125,0.25176528096199036
smollm2_360m_base,capital:10,capital,qa,21,333.1766357421875,50.21275329589844,0.27391836047172546
smollm2_360m_base,capital:10,capital,qa,22,370.7870788574219,47.81268310546875,0.3808858096599579
smollm2_360m_base,capital:10,capital,qa,23,441.0943298339844,115.31268310546875,0.33468180894851685
smollm2_360m_base,capital:10,capital,qa,24,531.9141235351562,86.00437927246094,0.3550751209259033
smollm2_360m_base,capital:10,capital,qa,25,614.57421875,61.81655502319336,0.35776811838150024
smollm2_360m_base,capital:10,capital,qa,26,763.6471557617188,165.03564453125,0.37251561880111694
smollm2_360m_base,capital:10,capital,qa,27,920.0243530273438,194.67428588867188,0.40861058235168457
smollm2_360m_base,capital:10,capital,qa,28,1024.2392578125,91.14523315429688,0.45522260665893555
smollm2_360m_base,capital:10,capital,qa,29,1139.01171875,57.408912658691406,0.5577222108840942
smollm2_360m_base,capital:10,capital,qa,30,1209.7811279296875,102.95105743408203,0.6549718976020813
smollm2_360m_base,capital:10,capital,qa,31,55.421627044677734,113.16633605957031,0.7683241963386536
smollm2_360m_base,capital:10,capital,chat_template,0,51.65576171875,4.799133777618408,0.07069069147109985
smollm2_360m_base,capital:10,capital,chat_template,1,71.66645050048828,18.417037963867188,0.08928476274013519
smollm2_360m_base,capital:10,capital,chat_template,2,80.77638244628906,10.882658958435059,0.11770105361938477
smollm2_360m_base,capital:10,capital,chat_template,3,93.19682312011719,15.110224723815918,0.14110855758190155
smollm2_360m_base,capital:10,capital,chat_template,4,104.72948455810547,17.675552368164062,0.158906489610672
smollm2_360m_base,capital:10,capital,chat_template,5,115.61327362060547,14.790008544921875,0.15670804679393768
smollm2_360m_base,capital:10,capital,chat_template,6,126.41145324707031,25.338794708251953,0.16951370239257812
smollm2_360m_base,capital:10,capital,chat_template,7,146.98329162597656,24.987295150756836,0.18979895114898682
smollm2_360m_base,capital:10,capital,chat_template,8,157.39447021484375,30.610214233398438,0.223402738571167
smollm2_360m_base,capital:10,capital,chat_template,9,163.78878784179688,19.48878288269043,0.20739594101905823
smollm2_360m_base,capital:10,capital,chat_template,10,164.9267120361328,14.472068786621094,0.1729675680398941
smollm2_360m_base,capital:10,capital,chat_template,11,176.66629028320312,22.57854652404785,0.18701085448265076
smollm2_360m_base,capital:10,capital,chat_template,12,181.87130737304688,21.21405029296875,0.19630758464336395
smollm2_360m_base,capital:10,capital,chat_template,13,190.28517150878906,22.59444808959961,0.19609196484088898
smollm2_360m_base,capital:10,capital,chat_template,14,208.57522583007812,30.83088493347168,0.19871310889720917
smollm2_360m_base,capital:10,capital,chat_template,15,217.4709014892578,25.051904678344727,0.19855353236198425
smollm2_360m_base,capital:10,capital,chat_template,16,242.45399475097656,36.95574951171875,0.21549110114574432
smollm2_360m_base,capital:10,capital,chat_template,17,269.2205505371094,46.181453704833984,0.23716787993907928
smollm2_360m_base,capital:10,capital,chat_template,18,277.53826904296875,52.04926300048828,0.23316064476966858
smollm2_360m_base,capital:10,capital,chat_template,19,275.6497497558594,29.952415466308594,0.2516399919986725
smollm2_360m_base,capital:10,capital,chat_template,20,287.9845886230469,34.491485595703125,0.26908642053604126
smollm2_360m_base,capital:10,capital,chat_template,21,342.6449890136719,53.48735046386719,0.29698774218559265
smollm2_360m_base,capital:10,capital,chat_template,22,365.0913391113281,49.87306594848633,0.38946232199668884
smollm2_360m_base,capital:10,capital,chat_template,23,424.1274719238281,101.9043960571289,0.33272668719291687
smollm2_360m_base,capital:10,capital,chat_template,24,537.4452514648438,80.96471405029297,0.36078912019729614
smollm2_360m_base,capital:10,capital,chat_template,25,637.6229248046875,65.02680969238281,0.3830112814903259
smollm2_360m_base,capital:10,capital,chat_template,26,783.5624389648438,136.37278747558594,0.35659927129745483
smollm2_360m_base,capital:10,capital,chat_template,27,928.2780151367188,149.6525115966797,0.33913344144821167
smollm2_360m_base,capital:10,capital,chat_template,28,1065.378662109375,108.54289245605469,0.34449848532676697
smollm2_360m_base,capital:10,capital,chat_template,29,1295.596435546875,130.98582458496094,0.3979608416557312
smollm2_360m_base,capital:10,capital,chat_template,30,1441.678955078125,143.2742919921875,0.4794021546840668
smollm2_360m_base,capital:10,capital,chat_template,31,67.8283462524414,123.35888671875,0.680807888507843
smollm2_360m_base,capital:11,capital,raw_question,0,60.066558837890625,4.493898868560791,0.0950474962592125
smollm2_360m_base,capital:11,capital,raw_question,1,81.0440444946289,16.636981964111328,0.09556841850280762
smollm2_360m_base,capital:11,capital,raw_question,2,93.726806640625,13.994352340698242,0.12621968984603882
smollm2_360m_base,capital:11,capital,raw_question,3,86.0872802734375,15.475568771362305,0.13248586654663086
smollm2_360m_base,capital:11,capital,raw_question,4,101.24307250976562,20.098289489746094,0.15810926258563995
smollm2_360m_base,capital:11,capital,raw_question,5,116.84355926513672,20.586158752441406,0.16031582653522491
smollm2_360m_base,capital:11,capital,raw_question,6,134.02938842773438,11.784871101379395,0.16812339425086975
smollm2_360m_base,capital:11,capital,raw_question,7,155.67335510253906,27.939029693603516,0.19480852782726288
smollm2_360m_base,capital:11,capital,raw_question,8,162.9394989013672,16.994508743286133,0.20484094321727753
smollm2_360m_base,capital:11,capital,raw_question,9,164.04649353027344,16.402379989624023,0.19589519500732422
smollm2_360m_base,capital:11,capital,raw_question,10,165.96485900878906,12.629741668701172,0.17521707713603973
smollm2_360m_base,capital:11,capital,raw_question,11,178.53018188476562,16.963102340698242,0.18870870769023895
smollm2_360m_base,capital:11,capital,raw_question,12,183.83029174804688,18.24821662902832,0.20558786392211914
smollm2_360m_base,capital:11,capital,raw_question,13,187.23008728027344,27.710521697998047,0.19601628184318542
smollm2_360m_base,capital:11,capital,raw_question,14,200.76963806152344,37.01679992675781,0.20058438181877136
smollm2_360m_base,capital:11,capital,raw_question,15,237.2530517578125,41.86210632324219,0.22085265815258026
smollm2_360m_base,capital:11,capital,raw_question,16,255.47671508789062,35.77229690551758,0.2163916528224945
smollm2_360m_base,capital:11,capital,raw_question,17,263.3825988769531,33.35124588012695,0.2094283550977707
smollm2_360m_base,capital:11,capital,raw_question,18,253.65565490722656,42.831443786621094,0.20054610073566437
smollm2_360m_base,capital:11,capital,raw_question,19,272.532470703125,27.3657169342041,0.22459304332733154
smollm2_360m_base,capital:11,capital,raw_question,20,276.821044921875,24.576610565185547,0.2379550039768219
smollm2_360m_base,capital:11,capital,raw_question,21,346.7188415527344,49.99543762207031,0.26374295353889465
smollm2_360m_base,capital:11,capital,raw_question,22,373.5906677246094,39.59126663208008,0.32513532042503357
smollm2_360m_base,capital:11,capital,raw_question,23,409.97259521484375,48.6746711730957,0.29815995693206787
smollm2_360m_base,capital:11,capital,raw_question,24,493.41693115234375,52.59800338745117,0.3300091624259949
smollm2_360m_base,capital:11,capital,raw_question,25,559.9174194335938,45.56926727294922,0.3211119771003723
smollm2_360m_base,capital:11,capital,raw_question,26,668.7320556640625,90.23530578613281,0.30304819345474243
smollm2_360m_base,capital:11,capital,raw_question,27,791.9736328125,123.03994750976562,0.30064696073532104
smollm2_360m_base,capital:11,capital,raw_question,28,907.0305786132812,70.08345794677734,0.30457088351249695
smollm2_360m_base,capital:11,capital,raw_question,29,1079.2457275390625,93.30852508544922,0.32297781109809875
smollm2_360m_base,capital:11,capital,raw_question,30,1224.660400390625,108.28115844726562,0.3768637776374817
smollm2_360m_base,capital:11,capital,raw_question,31,62.62422180175781,93.59844970703125,0.5735719203948975
smollm2_360m_base,capital:11,capital,declarative,0,56.951560974121094,4.713038921356201,0.07548383623361588
smollm2_360m_base,capital:11,capital,declarative,1,84.63616180419922,16.67806053161621,0.10709273815155029
smollm2_360m_base,capital:11,capital,declarative,2,96.0136947631836,14.33907699584961,0.12803901731967926
smollm2_360m_base,capital:11,capital,declarative,3,91.13055419921875,18.905492782592773,0.14629597961902618
smollm2_360m_base,capital:11,capital,declarative,4,112.18457794189453,21.534860610961914,0.16291728615760803
smollm2_360m_base,capital:11,capital,declarative,5,124.40972900390625,18.690889358520508,0.16201427578926086
smollm2_360m_base,capital:11,capital,declarative,6,136.26011657714844,12.36555290222168,0.15981443226337433
smollm2_360m_base,capital:11,capital,declarative,7,155.04295349121094,27.284753799438477,0.1848667860031128
smollm2_360m_base,capital:11,capital,declarative,8,172.31723022460938,31.05987548828125,0.22385995090007782
smollm2_360m_base,capital:11,capital,declarative,9,179.0213165283203,17.33095359802246,0.2057492733001709
smollm2_360m_base,capital:11,capital,declarative,10,178.69558715820312,11.195740699768066,0.1790066957473755
smollm2_360m_base,capital:11,capital,declarative,11,189.7537841796875,10.484262466430664,0.18182428181171417
smollm2_360m_base,capital:11,capital,declarative,12,189.3764190673828,17.94820213317871,0.18796420097351074
smollm2_360m_base,capital:11,capital,declarative,13,186.5658416748047,21.03093910217285,0.18098029494285583
smollm2_360m_base,capital:11,capital,declarative,14,204.03915405273438,44.23618698120117,0.2042166292667389
smollm2_360m_base,capital:11,capital,declarative,15,236.98544311523438,41.83641815185547,0.2231745719909668
smollm2_360m_base,capital:11,capital,declarative,16,254.8216552734375,35.53718948364258,0.22247037291526794
smollm2_360m_base,capital:11,capital,declarative,17,265.9081115722656,33.6548957824707,0.21918383240699768
smollm2_360m_base,capital:11,capital,declarative,18,253.03794860839844,45.29800033569336,0.21332859992980957
smollm2_360m_base,capital:11,capital,declarative,19,265.1174621582031,26.61892318725586,0.2279857099056244
smollm2_360m_base,capital:11,capital,declarative,20,277.371337890625,22.728639602661133,0.24529114365577698
smollm2_360m_base,capital:11,capital,declarative,21,336.2176513671875,40.2975959777832,0.26056164503097534
smollm2_360m_base,capital:11,capital,declarative,22,372.2017517089844,41.48102951049805,0.3628910481929779
smollm2_360m_base,capital:11,capital,declarative,23,421.843505859375,91.67630767822266,0.3247013986110687
smollm2_360m_base,capital:11,capital,declarative,24,513.11083984375,64.79052734375,0.3289201557636261
smollm2_360m_base,capital:11,capital,declarative,25,583.2392578125,59.15873336791992,0.3288201689720154
smollm2_360m_base,capital:11,capital,declarative,26,677.525390625,149.56729125976562,0.34774795174598694
smollm2_360m_base,capital:11,capital,declarative,27,874.0818481445312,212.03640747070312,0.39538589119911194
smollm2_360m_base,capital:11,capital,declarative,28,994.0128173828125,82.51734161376953,0.47727885842323303
smollm2_360m_base,capital:11,capital,declarative,29,1060.5721435546875,111.3513412475586,0.5601637363433838
smollm2_360m_base,capital:11,capital,declarative,30,1151.275146484375,96.7765121459961,0.6029406785964966
smollm2_360m_base,capital:11,capital,declarative,31,58.44398880004883,111.13179016113281,0.6547192335128784
smollm2_360m_base,capital:11,capital,qa,0,53.47895812988281,4.666818618774414,0.07504935562610626
smollm2_360m_base,capital:11,capital,qa,1,70.49382019042969,16.23616600036621,0.13045084476470947
smollm2_360m_base,capital:11,capital,qa,2,87.00941467285156,15.633371353149414,0.14242538809776306
smollm2_360m_base,capital:11,capital,qa,3,102.7192153930664,14.693632125854492,0.16648156940937042
smollm2_360m_base,capital:11,capital,qa,4,108.43079376220703,17.742733001708984,0.17921306192874908
smollm2_360m_base,capital:11,capital,qa,5,117.93937683105469,18.256999969482422,0.17250940203666687
smollm2_360m_base,capital:11,capital,qa,6,149.60768127441406,39.100791931152344,0.19703741371631622
smollm2_360m_base,capital:11,capital,qa,7,164.98753356933594,27.506088256835938,0.20707491040229797
smollm2_360m_base,capital:11,capital,qa,8,164.16729736328125,19.844478607177734,0.20848341286182404
smollm2_360m_base,capital:11,capital,qa,9,173.530029296875,25.661954879760742,0.203542560338974
smollm2_360m_base,capital:11,capital,qa,10,171.56927490234375,17.17638397216797,0.182286337018013
smollm2_360m_base,capital:11,capital,qa,11,178.5695037841797,16.229066848754883,0.19627606868743896
smollm2_360m_base,capital:11,capital,qa,12,191.5382843017578,30.895822525024414,0.2003614455461502
smollm2_360m_base,capital:11,capital,qa,13,196.61981201171875,18.125452041625977,0.19618141651153564
smollm2_360m_base,capital:11,capital,qa,14,205.56785583496094,26.36736488342285,0.19505015015602112
smollm2_360m_base,capital:11,capital,qa,15,226.26242065429688,37.69677734375,0.206524059176445
smollm2_360m_base,capital:11,capital,qa,16,250.39096069335938,39.2081413269043,0.21990618109703064
smollm2_360m_base,capital:11,capital,qa,17,257.9092102050781,25.13888931274414,0.21665148437023163
smollm2_360m_base,capital:11,capital,qa,18,252.9831085205078,38.87221145629883,0.21591846644878387
smollm2_360m_base,capital:11,capital,qa,19,264.4737243652344,35.27983856201172,0.2308824509382248
smollm2_360m_base,capital:11,capital,qa,20,273.5337219238281,33.884544372558594,0.254244327545166
smollm2_360m_base,capital:11,capital,qa,21,336.9646911621094,51.34087371826172,0.27753573656082153
smollm2_360m_base,capital:11,capital,qa,22,372.1143493652344,49.241580963134766,0.38322776556015015
smollm2_360m_base,capital:11,capital,qa,23,435.95697021484375,116.04155731201172,0.33529922366142273
smollm2_360m_base,capital:11,capital,qa,24,526.9668579101562,77.20923614501953,0.3536190986633301
smollm2_360m_base,capital:11,capital,qa,25,617.2650146484375,72.20906066894531,0.3594154715538025
smollm2_360m_base,capital:11,capital,qa,26,716.221435546875,156.7772674560547,0.3599206507205963
smollm2_360m_base,capital:11,capital,qa,27,948.895263671875,221.17214965820312,0.40859276056289673
smollm2_360m_base,capital:11,capital,qa,28,1063.6572265625,80.11225891113281,0.4877621531486511
smollm2_360m_base,capital:11,capital,qa,29,1124.6654052734375,123.31887817382812,0.5763583779335022
smollm2_360m_base,capital:11,capital,qa,30,1206.684814453125,116.39051818847656,0.6396461725234985
smollm2_360m_base,capital:11,capital,qa,31,62.27783203125,126.510986328125,0.706865668296814
smollm2_360m_base,capital:11,capital,chat_template,0,51.38869857788086,4.799544334411621,0.07044589519500732
smollm2_360m_base,capital:11,capital,chat_template,1,71.43527221679688,18.243131637573242,0.0891963541507721
smollm2_360m_base,capital:11,capital,chat_template,2,80.75807189941406,10.825057029724121,0.11772903054952621
smollm2_360m_base,capital:11,capital,chat_template,3,93.62579345703125,15.037670135498047,0.14122998714447021
smollm2_360m_base,capital:11,capital,chat_template,4,105.02304077148438,17.354053497314453,0.15789106488227844
smollm2_360m_base,capital:11,capital,chat_template,5,115.63594055175781,13.96382999420166,0.15579241514205933
smollm2_360m_base,capital:11,capital,chat_template,6,125.81432342529297,24.728410720825195,0.16748224198818207
smollm2_360m_base,capital:11,capital,chat_template,7,146.810791015625,24.768699645996094,0.18882080912590027
smollm2_360m_base,capital:11,capital,chat_template,8,156.4469757080078,29.670568466186523,0.22333428263664246
smollm2_360m_base,capital:11,capital,chat_template,9,161.8864288330078,17.80135154724121,0.20620842278003693
smollm2_360m_base,capital:11,capital,chat_template,10,163.45689392089844,15.023974418640137,0.16895771026611328
smollm2_360m_base,capital:11,capital,chat_template,11,176.49288940429688,21.696420669555664,0.18340498208999634
smollm2_360m_base,capital:11,capital,chat_template,12,180.520263671875,20.70423126220703,0.1915965974330902
smollm2_360m_base,capital:11,capital,chat_template,13,189.88931274414062,23.25718116760254,0.19262318313121796
smollm2_360m_base,capital:11,capital,chat_template,14,210.03076171875,31.335329055786133,0.19705481827259064
smollm2_360m_base,capital:11,capital,chat_template,15,218.5467071533203,24.45412254333496,0.19584250450134277
smollm2_360m_base,capital:11,capital,chat_template,16,243.960693359375,37.02224349975586,0.21395082771778107
smollm2_360m_base,capital:11,capital,chat_template,17,272.4353942871094,46.52114486694336,0.23656043410301208
smollm2_360m_base,capital:11,capital,chat_template,18,280.8628234863281,52.99696731567383,0.23249320685863495
smollm2_360m_base,capital:11,capital,chat_template,19,276.37469482421875,29.617692947387695,0.252826064825058
smollm2_360m_base,capital:11,capital,chat_template,20,288.7690734863281,33.07939529418945,0.2693057656288147
smollm2_360m_base,capital:11,capital,chat_template,21,344.5340576171875,53.71189498901367,0.2938915193080902
smollm2_360m_base,capital:11,capital,chat_template,22,365.53082275390625,50.50707244873047,0.38822007179260254
smollm2_360m_base,capital:11,capital,chat_template,23,427.5452575683594,104.45699310302734,0.3327271342277527
smollm2_360m_base,capital:11,capital,chat_template,24,539.0921630859375,76.02127838134766,0.36190205812454224
smollm2_360m_base,capital:11,capital,chat_template,25,638.2540893554688,66.06229400634766,0.38718658685684204
smollm2_360m_base,capital:11,capital,chat_template,26,778.9976196289062,132.49942016601562,0.35220369696617126
smollm2_360m_base,capital:11,capital,chat_template,27,936.0960083007812,182.35031127929688,0.33407703042030334
smollm2_360m_base,capital:11,capital,chat_template,28,1062.7645263671875,99.76957702636719,0.36339929699897766
smollm2_360m_base,capital:11,capital,chat_template,29,1262.442626953125,103.2944564819336,0.41459494829177856
smollm2_360m_base,capital:11,capital,chat_template,30,1417.9820556640625,126.08439636230469,0.47241559624671936
smollm2_360m_base,capital:11,capital,chat_template,31,72.95555114746094,108.46823120117188,0.6669479012489319
smollm2_360m_base,official_language:0,official_language,raw_question,0,63.94803237915039,4.464293956756592,0.09576381742954254
smollm2_360m_base,official_language:0,official_language,raw_question,1,83.10360717773438,15.31120491027832,0.09535012394189835
smollm2_360m_base,official_language:0,official_language,raw_question,2,95.57891845703125,14.660558700561523,0.1249995231628418
smollm2_360m_base,official_language:0,official_language,raw_question,3,83.17227935791016,17.652462005615234,0.13246986269950867
smollm2_360m_base,official_language:0,official_language,raw_question,4,97.5531234741211,18.573423385620117,0.15908768773078918
smollm2_360m_base,official_language:0,official_language,raw_question,5,114.69611358642578,19.927146911621094,0.1598016321659088
smollm2_360m_base,official_language:0,official_language,raw_question,6,130.9241943359375,10.654970169067383,0.1707976758480072
smollm2_360m_base,official_language:0,official_language,raw_question,7,145.12367248535156,23.896438598632812,0.19085147976875305
smollm2_360m_base,official_language:0,official_language,raw_question,8,155.15293884277344,16.768798828125,0.20682743191719055
smollm2_360m_base,official_language:0,official_language,raw_question,9,164.42942810058594,13.69859790802002,0.2064642459154129
smollm2_360m_base,official_language:0,official_language,raw_question,10,166.4987335205078,17.18419075012207,0.1828681230545044
smollm2_360m_base,official_language:0,official_language,raw_question,11,185.2504425048828,20.134485244750977,0.20360970497131348
smollm2_360m_base,official_language:0,official_language,raw_question,12,187.50698852539062,22.33895492553711,0.214725524187088
smollm2_360m_base,official_language:0,official_language,raw_question,13,187.99110412597656,25.376890182495117,0.20108239352703094
smollm2_360m_base,official_language:0,official_language,raw_question,14,202.2041778564453,37.59449005126953,0.20744916796684265
smollm2_360m_base,official_language:0,official_language,raw_question,15,224.4248504638672,40.445533752441406,0.2138262689113617
smollm2_360m_base,official_language:0,official_language,raw_question,16,239.384765625,37.70915985107422,0.20757713913917542
smollm2_360m_base,official_language:0,official_language,raw_question,17,249.7666015625,33.3210563659668,0.20149657130241394
smollm2_360m_base,official_language:0,official_language,raw_question,18,248.16375732421875,39.49060821533203,0.2040269821882248
smollm2_360m_base,official_language:0,official_language,raw_question,19,267.61077880859375,25.615968704223633,0.225622296333313
smollm2_360m_base,official_language:0,official_language,raw_question,20,275.1081848144531,26.515840530395508,0.2436908781528473
smollm2_360m_base,official_language:0,official_language,raw_question,21,341.78558349609375,46.80185317993164,0.2671186923980713
smollm2_360m_base,official_language:0,official_language,raw_question,22,370.10955810546875,40.14900588989258,0.32933634519577026
smollm2_360m_base,official_language:0,official_language,raw_question,23,413.7416687011719,48.20948791503906,0.29749923944473267
smollm2_360m_base,official_language:0,official_language,raw_question,24,499.96246337890625,55.03132247924805,0.3247622549533844
smollm2_360m_base,official_language:0,official_language,raw_question,25,564.4249877929688,24.662092208862305,0.31893250346183777
smollm2_360m_base,official_language:0,official_language,raw_question,26,694.1668090820312,83.73729705810547,0.2953343093395233
smollm2_360m_base,official_language:0,official_language,raw_question,27,812.8541259765625,66.1175537109375,0.2704421281814575
smollm2_360m_base,official_language:0,official_language,raw_question,28,913.1089477539062,72.39702606201172,0.2599053382873535
smollm2_360m_base,official_language:0,official_language,raw_question,29,1096.4039306640625,138.70956420898438,0.2921186089515686
smollm2_360m_base,official_language:0,official_language,raw_question,30,1221.82275390625,87.44296264648438,0.33740806579589844
smollm2_360m_base,official_language:0,official_language,raw_question,31,62.07491683959961,138.66812133789062,0.589849591255188
smollm2_360m_base,official_language:0,official_language,declarative,0,58.56171798706055,4.6847405433654785,0.07487662881612778
smollm2_360m_base,official_language:0,official_language,declarative,1,85.23458099365234,18.217145919799805,0.10282225906848907
smollm2_360m_base,official_language:0,official_language,declarative,2,95.30662536621094,16.472393035888672,0.12965384125709534
smollm2_360m_base,official_language:0,official_language,declarative,3,87.03301239013672,24.44053077697754,0.14611414074897766
smollm2_360m_base,official_language:0,official_language,declarative,4,103.98065185546875,18.384735107421875,0.16346922516822815
smollm2_360m_base,official_language:0,official_language,declarative,5,117.74100494384766,17.614459991455078,0.15445706248283386
smollm2_360m_base,official_language:0,official_language,declarative,6,132.7655792236328,10.1507568359375,0.15704739093780518
smollm2_360m_base,official_language:0,official_language,declarative,7,147.09669494628906,25.065656661987305,0.17858442664146423
smollm2_360m_base,official_language:0,official_language,declarative,8,159.48287963867188,29.00417137145996,0.21854214370250702
smollm2_360m_base,official_language:0,official_language,declarative,9,167.48951721191406,12.809523582458496,0.19789700210094452
smollm2_360m_base,official_language:0,official_language,declarative,10,170.23800659179688,9.129928588867188,0.17317788302898407
smollm2_360m_base,official_language:0,official_language,declarative,11,179.81680297851562,16.55811309814453,0.18134671449661255
smollm2_360m_base,official_language:0,official_language,declarative,12,178.3983612060547,20.068628311157227,0.18801958858966827
smollm2_360m_base,official_language:0,official_language,declarative,13,177.57205200195312,23.635265350341797,0.1806728094816208
smollm2_360m_base,official_language:0,official_language,declarative,14,190.1545867919922,40.616973876953125,0.19580110907554626
smollm2_360m_base,official_language:0,official_language,declarative,15,209.61892700195312,39.925296783447266,0.2097579687833786
smollm2_360m_base,official_language:0,official_language,declarative,16,236.45135498046875,37.74335479736328,0.21991772949695587
smollm2_360m_base,official_language:0,official_language,declarative,17,248.24209594726562,33.209747314453125,0.21730101108551025
smollm2_360m_base,official_language:0,official_language,declarative,18,242.27867126464844,44.598663330078125,0.21580390632152557
smollm2_360m_base,official_language:0,official_language,declarative,19,260.37640380859375,29.190044403076172,0.22992202639579773
smollm2_360m_base,official_language:0,official_language,declarative,20,271.9499206542969,26.358259201049805,0.24643726646900177
smollm2_360m_base,official_language:0,official_language,declarative,21,323.33843994140625,40.971736907958984,0.26947134733200073
smollm2_360m_base,official_language:0,official_language,declarative,22,351.3253173828125,38.85737228393555,0.34919825196266174
smollm2_360m_base,official_language:0,official_language,declarative,23,417.3311462402344,120.57415771484375,0.32321977615356445
smollm2_360m_base,official_language:0,official_language,declarative,24,545.1102905273438,70.53711700439453,0.322131872177124
smollm2_360m_base,official_language:0,official_language,declarative,25,588.9293823242188,55.82255935668945,0.3597918152809143
smollm2_360m_base,official_language:0,official_language,declarative,26,751.0101318359375,152.53811645507812,0.3523310124874115
smollm2_360m_base,official_language:0,official_language,declarative,27,901.4974975585938,118.5892333984375,0.4004552960395813
smollm2_360m_base,official_language:0,official_language,declarative,28,982.4852905273438,77.24285125732422,0.44269317388534546
smollm2_360m_base,official_language:0,official_language,declarative,29,1211.009521484375,140.34274291992188,0.5194767713546753
smollm2_360m_base,official_language:0,official_language,declarative,30,1336.647216796875,99.01615905761719,0.5590885877609253
smollm2_360m_base,official_language:0,official_language,declarative,31,48.66106033325195,173.92630004882812,0.7113075256347656
smollm2_360m_base,official_language:0,official_language,qa,0,54.0433349609375,4.68326997756958,0.07492369413375854
smollm2_360m_base,official_language:0,official_language,qa,1,70.59255981445312,16.22112464904785,0.12970276176929474
smollm2_360m_base,official_language:0,official_language,qa,2,85.34115600585938,15.396628379821777,0.14140422642230988
smollm2_360m_base,official_language:0,official_language,qa,3,101.01872253417969,15.473748207092285,0.16758768260478973
smollm2_360m_base,official_language:0,official_language,qa,4,106.64666748046875,17.37039566040039,0.17920878529548645
smollm2_360m_base,official_language:0,official_language,qa,5,117.76433563232422,18.067752838134766,0.17196303606033325
smollm2_360m_base,official_language:0,official_language,qa,6,151.67459106445312,38.244083404541016,0.19832536578178406
smollm2_360m_base,official_language:0,official_language,qa,7,162.97073364257812,25.031047821044922,0.2076624184846878
smollm2_360m_base,official_language:0,official_language,qa,8,162.69772338867188,23.082321166992188,0.21203036606311798
smollm2_360m_base,official_language:0,official_language,qa,9,178.13027954101562,29.339780807495117,0.20649199187755585
smollm2_360m_base,official_language:0,official_language,qa,10,173.27767944335938,20.68018341064453,0.19045743346214294
smollm2_360m_base,official_language:0,official_language,qa,11,175.49948120117188,14.454490661621094,0.20359830558300018
smollm2_360m_base,official_language:0,official_language,qa,12,184.6545867919922,23.394878387451172,0.2053568810224533
smollm2_360m_base,official_language:0,official_language,qa,13,193.82928466796875,19.0106143951416,0.19884900748729706
smollm2_360m_base,official_language:0,official_language,qa,14,198.8053436279297,26.04910659790039,0.1998249590396881
smollm2_360m_base,official_language:0,official_language,qa,15,208.06832885742188,32.20823669433594,0.20046785473823547
smollm2_360m_base,official_language:0,official_language,qa,16,226.90684509277344,34.304931640625,0.21106824278831482
smollm2_360m_base,official_language:0,official_language,qa,17,242.97752380371094,26.66876792907715,0.2096882313489914
smollm2_360m_base,official_language:0,official_language,qa,18,244.02822875976562,35.706966400146484,0.21590332686901093
smollm2_360m_base,official_language:0,official_language,qa,19,256.008056640625,29.304018020629883,0.22804732620716095
smollm2_360m_base,official_language:0,official_language,qa,20,269.26153564453125,36.41797637939453,0.2534022927284241
smollm2_360m_base,official_language:0,official_language,qa,21,338.6343994140625,49.905033111572266,0.2772761285305023
smollm2_360m_base,official_language:0,official_language,qa,22,365.56329345703125,48.832679748535156,0.3745216429233551
smollm2_360m_base,official_language:0,official_language,qa,23,429.450439453125,141.89816284179688,0.339813768863678
smollm2_360m_base,official_language:0,official_language,qa,24,581.3880615234375,77.7664794921875,0.3591260313987732
smollm2_360m_base,official_language:0,official_language,qa,25,651.4686279296875,52.09315872192383,0.3941726088523865
smollm2_360m_base,official_language:0,official_language,qa,26,790.6731567382812,148.6754150390625,0.3540530800819397
smollm2_360m_base,official_language:0,official_language,qa,27,925.9229125976562,127.00825500488281,0.3606258034706116
smollm2_360m_base,official_language:0,official_language,qa,28,1030.8544921875,97.45415496826172,0.37694376707077026
smollm2_360m_base,official_language:0,official_language,qa,29,1270.6695556640625,155.70431518554688,0.4466230869293213
smollm2_360m_base,official_language:0,official_language,qa,30,1430.72705078125,137.23681640625,0.49963387846946716
smollm2_360m_base,official_language:0,official_language,qa,31,61.145355224609375,183.1338348388672,0.6917471885681152
smollm2_360m_base,official_language:0,official_language,chat_template,0,50.91887283325195,4.947960376739502,0.06960015743970871
smollm2_360m_base,official_language:0,official_language,chat_template,1,70.64193725585938,17.9975528717041,0.08783063292503357
smollm2_360m_base,official_language:0,official_language,chat_template,2,79.26307678222656,10.563580513000488,0.11547380685806274
smollm2_360m_base,official_language:0,official_language,chat_template,3,91.94147491455078,15.066377639770508,0.1415814608335495
smollm2_360m_base,official_language:0,official_language,chat_template,4,104.6490707397461,17.973316192626953,0.16007833182811737
smollm2_360m_base,official_language:0,official_language,chat_template,5,116.11231231689453,13.928448677062988,0.15754322707653046
smollm2_360m_base,official_language:0,official_language,chat_template,6,127.06385040283203,23.408077239990234,0.16981038451194763
smollm2_360m_base,official_language:0,official_language,chat_template,7,149.03346252441406,25.461103439331055,0.19263967871665955
smollm2_360m_base,official_language:0,official_language,chat_template,8,159.163330078125,29.140716552734375,0.2221609354019165
smollm2_360m_base,official_language:0,official_language,chat_template,9,169.5372314453125,24.867605209350586,0.2067471295595169
smollm2_360m_base,official_language:0,official_language,chat_template,10,168.70321655273438,15.02794075012207,0.17551904916763306
smollm2_360m_base,official_language:0,official_language,chat_template,11,180.17724609375,19.931962966918945,0.1890220195055008
smollm2_360m_base,official_language:0,official_language,chat_template,12,184.2467803955078,22.68339729309082,0.20073743164539337
smollm2_360m_base,official_language:0,official_language,chat_template,13,191.43113708496094,22.72521209716797,0.19801709055900574
smollm2_360m_base,official_language:0,official_language,chat_template,14,208.0386962890625,27.30103874206543,0.20033450424671173
smollm2_360m_base,official_language:0,official_language,chat_template,15,216.71237182617188,27.49320411682129,0.20444266498088837
smollm2_360m_base,official_language:0,official_language,chat_template,16,243.3529052734375,36.52351760864258,0.21882596611976624
smollm2_360m_base,official_language:0,official_language,chat_template,17,268.26220703125,44.29739761352539,0.24042539298534393
smollm2_360m_base,official_language:0,official_language,chat_template,18,275.0306091308594,50.71086883544922,0.23677721619606018
smollm2_360m_base,official_language:0,official_language,chat_template,19,273.37542724609375,29.255996704101562,0.25231102108955383
smollm2_360m_base,official_language:0,official_language,chat_template,20,285.4205627441406,31.580596923828125,0.27020472288131714
smollm2_360m_base,official_language:0,official_language,chat_template,21,345.6973876953125,63.38139724731445,0.2974015772342682
smollm2_360m_base,official_language:0,official_language,chat_template,22,368.5506286621094,49.21228790283203,0.3892347514629364
smollm2_360m_base,official_language:0,official_language,chat_template,23,425.27691650390625,113.75566101074219,0.33375874161720276
smollm2_360m_base,official_language:0,official_language,chat_template,24,547.6563720703125,87.74117279052734,0.3562536835670471
smollm2_360m_base,official_language:0,official_language,chat_template,25,634.193603515625,55.43877029418945,0.3888064920902252
smollm2_360m_base,official_language:0,official_language,chat_template,26,780.0455932617188,124.84089660644531,0.35042545199394226
smollm2_360m_base,official_language:0,official_language,chat_template,27,917.63525390625,101.31806945800781,0.33104151487350464
smollm2_360m_base,official_language:0,official_language,chat_template,28,1016.281982421875,115.5203628540039,0.33714333176612854
smollm2_360m_base,official_language:0,official_language,chat_template,29,1272.56494140625,187.78720092773438,0.3854243755340576
smollm2_360m_base,official_language:0,official_language,chat_template,30,1445.7705078125,125.23455810546875,0.4457479417324066
smollm2_360m_base,official_language:0,official_language,chat_template,31,66.26065063476562,172.14349365234375,0.6819318532943726
smollm2_360m_base,official_language:1,official_language,raw_question,0,64.07907104492188,4.402070999145508,0.09611054509878159
smollm2_360m_base,official_language:1,official_language,raw_question,1,83.40422821044922,15.206595420837402,0.09530898183584213
smollm2_360m_base,official_language:1,official_language,raw_question,2,96.82884979248047,14.830799102783203,0.1251291185617447
smollm2_360m_base,official_language:1,official_language,raw_question,3,84.3467025756836,17.362478256225586,0.13232733309268951
smollm2_360m_base,official_language:1,official_language,raw_question,4,98.57647705078125,18.856584548950195,0.15866050124168396
smollm2_360m_base,official_language:1,official_language,raw_question,5,116.55398559570312,20.209861755371094,0.161294624209404
smollm2_360m_base,official_language:1,official_language,raw_question,6,132.8249053955078,10.471231460571289,0.17228880524635315
smollm2_360m_base,official_language:1,official_language,raw_question,7,147.34298706054688,25.00826072692871,0.19419579207897186
smollm2_360m_base,official_language:1,official_language,raw_question,8,155.7500457763672,16.263151168823242,0.20833727717399597
smollm2_360m_base,official_language:1,official_language,raw_question,9,161.89175415039062,14.942075729370117,0.20564167201519012
smollm2_360m_base,official_language:1,official_language,raw_question,10,164.78082275390625,13.784846305847168,0.1796448528766632
smollm2_360m_base,official_language:1,official_language,raw_question,11,183.46505737304688,21.659006118774414,0.19974970817565918
smollm2_360m_base,official_language:1,official_language,raw_question,12,185.628173828125,20.774980545043945,0.21245357394218445
smollm2_360m_base,official_language:1,official_language,raw_question,13,186.1173095703125,26.467208862304688,0.19925697147846222
smollm2_360m_base,official_language:1,official_language,raw_question,14,199.69252014160156,37.443607330322266,0.20378780364990234
smollm2_360m_base,official_language:1,official_language,raw_question,15,223.91175842285156,40.9295768737793,0.21247248351573944
smollm2_360m_base,official_language:1,official_language,raw_question,16,243.17127990722656,39.74763107299805,0.20835551619529724
smollm2_360m_base,official_language:1,official_language,raw_question,17,253.2511749267578,32.98355484008789,0.19983002543449402
smollm2_360m_base,official_language:1,official_language,raw_question,18,249.8188018798828,40.5096549987793,0.20191216468811035
smollm2_360m_base,official_language:1,official_language,raw_question,19,269.7568359375,26.04234504699707,0.22531437873840332
smollm2_360m_base,official_language:1,official_language,raw_question,20,279.2138366699219,26.40370750427246,0.24271473288536072
smollm2_360m_base,official_language:1,official_language,raw_question,21,346.0146179199219,47.26978302001953,0.26683568954467773
smollm2_360m_base,official_language:1,official_language,raw_question,22,374.506103515625,39.57902526855469,0.32505542039871216
smollm2_360m_base,official_language:1,official_language,raw_question,23,414.727783203125,43.45819091796875,0.29699018597602844
smollm2_360m_base,official_language:1,official_language,raw_question,24,501.15753173828125,51.14691162109375,0.3329078257083893
smollm2_360m_base,official_language:1,official_language,raw_question,25,565.0687866210938,26.830764770507812,0.3219180703163147
smollm2_360m_base,official_language:1,official_language,raw_question,26,693.5973510742188,76.62757110595703,0.2950156331062317
smollm2_360m_base,official_language:1,official_language,raw_question,27,800.8074340820312,67.39163208007812,0.2653794288635254
smollm2_360m_base,official_language:1,official_language,raw_question,28,905.4674682617188,74.82131958007812,0.2538018822669983
smollm2_360m_base,official_language:1,official_language,raw_question,29,1080.740234375,135.55926513671875,0.2730451226234436
smollm2_360m_base,official_language:1,official_language,raw_question,30,1203.7286376953125,94.90058135986328,0.318755567073822
smollm2_360m_base,official_language:1,official_language,raw_question,31,63.32097625732422,130.86492919921875,0.5683143734931946
smollm2_360m_base,official_language:1,official_language,declarative,0,58.17367172241211,4.649107933044434,0.07557889074087143
smollm2_360m_base,official_language:1,official_language,declarative,1,84.71992492675781,18.816104888916016,0.10278917849063873
smollm2_360m_base,official_language:1,official_language,declarative,2,95.4607162475586,16.380159378051758,0.12898218631744385
smollm2_360m_base,official_language:1,official_language,declarative,3,88.27369689941406,24.488271713256836,0.14738935232162476
smollm2_360m_base,official_language:1,official_language,declarative,4,105.50653839111328,18.442689895629883,0.1658727526664734
smollm2_360m_base,official_language:1,official_language,declarative,5,120.3775634765625,18.778261184692383,0.16071417927742004
smollm2_360m_base,official_language:1,official_language,declarative,6,133.94493103027344,10.74314022064209,0.16183802485466003
smollm2_360m_base,official_language:1,official_language,declarative,7,148.1131134033203,25.179994583129883,0.18153497576713562
smollm2_360m_base,official_language:1,official_language,declarative,8,161.4182586669922,30.943113327026367,0.22108010947704315
smollm2_360m_base,official_language:1,official_language,declarative,9,172.91189575195312,11.785589218139648,0.20630593597888947
smollm2_360m_base,official_language:1,official_language,declarative,10,173.9539794921875,11.490344047546387,0.1833174228668213
smollm2_360m_base,official_language:1,official_language,declarative,11,182.79042053222656,14.976004600524902,0.18868617713451385
smollm2_360m_base,official_language:1,official_language,declarative,12,181.5453338623047,19.15937042236328,0.19045618176460266
smollm2_360m_base,official_language:1,official_language,declarative,13,181.9615936279297,22.09537696838379,0.18095137178897858
smollm2_360m_base,official_language:1,official_language,declarative,14,193.37193298339844,40.34531784057617,0.19583362340927124
smollm2_360m_base,official_language:1,official_language,declarative,15,209.90916442871094,38.394168853759766,0.20880036056041718
smollm2_360m_base,official_language:1,official_language,declarative,16,243.0105438232422,43.29023742675781,0.22313332557678223
smollm2_360m_base,official_language:1,official_language,declarative,17,254.22019958496094,34.17201614379883,0.217833012342453
smollm2_360m_base,official_language:1,official_language,declarative,18,246.65643310546875,46.15199279785156,0.21854297816753387
smollm2_360m_base,official_language:1,official_language,declarative,19,264.5983581542969,29.13233184814453,0.23111772537231445
smollm2_360m_base,official_language:1,official_language,declarative,20,277.40130615234375,26.775299072265625,0.24999313056468964
smollm2_360m_base,official_language:1,official_language,declarative,21,332.59014892578125,42.510475158691406,0.27525797486305237
smollm2_360m_base,official_language:1,official_language,declarative,22,361.39263916015625,38.77774429321289,0.3619578778743744
smollm2_360m_base,official_language:1,official_language,declarative,23,421.7573547363281,126.12680053710938,0.3284338116645813
smollm2_360m_base,official_language:1,official_language,declarative,24,553.9363403320312,84.02194213867188,0.3319007456302643
smollm2_360m_base,official_language:1,official_language,declarative,25,591.6513061523438,51.96572494506836,0.36436158418655396
smollm2_360m_base,official_language:1,official_language,declarative,26,753.84521484375,154.78831481933594,0.3583475351333618
smollm2_360m_base,official_language:1,official_language,declarative,27,900.6698608398438,155.9561004638672,0.3857746720314026
smollm2_360m_base,official_language:1,official_language,declarative,28,982.162353515625,99.72687530517578,0.46295031905174255
smollm2_360m_base,official_language:1,official_language,declarative,29,1197.848388671875,104.93704223632812,0.5554046034812927
smollm2_360m_base,official_language:1,official_language,declarative,30,1331.7445068359375,123.80474090576172,0.5697557926177979
smollm2_360m_base,official_language:1,official_language,declarative,31,52.466331481933594,177.40725708007812,0.7236161231994629
smollm2_360m_base,official_language:1,official_language,qa,0,54.0546875,4.685580730438232,0.07498480379581451
smollm2_360m_base,official_language:1,official_language,qa,1,70.63641357421875,16.212404251098633,0.12912558019161224
smollm2_360m_base,official_language:1,official_language,qa,2,85.3377456665039,15.559271812438965,0.1405278742313385
smollm2_360m_base,official_language:1,official_language,qa,3,100.91853332519531,15.43778133392334,0.1671748161315918
smollm2_360m_base,official_language:1,official_language,qa,4,106.69740295410156,17.554800033569336,0.1785069704055786
smollm2_360m_base,official_language:1,official_language,qa,5,117.19349670410156,17.73295021057129,0.1711207926273346
smollm2_360m_base,official_language:1,official_language,qa,6,151.23851013183594,38.9853401184082,0.19856111705303192
smollm2_360m_base,official_language:1,official_language,qa,7,164.68653869628906,25.78910255432129,0.2074507474899292
smollm2_360m_base,official_language:1,official_language,qa,8,163.6759796142578,21.714433670043945,0.21130986511707306
smollm2_360m_base,official_language:1,official_language,qa,9,179.56166076660156,31.188161849975586,0.20575180649757385
smollm2_360m_base,official_language:1,official_language,qa,10,173.73402404785156,20.175304412841797,0.19083759188652039
smollm2_360m_base,official_language:1,official_language,qa,11,176.63275146484375,15.014472007751465,0.20525407791137695
smollm2_360m_base,official_language:1,official_language,qa,12,186.4055633544922,24.515666961669922,0.20722992718219757
smollm2_360m_base,official_language:1,official_language,qa,13,195.687255859375,18.674301147460938,0.19872066378593445
smollm2_360m_base,official_language:1,official_language,qa,14,199.6763916015625,25.77161979675293,0.19898465275764465
smollm2_360m_base,official_language:1,official_language,qa,15,208.9707794189453,31.566190719604492,0.19927208125591278
smollm2_360m_base,official_language:1,official_language,qa,16,229.96307373046875,36.24690628051758,0.21397027373313904
smollm2_360m_base,official_language:1,official_language,qa,17,244.3884735107422,27.06005096435547,0.21027684211730957
smollm2_360m_base,official_language:1,official_language,qa,18,244.4009552001953,36.241493225097656,0.21530422568321228
smollm2_360m_base,official_language:1,official_language,qa,19,257.1580810546875,29.579818725585938,0.2283376157283783
smollm2_360m_base,official_language:1,official_language,qa,20,268.8113708496094,37.310306549072266,0.254208505153656
smollm2_360m_base,official_language:1,official_language,qa,21,341.8157958984375,51.916786193847656,0.28081926703453064
smollm2_360m_base,official_language:1,official_language,qa,22,365.78515625,48.696014404296875,0.3771120607852936
smollm2_360m_base,official_language:1,official_language,qa,23,430.3515319824219,143.16329956054688,0.33868464827537537
smollm2_360m_base,official_language:1,official_language,qa,24,584.8882446289062,88.09073638916016,0.36070892214775085
smollm2_360m_base,official_language:1,official_language,qa,25,651.265869140625,53.707088470458984,0.3918188214302063
smollm2_360m_base,official_language:1,official_language,qa,26,799.1797485351562,153.20274353027344,0.3558662533760071
smollm2_360m_base,official_language:1,official_language,qa,27,931.2570190429688,155.39881896972656,0.34367460012435913
smollm2_360m_base,official_language:1,official_language,qa,28,1046.9879150390625,116.58648681640625,0.3840753436088562
smollm2_360m_base,official_language:1,official_language,qa,29,1288.1051025390625,134.06153869628906,0.4448576867580414
smollm2_360m_base,official_language:1,official_language,qa,30,1429.617431640625,130.66917419433594,0.4850570559501648
smollm2_360m_base,official_language:1,official_language,qa,31,63.93611145019531,161.56533813476562,0.6904687881469727
smollm2_360m_base,official_language:1,official_language,chat_template,0,51.11682891845703,4.919528961181641,0.06999808549880981
smollm2_360m_base,official_language:1,official_language,chat_template,1,70.82479858398438,17.89535903930664,0.08848364651203156
smollm2_360m_base,official_language:1,official_language,chat_template,2,79.66449737548828,10.714015007019043,0.11649100482463837
smollm2_360m_base,official_language:1,official_language,chat_template,3,92.62244415283203,15.25130844116211,0.14171764254570007
smollm2_360m_base,official_language:1,official_language,chat_template,4,104.87091827392578,18.247373580932617,0.16070672869682312
smollm2_360m_base,official_language:1,official_language,chat_template,5,116.3453140258789,14.137879371643066,0.1577131450176239
smollm2_360m_base,official_language:1,official_language,chat_template,6,126.83036041259766,23.875768661499023,0.16935643553733826
smollm2_360m_base,official_language:1,official_language,chat_template,7,147.96331787109375,25.11077880859375,0.19042503833770752
smollm2_360m_base,official_language:1,official_language,chat_template,8,158.02120971679688,28.81377601623535,0.220293790102005
smollm2_360m_base,official_language:1,official_language,chat_template,9,167.60089111328125,25.091176986694336,0.20609745383262634
smollm2_360m_base,official_language:1,official_language,chat_template,10,167.40447998046875,14.708166122436523,0.1735270917415619
smollm2_360m_base,official_language:1,official_language,chat_template,11,179.8633575439453,21.129032135009766,0.18732969462871552
smollm2_360m_base,official_language:1,official_language,chat_template,12,184.497314453125,21.709379196166992,0.19900283217430115
smollm2_360m_base,official_language:1,official_language,chat_template,13,191.56260681152344,22.823266983032227,0.19606956839561462
smollm2_360m_base,official_language:1,official_language,chat_template,14,205.83021545410156,27.34304428100586,0.19784922897815704
smollm2_360m_base,official_language:1,official_language,chat_template,15,216.54966735839844,26.532243728637695,0.201256662607193
smollm2_360m_base,official_language:1,official_language,chat_template,16,243.74566650390625,36.68855285644531,0.21904154121875763
smollm2_360m_base,official_language:1,official_language,chat_template,17,270.8692321777344,45.96311569213867,0.24236544966697693
smollm2_360m_base,official_language:1,official_language,chat_template,18,277.64703369140625,50.81024169921875,0.2376183569431305
smollm2_360m_base,official_language:1,official_language,chat_template,19,273.77490234375,29.021282196044922,0.2535601556301117
smollm2_360m_base,official_language:1,official_language,chat_template,20,285.8621520996094,31.234153747558594,0.2698344886302948
smollm2_360m_base,official_language:1,official_language,chat_template,21,347.4632873535156,62.47753143310547,0.2966712415218353
smollm2_360m_base,official_language:1,official_language,chat_template,22,369.13641357421875,49.660606384277344,0.3888363838195801
smollm2_360m_base,official_language:1,official_language,chat_template,23,426.582275390625,113.78826904296875,0.33243900537490845
smollm2_360m_base,official_language:1,official_language,chat_template,24,550.4620361328125,92.99420928955078,0.35409635305404663
smollm2_360m_base,official_language:1,official_language,chat_template,25,639.5137939453125,59.118003845214844,0.3839758336544037
smollm2_360m_base,official_language:1,official_language,chat_template,26,795.7970581054688,138.271484375,0.34687185287475586
smollm2_360m_base,official_language:1,official_language,chat_template,27,933.02099609375,139.95565795898438,0.3177337646484375
smollm2_360m_base,official_language:1,official_language,chat_template,28,1046.714111328125,133.395263671875,0.3416486382484436
smollm2_360m_base,official_language:1,official_language,chat_template,29,1287.533447265625,169.0248565673828,0.38558459281921387
smollm2_360m_base,official_language:1,official_language,chat_template,30,1445.623779296875,124.59114074707031,0.44046705961227417
smollm2_360m_base,official_language:1,official_language,chat_template,31,66.65192413330078,174.5229034423828,0.6814042329788208
smollm2_360m_base,official_language:2,official_language,raw_question,0,64.15483856201172,4.435308456420898,0.0958523228764534
smollm2_360m_base,official_language:2,official_language,raw_question,1,83.72846984863281,14.878156661987305,0.09647399187088013
smollm2_360m_base,official_language:2,official_language,raw_question,2,97.1838150024414,14.87793254852295,0.12596610188484192
smollm2_360m_base,official_language:2,official_language,raw_question,3,84.30912017822266,17.610105514526367,0.13297945261001587
smollm2_360m_base,official_language:2,official_language,raw_question,4,98.2391128540039,19.26712989807129,0.158411905169487
smollm2_360m_base,official_language:2,official_language,raw_question,5,115.0059585571289,19.702327728271484,0.16062696278095245
smollm2_360m_base,official_language:2,official_language,raw_question,6,130.33853149414062,10.171172142028809,0.17152613401412964
smollm2_360m_base,official_language:2,official_language,raw_question,7,145.25009155273438,23.40771484375,0.19339969754219055
smollm2_360m_base,official_language:2,official_language,raw_question,8,155.15963745117188,16.895614624023438,0.20701518654823303
smollm2_360m_base,official_language:2,official_language,raw_question,9,163.04405212402344,13.724042892456055,0.2052799016237259
smollm2_360m_base,official_language:2,official_language,raw_question,10,165.20509338378906,14.414807319641113,0.18128681182861328
smollm2_360m_base,official_language:2,official_language,raw_question,11,184.54148864746094,20.821746826171875,0.20017261803150177
smollm2_360m_base,official_language:2,official_language,raw_question,12,187.66482543945312,21.262277603149414,0.21365979313850403
smollm2_360m_base,official_language:2,official_language,raw_question,13,188.16091918945312,25.8332576751709,0.19998803734779358
smollm2_360m_base,official_language:2,official_language,raw_question,14,201.6453857421875,36.99797821044922,0.2052595615386963
smollm2_360m_base,official_language:2,official_language,raw_question,15,223.6665496826172,40.17871856689453,0.21191509068012238
smollm2_360m_base,official_language:2,official_language,raw_question,16,241.50778198242188,38.43041229248047,0.2063130885362625
smollm2_360m_base,official_language:2,official_language,raw_question,17,250.58717346191406,34.55984878540039,0.20044314861297607
smollm2_360m_base,official_language:2,official_language,raw_question,18,250.5530242919922,37.876129150390625,0.20430441200733185
smollm2_360m_base,official_language:2,official_language,raw_question,19,270.5046691894531,25.715145111083984,0.22651353478431702
smollm2_360m_base,official_language:2,official_language,raw_question,20,277.3729553222656,26.665180206298828,0.2437378615140915
smollm2_360m_base,official_language:2,official_language,raw_question,21,343.14459228515625,46.539337158203125,0.266645610332489
smollm2_360m_base,official_language:2,official_language,raw_question,22,373.1935729980469,38.91340637207031,0.32912755012512207
smollm2_360m_base,official_language:2,official_language,raw_question,23,417.9569091796875,49.00012969970703,0.29629549384117126
smollm2_360m_base,official_language:2,official_language,raw_question,24,502.68096923828125,58.675384521484375,0.32285022735595703
smollm2_360m_base,official_language:2,official_language,raw_question,25,567.4705810546875,25.022048950195312,0.31746023893356323
smollm2_360m_base,official_language:2,official_language,raw_question,26,689.9840087890625,87.04191589355469,0.2946539521217346
smollm2_360m_base,official_language:2,official_language,raw_question,27,806.3485717773438,56.28260040283203,0.2674604058265686
smollm2_360m_base,official_language:2,official_language,raw_question,28,907.9177856445312,74.6468505859375,0.25874805450439453
smollm2_360m_base,official_language:2,official_language,raw_question,29,1102.343017578125,159.24777221679688,0.28561025857925415
smollm2_360m_base,official_language:2,official_language,raw_question,30,1231.91943359375,106.06623077392578,0.3327845633029938
smollm2_360m_base,official_language:2,official_language,raw_question,31,61.91869354248047,125.74360656738281,0.5801693201065063
smollm2_360m_base,official_language:2,official_language,declarative,0,58.692718505859375,4.695302963256836,0.07565824687480927
smollm2_360m_base,official_language:2,official_language,declarative,1,85.24065399169922,17.61127281188965,0.10233092308044434
smollm2_360m_base,official_language:2,official_language,declarative,2,96.54951477050781,16.95176124572754,0.1324252039194107
smollm2_360m_base,official_language:2,official_language,declarative,3,88.55093383789062,24.573490142822266,0.1480591595172882
smollm2_360m_base,official_language:2,official_language,declarative,4,106.78485107421875,19.454816818237305,0.16646522283554077
smollm2_360m_base,official_language:2,official_language,declarative,5,120.53205108642578,18.322731018066406,0.15913893282413483
smollm2_360m_base,official_language:2,official_language,declarative,6,133.90249633789062,10.399717330932617,0.16063575446605682
smollm2_360m_base,official_language:2,official_language,declarative,7,148.5457000732422,23.41767692565918,0.17984965443611145
smollm2_360m_base,official_language:2,official_language,declarative,8,162.68775939941406,30.03761863708496,0.21767596900463104
smollm2_360m_base,official_language:2,official_language,declarative,9,172.03244018554688,11.24950122833252,0.20299820601940155
smollm2_360m_base,official_language:2,official_language,declarative,10,174.3105010986328,10.255487442016602,0.17744071781635284
smollm2_360m_base,official_language:2,official_language,declarative,11,182.84194946289062,15.005288124084473,0.1843152493238449
smollm2_360m_base,official_language:2,official_language,declarative,12,182.63848876953125,18.98954963684082,0.18925946950912476
smollm2_360m_base,official_language:2,official_language,declarative,13,182.42967224121094,22.4547176361084,0.18121333420276642
smollm2_360m_base,official_language:2,official_language,declarative,14,194.00074768066406,40.09786605834961,0.1970152109861374
smollm2_360m_base,official_language:2,official_language,declarative,15,211.02391052246094,38.98801040649414,0.21047286689281464
smollm2_360m_base,official_language:2,official_language,declarative,16,240.8504180908203,39.911903381347656,0.21938005089759827
smollm2_360m_base,official_language:2,official_language,declarative,17,252.0531768798828,35.17512512207031,0.21720477938652039
smollm2_360m_base,official_language:2,official_language,declarative,18,246.06954956054688,42.51353073120117,0.21681174635887146
smollm2_360m_base,official_language:2,official_language,declarative,19,264.5949401855469,28.949663162231445,0.22968025505542755
smollm2_360m_base,official_language:2,official_language,declarative,20,277.5075988769531,26.910560607910156,0.24991969764232635
smollm2_360m_base,official_language:2,official_language,declarative,21,329.9277038574219,41.72892379760742,0.27266010642051697
smollm2_360m_base,official_language:2,official_language,declarative,22,360.0632019042969,37.82798767089844,0.3574598431587219
smollm2_360m_base,official_language:2,official_language,declarative,23,420.407958984375,128.16650390625,0.3279741406440735
smollm2_360m_base,official_language:2,official_language,declarative,24,547.5139770507812,85.46221160888672,0.3278622031211853
smollm2_360m_base,official_language:2,official_language,declarative,25,593.50439453125,51.371707916259766,0.36494937539100647
smollm2_360m_base,official_language:2,official_language,declarative,26,755.8682861328125,148.73922729492188,0.3575630486011505
smollm2_360m_base,official_language:2,official_language,declarative,27,910.6064453125,91.28863525390625,0.40647006034851074
smollm2_360m_base,official_language:2,official_language,declarative,28,1011.6172485351562,73.07292175292969,0.4497946798801422
smollm2_360m_base,official_language:2,official_language,declarative,29,1235.1632080078125,137.83584594726562,0.558976948261261
smollm2_360m_base,official_language:2,official_language,declarative,30,1327.345458984375,93.1012954711914,0.6150031685829163
smollm2_360m_base,official_language:2,official_language,declarative,31,49.93771743774414,154.79441833496094,0.7359521985054016
smollm2_360m_base,official_language:2,official_language,qa,0,54.47636795043945,4.656630992889404,0.07541073858737946
smollm2_360m_base,official_language:2,official_language,qa,1,70.73784637451172,16.117591857910156,0.1295497864484787
smollm2_360m_base,official_language:2,official_language,qa,2,85.47698974609375,15.490262985229492,0.14073288440704346
smollm2_360m_base,official_language:2,official_language,qa,3,100.89505004882812,15.445944786071777,0.16723495721817017
smollm2_360m_base,official_language:2,official_language,qa,4,107.29886627197266,17.798358917236328,0.17860408127307892
smollm2_360m_base,official_language:2,official_language,qa,5,117.71471405029297,17.635583877563477,0.17133107781410217
smollm2_360m_base,official_language:2,official_language,qa,6,151.27493286132812,38.83342361450195,0.1984342485666275
smollm2_360m_base,official_language:2,official_language,qa,7,164.1717071533203,25.93319320678711,0.20776152610778809
smollm2_360m_base,official_language:2,official_language,qa,8,164.24029541015625,22.610349655151367,0.21135160326957703
smollm2_360m_base,official_language:2,official_language,qa,9,179.94017028808594,31.598730087280273,0.20586156845092773
smollm2_360m_base,official_language:2,official_language,qa,10,175.18441772460938,20.10931968688965,0.1899050772190094
smollm2_360m_base,official_language:2,official_language,qa,11,178.11463928222656,15.239818572998047,0.2042223960161209
smollm2_360m_base,official_language:2,official_language,qa,12,186.7156982421875,24.13155746459961,0.20600943267345428
smollm2_360m_base,official_language:2,official_language,qa,13,195.12210083007812,18.50830078125,0.19844749569892883
smollm2_360m_base,official_language:2,official_language,qa,14,200.01438903808594,25.057907104492188,0.19772681593894958
smollm2_360m_base,official_language:2,official_language,qa,15,209.18785095214844,31.33774185180664,0.19904300570487976
smollm2_360m_base,official_language:2,official_language,qa,16,228.41371154785156,34.76603317260742,0.21120810508728027
smollm2_360m_base,official_language:2,official_language,qa,17,245.01780700683594,26.628549575805664,0.2098579853773117
smollm2_360m_base,official_language:2,official_language,qa,18,245.70791625976562,35.40791702270508,0.21346740424633026
smollm2_360m_base,official_language:2,official_language,qa,19,258.6313781738281,29.324174880981445,0.22621497511863708
smollm2_360m_base,official_language:2,official_language,qa,20,269.5073547363281,36.85125732421875,0.2529624402523041
smollm2_360m_base,official_language:2,official_language,qa,21,341.1800537109375,51.135684967041016,0.2790304720401764
smollm2_360m_base,official_language:2,official_language,qa,22,365.89874267578125,48.48869323730469,0.37615257501602173
smollm2_360m_base,official_language:2,official_language,qa,23,429.8122863769531,144.68226623535156,0.33914661407470703
smollm2_360m_base,official_language:2,official_language,qa,24,578.62841796875,88.9924087524414,0.35894718766212463
smollm2_360m_base,official_language:2,official_language,qa,25,648.0205078125,51.97242736816406,0.3946619927883148
smollm2_360m_base,official_language:2,official_language,qa,26,791.8319091796875,152.50424194335938,0.3591039776802063
smollm2_360m_base,official_language:2,official_language,qa,27,943.3612670898438,118.72755432128906,0.3607351779937744
smollm2_360m_base,official_language:2,official_language,qa,28,1061.461669921875,106.43096160888672,0.3877692222595215
smollm2_360m_base,official_language:2,official_language,qa,29,1301.84375,155.0430450439453,0.47712230682373047
smollm2_360m_base,official_language:2,official_language,qa,30,1432.632568359375,123.3753662109375,0.5249751210212708
smollm2_360m_base,official_language:2,official_language,qa,31,60.01137161254883,135.0968017578125,0.7091995477676392
smollm2_360m_base,official_language:2,official_language,chat_template,0,51.118690490722656,4.9193925857543945,0.06980707496404648
smollm2_360m_base,official_language:2,official_language,chat_template,1,70.8298568725586,17.84969711303711,0.08842376619577408
smollm2_360m_base,official_language:2,official_language,chat_template,2,79.94366455078125,10.754029273986816,0.11634112894535065
smollm2_360m_base,official_language:2,official_language,chat_template,3,92.58856964111328,15.152105331420898,0.14152681827545166
smollm2_360m_base,official_language:2,official_language,chat_template,4,105.19120788574219,18.045944213867188,0.1595543622970581
smollm2_360m_base,official_language:2,official_language,chat_template,5,116.66972351074219,14.526562690734863,0.1570914089679718
smollm2_360m_base,official_language:2,official_language,chat_template,6,127.7608642578125,24.977867126464844,0.16881969571113586
smollm2_360m_base,official_language:2,official_language,chat_template,7,148.75657653808594,25.173486709594727,0.1903020441532135
smollm2_360m_base,official_language:2,official_language,chat_template,8,159.12100219726562,28.945924758911133,0.22011008858680725
smollm2_360m_base,official_language:2,official_language,chat_template,9,167.72915649414062,24.262474060058594,0.20426149666309357
smollm2_360m_base,official_language:2,official_language,chat_template,10,167.20361328125,14.281658172607422,0.17091068625450134
smollm2_360m_base,official_language:2,official_language,chat_template,11,179.07925415039062,20.538122177124023,0.18537449836730957
smollm2_360m_base,official_language:2,official_language,chat_template,12,182.93687438964844,21.448711395263672,0.19684414565563202
smollm2_360m_base,official_language:2,official_language,chat_template,13,190.9462890625,22.650794982910156,0.19576163589954376
smollm2_360m_base,official_language:2,official_language,chat_template,14,207.44764709472656,27.984643936157227,0.19780364632606506
smollm2_360m_base,official_language:2,official_language,chat_template,15,218.572021484375,26.448165893554688,0.20125699043273926
smollm2_360m_base,official_language:2,official_language,chat_template,16,245.45889282226562,36.8221549987793,0.2176820933818817
smollm2_360m_base,official_language:2,official_language,chat_template,17,272.30975341796875,45.89336013793945,0.23981289565563202
smollm2_360m_base,official_language:2,official_language,chat_template,18,279.19989013671875,51.069549560546875,0.23537877202033997
smollm2_360m_base,official_language:2,official_language,chat_template,19,275.3881530761719,28.71792984008789,0.25098472833633423
smollm2_360m_base,official_language:2,official_language,chat_template,20,286.2682189941406,31.380022048950195,0.26900163292884827
smollm2_360m_base,official_language:2,official_language,chat_template,21,346.8638916015625,62.186370849609375,0.29610714316368103
smollm2_360m_base,official_language:2,official_language,chat_template,22,369.57568359375,48.79017639160156,0.387391060590744
smollm2_360m_base,official_language:2,official_language,chat_template,23,426.18902587890625,112.3138427734375,0.33093151450157166
smollm2_360m_base,official_language:2,official_language,chat_template,24,549.9174194335938,90.49726867675781,0.3548116981983185
smollm2_360m_base,official_language:2,official_language,chat_template,25,638.9164428710938,53.444576263427734,0.3856390416622162
smollm2_360m_base,official_language:2,official_language,chat_template,26,787.4722290039062,123.8710708618164,0.3503972887992859
smollm2_360m_base,official_language:2,official_language,chat_template,27,933.0875244140625,107.61981201171875,0.32142502069473267
smollm2_360m_base,official_language:2,official_language,chat_template,28,1042.8377685546875,129.688720703125,0.3356338143348694
smollm2_360m_base,official_language:2,official_language,chat_template,29,1296.3914794921875,187.79595947265625,0.3947431743144989
smollm2_360m_base,official_language:2,official_language,chat_template,30,1454.57470703125,126.57569885253906,0.4507427215576172
smollm2_360m_base,official_language:2,official_language,chat_template,31,65.76619720458984,156.80760192871094,0.6848074197769165
smollm2_360m_base,official_language:3,official_language,raw_question,0,65.398681640625,4.54098653793335,0.09608528763055801
smollm2_360m_base,official_language:3,official_language,raw_question,1,82.82179260253906,13.992218971252441,0.09744508564472198
smollm2_360m_base,official_language:3,official_language,raw_question,2,96.24263000488281,14.532501220703125,0.12601888179779053
smollm2_360m_base,official_language:3,official_language,raw_question,3,82.11116027832031,16.238597869873047,0.13586094975471497
smollm2_360m_base,official_language:3,official_language,raw_question,4,96.09574890136719,16.065065383911133,0.1525440514087677
smollm2_360m_base,official_language:3,official_language,raw_question,5,115.87085723876953,24.49797821044922,0.1575634926557541
smollm2_360m_base,official_language:3,official_language,raw_question,6,131.1321563720703,10.195561408996582,0.16962309181690216
smollm2_360m_base,official_language:3,official_language,raw_question,7,146.35537719726562,24.6190128326416,0.19318640232086182
smollm2_360m_base,official_language:3,official_language,raw_question,8,155.67422485351562,16.73618507385254,0.20171360671520233
smollm2_360m_base,official_language:3,official_language,raw_question,9,163.23715209960938,17.147411346435547,0.20365619659423828
smollm2_360m_base,official_language:3,official_language,raw_question,10,163.15383911132812,13.818614959716797,0.17689014971256256
smollm2_360m_base,official_language:3,official_language,raw_question,11,178.7854461669922,18.983295440673828,0.19468355178833008
smollm2_360m_base,official_language:3,official_language,raw_question,12,182.99729919433594,21.586502075195312,0.21123072504997253
smollm2_360m_base,official_language:3,official_language,raw_question,13,181.1839141845703,26.02603530883789,0.19504979252815247
smollm2_360m_base,official_language:3,official_language,raw_question,14,192.3844451904297,36.71490478515625,0.19974270462989807
smollm2_360m_base,official_language:3,official_language,raw_question,15,220.13699340820312,43.14154815673828,0.21403007209300995
smollm2_360m_base,official_language:3,official_language,raw_question,16,241.17529296875,41.46516418457031,0.21700140833854675
smollm2_360m_base,official_language:3,official_language,raw_question,17,252.07025146484375,32.482078552246094,0.20695415139198303
smollm2_360m_base,official_language:3,official_language,raw_question,18,251.0924835205078,40.27757263183594,0.20780403912067413
smollm2_360m_base,official_language:3,official_language,raw_question,19,271.5619812011719,26.52186393737793,0.2295062094926834
smollm2_360m_base,official_language:3,official_language,raw_question,20,280.6087341308594,27.18355369567871,0.24709565937519073
smollm2_360m_base,official_language:3,official_language,raw_question,21,350.9120178222656,51.512290954589844,0.2732442617416382
smollm2_360m_base,official_language:3,official_language,raw_question,22,376.6090393066406,39.10017395019531,0.32584506273269653
smollm2_360m_base,official_language:3,official_language,raw_question,23,418.0299072265625,48.74628448486328,0.2987169623374939
smollm2_360m_base,official_language:3,official_language,raw_question,24,508.0281982421875,50.505619049072266,0.33290737867355347
smollm2_360m_base,official_language:3,official_language,raw_question,25,572.5781860351562,29.65004539489746,0.3213583827018738
smollm2_360m_base,official_language:3,official_language,raw_question,26,705.4879760742188,76.65565490722656,0.29699477553367615
smollm2_360m_base,official_language:3,official_language,raw_question,27,812.8392944335938,56.65955352783203,0.2567097544670105
smollm2_360m_base,official_language:3,official_language,raw_question,28,917.8217163085938,86.9896240234375,0.24903206527233124
smollm2_360m_base,official_language:3,official_language,raw_question,29,1086.1578369140625,147.29705810546875,0.270277738571167
smollm2_360m_base,official_language:3,official_language,raw_question,30,1217.2720947265625,115.77812194824219,0.3212842345237732
smollm2_360m_base,official_language:3,official_language,raw_question,31,64.38765716552734,123.4697036743164,0.5613753199577332
smollm2_360m_base,official_language:3,official_language,declarative,0,61.02363586425781,4.759696006774902,0.07197342813014984
smollm2_360m_base,official_language:3,official_language,declarative,1,84.4791488647461,16.36133575439453,0.10046280920505524
smollm2_360m_base,official_language:3,official_language,declarative,2,95.46174621582031,14.788650512695312,0.12396575510501862
smollm2_360m_base,official_language:3,official_language,declarative,3,87.5682144165039,22.817501068115234,0.15145105123519897
smollm2_360m_base,official_language:3,official_language,declarative,4,104.95166778564453,17.927846908569336,0.15991395711898804
smollm2_360m_base,official_language:3,official_language,declarative,5,117.7390365600586,19.763395309448242,0.15499140322208405
smollm2_360m_base,official_language:3,official_language,declarative,6,132.58734130859375,10.781982421875,0.15796729922294617
smollm2_360m_base,official_language:3,official_language,declarative,7,147.3402557373047,25.798412322998047,0.18174636363983154
smollm2_360m_base,official_language:3,official_language,declarative,8,159.91445922851562,29.243839263916016,0.2173074185848236
smollm2_360m_base,official_language:3,official_language,declarative,9,172.14846801757812,16.93224334716797,0.2011900395154953
smollm2_360m_base,official_language:3,official_language,declarative,10,175.10353088378906,10.561786651611328,0.17829732596874237
smollm2_360m_base,official_language:3,official_language,declarative,11,183.23175048828125,12.502636909484863,0.1828063279390335
smollm2_360m_base,official_language:3,official_language,declarative,12,181.81344604492188,18.299152374267578,0.18857736885547638
smollm2_360m_base,official_language:3,official_language,declarative,13,180.6021270751953,22.98248291015625,0.18007610738277435
smollm2_360m_base,official_language:3,official_language,declarative,14,192.3084259033203,38.28882598876953,0.19441434741020203
smollm2_360m_base,official_language:3,official_language,declarative,15,211.36083984375,40.13402557373047,0.2091306447982788
smollm2_360m_base,official_language:3,official_language,declarative,16,242.99842834472656,43.34602355957031,0.22944283485412598
smollm2_360m_base,official_language:3,official_language,declarative,17,252.81402587890625,32.13665008544922,0.22236958146095276
smollm2_360m_base,official_language:3,official_language,declarative,18,247.09860229492188,47.17113494873047,0.22446489334106445
smollm2_360m_base,official_language:3,official_language,declarative,19,261.22320556640625,28.904273986816406,0.2352624237537384
smollm2_360m_base,official_language:3,official_language,declarative,20,271.9102783203125,27.18842887878418,0.2537824809551239
smollm2_360m_base,official_language:3,official_language,declarative,21,329.0572509765625,46.90092849731445,0.27860498428344727
smollm2_360m_base,official_language:3,official_language,declarative,22,345.3846130371094,39.81330108642578,0.3611660599708557
smollm2_360m_base,official_language:3,official_language,declarative,23,410.6580810546875,130.04403686523438,0.33076637983322144
smollm2_360m_base,official_language:3,official_language,declarative,24,550.4824829101562,88.68476104736328,0.3344624936580658
smollm2_360m_base,official_language:3,official_language,declarative,25,597.424072265625,65.68417358398438,0.3652799129486084
smollm2_360m_base,official_language:3,official_language,declarative,26,750.0528564453125,175.5415496826172,0.3527282774448395
smollm2_360m_base,official_language:3,official_language,declarative,27,892.5797729492188,129.52891540527344,0.3818829655647278
smollm2_360m_base,official_language:3,official_language,declarative,28,1011.5118408203125,105.83740997314453,0.42139285802841187
smollm2_360m_base,official_language:3,official_language,declarative,29,1235.9464111328125,122.24507141113281,0.5224858522415161
smollm2_360m_base,official_language:3,official_language,declarative,30,1358.026611328125,124.6842041015625,0.5725177526473999
smollm2_360m_base,official_language:3,official_language,declarative,31,50.53853988647461,155.95343017578125,0.7235475778579712
smollm2_360m_base,official_language:3,official_language,qa,0,53.895259857177734,4.705276966094971,0.07426721602678299
smollm2_360m_base,official_language:3,official_language,qa,1,69.77564239501953,15.81958293914795,0.12735259532928467
smollm2_360m_base,official_language:3,official_language,qa,2,84.62107849121094,15.419358253479004,0.13884775340557098
smollm2_360m_base,official_language:3,official_language,qa,3,99.7857666015625,14.938074111938477,0.166111022233963
smollm2_360m_base,official_language:3,official_language,qa,4,105.98456573486328,17.253908157348633,0.1779143363237381
smollm2_360m_base,official_language:3,official_language,qa,5,118.61566162109375,19.423900604248047,0.17335739731788635
smollm2_360m_base,official_language:3,official_language,qa,6,152.9693603515625,39.68740463256836,0.2011270523071289
smollm2_360m_base,official_language:3,official_language,qa,7,166.80526733398438,27.082664489746094,0.21129445731639862
smollm2_360m_base,official_language:3,official_language,qa,8,164.40472412109375,22.01350975036621,0.2142103612422943
smollm2_360m_base,official_language:3,official_language,qa,9,179.6602325439453,32.21687698364258,0.20650646090507507
smollm2_360m_base,official_language:3,official_language,qa,10,175.08135986328125,19.49971580505371,0.18858377635478973
smollm2_360m_base,official_language:3,official_language,qa,11,179.52110290527344,14.726980209350586,0.20428676903247833
smollm2_360m_base,official_language:3,official_language,qa,12,191.4820098876953,27.460620880126953,0.20859503746032715
smollm2_360m_base,official_language:3,official_language,qa,13,198.18832397460938,18.919469833374023,0.19861365854740143
smollm2_360m_base,official_language:3,official_language,qa,14,201.11708068847656,24.549177169799805,0.1971057504415512
smollm2_360m_base,official_language:3,official_language,qa,15,211.8806915283203,32.3033332824707,0.19806772470474243
smollm2_360m_base,official_language:3,official_language,qa,16,236.03164672851562,38.63763427734375,0.21764126420021057
smollm2_360m_base,official_language:3,official_language,qa,17,246.3944854736328,26.239727020263672,0.213029146194458
smollm2_360m_base,official_language:3,official_language,qa,18,245.7545623779297,36.24836349487305,0.21325287222862244
smollm2_360m_base,official_language:3,official_language,qa,19,258.2225341796875,29.584980010986328,0.22663214802742004
smollm2_360m_base,official_language:3,official_language,qa,20,268.09283447265625,37.806243896484375,0.2541634142398834
smollm2_360m_base,official_language:3,official_language,qa,21,339.4739685058594,55.64236831665039,0.2808789312839508
smollm2_360m_base,official_language:3,official_language,qa,22,355.02630615234375,47.951271057128906,0.3763562738895416
smollm2_360m_base,official_language:3,official_language,qa,23,422.72821044921875,149.03521728515625,0.3416993021965027
smollm2_360m_base,official_language:3,official_language,qa,24,578.2047119140625,87.91532897949219,0.3645225167274475
smollm2_360m_base,official_language:3,official_language,qa,25,647.2409057617188,72.74884796142578,0.3937278389930725
smollm2_360m_base,official_language:3,official_language,qa,26,796.3186645507812,173.860107421875,0.35196393728256226
smollm2_360m_base,official_language:3,official_language,qa,27,931.2798461914062,99.5372314453125,0.3323667645454407
smollm2_360m_base,official_language:3,official_language,qa,28,1066.1737060546875,139.1616668701172,0.35469871759414673
smollm2_360m_base,official_language:3,official_language,qa,29,1287.1551513671875,152.55560302734375,0.4265550971031189
smollm2_360m_base,official_language:3,official_language,qa,30,1447.13671875,148.69512939453125,0.47488635778427124
smollm2_360m_base,official_language:3,official_language,qa,31,64.9350357055664,159.3839874267578,0.6768011450767517
smollm2_360m_base,official_language:3,official_language,chat_template,0,51.24235534667969,4.918288707733154,0.06992506980895996
smollm2_360m_base,official_language:3,official_language,chat_template,1,70.29923248291016,17.65567970275879,0.08816404640674591
smollm2_360m_base,official_language:3,official_language,chat_template,2,79.41940307617188,10.78828239440918,0.11619971692562103
smollm2_360m_base,official_language:3,official_language,chat_template,3,92.50199890136719,14.818540573120117,0.1414494514465332
smollm2_360m_base,official_language:3,official_language,chat_template,4,105.65672302246094,18.1392822265625,0.15958893299102783
smollm2_360m_base,official_language:3,official_language,chat_template,5,117.8019790649414,14.953857421875,0.1581277996301651
smollm2_360m_base,official_language:3,official_language,chat_template,6,127.21610260009766,22.895898818969727,0.1703910529613495
smollm2_360m_base,official_language:3,official_language,chat_template,7,147.65481567382812,23.74623680114746,0.18938694894313812
smollm2_360m_base,official_language:3,official_language,chat_template,8,157.9119873046875,27.290761947631836,0.21867895126342773
smollm2_360m_base,official_language:3,official_language,chat_template,9,168.09378051757812,24.807838439941406,0.20259353518486023
smollm2_360m_base,official_language:3,official_language,chat_template,10,168.39524841308594,14.212234497070312,0.16984397172927856
smollm2_360m_base,official_language:3,official_language,chat_template,11,180.6278533935547,20.74917984008789,0.18501794338226318
smollm2_360m_base,official_language:3,official_language,chat_template,12,185.6995391845703,20.51833724975586,0.19667193293571472
smollm2_360m_base,official_language:3,official_language,chat_template,13,194.5392608642578,23.627607345581055,0.19724872708320618
smollm2_360m_base,official_language:3,official_language,chat_template,14,209.74508666992188,26.827390670776367,0.1977469027042389
smollm2_360m_base,official_language:3,official_language,chat_template,15,219.24545288085938,26.909740447998047,0.20167236030101776
smollm2_360m_base,official_language:3,official_language,chat_template,16,248.2294464111328,37.12998962402344,0.22048167884349823
smollm2_360m_base,official_language:3,official_language,chat_template,17,270.616455078125,44.50945281982422,0.241775780916214
smollm2_360m_base,official_language:3,official_language,chat_template,18,276.7142028808594,50.012054443359375,0.23556208610534668
smollm2_360m_base,official_language:3,official_language,chat_template,19,273.46917724609375,28.453561782836914,0.25004976987838745
smollm2_360m_base,official_language:3,official_language,chat_template,20,285.9470520019531,31.476787567138672,0.2675321102142334
smollm2_360m_base,official_language:3,official_language,chat_template,21,344.9482116699219,60.24756622314453,0.2917831838130951
smollm2_360m_base,official_language:3,official_language,chat_template,22,367.8292236328125,48.63954544067383,0.38377127051353455
smollm2_360m_base,official_language:3,official_language,chat_template,23,426.3453369140625,105.36572265625,0.3282374441623688
smollm2_360m_base,official_language:3,official_language,chat_template,24,551.9495849609375,90.7930679321289,0.35401681065559387
smollm2_360m_base,official_language:3,official_language,chat_template,25,646.9732666015625,63.693138122558594,0.3816998600959778
smollm2_360m_base,official_language:3,official_language,chat_template,26,794.48828125,122.97625732421875,0.34133440256118774
smollm2_360m_base,official_language:3,official_language,chat_template,27,931.95654296875,109.1669692993164,0.29876893758773804
smollm2_360m_base,official_language:3,official_language,chat_template,28,1050.0084228515625,150.78564453125,0.30717307329177856
smollm2_360m_base,official_language:3,official_language,chat_template,29,1282.6412353515625,189.32461547851562,0.35228294134140015
smollm2_360m_base,official_language:3,official_language,chat_template,30,1458.2894287109375,151.58680725097656,0.40976467728614807
smollm2_360m_base,official_language:3,official_language,chat_template,31,69.36041259765625,152.6942901611328,0.6547940373420715
smollm2_360m_base,official_language:4,official_language,raw_question,0,64.3478012084961,4.404252052307129,0.09591735154390335
smollm2_360m_base,official_language:4,official_language,raw_question,1,83.78392791748047,14.893153190612793,0.09571102261543274
smollm2_360m_base,official_language:4,official_language,raw_question,2,96.3368148803711,14.696173667907715,0.12475080788135529
smollm2_360m_base,official_language:4,official_language,raw_question,3,84.55543518066406,17.663925170898438,0.1329650580883026
smollm2_360m_base,official_language:4,official_language,raw_question,4,99.15605926513672,19.213729858398438,0.16006994247436523
smollm2_360m_base,official_language:4,official_language,raw_question,5,115.7031478881836,20.257469177246094,0.16030533611774445
smollm2_360m_base,official_language:4,official_language,raw_question,6,130.79397583007812,10.184370994567871,0.170283704996109
smollm2_360m_base,official_language:4,official_language,raw_question,7,147.1493377685547,25.55113410949707,0.19303324818611145
smollm2_360m_base,official_language:4,official_language,raw_question,8,156.9392547607422,16.406038284301758,0.2088640034198761
smollm2_360m_base,official_language:4,official_language,raw_question,9,164.22708129882812,13.742197036743164,0.2062736302614212
smollm2_360m_base,official_language:4,official_language,raw_question,10,166.08309936523438,14.784255027770996,0.17985574901103973
smollm2_360m_base,official_language:4,official_language,raw_question,11,183.63790893554688,20.81389808654785,0.20135588943958282
smollm2_360m_base,official_language:4,official_language,raw_question,12,186.16952514648438,20.475893020629883,0.212145134806633
smollm2_360m_base,official_language:4,official_language,raw_question,13,187.82078552246094,26.920387268066406,0.20019802451133728
smollm2_360m_base,official_language:4,official_language,raw_question,14,201.77589416503906,37.888668060302734,0.20606008172035217
smollm2_360m_base,official_language:4,official_language,raw_question,15,225.36997985839844,41.43886947631836,0.21432355046272278
smollm2_360m_base,official_language:4,official_language,raw_question,16,243.69644165039062,40.21998596191406,0.21085171401500702
smollm2_360m_base,official_language:4,official_language,raw_question,17,252.76174926757812,33.57380294799805,0.20162124931812286
smollm2_360m_base,official_language:4,official_language,raw_question,18,251.30458068847656,39.400230407714844,0.20476087927818298
smollm2_360m_base,official_language:4,official_language,raw_question,19,270.6542663574219,25.90207862854004,0.22760620713233948
smollm2_360m_base,official_language:4,official_language,raw_question,20,278.3251037597656,26.576473236083984,0.24385380744934082
smollm2_360m_base,official_language:4,official_language,raw_question,21,343.93267822265625,46.50741195678711,0.2665165066719055
smollm2_360m_base,official_language:4,official_language,raw_question,22,372.9485778808594,39.6319465637207,0.32819461822509766
smollm2_360m_base,official_language:4,official_language,raw_question,23,416.1305847167969,48.45260238647461,0.29726865887641907
smollm2_360m_base,official_language:4,official_language,raw_question,24,500.22430419921875,54.943599700927734,0.3264096677303314
smollm2_360m_base,official_language:4,official_language,raw_question,25,564.5501708984375,24.703378677368164,0.3207356035709381
smollm2_360m_base,official_language:4,official_language,raw_question,26,691.1781005859375,89.67787170410156,0.30043959617614746
smollm2_360m_base,official_language:4,official_language,raw_question,27,803.7879028320312,60.16592025756836,0.2693799138069153
smollm2_360m_base,official_language:4,official_language,raw_question,28,904.3695068359375,74.8602066040039,0.26255112886428833
smollm2_360m_base,official_language:4,official_language,raw_question,29,1089.1661376953125,138.15817260742188,0.2827070951461792
smollm2_360m_base,official_language:4,official_language,raw_question,30,1222.2979736328125,102.00769805908203,0.3317093849182129
smollm2_360m_base,official_language:4,official_language,raw_question,31,62.208038330078125,130.85411071777344,0.5723223090171814
smollm2_360m_base,official_language:4,official_language,declarative,0,58.24994659423828,4.648172855377197,0.07572165876626968
smollm2_360m_base,official_language:4,official_language,declarative,1,86.25489807128906,18.38069725036621,0.10385575145483017
smollm2_360m_base,official_language:4,official_language,declarative,2,96.86630249023438,16.80718994140625,0.1296008825302124
smollm2_360m_base,official_language:4,official_language,declarative,3,88.93440246582031,24.770530700683594,0.14757271111011505
smollm2_360m_base,official_language:4,official_language,declarative,4,107.20492553710938,19.193368911743164,0.16607272624969482
smollm2_360m_base,official_language:4,official_language,declarative,5,121.56672668457031,18.531665802001953,0.15959258377552032
smollm2_360m_base,official_language:4,official_language,declarative,6,134.7954864501953,10.584041595458984,0.1603604108095169
smollm2_360m_base,official_language:4,official_language,declarative,7,149.64735412597656,25.708702087402344,0.18148157000541687
smollm2_360m_base,official_language:4,official_language,declarative,8,162.35462951660156,31.243492126464844,0.22139878571033478
smollm2_360m_base,official_language:4,official_language,declarative,9,172.8273468017578,12.868857383728027,0.20341236889362335
smollm2_360m_base,official_language:4,official_language,declarative,10,176.56382751464844,10.55798053741455,0.18207606673240662
smollm2_360m_base,official_language:4,official_language,declarative,11,185.091796875,15.12234115600586,0.18948081135749817
smollm2_360m_base,official_language:4,official_language,declarative,12,184.55845642089844,20.088869094848633,0.1922040730714798
smollm2_360m_base,official_language:4,official_language,declarative,13,183.93597412109375,22.401578903198242,0.18259914219379425
smollm2_360m_base,official_language:4,official_language,declarative,14,196.60263061523438,40.39833068847656,0.19751609861850739
smollm2_360m_base,official_language:4,official_language,declarative,15,211.04888916015625,37.94987869262695,0.20906290411949158
smollm2_360m_base,official_language:4,official_language,declarative,16,241.8109588623047,41.872013092041016,0.22250504791736603
smollm2_360m_base,official_language:4,official_language,declarative,17,252.09654235839844,34.220149993896484,0.21673114597797394
smollm2_360m_base,official_language:4,official_language,declarative,18,247.72528076171875,42.92604064941406,0.21930304169654846
smollm2_360m_base,official_language:4,official_language,declarative,19,265.09368896484375,29.43299674987793,0.23084187507629395
smollm2_360m_base,official_language:4,official_language,declarative,20,277.3609313964844,27.405929565429688,0.250918447971344
smollm2_360m_base,official_language:4,official_language,declarative,21,330.6515197753906,41.92851638793945,0.2735130190849304
smollm2_360m_base,official_language:4,official_language,declarative,22,360.4876708984375,37.920867919921875,0.3580804169178009
smollm2_360m_base,official_language:4,official_language,declarative,23,421.6800231933594,128.081787109375,0.32742029428482056
smollm2_360m_base,official_language:4,official_language,declarative,24,557.8941650390625,84.46369934082031,0.33281391859054565
smollm2_360m_base,official_language:4,official_language,declarative,25,601.6920776367188,47.95648193359375,0.3709840178489685
smollm2_360m_base,official_language:4,official_language,declarative,26,773.2598266601562,165.39398193359375,0.3591455817222595
smollm2_360m_base,official_language:4,official_language,declarative,27,899.196533203125,124.26736450195312,0.40147534012794495
smollm2_360m_base,official_language:4,official_language,declarative,28,991.9645385742188,86.7975845336914,0.46379271149635315
smollm2_360m_base,official_language:4,official_language,declarative,29,1193.7139892578125,96.4192886352539,0.5589945912361145
smollm2_360m_base,official_language:4,official_language,declarative,30,1319.9442138671875,75.16691589355469,0.5878755450248718
smollm2_360m_base,official_language:4,official_language,declarative,31,48.362125396728516,157.1519775390625,0.7433527708053589
smollm2_360m_base,official_language:4,official_language,qa,0,54.04924011230469,4.686390399932861,0.07494281232357025
smollm2_360m_base,official_language:4,official_language,qa,1,70.62255096435547,16.195716857910156,0.12900188565254211
smollm2_360m_base,official_language:4,official_language,qa,2,85.3628921508789,15.472984313964844,0.14032778143882751
smollm2_360m_base,official_language:4,official_language,qa,3,100.984375,15.429174423217773,0.16734535992145538
smollm2_360m_base,official_language:4,official_language,qa,4,106.34623718261719,17.366989135742188,0.1792381852865219
smollm2_360m_base,official_language:4,official_language,qa,5,116.9256591796875,17.945755004882812,0.17236961424350739
smollm2_360m_base,official_language:4,official_language,qa,6,150.5203399658203,38.37022018432617,0.19847992062568665
smollm2_360m_base,official_language:4,official_language,qa,7,163.58253479003906,25.281530380249023,0.20800146460533142
smollm2_360m_base,official_language:4,official_language,qa,8,163.07086181640625,22.837987899780273,0.21203896403312683
smollm2_360m_base,official_language:4,official_language,qa,9,178.80148315429688,30.3304500579834,0.20594032108783722
smollm2_360m_base,official_language:4,official_language,qa,10,174.2620849609375,20.15117645263672,0.18956275284290314
smollm2_360m_base,official_language:4,official_language,qa,11,177.40098571777344,14.671622276306152,0.2040516436100006
smollm2_360m_base,official_language:4,official_language,qa,12,186.63360595703125,24.94306182861328,0.20696406066417694
smollm2_360m_base,official_language:4,official_language,qa,13,195.62469482421875,18.812034606933594,0.19824287295341492
smollm2_360m_base,official_language:4,official_language,qa,14,200.33241271972656,25.195449829101562,0.19776569306850433
smollm2_360m_base,official_language:4,official_language,qa,15,209.54684448242188,31.8927001953125,0.19855372607707977
smollm2_360m_base,official_language:4,official_language,qa,16,229.61778259277344,35.768009185791016,0.21318164467811584
smollm2_360m_base,official_language:4,official_language,qa,17,245.4876708984375,26.61434555053711,0.20963139832019806
smollm2_360m_base,official_language:4,official_language,qa,18,245.82748413085938,35.617286682128906,0.2143983393907547
smollm2_360m_base,official_language:4,official_language,qa,19,257.9213562011719,28.72220802307129,0.22462181746959686
smollm2_360m_base,official_language:4,official_language,qa,20,268.4107666015625,36.76752471923828,0.25223198533058167
smollm2_360m_base,official_language:4,official_language,qa,21,337.4706726074219,48.6806755065918,0.2759634554386139
smollm2_360m_base,official_language:4,official_language,qa,22,362.19415283203125,47.42743682861328,0.3747299313545227
smollm2_360m_base,official_language:4,official_language,qa,23,427.4536437988281,145.36659240722656,0.3397992253303528
smollm2_360m_base,official_language:4,official_language,qa,24,582.6248779296875,83.56898498535156,0.3616127371788025
smollm2_360m_base,official_language:4,official_language,qa,25,649.1846923828125,49.47073745727539,0.39691972732543945
smollm2_360m_base,official_language:4,official_language,qa,26,792.4172973632812,164.98043823242188,0.35986262559890747
smollm2_360m_base,official_language:4,official_language,qa,27,931.48583984375,132.57115173339844,0.35687679052352905
smollm2_360m_base,official_language:4,official_language,qa,28,1037.9296875,104.9876480102539,0.39078086614608765
smollm2_360m_base,official_language:4,official_language,qa,29,1272.5029296875,125.79087829589844,0.4686187207698822
smollm2_360m_base,official_language:4,official_language,qa,30,1418.1165771484375,114.41136932373047,0.5001093149185181
smollm2_360m_base,official_language:4,official_language,qa,31,60.89015197753906,146.65098571777344,0.7024475932121277
smollm2_360m_base,official_language:4,official_language,chat_template,0,51.11112594604492,4.92000675201416,0.06981503963470459
smollm2_360m_base,official_language:4,official_language,chat_template,1,70.81704711914062,17.821611404418945,0.0883551687002182
smollm2_360m_base,official_language:4,official_language,chat_template,2,79.66010284423828,10.722498893737793,0.1162395104765892
smollm2_360m_base,official_language:4,official_language,chat_template,3,92.56050872802734,15.131746292114258,0.14169709384441376
smollm2_360m_base,official_language:4,official_language,chat_template,4,105.51899719238281,18.058731079101562,0.1596013456583023
smollm2_360m_base,official_language:4,official_language,chat_template,5,116.93363189697266,14.085724830627441,0.15670788288116455
smollm2_360m_base,official_language:4,official_language,chat_template,6,127.91230773925781,24.29398536682129,0.16836173832416534
smollm2_360m_base,official_language:4,official_language,chat_template,7,149.18409729003906,25.15045166015625,0.18987427651882172
smollm2_360m_base,official_language:4,official_language,chat_template,8,158.3380584716797,29.244787216186523,0.21977825462818146
smollm2_360m_base,official_language:4,official_language,chat_template,9,167.81484985351562,25.02667999267578,0.20383162796497345
smollm2_360m_base,official_language:4,official_language,chat_template,10,167.57896423339844,14.455426216125488,0.1699330061674118
smollm2_360m_base,official_language:4,official_language,chat_template,11,179.5330047607422,20.70842170715332,0.18407608568668365
smollm2_360m_base,official_language:4,official_language,chat_template,12,183.2877197265625,21.4135799407959,0.19662396609783173
smollm2_360m_base,official_language:4,official_language,chat_template,13,189.5562744140625,22.9095516204834,0.19428472220897675
smollm2_360m_base,official_language:4,official_language,chat_template,14,204.60128784179688,28.007320404052734,0.19610777497291565
smollm2_360m_base,official_language:4,official_language,chat_template,15,215.1667022705078,26.240209579467773,0.19987401366233826
smollm2_360m_base,official_language:4,official_language,chat_template,16,242.31878662109375,36.769283294677734,0.21777459979057312
smollm2_360m_base,official_language:4,official_language,chat_template,17,272.1290283203125,46.720584869384766,0.24063701927661896
smollm2_360m_base,official_language:4,official_language,chat_template,18,278.2052001953125,51.5931396484375,0.23718348145484924
smollm2_360m_base,official_language:4,official_language,chat_template,19,273.3202819824219,28.843290328979492,0.25238871574401855
smollm2_360m_base,official_language:4,official_language,chat_template,20,284.82928466796875,30.632720947265625,0.2695131301879883
smollm2_360m_base,official_language:4,official_language,chat_template,21,345.9252014160156,62.644798278808594,0.2954356074333191
smollm2_360m_base,official_language:4,official_language,chat_template,22,366.8312072753906,50.0973014831543,0.3888707756996155
smollm2_360m_base,official_language:4,official_language,chat_template,23,424.06329345703125,114.7984390258789,0.33292022347450256
smollm2_360m_base,official_language:4,official_language,chat_template,24,548.0719604492188,90.06269836425781,0.3558296263217926
smollm2_360m_base,official_language:4,official_language,chat_template,25,633.7596435546875,52.62660217285156,0.38907891511917114
smollm2_360m_base,official_language:4,official_language,chat_template,26,785.493896484375,144.21226501464844,0.3559194803237915
smollm2_360m_base,official_language:4,official_language,chat_template,27,929.3736572265625,111.90026092529297,0.3189696669578552
smollm2_360m_base,official_language:4,official_language,chat_template,28,1037.0252685546875,120.1429672241211,0.3370133936405182
smollm2_360m_base,official_language:4,official_language,chat_template,29,1282.1640625,163.06527709960938,0.3945647180080414
smollm2_360m_base,official_language:4,official_language,chat_template,30,1441.64501953125,124.19967651367188,0.4395483136177063
smollm2_360m_base,official_language:4,official_language,chat_template,31,65.90950775146484,158.0635986328125,0.6753553152084351
smollm2_360m_base,official_language:5,official_language,raw_question,0,63.42424392700195,4.315455913543701,0.09693856537342072
smollm2_360m_base,official_language:5,official_language,raw_question,1,83.25077819824219,14.742670059204102,0.09977726638317108
smollm2_360m_base,official_language:5,official_language,raw_question,2,97.2187728881836,15.02636432647705,0.12917578220367432
smollm2_360m_base,official_language:5,official_language,raw_question,3,82.48400115966797,16.063899993896484,0.13879892230033875
smollm2_360m_base,official_language:5,official_language,raw_question,4,97.761474609375,17.048294067382812,0.1546333283185959
smollm2_360m_base,official_language:5,official_language,raw_question,5,115.70211029052734,22.802778244018555,0.1595783531665802
smollm2_360m_base,official_language:5,official_language,raw_question,6,131.01608276367188,10.277876853942871,0.1695225089788437
smollm2_360m_base,official_language:5,official_language,raw_question,7,148.78814697265625,26.63125991821289,0.19516289234161377
smollm2_360m_base,official_language:5,official_language,raw_question,8,155.74131774902344,16.30449676513672,0.20559677481651306
smollm2_360m_base,official_language:5,official_language,raw_question,9,162.33685302734375,16.43331527709961,0.20480632781982422
smollm2_360m_base,official_language:5,official_language,raw_question,10,162.28273010253906,12.45304012298584,0.17726409435272217
smollm2_360m_base,official_language:5,official_language,raw_question,11,179.1602020263672,20.21796226501465,0.19598352909088135
smollm2_360m_base,official_language:5,official_language,raw_question,12,183.0147705078125,20.489418029785156,0.2111976593732834
smollm2_360m_base,official_language:5,official_language,raw_question,13,181.11956787109375,26.09901237487793,0.1948607712984085
smollm2_360m_base,official_language:5,official_language,raw_question,14,191.92291259765625,36.2348518371582,0.1991308033466339
smollm2_360m_base,official_language:5,official_language,raw_question,15,218.56068420410156,43.53845977783203,0.21093447506427765
smollm2_360m_base,official_language:5,official_language,raw_question,16,239.20602416992188,37.79547119140625,0.2111780196428299
smollm2_360m_base,official_language:5,official_language,raw_question,17,250.1455078125,30.687829971313477,0.20542916655540466
smollm2_360m_base,official_language:5,official_language,raw_question,18,250.60086059570312,39.87841033935547,0.20559267699718475
smollm2_360m_base,official_language:5,official_language,raw_question,19,269.1082458496094,25.52901268005371,0.2301466017961502
smollm2_360m_base,official_language:5,official_language,raw_question,20,278.7358703613281,28.986331939697266,0.24883274734020233
smollm2_360m_base,official_language:5,official_language,raw_question,21,346.3503723144531,50.68745803833008,0.2689664363861084
smollm2_360m_base,official_language:5,official_language,raw_question,22,377.9883117675781,38.926780700683594,0.32711178064346313
smollm2_360m_base,official_language:5,official_language,raw_question,23,420.62115478515625,50.09970474243164,0.2999575734138489
smollm2_360m_base,official_language:5,official_language,raw_question,24,507.6310119628906,50.1556282043457,0.3329908847808838
smollm2_360m_base,official_language:5,official_language,raw_question,25,567.29052734375,25.229272842407227,0.32175546884536743
smollm2_360m_base,official_language:5,official_language,raw_question,26,692.4443359375,66.93004608154297,0.29587846994400024
smollm2_360m_base,official_language:5,official_language,raw_question,27,812.603271484375,90.26797485351562,0.2606779932975769
smollm2_360m_base,official_language:5,official_language,raw_question,28,916.49609375,75.41554260253906,0.25958552956581116
smollm2_360m_base,official_language:5,official_language,raw_question,29,1098.017822265625,158.04489135742188,0.27930811047554016
smollm2_360m_base,official_language:5,official_language,raw_question,30,1228.6419677734375,106.76228332519531,0.33136501908302307
smollm2_360m_base,official_language:5,official_language,raw_question,31,63.674285888671875,117.20111846923828,0.5675815939903259
smollm2_360m_base,official_language:5,official_language,declarative,0,56.30614471435547,4.62773323059082,0.0739867240190506
smollm2_360m_base,official_language:5,official_language,declarative,1,83.85099792480469,18.995447158813477,0.10677876323461533
smollm2_360m_base,official_language:5,official_language,declarative,2,93.52677154541016,14.796587944030762,0.12960053980350494
smollm2_360m_base,official_language:5,official_language,declarative,3,86.4126205444336,19.68276596069336,0.14909298717975616
smollm2_360m_base,official_language:5,official_language,declarative,4,106.27667999267578,19.15186882019043,0.16225433349609375
smollm2_360m_base,official_language:5,official_language,declarative,5,120.03404998779297,20.104333877563477,0.1581411361694336
smollm2_360m_base,official_language:5,official_language,declarative,6,132.220458984375,10.7211332321167,0.16032622754573822
smollm2_360m_base,official_language:5,official_language,declarative,7,151.6487274169922,30.1541748046875,0.18668770790100098
smollm2_360m_base,official_language:5,official_language,declarative,8,164.0863800048828,32.93488693237305,0.22261884808540344
smollm2_360m_base,official_language:5,official_language,declarative,9,175.75631713867188,15.403142929077148,0.20933839678764343
smollm2_360m_base,official_language:5,official_language,declarative,10,178.97091674804688,10.24282169342041,0.18988637626171112
smollm2_360m_base,official_language:5,official_language,declarative,11,187.12132263183594,11.75475025177002,0.19194386899471283
smollm2_360m_base,official_language:5,official_language,declarative,12,186.59654235839844,20.813976287841797,0.19331547617912292
smollm2_360m_base,official_language:5,official_language,declarative,13,185.3589630126953,19.551164627075195,0.18416380882263184
smollm2_360m_base,official_language:5,official_language,declarative,14,194.60107421875,38.786190032958984,0.1988261342048645
smollm2_360m_base,official_language:5,official_language,declarative,15,208.5231170654297,39.047027587890625,0.20937895774841309
smollm2_360m_base,official_language:5,official_language,declarative,16,236.2760772705078,39.089412689208984,0.22535774111747742
smollm2_360m_base,official_language:5,official_language,declarative,17,246.3727569580078,31.601539611816406,0.22309856116771698
smollm2_360m_base,official_language:5,official_language,declarative,18,243.1020050048828,42.386653900146484,0.2232723981142044
smollm2_360m_base,official_language:5,official_language,declarative,19,259.6143798828125,29.568954467773438,0.23552532494068146
smollm2_360m_base,official_language:5,official_language,declarative,20,273.7060241699219,28.088542938232422,0.2538941502571106
smollm2_360m_base,official_language:5,official_language,declarative,21,328.8332214355469,45.231529235839844,0.27580589056015015
smollm2_360m_base,official_language:5,official_language,declarative,22,355.4400939941406,39.745967864990234,0.3648899495601654
smollm2_360m_base,official_language:5,official_language,declarative,23,411.9273376464844,131.57594299316406,0.3312305510044098
smollm2_360m_base,official_language:5,official_language,declarative,24,545.6039428710938,71.71202087402344,0.3314903974533081
smollm2_360m_base,official_language:5,official_language,declarative,25,584.6871337890625,62.084693908691406,0.3653990626335144
smollm2_360m_base,official_language:5,official_language,declarative,26,727.0640258789062,142.3535919189453,0.3481545150279999
smollm2_360m_base,official_language:5,official_language,declarative,27,936.8737182617188,158.0363006591797,0.3780967593193054
smollm2_360m_base,official_language:5,official_language,declarative,28,1019.395263671875,70.83377838134766,0.4581693708896637
smollm2_360m_base,official_language:5,official_language,declarative,29,1201.6268310546875,91.68989562988281,0.5330918431282043
smollm2_360m_base,official_language:5,official_language,declarative,30,1320.945556640625,96.4616928100586,0.5880594849586487
smollm2_360m_base,official_language:5,official_language,declarative,31,51.689208984375,135.03652954101562,0.7011934518814087
smollm2_360m_base,official_language:5,official_language,qa,0,53.58366012573242,4.635864734649658,0.07374395430088043
smollm2_360m_base,official_language:5,official_language,qa,1,70.73388671875,16.268362045288086,0.13525445759296417
smollm2_360m_base,official_language:5,official_language,qa,2,86.54680633544922,15.863093376159668,0.1437879204750061
smollm2_360m_base,official_language:5,official_language,qa,3,101.61859893798828,14.97950267791748,0.16801029443740845
smollm2_360m_base,official_language:5,official_language,qa,4,107.32513427734375,17.449615478515625,0.17912210524082184
smollm2_360m_base,official_language:5,official_language,qa,5,117.89727020263672,18.292972564697266,0.17185954749584198
smollm2_360m_base,official_language:5,official_language,qa,6,151.6096954345703,38.245338439941406,0.1995231956243515
smollm2_360m_base,official_language:5,official_language,qa,7,167.205810546875,26.183372497558594,0.20908360183238983
smollm2_360m_base,official_language:5,official_language,qa,8,164.66171264648438,21.457935333251953,0.21156935393810272
smollm2_360m_base,official_language:5,official_language,qa,9,176.92684936523438,28.6422176361084,0.2035718411207199
smollm2_360m_base,official_language:5,official_language,qa,10,173.69810485839844,18.911874771118164,0.1865377128124237
smollm2_360m_base,official_language:5,official_language,qa,11,179.54379272460938,15.114625930786133,0.2037956714630127
smollm2_360m_base,official_language:5,official_language,qa,12,190.6242218017578,27.68989372253418,0.21120591461658478
smollm2_360m_base,official_language:5,official_language,qa,13,198.31150817871094,18.662134170532227,0.200842946767807
smollm2_360m_base,official_language:5,official_language,qa,14,201.29116821289062,24.73750877380371,0.19942966103553772
smollm2_360m_base,official_language:5,official_language,qa,15,210.0603485107422,34.17213821411133,0.1993812620639801
smollm2_360m_base,official_language:5,official_language,qa,16,231.67950439453125,37.085086822509766,0.2149648368358612
smollm2_360m_base,official_language:5,official_language,qa,17,245.5049285888672,26.720277786254883,0.21249553561210632
smollm2_360m_base,official_language:5,official_language,qa,18,245.82814025878906,36.80897521972656,0.21466664969921112
smollm2_360m_base,official_language:5,official_language,qa,19,256.6115417480469,29.715755462646484,0.2260323464870453
smollm2_360m_base,official_language:5,official_language,qa,20,267.5511779785156,39.3342399597168,0.2534208595752716
smollm2_360m_base,official_language:5,official_language,qa,21,337.71881103515625,52.07117462158203,0.27905306220054626
smollm2_360m_base,official_language:5,official_language,qa,22,357.97320556640625,48.60860061645508,0.3762257397174835
smollm2_360m_base,official_language:5,official_language,qa,23,425.809326171875,151.0784454345703,0.34216660261154175
smollm2_360m_base,official_language:5,official_language,qa,24,578.9677734375,76.4948501586914,0.3627946376800537
smollm2_360m_base,official_language:5,official_language,qa,25,646.0507202148438,52.608436584472656,0.39516481757164
smollm2_360m_base,official_language:5,official_language,qa,26,781.0074462890625,146.22885131835938,0.3519761562347412
smollm2_360m_base,official_language:5,official_language,qa,27,942.2222900390625,153.51028442382812,0.33429986238479614
smollm2_360m_base,official_language:5,official_language,qa,28,1056.691162109375,107.20580291748047,0.3711268901824951
smollm2_360m_base,official_language:5,official_language,qa,29,1278.525390625,157.8075714111328,0.43823567032814026
smollm2_360m_base,official_language:5,official_language,qa,30,1431.6639404296875,143.11741638183594,0.4866676330566406
smollm2_360m_base,official_language:5,official_language,qa,31,64.98319244384766,118.07708740234375,0.6707965135574341
smollm2_360m_base,official_language:5,official_language,chat_template,0,51.27711486816406,4.850399971008301,0.07071744650602341
smollm2_360m_base,official_language:5,official_language,chat_template,1,70.52603149414062,18.292280197143555,0.0882267951965332
smollm2_360m_base,official_language:5,official_language,chat_template,2,79.7130126953125,10.9651517868042,0.11782492697238922
smollm2_360m_base,official_language:5,official_language,chat_template,3,93.39897155761719,15.429778099060059,0.14340245723724365
smollm2_360m_base,official_language:5,official_language,chat_template,4,105.86011505126953,17.949697494506836,0.16042347252368927
smollm2_360m_base,official_language:5,official_language,chat_template,5,117.28638458251953,14.630579948425293,0.15696197748184204
smollm2_360m_base,official_language:5,official_language,chat_template,6,127.82445526123047,25.25010108947754,0.16905029118061066
smollm2_360m_base,official_language:5,official_language,chat_template,7,146.34616088867188,24.3697509765625,0.1873283088207245
smollm2_360m_base,official_language:5,official_language,chat_template,8,154.1259307861328,27.52617073059082,0.21612414717674255
smollm2_360m_base,official_language:5,official_language,chat_template,9,162.87744140625,24.686315536499023,0.19790299236774445
smollm2_360m_base,official_language:5,official_language,chat_template,10,163.93812561035156,16.435260772705078,0.16620692610740662
smollm2_360m_base,official_language:5,official_language,chat_template,11,176.5845489501953,21.516740798950195,0.18126682937145233
smollm2_360m_base,official_language:5,official_language,chat_template,12,180.327392578125,21.601566314697266,0.19441938400268555
smollm2_360m_base,official_language:5,official_language,chat_template,13,187.63360595703125,25.027301788330078,0.19241006672382355
smollm2_360m_base,official_language:5,official_language,chat_template,14,202.6586456298828,29.464906692504883,0.19351573288440704
smollm2_360m_base,official_language:5,official_language,chat_template,15,213.13990783691406,26.378433227539062,0.19640010595321655
smollm2_360m_base,official_language:5,official_language,chat_template,16,243.51046752929688,38.27559280395508,0.21529331803321838
smollm2_360m_base,official_language:5,official_language,chat_template,17,278.9925537109375,49.958457946777344,0.24184560775756836
smollm2_360m_base,official_language:5,official_language,chat_template,18,283.6614990234375,53.529144287109375,0.23575644195079803
smollm2_360m_base,official_language:5,official_language,chat_template,19,274.6221923828125,28.563796997070312,0.2531312108039856
smollm2_360m_base,official_language:5,official_language,chat_template,20,286.1208190917969,28.952648162841797,0.26729971170425415
smollm2_360m_base,official_language:5,official_language,chat_template,21,345.5153503417969,59.706295013427734,0.2887454032897949
smollm2_360m_base,official_language:5,official_language,chat_template,22,366.43914794921875,50.92381286621094,0.3809298574924469
smollm2_360m_base,official_language:5,official_language,chat_template,23,430.82550048828125,110.9822998046875,0.33082109689712524
smollm2_360m_base,official_language:5,official_language,chat_template,24,551.8543090820312,80.5071792602539,0.35476237535476685
smollm2_360m_base,official_language:5,official_language,chat_template,25,644.4349975585938,54.367862701416016,0.38338056206703186
smollm2_360m_base,official_language:5,official_language,chat_template,26,789.2681274414062,103.80448150634766,0.3404770791530609
smollm2_360m_base,official_language:5,official_language,chat_template,27,945.169677734375,155.56324768066406,0.299388587474823
smollm2_360m_base,official_language:5,official_language,chat_template,28,1053.813720703125,126.27130126953125,0.3083154261112213
smollm2_360m_base,official_language:5,official_language,chat_template,29,1295.341796875,212.34930419921875,0.3554322123527527
smollm2_360m_base,official_language:5,official_language,chat_template,30,1459.711669921875,139.38153076171875,0.40721434354782104
smollm2_360m_base,official_language:5,official_language,chat_template,31,69.74361419677734,133.13470458984375,0.6497706770896912
smollm2_360m_base,official_language:6,official_language,raw_question,0,64.63512420654297,4.406777858734131,0.09639157354831696
smollm2_360m_base,official_language:6,official_language,raw_question,1,83.6839599609375,15.176152229309082,0.09503873437643051
smollm2_360m_base,official_language:6,official_language,raw_question,2,96.28262329101562,14.702095985412598,0.12428271770477295
smollm2_360m_base,official_language:6,official_language,raw_question,3,83.87993621826172,17.323970794677734,0.13272342085838318
smollm2_360m_base,official_language:6,official_language,raw_question,4,98.00605773925781,19.113542556762695,0.15940800309181213
smollm2_360m_base,official_language:6,official_language,raw_question,5,114.72948455810547,19.643474578857422,0.16089871525764465
smollm2_360m_base,official_language:6,official_language,raw_question,6,130.9190673828125,10.464306831359863,0.17165622115135193
smollm2_360m_base,official_language:6,official_language,raw_question,7,144.8712615966797,22.847068786621094,0.19198313355445862
smollm2_360m_base,official_language:6,official_language,raw_question,8,155.3962860107422,16.94283103942871,0.20587357878684998
smollm2_360m_base,official_language:6,official_language,raw_question,9,163.52548217773438,13.398178100585938,0.20532174408435822
smollm2_360m_base,official_language:6,official_language,raw_question,10,165.5371551513672,16.82281494140625,0.18225358426570892
smollm2_360m_base,official_language:6,official_language,raw_question,11,182.5963592529297,20.851688385009766,0.20118844509124756
smollm2_360m_base,official_language:6,official_language,raw_question,12,185.95431518554688,20.834646224975586,0.21196241676807404
smollm2_360m_base,official_language:6,official_language,raw_question,13,186.36636352539062,24.508441925048828,0.19937700033187866
smollm2_360m_base,official_language:6,official_language,raw_question,14,200.72042846679688,36.58309555053711,0.20493093132972717
smollm2_360m_base,official_language:6,official_language,raw_question,15,224.63636779785156,40.26401901245117,0.2143937647342682
smollm2_360m_base,official_language:6,official_language,raw_question,16,242.9185791015625,38.62813186645508,0.20845666527748108
smollm2_360m_base,official_language:6,official_language,raw_question,17,253.17494201660156,34.31155014038086,0.2010284960269928
smollm2_360m_base,official_language:6,official_language,raw_question,18,251.83152770996094,39.86868667602539,0.20386219024658203
smollm2_360m_base,official_language:6,official_language,raw_question,19,270.45318603515625,25.853872299194336,0.22536888718605042
smollm2_360m_base,official_language:6,official_language,raw_question,20,277.82696533203125,26.56262969970703,0.24409374594688416
smollm2_360m_base,official_language:6,official_language,raw_question,21,343.183837890625,46.21247863769531,0.2684743404388428
smollm2_360m_base,official_language:6,official_language,raw_question,22,370.8096008300781,40.28717041015625,0.32851308584213257
smollm2_360m_base,official_language:6,official_language,raw_question,23,413.75634765625,51.737754821777344,0.29986193776130676
smollm2_360m_base,official_language:6,official_language,raw_question,24,502.23675537109375,52.343753814697266,0.3328011631965637
smollm2_360m_base,official_language:6,official_language,raw_question,25,568.4520874023438,24.78670310974121,0.32478615641593933
smollm2_360m_base,official_language:6,official_language,raw_question,26,689.028564453125,88.27378845214844,0.3019999563694
smollm2_360m_base,official_language:6,official_language,raw_question,27,799.6729736328125,47.939456939697266,0.2653871476650238
smollm2_360m_base,official_language:6,official_language,raw_question,28,894.9874877929688,70.0419692993164,0.2614993453025818
smollm2_360m_base,official_language:6,official_language,raw_question,29,1083.6651611328125,138.9573974609375,0.28211599588394165
smollm2_360m_base,official_language:6,official_language,raw_question,30,1227.029541015625,107.77571105957031,0.3310280740261078
smollm2_360m_base,official_language:6,official_language,raw_question,31,64.02813720703125,136.0885772705078,0.5759888887405396
smollm2_360m_base,official_language:6,official_language,declarative,0,58.41554641723633,4.649810314178467,0.07521571964025497
smollm2_360m_base,official_language:6,official_language,declarative,1,85.2876205444336,18.766679763793945,0.10420943796634674
smollm2_360m_base,official_language:6,official_language,declarative,2,95.96017456054688,16.79100799560547,0.1285991370677948
smollm2_360m_base,official_language:6,official_language,declarative,3,87.6528549194336,24.213069915771484,0.14668956398963928
smollm2_360m_base,official_language:6,official_language,declarative,4,104.66991424560547,18.40359115600586,0.1648697555065155
smollm2_360m_base,official_language:6,official_language,declarative,5,119.12568664550781,18.73140525817871,0.16098585724830627
smollm2_360m_base,official_language:6,official_language,declarative,6,133.51516723632812,10.193541526794434,0.16277849674224854
smollm2_360m_base,official_language:6,official_language,declarative,7,148.32725524902344,23.855236053466797,0.18105393648147583
smollm2_360m_base,official_language:6,official_language,declarative,8,165.0722198486328,32.25434494018555,0.21992440521717072
smollm2_360m_base,official_language:6,official_language,declarative,9,174.389892578125,11.09684944152832,0.20393094420433044
smollm2_360m_base,official_language:6,official_language,declarative,10,175.80982971191406,10.334205627441406,0.17950835824012756
smollm2_360m_base,official_language:6,official_language,declarative,11,184.23202514648438,15.99838924407959,0.1869831085205078
smollm2_360m_base,official_language:6,official_language,declarative,12,182.7532958984375,18.823604583740234,0.18908360600471497
smollm2_360m_base,official_language:6,official_language,declarative,13,183.28262329101562,22.91026496887207,0.18027561902999878
smollm2_360m_base,official_language:6,official_language,declarative,14,195.236083984375,39.66709899902344,0.19527919590473175
smollm2_360m_base,official_language:6,official_language,declarative,15,211.7212371826172,38.0203857421875,0.2092292755842209
smollm2_360m_base,official_language:6,official_language,declarative,16,240.21646118164062,39.28873825073242,0.22010096907615662
smollm2_360m_base,official_language:6,official_language,declarative,17,251.61756896972656,35.134307861328125,0.21675343811511993
smollm2_360m_base,official_language:6,official_language,declarative,18,244.9598388671875,44.90098571777344,0.21724700927734375
smollm2_360m_base,official_language:6,official_language,declarative,19,263.01275634765625,29.356517791748047,0.22941799461841583
smollm2_360m_base,official_language:6,official_language,declarative,20,274.9537048339844,26.939250946044922,0.24795985221862793
smollm2_360m_base,official_language:6,official_language,declarative,21,330.3218078613281,42.16663360595703,0.27331629395484924
smollm2_360m_base,official_language:6,official_language,declarative,22,359.14111328125,38.83729934692383,0.3572407364845276
smollm2_360m_base,official_language:6,official_language,declarative,23,420.88055419921875,127.38312530517578,0.32512179017066956
smollm2_360m_base,official_language:6,official_language,declarative,24,546.1967163085938,75.494140625,0.32892030477523804
smollm2_360m_base,official_language:6,official_language,declarative,25,594.1639404296875,50.29801940917969,0.3619609475135803
smollm2_360m_base,official_language:6,official_language,declarative,26,752.4544677734375,158.167236328125,0.3512328267097473
smollm2_360m_base,official_language:6,official_language,declarative,27,867.5804443359375,68.93235778808594,0.3955536484718323
smollm2_360m_base,official_language:6,official_language,declarative,28,948.965576171875,72.8453369140625,0.4477114677429199
smollm2_360m_base,official_language:6,official_language,declarative,29,1174.9373779296875,103.98654174804688,0.5086719989776611
smollm2_360m_base,official_language:6,official_language,declarative,30,1325.7562255859375,116.78185272216797,0.5483888387680054
smollm2_360m_base,official_language:6,official_language,declarative,31,50.65774154663086,134.70118713378906,0.7081230878829956
smollm2_360m_base,official_language:6,official_language,qa,0,54.053382873535156,4.684978485107422,0.07507263123989105
smollm2_360m_base,official_language:6,official_language,qa,1,70.40603637695312,16.114059448242188,0.12915900349617004
smollm2_360m_base,official_language:6,official_language,qa,2,85.50428009033203,15.543506622314453,0.14121922850608826
smollm2_360m_base,official_language:6,official_language,qa,3,101.010498046875,15.39453411102295,0.16791576147079468
smollm2_360m_base,official_language:6,official_language,qa,4,106.77725219726562,17.48201560974121,0.17850831151008606
smollm2_360m_base,official_language:6,official_language,qa,5,117.5404281616211,18.438478469848633,0.17177391052246094
smollm2_360m_base,official_language:6,official_language,qa,6,150.9497528076172,38.42458724975586,0.19826970994472504
smollm2_360m_base,official_language:6,official_language,qa,7,163.89247131347656,25.43547821044922,0.20698325335979462
smollm2_360m_base,official_language:6,official_language,qa,8,164.12124633789062,22.37969970703125,0.21130450069904327
smollm2_360m_base,official_language:6,official_language,qa,9,178.70289611816406,31.42678451538086,0.20529082417488098
smollm2_360m_base,official_language:6,official_language,qa,10,173.79483032226562,19.758495330810547,0.1886080950498581
smollm2_360m_base,official_language:6,official_language,qa,11,176.6341552734375,14.500349998474121,0.20342092216014862
smollm2_360m_base,official_language:6,official_language,qa,12,186.71263122558594,25.331941604614258,0.20650625228881836
smollm2_360m_base,official_language:6,official_language,qa,13,195.1636199951172,18.50050163269043,0.19818320870399475
smollm2_360m_base,official_language:6,official_language,qa,14,200.2722930908203,25.215240478515625,0.19783148169517517
smollm2_360m_base,official_language:6,official_language,qa,15,209.27430725097656,31.153654098510742,0.199103444814682
smollm2_360m_base,official_language:6,official_language,qa,16,229.06057739257812,35.082157135009766,0.21052274107933044
smollm2_360m_base,official_language:6,official_language,qa,17,244.47450256347656,26.146907806396484,0.2083912193775177
smollm2_360m_base,official_language:6,official_language,qa,18,245.3823699951172,35.962223052978516,0.21381516754627228
smollm2_360m_base,official_language:6,official_language,qa,19,257.8727111816406,28.884777069091797,0.22441864013671875
smollm2_360m_base,official_language:6,official_language,qa,20,267.8772277832031,36.53917694091797,0.25116151571273804
smollm2_360m_base,official_language:6,official_language,qa,21,340.18646240234375,49.660892486572266,0.2792159616947174
smollm2_360m_base,official_language:6,official_language,qa,22,366.0195007324219,46.753990173339844,0.3764413297176361
smollm2_360m_base,official_language:6,official_language,qa,23,430.4582824707031,146.1652374267578,0.33832159638404846
smollm2_360m_base,official_language:6,official_language,qa,24,578.4880981445312,80.87367248535156,0.35900577902793884
smollm2_360m_base,official_language:6,official_language,qa,25,651.8378295898438,50.68837356567383,0.3925580084323883
smollm2_360m_base,official_language:6,official_language,qa,26,793.0879516601562,160.11605834960938,0.35931721329689026
smollm2_360m_base,official_language:6,official_language,qa,27,914.228271484375,99.38195037841797,0.3548933267593384
smollm2_360m_base,official_language:6,official_language,qa,28,1017.5603637695312,94.07501983642578,0.3990919888019562
smollm2_360m_base,official_language:6,official_language,qa,29,1268.1927490234375,139.6623992919922,0.46311894059181213
smollm2_360m_base,official_language:6,official_language,qa,30,1421.449462890625,142.17120361328125,0.5037744045257568
smollm2_360m_base,official_language:6,official_language,qa,31,63.77983093261719,141.69322204589844,0.7026951909065247
smollm2_360m_base,official_language:6,official_language,chat_template,0,51.11182403564453,4.918040752410889,0.06981030106544495
smollm2_360m_base,official_language:6,official_language,chat_template,1,70.76313018798828,17.909820556640625,0.08832152932882309
smollm2_360m_base,official_language:6,official_language,chat_template,2,79.84252166748047,10.722525596618652,0.11632982641458511
smollm2_360m_base,official_language:6,official_language,chat_template,3,92.8953628540039,15.1970853805542,0.14178307354450226
smollm2_360m_base,official_language:6,official_language,chat_template,4,104.98528289794922,17.88246726989746,0.1593446135520935
smollm2_360m_base,official_language:6,official_language,chat_template,5,116.48180389404297,14.370735168457031,0.1571265012025833
smollm2_360m_base,official_language:6,official_language,chat_template,6,127.01581573486328,24.09480094909668,0.1688590943813324
smollm2_360m_base,official_language:6,official_language,chat_template,7,147.94525146484375,24.345701217651367,0.18940868973731995
smollm2_360m_base,official_language:6,official_language,chat_template,8,158.5244598388672,28.41596794128418,0.2192065268754959
smollm2_360m_base,official_language:6,official_language,chat_template,9,167.21408081054688,23.541427612304688,0.20574001967906952
smollm2_360m_base,official_language:6,official_language,chat_template,10,167.39491271972656,13.844003677368164,0.17249928414821625
smollm2_360m_base,official_language:6,official_language,chat_template,11,177.8523406982422,19.80634880065918,0.18654783070087433
smollm2_360m_base,official_language:6,official_language,chat_template,12,182.8439483642578,21.20718002319336,0.19738444685935974
smollm2_360m_base,official_language:6,official_language,chat_template,13,191.13421630859375,22.930221557617188,0.19620172679424286
smollm2_360m_base,official_language:6,official_language,chat_template,14,207.4499969482422,27.537263870239258,0.19920186698436737
smollm2_360m_base,official_language:6,official_language,chat_template,15,218.37860107421875,26.169023513793945,0.20124749839305878
smollm2_360m_base,official_language:6,official_language,chat_template,16,244.05166625976562,36.12890625,0.21793532371520996
smollm2_360m_base,official_language:6,official_language,chat_template,17,268.8740539550781,45.25715255737305,0.2396451234817505
smollm2_360m_base,official_language:6,official_language,chat_template,18,275.2469177246094,50.05496597290039,0.23522238433361053
smollm2_360m_base,official_language:6,official_language,chat_template,19,273.21185302734375,28.777324676513672,0.2515844404697418
smollm2_360m_base,official_language:6,official_language,chat_template,20,283.9739074707031,31.310508728027344,0.2687641680240631
smollm2_360m_base,official_language:6,official_language,chat_template,21,343.7769470214844,60.7437629699707,0.296043336391449
smollm2_360m_base,official_language:6,official_language,chat_template,22,367.0624084472656,48.697566986083984,0.38938912749290466
smollm2_360m_base,official_language:6,official_language,chat_template,23,424.4750671386719,111.5694808959961,0.33215296268463135
smollm2_360m_base,official_language:6,official_language,chat_template,24,548.3441772460938,86.41348266601562,0.3568653166294098
smollm2_360m_base,official_language:6,official_language,chat_template,25,639.2800903320312,53.24009704589844,0.3878115713596344
smollm2_360m_base,official_language:6,official_language,chat_template,26,782.345458984375,119.86677551269531,0.3520422875881195
smollm2_360m_base,official_language:6,official_language,chat_template,27,916.6322631835938,89.78852081298828,0.31507059931755066
smollm2_360m_base,official_language:6,official_language,chat_template,28,1022.270751953125,115.98875427246094,0.338795930147171
smollm2_360m_base,official_language:6,official_language,chat_template,29,1282.2332763671875,176.6949005126953,0.38973912596702576
smollm2_360m_base,official_language:6,official_language,chat_template,30,1460.4161376953125,140.14425659179688,0.44356805086135864
smollm2_360m_base,official_language:6,official_language,chat_template,31,67.95147705078125,157.35952758789062,0.6831436157226562
smollm2_360m_base,official_language:7,official_language,raw_question,0,64.54219055175781,4.404358863830566,0.096039317548275
smollm2_360m_base,official_language:7,official_language,raw_question,1,84.33740997314453,15.158970832824707,0.09566202759742737
smollm2_360m_base,official_language:7,official_language,raw_question,2,97.26824188232422,14.761673927307129,0.12432360649108887
smollm2_360m_base,official_language:7,official_language,raw_question,3,84.38056182861328,17.699636459350586,0.1321408450603485
smollm2_360m_base,official_language:7,official_language,raw_question,4,98.49532318115234,18.80989646911621,0.1587064117193222
smollm2_360m_base,official_language:7,official_language,raw_question,5,116.4757080078125,20.34046173095703,0.1607740819454193
smollm2_360m_base,official_language:7,official_language,raw_question,6,132.49635314941406,10.484389305114746,0.17271950840950012
smollm2_360m_base,official_language:7,official_language,raw_question,7,146.57752990722656,24.90001678466797,0.19449734687805176
smollm2_360m_base,official_language:7,official_language,raw_question,8,155.88357543945312,16.88017463684082,0.20919060707092285
smollm2_360m_base,official_language:7,official_language,raw_question,9,163.9271240234375,14.177591323852539,0.20597095787525177
smollm2_360m_base,official_language:7,official_language,raw_question,10,165.02967834472656,13.837080001831055,0.18110190331935883
smollm2_360m_base,official_language:7,official_language,raw_question,11,184.6207733154297,20.21321678161621,0.19980892539024353
smollm2_360m_base,official_language:7,official_language,raw_question,12,187.82296752929688,21.020959854125977,0.21345224976539612
smollm2_360m_base,official_language:7,official_language,raw_question,13,188.40492248535156,27.309268951416016,0.20074975490570068
smollm2_360m_base,official_language:7,official_language,raw_question,14,201.1293487548828,36.27072525024414,0.2039491832256317
smollm2_360m_base,official_language:7,official_language,raw_question,15,223.6529541015625,40.33723831176758,0.21174855530261993
smollm2_360m_base,official_language:7,official_language,raw_question,16,240.49070739746094,38.914634704589844,0.2081519067287445
smollm2_360m_base,official_language:7,official_language,raw_question,17,251.48611450195312,32.067413330078125,0.20035448670387268
smollm2_360m_base,official_language:7,official_language,raw_question,18,249.05787658691406,38.46610641479492,0.2012278139591217
smollm2_360m_base,official_language:7,official_language,raw_question,19,268.25732421875,25.592050552368164,0.22343969345092773
smollm2_360m_base,official_language:7,official_language,raw_question,20,277.77618408203125,26.81245231628418,0.24259133636951447
smollm2_360m_base,official_language:7,official_language,raw_question,21,345.87493896484375,48.535987854003906,0.2685108184814453
smollm2_360m_base,official_language:7,official_language,raw_question,22,374.2210998535156,39.356231689453125,0.3284606337547302
smollm2_360m_base,official_language:7,official_language,raw_question,23,416.67718505859375,47.475582122802734,0.29771900177001953
smollm2_360m_base,official_language:7,official_language,raw_question,24,505.03106689453125,54.49091339111328,0.32754284143447876
smollm2_360m_base,official_language:7,official_language,raw_question,25,571.01953125,28.953746795654297,0.3198276162147522
smollm2_360m_base,official_language:7,official_language,raw_question,26,705.8234252929688,84.86152648925781,0.29479822516441345
smollm2_360m_base,official_language:7,official_language,raw_question,27,809.1434326171875,49.56877517700195,0.2684914171695709
smollm2_360m_base,official_language:7,official_language,raw_question,28,916.9365844726562,75.715087890625,0.26234766840934753
smollm2_360m_base,official_language:7,official_language,raw_question,29,1093.6685791015625,136.34344482421875,0.28547418117523193
smollm2_360m_base,official_language:7,official_language,raw_question,30,1229.5687255859375,104.92095184326172,0.3328179717063904
smollm2_360m_base,official_language:7,official_language,raw_question,31,62.749183654785156,133.28404235839844,0.5810490846633911
smollm2_360m_base,official_language:7,official_language,declarative,0,58.50847244262695,4.643671989440918,0.07548385113477707
smollm2_360m_base,official_language:7,official_language,declarative,1,86.69489288330078,18.77756118774414,0.10452866554260254
smollm2_360m_base,official_language:7,official_language,declarative,2,96.78382873535156,16.42561912536621,0.12861070036888123
smollm2_360m_base,official_language:7,official_language,declarative,3,89.21451568603516,24.697446823120117,0.14662402868270874
smollm2_360m_base,official_language:7,official_language,declarative,4,107.0577392578125,19.003395080566406,0.166285440325737
smollm2_360m_base,official_language:7,official_language,declarative,5,120.7079849243164,17.772783279418945,0.15844935178756714
smollm2_360m_base,official_language:7,official_language,declarative,6,134.19927978515625,10.287520408630371,0.16040687263011932
smollm2_360m_base,official_language:7,official_language,declarative,7,149.3736572265625,25.440418243408203,0.180996373295784
smollm2_360m_base,official_language:7,official_language,declarative,8,163.61233520507812,33.732810974121094,0.22416114807128906
smollm2_360m_base,official_language:7,official_language,declarative,9,174.34454345703125,10.734613418579102,0.2079409658908844
smollm2_360m_base,official_language:7,official_language,declarative,10,175.61082458496094,12.08920669555664,0.18455630540847778
smollm2_360m_base,official_language:7,official_language,declarative,11,183.29443359375,15.092766761779785,0.1904972940683365
smollm2_360m_base,official_language:7,official_language,declarative,12,181.02381896972656,19.0277042388916,0.1902420073747635
smollm2_360m_base,official_language:7,official_language,declarative,13,182.37876892089844,21.884971618652344,0.18175096809864044
smollm2_360m_base,official_language:7,official_language,declarative,14,193.60855102539062,39.49009704589844,0.19577595591545105
smollm2_360m_base,official_language:7,official_language,declarative,15,209.73574829101562,37.866973876953125,0.2086557149887085
smollm2_360m_base,official_language:7,official_language,declarative,16,239.98880004882812,40.156158447265625,0.2223413735628128
smollm2_360m_base,official_language:7,official_language,declarative,17,252.02142333984375,32.604915618896484,0.21685728430747986
smollm2_360m_base,official_language:7,official_language,declarative,18,243.6468963623047,44.1995849609375,0.21618013083934784
smollm2_360m_base,official_language:7,official_language,declarative,19,261.1573791503906,28.54219627380371,0.2293376922607422
smollm2_360m_base,official_language:7,official_language,declarative,20,273.79901123046875,26.3294677734375,0.2481125295162201
smollm2_360m_base,official_language:7,official_language,declarative,21,328.7387390136719,42.01165771484375,0.2746419310569763
smollm2_360m_base,official_language:7,official_language,declarative,22,356.1435546875,39.644989013671875,0.3599685728549957
smollm2_360m_base,official_language:7,official_language,declarative,23,416.93603515625,121.78937530517578,0.3262927234172821
smollm2_360m_base,official_language:7,official_language,declarative,24,549.9227905273438,79.2671127319336,0.32966378331184387
smollm2_360m_base,official_language:7,official_language,declarative,25,588.5183715820312,62.03754806518555,0.3571760654449463
smollm2_360m_base,official_language:7,official_language,declarative,26,819.5272827148438,171.43862915039062,0.36085110902786255
smollm2_360m_base,official_language:7,official_language,declarative,27,914.7684326171875,119.9235610961914,0.4053625464439392
smollm2_360m_base,official_language:7,official_language,declarative,28,988.4627075195312,83.03339385986328,0.4520236849784851
smollm2_360m_base,official_language:7,official_language,declarative,29,1200.4755859375,106.82074737548828,0.5281602144241333
smollm2_360m_base,official_language:7,official_language,declarative,30,1343.983642578125,138.0332489013672,0.5986838340759277
smollm2_360m_base,official_language:7,official_language,declarative,31,55.03672409057617,146.77330017089844,0.7571398019790649
smollm2_360m_base,official_language:7,official_language,qa,0,54.050865173339844,4.685119152069092,0.07499054819345474
smollm2_360m_base,official_language:7,official_language,qa,1,70.6324234008789,16.19384002685547,0.12899300456047058
smollm2_360m_base,official_language:7,official_language,qa,2,85.29778289794922,15.511208534240723,0.1403501331806183
smollm2_360m_base,official_language:7,official_language,qa,3,100.87932586669922,15.447239875793457,0.16664835810661316
smollm2_360m_base,official_language:7,official_language,qa,4,106.88566589355469,17.72670555114746,0.1788724958896637
smollm2_360m_base,official_language:7,official_language,qa,5,118.10435485839844,17.832632064819336,0.1717541664838791
smollm2_360m_base,official_language:7,official_language,qa,6,153.17721557617188,39.923553466796875,0.1995072215795517
smollm2_360m_base,official_language:7,official_language,qa,7,165.35182189941406,26.282718658447266,0.2087588608264923
smollm2_360m_base,official_language:7,official_language,qa,8,164.9720916748047,22.580368041992188,0.21282386779785156
smollm2_360m_base,official_language:7,official_language,qa,9,180.28866577148438,32.592742919921875,0.20725087821483612
smollm2_360m_base,official_language:7,official_language,qa,10,174.2261962890625,20.729808807373047,0.19197143614292145
smollm2_360m_base,official_language:7,official_language,qa,11,176.67837524414062,15.095970153808594,0.2050631046295166
smollm2_360m_base,official_language:7,official_language,qa,12,186.3037109375,24.03225326538086,0.20662370324134827
smollm2_360m_base,official_language:7,official_language,qa,13,195.36309814453125,18.542255401611328,0.19843202829360962
smollm2_360m_base,official_language:7,official_language,qa,14,199.6749267578125,26.087223052978516,0.19980952143669128
smollm2_360m_base,official_language:7,official_language,qa,15,209.9713134765625,31.990184783935547,0.20066066086292267
smollm2_360m_base,official_language:7,official_language,qa,16,229.3059844970703,35.32389450073242,0.21291732788085938
smollm2_360m_base,official_language:7,official_language,qa,17,244.40750122070312,26.80893898010254,0.21016168594360352
smollm2_360m_base,official_language:7,official_language,qa,18,245.16822814941406,36.17673110961914,0.21592077612876892
smollm2_360m_base,official_language:7,official_language,qa,19,258.9572448730469,29.85702896118164,0.22958187758922577
smollm2_360m_base,official_language:7,official_language,qa,20,269.56292724609375,37.0267219543457,0.25481516122817993
smollm2_360m_base,official_language:7,official_language,qa,21,341.1578063964844,51.67823028564453,0.28106799721717834
smollm2_360m_base,official_language:7,official_language,qa,22,365.97998046875,48.0643310546875,0.3807317614555359
smollm2_360m_base,official_language:7,official_language,qa,23,424.9208679199219,140.37905883789062,0.3376159071922302
smollm2_360m_base,official_language:7,official_language,qa,24,578.9773559570312,88.29280853271484,0.3598570227622986
smollm2_360m_base,official_language:7,official_language,qa,25,644.47314453125,59.167091369628906,0.3879094123840332
smollm2_360m_base,official_language:7,official_language,qa,26,822.5076904296875,156.71871948242188,0.36031919717788696
smollm2_360m_base,official_language:7,official_language,qa,27,932.2418823242188,110.2962875366211,0.35221752524375916
smollm2_360m_base,official_language:7,official_language,qa,28,1048.7591552734375,105.22611236572266,0.3781201243400574
smollm2_360m_base,official_language:7,official_language,qa,29,1278.9688720703125,125.28459167480469,0.44505858421325684
smollm2_360m_base,official_language:7,official_language,qa,30,1451.682373046875,168.2256317138672,0.5127832293510437
smollm2_360m_base,official_language:7,official_language,qa,31,62.71567916870117,122.50616455078125,0.7115519642829895
smollm2_360m_base,official_language:7,official_language,chat_template,0,51.115901947021484,4.919315814971924,0.06999170780181885
smollm2_360m_base,official_language:7,official_language,chat_template,1,70.60616302490234,17.883798599243164,0.08832108974456787
smollm2_360m_base,official_language:7,official_language,chat_template,2,79.6814193725586,10.791412353515625,0.11642064899206161
smollm2_360m_base,official_language:7,official_language,chat_template,3,92.5434799194336,15.090211868286133,0.14146533608436584
smollm2_360m_base,official_language:7,official_language,chat_template,4,104.59152221679688,17.65439796447754,0.15936532616615295
smollm2_360m_base,official_language:7,official_language,chat_template,5,116.20204162597656,14.588933944702148,0.15710917115211487
smollm2_360m_base,official_language:7,official_language,chat_template,6,127.31165313720703,24.59394645690918,0.16950951516628265
smollm2_360m_base,official_language:7,official_language,chat_template,7,148.22402954101562,25.505538940429688,0.1911139190196991
smollm2_360m_base,official_language:7,official_language,chat_template,8,158.94802856445312,29.546581268310547,0.2208782434463501
smollm2_360m_base,official_language:7,official_language,chat_template,9,168.29110717773438,25.538890838623047,0.2065339982509613
smollm2_360m_base,official_language:7,official_language,chat_template,10,168.02919006347656,14.509732246398926,0.173906609416008
smollm2_360m_base,official_language:7,official_language,chat_template,11,179.74520874023438,20.989465713500977,0.18907921016216278
smollm2_360m_base,official_language:7,official_language,chat_template,12,184.48890686035156,21.46009635925293,0.20025630295276642
smollm2_360m_base,official_language:7,official_language,chat_template,13,191.53216552734375,22.634416580200195,0.19734039902687073
smollm2_360m_base,official_language:7,official_language,chat_template,14,206.78253173828125,27.387115478515625,0.19993318617343903
smollm2_360m_base,official_language:7,official_language,chat_template,15,216.4065704345703,26.30887222290039,0.20271193981170654
smollm2_360m_base,official_language:7,official_language,chat_template,16,243.36825561523438,36.18042755126953,0.21904511749744415
smollm2_360m_base,official_language:7,official_language,chat_template,17,268.4685363769531,44.94440460205078,0.2422683984041214
smollm2_360m_base,official_language:7,official_language,chat_template,18,275.5527648925781,50.52800750732422,0.23729129135608673
smollm2_360m_base,official_language:7,official_language,chat_template,19,274.2246398925781,28.950044631958008,0.25185322761535645
smollm2_360m_base,official_language:7,official_language,chat_template,20,286.1797790527344,30.700716018676758,0.26870280504226685
smollm2_360m_base,official_language:7,official_language,chat_template,21,347.77716064453125,62.97353744506836,0.2971239686012268
smollm2_360m_base,official_language:7,official_language,chat_template,22,368.3752746582031,48.816959381103516,0.3893371522426605
smollm2_360m_base,official_language:7,official_language,chat_template,23,425.3961181640625,114.51499938964844,0.3324626386165619
smollm2_360m_base,official_language:7,official_language,chat_template,24,548.578369140625,91.10414123535156,0.35442766547203064
smollm2_360m_base,official_language:7,official_language,chat_template,25,635.619873046875,62.33316421508789,0.3821203112602234
smollm2_360m_base,official_language:7,official_language,chat_template,26,810.6423950195312,135.1624755859375,0.34977054595947266
smollm2_360m_base,official_language:7,official_language,chat_template,27,933.6727294921875,98.02273559570312,0.3178669810295105
smollm2_360m_base,official_language:7,official_language,chat_template,28,1047.1510009765625,124.2238540649414,0.32942333817481995
smollm2_360m_base,official_language:7,official_language,chat_template,29,1291.9638671875,173.13999938964844,0.37851256132125854
smollm2_360m_base,official_language:7,official_language,chat_template,30,1469.80517578125,142.2943115234375,0.44630932807922363
smollm2_360m_base,official_language:7,official_language,chat_template,31,67.23348999023438,153.2209930419922,0.6818491816520691
smollm2_360m_base,official_language:8,official_language,raw_question,0,63.61366653442383,4.531868934631348,0.09570373594760895
smollm2_360m_base,official_language:8,official_language,raw_question,1,82.2641830444336,14.960428237915039,0.09452231228351593
smollm2_360m_base,official_language:8,official_language,raw_question,2,94.82920837402344,14.817704200744629,0.12337140738964081
smollm2_360m_base,official_language:8,official_language,raw_question,3,82.47901153564453,17.02802085876465,0.13112950325012207
smollm2_360m_base,official_language:8,official_language,raw_question,4,96.34426879882812,18.437889099121094,0.15778042376041412
smollm2_360m_base,official_language:8,official_language,raw_question,5,113.24079895019531,18.936975479125977,0.16029568016529083
smollm2_360m_base,official_language:8,official_language,raw_question,6,130.31259155273438,10.452649116516113,0.17321094870567322
smollm2_360m_base,official_language:8,official_language,raw_question,7,144.9495391845703,22.336715698242188,0.19454331696033478
smollm2_360m_base,official_language:8,official_language,raw_question,8,157.0865020751953,18.378461837768555,0.20663046836853027
smollm2_360m_base,official_language:8,official_language,raw_question,9,162.9278564453125,12.923035621643066,0.20744819939136505
smollm2_360m_base,official_language:8,official_language,raw_question,10,165.142578125,16.83976173400879,0.18271057307720184
smollm2_360m_base,official_language:8,official_language,raw_question,11,182.89015197753906,19.42880630493164,0.20123398303985596
smollm2_360m_base,official_language:8,official_language,raw_question,12,185.5462188720703,21.97437858581543,0.2140301764011383
smollm2_360m_base,official_language:8,official_language,raw_question,13,186.53750610351562,25.480871200561523,0.19878433644771576
smollm2_360m_base,official_language:8,official_language,raw_question,14,202.97946166992188,37.6209716796875,0.20604605972766876
smollm2_360m_base,official_language:8,official_language,raw_question,15,225.96221923828125,40.059165954589844,0.21596355736255646
smollm2_360m_base,official_language:8,official_language,raw_question,16,241.3372039794922,38.28924560546875,0.20577462017536163
smollm2_360m_base,official_language:8,official_language,raw_question,17,252.00003051757812,33.484622955322266,0.19896718859672546
smollm2_360m_base,official_language:8,official_language,raw_question,18,249.74053955078125,41.587158203125,0.2016531229019165
smollm2_360m_base,official_language:8,official_language,raw_question,19,271.8944091796875,25.756086349487305,0.22311189770698547
smollm2_360m_base,official_language:8,official_language,raw_question,20,279.0592956542969,27.380842208862305,0.24212908744812012
smollm2_360m_base,official_language:8,official_language,raw_question,21,346.42236328125,45.9061393737793,0.2663628160953522
smollm2_360m_base,official_language:8,official_language,raw_question,22,373.1314697265625,40.39891052246094,0.32661229372024536
smollm2_360m_base,official_language:8,official_language,raw_question,23,421.5387268066406,44.111629486083984,0.29499316215515137
smollm2_360m_base,official_language:8,official_language,raw_question,24,509.2406311035156,51.77296447753906,0.3272554278373718
smollm2_360m_base,official_language:8,official_language,raw_question,25,572.0681762695312,23.939491271972656,0.31538936495780945
smollm2_360m_base,official_language:8,official_language,raw_question,26,691.0225219726562,68.1033706665039,0.29194316267967224
smollm2_360m_base,official_language:8,official_language,raw_question,27,798.2532348632812,38.25986099243164,0.2525745928287506
smollm2_360m_base,official_language:8,official_language,raw_question,28,892.5946655273438,69.48521423339844,0.24014811217784882
smollm2_360m_base,official_language:8,official_language,raw_question,29,1070.4703369140625,155.9369354248047,0.26703861355781555
smollm2_360m_base,official_language:8,official_language,raw_question,30,1211.92578125,103.61265563964844,0.3173863887786865
smollm2_360m_base,official_language:8,official_language,raw_question,31,67.83460235595703,121.37025451660156,0.5633343458175659
smollm2_360m_base,official_language:8,official_language,declarative,0,58.258216857910156,4.684839248657227,0.07595928013324738
smollm2_360m_base,official_language:8,official_language,declarative,1,84.68292999267578,18.103105545043945,0.10327563434839249
smollm2_360m_base,official_language:8,official_language,declarative,2,94.95146942138672,16.77569580078125,0.12724336981773376
smollm2_360m_base,official_language:8,official_language,declarative,3,86.79639434814453,24.111133575439453,0.1461048275232315
smollm2_360m_base,official_language:8,official_language,declarative,4,104.42529296875,18.08917999267578,0.16489842534065247
smollm2_360m_base,official_language:8,official_language,declarative,5,118.43489074707031,16.672590255737305,0.15760257840156555
smollm2_360m_base,official_language:8,official_language,declarative,6,133.19973754882812,9.916569709777832,0.15951994061470032
smollm2_360m_base,official_language:8,official_language,declarative,7,146.057861328125,23.021089553833008,0.18012504279613495
smollm2_360m_base,official_language:8,official_language,declarative,8,160.46714782714844,29.09419059753418,0.2142244279384613
smollm2_360m_base,official_language:8,official_language,declarative,9,167.2855987548828,12.166868209838867,0.19723810255527496
smollm2_360m_base,official_language:8,official_language,declarative,10,169.24095153808594,9.617813110351562,0.16567139327526093
smollm2_360m_base,official_language:8,official_language,declarative,11,178.73602294921875,15.951050758361816,0.17569468915462494
smollm2_360m_base,official_language:8,official_language,declarative,12,179.2653045654297,19.079069137573242,0.18446293473243713
smollm2_360m_base,official_language:8,official_language,declarative,13,179.34561157226562,24.81978416442871,0.1778426170349121
smollm2_360m_base,official_language:8,official_language,declarative,14,191.21180725097656,40.404205322265625,0.19560495018959045
smollm2_360m_base,official_language:8,official_language,declarative,15,209.5692596435547,38.1890754699707,0.20892760157585144
smollm2_360m_base,official_language:8,official_language,declarative,16,235.3037567138672,38.304649353027344,0.21467451751232147
smollm2_360m_base,official_language:8,official_language,declarative,17,248.3302764892578,32.022064208984375,0.21341586112976074
smollm2_360m_base,official_language:8,official_language,declarative,18,239.17120361328125,45.38351058959961,0.20861871540546417
smollm2_360m_base,official_language:8,official_language,declarative,19,263.2127380371094,29.560571670532227,0.22470343112945557
smollm2_360m_base,official_language:8,official_language,declarative,20,272.9088134765625,25.903186798095703,0.24398434162139893
smollm2_360m_base,official_language:8,official_language,declarative,21,324.501953125,40.830482482910156,0.26414942741394043
smollm2_360m_base,official_language:8,official_language,declarative,22,353.8533630371094,38.38900375366211,0.34237200021743774
smollm2_360m_base,official_language:8,official_language,declarative,23,428.8477783203125,127.64828491210938,0.31812721490859985
smollm2_360m_base,official_language:8,official_language,declarative,24,548.2645874023438,65.0733642578125,0.3180333077907562
smollm2_360m_base,official_language:8,official_language,declarative,25,596.8907470703125,46.530826568603516,0.3529897630214691
smollm2_360m_base,official_language:8,official_language,declarative,26,732.64453125,128.79586791992188,0.33529359102249146
smollm2_360m_base,official_language:8,official_language,declarative,27,834.5443115234375,47.535545349121094,0.35179442167282104
smollm2_360m_base,official_language:8,official_language,declarative,28,943.0919189453125,79.65495300292969,0.3882048726081848
smollm2_360m_base,official_language:8,official_language,declarative,29,1151.9898681640625,117.72723388671875,0.46683669090270996
smollm2_360m_base,official_language:8,official_language,declarative,30,1283.904052734375,88.99382019042969,0.5083708763122559
smollm2_360m_base,official_language:8,official_language,declarative,31,57.37600326538086,107.96395874023438,0.6347725987434387
smollm2_360m_base,official_language:8,official_language,qa,0,54.11292266845703,4.681542873382568,0.07514223456382751
smollm2_360m_base,official_language:8,official_language,qa,1,70.67042541503906,16.12955093383789,0.1299874484539032
smollm2_360m_base,official_language:8,official_language,qa,2,85.65261840820312,15.515957832336426,0.14192506670951843
smollm2_360m_base,official_language:8,official_language,qa,3,101.4590072631836,15.321913719177246,0.1679975539445877
smollm2_360m_base,official_language:8,official_language,qa,4,107.13127136230469,17.02229881286621,0.17812053859233856
smollm2_360m_base,official_language:8,official_language,qa,5,118.26019287109375,18.10053062438965,0.1710246056318283
smollm2_360m_base,official_language:8,official_language,qa,6,151.8427276611328,38.60676193237305,0.19753548502922058
smollm2_360m_base,official_language:8,official_language,qa,7,164.67526245117188,25.618694305419922,0.20712442696094513
smollm2_360m_base,official_language:8,official_language,qa,8,164.7040557861328,22.585947036743164,0.2117997705936432
smollm2_360m_base,official_language:8,official_language,qa,9,177.0893096923828,30.34642791748047,0.20759467780590057
smollm2_360m_base,official_language:8,official_language,qa,10,173.5142364501953,19.193777084350586,0.1872485876083374
smollm2_360m_base,official_language:8,official_language,qa,11,177.80357360839844,16.359310150146484,0.20278851687908173
smollm2_360m_base,official_language:8,official_language,qa,12,185.87564086914062,24.429168701171875,0.20571312308311462
smollm2_360m_base,official_language:8,official_language,qa,13,194.16497802734375,18.584997177124023,0.19782555103302002
smollm2_360m_base,official_language:8,official_language,qa,14,198.84080505371094,25.483591079711914,0.1966799795627594
smollm2_360m_base,official_language:8,official_language,qa,15,211.04388427734375,32.632057189941406,0.20211093127727509
smollm2_360m_base,official_language:8,official_language,qa,16,229.276123046875,33.67448806762695,0.20707456767559052
smollm2_360m_base,official_language:8,official_language,qa,17,246.0696563720703,25.804901123046875,0.20869088172912598
smollm2_360m_base,official_language:8,official_language,qa,18,247.6998748779297,36.03620529174805,0.21492111682891846
smollm2_360m_base,official_language:8,official_language,qa,19,259.2457275390625,29.237916946411133,0.22705793380737305
smollm2_360m_base,official_language:8,official_language,qa,20,270.37933349609375,36.86190414428711,0.2529755234718323
smollm2_360m_base,official_language:8,official_language,qa,21,342.85223388671875,51.778499603271484,0.2809860408306122
smollm2_360m_base,official_language:8,official_language,qa,22,368.431640625,47.939884185791016,0.37992003560066223
smollm2_360m_base,official_language:8,official_language,qa,23,438.1141357421875,152.38929748535156,0.3416752815246582
smollm2_360m_base,official_language:8,official_language,qa,24,583.3623046875,78.86552429199219,0.35972505807876587
smollm2_360m_base,official_language:8,official_language,qa,25,650.2501831054688,49.13258743286133,0.3938269019126892
smollm2_360m_base,official_language:8,official_language,qa,26,772.0732421875,119.52223205566406,0.35329535603523254
smollm2_360m_base,official_language:8,official_language,qa,27,886.372802734375,67.24801635742188,0.3311123549938202
smollm2_360m_base,official_language:8,official_language,qa,28,1003.8883666992188,100.35192108154297,0.36092954874038696
smollm2_360m_base,official_language:8,official_language,qa,29,1241.5767822265625,143.96591186523438,0.4384768605232239
smollm2_360m_base,official_language:8,official_language,qa,30,1405.244873046875,140.2631378173828,0.4818827211856842
smollm2_360m_base,official_language:8,official_language,qa,31,65.9048843383789,145.21278381347656,0.6596326231956482
smollm2_360m_base,official_language:8,official_language,chat_template,0,50.957969665527344,4.945827484130859,0.06962023675441742
smollm2_360m_base,official_language:8,official_language,chat_template,1,70.70662689208984,17.923433303833008,0.08838938176631927
smollm2_360m_base,official_language:8,official_language,chat_template,2,79.5707015991211,10.667852401733398,0.11621077358722687
smollm2_360m_base,official_language:8,official_language,chat_template,3,92.4497299194336,15.138071060180664,0.14196214079856873
smollm2_360m_base,official_language:8,official_language,chat_template,4,105.00189971923828,17.821895599365234,0.1594078242778778
smollm2_360m_base,official_language:8,official_language,chat_template,5,115.89698028564453,13.668095588684082,0.15649566054344177
smollm2_360m_base,official_language:8,official_language,chat_template,6,126.95059204101562,23.978595733642578,0.1685938537120819
smollm2_360m_base,official_language:8,official_language,chat_template,7,148.20591735839844,24.596986770629883,0.19091996550559998
smollm2_360m_base,official_language:8,official_language,chat_template,8,159.64877319335938,29.229236602783203,0.22249989211559296
smollm2_360m_base,official_language:8,official_language,chat_template,9,167.43045043945312,22.566951751708984,0.20662717521190643
smollm2_360m_base,official_language:8,official_language,chat_template,10,167.14337158203125,15.085736274719238,0.17428366839885712
smollm2_360m_base,official_language:8,official_language,chat_template,11,177.81295776367188,19.680635452270508,0.18541830778121948
smollm2_360m_base,official_language:8,official_language,chat_template,12,181.60897827148438,21.20966911315918,0.19654175639152527
smollm2_360m_base,official_language:8,official_language,chat_template,13,189.2242431640625,22.67520523071289,0.19475379586219788
smollm2_360m_base,official_language:8,official_language,chat_template,14,207.2811279296875,29.34449577331543,0.19850149750709534
smollm2_360m_base,official_language:8,official_language,chat_template,15,217.1175994873047,26.097118377685547,0.19927066564559937
smollm2_360m_base,official_language:8,official_language,chat_template,16,242.0296630859375,35.778831481933594,0.21435046195983887
smollm2_360m_base,official_language:8,official_language,chat_template,17,270.7701416015625,46.580448150634766,0.23900218307971954
smollm2_360m_base,official_language:8,official_language,chat_template,18,278.8096923828125,51.41105270385742,0.23399218916893005
smollm2_360m_base,official_language:8,official_language,chat_template,19,274.86236572265625,28.227386474609375,0.25139713287353516
smollm2_360m_base,official_language:8,official_language,chat_template,20,285.7585144042969,31.442960739135742,0.2685205042362213
smollm2_360m_base,official_language:8,official_language,chat_template,21,343.0703125,57.574180603027344,0.29294246435165405
smollm2_360m_base,official_language:8,official_language,chat_template,22,368.4215393066406,48.97822189331055,0.3856639862060547
smollm2_360m_base,official_language:8,official_language,chat_template,23,431.923583984375,114.41963195800781,0.3309781551361084
smollm2_360m_base,official_language:8,official_language,chat_template,24,554.0028686523438,80.39378356933594,0.356940895318985
smollm2_360m_base,official_language:8,official_language,chat_template,25,639.7758178710938,46.497901916503906,0.3850058615207672
smollm2_360m_base,official_language:8,official_language,chat_template,26,783.794921875,82.85565185546875,0.34483084082603455
smollm2_360m_base,official_language:8,official_language,chat_template,27,913.7894897460938,83.92066192626953,0.2996150553226471
smollm2_360m_base,official_language:8,official_language,chat_template,28,1020.4039916992188,117.49972534179688,0.31198588013648987
smollm2_360m_base,official_language:8,official_language,chat_template,29,1267.7294921875,191.3115997314453,0.3596097528934479
smollm2_360m_base,official_language:8,official_language,chat_template,30,1440.1492919921875,127.73611450195312,0.4120766520500183
smollm2_360m_base,official_language:8,official_language,chat_template,31,71.36522674560547,139.2111358642578,0.6522021293640137
smollm2_360m_base,official_language:9,official_language,raw_question,0,64.14112091064453,4.433281898498535,0.09603363275527954
smollm2_360m_base,official_language:9,official_language,raw_question,1,82.82919311523438,14.85411548614502,0.09554271399974823
smollm2_360m_base,official_language:9,official_language,raw_question,2,96.30909729003906,14.779173851013184,0.12509794533252716
smollm2_360m_base,official_language:9,official_language,raw_question,3,83.19700622558594,17.359643936157227,0.13362261652946472
smollm2_360m_base,official_language:9,official_language,raw_question,4,97.4852523803711,18.6569766998291,0.15872672200202942
smollm2_360m_base,official_language:9,official_language,raw_question,5,115.48377227783203,20.114646911621094,0.1609119474887848
smollm2_360m_base,official_language:9,official_language,raw_question,6,131.89022827148438,10.334754943847656,0.1726599782705307
smollm2_360m_base,official_language:9,official_language,raw_question,7,145.7253875732422,23.08660888671875,0.19508929550647736
smollm2_360m_base,official_language:9,official_language,raw_question,8,156.70184326171875,16.421144485473633,0.2073739469051361
smollm2_360m_base,official_language:9,official_language,raw_question,9,164.39453125,13.354758262634277,0.20655031502246857
smollm2_360m_base,official_language:9,official_language,raw_question,10,165.6621551513672,17.633502960205078,0.18377499282360077
smollm2_360m_base,official_language:9,official_language,raw_question,11,184.72178649902344,20.204395294189453,0.2011522352695465
smollm2_360m_base,official_language:9,official_language,raw_question,12,188.49058532714844,22.494596481323242,0.21495719254016876
smollm2_360m_base,official_language:9,official_language,raw_question,13,188.51844787597656,26.511127471923828,0.20160579681396484
smollm2_360m_base,official_language:9,official_language,raw_question,14,201.04783630371094,37.469947814941406,0.20541206002235413
smollm2_360m_base,official_language:9,official_language,raw_question,15,224.93234252929688,41.635372161865234,0.21397578716278076
smollm2_360m_base,official_language:9,official_language,raw_question,16,241.81211853027344,39.477352142333984,0.20862622559070587
smollm2_360m_base,official_language:9,official_language,raw_question,17,251.00079345703125,30.391393661499023,0.20040050148963928
smollm2_360m_base,official_language:9,official_language,raw_question,18,250.89886474609375,37.7318229675293,0.2044026404619217
smollm2_360m_base,official_language:9,official_language,raw_question,19,272.09881591796875,26.381820678710938,0.22598108649253845
smollm2_360m_base,official_language:9,official_language,raw_question,20,278.3336181640625,27.126054763793945,0.24494604766368866
smollm2_360m_base,official_language:9,official_language,raw_question,21,343.3843688964844,46.998374938964844,0.26772767305374146
smollm2_360m_base,official_language:9,official_language,raw_question,22,373.9497375488281,39.07236862182617,0.32996392250061035
smollm2_360m_base,official_language:9,official_language,raw_question,23,417.10028076171875,48.684200286865234,0.2987912595272064
smollm2_360m_base,official_language:9,official_language,raw_question,24,500.290771484375,51.8227653503418,0.3309686779975891
smollm2_360m_base,official_language:9,official_language,raw_question,25,564.52001953125,25.78725242614746,0.32157954573631287
smollm2_360m_base,official_language:9,official_language,raw_question,26,683.806396484375,78.53425598144531,0.2972797453403473
smollm2_360m_base,official_language:9,official_language,raw_question,27,797.538330078125,53.815853118896484,0.26484718918800354
smollm2_360m_base,official_language:9,official_language,raw_question,28,900.2341918945312,68.29447937011719,0.2625201344490051
smollm2_360m_base,official_language:9,official_language,raw_question,29,1080.966064453125,144.04383850097656,0.2798238694667816
smollm2_360m_base,official_language:9,official_language,raw_question,30,1220.91943359375,107.93400573730469,0.3304939866065979
smollm2_360m_base,official_language:9,official_language,raw_question,31,63.99760818481445,124.68061828613281,0.5710378885269165
smollm2_360m_base,official_language:9,official_language,declarative,0,58.53609085083008,4.66298246383667,0.07520963251590729
smollm2_360m_base,official_language:9,official_language,declarative,1,85.60253143310547,18.26259994506836,0.10438302904367447
smollm2_360m_base,official_language:9,official_language,declarative,2,96.63043975830078,16.73702049255371,0.12812228500843048
smollm2_360m_base,official_language:9,official_language,declarative,3,87.72071838378906,24.5057430267334,0.14682751893997192
smollm2_360m_base,official_language:9,official_language,declarative,4,104.89789581298828,17.92511558532715,0.16258719563484192
smollm2_360m_base,official_language:9,official_language,declarative,5,119.96971130371094,19.210420608520508,0.1594044268131256
smollm2_360m_base,official_language:9,official_language,declarative,6,134.35301208496094,10.212242126464844,0.1613140106201172
smollm2_360m_base,official_language:9,official_language,declarative,7,148.5580291748047,23.05574607849121,0.18158438801765442
smollm2_360m_base,official_language:9,official_language,declarative,8,163.0338897705078,30.24545669555664,0.2188405990600586
smollm2_360m_base,official_language:9,official_language,declarative,9,173.26173400878906,11.590506553649902,0.20336122810840607
smollm2_360m_base,official_language:9,official_language,declarative,10,174.3365020751953,10.613469123840332,0.1791767179965973
smollm2_360m_base,official_language:9,official_language,declarative,11,182.3559112548828,15.1478853225708,0.18553230166435242
smollm2_360m_base,official_language:9,official_language,declarative,12,181.98953247070312,20.198095321655273,0.18696531653404236
smollm2_360m_base,official_language:9,official_language,declarative,13,181.91432189941406,23.021167755126953,0.18046267330646515
smollm2_360m_base,official_language:9,official_language,declarative,14,193.16046142578125,40.42721939086914,0.19706107676029205
smollm2_360m_base,official_language:9,official_language,declarative,15,210.27322387695312,39.317508697509766,0.20931825041770935
smollm2_360m_base,official_language:9,official_language,declarative,16,237.6693878173828,39.604408264160156,0.2203623503446579
smollm2_360m_base,official_language:9,official_language,declarative,17,250.5432891845703,31.032419204711914,0.2165992558002472
smollm2_360m_base,official_language:9,official_language,declarative,18,244.44432067871094,43.009132385253906,0.21496590971946716
smollm2_360m_base,official_language:9,official_language,declarative,19,268.24066162109375,31.488136291503906,0.2293226271867752
smollm2_360m_base,official_language:9,official_language,declarative,20,278.6346130371094,27.182531356811523,0.2529716193675995
smollm2_360m_base,official_language:9,official_language,declarative,21,333.4565124511719,44.77131652832031,0.27524128556251526
smollm2_360m_base,official_language:9,official_language,declarative,22,364.70928955078125,37.756656646728516,0.3593670427799225
smollm2_360m_base,official_language:9,official_language,declarative,23,425.63037109375,133.7778778076172,0.32501479983329773
smollm2_360m_base,official_language:9,official_language,declarative,24,550.2389526367188,78.16619873046875,0.32763591408729553
smollm2_360m_base,official_language:9,official_language,declarative,25,594.799560546875,49.21261215209961,0.35619860887527466
smollm2_360m_base,official_language:9,official_language,declarative,26,745.8219604492188,133.12420654296875,0.3474370539188385
smollm2_360m_base,official_language:9,official_language,declarative,27,861.4507446289062,77.76715850830078,0.39532700181007385
smollm2_360m_base,official_language:9,official_language,declarative,28,979.1007080078125,80.02085876464844,0.4602510929107666
smollm2_360m_base,official_language:9,official_language,declarative,29,1200.806640625,107.7590103149414,0.5185611844062805
smollm2_360m_base,official_language:9,official_language,declarative,30,1336.650390625,102.8423843383789,0.5357643365859985
smollm2_360m_base,official_language:9,official_language,declarative,31,54.15480041503906,137.06539916992188,0.6897117495536804
smollm2_360m_base,official_language:9,official_language,qa,0,54.051082611083984,4.680587291717529,0.07462438195943832
smollm2_360m_base,official_language:9,official_language,qa,1,70.5868911743164,16.205808639526367,0.12922662496566772
smollm2_360m_base,official_language:9,official_language,qa,2,85.3360366821289,15.42428970336914,0.14031314849853516
smollm2_360m_base,official_language:9,official_language,qa,3,100.91148376464844,15.413949012756348,0.16722404956817627
smollm2_360m_base,official_language:9,official_language,qa,4,106.68219757080078,17.539060592651367,0.1788211166858673
smollm2_360m_base,official_language:9,official_language,qa,5,117.14231872558594,17.76458168029785,0.17128367722034454
smollm2_360m_base,official_language:9,official_language,qa,6,150.5421600341797,38.5247802734375,0.1978282332420349
smollm2_360m_base,official_language:9,official_language,qa,7,163.38818359375,25.32483673095703,0.20703749358654022
smollm2_360m_base,official_language:9,official_language,qa,8,163.9398193359375,22.382944107055664,0.210645392537117
smollm2_360m_base,official_language:9,official_language,qa,9,178.87103271484375,31.4144229888916,0.2064150869846344
smollm2_360m_base,official_language:9,official_language,qa,10,173.8271942138672,19.95253562927246,0.1890561282634735
smollm2_360m_base,official_language:9,official_language,qa,11,176.5057373046875,15.30289363861084,0.2040134221315384
smollm2_360m_base,official_language:9,official_language,qa,12,186.57835388183594,24.55205535888672,0.20578715205192566
smollm2_360m_base,official_language:9,official_language,qa,13,194.9796142578125,18.518733978271484,0.1979268491268158
smollm2_360m_base,official_language:9,official_language,qa,14,198.51646423339844,25.463077545166016,0.19748075306415558
smollm2_360m_base,official_language:9,official_language,qa,15,208.80911254882812,32.48019790649414,0.20025384426116943
smollm2_360m_base,official_language:9,official_language,qa,16,228.44578552246094,35.84007263183594,0.21184749901294708
smollm2_360m_base,official_language:9,official_language,qa,17,243.06277465820312,25.924379348754883,0.21090273559093475
smollm2_360m_base,official_language:9,official_language,qa,18,245.22007751464844,35.15508270263672,0.21614138782024384
smollm2_360m_base,official_language:9,official_language,qa,19,256.77166748046875,29.717912673950195,0.22718527913093567
smollm2_360m_base,official_language:9,official_language,qa,20,266.8397521972656,36.72193145751953,0.2541598975658417
smollm2_360m_base,official_language:9,official_language,qa,21,339.27606201171875,53.45963668823242,0.2820289731025696
smollm2_360m_base,official_language:9,official_language,qa,22,362.4552917480469,46.76915740966797,0.38093212246894836
smollm2_360m_base,official_language:9,official_language,qa,23,427.3575134277344,151.94058227539062,0.3396567404270172
smollm2_360m_base,official_language:9,official_language,qa,24,575.9391479492188,82.4122314453125,0.3603280186653137
smollm2_360m_base,official_language:9,official_language,qa,25,646.3588256835938,48.27444839477539,0.39395055174827576
smollm2_360m_base,official_language:9,official_language,qa,26,780.885986328125,135.90992736816406,0.35802334547042847
smollm2_360m_base,official_language:9,official_language,qa,27,906.92529296875,107.55924987792969,0.3518486022949219
smollm2_360m_base,official_language:9,official_language,qa,28,1025.5030517578125,94.05186462402344,0.4117094874382019
smollm2_360m_base,official_language:9,official_language,qa,29,1257.071044921875,133.29190063476562,0.45969876646995544
smollm2_360m_base,official_language:9,official_language,qa,30,1420.42041015625,135.84693908691406,0.48953133821487427
smollm2_360m_base,official_language:9,official_language,qa,31,62.86151123046875,149.796142578125,0.6850108504295349
smollm2_360m_base,official_language:9,official_language,chat_template,0,51.302730560302734,4.916515827178955,0.06992436945438385
smollm2_360m_base,official_language:9,official_language,chat_template,1,70.96512603759766,18.007112503051758,0.08793244510889053
smollm2_360m_base,official_language:9,official_language,chat_template,2,79.81305694580078,10.72304630279541,0.11571057140827179
smollm2_360m_base,official_language:9,official_language,chat_template,3,92.97598266601562,15.189702987670898,0.1416890174150467
smollm2_360m_base,official_language:9,official_language,chat_template,4,105.5075454711914,18.000165939331055,0.15958182513713837
smollm2_360m_base,official_language:9,official_language,chat_template,5,116.96029663085938,14.111828804016113,0.1571517288684845
smollm2_360m_base,official_language:9,official_language,chat_template,6,127.2763671875,23.742481231689453,0.16906385123729706
smollm2_360m_base,official_language:9,official_language,chat_template,7,148.2899932861328,24.605690002441406,0.19040605425834656
smollm2_360m_base,official_language:9,official_language,chat_template,8,159.71852111816406,29.01958656311035,0.22113370895385742
smollm2_360m_base,official_language:9,official_language,chat_template,9,168.59707641601562,23.171714782714844,0.2049425095319748
smollm2_360m_base,official_language:9,official_language,chat_template,10,168.28359985351562,14.68143081665039,0.1733657419681549
smollm2_360m_base,official_language:9,official_language,chat_template,11,179.04156494140625,20.0684871673584,0.18721094727516174
smollm2_360m_base,official_language:9,official_language,chat_template,12,183.85447692871094,21.364797592163086,0.1984993815422058
smollm2_360m_base,official_language:9,official_language,chat_template,13,192.15426635742188,22.961162567138672,0.19657090306282043
smollm2_360m_base,official_language:9,official_language,chat_template,14,208.50326538085938,27.76302146911621,0.1989966630935669
smollm2_360m_base,official_language:9,official_language,chat_template,15,218.03875732421875,25.992477416992188,0.20228174328804016
smollm2_360m_base,official_language:9,official_language,chat_template,16,244.0362091064453,36.154605865478516,0.21861235797405243
smollm2_360m_base,official_language:9,official_language,chat_template,17,269.1315612792969,45.233123779296875,0.24085311591625214
smollm2_360m_base,official_language:9,official_language,chat_template,18,276.1658935546875,50.10097122192383,0.2366810292005539
smollm2_360m_base,official_language:9,official_language,chat_template,19,273.39080810546875,29.118871688842773,0.25241619348526
smollm2_360m_base,official_language:9,official_language,chat_template,20,283.9623107910156,31.554357528686523,0.2705358862876892
smollm2_360m_base,official_language:9,official_language,chat_template,21,344.2928466796875,61.87881851196289,0.29841262102127075
smollm2_360m_base,official_language:9,official_language,chat_template,22,366.107666015625,48.642032623291016,0.3909316658973694
smollm2_360m_base,official_language:9,official_language,chat_template,23,424.35986328125,116.47270202636719,0.33249950408935547
smollm2_360m_base,official_language:9,official_language,chat_template,24,546.1690673828125,87.63593292236328,0.35810476541519165
smollm2_360m_base,official_language:9,official_language,chat_template,25,637.8634033203125,54.861175537109375,0.38928258419036865
smollm2_360m_base,official_language:9,official_language,chat_template,26,778.2991943359375,106.98316955566406,0.35164937376976013
smollm2_360m_base,official_language:9,official_language,chat_template,27,927.2748413085938,98.88935852050781,0.31813815236091614
smollm2_360m_base,official_language:9,official_language,chat_template,28,1036.2816162109375,112.24280548095703,0.3473966717720032
smollm2_360m_base,official_language:9,official_language,chat_template,29,1283.8421630859375,174.0478057861328,0.3874635100364685
smollm2_360m_base,official_language:9,official_language,chat_template,30,1463.7615966796875,133.3683624267578,0.43413791060447693
smollm2_360m_base,official_language:9,official_language,chat_template,31,67.59963989257812,152.6735076904297,0.6730672717094421
smollm2_360m_base,official_language:10,official_language,raw_question,0,64.30127716064453,4.405128479003906,0.09584708511829376
smollm2_360m_base,official_language:10,official_language,raw_question,1,85.21220397949219,15.492446899414062,0.09562196582555771
smollm2_360m_base,official_language:10,official_language,raw_question,2,97.81024169921875,14.725835800170898,0.1257747858762741
smollm2_360m_base,official_language:10,official_language,raw_question,3,84.41361236572266,17.623821258544922,0.13226480782032013
smollm2_360m_base,official_language:10,official_language,raw_question,4,98.58776092529297,19.039064407348633,0.15832272171974182
smollm2_360m_base,official_language:10,official_language,raw_question,5,115.90884399414062,20.311973571777344,0.16125711798667908
smollm2_360m_base,official_language:10,official_language,raw_question,6,132.09071350097656,10.458425521850586,0.17186804115772247
smollm2_360m_base,official_language:10,official_language,raw_question,7,147.5445098876953,25.690919876098633,0.1942136585712433
smollm2_360m_base,official_language:10,official_language,raw_question,8,155.4393310546875,16.44844627380371,0.2080945074558258
smollm2_360m_base,official_language:10,official_language,raw_question,9,162.8197784423828,15.116442680358887,0.20530447363853455
smollm2_360m_base,official_language:10,official_language,raw_question,10,164.2180938720703,13.714065551757812,0.17975467443466187
smollm2_360m_base,official_language:10,official_language,raw_question,11,183.14312744140625,20.7462100982666,0.19796013832092285
smollm2_360m_base,official_language:10,official_language,raw_question,12,185.21849060058594,21.827333450317383,0.2134743183851242
smollm2_360m_base,official_language:10,official_language,raw_question,13,184.76174926757812,27.915786743164062,0.19932827353477478
smollm2_360m_base,official_language:10,official_language,raw_question,14,198.0927734375,37.36652755737305,0.202102929353714
smollm2_360m_base,official_language:10,official_language,raw_question,15,220.7541046142578,41.18278884887695,0.2108340710401535
smollm2_360m_base,official_language:10,official_language,raw_question,16,238.9034423828125,38.417972564697266,0.2076144516468048
smollm2_360m_base,official_language:10,official_language,raw_question,17,248.44110107421875,31.00826644897461,0.1995031088590622
smollm2_360m_base,official_language:10,official_language,raw_question,18,247.0680694580078,39.328853607177734,0.20203928649425507
smollm2_360m_base,official_language:10,official_language,raw_question,19,267.941650390625,26.51141357421875,0.22495928406715393
smollm2_360m_base,official_language:10,official_language,raw_question,20,277.5520935058594,26.17186737060547,0.24457426369190216
smollm2_360m_base,official_language:10,official_language,raw_question,21,345.8466796875,48.430564880371094,0.26942282915115356
smollm2_360m_base,official_language:10,official_language,raw_question,22,375.4591369628906,38.646942138671875,0.3279254734516144
smollm2_360m_base,official_language:10,official_language,raw_question,23,415.7723693847656,45.54039001464844,0.29844191670417786
smollm2_360m_base,official_language:10,official_language,raw_question,24,503.162353515625,54.35479736328125,0.3317487835884094
smollm2_360m_base,official_language:10,official_language,raw_question,25,567.5153198242188,27.755878448486328,0.3232274651527405
smollm2_360m_base,official_language:10,official_language,raw_question,26,702.4988403320312,85.67729949951172,0.29984086751937866
smollm2_360m_base,official_language:10,official_language,raw_question,27,809.6072998046875,54.523250579833984,0.27140718698501587
smollm2_360m_base,official_language:10,official_language,raw_question,28,917.5582275390625,70.91636657714844,0.25970548391342163
smollm2_360m_base,official_language:10,official_language,raw_question,29,1097.705322265625,141.8011474609375,0.28380855917930603
smollm2_360m_base,official_language:10,official_language,raw_question,30,1222.31201171875,106.60930633544922,0.33114859461784363
smollm2_360m_base,official_language:10,official_language,raw_question,31,62.191402435302734,138.7134246826172,0.5790137052536011
smollm2_360m_base,official_language:10,official_language,declarative,0,58.30131149291992,4.642706394195557,0.07564464956521988
smollm2_360m_base,official_language:10,official_language,declarative,1,88.5291519165039,19.555509567260742,0.10512135177850723
smollm2_360m_base,official_language:10,official_language,declarative,2,99.1705322265625,16.610017776489258,0.13170790672302246
smollm2_360m_base,official_language:10,official_language,declarative,3,89.79214477539062,24.656538009643555,0.14616143703460693
smollm2_360m_base,official_language:10,official_language,declarative,4,107.66435241699219,18.63336181640625,0.16487494111061096
smollm2_360m_base,official_language:10,official_language,declarative,5,120.97615814208984,19.3182315826416,0.15891604125499725
smollm2_360m_base,official_language:10,official_language,declarative,6,133.3652801513672,10.347224235534668,0.15989212691783905
smollm2_360m_base,official_language:10,official_language,declarative,7,148.86077880859375,25.38557243347168,0.1795717477798462
smollm2_360m_base,official_language:10,official_language,declarative,8,163.37893676757812,32.27138900756836,0.2218940556049347
smollm2_360m_base,official_language:10,official_language,declarative,9,173.54981994628906,11.063779830932617,0.2071429044008255
smollm2_360m_base,official_language:10,official_language,declarative,10,173.9984130859375,11.966320037841797,0.18353751301765442
smollm2_360m_base,official_language:10,official_language,declarative,11,181.4691619873047,14.346969604492188,0.1878829151391983
smollm2_360m_base,official_language:10,official_language,declarative,12,183.32089233398438,20.859987258911133,0.1930009424686432
smollm2_360m_base,official_language:10,official_language,declarative,13,183.66510009765625,22.758792877197266,0.1835857629776001
smollm2_360m_base,official_language:10,official_language,declarative,14,194.4001007080078,40.07172393798828,0.19681432843208313
smollm2_360m_base,official_language:10,official_language,declarative,15,210.89512634277344,38.02001953125,0.20950254797935486
smollm2_360m_base,official_language:10,official_language,declarative,16,239.977783203125,40.23884963989258,0.22076359391212463
smollm2_360m_base,official_language:10,official_language,declarative,17,251.64520263671875,31.21027374267578,0.2164408266544342
smollm2_360m_base,official_language:10,official_language,declarative,18,244.9816436767578,43.26817321777344,0.2163073718547821
smollm2_360m_base,official_language:10,official_language,declarative,19,263.35797119140625,29.32696533203125,0.22945527732372284
smollm2_360m_base,official_language:10,official_language,declarative,20,276.3726501464844,26.310054779052734,0.24767641723155975
smollm2_360m_base,official_language:10,official_language,declarative,21,333.06121826171875,42.306182861328125,0.2722539007663727
smollm2_360m_base,official_language:10,official_language,declarative,22,364.0246276855469,38.09304428100586,0.3602369427680969
smollm2_360m_base,official_language:10,official_language,declarative,23,422.1425476074219,125.11699676513672,0.32526907324790955
smollm2_360m_base,official_language:10,official_language,declarative,24,548.7855224609375,84.6631088256836,0.3282918334007263
smollm2_360m_base,official_language:10,official_language,declarative,25,585.7477416992188,50.42695999145508,0.35909610986709595
smollm2_360m_base,official_language:10,official_language,declarative,26,800.3844604492188,167.0941925048828,0.365984708070755
smollm2_360m_base,official_language:10,official_language,declarative,27,925.542236328125,124.25687408447266,0.41044631600379944
smollm2_360m_base,official_language:10,official_language,declarative,28,997.7798461914062,85.41227722167969,0.4661042094230652
smollm2_360m_base,official_language:10,official_language,declarative,29,1211.2030029296875,90.03120422363281,0.5379961133003235
smollm2_360m_base,official_language:10,official_language,declarative,30,1329.6029052734375,138.18624877929688,0.592783510684967
smollm2_360m_base,official_language:10,official_language,declarative,31,48.31887435913086,154.96041870117188,0.7460678815841675
smollm2_360m_base,official_language:10,official_language,qa,0,54.05156707763672,4.6857523918151855,0.0750298947095871
smollm2_360m_base,official_language:10,official_language,qa,1,70.59463500976562,16.272510528564453,0.12939465045928955
smollm2_360m_base,official_language:10,official_language,qa,2,85.22842407226562,15.448575019836426,0.14102999866008759
smollm2_360m_base,official_language:10,official_language,qa,3,100.64490509033203,15.431242942810059,0.16643483936786652
smollm2_360m_base,official_language:10,official_language,qa,4,106.87596130371094,17.330480575561523,0.17793557047843933
smollm2_360m_base,official_language:10,official_language,qa,5,117.25479125976562,17.80076789855957,0.17075341939926147
smollm2_360m_base,official_language:10,official_language,qa,6,151.6237030029297,38.92523193359375,0.19836220145225525
smollm2_360m_base,official_language:10,official_language,qa,7,165.32620239257812,26.226579666137695,0.20860520005226135
smollm2_360m_base,official_language:10,official_language,qa,8,164.98069763183594,22.278078079223633,0.2118353396654129
smollm2_360m_base,official_language:10,official_language,qa,9,178.81617736816406,30.207311630249023,0.20518580079078674
smollm2_360m_base,official_language:10,official_language,qa,10,173.4359893798828,18.93772315979004,0.19004510343074799
smollm2_360m_base,official_language:10,official_language,qa,11,177.22042846679688,14.838424682617188,0.20385126769542694
smollm2_360m_base,official_language:10,official_language,qa,12,187.22305297851562,24.708053588867188,0.20648729801177979
smollm2_360m_base,official_language:10,official_language,qa,13,196.502685546875,19.47508430480957,0.19796723127365112
smollm2_360m_base,official_language:10,official_language,qa,14,201.2352294921875,25.708581924438477,0.1988716721534729
smollm2_360m_base,official_language:10,official_language,qa,15,209.4575653076172,31.030981063842773,0.19824542105197906
smollm2_360m_base,official_language:10,official_language,qa,16,229.61766052246094,35.09036636352539,0.21216091513633728
smollm2_360m_base,official_language:10,official_language,qa,17,245.40652465820312,26.45292854309082,0.21054096519947052
smollm2_360m_base,official_language:10,official_language,qa,18,246.41943359375,34.935733795166016,0.2143888771533966
smollm2_360m_base,official_language:10,official_language,qa,19,258.3266296386719,29.3903865814209,0.22708070278167725
smollm2_360m_base,official_language:10,official_language,qa,20,269.4196472167969,36.629798889160156,0.2528482973575592
smollm2_360m_base,official_language:10,official_language,qa,21,338.897705078125,49.51642990112305,0.27820611000061035
smollm2_360m_base,official_language:10,official_language,qa,22,363.9438171386719,48.31187438964844,0.3773792088031769
smollm2_360m_base,official_language:10,official_language,qa,23,426.4305419921875,138.16879272460938,0.337344765663147
smollm2_360m_base,official_language:10,official_language,qa,24,577.9869384765625,90.327880859375,0.3601779043674469
smollm2_360m_base,official_language:10,official_language,qa,25,646.7955932617188,57.71282196044922,0.39014023542404175
smollm2_360m_base,official_language:10,official_language,qa,26,821.7678833007812,158.5843505859375,0.36321258544921875
smollm2_360m_base,official_language:10,official_language,qa,27,939.2985229492188,113.25437927246094,0.35454902052879333
smollm2_360m_base,official_language:10,official_language,qa,28,1056.7191162109375,106.99927520751953,0.3722735047340393
smollm2_360m_base,official_language:10,official_language,qa,29,1296.0802001953125,142.59954833984375,0.43572288751602173
smollm2_360m_base,official_language:10,official_language,qa,30,1455.6143798828125,171.6750030517578,0.5034122467041016
smollm2_360m_base,official_language:10,official_language,qa,31,60.946563720703125,138.9920654296875,0.7052022218704224
smollm2_360m_base,official_language:10,official_language,chat_template,0,51.00772476196289,4.950012683868408,0.06969716399908066
smollm2_360m_base,official_language:10,official_language,chat_template,1,70.78490447998047,18.087034225463867,0.08839036524295807
smollm2_360m_base,official_language:10,official_language,chat_template,2,79.59808349609375,10.645340919494629,0.11614318192005157
smollm2_360m_base,official_language:10,official_language,chat_template,3,92.39322662353516,15.07884407043457,0.14131386578083038
smollm2_360m_base,official_language:10,official_language,chat_template,4,104.88538360595703,17.92439079284668,0.1593783050775528
smollm2_360m_base,official_language:10,official_language,chat_template,5,116.0523681640625,14.845148086547852,0.15672072768211365
smollm2_360m_base,official_language:10,official_language,chat_template,6,126.7332534790039,24.890789031982422,0.16931894421577454
smollm2_360m_base,official_language:10,official_language,chat_template,7,147.11412048339844,24.913267135620117,0.19002076983451843
smollm2_360m_base,official_language:10,official_language,chat_template,8,157.2002716064453,28.92045783996582,0.2206001579761505
smollm2_360m_base,official_language:10,official_language,chat_template,9,166.90269470214844,25.301986694335938,0.20902054011821747
smollm2_360m_base,official_language:10,official_language,chat_template,10,167.2622833251953,14.714999198913574,0.17471206188201904
smollm2_360m_base,official_language:10,official_language,chat_template,11,179.0231170654297,21.290781021118164,0.18963220715522766
smollm2_360m_base,official_language:10,official_language,chat_template,12,184.16224670410156,21.542644500732422,0.20024824142456055
smollm2_360m_base,official_language:10,official_language,chat_template,13,191.76528930664062,22.969560623168945,0.19743657112121582
smollm2_360m_base,official_language:10,official_language,chat_template,14,207.44540405273438,27.994735717773438,0.19986207783222198
smollm2_360m_base,official_language:10,official_language,chat_template,15,217.68814086914062,26.34142303466797,0.20212909579277039
smollm2_360m_base,official_language:10,official_language,chat_template,16,244.74635314941406,36.81550216674805,0.22137418389320374
smollm2_360m_base,official_language:10,official_language,chat_template,17,271.3583068847656,46.2709846496582,0.24425628781318665
smollm2_360m_base,official_language:10,official_language,chat_template,18,277.2517395019531,50.43791580200195,0.23805873095989227
smollm2_360m_base,official_language:10,official_language,chat_template,19,275.1080322265625,29.47940444946289,0.2534521818161011
smollm2_360m_base,official_language:10,official_language,chat_template,20,286.9259033203125,30.843826293945312,0.2697167992591858
smollm2_360m_base,official_language:10,official_language,chat_template,21,348.86895751953125,63.01265335083008,0.2982313334941864
smollm2_360m_base,official_language:10,official_language,chat_template,22,367.468994140625,49.33979797363281,0.3926297724246979
smollm2_360m_base,official_language:10,official_language,chat_template,23,425.6821594238281,119.00242614746094,0.33358561992645264
smollm2_360m_base,official_language:10,official_language,chat_template,24,550.4949951171875,97.16680145263672,0.3578287661075592
smollm2_360m_base,official_language:10,official_language,chat_template,25,638.7750244140625,60.40966796875,0.38610032200813293
smollm2_360m_base,official_language:10,official_language,chat_template,26,813.9053344726562,142.6697235107422,0.357698529958725
smollm2_360m_base,official_language:10,official_language,chat_template,27,937.0146484375,111.90682220458984,0.330394446849823
smollm2_360m_base,official_language:10,official_language,chat_template,28,1047.19189453125,127.1431884765625,0.34189310669898987
smollm2_360m_base,official_language:10,official_language,chat_template,29,1303.1392822265625,178.85736083984375,0.39236944913864136
smollm2_360m_base,official_language:10,official_language,chat_template,30,1469.0606689453125,155.2691192626953,0.4681171476840973
smollm2_360m_base,official_language:10,official_language,chat_template,31,64.84707641601562,159.83212280273438,0.696544349193573
smollm2_360m_base,official_language:11,official_language,raw_question,0,64.02911376953125,4.433313846588135,0.09560380131006241
smollm2_360m_base,official_language:11,official_language,raw_question,1,83.92892456054688,15.097307205200195,0.09648178517818451
smollm2_360m_base,official_language:11,official_language,raw_question,2,97.31497955322266,14.934576988220215,0.12484254688024521
smollm2_360m_base,official_language:11,official_language,raw_question,3,84.38798522949219,17.241600036621094,0.1322789490222931
smollm2_360m_base,official_language:11,official_language,raw_question,4,98.60064697265625,19.042936325073242,0.15739931166172028
smollm2_360m_base,official_language:11,official_language,raw_question,5,115.43138885498047,19.949260711669922,0.16027198731899261
smollm2_360m_base,official_language:11,official_language,raw_question,6,132.12353515625,10.327796936035156,0.1698862761259079
smollm2_360m_base,official_language:11,official_language,raw_question,7,150.57745361328125,25.865053176879883,0.19552700221538544
smollm2_360m_base,official_language:11,official_language,raw_question,8,159.28280639648438,17.268342971801758,0.20593281090259552
smollm2_360m_base,official_language:11,official_language,raw_question,9,161.57528686523438,14.24219036102295,0.20223653316497803
smollm2_360m_base,official_language:11,official_language,raw_question,10,166.09849548339844,12.848715782165527,0.17408527433872223
smollm2_360m_base,official_language:11,official_language,raw_question,11,180.53343200683594,22.160804748535156,0.1981174498796463
smollm2_360m_base,official_language:11,official_language,raw_question,12,180.71316528320312,19.55246353149414,0.20818205177783966
smollm2_360m_base,official_language:11,official_language,raw_question,13,183.31890869140625,26.457378387451172,0.19435003399848938
smollm2_360m_base,official_language:11,official_language,raw_question,14,198.22511291503906,36.96530532836914,0.20041760802268982
smollm2_360m_base,official_language:11,official_language,raw_question,15,225.37362670898438,41.31608581542969,0.21455812454223633
smollm2_360m_base,official_language:11,official_language,raw_question,16,245.99554443359375,37.7329216003418,0.21106505393981934
smollm2_360m_base,official_language:11,official_language,raw_question,17,257.2563171386719,33.71251678466797,0.20159952342510223
smollm2_360m_base,official_language:11,official_language,raw_question,18,252.67771911621094,45.18325424194336,0.20275714993476868
smollm2_360m_base,official_language:11,official_language,raw_question,19,271.8631896972656,26.16581916809082,0.22968725860118866
smollm2_360m_base,official_language:11,official_language,raw_question,20,278.4351501464844,25.34705352783203,0.24338476359844208
smollm2_360m_base,official_language:11,official_language,raw_question,21,345.3399353027344,45.14242172241211,0.26398521661758423
smollm2_360m_base,official_language:11,official_language,raw_question,22,374.9673767089844,39.56514358520508,0.320946604013443
smollm2_360m_base,official_language:11,official_language,raw_question,23,412.8023376464844,38.56083679199219,0.29538074135780334
smollm2_360m_base,official_language:11,official_language,raw_question,24,492.0423278808594,48.9377326965332,0.33618593215942383
smollm2_360m_base,official_language:11,official_language,raw_question,25,550.609375,23.150714874267578,0.3260664641857147
smollm2_360m_base,official_language:11,official_language,raw_question,26,667.9727783203125,72.77468872070312,0.29641133546829224
smollm2_360m_base,official_language:11,official_language,raw_question,27,776.476806640625,67.38198852539062,0.26166191697120667
smollm2_360m_base,official_language:11,official_language,raw_question,28,875.2881469726562,66.36260986328125,0.24889245629310608
smollm2_360m_base,official_language:11,official_language,raw_question,29,1052.0545654296875,144.22723388671875,0.2627882659435272
smollm2_360m_base,official_language:11,official_language,raw_question,30,1171.3397216796875,98.74987030029297,0.31988486647605896
smollm2_360m_base,official_language:11,official_language,raw_question,31,62.763370513916016,114.5754165649414,0.5476976633071899
smollm2_360m_base,official_language:11,official_language,declarative,0,58.44913864135742,4.648979663848877,0.07586709409952164
smollm2_360m_base,official_language:11,official_language,declarative,1,86.69843292236328,18.12465476989746,0.10524538904428482
smollm2_360m_base,official_language:11,official_language,declarative,2,97.52084350585938,16.40057373046875,0.1269708126783371
smollm2_360m_base,official_language:11,official_language,declarative,3,89.1285629272461,24.7056884765625,0.14488141238689423
smollm2_360m_base,official_language:11,official_language,declarative,4,106.72267150878906,18.42245101928711,0.1634516716003418
smollm2_360m_base,official_language:11,official_language,declarative,5,118.4691390991211,17.94256019592285,0.1548917591571808
smollm2_360m_base,official_language:11,official_language,declarative,6,132.30471801757812,10.515395164489746,0.15537424385547638
smollm2_360m_base,official_language:11,official_language,declarative,7,148.19113159179688,24.696237564086914,0.17806023359298706
smollm2_360m_base,official_language:11,official_language,declarative,8,161.9973907470703,31.480268478393555,0.21728730201721191
smollm2_360m_base,official_language:11,official_language,declarative,9,171.73826599121094,12.148873329162598,0.19991090893745422
smollm2_360m_base,official_language:11,official_language,declarative,10,174.54202270507812,9.75696849822998,0.17403025925159454
smollm2_360m_base,official_language:11,official_language,declarative,11,182.92977905273438,13.567338943481445,0.17986968159675598
smollm2_360m_base,official_language:11,official_language,declarative,12,184.1331024169922,21.202674865722656,0.18993325531482697
smollm2_360m_base,official_language:11,official_language,declarative,13,182.5050048828125,22.298734664916992,0.18099714815616608
smollm2_360m_base,official_language:11,official_language,declarative,14,195.08700561523438,39.77543640136719,0.19464892148971558
smollm2_360m_base,official_language:11,official_language,declarative,15,211.5627899169922,37.18955993652344,0.20521318912506104
smollm2_360m_base,official_language:11,official_language,declarative,16,242.48654174804688,40.45976638793945,0.21989259123802185
smollm2_360m_base,official_language:11,official_language,declarative,17,265.6803894042969,33.9084587097168,0.21646611392498016
smollm2_360m_base,official_language:11,official_language,declarative,18,251.2774200439453,66.78657531738281,0.21692542731761932
smollm2_360m_base,official_language:11,official_language,declarative,19,264.7093811035156,30.21596336364746,0.23443575203418732
smollm2_360m_base,official_language:11,official_language,declarative,20,271.8199462890625,26.7312068939209,0.24898776412010193
smollm2_360m_base,official_language:11,official_language,declarative,21,329.6316833496094,39.44359588623047,0.2669340968132019
smollm2_360m_base,official_language:11,official_language,declarative,22,358.9623718261719,37.824378967285156,0.35618776082992554
smollm2_360m_base,official_language:11,official_language,declarative,23,420.4737548828125,130.07745361328125,0.3231540620326996
smollm2_360m_base,official_language:11,official_language,declarative,24,541.5062255859375,72.06167602539062,0.3260982632637024
smollm2_360m_base,official_language:11,official_language,declarative,25,584.4061889648438,55.745643615722656,0.3554890751838684
smollm2_360m_base,official_language:11,official_language,declarative,26,737.6666870117188,139.88661193847656,0.34340769052505493
smollm2_360m_base,official_language:11,official_language,declarative,27,878.4308471679688,137.6075439453125,0.36852794885635376
smollm2_360m_base,official_language:11,official_language,declarative,28,962.8248901367188,77.91739654541016,0.4184499680995941
smollm2_360m_base,official_language:11,official_language,declarative,29,1170.0341796875,104.31891632080078,0.4758242964744568
smollm2_360m_base,official_language:11,official_language,declarative,30,1291.1143798828125,83.06657409667969,0.5202287435531616
smollm2_360m_base,official_language:11,official_language,declarative,31,56.210323333740234,95.70529174804688,0.667699933052063
smollm2_360m_base,official_language:11,official_language,qa,0,54.05154037475586,4.686673164367676,0.07499808073043823
smollm2_360m_base,official_language:11,official_language,qa,1,70.60872650146484,16.09988021850586,0.12889355421066284
smollm2_360m_base,official_language:11,official_language,qa,2,85.96707916259766,15.624687194824219,0.14133138954639435
smollm2_360m_base,official_language:11,official_language,qa,3,101.25121307373047,15.2788667678833,0.16756269335746765
smollm2_360m_base,official_language:11,official_language,qa,4,107.0988998413086,17.12601661682129,0.17774073779582977
smollm2_360m_base,official_language:11,official_language,qa,5,117.06350708007812,17.614368438720703,0.17136117815971375
smollm2_360m_base,official_language:11,official_language,qa,6,150.80003356933594,39.219295501708984,0.19917669892311096
smollm2_360m_base,official_language:11,official_language,qa,7,165.3983154296875,26.07884979248047,0.20745809376239777
smollm2_360m_base,official_language:11,official_language,qa,8,164.58450317382812,21.988161087036133,0.21128013730049133
smollm2_360m_base,official_language:11,official_language,qa,9,175.95106506347656,28.66262435913086,0.20551252365112305
smollm2_360m_base,official_language:11,official_language,qa,10,173.12152099609375,18.587583541870117,0.18511371314525604
smollm2_360m_base,official_language:11,official_language,qa,11,178.33010864257812,15.966395378112793,0.20148226618766785
smollm2_360m_base,official_language:11,official_language,qa,12,188.93905639648438,27.41786003112793,0.20739266276359558
smollm2_360m_base,official_language:11,official_language,qa,13,195.4720458984375,17.962644577026367,0.19803793728351593
smollm2_360m_base,official_language:11,official_language,qa,14,200.4404296875,24.133251190185547,0.19477105140686035
smollm2_360m_base,official_language:11,official_language,qa,15,212.22731018066406,31.250364303588867,0.19914118945598602
smollm2_360m_base,official_language:11,official_language,qa,16,236.14353942871094,37.17300796508789,0.2145427018404007
smollm2_360m_base,official_language:11,official_language,qa,17,250.53294372558594,25.92249870300293,0.2121780812740326
smollm2_360m_base,official_language:11,official_language,qa,18,250.50054931640625,37.36418151855469,0.21390211582183838
smollm2_360m_base,official_language:11,official_language,qa,19,260.257568359375,29.387554168701172,0.2277490645647049
smollm2_360m_base,official_language:11,official_language,qa,20,271.53448486328125,36.585838317871094,0.25204959511756897
smollm2_360m_base,official_language:11,official_language,qa,21,342.8048400878906,51.0237922668457,0.2765405774116516
smollm2_360m_base,official_language:11,official_language,qa,22,366.42706298828125,48.159847259521484,0.37553539872169495
smollm2_360m_base,official_language:11,official_language,qa,23,430.2722473144531,146.05874633789062,0.3387354016304016
smollm2_360m_base,official_language:11,official_language,qa,24,578.7105712890625,81.10254669189453,0.3584839105606079
smollm2_360m_base,official_language:11,official_language,qa,25,646.752197265625,46.87643051147461,0.3910619616508484
smollm2_360m_base,official_language:11,official_language,qa,26,793.4847412109375,148.69102478027344,0.35373225808143616
smollm2_360m_base,official_language:11,official_language,qa,27,925.2630615234375,156.1834716796875,0.34095317125320435
smollm2_360m_base,official_language:11,official_language,qa,28,1032.308349609375,98.3157958984375,0.36787229776382446
smollm2_360m_base,official_language:11,official_language,qa,29,1253.9053955078125,145.5732879638672,0.42147794365882874
smollm2_360m_base,official_language:11,official_language,qa,30,1415.9666748046875,142.73399353027344,0.4745686650276184
smollm2_360m_base,official_language:11,official_language,qa,31,63.67219924926758,121.18348693847656,0.6625882387161255
smollm2_360m_base,official_language:11,official_language,chat_template,0,51.11865234375,4.920217990875244,0.0698288232088089
smollm2_360m_base,official_language:11,official_language,chat_template,1,70.77655029296875,17.97552490234375,0.08826889097690582
smollm2_360m_base,official_language:11,official_language,chat_template,2,79.86275482177734,10.820926666259766,0.11703990399837494
smollm2_360m_base,official_language:11,official_language,chat_template,3,92.98739624023438,15.213033676147461,0.1421433687210083
smollm2_360m_base,official_language:11,official_language,chat_template,4,104.93218231201172,17.751501083374023,0.1592768430709839
smollm2_360m_base,official_language:11,official_language,chat_template,5,115.93582153320312,14.677369117736816,0.15663285553455353
smollm2_360m_base,official_language:11,official_language,chat_template,6,126.2865219116211,25.522478103637695,0.16896258294582367
smollm2_360m_base,official_language:11,official_language,chat_template,7,147.64395141601562,24.956298828125,0.18986184895038605
smollm2_360m_base,official_language:11,official_language,chat_template,8,156.6003875732422,28.654460906982422,0.22035832703113556
smollm2_360m_base,official_language:11,official_language,chat_template,9,164.61317443847656,22.130544662475586,0.20348398387432098
smollm2_360m_base,official_language:11,official_language,chat_template,10,165.45179748535156,15.404731750488281,0.16803523898124695
smollm2_360m_base,official_language:11,official_language,chat_template,11,177.2997589111328,20.463993072509766,0.18262836337089539
smollm2_360m_base,official_language:11,official_language,chat_template,12,181.1615447998047,20.469860076904297,0.19456271827220917
smollm2_360m_base,official_language:11,official_language,chat_template,13,190.38755798339844,23.63691520690918,0.19407257437705994
smollm2_360m_base,official_language:11,official_language,chat_template,14,206.7602996826172,28.86888885498047,0.19686610996723175
smollm2_360m_base,official_language:11,official_language,chat_template,15,216.48365783691406,25.82164764404297,0.19937515258789062
smollm2_360m_base,official_language:11,official_language,chat_template,16,245.58253479003906,37.8999137878418,0.21782509982585907
smollm2_360m_base,official_language:11,official_language,chat_template,17,275.0879821777344,47.70618438720703,0.2392638623714447
smollm2_360m_base,official_language:11,official_language,chat_template,18,279.9294128417969,52.33260726928711,0.2353794276714325
smollm2_360m_base,official_language:11,official_language,chat_template,19,275.9730224609375,28.533119201660156,0.25210195779800415
smollm2_360m_base,official_language:11,official_language,chat_template,20,288.0217590332031,30.129533767700195,0.2679494023323059
smollm2_360m_base,official_language:11,official_language,chat_template,21,346.1689453125,59.310142517089844,0.2896387577056885
smollm2_360m_base,official_language:11,official_language,chat_template,22,371.43170166015625,49.58037567138672,0.38285940885543823
smollm2_360m_base,official_language:11,official_language,chat_template,23,430.52777099609375,106.4771957397461,0.3279415965080261
smollm2_360m_base,official_language:11,official_language,chat_template,24,549.9483032226562,82.88755798339844,0.35308367013931274
smollm2_360m_base,official_language:11,official_language,chat_template,25,641.4818725585938,46.67021942138672,0.3835483193397522
smollm2_360m_base,official_language:11,official_language,chat_template,26,791.7145385742188,113.29644775390625,0.34360119700431824
smollm2_360m_base,official_language:11,official_language,chat_template,27,925.9481811523438,149.48483276367188,0.30412787199020386
smollm2_360m_base,official_language:11,official_language,chat_template,28,1023.0624389648438,113.60177612304688,0.31355148553848267
smollm2_360m_base,official_language:11,official_language,chat_template,29,1269.8173828125,199.6123809814453,0.3476586937904358
smollm2_360m_base,official_language:11,official_language,chat_template,30,1439.5474853515625,145.24667358398438,0.4044375419616699
smollm2_360m_base,official_language:11,official_language,chat_template,31,68.15045928955078,134.55169677734375,0.6442965269088745
smollm2_360m_base,currency:0,currency,raw_question,0,59.85393524169922,4.541670322418213,0.09476347267627716
smollm2_360m_base,currency:0,currency,raw_question,1,80.14900970458984,16.947675704956055,0.09435717761516571
smollm2_360m_base,currency:0,currency,raw_question,2,92.30728149414062,13.694971084594727,0.12494633346796036
smollm2_360m_base,currency:0,currency,raw_question,3,85.60848999023438,16.076181411743164,0.13119247555732727
smollm2_360m_base,currency:0,currency,raw_question,4,99.18022155761719,18.264577865600586,0.15689747035503387
smollm2_360m_base,currency:0,currency,raw_question,5,113.14644622802734,19.817304611206055,0.15575899183750153
smollm2_360m_base,currency:0,currency,raw_question,6,129.5330810546875,10.989495277404785,0.16242657601833344
smollm2_360m_base,currency:0,currency,raw_question,7,146.05075073242188,25.817535400390625,0.1825696974992752
smollm2_360m_base,currency:0,currency,raw_question,8,152.79644775390625,18.567100524902344,0.2079726755619049
smollm2_360m_base,currency:0,currency,raw_question,9,161.8404998779297,15.78942584991455,0.20031896233558655
smollm2_360m_base,currency:0,currency,raw_question,10,161.76417541503906,11.021617889404297,0.17243638634681702
smollm2_360m_base,currency:0,currency,raw_question,11,175.09326171875,15.926668167114258,0.1857769936323166
smollm2_360m_base,currency:0,currency,raw_question,12,180.38124084472656,21.008647918701172,0.20557478070259094
smollm2_360m_base,currency:0,currency,raw_question,13,180.25440979003906,26.835205078125,0.19120091199874878
smollm2_360m_base,currency:0,currency,raw_question,14,195.54489135742188,36.8925895690918,0.19860075414180756
smollm2_360m_base,currency:0,currency,raw_question,15,224.30079650878906,44.2330436706543,0.21541166305541992
smollm2_360m_base,currency:0,currency,raw_question,16,244.22052001953125,35.17953872680664,0.20817378163337708
smollm2_360m_base,currency:0,currency,raw_question,17,255.3077392578125,30.912382125854492,0.2113209217786789
smollm2_360m_base,currency:0,currency,raw_question,18,254.68382263183594,35.808563232421875,0.2071777582168579
smollm2_360m_base,currency:0,currency,raw_question,19,275.8477783203125,26.697542190551758,0.22780434787273407
smollm2_360m_base,currency:0,currency,raw_question,20,284.4622802734375,26.076866149902344,0.251013845205307
smollm2_360m_base,currency:0,currency,raw_question,21,352.2822570800781,57.977149963378906,0.2715981602668762
smollm2_360m_base,currency:0,currency,raw_question,22,382.5542907714844,42.44377136230469,0.32619497179985046
smollm2_360m_base,currency:0,currency,raw_question,23,420.1106262207031,56.79467010498047,0.29579001665115356
smollm2_360m_base,currency:0,currency,raw_question,24,504.94390869140625,50.38541793823242,0.33772143721580505
smollm2_360m_base,currency:0,currency,raw_question,25,566.0346069335938,33.33625411987305,0.3214107155799866
smollm2_360m_base,currency:0,currency,raw_question,26,694.6565551757812,73.9944839477539,0.2981709837913513
smollm2_360m_base,currency:0,currency,raw_question,27,809.3421020507812,78.0081558227539,0.28226715326309204
smollm2_360m_base,currency:0,currency,raw_question,28,916.362548828125,68.34068298339844,0.2770260274410248
smollm2_360m_base,currency:0,currency,raw_question,29,1081.6785888671875,116.223876953125,0.3090798854827881
smollm2_360m_base,currency:0,currency,raw_question,30,1206.170166015625,77.13792419433594,0.3474286198616028
smollm2_360m_base,currency:0,currency,raw_question,31,61.63576889038086,132.02474975585938,0.590255856513977
smollm2_360m_base,currency:0,currency,declarative,0,56.49455642700195,4.766058921813965,0.07398078590631485
smollm2_360m_base,currency:0,currency,declarative,1,82.25004577636719,16.385807037353516,0.10487701743841171
smollm2_360m_base,currency:0,currency,declarative,2,92.18053436279297,14.15273380279541,0.12723593413829803
smollm2_360m_base,currency:0,currency,declarative,3,89.63495635986328,18.322568893432617,0.14499911665916443
smollm2_360m_base,currency:0,currency,declarative,4,111.93666076660156,22.466480255126953,0.16542793810367584
smollm2_360m_base,currency:0,currency,declarative,5,125.6022720336914,22.381494522094727,0.1602904051542282
smollm2_360m_base,currency:0,currency,declarative,6,137.6911163330078,12.13288688659668,0.15971563756465912
smollm2_360m_base,currency:0,currency,declarative,7,154.7806396484375,27.964752197265625,0.18100938200950623
smollm2_360m_base,currency:0,currency,declarative,8,164.81752014160156,29.315227508544922,0.21625009179115295
smollm2_360m_base,currency:0,currency,declarative,9,172.45289611816406,16.95936393737793,0.19194182753562927
smollm2_360m_base,currency:0,currency,declarative,10,175.9981689453125,10.456401824951172,0.17385981976985931
smollm2_360m_base,currency:0,currency,declarative,11,187.57553100585938,11.877641677856445,0.18009637296199799
smollm2_360m_base,currency:0,currency,declarative,12,191.51539611816406,22.45677375793457,0.19575898349285126
smollm2_360m_base,currency:0,currency,declarative,13,192.26950073242188,28.031423568725586,0.19169291853904724
smollm2_360m_base,currency:0,currency,declarative,14,202.56430053710938,40.01200866699219,0.20456397533416748
smollm2_360m_base,currency:0,currency,declarative,15,226.69241333007812,37.1843147277832,0.21550635993480682
smollm2_360m_base,currency:0,currency,declarative,16,253.7120819091797,36.74541091918945,0.22793760895729065
smollm2_360m_base,currency:0,currency,declarative,17,256.9476318359375,31.930713653564453,0.22395582497119904
smollm2_360m_base,currency:0,currency,declarative,18,248.23019409179688,37.154991149902344,0.21699278056621552
smollm2_360m_base,currency:0,currency,declarative,19,274.2816467285156,28.339948654174805,0.23349127173423767
smollm2_360m_base,currency:0,currency,declarative,20,290.71295166015625,24.246597290039062,0.25083303451538086
smollm2_360m_base,currency:0,currency,declarative,21,340.02423095703125,44.00379180908203,0.2712884843349457
smollm2_360m_base,currency:0,currency,declarative,22,365.14337158203125,39.9283332824707,0.35095933079719543
smollm2_360m_base,currency:0,currency,declarative,23,411.3514709472656,104.90623474121094,0.32703450322151184
smollm2_360m_base,currency:0,currency,declarative,24,525.7944946289062,68.72793579101562,0.3365858197212219
smollm2_360m_base,currency:0,currency,declarative,25,572.6983642578125,50.94325256347656,0.3446539044380188
smollm2_360m_base,currency:0,currency,declarative,26,796.1209716796875,146.06114196777344,0.3470032513141632
smollm2_360m_base,currency:0,currency,declarative,27,918.512451171875,111.70024108886719,0.4207732081413269
smollm2_360m_base,currency:0,currency,declarative,28,1052.9466552734375,71.31379699707031,0.4801158905029297
smollm2_360m_base,currency:0,currency,declarative,29,1202.1927490234375,113.19011688232422,0.5503227114677429
smollm2_360m_base,currency:0,currency,declarative,30,1364.5029296875,126.60529327392578,0.6026620268821716
smollm2_360m_base,currency:0,currency,declarative,31,51.40093231201172,128.79884338378906,0.728210985660553
smollm2_360m_base,currency:0,currency,qa,0,53.46854782104492,4.657926082611084,0.07514999806880951
smollm2_360m_base,currency:0,currency,qa,1,70.73566436767578,16.396257400512695,0.13183137774467468
smollm2_360m_base,currency:0,currency,qa,2,86.48838806152344,15.531359672546387,0.14298130571842194
smollm2_360m_base,currency:0,currency,qa,3,102.50150299072266,14.615645408630371,0.16563639044761658
smollm2_360m_base,currency:0,currency,qa,4,107.61878967285156,17.79962158203125,0.17849847674369812
smollm2_360m_base,currency:0,currency,qa,5,118.26922607421875,18.401870727539062,0.1724219024181366
smollm2_360m_base,currency:0,currency,qa,6,153.07444763183594,39.510841369628906,0.19880837202072144
smollm2_360m_base,currency:0,currency,qa,7,164.67185974121094,25.465259552001953,0.20863771438598633
smollm2_360m_base,currency:0,currency,qa,8,163.787109375,22.23902130126953,0.21103985607624054
smollm2_360m_base,currency:0,currency,qa,9,178.93724060058594,25.577220916748047,0.2038586139678955
smollm2_360m_base,currency:0,currency,qa,10,174.8328857421875,18.587203979492188,0.18450301885604858
smollm2_360m_base,currency:0,currency,qa,11,178.86012268066406,14.556321144104004,0.19937093555927277
smollm2_360m_base,currency:0,currency,qa,12,191.54678344726562,28.740293502807617,0.20588736236095428
smollm2_360m_base,currency:0,currency,qa,13,197.2022705078125,18.52560043334961,0.1955864429473877
smollm2_360m_base,currency:0,currency,qa,14,200.83184814453125,25.823768615722656,0.19502386450767517
smollm2_360m_base,currency:0,currency,qa,15,213.19952392578125,36.96288299560547,0.20099687576293945
smollm2_360m_base,currency:0,currency,qa,16,240.5120086669922,39.03581619262695,0.21540315449237823
smollm2_360m_base,currency:0,currency,qa,17,255.29136657714844,26.042245864868164,0.21799063682556152
smollm2_360m_base,currency:0,currency,qa,18,254.6593017578125,37.568756103515625,0.21817883849143982
smollm2_360m_base,currency:0,currency,qa,19,264.4083557128906,30.506731033325195,0.2344837635755539
smollm2_360m_base,currency:0,currency,qa,20,280.13720703125,36.287696838378906,0.26067784428596497
smollm2_360m_base,currency:0,currency,qa,21,339.36962890625,55.38376998901367,0.28301408886909485
smollm2_360m_base,currency:0,currency,qa,22,371.6093444824219,48.8701057434082,0.37073615193367004
smollm2_360m_base,currency:0,currency,qa,23,434.5126037597656,134.1495819091797,0.33261632919311523
smollm2_360m_base,currency:0,currency,qa,24,558.3560180664062,76.85358428955078,0.3619065284729004
smollm2_360m_base,currency:0,currency,qa,25,623.6261596679688,52.74229431152344,0.3776719868183136
smollm2_360m_base,currency:0,currency,qa,26,816.1149291992188,145.43186950683594,0.34996089339256287
smollm2_360m_base,currency:0,currency,qa,27,945.4675903320312,130.2678680419922,0.3787088990211487
smollm2_360m_base,currency:0,currency,qa,28,1089.02685546875,84.6747055053711,0.4304271340370178
smollm2_360m_base,currency:0,currency,qa,29,1249.1326904296875,102.69031524658203,0.49873122572898865
smollm2_360m_base,currency:0,currency,qa,30,1409.28466796875,124.36910247802734,0.5635674595832825
smollm2_360m_base,currency:0,currency,qa,31,60.80402374267578,165.55665588378906,0.7319151759147644
smollm2_360m_base,currency:0,currency,chat_template,0,51.238338470458984,4.822987079620361,0.07005040347576141
smollm2_360m_base,currency:0,currency,chat_template,1,71.24590301513672,18.496854782104492,0.08902212232351303
smollm2_360m_base,currency:0,currency,chat_template,2,80.5405502319336,10.633554458618164,0.11650371551513672
smollm2_360m_base,currency:0,currency,chat_template,3,93.5177001953125,15.150369644165039,0.14150945842266083
smollm2_360m_base,currency:0,currency,chat_template,4,105.15462493896484,17.96356773376465,0.15922322869300842
smollm2_360m_base,currency:0,currency,chat_template,5,116.2785415649414,13.391397476196289,0.15701711177825928
smollm2_360m_base,currency:0,currency,chat_template,6,126.32970428466797,22.23235321044922,0.17029014229774475
smollm2_360m_base,currency:0,currency,chat_template,7,149.0951385498047,24.330533981323242,0.19254711270332336
smollm2_360m_base,currency:0,currency,chat_template,8,160.4575653076172,30.679973602294922,0.2251274138689041
smollm2_360m_base,currency:0,currency,chat_template,9,170.32888793945312,21.828168869018555,0.20725813508033752
smollm2_360m_base,currency:0,currency,chat_template,10,168.742431640625,14.361703872680664,0.17192460596561432
smollm2_360m_base,currency:0,currency,chat_template,11,178.12191772460938,19.927440643310547,0.18423405289649963
smollm2_360m_base,currency:0,currency,chat_template,12,183.46749877929688,21.105974197387695,0.19475945830345154
smollm2_360m_base,currency:0,currency,chat_template,13,192.82046508789062,23.764245986938477,0.19709283113479614
smollm2_360m_base,currency:0,currency,chat_template,14,209.7337646484375,27.22864532470703,0.19782991707324982
smollm2_360m_base,currency:0,currency,chat_template,15,216.64108276367188,25.54541015625,0.20055332779884338
smollm2_360m_base,currency:0,currency,chat_template,16,241.81654357910156,36.15105438232422,0.21582508087158203
smollm2_360m_base,currency:0,currency,chat_template,17,263.1673889160156,42.998653411865234,0.23939499258995056
smollm2_360m_base,currency:0,currency,chat_template,18,271.3263244628906,49.5226936340332,0.23472535610198975
smollm2_360m_base,currency:0,currency,chat_template,19,267.7491760253906,28.81505584716797,0.2519764304161072
smollm2_360m_base,currency:0,currency,chat_template,20,280.057861328125,35.03303527832031,0.2686440348625183
smollm2_360m_base,currency:0,currency,chat_template,21,332.71636962890625,52.877784729003906,0.2982839047908783
smollm2_360m_base,currency:0,currency,chat_template,22,359.1255187988281,49.318782806396484,0.3923889696598053
smollm2_360m_base,currency:0,currency,chat_template,23,413.7644958496094,108.24384307861328,0.3303268253803253
smollm2_360m_base,currency:0,currency,chat_template,24,529.0447387695312,78.62107849121094,0.361320823431015
smollm2_360m_base,currency:0,currency,chat_template,25,625.1033935546875,69.80915832519531,0.39340776205062866
smollm2_360m_base,currency:0,currency,chat_template,26,775.84228515625,87.51751708984375,0.35384953022003174
smollm2_360m_base,currency:0,currency,chat_template,27,917.2985229492188,131.4441375732422,0.35207265615463257
smollm2_360m_base,currency:0,currency,chat_template,28,1046.1500244140625,111.4463119506836,0.3802505433559418
smollm2_360m_base,currency:0,currency,chat_template,29,1243.797119140625,143.2975311279297,0.42950209975242615
smollm2_360m_base,currency:0,currency,chat_template,30,1407.568115234375,112.11054992675781,0.49893349409103394
smollm2_360m_base,currency:0,currency,chat_template,31,63.819908142089844,175.7221221923828,0.7049297094345093
smollm2_360m_base,currency:1,currency,raw_question,0,59.954620361328125,4.48424768447876,0.09511929750442505
smollm2_360m_base,currency:1,currency,raw_question,1,79.9307632446289,16.899770736694336,0.09450099617242813
smollm2_360m_base,currency:1,currency,raw_question,2,92.57039642333984,13.627552032470703,0.12534844875335693
smollm2_360m_base,currency:1,currency,raw_question,3,85.9684829711914,15.972783088684082,0.13199496269226074
smollm2_360m_base,currency:1,currency,raw_question,4,99.98675537109375,18.70742416381836,0.15792426466941833
smollm2_360m_base,currency:1,currency,raw_question,5,114.98712921142578,20.478748321533203,0.15806977450847626
smollm2_360m_base,currency:1,currency,raw_question,6,131.09979248046875,10.93889331817627,0.16503775119781494
smollm2_360m_base,currency:1,currency,raw_question,7,148.64585876464844,26.972110748291016,0.18761861324310303
smollm2_360m_base,currency:1,currency,raw_question,8,154.79708862304688,18.038959503173828,0.20822088420391083
smollm2_360m_base,currency:1,currency,raw_question,9,162.95147705078125,14.866020202636719,0.20195499062538147
smollm2_360m_base,currency:1,currency,raw_question,10,161.8902587890625,13.31203842163086,0.17785784602165222
smollm2_360m_base,currency:1,currency,raw_question,11,175.10047912597656,15.945826530456543,0.18711836636066437
smollm2_360m_base,currency:1,currency,raw_question,12,180.53404235839844,20.65509796142578,0.20508074760437012
smollm2_360m_base,currency:1,currency,raw_question,13,181.72894287109375,27.406246185302734,0.19176918268203735
smollm2_360m_base,currency:1,currency,raw_question,14,196.1729736328125,36.87163543701172,0.19790732860565186
smollm2_360m_base,currency:1,currency,raw_question,15,226.20156860351562,45.010498046875,0.21767549216747284
smollm2_360m_base,currency:1,currency,raw_question,16,247.3495330810547,36.034217834472656,0.2121567726135254
smollm2_360m_base,currency:1,currency,raw_question,17,256.44793701171875,32.5493049621582,0.21237874031066895
smollm2_360m_base,currency:1,currency,raw_question,18,252.8140106201172,39.002532958984375,0.20818853378295898
smollm2_360m_base,currency:1,currency,raw_question,19,272.3766174316406,26.551197052001953,0.22873516380786896
smollm2_360m_base,currency:1,currency,raw_question,20,280.0187072753906,25.885623931884766,0.248667910695076
smollm2_360m_base,currency:1,currency,raw_question,21,351.6904296875,56.8331413269043,0.27095890045166016
smollm2_360m_base,currency:1,currency,raw_question,22,382.0015869140625,42.95267868041992,0.32160696387290955
smollm2_360m_base,currency:1,currency,raw_question,23,418.1075744628906,56.13957977294922,0.2954443693161011
smollm2_360m_base,currency:1,currency,raw_question,24,499.4300842285156,48.38892364501953,0.34481388330459595
smollm2_360m_base,currency:1,currency,raw_question,25,560.0940551757812,33.61110305786133,0.32760095596313477
smollm2_360m_base,currency:1,currency,raw_question,26,687.6190795898438,71.02452087402344,0.3001563549041748
smollm2_360m_base,currency:1,currency,raw_question,27,791.1115112304688,73.00259399414062,0.2768828272819519
smollm2_360m_base,currency:1,currency,raw_question,28,899.4006958007812,76.87458801269531,0.2757240831851959
smollm2_360m_base,currency:1,currency,raw_question,29,1060.5543212890625,112.56072235107422,0.3002161383628845
smollm2_360m_base,currency:1,currency,raw_question,30,1185.2452392578125,84.52908325195312,0.3395163118839264
smollm2_360m_base,currency:1,currency,raw_question,31,62.53330612182617,125.9613037109375,0.5730247497558594
smollm2_360m_base,currency:1,currency,declarative,0,56.819549560546875,4.735551357269287,0.07522759586572647
smollm2_360m_base,currency:1,currency,declarative,1,82.84590911865234,16.648353576660156,0.10427842289209366
smollm2_360m_base,currency:1,currency,declarative,2,93.3063735961914,13.871795654296875,0.12646044790744781
smollm2_360m_base,currency:1,currency,declarative,3,91.349365234375,18.312442779541016,0.14594542980194092
smollm2_360m_base,currency:1,currency,declarative,4,113.30738830566406,22.481199264526367,0.16635426878929138
smollm2_360m_base,currency:1,currency,declarative,5,127.90049743652344,22.550912857055664,0.16613343358039856
smollm2_360m_base,currency:1,currency,declarative,6,138.40399169921875,12.346405982971191,0.16399067640304565
smollm2_360m_base,currency:1,currency,declarative,7,157.00270080566406,29.3728084564209,0.18607796728610992
smollm2_360m_base,currency:1,currency,declarative,8,169.28379821777344,31.952804565429688,0.2217552214860916
smollm2_360m_base,currency:1,currency,declarative,9,180.07435607910156,13.479086875915527,0.20314398407936096
smollm2_360m_base,currency:1,currency,declarative,10,180.43849182128906,11.9067964553833,0.1853458434343338
smollm2_360m_base,currency:1,currency,declarative,11,193.2641143798828,11.337361335754395,0.19090566039085388
smollm2_360m_base,currency:1,currency,declarative,12,196.69285583496094,21.09297752380371,0.2030235081911087
smollm2_360m_base,currency:1,currency,declarative,13,199.53741455078125,25.9772891998291,0.19589540362358093
smollm2_360m_base,currency:1,currency,declarative,14,209.09120178222656,40.70573425292969,0.2086656540632248
smollm2_360m_base,currency:1,currency,declarative,15,231.5899200439453,37.5328369140625,0.21958374977111816
smollm2_360m_base,currency:1,currency,declarative,16,260.3310241699219,37.902366638183594,0.23026295006275177
smollm2_360m_base,currency:1,currency,declarative,17,263.60076904296875,32.51931381225586,0.2252999246120453
smollm2_360m_base,currency:1,currency,declarative,18,255.4191131591797,38.25709533691406,0.2208143025636673
smollm2_360m_base,currency:1,currency,declarative,19,278.47900390625,27.896526336669922,0.23409466445446014
smollm2_360m_base,currency:1,currency,declarative,20,298.2584228515625,24.829710006713867,0.2516811788082123
smollm2_360m_base,currency:1,currency,declarative,21,347.3396301269531,42.88057327270508,0.2749769389629364
smollm2_360m_base,currency:1,currency,declarative,22,377.22882080078125,39.64186477661133,0.35733169317245483
smollm2_360m_base,currency:1,currency,declarative,23,411.3940734863281,103.4046859741211,0.3242644667625427
smollm2_360m_base,currency:1,currency,declarative,24,526.7791137695312,75.94154357910156,0.3357260823249817
smollm2_360m_base,currency:1,currency,declarative,25,575.6878662109375,54.38181686401367,0.34628915786743164
smollm2_360m_base,currency:1,currency,declarative,26,810.9431762695312,146.71807861328125,0.35387730598449707
smollm2_360m_base,currency:1,currency,declarative,27,922.729248046875,138.19102478027344,0.4185088276863098
smollm2_360m_base,currency:1,currency,declarative,28,1087.8680419921875,88.04517364501953,0.49740371108055115
smollm2_360m_base,currency:1,currency,declarative,29,1200.9461669921875,88.81086730957031,0.5757959485054016
smollm2_360m_base,currency:1,currency,declarative,30,1388.4117431640625,171.11514282226562,0.6227484941482544
smollm2_360m_base,currency:1,currency,declarative,31,53.556541442871094,111.70670318603516,0.7501158714294434
smollm2_360m_base,currency:1,currency,qa,0,53.743125915527344,4.630275726318359,0.07522393763065338
smollm2_360m_base,currency:1,currency,qa,1,70.93106842041016,16.408523559570312,0.13231885433197021
smollm2_360m_base,currency:1,currency,qa,2,86.93132019042969,15.661712646484375,0.14211711287498474
smollm2_360m_base,currency:1,currency,qa,3,102.27330017089844,14.59516429901123,0.16441521048545837
smollm2_360m_base,currency:1,currency,qa,4,107.70824432373047,18.065399169921875,0.1769513636827469
smollm2_360m_base,currency:1,currency,qa,5,118.43941497802734,18.82878303527832,0.17179372906684875
smollm2_360m_base,currency:1,currency,qa,6,152.9474639892578,40.19872283935547,0.19852864742279053
smollm2_360m_base,currency:1,currency,qa,7,166.82032775878906,26.3150634765625,0.2075074166059494
smollm2_360m_base,currency:1,currency,qa,8,165.9802703857422,20.90428924560547,0.20951294898986816
smollm2_360m_base,currency:1,currency,qa,9,181.1818389892578,27.206220626831055,0.2032546103000641
smollm2_360m_base,currency:1,currency,qa,10,175.96485900878906,18.152210235595703,0.18449649214744568
smollm2_360m_base,currency:1,currency,qa,11,181.34837341308594,15.108465194702148,0.19938449561595917
smollm2_360m_base,currency:1,currency,qa,12,195.2261962890625,30.550146102905273,0.20570345222949982
smollm2_360m_base,currency:1,currency,qa,13,200.79666137695312,17.957927703857422,0.1954912692308426
smollm2_360m_base,currency:1,currency,qa,14,204.402099609375,25.855470657348633,0.19427360594272614
smollm2_360m_base,currency:1,currency,qa,15,216.4754638671875,37.34934616088867,0.19957557320594788
smollm2_360m_base,currency:1,currency,qa,16,243.930419921875,39.504703521728516,0.21494725346565247
smollm2_360m_base,currency:1,currency,qa,17,257.8079528808594,25.88760757446289,0.2175162136554718
smollm2_360m_base,currency:1,currency,qa,18,257.7528991699219,36.5462532043457,0.21756646037101746
smollm2_360m_base,currency:1,currency,qa,19,266.1700439453125,30.68785858154297,0.23252615332603455
smollm2_360m_base,currency:1,currency,qa,20,279.60784912109375,35.19942092895508,0.2561427354812622
smollm2_360m_base,currency:1,currency,qa,21,341.0068054199219,53.764461517333984,0.28026530146598816
smollm2_360m_base,currency:1,currency,qa,22,372.4389343261719,47.90778732299805,0.36748987436294556
smollm2_360m_base,currency:1,currency,qa,23,435.3484802246094,140.27842712402344,0.33017000555992126
smollm2_360m_base,currency:1,currency,qa,24,559.4058837890625,83.96680450439453,0.36126983165740967
smollm2_360m_base,currency:1,currency,qa,25,621.6617431640625,50.633907318115234,0.3776927590370178
smollm2_360m_base,currency:1,currency,qa,26,832.0541381835938,153.85556030273438,0.3539222180843353
smollm2_360m_base,currency:1,currency,qa,27,939.9725341796875,146.3617401123047,0.3756617605686188
smollm2_360m_base,currency:1,currency,qa,28,1106.1400146484375,113.15914916992188,0.43869251012802124
smollm2_360m_base,currency:1,currency,qa,29,1248.1748046875,89.5794448852539,0.5121994018554688
smollm2_360m_base,currency:1,currency,qa,30,1415.119384765625,140.87039184570312,0.5704349279403687
smollm2_360m_base,currency:1,currency,qa,31,64.07466888427734,143.63674926757812,0.7403538823127747
smollm2_360m_base,currency:1,currency,chat_template,0,51.635440826416016,4.796158790588379,0.0702977180480957
smollm2_360m_base,currency:1,currency,chat_template,1,71.42796325683594,18.343660354614258,0.08931328356266022
smollm2_360m_base,currency:1,currency,chat_template,2,81.20088958740234,10.797910690307617,0.11729443073272705
smollm2_360m_base,currency:1,currency,chat_template,3,94.12266540527344,15.220261573791504,0.14150461554527283
smollm2_360m_base,currency:1,currency,chat_template,4,105.64618682861328,17.994657516479492,0.1583661139011383
smollm2_360m_base,currency:1,currency,chat_template,5,116.8136215209961,13.962788581848145,0.15642733871936798
smollm2_360m_base,currency:1,currency,chat_template,6,126.77133178710938,22.761056900024414,0.16899558901786804
smollm2_360m_base,currency:1,currency,chat_template,7,148.3320770263672,24.365848541259766,0.19037261605262756
smollm2_360m_base,currency:1,currency,chat_template,8,158.85073852539062,30.25945281982422,0.22291621565818787
smollm2_360m_base,currency:1,currency,chat_template,9,167.8708953857422,22.10397720336914,0.20583517849445343
smollm2_360m_base,currency:1,currency,chat_template,10,166.51458740234375,13.80185317993164,0.16933083534240723
smollm2_360m_base,currency:1,currency,chat_template,11,176.7767791748047,21.060422897338867,0.18201984465122223
smollm2_360m_base,currency:1,currency,chat_template,12,183.14016723632812,20.562376022338867,0.19373242557048798
smollm2_360m_base,currency:1,currency,chat_template,13,191.7119140625,24.130359649658203,0.19559915363788605
smollm2_360m_base,currency:1,currency,chat_template,14,207.06588745117188,27.32826042175293,0.19625671207904816
smollm2_360m_base,currency:1,currency,chat_template,15,216.4952392578125,25.425519943237305,0.19876669347286224
smollm2_360m_base,currency:1,currency,chat_template,16,244.39710998535156,36.860355377197266,0.2181226760149002
smollm2_360m_base,currency:1,currency,chat_template,17,267.5931091308594,44.630104064941406,0.2405129373073578
smollm2_360m_base,currency:1,currency,chat_template,18,275.5179748535156,49.91169357299805,0.2351551055908203
smollm2_360m_base,currency:1,currency,chat_template,19,270.19744873046875,28.942880630493164,0.2530241012573242
smollm2_360m_base,currency:1,currency,chat_template,20,281.97003173828125,35.10810089111328,0.2689289152622223
smollm2_360m_base,currency:1,currency,chat_template,21,335.1666259765625,51.46234893798828,0.2962067127227783
smollm2_360m_base,currency:1,currency,chat_template,22,360.3858642578125,50.10627746582031,0.39025068283081055
smollm2_360m_base,currency:1,currency,chat_template,23,416.0238342285156,107.88674926757812,0.3285800516605377
smollm2_360m_base,currency:1,currency,chat_template,24,534.9720458984375,84.11370086669922,0.3596838116645813
smollm2_360m_base,currency:1,currency,chat_template,25,633.9382934570312,71.35906219482422,0.39006707072257996
smollm2_360m_base,currency:1,currency,chat_template,26,786.9388427734375,96.18555450439453,0.3504745066165924
smollm2_360m_base,currency:1,currency,chat_template,27,918.1912231445312,148.34738159179688,0.34144726395606995
smollm2_360m_base,currency:1,currency,chat_template,28,1066.2198486328125,127.03929138183594,0.3801122307777405
smollm2_360m_base,currency:1,currency,chat_template,29,1252.636474609375,140.9624481201172,0.4200752377510071
smollm2_360m_base,currency:1,currency,chat_template,30,1408.072265625,115.52136993408203,0.48718637228012085
smollm2_360m_base,currency:1,currency,chat_template,31,65.48108673095703,167.1709747314453,0.6987000703811646
smollm2_360m_base,currency:2,currency,raw_question,0,60.4008674621582,4.485359191894531,0.09514380991458893
smollm2_360m_base,currency:2,currency,raw_question,1,80.87236785888672,16.33400535583496,0.09573419392108917
smollm2_360m_base,currency:2,currency,raw_question,2,93.55132293701172,13.876855850219727,0.1258939802646637
smollm2_360m_base,currency:2,currency,raw_question,3,86.30728912353516,16.135019302368164,0.13172131776809692
smollm2_360m_base,currency:2,currency,raw_question,4,100.1512451171875,19.184555053710938,0.15787532925605774
smollm2_360m_base,currency:2,currency,raw_question,5,114.40092468261719,19.74811553955078,0.15702606737613678
smollm2_360m_base,currency:2,currency,raw_question,6,130.23939514160156,10.699224472045898,0.164352685213089
smollm2_360m_base,currency:2,currency,raw_question,7,147.8071746826172,24.9068546295166,0.18624477088451385
smollm2_360m_base,currency:2,currency,raw_question,8,154.85000610351562,18.741172790527344,0.20816341042518616
smollm2_360m_base,currency:2,currency,raw_question,9,162.9124755859375,14.710722923278809,0.19917210936546326
smollm2_360m_base,currency:2,currency,raw_question,10,161.66461181640625,12.367892265319824,0.1759793758392334
smollm2_360m_base,currency:2,currency,raw_question,11,174.88880920410156,16.15692710876465,0.18502120673656464
smollm2_360m_base,currency:2,currency,raw_question,12,180.7157745361328,21.285341262817383,0.20491953194141388
smollm2_360m_base,currency:2,currency,raw_question,13,181.35791015625,26.977066040039062,0.19198927283287048
smollm2_360m_base,currency:2,currency,raw_question,14,195.04396057128906,35.89568328857422,0.19659964740276337
smollm2_360m_base,currency:2,currency,raw_question,15,225.46507263183594,44.60093307495117,0.2159821093082428
smollm2_360m_base,currency:2,currency,raw_question,16,248.68905639648438,35.55525207519531,0.20954199135303497
smollm2_360m_base,currency:2,currency,raw_question,17,256.06011962890625,32.5604248046875,0.21169157326221466
smollm2_360m_base,currency:2,currency,raw_question,18,254.25733947753906,36.86079025268555,0.20638084411621094
smollm2_360m_base,currency:2,currency,raw_question,19,273.543701171875,25.994468688964844,0.2273324429988861
smollm2_360m_base,currency:2,currency,raw_question,20,281.1979064941406,25.89613914489746,0.24633856117725372
smollm2_360m_base,currency:2,currency,raw_question,21,350.5537109375,55.89979553222656,0.2687194347381592
smollm2_360m_base,currency:2,currency,raw_question,22,381.94732666015625,42.64077377319336,0.3209967613220215
smollm2_360m_base,currency:2,currency,raw_question,23,418.98773193359375,55.21088409423828,0.29458436369895935
smollm2_360m_base,currency:2,currency,raw_question,24,499.0626220703125,49.83147430419922,0.3408049941062927
smollm2_360m_base,currency:2,currency,raw_question,25,562.163330078125,33.83055877685547,0.32418256998062134
smollm2_360m_base,currency:2,currency,raw_question,26,680.439697265625,75.48782348632812,0.2962948679924011
smollm2_360m_base,currency:2,currency,raw_question,27,785.8345336914062,70.86124420166016,0.27373939752578735
smollm2_360m_base,currency:2,currency,raw_question,28,887.9934692382812,80.6875228881836,0.2700043320655823
smollm2_360m_base,currency:2,currency,raw_question,29,1061.1126708984375,129.74288940429688,0.28922516107559204
smollm2_360m_base,currency:2,currency,raw_question,30,1186.0650634765625,94.27914428710938,0.33730897307395935
smollm2_360m_base,currency:2,currency,raw_question,31,62.36497497558594,125.00492858886719,0.5665567517280579
smollm2_360m_base,currency:2,currency,declarative,0,56.31410598754883,4.8132195472717285,0.07455017417669296
smollm2_360m_base,currency:2,currency,declarative,1,81.71820831298828,15.668542861938477,0.10474173724651337
smollm2_360m_base,currency:2,currency,declarative,2,92.86841583251953,14.8338041305542,0.12929348647594452
smollm2_360m_base,currency:2,currency,declarative,3,90.64421081542969,18.419605255126953,0.14706386625766754
smollm2_360m_base,currency:2,currency,declarative,4,114.03694915771484,23.25635528564453,0.16800761222839355
smollm2_360m_base,currency:2,currency,declarative,5,127.71051025390625,21.929309844970703,0.16469986736774445
smollm2_360m_base,currency:2,currency,declarative,6,138.1552734375,11.944718360900879,0.16251292824745178
smollm2_360m_base,currency:2,currency,declarative,7,157.94256591796875,27.886566162109375,0.184371680021286
smollm2_360m_base,currency:2,currency,declarative,8,170.19493103027344,31.30255699157715,0.21953558921813965
smollm2_360m_base,currency:2,currency,declarative,9,180.32176208496094,13.664423942565918,0.1996222734451294
smollm2_360m_base,currency:2,currency,declarative,10,181.30226135253906,11.941695213317871,0.18057897686958313
smollm2_360m_base,currency:2,currency,declarative,11,193.40150451660156,11.586522102355957,0.18769805133342743
smollm2_360m_base,currency:2,currency,declarative,12,198.1783447265625,20.510658264160156,0.1991252601146698
smollm2_360m_base,currency:2,currency,declarative,13,200.51791381835938,26.420690536499023,0.19472208619117737
smollm2_360m_base,currency:2,currency,declarative,14,209.40126037597656,40.498226165771484,0.20788630843162537
smollm2_360m_base,currency:2,currency,declarative,15,232.87742614746094,38.71849822998047,0.21957263350486755
smollm2_360m_base,currency:2,currency,declarative,16,261.5269775390625,37.075050354003906,0.22875244915485382
smollm2_360m_base,currency:2,currency,declarative,17,262.9014587402344,32.929073333740234,0.22515931725502014
smollm2_360m_base,currency:2,currency,declarative,18,255.8309783935547,36.18936538696289,0.22024774551391602
smollm2_360m_base,currency:2,currency,declarative,19,276.8143005371094,27.741172790527344,0.2349173128604889
smollm2_360m_base,currency:2,currency,declarative,20,295.7403564453125,23.786245346069336,0.25291529297828674
smollm2_360m_base,currency:2,currency,declarative,21,347.3522033691406,44.34962463378906,0.2759205996990204
smollm2_360m_base,currency:2,currency,declarative,22,375.4218444824219,39.62910461425781,0.35833096504211426
smollm2_360m_base,currency:2,currency,declarative,23,407.0561828613281,100.92349243164062,0.3251400589942932
smollm2_360m_base,currency:2,currency,declarative,24,523.5757446289062,78.67352294921875,0.3359220027923584
smollm2_360m_base,currency:2,currency,declarative,25,572.9833984375,45.2598991394043,0.34814661741256714
smollm2_360m_base,currency:2,currency,declarative,26,782.43701171875,146.78529357910156,0.35437092185020447
smollm2_360m_base,currency:2,currency,declarative,27,894.3131103515625,111.14730834960938,0.42644912004470825
smollm2_360m_base,currency:2,currency,declarative,28,1039.5550537109375,74.03260803222656,0.4824754595756531
smollm2_360m_base,currency:2,currency,declarative,29,1184.4130859375,98.11222839355469,0.5509233474731445
smollm2_360m_base,currency:2,currency,declarative,30,1350.841064453125,126.50736999511719,0.6059993505477905
smollm2_360m_base,currency:2,currency,declarative,31,52.33345413208008,128.468994140625,0.7218675017356873
smollm2_360m_base,currency:2,currency,qa,0,53.665287017822266,4.631890296936035,0.07539638131856918
smollm2_360m_base,currency:2,currency,qa,1,70.89141845703125,16.36436653137207,0.13275781273841858
smollm2_360m_base,currency:2,currency,qa,2,86.98109436035156,15.652491569519043,0.14208167791366577
smollm2_360m_base,currency:2,currency,qa,3,102.3265151977539,14.57024097442627,0.1650073081254959
smollm2_360m_base,currency:2,currency,qa,4,108.18992614746094,18.005006790161133,0.1775457113981247
smollm2_360m_base,currency:2,currency,qa,5,118.54462432861328,17.985225677490234,0.17151106894016266
smollm2_360m_base,currency:2,currency,qa,6,152.0379180908203,39.66849136352539,0.19797579944133759
smollm2_360m_base,currency:2,currency,qa,7,165.91236877441406,26.145126342773438,0.20753970742225647
smollm2_360m_base,currency:2,currency,qa,8,165.50392150878906,21.543001174926758,0.20961527526378632
smollm2_360m_base,currency:2,currency,qa,9,180.9447479248047,27.41535758972168,0.2028588056564331
smollm2_360m_base,currency:2,currency,qa,10,177.1686248779297,18.191564559936523,0.18350882828235626
smollm2_360m_base,currency:2,currency,qa,11,183.2039031982422,15.028785705566406,0.19705195724964142
smollm2_360m_base,currency:2,currency,qa,12,196.7996063232422,31.057815551757812,0.20231303572654724
smollm2_360m_base,currency:2,currency,qa,13,202.07432556152344,17.582406997680664,0.19351093471050262
smollm2_360m_base,currency:2,currency,qa,14,206.29124450683594,24.35442352294922,0.19030220806598663
smollm2_360m_base,currency:2,currency,qa,15,217.93406677246094,36.17232131958008,0.19761009514331818
smollm2_360m_base,currency:2,currency,qa,16,245.7098846435547,39.14231872558594,0.21391865611076355
smollm2_360m_base,currency:2,currency,qa,17,260.76422119140625,25.41438865661621,0.2188454568386078
smollm2_360m_base,currency:2,currency,qa,18,261.35369873046875,37.08380889892578,0.21719375252723694
smollm2_360m_base,currency:2,currency,qa,19,269.6617126464844,31.135589599609375,0.2321949452161789
smollm2_360m_base,currency:2,currency,qa,20,282.3852844238281,35.27657699584961,0.25611135363578796
smollm2_360m_base,currency:2,currency,qa,21,343.4279479980469,53.53466033935547,0.28043967485427856
smollm2_360m_base,currency:2,currency,qa,22,375.35797119140625,48.222843170166016,0.3679896593093872
smollm2_360m_base,currency:2,currency,qa,23,438.02484130859375,137.91494750976562,0.32923513650894165
smollm2_360m_base,currency:2,currency,qa,24,557.8568115234375,81.75631713867188,0.3606550693511963
smollm2_360m_base,currency:2,currency,qa,25,623.9707641601562,49.975276947021484,0.3796239495277405
smollm2_360m_base,currency:2,currency,qa,26,804.8062744140625,151.9963836669922,0.35409432649612427
smollm2_360m_base,currency:2,currency,qa,27,923.4453125,130.23587036132812,0.37011024355888367
smollm2_360m_base,currency:2,currency,qa,28,1080.645263671875,114.09760284423828,0.41324329376220703
smollm2_360m_base,currency:2,currency,qa,29,1263.406494140625,108.27955627441406,0.47796544432640076
smollm2_360m_base,currency:2,currency,qa,30,1418.6165771484375,118.15690612792969,0.5429269075393677
smollm2_360m_base,currency:2,currency,qa,31,62.00984191894531,138.6319580078125,0.7035499811172485
smollm2_360m_base,currency:2,currency,chat_template,0,51.39255142211914,4.7957987785339355,0.07007841765880585
smollm2_360m_base,currency:2,currency,chat_template,1,71.16751861572266,18.25545310974121,0.08908853679895401
smollm2_360m_base,currency:2,currency,chat_template,2,80.77017211914062,10.847807884216309,0.11722727119922638
smollm2_360m_base,currency:2,currency,chat_template,3,93.68182373046875,15.192667007446289,0.14157918095588684
smollm2_360m_base,currency:2,currency,chat_template,4,105.230712890625,17.920347213745117,0.15889278054237366
smollm2_360m_base,currency:2,currency,chat_template,5,115.96521759033203,13.949689865112305,0.15643079578876495
smollm2_360m_base,currency:2,currency,chat_template,6,125.84957885742188,23.56769371032715,0.1694602519273758
smollm2_360m_base,currency:2,currency,chat_template,7,147.6316680908203,24.485984802246094,0.19199688732624054
smollm2_360m_base,currency:2,currency,chat_template,8,159.11480712890625,30.892093658447266,0.22417013347148895
smollm2_360m_base,currency:2,currency,chat_template,9,167.26718139648438,21.266019821166992,0.20595169067382812
smollm2_360m_base,currency:2,currency,chat_template,10,165.95425415039062,13.825216293334961,0.16920582950115204
smollm2_360m_base,currency:2,currency,chat_template,11,176.2017822265625,20.452760696411133,0.1815333515405655
smollm2_360m_base,currency:2,currency,chat_template,12,182.11265563964844,20.58500862121582,0.19328144192695618
smollm2_360m_base,currency:2,currency,chat_template,13,192.19296264648438,24.194807052612305,0.19554147124290466
smollm2_360m_base,currency:2,currency,chat_template,14,208.7550506591797,27.727310180664062,0.19635240733623505
smollm2_360m_base,currency:2,currency,chat_template,15,218.84133911132812,25.536815643310547,0.19938300549983978
smollm2_360m_base,currency:2,currency,chat_template,16,244.716064453125,36.85979461669922,0.2179749757051468
smollm2_360m_base,currency:2,currency,chat_template,17,266.2783203125,44.605003356933594,0.2399723082780838
smollm2_360m_base,currency:2,currency,chat_template,18,274.114013671875,50.90960693359375,0.23451228439807892
smollm2_360m_base,currency:2,currency,chat_template,19,268.9565734863281,28.960988998413086,0.25277644395828247
smollm2_360m_base,currency:2,currency,chat_template,20,281.0332336425781,35.620975494384766,0.26945096254348755
smollm2_360m_base,currency:2,currency,chat_template,21,332.84259033203125,50.933956146240234,0.2976343631744385
smollm2_360m_base,currency:2,currency,chat_template,22,358.11273193359375,49.9737548828125,0.39142903685569763
smollm2_360m_base,currency:2,currency,chat_template,23,412.7441711425781,105.3215103149414,0.3294290602207184
smollm2_360m_base,currency:2,currency,chat_template,24,529.0302124023438,80.47269439697266,0.3616245687007904
smollm2_360m_base,currency:2,currency,chat_template,25,630.1550903320312,67.943115234375,0.39471879601478577
smollm2_360m_base,currency:2,currency,chat_template,26,769.8470458984375,74.69872283935547,0.3566400408744812
smollm2_360m_base,currency:2,currency,chat_template,27,905.9667358398438,134.3603057861328,0.3442583680152893
smollm2_360m_base,currency:2,currency,chat_template,28,1048.5692138671875,136.4164276123047,0.3700270652770996
smollm2_360m_base,currency:2,currency,chat_template,29,1248.5406494140625,143.19725036621094,0.4182979166507721
smollm2_360m_base,currency:2,currency,chat_template,30,1410.964599609375,119.06517028808594,0.4837550222873688
smollm2_360m_base,currency:2,currency,chat_template,31,65.62060546875,156.09251403808594,0.6893284320831299
smollm2_360m_base,currency:3,currency,raw_question,0,61.654884338378906,4.628698348999023,0.09472409635782242
smollm2_360m_base,currency:3,currency,raw_question,1,80.25833892822266,15.381685256958008,0.09492186456918716
smollm2_360m_base,currency:3,currency,raw_question,2,92.3418960571289,12.769404411315918,0.12310020625591278
smollm2_360m_base,currency:3,currency,raw_question,3,83.61682891845703,14.721341133117676,0.13418403267860413
smollm2_360m_base,currency:3,currency,raw_question,4,97.76448059082031,17.23668670654297,0.15145857632160187
smollm2_360m_base,currency:3,currency,raw_question,5,114.96247863769531,25.29656219482422,0.15541401505470276
smollm2_360m_base,currency:3,currency,raw_question,6,130.6082000732422,12.039754867553711,0.16361156105995178
smollm2_360m_base,currency:3,currency,raw_question,7,148.7978515625,27.771631240844727,0.18911167979240417
smollm2_360m_base,currency:3,currency,raw_question,8,155.204833984375,18.53742027282715,0.20315226912498474
smollm2_360m_base,currency:3,currency,raw_question,9,164.55648803710938,16.13129425048828,0.20044858753681183
smollm2_360m_base,currency:3,currency,raw_question,10,163.3317108154297,13.683769226074219,0.1800670623779297
smollm2_360m_base,currency:3,currency,raw_question,11,175.71392822265625,14.839861869812012,0.18403887748718262
smollm2_360m_base,currency:3,currency,raw_question,12,181.65403747558594,20.851762771606445,0.19890201091766357
smollm2_360m_base,currency:3,currency,raw_question,13,182.92807006835938,25.344104766845703,0.19014981389045715
smollm2_360m_base,currency:3,currency,raw_question,14,194.3927001953125,37.50812530517578,0.19503028690814972
smollm2_360m_base,currency:3,currency,raw_question,15,225.68203735351562,46.46295928955078,0.21741466224193573
smollm2_360m_base,currency:3,currency,raw_question,16,248.8934326171875,35.76641845703125,0.21498700976371765
smollm2_360m_base,currency:3,currency,raw_question,17,260.3934631347656,32.2409553527832,0.2174825668334961
smollm2_360m_base,currency:3,currency,raw_question,18,261.4665222167969,38.350162506103516,0.2151770144701004
smollm2_360m_base,currency:3,currency,raw_question,19,278.0060119628906,26.806150436401367,0.23319974541664124
smollm2_360m_base,currency:3,currency,raw_question,20,282.97222900390625,26.168642044067383,0.24771913886070251
smollm2_360m_base,currency:3,currency,raw_question,21,359.04400634765625,58.630104064941406,0.2711896598339081
smollm2_360m_base,currency:3,currency,raw_question,22,383.06689453125,42.30427932739258,0.31525295972824097
smollm2_360m_base,currency:3,currency,raw_question,23,417.684326171875,61.49650955200195,0.2970179617404938
smollm2_360m_base,currency:3,currency,raw_question,24,500.8514099121094,49.12763977050781,0.3472975492477417
smollm2_360m_base,currency:3,currency,raw_question,25,562.9185180664062,36.00612258911133,0.3305659294128418
smollm2_360m_base,currency:3,currency,raw_question,26,687.320068359375,72.98858642578125,0.30827459692955017
smollm2_360m_base,currency:3,currency,raw_question,27,792.65771484375,61.444740295410156,0.2773633599281311
smollm2_360m_base,currency:3,currency,raw_question,28,904.9227294921875,95.72137451171875,0.28480660915374756
smollm2_360m_base,currency:3,currency,raw_question,29,1061.72412109375,113.8798828125,0.30632084608078003
smollm2_360m_base,currency:3,currency,raw_question,30,1190.7032470703125,101.66598510742188,0.3447677195072174
smollm2_360m_base,currency:3,currency,raw_question,31,60.95365905761719,126.52967071533203,0.5623313784599304
smollm2_360m_base,currency:3,currency,declarative,0,58.74891662597656,4.862186431884766,0.07067161798477173
smollm2_360m_base,currency:3,currency,declarative,1,81.63999938964844,15.013715744018555,0.10219411551952362
smollm2_360m_base,currency:3,currency,declarative,2,92.54061889648438,12.894185066223145,0.11977748572826385
smollm2_360m_base,currency:3,currency,declarative,3,89.27356719970703,18.510515213012695,0.14944736659526825
smollm2_360m_base,currency:3,currency,declarative,4,108.54605865478516,20.643003463745117,0.16154895722866058
smollm2_360m_base,currency:3,currency,declarative,5,123.91160583496094,24.452980041503906,0.16036084294319153
smollm2_360m_base,currency:3,currency,declarative,6,136.27743530273438,12.278332710266113,0.15956132113933563
smollm2_360m_base,currency:3,currency,declarative,7,155.36669921875,32.45481872558594,0.18171223998069763
smollm2_360m_base,currency:3,currency,declarative,8,167.1387176513672,25.632953643798828,0.21049603819847107
smollm2_360m_base,currency:3,currency,declarative,9,185.93771362304688,16.676990509033203,0.19755741953849792
smollm2_360m_base,currency:3,currency,declarative,10,183.53880310058594,16.314041137695312,0.1830889880657196
smollm2_360m_base,currency:3,currency,declarative,11,191.4787139892578,10.452092170715332,0.1840086281299591
smollm2_360m_base,currency:3,currency,declarative,12,193.168701171875,19.04763412475586,0.19410653412342072
smollm2_360m_base,currency:3,currency,declarative,13,199.72470092773438,28.42930030822754,0.19938023388385773
smollm2_360m_base,currency:3,currency,declarative,14,209.3785400390625,38.871604919433594,0.21211382746696472
smollm2_360m_base,currency:3,currency,declarative,15,237.67396545410156,41.13511276245117,0.2306441366672516
smollm2_360m_base,currency:3,currency,declarative,16,265.9669189453125,36.39297103881836,0.23694419860839844
smollm2_360m_base,currency:3,currency,declarative,17,271.7931213378906,33.5831298828125,0.23772922158241272
smollm2_360m_base,currency:3,currency,declarative,18,264.6522216796875,43.334659576416016,0.23704436421394348
smollm2_360m_base,currency:3,currency,declarative,19,268.7944030761719,29.984689712524414,0.25447016954421997
smollm2_360m_base,currency:3,currency,declarative,20,281.6523742675781,24.867095947265625,0.26156410574913025
smollm2_360m_base,currency:3,currency,declarative,21,333.69354248046875,39.77191162109375,0.2774803042411804
smollm2_360m_base,currency:3,currency,declarative,22,357.35028076171875,46.71006393432617,0.36855340003967285
smollm2_360m_base,currency:3,currency,declarative,23,373.53570556640625,91.52508544921875,0.3332346975803375
smollm2_360m_base,currency:3,currency,declarative,24,500.7496337890625,84.83943939208984,0.3506597876548767
smollm2_360m_base,currency:3,currency,declarative,25,537.2926025390625,71.38492584228516,0.3632403612136841
smollm2_360m_base,currency:3,currency,declarative,26,739.1083374023438,146.04530334472656,0.3586960732936859
smollm2_360m_base,currency:3,currency,declarative,27,845.9791870117188,106.54759979248047,0.41765886545181274
smollm2_360m_base,currency:3,currency,declarative,28,1009.23291015625,82.92005920410156,0.4799903929233551
smollm2_360m_base,currency:3,currency,declarative,29,1149.1663818359375,104.30908966064453,0.5469855070114136
smollm2_360m_base,currency:3,currency,declarative,30,1320.7098388671875,143.8446502685547,0.5833666920661926
smollm2_360m_base,currency:3,currency,declarative,31,56.71511459350586,116.06038665771484,0.69474196434021
smollm2_360m_base,currency:3,currency,qa,0,53.30156326293945,4.709371089935303,0.07398639619350433
smollm2_360m_base,currency:3,currency,qa,1,70.00365447998047,16.281936645507812,0.12824773788452148
smollm2_360m_base,currency:3,currency,qa,2,85.9071044921875,15.319068908691406,0.13922172784805298
smollm2_360m_base,currency:3,currency,qa,3,100.80140686035156,14.172097206115723,0.16337496042251587
smollm2_360m_base,currency:3,currency,qa,4,106.86772918701172,17.44525909423828,0.1754366159439087
smollm2_360m_base,currency:3,currency,qa,5,119.72599029541016,20.242919921875,0.17234505712985992
smollm2_360m_base,currency:3,currency,qa,6,152.91754150390625,40.48136520385742,0.19933640956878662
smollm2_360m_base,currency:3,currency,qa,7,168.13499450683594,28.554210662841797,0.21224769949913025
smollm2_360m_base,currency:3,currency,qa,8,165.39649963378906,20.747451782226562,0.2124934196472168
smollm2_360m_base,currency:3,currency,qa,9,181.4955596923828,27.25870704650879,0.2044415920972824
smollm2_360m_base,currency:3,currency,qa,10,177.9678497314453,18.934215545654297,0.18530204892158508
smollm2_360m_base,currency:3,currency,qa,11,185.89950561523438,14.798847198486328,0.19790241122245789
smollm2_360m_base,currency:3,currency,qa,12,201.75067138671875,31.778188705444336,0.20230253040790558
smollm2_360m_base,currency:3,currency,qa,13,210.49290466308594,17.300857543945312,0.20331594347953796
smollm2_360m_base,currency:3,currency,qa,14,217.3500518798828,23.038185119628906,0.19828179478645325
smollm2_360m_base,currency:3,currency,qa,15,228.97708129882812,36.85647201538086,0.20360764861106873
smollm2_360m_base,currency:3,currency,qa,16,258.178466796875,40.1543083190918,0.21889913082122803
smollm2_360m_base,currency:3,currency,qa,17,267.80145263671875,25.99740982055664,0.2221832275390625
smollm2_360m_base,currency:3,currency,qa,18,264.85870361328125,40.29655075073242,0.22284436225891113
smollm2_360m_base,currency:3,currency,qa,19,275.1009826660156,32.02363204956055,0.23708567023277283
smollm2_360m_base,currency:3,currency,qa,20,284.1577453613281,33.18281555175781,0.256303995847702
smollm2_360m_base,currency:3,currency,qa,21,346.5516662597656,51.86583709716797,0.28187745809555054
smollm2_360m_base,currency:3,currency,qa,22,364.93145751953125,48.36171340942383,0.3659188449382782
smollm2_360m_base,currency:3,currency,qa,23,431.7438049316406,143.7997283935547,0.33283933997154236
smollm2_360m_base,currency:3,currency,qa,24,547.3360595703125,73.67803955078125,0.36471471190452576
smollm2_360m_base,currency:3,currency,qa,25,611.0311889648438,80.04011535644531,0.37882867455482483
smollm2_360m_base,currency:3,currency,qa,26,788.2302856445312,140.9513397216797,0.3458690941333771
smollm2_360m_base,currency:3,currency,qa,27,891.9561157226562,91.46195983886719,0.3514266908168793
smollm2_360m_base,currency:3,currency,qa,28,1061.0196533203125,137.96205139160156,0.3900602459907532
smollm2_360m_base,currency:3,currency,qa,29,1221.3006591796875,112.2800521850586,0.43938225507736206
smollm2_360m_base,currency:3,currency,qa,30,1384.7601318359375,130.8848114013672,0.4891734719276428
smollm2_360m_base,currency:3,currency,qa,31,68.23661041259766,143.15391540527344,0.6708817481994629
smollm2_360m_base,currency:3,currency,chat_template,0,51.53234100341797,4.790374755859375,0.07066761702299118
smollm2_360m_base,currency:3,currency,chat_template,1,71.11582946777344,18.103940963745117,0.08875537663698196
smollm2_360m_base,currency:3,currency,chat_template,2,80.68257141113281,10.883736610412598,0.11685463041067123
smollm2_360m_base,currency:3,currency,chat_template,3,93.53264617919922,14.783636093139648,0.1408810019493103
smollm2_360m_base,currency:3,currency,chat_template,4,105.68339538574219,17.989835739135742,0.15799440443515778
smollm2_360m_base,currency:3,currency,chat_template,5,117.3471908569336,14.145211219787598,0.1573081910610199
smollm2_360m_base,currency:3,currency,chat_template,6,125.73849487304688,21.14333152770996,0.17007224261760712
smollm2_360m_base,currency:3,currency,chat_template,7,147.28033447265625,23.498462677001953,0.18986761569976807
smollm2_360m_base,currency:3,currency,chat_template,8,156.57986450195312,27.231107711791992,0.21830494701862335
smollm2_360m_base,currency:3,currency,chat_template,9,165.8902587890625,22.05992889404297,0.2017163336277008
smollm2_360m_base,currency:3,currency,chat_template,10,165.65057373046875,13.303079605102539,0.16498532891273499
smollm2_360m_base,currency:3,currency,chat_template,11,175.22132873535156,20.419437408447266,0.17840754985809326
smollm2_360m_base,currency:3,currency,chat_template,12,181.00991821289062,19.794713973999023,0.19119444489479065
smollm2_360m_base,currency:3,currency,chat_template,13,191.92384338378906,25.95296287536621,0.19502615928649902
smollm2_360m_base,currency:3,currency,chat_template,14,206.26336669921875,26.823408126831055,0.19491824507713318
smollm2_360m_base,currency:3,currency,chat_template,15,216.87986755371094,26.005334854125977,0.197739839553833
smollm2_360m_base,currency:3,currency,chat_template,16,246.39382934570312,37.95931625366211,0.22075991332530975
smollm2_360m_base,currency:3,currency,chat_template,17,266.0905456542969,44.38263702392578,0.24290116131305695
smollm2_360m_base,currency:3,currency,chat_template,18,273.14813232421875,50.00321578979492,0.23493161797523499
smollm2_360m_base,currency:3,currency,chat_template,19,266.67962646484375,29.9510498046875,0.25356918573379517
smollm2_360m_base,currency:3,currency,chat_template,20,277.03143310546875,34.3102912902832,0.2705743610858917
smollm2_360m_base,currency:3,currency,chat_template,21,331.35308837890625,50.733036041259766,0.2955297827720642
smollm2_360m_base,currency:3,currency,chat_template,22,358.6361389160156,50.18073654174805,0.39170652627944946
smollm2_360m_base,currency:3,currency,chat_template,23,412.2673645019531,106.24505615234375,0.33095312118530273
smollm2_360m_base,currency:3,currency,chat_template,24,531.40869140625,81.42162322998047,0.36451950669288635
smollm2_360m_base,currency:3,currency,chat_template,25,640.611083984375,84.56974792480469,0.39573296904563904
smollm2_360m_base,currency:3,currency,chat_template,26,782.8306274414062,98.11878204345703,0.3584253191947937
smollm2_360m_base,currency:3,currency,chat_template,27,919.9189453125,123.24406433105469,0.3376449942588806
smollm2_360m_base,currency:3,currency,chat_template,28,1062.1041259765625,155.44369506835938,0.3621920645236969
smollm2_360m_base,currency:3,currency,chat_template,29,1263.647705078125,157.06674194335938,0.4061625897884369
smollm2_360m_base,currency:3,currency,chat_template,30,1422.22119140625,134.08567810058594,0.46342477202415466
smollm2_360m_base,currency:3,currency,chat_template,31,67.34415435791016,150.5213165283203,0.6762931942939758
smollm2_360m_base,currency:4,currency,raw_question,0,59.97951126098633,4.485323905944824,0.09490872919559479
smollm2_360m_base,currency:4,currency,raw_question,1,80.36600494384766,16.527700424194336,0.09531502425670624
smollm2_360m_base,currency:4,currency,raw_question,2,92.16954040527344,13.615177154541016,0.12528224289417267
smollm2_360m_base,currency:4,currency,raw_question,3,86.42708587646484,16.289913177490234,0.13319863379001617
smollm2_360m_base,currency:4,currency,raw_question,4,100.49960327148438,18.871278762817383,0.15875563025474548
smollm2_360m_base,currency:4,currency,raw_question,5,114.56839752197266,20.379135131835938,0.15657386183738708
smollm2_360m_base,currency:4,currency,raw_question,6,130.23890686035156,10.680854797363281,0.16332390904426575
smollm2_360m_base,currency:4,currency,raw_question,7,150.0970916748047,27.254478454589844,0.18613213300704956
smollm2_360m_base,currency:4,currency,raw_question,8,156.62875366210938,19.148014068603516,0.21171069145202637
smollm2_360m_base,currency:4,currency,raw_question,9,163.6071014404297,14.777054786682129,0.20119783282279968
smollm2_360m_base,currency:4,currency,raw_question,10,162.2861785888672,12.986273765563965,0.17691807448863983
smollm2_360m_base,currency:4,currency,raw_question,11,175.58895874023438,15.514781951904297,0.18548497557640076
smollm2_360m_base,currency:4,currency,raw_question,12,181.1166229248047,20.77051544189453,0.20458117127418518
smollm2_360m_base,currency:4,currency,raw_question,13,183.54054260253906,28.03875160217285,0.19213521480560303
smollm2_360m_base,currency:4,currency,raw_question,14,198.0637664794922,36.27702331542969,0.1973819136619568
smollm2_360m_base,currency:4,currency,raw_question,15,227.58116149902344,44.59394836425781,0.21674823760986328
smollm2_360m_base,currency:4,currency,raw_question,16,252.4103240966797,37.12080764770508,0.21299943327903748
smollm2_360m_base,currency:4,currency,raw_question,17,259.1477966308594,33.39632797241211,0.2129795253276825
smollm2_360m_base,currency:4,currency,raw_question,18,256.5014953613281,38.430355072021484,0.2082284390926361
smollm2_360m_base,currency:4,currency,raw_question,19,275.4810485839844,26.33311653137207,0.2272905856370926
smollm2_360m_base,currency:4,currency,raw_question,20,281.41619873046875,26.007965087890625,0.2457188069820404
smollm2_360m_base,currency:4,currency,raw_question,21,352.3250732421875,55.942752838134766,0.2674187123775482
smollm2_360m_base,currency:4,currency,raw_question,22,380.2352600097656,43.891265869140625,0.3168620467185974
smollm2_360m_base,currency:4,currency,raw_question,23,412.9554443359375,55.50813293457031,0.2945441007614136
smollm2_360m_base,currency:4,currency,raw_question,24,492.6006774902344,48.98198318481445,0.344168484210968
smollm2_360m_base,currency:4,currency,raw_question,25,551.6007080078125,32.97661590576172,0.3265092372894287
smollm2_360m_base,currency:4,currency,raw_question,26,672.2752685546875,66.31841278076172,0.30414527654647827
smollm2_360m_base,currency:4,currency,raw_question,27,776.8723754882812,64.04702758789062,0.27940043807029724
smollm2_360m_base,currency:4,currency,raw_question,28,878.896728515625,77.21177673339844,0.2760888636112213
smollm2_360m_base,currency:4,currency,raw_question,29,1042.3907470703125,110.6744384765625,0.29118964076042175
smollm2_360m_base,currency:4,currency,raw_question,30,1164.9212646484375,84.83484649658203,0.33391308784484863
smollm2_360m_base,currency:4,currency,raw_question,31,61.58738708496094,126.06758117675781,0.5564659833908081
smollm2_360m_base,currency:4,currency,declarative,0,56.68339157104492,4.736231327056885,0.07550616562366486
smollm2_360m_base,currency:4,currency,declarative,1,83.40131378173828,16.211769104003906,0.10551270097494125
smollm2_360m_base,currency:4,currency,declarative,2,93.42739868164062,14.453681945800781,0.12727168202400208
smollm2_360m_base,currency:4,currency,declarative,3,91.32569885253906,18.719606399536133,0.1474398821592331
smollm2_360m_base,currency:4,currency,declarative,4,113.78936767578125,22.661273956298828,0.16649705171585083
smollm2_360m_base,currency:4,currency,declarative,5,127.75093078613281,22.505077362060547,0.16451513767242432
smollm2_360m_base,currency:4,currency,declarative,6,137.88299560546875,11.931180000305176,0.1630614995956421
smollm2_360m_base,currency:4,currency,declarative,7,157.744384765625,28.84521484375,0.18536725640296936
smollm2_360m_base,currency:4,currency,declarative,8,170.5745391845703,33.253482818603516,0.2241223156452179
smollm2_360m_base,currency:4,currency,declarative,9,182.22586059570312,14.557882308959961,0.20267581939697266
smollm2_360m_base,currency:4,currency,declarative,10,184.55152893066406,11.489408493041992,0.18720820546150208
smollm2_360m_base,currency:4,currency,declarative,11,198.0696563720703,11.625478744506836,0.19437700510025024
smollm2_360m_base,currency:4,currency,declarative,12,200.4010772705078,20.750112533569336,0.20295023918151855
smollm2_360m_base,currency:4,currency,declarative,13,202.95252990722656,26.15517234802246,0.19565114378929138
smollm2_360m_base,currency:4,currency,declarative,14,212.27865600585938,39.11787796020508,0.20795102417469025
smollm2_360m_base,currency:4,currency,declarative,15,232.0125274658203,38.390193939208984,0.2213331162929535
smollm2_360m_base,currency:4,currency,declarative,16,260.99627685546875,38.812808990478516,0.23129482567310333
smollm2_360m_base,currency:4,currency,declarative,17,262.90521240234375,33.59196090698242,0.22964461147785187
smollm2_360m_base,currency:4,currency,declarative,18,258.2155456542969,38.41249084472656,0.22844214737415314
smollm2_360m_base,currency:4,currency,declarative,19,273.090576171875,28.90623664855957,0.2425217628479004
smollm2_360m_base,currency:4,currency,declarative,20,293.0155944824219,24.55681610107422,0.25677257776260376
smollm2_360m_base,currency:4,currency,declarative,21,343.1585388183594,41.89071273803711,0.2737066149711609
smollm2_360m_base,currency:4,currency,declarative,22,371.2337646484375,41.0199089050293,0.36024656891822815
smollm2_360m_base,currency:4,currency,declarative,23,395.3544921875,100.85091400146484,0.3271544873714447
smollm2_360m_base,currency:4,currency,declarative,24,522.2158813476562,80.52054595947266,0.34145432710647583
smollm2_360m_base,currency:4,currency,declarative,25,567.1768188476562,46.53722381591797,0.3563214838504791
smollm2_360m_base,currency:4,currency,declarative,26,804.8994750976562,164.33387756347656,0.359287291765213
smollm2_360m_base,currency:4,currency,declarative,27,905.6708374023438,133.20997619628906,0.43769359588623047
smollm2_360m_base,currency:4,currency,declarative,28,1032.5040283203125,77.74237823486328,0.5028660893440247
smollm2_360m_base,currency:4,currency,declarative,29,1160.4991455078125,83.12460327148438,0.5630682706832886
smollm2_360m_base,currency:4,currency,declarative,30,1317.8236083984375,88.69249725341797,0.6073274612426758
smollm2_360m_base,currency:4,currency,declarative,31,51.136173248291016,129.80149841308594,0.7303176522254944
smollm2_360m_base,currency:4,currency,qa,0,53.58962631225586,4.661907196044922,0.07507743686437607
smollm2_360m_base,currency:4,currency,qa,1,70.82443237304688,16.37789535522461,0.1314021795988083
smollm2_360m_base,currency:4,currency,qa,2,87.34844207763672,15.534411430358887,0.14181825518608093
smollm2_360m_base,currency:4,currency,qa,3,102.71734619140625,14.528579711914062,0.16457709670066833
smollm2_360m_base,currency:4,currency,qa,4,107.95455169677734,17.528228759765625,0.17739859223365784
smollm2_360m_base,currency:4,currency,qa,5,118.45098876953125,18.29229164123535,0.17165598273277283
smollm2_360m_base,currency:4,currency,qa,6,151.703369140625,39.706756591796875,0.19762617349624634
smollm2_360m_base,currency:4,currency,qa,7,165.32598876953125,25.601255416870117,0.20809631049633026
smollm2_360m_base,currency:4,currency,qa,8,164.37811279296875,21.945959091186523,0.2104637324810028
smollm2_360m_base,currency:4,currency,qa,9,179.35385131835938,26.0225830078125,0.2028418332338333
smollm2_360m_base,currency:4,currency,qa,10,175.29530334472656,18.72425651550293,0.18321499228477478
smollm2_360m_base,currency:4,currency,qa,11,181.36685180664062,14.76995849609375,0.19755536317825317
smollm2_360m_base,currency:4,currency,qa,12,194.66815185546875,31.211441040039062,0.20363812148571014
smollm2_360m_base,currency:4,currency,qa,13,201.0758819580078,18.03656005859375,0.19419360160827637
smollm2_360m_base,currency:4,currency,qa,14,205.0513458251953,24.771753311157227,0.19220784306526184
smollm2_360m_base,currency:4,currency,qa,15,216.69781494140625,36.6379508972168,0.19820329546928406
smollm2_360m_base,currency:4,currency,qa,16,245.11038208007812,40.11054229736328,0.21588745713233948
smollm2_360m_base,currency:4,currency,qa,17,258.74005126953125,25.805212020874023,0.2174922674894333
smollm2_360m_base,currency:4,currency,qa,18,257.923828125,37.19757843017578,0.21673080325126648
smollm2_360m_base,currency:4,currency,qa,19,266.9352722167969,30.472814559936523,0.2304781973361969
smollm2_360m_base,currency:4,currency,qa,20,278.5244445800781,34.15852737426758,0.2554350793361664
smollm2_360m_base,currency:4,currency,qa,21,339.97021484375,52.89658737182617,0.27853068709373474
smollm2_360m_base,currency:4,currency,qa,22,370.234130859375,45.93706512451172,0.3665321469306946
smollm2_360m_base,currency:4,currency,qa,23,431.9414367675781,141.4636688232422,0.33088773488998413
smollm2_360m_base,currency:4,currency,qa,24,554.3239135742188,80.05496215820312,0.3640204966068268
smollm2_360m_base,currency:4,currency,qa,25,618.9506225585938,46.13618087768555,0.38407498598098755
smollm2_360m_base,currency:4,currency,qa,26,812.7775268554688,170.2635498046875,0.36005285382270813
smollm2_360m_base,currency:4,currency,qa,27,929.4274291992188,132.06227111816406,0.38746216893196106
smollm2_360m_base,currency:4,currency,qa,28,1071.8055419921875,107.44751739501953,0.4365094304084778
smollm2_360m_base,currency:4,currency,qa,29,1234.284423828125,100.0678939819336,0.4970603883266449
smollm2_360m_base,currency:4,currency,qa,30,1389.97607421875,115.0644760131836,0.5511937737464905
smollm2_360m_base,currency:4,currency,qa,31,63.429237365722656,138.0763397216797,0.7188870310783386
smollm2_360m_base,currency:4,currency,chat_template,0,51.40522003173828,4.796786308288574,0.06983157247304916
smollm2_360m_base,currency:4,currency,chat_template,1,71.19379425048828,18.33639907836914,0.08935199677944183
smollm2_360m_base,currency:4,currency,chat_template,2,80.77718353271484,10.831409454345703,0.11758936941623688
smollm2_360m_base,currency:4,currency,chat_template,3,93.71102905273438,15.175069808959961,0.14201191067695618
smollm2_360m_base,currency:4,currency,chat_template,4,105.59814453125,17.783063888549805,0.1584714651107788
smollm2_360m_base,currency:4,currency,chat_template,5,116.23609924316406,13.655562400817871,0.1560511589050293
smollm2_360m_base,currency:4,currency,chat_template,6,125.96231842041016,22.802331924438477,0.16898506879806519
smollm2_360m_base,currency:4,currency,chat_template,7,148.00115966796875,24.522335052490234,0.1914912462234497
smollm2_360m_base,currency:4,currency,chat_template,8,158.70889282226562,31.277240753173828,0.22341088950634003
smollm2_360m_base,currency:4,currency,chat_template,9,167.36708068847656,21.929832458496094,0.20536234974861145
smollm2_360m_base,currency:4,currency,chat_template,10,166.3781280517578,14.063936233520508,0.16734623908996582
smollm2_360m_base,currency:4,currency,chat_template,11,176.41737365722656,20.286685943603516,0.17989085614681244
smollm2_360m_base,currency:4,currency,chat_template,12,181.81973266601562,20.24653434753418,0.19182245433330536
smollm2_360m_base,currency:4,currency,chat_template,13,190.43821716308594,24.563175201416016,0.19427959620952606
smollm2_360m_base,currency:4,currency,chat_template,14,205.73419189453125,27.659467697143555,0.195311039686203
smollm2_360m_base,currency:4,currency,chat_template,15,215.8965301513672,25.401086807250977,0.19774392247200012
smollm2_360m_base,currency:4,currency,chat_template,16,243.04583740234375,37.09999465942383,0.21739578247070312
smollm2_360m_base,currency:4,currency,chat_template,17,267.7565002441406,45.403011322021484,0.24134092032909393
smollm2_360m_base,currency:4,currency,chat_template,18,275.51123046875,51.143192291259766,0.23567549884319305
smollm2_360m_base,currency:4,currency,chat_template,19,270.13983154296875,29.217304229736328,0.2532128393650055
smollm2_360m_base,currency:4,currency,chat_template,20,281.1325378417969,34.78361892700195,0.26868945360183716
smollm2_360m_base,currency:4,currency,chat_template,21,333.47259521484375,51.40873718261719,0.2958400845527649
smollm2_360m_base,currency:4,currency,chat_template,22,359.9284362792969,50.79398727416992,0.38959378004074097
smollm2_360m_base,currency:4,currency,chat_template,23,416.78350830078125,107.96033477783203,0.3292076289653778
smollm2_360m_base,currency:4,currency,chat_template,24,533.300048828125,80.2535171508789,0.3614671230316162
smollm2_360m_base,currency:4,currency,chat_template,25,630.6332397460938,67.8408203125,0.39294177293777466
smollm2_360m_base,currency:4,currency,chat_template,26,772.1749267578125,99.35650634765625,0.3574567437171936
smollm2_360m_base,currency:4,currency,chat_template,27,910.9165649414062,128.27154541015625,0.34439828991889954
smollm2_360m_base,currency:4,currency,chat_template,28,1045.3382568359375,125.26200103759766,0.36865633726119995
smollm2_360m_base,currency:4,currency,chat_template,29,1237.3692626953125,139.39556884765625,0.41618889570236206
smollm2_360m_base,currency:4,currency,chat_template,30,1391.9271240234375,114.7458724975586,0.4786197245121002
smollm2_360m_base,currency:4,currency,chat_template,31,66.2022933959961,155.5364990234375,0.6753345727920532
smollm2_360m_base,currency:5,currency,raw_question,0,60.15473937988281,4.369940280914307,0.09590164572000504
smollm2_360m_base,currency:5,currency,raw_question,1,79.89659881591797,15.945384979248047,0.09740086644887924
smollm2_360m_base,currency:5,currency,raw_question,2,94.16307067871094,13.86995792388916,0.12840013206005096
smollm2_360m_base,currency:5,currency,raw_question,3,83.11001586914062,14.67051887512207,0.14107662439346313
smollm2_360m_base,currency:5,currency,raw_question,4,97.98440551757812,17.57552719116211,0.15456536412239075
smollm2_360m_base,currency:5,currency,raw_question,5,114.94464874267578,23.96961784362793,0.15946531295776367
smollm2_360m_base,currency:5,currency,raw_question,6,131.65542602539062,11.09951114654541,0.16437779366970062
smollm2_360m_base,currency:5,currency,raw_question,7,153.8373565673828,29.492490768432617,0.19125540554523468
smollm2_360m_base,currency:5,currency,raw_question,8,159.52020263671875,18.90972137451172,0.20692351460456848
smollm2_360m_base,currency:5,currency,raw_question,9,166.00985717773438,16.272628784179688,0.20092888176441193
smollm2_360m_base,currency:5,currency,raw_question,10,163.19789123535156,14.369344711303711,0.18169499933719635
smollm2_360m_base,currency:5,currency,raw_question,11,177.0363006591797,15.235976219177246,0.18825796246528625
smollm2_360m_base,currency:5,currency,raw_question,12,182.514892578125,20.480731964111328,0.20365853607654572
smollm2_360m_base,currency:5,currency,raw_question,13,183.6298828125,25.00685691833496,0.19195935130119324
smollm2_360m_base,currency:5,currency,raw_question,14,197.97698974609375,38.02652359008789,0.1981084942817688
smollm2_360m_base,currency:5,currency,raw_question,15,227.7437286376953,45.07752990722656,0.2140645682811737
smollm2_360m_base,currency:5,currency,raw_question,16,247.82232666015625,33.15296936035156,0.2128951996564865
smollm2_360m_base,currency:5,currency,raw_question,17,257.3371276855469,30.59642791748047,0.2174251526594162
smollm2_360m_base,currency:5,currency,raw_question,18,255.57521057128906,39.62873458862305,0.21095304191112518
smollm2_360m_base,currency:5,currency,raw_question,19,271.51373291015625,26.035547256469727,0.2292633056640625
smollm2_360m_base,currency:5,currency,raw_question,20,277.9350891113281,26.202823638916016,0.24368032813072205
smollm2_360m_base,currency:5,currency,raw_question,21,348.7732238769531,55.22386169433594,0.2658199071884155
smollm2_360m_base,currency:5,currency,raw_question,22,378.5707702636719,43.17471694946289,0.30989986658096313
smollm2_360m_base,currency:5,currency,raw_question,23,408.4698486328125,52.35258483886719,0.29472795128822327
smollm2_360m_base,currency:5,currency,raw_question,24,486.2843322753906,48.14418029785156,0.3481876850128174
smollm2_360m_base,currency:5,currency,raw_question,25,537.093994140625,29.95408058166504,0.3288770616054535
smollm2_360m_base,currency:5,currency,raw_question,26,647.8756103515625,61.61963653564453,0.30747899413108826
smollm2_360m_base,currency:5,currency,raw_question,27,760.5317993164062,81.00642395019531,0.2800983786582947
smollm2_360m_base,currency:5,currency,raw_question,28,861.8842163085938,65.60001373291016,0.2824210226535797
smollm2_360m_base,currency:5,currency,raw_question,29,1015.628662109375,121.45903015136719,0.30207645893096924
smollm2_360m_base,currency:5,currency,raw_question,30,1141.85205078125,87.99996185302734,0.33875441551208496
smollm2_360m_base,currency:5,currency,raw_question,31,58.92948913574219,119.03482818603516,0.5521923303604126
smollm2_360m_base,currency:5,currency,declarative,0,57.08461380004883,4.632000923156738,0.07424662262201309
smollm2_360m_base,currency:5,currency,declarative,1,83.58338928222656,17.757822036743164,0.10728485882282257
smollm2_360m_base,currency:5,currency,declarative,2,94.12316131591797,12.624646186828613,0.12548772990703583
smollm2_360m_base,currency:5,currency,declarative,3,88.82274627685547,16.308170318603516,0.1503555327653885
smollm2_360m_base,currency:5,currency,declarative,4,111.59383392333984,23.022493362426758,0.16564276814460754
smollm2_360m_base,currency:5,currency,declarative,5,129.57162475585938,25.465360641479492,0.168564572930336
smollm2_360m_base,currency:5,currency,declarative,6,139.0504150390625,11.950608253479004,0.1660563200712204
smollm2_360m_base,currency:5,currency,declarative,7,161.33349609375,31.759292602539062,0.19011011719703674
smollm2_360m_base,currency:5,currency,declarative,8,175.68125915527344,34.71661376953125,0.22572927176952362
smollm2_360m_base,currency:5,currency,declarative,9,188.94667053222656,17.702362060546875,0.2093033790588379
smollm2_360m_base,currency:5,currency,declarative,10,188.7565460205078,13.909582138061523,0.19585886597633362
smollm2_360m_base,currency:5,currency,declarative,11,200.54443359375,11.425724029541016,0.20064251124858856
smollm2_360m_base,currency:5,currency,declarative,12,203.20098876953125,19.617033004760742,0.20844025909900665
smollm2_360m_base,currency:5,currency,declarative,13,206.38816833496094,29.758817672729492,0.20400647819042206
smollm2_360m_base,currency:5,currency,declarative,14,210.15631103515625,39.369651794433594,0.21380320191383362
smollm2_360m_base,currency:5,currency,declarative,15,232.8098602294922,39.42601013183594,0.22681596875190735
smollm2_360m_base,currency:5,currency,declarative,16,261.43682861328125,34.60342025756836,0.23739910125732422
smollm2_360m_base,currency:5,currency,declarative,17,263.6214599609375,31.78921127319336,0.23855726420879364
smollm2_360m_base,currency:5,currency,declarative,18,258.62603759765625,39.77483367919922,0.23583269119262695
smollm2_360m_base,currency:5,currency,declarative,19,270.4989318847656,31.2587833404541,0.2496863603591919
smollm2_360m_base,currency:5,currency,declarative,20,293.6224365234375,25.06903839111328,0.26276758313179016
smollm2_360m_base,currency:5,currency,declarative,21,346.8798522949219,42.31406021118164,0.28136199712753296
smollm2_360m_base,currency:5,currency,declarative,22,376.2047424316406,44.49064254760742,0.3750850260257721
smollm2_360m_base,currency:5,currency,declarative,23,383.5730895996094,89.8235855102539,0.3293307423591614
smollm2_360m_base,currency:5,currency,declarative,24,505.1814880371094,71.4801025390625,0.3418758511543274
smollm2_360m_base,currency:5,currency,declarative,25,544.9397583007812,63.17263412475586,0.35180729627609253
smollm2_360m_base,currency:5,currency,declarative,26,758.102294921875,131.7444610595703,0.3537455201148987
smollm2_360m_base,currency:5,currency,declarative,27,915.8258056640625,124.30419921875,0.42718759179115295
smollm2_360m_base,currency:5,currency,declarative,28,1058.6715087890625,65.25509643554688,0.4912753999233246
smollm2_360m_base,currency:5,currency,declarative,29,1141.400390625,74.10466766357422,0.565079391002655
smollm2_360m_base,currency:5,currency,declarative,30,1306.3140869140625,124.0848617553711,0.6131207346916199
smollm2_360m_base,currency:5,currency,declarative,31,50.554256439208984,105.16393280029297,0.7215443849563599
smollm2_360m_base,currency:5,currency,qa,0,53.39425277709961,4.6049604415893555,0.07366271317005157
smollm2_360m_base,currency:5,currency,qa,1,70.82418060302734,16.38101577758789,0.1330694854259491
smollm2_360m_base,currency:5,currency,qa,2,87.29827117919922,15.7708101272583,0.14249543845653534
smollm2_360m_base,currency:5,currency,qa,3,102.26866149902344,14.217602729797363,0.16559998691082
smollm2_360m_base,currency:5,currency,qa,4,108.05354309082031,17.74242401123047,0.177771657705307
smollm2_360m_base,currency:5,currency,qa,5,118.6243667602539,18.450397491455078,0.17130987346172333
smollm2_360m_base,currency:5,currency,qa,6,152.82379150390625,39.690792083740234,0.19869574904441833
smollm2_360m_base,currency:5,currency,qa,7,169.800537109375,27.629413604736328,0.20941133797168732
smollm2_360m_base,currency:5,currency,qa,8,167.6147918701172,20.590377807617188,0.21125850081443787
smollm2_360m_base,currency:5,currency,qa,9,180.98814392089844,26.588451385498047,0.2028885781764984
smollm2_360m_base,currency:5,currency,qa,10,177.5775909423828,20.758451461791992,0.1860363781452179
smollm2_360m_base,currency:5,currency,qa,11,186.05535888671875,14.42962646484375,0.20023421943187714
smollm2_360m_base,currency:5,currency,qa,12,200.07684326171875,31.851499557495117,0.204915851354599
smollm2_360m_base,currency:5,currency,qa,13,207.4731903076172,17.293611526489258,0.19958624243736267
smollm2_360m_base,currency:5,currency,qa,14,212.00381469726562,23.67343521118164,0.19600030779838562
smollm2_360m_base,currency:5,currency,qa,15,223.1949462890625,39.18084716796875,0.19997265934944153
smollm2_360m_base,currency:5,currency,qa,16,250.82293701171875,39.9594841003418,0.21619410812854767
smollm2_360m_base,currency:5,currency,qa,17,262.13079833984375,25.88571548461914,0.21777096390724182
smollm2_360m_base,currency:5,currency,qa,18,259.6958312988281,38.653724670410156,0.21843135356903076
smollm2_360m_base,currency:5,currency,qa,19,268.7737731933594,31.01114273071289,0.231499582529068
smollm2_360m_base,currency:5,currency,qa,20,281.1708068847656,35.45572280883789,0.2551359236240387
smollm2_360m_base,currency:5,currency,qa,21,341.9498596191406,53.07218933105469,0.2806087136268616
smollm2_360m_base,currency:5,currency,qa,22,368.63128662109375,48.62273406982422,0.36624225974082947
smollm2_360m_base,currency:5,currency,qa,23,435.7926025390625,146.10769653320312,0.33262309432029724
smollm2_360m_base,currency:5,currency,qa,24,553.71533203125,74.18456268310547,0.3650408387184143
smollm2_360m_base,currency:5,currency,qa,25,615.3948364257812,47.850250244140625,0.3816935420036316
smollm2_360m_base,currency:5,currency,qa,26,803.3602294921875,150.00389099121094,0.3525387644767761
smollm2_360m_base,currency:5,currency,qa,27,949.9322509765625,147.79588317871094,0.3693924844264984
smollm2_360m_base,currency:5,currency,qa,28,1099.560546875,89.27909851074219,0.41782426834106445
smollm2_360m_base,currency:5,currency,qa,29,1240.482177734375,114.35961151123047,0.49481892585754395
smollm2_360m_base,currency:5,currency,qa,30,1395.4107666015625,122.96358489990234,0.5335115194320679
smollm2_360m_base,currency:5,currency,qa,31,63.89780044555664,120.68778991699219,0.7034725546836853
smollm2_360m_base,currency:5,currency,chat_template,0,51.75686264038086,4.722719669342041,0.07106892764568329
smollm2_360m_base,currency:5,currency,chat_template,1,71.28758239746094,18.532207489013672,0.08879135549068451
smollm2_360m_base,currency:5,currency,chat_template,2,80.9202880859375,10.95298957824707,0.1181354969739914
smollm2_360m_base,currency:5,currency,chat_template,3,93.90526580810547,15.370525360107422,0.14249734580516815
smollm2_360m_base,currency:5,currency,chat_template,4,106.01174926757812,18.13239097595215,0.15915389358997345
smollm2_360m_base,currency:5,currency,chat_template,5,117.42127227783203,14.247880935668945,0.15637092292308807
smollm2_360m_base,currency:5,currency,chat_template,6,127.13215637207031,23.954870223999023,0.16874878108501434
smollm2_360m_base,currency:5,currency,chat_template,7,146.732421875,24.178152084350586,0.18835097551345825
smollm2_360m_base,currency:5,currency,chat_template,8,154.79798889160156,28.487329483032227,0.21717354655265808
smollm2_360m_base,currency:5,currency,chat_template,9,162.67694091796875,21.69839859008789,0.19855937361717224
smollm2_360m_base,currency:5,currency,chat_template,10,163.75892639160156,15.470460891723633,0.16299240291118622
smollm2_360m_base,currency:5,currency,chat_template,11,175.2705078125,21.57822036743164,0.17814718186855316
smollm2_360m_base,currency:5,currency,chat_template,12,180.25625610351562,21.01018714904785,0.18936695158481598
smollm2_360m_base,currency:5,currency,chat_template,13,188.39840698242188,25.496074676513672,0.19176684319972992
smollm2_360m_base,currency:5,currency,chat_template,14,203.67575073242188,29.48316192626953,0.19230879843235016
smollm2_360m_base,currency:5,currency,chat_template,15,213.9041290283203,25.333377838134766,0.194131538271904
smollm2_360m_base,currency:5,currency,chat_template,16,245.72715759277344,39.07497024536133,0.2180868685245514
smollm2_360m_base,currency:5,currency,chat_template,17,275.5935974121094,48.733009338378906,0.24404916167259216
smollm2_360m_base,currency:5,currency,chat_template,18,281.2677001953125,52.860198974609375,0.23673506081104279
smollm2_360m_base,currency:5,currency,chat_template,19,271.87921142578125,29.80371856689453,0.2559778094291687
smollm2_360m_base,currency:5,currency,chat_template,20,280.5457763671875,32.04469680786133,0.2702762484550476
smollm2_360m_base,currency:5,currency,chat_template,21,333.0887756347656,50.05869674682617,0.29188939929008484
smollm2_360m_base,currency:5,currency,chat_template,22,359.0912170410156,51.951560974121094,0.38775283098220825
smollm2_360m_base,currency:5,currency,chat_template,23,422.03558349609375,112.78451538085938,0.3321145474910736
smollm2_360m_base,currency:5,currency,chat_template,24,534.8345336914062,75.36903381347656,0.3628884553909302
smollm2_360m_base,currency:5,currency,chat_template,25,634.0217895507812,70.3985824584961,0.3922010660171509
smollm2_360m_base,currency:5,currency,chat_template,26,777.5684814453125,90.81423950195312,0.3526809811592102
smollm2_360m_base,currency:5,currency,chat_template,27,936.7348022460938,146.13189697265625,0.33602163195610046
smollm2_360m_base,currency:5,currency,chat_template,28,1067.68310546875,120.75696563720703,0.3596910834312439
smollm2_360m_base,currency:5,currency,chat_template,29,1252.226806640625,166.13946533203125,0.41358399391174316
smollm2_360m_base,currency:5,currency,chat_template,30,1404.6016845703125,116.23761749267578,0.46520575881004333
smollm2_360m_base,currency:5,currency,chat_template,31,67.65982818603516,141.3135986328125,0.680492639541626
smollm2_360m_base,currency:6,currency,raw_question,0,60.38783264160156,4.479246616363525,0.09549602121114731
smollm2_360m_base,currency:6,currency,raw_question,1,80.40689086914062,16.790239334106445,0.09449714422225952
smollm2_360m_base,currency:6,currency,raw_question,2,92.59971618652344,13.541635513305664,0.12486078590154648
smollm2_360m_base,currency:6,currency,raw_question,3,85.43804931640625,15.718910217285156,0.13265569508075714
smollm2_360m_base,currency:6,currency,raw_question,4,99.32744598388672,19.017410278320312,0.15812461078166962
smollm2_360m_base,currency:6,currency,raw_question,5,113.45782470703125,19.885759353637695,0.15747931599617004
smollm2_360m_base,currency:6,currency,raw_question,6,130.33474731445312,10.875051498413086,0.1637450009584427
smollm2_360m_base,currency:6,currency,raw_question,7,147.6046142578125,25.769203186035156,0.18463294208049774
smollm2_360m_base,currency:6,currency,raw_question,8,155.4126739501953,19.427248001098633,0.20748476684093475
smollm2_360m_base,currency:6,currency,raw_question,9,163.2624969482422,14.102602005004883,0.19937095046043396
smollm2_360m_base,currency:6,currency,raw_question,10,162.21505737304688,13.061315536499023,0.17601493000984192
smollm2_360m_base,currency:6,currency,raw_question,11,175.39004516601562,17.130033493041992,0.18509432673454285
smollm2_360m_base,currency:6,currency,raw_question,12,181.885498046875,20.638404846191406,0.20362067222595215
smollm2_360m_base,currency:6,currency,raw_question,13,184.3613739013672,27.27939224243164,0.19160787761211395
smollm2_360m_base,currency:6,currency,raw_question,14,198.35958862304688,35.05582809448242,0.19729293882846832
smollm2_360m_base,currency:6,currency,raw_question,15,227.44696044921875,44.649192810058594,0.2163657248020172
smollm2_360m_base,currency:6,currency,raw_question,16,247.75074768066406,35.32432556152344,0.20795755088329315
smollm2_360m_base,currency:6,currency,raw_question,17,256.9298400878906,32.42830276489258,0.21072645485401154
smollm2_360m_base,currency:6,currency,raw_question,18,254.76478576660156,37.44292449951172,0.20490451157093048
smollm2_360m_base,currency:6,currency,raw_question,19,275.0115661621094,26.023910522460938,0.22569537162780762
smollm2_360m_base,currency:6,currency,raw_question,20,281.95147705078125,25.07988929748535,0.24528726935386658
smollm2_360m_base,currency:6,currency,raw_question,21,350.5564880371094,57.069496154785156,0.2684386372566223
smollm2_360m_base,currency:6,currency,raw_question,22,382.79669189453125,43.45133972167969,0.3208409547805786
smollm2_360m_base,currency:6,currency,raw_question,23,419.978759765625,55.269981384277344,0.29435306787490845
smollm2_360m_base,currency:6,currency,raw_question,24,504.9433898925781,49.7822151184082,0.34205684065818787
smollm2_360m_base,currency:6,currency,raw_question,25,573.4168090820312,38.09821701049805,0.3277676999568939
smollm2_360m_base,currency:6,currency,raw_question,26,692.6996459960938,77.0358657836914,0.3011365234851837
smollm2_360m_base,currency:6,currency,raw_question,27,799.16015625,60.84963607788086,0.27345341444015503
smollm2_360m_base,currency:6,currency,raw_question,28,906.6069946289062,72.07361602783203,0.28111258149147034
smollm2_360m_base,currency:6,currency,raw_question,29,1070.0177001953125,115.71176147460938,0.2968621850013733
smollm2_360m_base,currency:6,currency,raw_question,30,1210.5948486328125,100.80007934570312,0.34230655431747437
smollm2_360m_base,currency:6,currency,raw_question,31,64.06401824951172,125.22917175292969,0.5744498372077942
smollm2_360m_base,currency:6,currency,declarative,0,57.02792739868164,4.728760242462158,0.07504739612340927
smollm2_360m_base,currency:6,currency,declarative,1,82.92472076416016,16.740808486938477,0.10604840517044067
smollm2_360m_base,currency:6,currency,declarative,2,93.41256713867188,14.262721061706543,0.1272083818912506
smollm2_360m_base,currency:6,currency,declarative,3,90.34288024902344,17.901653289794922,0.146946981549263
smollm2_360m_base,currency:6,currency,declarative,4,113.0809555053711,22.58559226989746,0.16663065552711487
smollm2_360m_base,currency:6,currency,declarative,5,126.71623229980469,23.28575897216797,0.16637179255485535
smollm2_360m_base,currency:6,currency,declarative,6,138.84649658203125,12.067913055419922,0.16496078670024872
smollm2_360m_base,currency:6,currency,declarative,7,158.4950408935547,27.625381469726562,0.18346932530403137
smollm2_360m_base,currency:6,currency,declarative,8,173.73690795898438,32.77170944213867,0.22256478667259216
smollm2_360m_base,currency:6,currency,declarative,9,184.54920959472656,14.959877967834473,0.20155231654644012
smollm2_360m_base,currency:6,currency,declarative,10,183.89573669433594,12.574934005737305,0.18378885090351105
smollm2_360m_base,currency:6,currency,declarative,11,197.3410186767578,12.105137825012207,0.1916702687740326
smollm2_360m_base,currency:6,currency,declarative,12,202.11512756347656,21.154268264770508,0.20378735661506653
smollm2_360m_base,currency:6,currency,declarative,13,208.02734375,26.932458877563477,0.19845247268676758
smollm2_360m_base,currency:6,currency,declarative,14,214.7798309326172,39.69966125488281,0.2099287211894989
smollm2_360m_base,currency:6,currency,declarative,15,233.95228576660156,37.59593963623047,0.21968403458595276
smollm2_360m_base,currency:6,currency,declarative,16,261.8044128417969,34.980072021484375,0.2260185033082962
smollm2_360m_base,currency:6,currency,declarative,17,265.40264892578125,33.013145446777344,0.2238113433122635
smollm2_360m_base,currency:6,currency,declarative,18,258.23760986328125,36.8636360168457,0.21813872456550598
smollm2_360m_base,currency:6,currency,declarative,19,281.20806884765625,28.25473403930664,0.23323912918567657
smollm2_360m_base,currency:6,currency,declarative,20,299.8087463378906,23.85498046875,0.2502904534339905
smollm2_360m_base,currency:6,currency,declarative,21,349.16717529296875,42.41780090332031,0.2719351351261139
smollm2_360m_base,currency:6,currency,declarative,22,379.7019348144531,39.08794021606445,0.3532036244869232
smollm2_360m_base,currency:6,currency,declarative,23,412.3842468261719,97.87337493896484,0.3221310079097748
smollm2_360m_base,currency:6,currency,declarative,24,527.6889038085938,68.93417358398438,0.3346741199493408
smollm2_360m_base,currency:6,currency,declarative,25,582.2900390625,51.799129486083984,0.34757035970687866
smollm2_360m_base,currency:6,currency,declarative,26,814.7930908203125,151.084228515625,0.34961986541748047
smollm2_360m_base,currency:6,currency,declarative,27,909.4120483398438,98.68226623535156,0.43423646688461304
smollm2_360m_base,currency:6,currency,declarative,28,1059.4527587890625,80.34967803955078,0.4970340132713318
smollm2_360m_base,currency:6,currency,declarative,29,1189.807861328125,76.39173889160156,0.5352751612663269
smollm2_360m_base,currency:6,currency,declarative,30,1396.984375,159.63038635253906,0.5945339202880859
smollm2_360m_base,currency:6,currency,declarative,31,56.529212951660156,94.59583282470703,0.7321677803993225
smollm2_360m_base,currency:6,currency,qa,0,53.642364501953125,4.659562110900879,0.07520510256290436
smollm2_360m_base,currency:6,currency,qa,1,70.84336853027344,16.293216705322266,0.1315722018480301
smollm2_360m_base,currency:6,currency,qa,2,87.11307525634766,15.722636222839355,0.14263811707496643
smollm2_360m_base,currency:6,currency,qa,3,102.50872039794922,14.53305721282959,0.16553182899951935
smollm2_360m_base,currency:6,currency,qa,4,107.74681091308594,18.016021728515625,0.17771974205970764
smollm2_360m_base,currency:6,currency,qa,5,118.51495361328125,18.885873794555664,0.17225296795368195
smollm2_360m_base,currency:6,currency,qa,6,152.02676391601562,39.31736755371094,0.19822260737419128
smollm2_360m_base,currency:6,currency,qa,7,165.8273468017578,26.10902976989746,0.20696143805980682
smollm2_360m_base,currency:6,currency,qa,8,165.5824432373047,21.810401916503906,0.2094610631465912
smollm2_360m_base,currency:6,currency,qa,9,179.9705047607422,27.345949172973633,0.20253205299377441
smollm2_360m_base,currency:6,currency,qa,10,175.9960479736328,17.837308883666992,0.18258771300315857
smollm2_360m_base,currency:6,currency,qa,11,181.61524963378906,14.848814964294434,0.19769960641860962
smollm2_360m_base,currency:6,currency,qa,12,195.40794372558594,32.52244567871094,0.20393076539039612
smollm2_360m_base,currency:6,currency,qa,13,201.69427490234375,17.684480667114258,0.19495835900306702
smollm2_360m_base,currency:6,currency,qa,14,205.90370178222656,24.73170280456543,0.19220507144927979
smollm2_360m_base,currency:6,currency,qa,15,217.24644470214844,36.03710174560547,0.19793374836444855
smollm2_360m_base,currency:6,currency,qa,16,244.82920837402344,38.52758026123047,0.2126387059688568
smollm2_360m_base,currency:6,currency,qa,17,259.1818542480469,25.62150001525879,0.21733637154102325
smollm2_360m_base,currency:6,currency,qa,18,258.5184020996094,36.9181022644043,0.21607153117656708
smollm2_360m_base,currency:6,currency,qa,19,267.4702453613281,30.51305389404297,0.23181679844856262
smollm2_360m_base,currency:6,currency,qa,20,279.31671142578125,34.73252487182617,0.25613608956336975
smollm2_360m_base,currency:6,currency,qa,21,341.39862060546875,53.91830825805664,0.28109508752822876
smollm2_360m_base,currency:6,currency,qa,22,372.9885559082031,47.330387115478516,0.3694424331188202
smollm2_360m_base,currency:6,currency,qa,23,438.2616271972656,137.2696990966797,0.32899442315101624
smollm2_360m_base,currency:6,currency,qa,24,556.6062622070312,78.57575225830078,0.35856109857559204
smollm2_360m_base,currency:6,currency,qa,25,626.2183837890625,52.31223678588867,0.3785380423069
smollm2_360m_base,currency:6,currency,qa,26,822.5645751953125,147.5400848388672,0.35365763306617737
smollm2_360m_base,currency:6,currency,qa,27,929.6219482421875,123.97586059570312,0.3841151297092438
smollm2_360m_base,currency:6,currency,qa,28,1086.47998046875,94.23974609375,0.44494396448135376
smollm2_360m_base,currency:6,currency,qa,29,1240.6749267578125,88.94831848144531,0.4856589734554291
smollm2_360m_base,currency:6,currency,qa,30,1432.516845703125,158.9838104248047,0.5485517382621765
smollm2_360m_base,currency:6,currency,qa,31,67.1103286743164,104.06901550292969,0.7200134992599487
smollm2_360m_base,currency:6,currency,chat_template,0,51.37828826904297,4.823688507080078,0.06983737647533417
smollm2_360m_base,currency:6,currency,chat_template,1,71.16043090820312,18.251319885253906,0.0890069529414177
smollm2_360m_base,currency:6,currency,chat_template,2,80.74304962158203,10.711501121520996,0.11730438470840454
smollm2_360m_base,currency:6,currency,chat_template,3,94.14305877685547,15.326038360595703,0.1416487991809845
smollm2_360m_base,currency:6,currency,chat_template,4,105.7559585571289,18.119491577148438,0.15889699757099152
smollm2_360m_base,currency:6,currency,chat_template,5,116.916015625,14.056747436523438,0.15735046565532684
smollm2_360m_base,currency:6,currency,chat_template,6,126.63148498535156,23.17509651184082,0.17001685500144958
smollm2_360m_base,currency:6,currency,chat_template,7,148.5935516357422,24.068500518798828,0.19149363040924072
smollm2_360m_base,currency:6,currency,chat_template,8,159.28445434570312,30.291112899780273,0.22301697731018066
smollm2_360m_base,currency:6,currency,chat_template,9,167.0650634765625,21.110149383544922,0.2062031328678131
smollm2_360m_base,currency:6,currency,chat_template,10,166.4949493408203,13.515939712524414,0.16881150007247925
smollm2_360m_base,currency:6,currency,chat_template,11,175.69924926757812,19.864656448364258,0.18182110786437988
smollm2_360m_base,currency:6,currency,chat_template,12,182.22268676757812,20.700090408325195,0.1930963695049286
smollm2_360m_base,currency:6,currency,chat_template,13,193.31822204589844,24.45302963256836,0.19641968607902527
smollm2_360m_base,currency:6,currency,chat_template,14,209.63687133789062,27.676109313964844,0.19722621142864227
smollm2_360m_base,currency:6,currency,chat_template,15,219.35256958007812,25.17152976989746,0.1988539695739746
smollm2_360m_base,currency:6,currency,chat_template,16,245.1226348876953,36.34859085083008,0.2167641818523407
smollm2_360m_base,currency:6,currency,chat_template,17,267.3565368652344,44.29620361328125,0.23856616020202637
smollm2_360m_base,currency:6,currency,chat_template,18,275.3891296386719,50.1785888671875,0.23335358500480652
smollm2_360m_base,currency:6,currency,chat_template,19,270.2323913574219,28.314619064331055,0.2519262731075287
smollm2_360m_base,currency:6,currency,chat_template,20,280.7304382324219,34.78936004638672,0.26888933777809143
smollm2_360m_base,currency:6,currency,chat_template,21,332.1900939941406,50.4831428527832,0.29678744077682495
smollm2_360m_base,currency:6,currency,chat_template,22,359.1544494628906,50.20733642578125,0.39048439264297485
smollm2_360m_base,currency:6,currency,chat_template,23,416.7351379394531,106.25535583496094,0.32819637656211853
smollm2_360m_base,currency:6,currency,chat_template,24,533.3449096679688,77.40304565429688,0.361873060464859
smollm2_360m_base,currency:6,currency,chat_template,25,635.7610473632812,71.41088104248047,0.3926032483577728
smollm2_360m_base,currency:6,currency,chat_template,26,780.7384033203125,68.86096954345703,0.35682928562164307
smollm2_360m_base,currency:6,currency,chat_template,27,909.9605102539062,120.0274887084961,0.3482974171638489
smollm2_360m_base,currency:6,currency,chat_template,28,1054.8687744140625,126.60790252685547,0.38123565912246704
smollm2_360m_base,currency:6,currency,chat_template,29,1248.075439453125,138.4685516357422,0.4232088029384613
smollm2_360m_base,currency:6,currency,chat_template,30,1418.6815185546875,125.08976745605469,0.49019020795822144
smollm2_360m_base,currency:6,currency,chat_template,31,68.085693359375,147.4072265625,0.6970964670181274
smollm2_360m_base,currency:7,currency,raw_question,0,60.434566497802734,4.452660083770752,0.09535565227270126
smollm2_360m_base,currency:7,currency,raw_question,1,80.8808364868164,16.74382781982422,0.09507721662521362
smollm2_360m_base,currency:7,currency,raw_question,2,93.04694366455078,13.45944881439209,0.12451813369989395
smollm2_360m_base,currency:7,currency,raw_question,3,86.06837463378906,16.191482543945312,0.13215410709381104
smollm2_360m_base,currency:7,currency,raw_question,4,100.21857452392578,18.612396240234375,0.15816715359687805
smollm2_360m_base,currency:7,currency,raw_question,5,115.15086364746094,20.8361873626709,0.15757398307323456
smollm2_360m_base,currency:7,currency,raw_question,6,130.5353546142578,10.914468765258789,0.1651647537946701
smollm2_360m_base,currency:7,currency,raw_question,7,148.00234985351562,27.034950256347656,0.187574103474617
smollm2_360m_base,currency:7,currency,raw_question,8,154.055419921875,18.086515426635742,0.20819926261901855
smollm2_360m_base,currency:7,currency,raw_question,9,162.30474853515625,15.042369842529297,0.20133426785469055
smollm2_360m_base,currency:7,currency,raw_question,10,160.54421997070312,12.470281600952148,0.17690105736255646
smollm2_360m_base,currency:7,currency,raw_question,11,174.2961883544922,15.215286254882812,0.18645182251930237
smollm2_360m_base,currency:7,currency,raw_question,12,180.977783203125,20.177669525146484,0.20533065497875214
smollm2_360m_base,currency:7,currency,raw_question,13,182.67799377441406,27.994409561157227,0.19393397867679596
smollm2_360m_base,currency:7,currency,raw_question,14,196.787353515625,36.233768463134766,0.19781145453453064
smollm2_360m_base,currency:7,currency,raw_question,15,226.48489379882812,44.78672790527344,0.2179393768310547
smollm2_360m_base,currency:7,currency,raw_question,16,247.60757446289062,35.94033432006836,0.2119801938533783
smollm2_360m_base,currency:7,currency,raw_question,17,256.53955078125,31.056779861450195,0.21149449050426483
smollm2_360m_base,currency:7,currency,raw_question,18,253.950927734375,36.64991760253906,0.20592501759529114
smollm2_360m_base,currency:7,currency,raw_question,19,273.3266906738281,26.247343063354492,0.22656074166297913
smollm2_360m_base,currency:7,currency,raw_question,20,282.1485290527344,25.899784088134766,0.24714604020118713
smollm2_360m_base,currency:7,currency,raw_question,21,351.8578186035156,56.77194595336914,0.27033481001853943
smollm2_360m_base,currency:7,currency,raw_question,22,381.3851013183594,42.87250900268555,0.3241908848285675
smollm2_360m_base,currency:7,currency,raw_question,23,417.86541748046875,56.231712341308594,0.29574665427207947
smollm2_360m_base,currency:7,currency,raw_question,24,499.7358093261719,48.80059814453125,0.34289050102233887
smollm2_360m_base,currency:7,currency,raw_question,25,561.5139770507812,35.88031005859375,0.3274203836917877
smollm2_360m_base,currency:7,currency,raw_question,26,693.4247436523438,79.90312957763672,0.303153932094574
smollm2_360m_base,currency:7,currency,raw_question,27,795.9176025390625,62.875125885009766,0.2820727229118347
smollm2_360m_base,currency:7,currency,raw_question,28,909.525146484375,74.09032440185547,0.2832592725753784
smollm2_360m_base,currency:7,currency,raw_question,29,1068.5238037109375,111.12852478027344,0.3071969151496887
smollm2_360m_base,currency:7,currency,raw_question,30,1207.5599365234375,93.47605895996094,0.3496862053871155
smollm2_360m_base,currency:7,currency,raw_question,31,62.47032928466797,131.42233276367188,0.5846473574638367
smollm2_360m_base,currency:7,currency,declarative,0,56.889190673828125,4.729831218719482,0.07520326226949692
smollm2_360m_base,currency:7,currency,declarative,1,84.25413513183594,16.561662673950195,0.10620031505823135
smollm2_360m_base,currency:7,currency,declarative,2,93.82699584960938,14.162810325622559,0.12724459171295166
smollm2_360m_base,currency:7,currency,declarative,3,91.46914672851562,18.45255470275879,0.14579863846302032
smollm2_360m_base,currency:7,currency,declarative,4,113.34637451171875,22.615421295166016,0.16732940077781677
smollm2_360m_base,currency:7,currency,declarative,5,127.30992126464844,22.764745712280273,0.16466298699378967
smollm2_360m_base,currency:7,currency,declarative,6,137.55067443847656,12.163960456848145,0.16360953450202942
smollm2_360m_base,currency:7,currency,declarative,7,156.07855224609375,28.07508087158203,0.18480174243450165
smollm2_360m_base,currency:7,currency,declarative,8,168.00726318359375,30.865711212158203,0.2194679081439972
smollm2_360m_base,currency:7,currency,declarative,9,179.35716247558594,13.55572509765625,0.20280523598194122
smollm2_360m_base,currency:7,currency,declarative,10,180.63316345214844,11.463879585266113,0.18385520577430725
smollm2_360m_base,currency:7,currency,declarative,11,192.3146209716797,10.887513160705566,0.18806138634681702
smollm2_360m_base,currency:7,currency,declarative,12,196.3044891357422,20.235668182373047,0.20017309486865997
smollm2_360m_base,currency:7,currency,declarative,13,199.5560760498047,27.124399185180664,0.19513167440891266
smollm2_360m_base,currency:7,currency,declarative,14,208.8080596923828,40.389671325683594,0.20924553275108337
smollm2_360m_base,currency:7,currency,declarative,15,232.6167449951172,37.93227005004883,0.22206315398216248
smollm2_360m_base,currency:7,currency,declarative,16,261.7486877441406,38.49382400512695,0.23272764682769775
smollm2_360m_base,currency:7,currency,declarative,17,263.4450988769531,31.86601448059082,0.22722049057483673
smollm2_360m_base,currency:7,currency,declarative,18,254.1173858642578,37.52806091308594,0.2201773226261139
smollm2_360m_base,currency:7,currency,declarative,19,276.3875732421875,27.52717399597168,0.23403671383857727
smollm2_360m_base,currency:7,currency,declarative,20,295.3226318359375,24.577465057373047,0.25060057640075684
smollm2_360m_base,currency:7,currency,declarative,21,345.8520812988281,42.006221771240234,0.2741149961948395
smollm2_360m_base,currency:7,currency,declarative,22,375.7601318359375,40.283905029296875,0.3598538935184479
smollm2_360m_base,currency:7,currency,declarative,23,405.9135437011719,99.4386215209961,0.32581114768981934
smollm2_360m_base,currency:7,currency,declarative,24,521.1119995117188,76.76847839355469,0.3367798328399658
smollm2_360m_base,currency:7,currency,declarative,25,569.569091796875,54.87390899658203,0.3404127061367035
smollm2_360m_base,currency:7,currency,declarative,26,833.4608764648438,155.01544189453125,0.3527107834815979
smollm2_360m_base,currency:7,currency,declarative,27,914.5804443359375,118.54276275634766,0.4169484078884125
smollm2_360m_base,currency:7,currency,declarative,28,1045.747314453125,72.92764282226562,0.4780363440513611
smollm2_360m_base,currency:7,currency,declarative,29,1190.8790283203125,88.74436950683594,0.5612169504165649
smollm2_360m_base,currency:7,currency,declarative,30,1356.441650390625,161.8671417236328,0.6246051788330078
smollm2_360m_base,currency:7,currency,declarative,31,54.437225341796875,107.1567611694336,0.7519773840904236
smollm2_360m_base,currency:7,currency,qa,0,53.64787673950195,4.659580230712891,0.07507861405611038
smollm2_360m_base,currency:7,currency,qa,1,71.05927276611328,16.387508392333984,0.1323041021823883
smollm2_360m_base,currency:7,currency,qa,2,87.24765014648438,15.77698040008545,0.1424345076084137
smollm2_360m_base,currency:7,currency,qa,3,102.61821746826172,14.647661209106445,0.16391445696353912
smollm2_360m_base,currency:7,currency,qa,4,108.47107696533203,18.099445343017578,0.17728285491466522
smollm2_360m_base,currency:7,currency,qa,5,118.9939956665039,18.35420036315918,0.17143116891384125
smollm2_360m_base,currency:7,currency,qa,6,153.70533752441406,40.46334457397461,0.1985660046339035
smollm2_360m_base,currency:7,currency,qa,7,166.9846954345703,26.656312942504883,0.2087845355272293
smollm2_360m_base,currency:7,currency,qa,8,166.48654174804688,21.824058532714844,0.21098490059375763
smollm2_360m_base,currency:7,currency,qa,9,181.57772827148438,29.36235237121582,0.20431742072105408
smollm2_360m_base,currency:7,currency,qa,10,175.98019409179688,17.89833641052246,0.18508033454418182
smollm2_360m_base,currency:7,currency,qa,11,180.99853515625,14.897543907165527,0.20027606189250946
smollm2_360m_base,currency:7,currency,qa,12,194.80999755859375,30.199026107788086,0.20541056990623474
smollm2_360m_base,currency:7,currency,qa,13,199.26966857910156,17.9871768951416,0.19517485797405243
smollm2_360m_base,currency:7,currency,qa,14,203.1967010498047,26.496179580688477,0.1945602148771286
smollm2_360m_base,currency:7,currency,qa,15,216.6548614501953,38.0469856262207,0.20250876247882843
smollm2_360m_base,currency:7,currency,qa,16,242.37860107421875,39.29462814331055,0.21627871692180634
smollm2_360m_base,currency:7,currency,qa,17,255.92596435546875,26.366437911987305,0.2187005579471588
smollm2_360m_base,currency:7,currency,qa,18,255.02377319335938,37.16141128540039,0.21876874566078186
smollm2_360m_base,currency:7,currency,qa,19,265.7368469238281,30.975528717041016,0.23377938568592072
smollm2_360m_base,currency:7,currency,qa,20,279.3977355957031,35.77995681762695,0.2575591206550598
smollm2_360m_base,currency:7,currency,qa,21,339.091064453125,53.6505241394043,0.2806454598903656
smollm2_360m_base,currency:7,currency,qa,22,369.9083557128906,47.170963287353516,0.3721367418766022
smollm2_360m_base,currency:7,currency,qa,23,430.6693115234375,138.3882598876953,0.3316236138343811
smollm2_360m_base,currency:7,currency,qa,24,552.7030639648438,82.72594451904297,0.363072007894516
smollm2_360m_base,currency:7,currency,qa,25,615.2633666992188,57.61735153198242,0.37787771224975586
smollm2_360m_base,currency:7,currency,qa,26,854.6582641601562,162.91822814941406,0.35908591747283936
smollm2_360m_base,currency:7,currency,qa,27,946.8027954101562,118.04280090332031,0.38370972871780396
smollm2_360m_base,currency:7,currency,qa,28,1088.900146484375,88.6469955444336,0.43751853704452515
smollm2_360m_base,currency:7,currency,qa,29,1251.7806396484375,82.33782958984375,0.5130137205123901
smollm2_360m_base,currency:7,currency,qa,30,1421.2315673828125,172.7130126953125,0.5776810050010681
smollm2_360m_base,currency:7,currency,qa,31,61.05422592163086,141.41595458984375,0.7505089640617371
smollm2_360m_base,currency:7,currency,chat_template,0,51.37992858886719,4.826222896575928,0.06976543366909027
smollm2_360m_base,currency:7,currency,chat_template,1,71.37770080566406,18.432844161987305,0.08911900222301483
smollm2_360m_base,currency:7,currency,chat_template,2,80.70994567871094,10.742630004882812,0.11674191802740097
smollm2_360m_base,currency:7,currency,chat_template,3,93.58976745605469,15.150884628295898,0.14104752242565155
smollm2_360m_base,currency:7,currency,chat_template,4,105.09944915771484,17.670591354370117,0.15801742672920227
smollm2_360m_base,currency:7,currency,chat_template,5,116.29251861572266,14.120689392089844,0.15610626339912415
smollm2_360m_base,currency:7,currency,chat_template,6,126.56484985351562,23.707340240478516,0.16953274607658386
smollm2_360m_base,currency:7,currency,chat_template,7,148.10043334960938,24.322643280029297,0.19136524200439453
smollm2_360m_base,currency:7,currency,chat_template,8,159.6428985595703,31.14760971069336,0.22378408908843994
smollm2_360m_base,currency:7,currency,chat_template,9,168.83383178710938,22.74946403503418,0.20676115155220032
smollm2_360m_base,currency:7,currency,chat_template,10,168.26736450195312,14.223886489868164,0.17007306218147278
smollm2_360m_base,currency:7,currency,chat_template,11,178.26731872558594,21.409765243530273,0.1836569607257843
smollm2_360m_base,currency:7,currency,chat_template,12,184.3067169189453,20.658578872680664,0.19542041420936584
smollm2_360m_base,currency:7,currency,chat_template,13,192.682373046875,23.866130828857422,0.1966303288936615
smollm2_360m_base,currency:7,currency,chat_template,14,208.13803100585938,27.674922943115234,0.1974865347146988
smollm2_360m_base,currency:7,currency,chat_template,15,216.48135375976562,25.383365631103516,0.19967763125896454
smollm2_360m_base,currency:7,currency,chat_template,16,242.70213317871094,36.54591751098633,0.21677856147289276
smollm2_360m_base,currency:7,currency,chat_template,17,264.9698181152344,44.32686233520508,0.24046015739440918
smollm2_360m_base,currency:7,currency,chat_template,18,271.946044921875,50.062278747558594,0.23521968722343445
smollm2_360m_base,currency:7,currency,chat_template,19,267.58477783203125,28.720598220825195,0.25234976410865784
smollm2_360m_base,currency:7,currency,chat_template,20,280.26495361328125,34.3272590637207,0.2683563232421875
smollm2_360m_base,currency:7,currency,chat_template,21,334.5794677734375,52.40947723388672,0.2984654903411865
smollm2_360m_base,currency:7,currency,chat_template,22,359.2923278808594,49.68485641479492,0.3931577801704407
smollm2_360m_base,currency:7,currency,chat_template,23,412.8010559082031,108.62523651123047,0.33075150847435
smollm2_360m_base,currency:7,currency,chat_template,24,530.2169799804688,82.48680877685547,0.3621768653392792
smollm2_360m_base,currency:7,currency,chat_template,25,629.6703491210938,77.17562866210938,0.3918371796607971
smollm2_360m_base,currency:7,currency,chat_template,26,790.55859375,98.56721496582031,0.3556685149669647
smollm2_360m_base,currency:7,currency,chat_template,27,921.175048828125,138.55630493164062,0.3475230634212494
smollm2_360m_base,currency:7,currency,chat_template,28,1062.53466796875,126.86465454101562,0.3786165118217468
smollm2_360m_base,currency:7,currency,chat_template,29,1264.8731689453125,141.03195190429688,0.4206755757331848
smollm2_360m_base,currency:7,currency,chat_template,30,1429.035888671875,120.70282745361328,0.4886760711669922
smollm2_360m_base,currency:7,currency,chat_template,31,64.62915802001953,162.22439575195312,0.6951847076416016
smollm2_360m_base,currency:8,currency,raw_question,0,59.72148513793945,4.602139472961426,0.09495740383863449
smollm2_360m_base,currency:8,currency,raw_question,1,79.3382797241211,16.67032814025879,0.09277087450027466
smollm2_360m_base,currency:8,currency,raw_question,2,91.1446304321289,13.643046379089355,0.12277106940746307
smollm2_360m_base,currency:8,currency,raw_question,3,84.2106704711914,15.415602684020996,0.1296752244234085
smollm2_360m_base,currency:8,currency,raw_question,4,97.383056640625,17.871732711791992,0.1553521305322647
smollm2_360m_base,currency:8,currency,raw_question,5,111.69306945800781,19.506757736206055,0.157328799366951
smollm2_360m_base,currency:8,currency,raw_question,6,128.9019775390625,10.822260856628418,0.16541044414043427
smollm2_360m_base,currency:8,currency,raw_question,7,145.42295837402344,23.7998046875,0.18556807935237885
smollm2_360m_base,currency:8,currency,raw_question,8,154.8490753173828,19.853864669799805,0.20617027580738068
smollm2_360m_base,currency:8,currency,raw_question,9,160.50628662109375,14.46290397644043,0.1980910301208496
smollm2_360m_base,currency:8,currency,raw_question,10,160.48069763183594,12.70579719543457,0.17433948814868927
smollm2_360m_base,currency:8,currency,raw_question,11,173.3361358642578,16.581552505493164,0.18717104196548462
smollm2_360m_base,currency:8,currency,raw_question,12,179.42465209960938,20.70323371887207,0.20580697059631348
smollm2_360m_base,currency:8,currency,raw_question,13,180.64329528808594,28.001253128051758,0.19188480079174042
smollm2_360m_base,currency:8,currency,raw_question,14,196.88665771484375,36.37832260131836,0.19759000837802887
smollm2_360m_base,currency:8,currency,raw_question,15,226.4713897705078,43.646629333496094,0.216597318649292
smollm2_360m_base,currency:8,currency,raw_question,16,244.9696044921875,35.830196380615234,0.20700721442699432
smollm2_360m_base,currency:8,currency,raw_question,17,255.79403686523438,31.733137130737305,0.20950274169445038
smollm2_360m_base,currency:8,currency,raw_question,18,251.90396118164062,38.2330322265625,0.20271070301532745
smollm2_360m_base,currency:8,currency,raw_question,19,274.99798583984375,26.38739013671875,0.22701755166053772
smollm2_360m_base,currency:8,currency,raw_question,20,281.9490051269531,25.609970092773438,0.24916331470012665
smollm2_360m_base,currency:8,currency,raw_question,21,351.27423095703125,58.074188232421875,0.2707923650741577
smollm2_360m_base,currency:8,currency,raw_question,22,383.873291015625,42.43490982055664,0.32693561911582947
smollm2_360m_base,currency:8,currency,raw_question,23,422.5290222167969,56.24177169799805,0.2974550127983093
smollm2_360m_base,currency:8,currency,raw_question,24,508.2787170410156,48.80887985229492,0.3427257537841797
smollm2_360m_base,currency:8,currency,raw_question,25,573.0980834960938,35.52399826049805,0.3271907567977905
smollm2_360m_base,currency:8,currency,raw_question,26,690.1514892578125,78.58722686767578,0.30029451847076416
smollm2_360m_base,currency:8,currency,raw_question,27,799.5397338867188,54.02375030517578,0.27069780230522156
smollm2_360m_base,currency:8,currency,raw_question,28,896.928955078125,64.98452758789062,0.26904749870300293
smollm2_360m_base,currency:8,currency,raw_question,29,1059.6136474609375,125.36396789550781,0.2903212010860443
smollm2_360m_base,currency:8,currency,raw_question,30,1200.8070068359375,96.88992309570312,0.33852696418762207
smollm2_360m_base,currency:8,currency,raw_question,31,65.35685729980469,121.79740905761719,0.571434736251831
smollm2_360m_base,currency:8,currency,declarative,0,56.3620719909668,4.7622389793396,0.07503305375576019
smollm2_360m_base,currency:8,currency,declarative,1,82.07597351074219,16.245986938476562,0.10536281764507294
smollm2_360m_base,currency:8,currency,declarative,2,92.15352630615234,14.342415809631348,0.1251247376203537
smollm2_360m_base,currency:8,currency,declarative,3,89.95515441894531,17.648828506469727,0.14416971802711487
smollm2_360m_base,currency:8,currency,declarative,4,111.77088928222656,21.625381469726562,0.16435778141021729
smollm2_360m_base,currency:8,currency,declarative,5,125.24686431884766,22.984601974487305,0.16505253314971924
smollm2_360m_base,currency:8,currency,declarative,6,137.480224609375,11.786382675170898,0.1638045758008957
smollm2_360m_base,currency:8,currency,declarative,7,154.8719482421875,24.31023597717285,0.1831335723400116
smollm2_360m_base,currency:8,currency,declarative,8,170.3518829345703,32.88959503173828,0.2207655906677246
smollm2_360m_base,currency:8,currency,declarative,9,180.2628631591797,14.302233695983887,0.19829167425632477
smollm2_360m_base,currency:8,currency,declarative,10,181.08233642578125,12.27527904510498,0.17964962124824524
smollm2_360m_base,currency:8,currency,declarative,11,193.5531463623047,11.206072807312012,0.1840718686580658
smollm2_360m_base,currency:8,currency,declarative,12,196.785400390625,19.963367462158203,0.19777831435203552
smollm2_360m_base,currency:8,currency,declarative,13,202.37936401367188,28.97969627380371,0.1963508129119873
smollm2_360m_base,currency:8,currency,declarative,14,212.31617736816406,41.75205993652344,0.21076133847236633
smollm2_360m_base,currency:8,currency,declarative,15,235.99899291992188,37.57533264160156,0.22051696479320526
smollm2_360m_base,currency:8,currency,declarative,16,259.2477111816406,35.81069564819336,0.22538971900939941
smollm2_360m_base,currency:8,currency,declarative,17,264.451904296875,31.50374984741211,0.22348269820213318
smollm2_360m_base,currency:8,currency,declarative,18,255.46485900878906,35.58726119995117,0.21703696250915527
smollm2_360m_base,currency:8,currency,declarative,19,284.4708251953125,29.284324645996094,0.2325870543718338
smollm2_360m_base,currency:8,currency,declarative,20,303.23065185546875,24.02721405029297,0.24983510375022888
smollm2_360m_base,currency:8,currency,declarative,21,351.9226989746094,43.284278869628906,0.2726157009601593
smollm2_360m_base,currency:8,currency,declarative,22,386.4759521484375,40.47331619262695,0.3577047884464264
smollm2_360m_base,currency:8,currency,declarative,23,424.4623718261719,105.08677673339844,0.3266006112098694
smollm2_360m_base,currency:8,currency,declarative,24,537.9568481445312,60.954254150390625,0.33230575919151306
smollm2_360m_base,currency:8,currency,declarative,25,598.1538696289062,47.477874755859375,0.34600526094436646
smollm2_360m_base,currency:8,currency,declarative,26,799.6292114257812,137.2766571044922,0.33608466386795044
smollm2_360m_base,currency:8,currency,declarative,27,886.8526000976562,69.67985534667969,0.39839982986450195
smollm2_360m_base,currency:8,currency,declarative,28,1057.8795166015625,95.68079376220703,0.43555060029029846
smollm2_360m_base,currency:8,currency,declarative,29,1230.2476806640625,103.60330200195312,0.48198002576828003
smollm2_360m_base,currency:8,currency,declarative,30,1405.44677734375,124.2806625366211,0.5347982048988342
smollm2_360m_base,currency:8,currency,declarative,31,58.502140045166016,99.61447143554688,0.652816891670227
smollm2_360m_base,currency:8,currency,qa,0,53.57881164550781,4.655723571777344,0.07520020008087158
smollm2_360m_base,currency:8,currency,qa,1,70.79180908203125,16.297819137573242,0.13230645656585693
smollm2_360m_base,currency:8,currency,qa,2,87.0167465209961,15.544341087341309,0.14283689856529236
smollm2_360m_base,currency:8,currency,qa,3,102.66563415527344,14.478601455688477,0.1655455082654953
smollm2_360m_base,currency:8,currency,qa,4,107.74712371826172,17.26997184753418,0.1767296940088272
smollm2_360m_base,currency:8,currency,qa,5,118.46239471435547,18.61612319946289,0.17125825583934784
smollm2_360m_base,currency:8,currency,qa,6,152.320068359375,39.77635955810547,0.19785800576210022
smollm2_360m_base,currency:8,currency,qa,7,165.67529296875,26.45838165283203,0.20766237378120422
smollm2_360m_base,currency:8,currency,qa,8,165.66883850097656,21.832399368286133,0.21090392768383026
smollm2_360m_base,currency:8,currency,qa,9,177.6077423095703,26.21859359741211,0.20435447990894318
smollm2_360m_base,currency:8,currency,qa,10,174.32644653320312,17.80904769897461,0.18218258023262024
smollm2_360m_base,currency:8,currency,qa,11,181.52334594726562,15.030288696289062,0.19687335193157196
smollm2_360m_base,currency:8,currency,qa,12,195.16661071777344,32.94179916381836,0.20395305752754211
smollm2_360m_base,currency:8,currency,qa,13,199.6658172607422,17.840051651000977,0.19497156143188477
smollm2_360m_base,currency:8,currency,qa,14,205.2427520751953,25.195592880249023,0.19176900386810303
smollm2_360m_base,currency:8,currency,qa,15,217.84988403320312,36.788204193115234,0.19942298531532288
smollm2_360m_base,currency:8,currency,qa,16,244.7205352783203,37.67487716674805,0.21126480400562286
smollm2_360m_base,currency:8,currency,qa,17,258.673828125,24.843992233276367,0.21797385811805725
smollm2_360m_base,currency:8,currency,qa,18,259.7952880859375,37.24580001831055,0.2164028137922287
smollm2_360m_base,currency:8,currency,qa,19,267.9422302246094,31.122282028198242,0.23244528472423553
smollm2_360m_base,currency:8,currency,qa,20,282.3341064453125,37.68275451660156,0.2576081156730652
smollm2_360m_base,currency:8,currency,qa,21,342.45513916015625,55.05711364746094,0.28472599387168884
smollm2_360m_base,currency:8,currency,qa,22,377.4414367675781,48.07524490356445,0.3754328787326813
smollm2_360m_base,currency:8,currency,qa,23,442.4818420410156,142.53819274902344,0.333393394947052
smollm2_360m_base,currency:8,currency,qa,24,558.2398681640625,74.99385070800781,0.35825860500335693
smollm2_360m_base,currency:8,currency,qa,25,623.8919677734375,50.356781005859375,0.3740031123161316
smollm2_360m_base,currency:8,currency,qa,26,804.0352783203125,123.5272445678711,0.3456500470638275
smollm2_360m_base,currency:8,currency,qa,27,908.3018798828125,101.1245346069336,0.3567653298377991
smollm2_360m_base,currency:8,currency,qa,28,1070.7542724609375,96.2027816772461,0.3976513743400574
smollm2_360m_base,currency:8,currency,qa,29,1236.1402587890625,103.7752456665039,0.4433155059814453
smollm2_360m_base,currency:8,currency,qa,30,1406.010498046875,122.28532409667969,0.5043618083000183
smollm2_360m_base,currency:8,currency,qa,31,67.76543426513672,114.73870849609375,0.6751909255981445
smollm2_360m_base,currency:8,currency,chat_template,0,51.228092193603516,4.820652008056641,0.06996162235736847
smollm2_360m_base,currency:8,currency,chat_template,1,71.24593353271484,18.450340270996094,0.08907238394021988
smollm2_360m_base,currency:8,currency,chat_template,2,80.55318450927734,10.672769546508789,0.11720490455627441
smollm2_360m_base,currency:8,currency,chat_template,3,93.9238052368164,15.213555335998535,0.14169470965862274
smollm2_360m_base,currency:8,currency,chat_template,4,105.3222885131836,17.564741134643555,0.15787191689014435
smollm2_360m_base,currency:8,currency,chat_template,5,115.80432891845703,13.10200023651123,0.15513619780540466
smollm2_360m_base,currency:8,currency,chat_template,6,125.53668212890625,22.48501205444336,0.16789841651916504
smollm2_360m_base,currency:8,currency,chat_template,7,147.7331085205078,23.5947322845459,0.19100934267044067
smollm2_360m_base,currency:8,currency,chat_template,8,159.98690795898438,30.727371215820312,0.2251991480588913
smollm2_360m_base,currency:8,currency,chat_template,9,167.8776092529297,19.894514083862305,0.2070314586162567
smollm2_360m_base,currency:8,currency,chat_template,10,167.40728759765625,14.449431419372559,0.17087820172309875
smollm2_360m_base,currency:8,currency,chat_template,11,177.10482788085938,20.146015167236328,0.1819111704826355
smollm2_360m_base,currency:8,currency,chat_template,12,182.22109985351562,20.06126594543457,0.1918978989124298
smollm2_360m_base,currency:8,currency,chat_template,13,191.65118408203125,23.817241668701172,0.19441500306129456
smollm2_360m_base,currency:8,currency,chat_template,14,209.94366455078125,28.71085548400879,0.19596287608146667
smollm2_360m_base,currency:8,currency,chat_template,15,218.7965850830078,24.99526023864746,0.1975046843290329
smollm2_360m_base,currency:8,currency,chat_template,16,242.99386596679688,35.553470611572266,0.21483668684959412
smollm2_360m_base,currency:8,currency,chat_template,17,266.82342529296875,44.8089714050293,0.23909440636634827
smollm2_360m_base,currency:8,currency,chat_template,18,275.59881591796875,50.27227020263672,0.23305284976959229
smollm2_360m_base,currency:8,currency,chat_template,19,271.38134765625,27.91510772705078,0.25151920318603516
smollm2_360m_base,currency:8,currency,chat_template,20,281.7980041503906,35.34389877319336,0.26835769414901733
smollm2_360m_base,currency:8,currency,chat_template,21,332.5162048339844,49.873191833496094,0.2949480414390564
smollm2_360m_base,currency:8,currency,chat_template,22,360.8053894042969,50.320308685302734,0.38841119408607483
smollm2_360m_base,currency:8,currency,chat_template,23,418.4272766113281,102.6756820678711,0.3290099501609802
smollm2_360m_base,currency:8,currency,chat_template,24,535.7808837890625,75.35247802734375,0.36048373579978943
smollm2_360m_base,currency:8,currency,chat_template,25,634.2078857421875,63.04051208496094,0.39158371090888977
smollm2_360m_base,currency:8,currency,chat_template,26,771.5529174804688,63.718807220458984,0.35107454657554626
smollm2_360m_base,currency:8,currency,chat_template,27,910.390869140625,126.724609375,0.32588663697242737
smollm2_360m_base,currency:8,currency,chat_template,28,1044.19140625,120.1595458984375,0.3525267541408539
smollm2_360m_base,currency:8,currency,chat_template,29,1231.226318359375,150.28103637695312,0.3908996284008026
smollm2_360m_base,currency:8,currency,chat_template,30,1402.967041015625,116.50717163085938,0.4575141370296478
smollm2_360m_base,currency:8,currency,chat_template,31,68.83653259277344,143.40675354003906,0.671286404132843
smollm2_360m_base,currency:9,currency,raw_question,0,60.34515380859375,4.480016708374023,0.09538618475198746
smollm2_360m_base,currency:9,currency,raw_question,1,80.29811096191406,16.54564094543457,0.09415137767791748
smollm2_360m_base,currency:9,currency,raw_question,2,92.52274322509766,13.676197052001953,0.12414515018463135
smollm2_360m_base,currency:9,currency,raw_question,3,85.39830780029297,15.889786720275879,0.1316661536693573
smollm2_360m_base,currency:9,currency,raw_question,4,99.05471801757812,18.292625427246094,0.15614518523216248
smollm2_360m_base,currency:9,currency,raw_question,5,113.73319244384766,20.21568489074707,0.15656015276908875
smollm2_360m_base,currency:9,currency,raw_question,6,130.1793670654297,10.551270484924316,0.16397914290428162
smollm2_360m_base,currency:9,currency,raw_question,7,148.08453369140625,26.277870178222656,0.18739721179008484
smollm2_360m_base,currency:9,currency,raw_question,8,155.81993103027344,18.452335357666016,0.20755548775196075
smollm2_360m_base,currency:9,currency,raw_question,9,162.90383911132812,14.504368782043457,0.19933784008026123
smollm2_360m_base,currency:9,currency,raw_question,10,161.7667236328125,12.749773025512695,0.17671754956245422
smollm2_360m_base,currency:9,currency,raw_question,11,174.9130859375,15.93253231048584,0.18474654853343964
smollm2_360m_base,currency:9,currency,raw_question,12,181.92234802246094,20.960859298706055,0.20519065856933594
smollm2_360m_base,currency:9,currency,raw_question,13,182.92137145996094,29.33205223083496,0.19281718134880066
smollm2_360m_base,currency:9,currency,raw_question,14,197.83155822753906,36.22806167602539,0.19691042602062225
smollm2_360m_base,currency:9,currency,raw_question,15,227.88739013671875,45.724483489990234,0.2165030986070633
smollm2_360m_base,currency:9,currency,raw_question,16,246.7649383544922,35.55254364013672,0.2082538902759552
smollm2_360m_base,currency:9,currency,raw_question,17,256.4764404296875,28.519712448120117,0.2114289253950119
smollm2_360m_base,currency:9,currency,raw_question,18,254.8662567138672,36.39860153198242,0.20655770599842072
smollm2_360m_base,currency:9,currency,raw_question,19,275.4559326171875,26.488910675048828,0.2280302792787552
smollm2_360m_base,currency:9,currency,raw_question,20,282.1025390625,25.80544662475586,0.2480049580335617
smollm2_360m_base,currency:9,currency,raw_question,21,351.6492919921875,57.47256088256836,0.27064910531044006
smollm2_360m_base,currency:9,currency,raw_question,22,386.75091552734375,43.11689758300781,0.3242901563644409
smollm2_360m_base,currency:9,currency,raw_question,23,421.57330322265625,56.36082077026367,0.2952895760536194
smollm2_360m_base,currency:9,currency,raw_question,24,501.521484375,48.40367889404297,0.3431304395198822
smollm2_360m_base,currency:9,currency,raw_question,25,565.6701049804688,35.4504508972168,0.3284485936164856
smollm2_360m_base,currency:9,currency,raw_question,26,683.57373046875,74.89276885986328,0.3009200990200043
smollm2_360m_base,currency:9,currency,raw_question,27,790.502685546875,72.03424072265625,0.27659130096435547
smollm2_360m_base,currency:9,currency,raw_question,28,898.0043334960938,66.08184051513672,0.28177928924560547
smollm2_360m_base,currency:9,currency,raw_question,29,1056.640380859375,116.03353881835938,0.2987273931503296
smollm2_360m_base,currency:9,currency,raw_question,30,1198.1259765625,95.09564208984375,0.34199774265289307
smollm2_360m_base,currency:9,currency,raw_question,31,63.219886779785156,119.31753540039062,0.5731438398361206
smollm2_360m_base,currency:9,currency,declarative,0,56.47396469116211,4.774529933929443,0.07402820885181427
smollm2_360m_base,currency:9,currency,declarative,1,82.62887573242188,16.365812301635742,0.10600074380636215
smollm2_360m_base,currency:9,currency,declarative,2,92.68339538574219,14.368178367614746,0.12556041777133942
smollm2_360m_base,currency:9,currency,declarative,3,89.62510681152344,18.120559692382812,0.14619457721710205
smollm2_360m_base,currency:9,currency,declarative,4,111.87295532226562,22.06639289855957,0.1650829017162323
smollm2_360m_base,currency:9,currency,declarative,5,127.29345703125,23.136198043823242,0.1657761037349701
smollm2_360m_base,currency:9,currency,declarative,6,138.98922729492188,12.87446403503418,0.1659269779920578
smollm2_360m_base,currency:9,currency,declarative,7,158.09396362304688,27.55657386779785,0.18586771190166473
smollm2_360m_base,currency:9,currency,declarative,8,171.88551330566406,32.30241012573242,0.22111007571220398
smollm2_360m_base,currency:9,currency,declarative,9,182.982177734375,14.797273635864258,0.20354244112968445
smollm2_360m_base,currency:9,currency,declarative,10,184.5706329345703,12.877488136291504,0.1876695305109024
smollm2_360m_base,currency:9,currency,declarative,11,196.47120666503906,12.005522727966309,0.1934608668088913
smollm2_360m_base,currency:9,currency,declarative,12,201.57435607910156,22.329227447509766,0.20547056198120117
smollm2_360m_base,currency:9,currency,declarative,13,204.3314208984375,26.319225311279297,0.19935399293899536
smollm2_360m_base,currency:9,currency,declarative,14,210.88339233398438,40.831504821777344,0.21014657616615295
smollm2_360m_base,currency:9,currency,declarative,15,233.17816162109375,39.26795959472656,0.2220710813999176
smollm2_360m_base,currency:9,currency,declarative,16,259.7236022949219,36.627906799316406,0.22968828678131104
smollm2_360m_base,currency:9,currency,declarative,17,263.6853332519531,29.664684295654297,0.22674593329429626
smollm2_360m_base,currency:9,currency,declarative,18,257.4625549316406,36.16496276855469,0.2220471352338791
smollm2_360m_base,currency:9,currency,declarative,19,282.2599792480469,28.970605850219727,0.23493190109729767
smollm2_360m_base,currency:9,currency,declarative,20,301.8296813964844,24.510902404785156,0.25409582257270813
smollm2_360m_base,currency:9,currency,declarative,21,351.78070068359375,43.76517105102539,0.27739524841308594
smollm2_360m_base,currency:9,currency,declarative,22,384.2265625,40.87757873535156,0.36198633909225464
smollm2_360m_base,currency:9,currency,declarative,23,410.4325256347656,99.19515991210938,0.3254058361053467
smollm2_360m_base,currency:9,currency,declarative,24,527.3071899414062,68.68474578857422,0.3325633406639099
smollm2_360m_base,currency:9,currency,declarative,25,583.3154296875,54.01750183105469,0.3429687023162842
smollm2_360m_base,currency:9,currency,declarative,26,808.4491577148438,123.57904052734375,0.34703779220581055
smollm2_360m_base,currency:9,currency,declarative,27,907.8898315429688,94.67784881591797,0.4182494282722473
smollm2_360m_base,currency:9,currency,declarative,28,1074.4705810546875,82.12887573242188,0.49280333518981934
smollm2_360m_base,currency:9,currency,declarative,29,1229.685791015625,90.62042236328125,0.5419512391090393
smollm2_360m_base,currency:9,currency,declarative,30,1403.5770263671875,143.8942108154297,0.571609377861023
smollm2_360m_base,currency:9,currency,declarative,31,54.946617126464844,97.51609802246094,0.7140881419181824
smollm2_360m_base,currency:9,currency,qa,0,53.928138732910156,4.625006675720215,0.07501990348100662
smollm2_360m_base,currency:9,currency,qa,1,71.06903076171875,16.353229522705078,0.1319154053926468
smollm2_360m_base,currency:9,currency,qa,2,87.27610778808594,15.506421089172363,0.1412592977285385
smollm2_360m_base,currency:9,currency,qa,3,102.61896514892578,14.531895637512207,0.16400392353534698
smollm2_360m_base,currency:9,currency,qa,4,107.88538360595703,18.027788162231445,0.17693813145160675
smollm2_360m_base,currency:9,currency,qa,5,117.7798080444336,18.365564346313477,0.17108193039894104
smollm2_360m_base,currency:9,currency,qa,6,151.07701110839844,39.82292938232422,0.19773617386817932
smollm2_360m_base,currency:9,currency,qa,7,164.86293029785156,26.470561981201172,0.20774027705192566
smollm2_360m_base,currency:9,currency,qa,8,164.8277130126953,21.296913146972656,0.2092892825603485
smollm2_360m_base,currency:9,currency,qa,9,179.3477020263672,27.003808975219727,0.20311221480369568
smollm2_360m_base,currency:9,currency,qa,10,174.82696533203125,17.823423385620117,0.18297313153743744
smollm2_360m_base,currency:9,currency,qa,11,179.73867797851562,15.144060134887695,0.19775477051734924
smollm2_360m_base,currency:9,currency,qa,12,193.52420043945312,30.938669204711914,0.2040986567735672
smollm2_360m_base,currency:9,currency,qa,13,198.3323211669922,17.92166519165039,0.19477549195289612
smollm2_360m_base,currency:9,currency,qa,14,203.11453247070312,25.492229461669922,0.19349198043346405
smollm2_360m_base,currency:9,currency,qa,15,216.81651306152344,37.80961990356445,0.20191283524036407
smollm2_360m_base,currency:9,currency,qa,16,243.9329071044922,38.82206726074219,0.21488972008228302
smollm2_360m_base,currency:9,currency,qa,17,256.9770812988281,25.230449676513672,0.21889932453632355
smollm2_360m_base,currency:9,currency,qa,18,258.847900390625,36.45412063598633,0.21876521408557892
smollm2_360m_base,currency:9,currency,qa,19,266.0320739746094,30.95124053955078,0.23245246708393097
smollm2_360m_base,currency:9,currency,qa,20,278.8079833984375,35.386085510253906,0.2559230923652649
smollm2_360m_base,currency:9,currency,qa,21,339.6642761230469,55.43436813354492,0.2818654775619507
smollm2_360m_base,currency:9,currency,qa,22,373.3684387207031,46.742431640625,0.37003904581069946
smollm2_360m_base,currency:9,currency,qa,23,434.5726318359375,141.4667205810547,0.329855352640152
smollm2_360m_base,currency:9,currency,qa,24,552.5621337890625,75.55912017822266,0.3568510413169861
smollm2_360m_base,currency:9,currency,qa,25,619.931396484375,53.070213317871094,0.3759745657444
smollm2_360m_base,currency:9,currency,qa,26,818.4988403320312,132.66265869140625,0.3520585298538208
smollm2_360m_base,currency:9,currency,qa,27,920.3233032226562,118.82300567626953,0.3771541118621826
smollm2_360m_base,currency:9,currency,qa,28,1079.69287109375,83.5302505493164,0.4530271887779236
smollm2_360m_base,currency:9,currency,qa,29,1227.0386962890625,87.162353515625,0.49801215529441833
smollm2_360m_base,currency:9,currency,qa,30,1395.893798828125,115.5499267578125,0.5440115332603455
smollm2_360m_base,currency:9,currency,qa,31,64.45802307128906,111.98560333251953,0.7166010737419128
smollm2_360m_base,currency:9,currency,chat_template,0,51.628902435302734,4.791079044342041,0.07035232335329056
smollm2_360m_base,currency:9,currency,chat_template,1,71.61909484863281,18.4470272064209,0.08901788294315338
smollm2_360m_base,currency:9,currency,chat_template,2,81.11282348632812,10.61203384399414,0.11618294566869736
smollm2_360m_base,currency:9,currency,chat_template,3,93.66690826416016,15.16374397277832,0.1408414989709854
smollm2_360m_base,currency:9,currency,chat_template,4,105.32060241699219,17.905376434326172,0.15833653509616852
smollm2_360m_base,currency:9,currency,chat_template,5,116.4484634399414,13.817075729370117,0.15746600925922394
smollm2_360m_base,currency:9,currency,chat_template,6,125.4876480102539,22.439315795898438,0.17028847336769104
smollm2_360m_base,currency:9,currency,chat_template,7,147.73365783691406,24.203203201293945,0.1926746815443039
smollm2_360m_base,currency:9,currency,chat_template,8,159.2949981689453,30.330808639526367,0.2243657112121582
smollm2_360m_base,currency:9,currency,chat_template,9,167.60777282714844,20.157501220703125,0.20593352615833282
smollm2_360m_base,currency:9,currency,chat_template,10,167.0855712890625,14.341504096984863,0.17074039578437805
smollm2_360m_base,currency:9,currency,chat_template,11,176.7987060546875,20.261207580566406,0.18319952487945557
smollm2_360m_base,currency:9,currency,chat_template,12,183.080810546875,20.527570724487305,0.19327545166015625
smollm2_360m_base,currency:9,currency,chat_template,13,194.49562072753906,24.646392822265625,0.19605040550231934
smollm2_360m_base,currency:9,currency,chat_template,14,211.76243591308594,27.654216766357422,0.19761428236961365
smollm2_360m_base,currency:9,currency,chat_template,15,219.97727966308594,25.007503509521484,0.19908931851387024
smollm2_360m_base,currency:9,currency,chat_template,16,245.0934295654297,36.117252349853516,0.2171126902103424
smollm2_360m_base,currency:9,currency,chat_template,17,266.6204833984375,44.00980758666992,0.23967012763023376
smollm2_360m_base,currency:9,currency,chat_template,18,274.5301208496094,49.42824935913086,0.23411516845226288
smollm2_360m_base,currency:9,currency,chat_template,19,270.1023864746094,28.328264236450195,0.2519637942314148
smollm2_360m_base,currency:9,currency,chat_template,20,281.42425537109375,35.68205642700195,0.26936015486717224
smollm2_360m_base,currency:9,currency,chat_template,21,334.0827331542969,51.268287658691406,0.29773300886154175
smollm2_360m_base,currency:9,currency,chat_template,22,359.63568115234375,49.32913589477539,0.39153793454170227
smollm2_360m_base,currency:9,currency,chat_template,23,415.93609619140625,104.78384399414062,0.32794439792633057
smollm2_360m_base,currency:9,currency,chat_template,24,530.6577758789062,79.77181243896484,0.36071664094924927
smollm2_360m_base,currency:9,currency,chat_template,25,636.1255493164062,71.08279418945312,0.39285263419151306
smollm2_360m_base,currency:9,currency,chat_template,26,776.5736694335938,80.5606689453125,0.35522350668907166
smollm2_360m_base,currency:9,currency,chat_template,27,916.8980102539062,131.69583129882812,0.33878347277641296
smollm2_360m_base,currency:9,currency,chat_template,28,1053.7298583984375,111.59158325195312,0.3845532238483429
smollm2_360m_base,currency:9,currency,chat_template,29,1247.194091796875,146.68186950683594,0.4167546331882477
smollm2_360m_base,currency:9,currency,chat_template,30,1418.463134765625,115.3044662475586,0.4754771292209625
smollm2_360m_base,currency:9,currency,chat_template,31,66.35191345214844,152.6091766357422,0.6863459348678589
smollm2_360m_base,currency:10,currency,raw_question,0,60.337459564208984,4.4544901847839355,0.09530071169137955
smollm2_360m_base,currency:10,currency,raw_question,1,81.471923828125,16.966835021972656,0.0949253961443901
smollm2_360m_base,currency:10,currency,raw_question,2,93.73271942138672,13.63377571105957,0.12656763195991516
smollm2_360m_base,currency:10,currency,raw_question,3,86.61780548095703,16.096385955810547,0.1320352405309677
smollm2_360m_base,currency:10,currency,raw_question,4,100.81094360351562,19.203704833984375,0.158077672123909
smollm2_360m_base,currency:10,currency,raw_question,5,115.59855651855469,20.75115966796875,0.15751886367797852
smollm2_360m_base,currency:10,currency,raw_question,6,131.5697784423828,10.837143898010254,0.16350989043712616
smollm2_360m_base,currency:10,currency,raw_question,7,150.58212280273438,27.333627700805664,0.18698124587535858
smollm2_360m_base,currency:10,currency,raw_question,8,156.16534423828125,18.867406845092773,0.20749029517173767
smollm2_360m_base,currency:10,currency,raw_question,9,165.00099182128906,15.381315231323242,0.20098376274108887
smollm2_360m_base,currency:10,currency,raw_question,10,162.86561584472656,13.23605728149414,0.17775858938694
smollm2_360m_base,currency:10,currency,raw_question,11,175.9820098876953,15.220855712890625,0.18575644493103027
smollm2_360m_base,currency:10,currency,raw_question,12,181.7232666015625,21.37762451171875,0.2060956060886383
smollm2_360m_base,currency:10,currency,raw_question,13,183.31015014648438,28.48014259338379,0.19220289587974548
smollm2_360m_base,currency:10,currency,raw_question,14,197.01715087890625,36.43350601196289,0.19703376293182373
smollm2_360m_base,currency:10,currency,raw_question,15,225.83804321289062,44.04574966430664,0.21497392654418945
smollm2_360m_base,currency:10,currency,raw_question,16,247.98910522460938,35.52825927734375,0.2105744332075119
smollm2_360m_base,currency:10,currency,raw_question,17,257.2771911621094,30.856101989746094,0.2105410397052765
smollm2_360m_base,currency:10,currency,raw_question,18,255.7104949951172,36.67534255981445,0.20755307376384735
smollm2_360m_base,currency:10,currency,raw_question,19,275.31585693359375,26.409503936767578,0.22767087817192078
smollm2_360m_base,currency:10,currency,raw_question,20,283.85504150390625,25.909244537353516,0.2477899044752121
smollm2_360m_base,currency:10,currency,raw_question,21,354.203125,57.31879806518555,0.2698344588279724
smollm2_360m_base,currency:10,currency,raw_question,22,384.48016357421875,42.450599670410156,0.3208656907081604
smollm2_360m_base,currency:10,currency,raw_question,23,418.107666015625,54.30461883544922,0.2936871647834778
smollm2_360m_base,currency:10,currency,raw_question,24,497.432861328125,48.957984924316406,0.3413025736808777
smollm2_360m_base,currency:10,currency,raw_question,25,558.3141479492188,32.495201110839844,0.323681116104126
smollm2_360m_base,currency:10,currency,raw_question,26,686.9846801757812,74.50167083740234,0.29991835355758667
smollm2_360m_base,currency:10,currency,raw_question,27,787.7537231445312,60.758785247802734,0.2742392122745514
smollm2_360m_base,currency:10,currency,raw_question,28,895.8347778320312,64.70802307128906,0.26646748185157776
smollm2_360m_base,currency:10,currency,raw_question,29,1063.5469970703125,122.98357391357422,0.2899310290813446
smollm2_360m_base,currency:10,currency,raw_question,30,1195.122314453125,97.26931762695312,0.3336974084377289
smollm2_360m_base,currency:10,currency,raw_question,31,60.98212814331055,135.53775024414062,0.5674475431442261
smollm2_360m_base,currency:10,currency,declarative,0,56.67800521850586,4.7284836769104,0.07545507699251175
smollm2_360m_base,currency:10,currency,declarative,1,85.61766815185547,17.210485458374023,0.10712294280529022
smollm2_360m_base,currency:10,currency,declarative,2,95.67340087890625,14.555829048156738,0.12927831709384918
smollm2_360m_base,currency:10,currency,declarative,3,92.4312515258789,18.46143341064453,0.1453935205936432
smollm2_360m_base,currency:10,currency,declarative,4,114.56932067871094,22.347267150878906,0.165540874004364
smollm2_360m_base,currency:10,currency,declarative,5,128.22601318359375,22.407062530517578,0.16335733234882355
smollm2_360m_base,currency:10,currency,declarative,6,138.62387084960938,11.784465789794922,0.16131030023097992
smollm2_360m_base,currency:10,currency,declarative,7,156.4914093017578,28.64385414123535,0.18178816139698029
smollm2_360m_base,currency:10,currency,declarative,8,167.92918395996094,32.227386474609375,0.21760602295398712
smollm2_360m_base,currency:10,currency,declarative,9,178.9998779296875,14.954978942871094,0.19796398282051086
smollm2_360m_base,currency:10,currency,declarative,10,179.02964782714844,10.5501070022583,0.1822432577610016
smollm2_360m_base,currency:10,currency,declarative,11,192.72671508789062,11.010782241821289,0.18554756045341492
smollm2_360m_base,currency:10,currency,declarative,12,196.18572998046875,20.781234741210938,0.20240001380443573
smollm2_360m_base,currency:10,currency,declarative,13,197.87245178222656,26.818288803100586,0.19370155036449432
smollm2_360m_base,currency:10,currency,declarative,14,208.6748809814453,40.39310836791992,0.2080780267715454
smollm2_360m_base,currency:10,currency,declarative,15,231.46243286132812,37.438358306884766,0.21972374618053436
smollm2_360m_base,currency:10,currency,declarative,16,259.4285583496094,38.33386993408203,0.23138026893138885
smollm2_360m_base,currency:10,currency,declarative,17,262.7374267578125,31.098690032958984,0.2245977371931076
smollm2_360m_base,currency:10,currency,declarative,18,255.87916564941406,36.30458068847656,0.22103044390678406
smollm2_360m_base,currency:10,currency,declarative,19,279.92071533203125,28.418054580688477,0.23455007374286652
smollm2_360m_base,currency:10,currency,declarative,20,298.2739562988281,23.971302032470703,0.25300082564353943
smollm2_360m_base,currency:10,currency,declarative,21,350.28021240234375,45.07933044433594,0.27703800797462463
smollm2_360m_base,currency:10,currency,declarative,22,379.8246154785156,40.32026290893555,0.3612503111362457
smollm2_360m_base,currency:10,currency,declarative,23,411.0799255371094,100.87704467773438,0.32574462890625
smollm2_360m_base,currency:10,currency,declarative,24,526.010009765625,81.3192367553711,0.3377653956413269
smollm2_360m_base,currency:10,currency,declarative,25,572.3701782226562,48.350467681884766,0.3436090350151062
smollm2_360m_base,currency:10,currency,declarative,26,843.9826049804688,153.97776794433594,0.36178475618362427
smollm2_360m_base,currency:10,currency,declarative,27,933.5462646484375,122.91499328613281,0.4247687757015228
smollm2_360m_base,currency:10,currency,declarative,28,1064.9412841796875,69.8963623046875,0.4890674650669098
smollm2_360m_base,currency:10,currency,declarative,29,1202.288330078125,104.96751403808594,0.570697009563446
smollm2_360m_base,currency:10,currency,declarative,30,1380.3323974609375,181.570068359375,0.6381112337112427
smollm2_360m_base,currency:10,currency,declarative,31,50.01265335083008,133.3503875732422,0.7552294731140137
smollm2_360m_base,currency:10,currency,qa,0,53.65303421020508,4.661439895629883,0.07512382417917252
smollm2_360m_base,currency:10,currency,qa,1,70.89857482910156,16.452255249023438,0.13178765773773193
smollm2_360m_base,currency:10,currency,qa,2,86.90022277832031,15.688085556030273,0.14312198758125305
smollm2_360m_base,currency:10,currency,qa,3,102.22889709472656,14.665532112121582,0.1642594337463379
smollm2_360m_base,currency:10,currency,qa,4,107.90570831298828,17.677001953125,0.17705261707305908
smollm2_360m_base,currency:10,currency,qa,5,118.26192474365234,18.441913604736328,0.1703641712665558
smollm2_360m_base,currency:10,currency,qa,6,152.95614624023438,39.990997314453125,0.19809594750404358
smollm2_360m_base,currency:10,currency,qa,7,167.09397888183594,26.633453369140625,0.2086731493473053
smollm2_360m_base,currency:10,currency,qa,8,166.45480346679688,21.52530288696289,0.21082524955272675
smollm2_360m_base,currency:10,currency,qa,9,180.21859741210938,27.339853286743164,0.20463672280311584
smollm2_360m_base,currency:10,currency,qa,10,175.0489959716797,17.49859046936035,0.18633390963077545
smollm2_360m_base,currency:10,currency,qa,11,181.18902587890625,14.660614013671875,0.2007078230381012
smollm2_360m_base,currency:10,currency,qa,12,194.91015625,32.5911750793457,0.2061539888381958
smollm2_360m_base,currency:10,currency,qa,13,201.13966369628906,18.640104293823242,0.19498544931411743
smollm2_360m_base,currency:10,currency,qa,14,205.25759887695312,25.65161895751953,0.19352082908153534
smollm2_360m_base,currency:10,currency,qa,15,217.4344024658203,36.800907135009766,0.1989857703447342
smollm2_360m_base,currency:10,currency,qa,16,244.06629943847656,39.16345977783203,0.21502332389354706
smollm2_360m_base,currency:10,currency,qa,17,258.16180419921875,25.789226531982422,0.2168409526348114
smollm2_360m_base,currency:10,currency,qa,18,259.1742248535156,35.88538360595703,0.21674981713294983
smollm2_360m_base,currency:10,currency,qa,19,268.2002868652344,31.08712387084961,0.23139218986034393
smollm2_360m_base,currency:10,currency,qa,20,280.8105773925781,34.60294723510742,0.25634390115737915
smollm2_360m_base,currency:10,currency,qa,21,339.2841491699219,52.13078689575195,0.278550386428833
smollm2_360m_base,currency:10,currency,qa,22,370.94293212890625,47.62041091918945,0.3682124614715576
smollm2_360m_base,currency:10,currency,qa,23,432.89666748046875,135.405517578125,0.3298932909965515
smollm2_360m_base,currency:10,currency,qa,24,553.654052734375,83.58045959472656,0.36065083742141724
smollm2_360m_base,currency:10,currency,qa,25,619.0755004882812,52.45738220214844,0.3765753209590912
smollm2_360m_base,currency:10,currency,qa,26,837.1593627929688,156.49530029296875,0.3610122799873352
smollm2_360m_base,currency:10,currency,qa,27,939.9601440429688,123.93395233154297,0.3712031841278076
smollm2_360m_base,currency:10,currency,qa,28,1088.0020751953125,86.43946838378906,0.4159168303012848
smollm2_360m_base,currency:10,currency,qa,29,1265.8604736328125,94.14260864257812,0.4817720055580139
smollm2_360m_base,currency:10,currency,qa,30,1433.9576416015625,176.57359313964844,0.5534571409225464
smollm2_360m_base,currency:10,currency,qa,31,59.99662399291992,155.00917053222656,0.7227306365966797
smollm2_360m_base,currency:10,currency,chat_template,0,51.37440490722656,4.827035903930664,0.06976054608821869
smollm2_360m_base,currency:10,currency,chat_template,1,71.369140625,18.44924545288086,0.08896487206220627
smollm2_360m_base,currency:10,currency,chat_template,2,80.75895690917969,10.78493595123291,0.11707760393619537
smollm2_360m_base,currency:10,currency,chat_template,3,93.16500091552734,15.120615005493164,0.14125484228134155
smollm2_360m_base,currency:10,currency,chat_template,4,105.09880828857422,17.984092712402344,0.15850047767162323
smollm2_360m_base,currency:10,currency,chat_template,5,116.27133178710938,14.53725528717041,0.15599539875984192
smollm2_360m_base,currency:10,currency,chat_template,6,126.22175598144531,24.048738479614258,0.16889236867427826
smollm2_360m_base,currency:10,currency,chat_template,7,147.3799285888672,24.227807998657227,0.1897694170475006
smollm2_360m_base,currency:10,currency,chat_template,8,158.1594696044922,30.39724349975586,0.22221176326274872
smollm2_360m_base,currency:10,currency,chat_template,9,167.8892822265625,22.92686653137207,0.20657820999622345
smollm2_360m_base,currency:10,currency,chat_template,10,167.2247314453125,14.266647338867188,0.16987264156341553
smollm2_360m_base,currency:10,currency,chat_template,11,177.44314575195312,21.603416442871094,0.18317922949790955
smollm2_360m_base,currency:10,currency,chat_template,12,183.72836303710938,20.517059326171875,0.19489452242851257
smollm2_360m_base,currency:10,currency,chat_template,13,193.59686279296875,24.335250854492188,0.19642889499664307
smollm2_360m_base,currency:10,currency,chat_template,14,208.60836791992188,27.77031135559082,0.19680681824684143
smollm2_360m_base,currency:10,currency,chat_template,15,217.72030639648438,25.51840591430664,0.19873793423175812
smollm2_360m_base,currency:10,currency,chat_template,16,244.66868591308594,37.05397415161133,0.21966251730918884
smollm2_360m_base,currency:10,currency,chat_template,17,267.0033874511719,45.17878723144531,0.24263334274291992
smollm2_360m_base,currency:10,currency,chat_template,18,273.6959533691406,50.568790435791016,0.2362445890903473
smollm2_360m_base,currency:10,currency,chat_template,19,269.5416564941406,29.307830810546875,0.25402674078941345
smollm2_360m_base,currency:10,currency,chat_template,20,281.5102844238281,34.6484375,0.26971668004989624
smollm2_360m_base,currency:10,currency,chat_template,21,335.0672607421875,52.285282135009766,0.2991204857826233
smollm2_360m_base,currency:10,currency,chat_template,22,359.1156005859375,50.36086654663086,0.39359283447265625
smollm2_360m_base,currency:10,currency,chat_template,23,415.30377197265625,109.1428451538086,0.3301130533218384
smollm2_360m_base,currency:10,currency,chat_template,24,530.9702758789062,85.8726806640625,0.36250829696655273
smollm2_360m_base,currency:10,currency,chat_template,25,631.4481201171875,71.86640930175781,0.39321666955947876
smollm2_360m_base,currency:10,currency,chat_template,26,789.4739379882812,98.72880554199219,0.36049318313598633
smollm2_360m_base,currency:10,currency,chat_template,27,920.0737915039062,142.29591369628906,0.3451957702636719
smollm2_360m_base,currency:10,currency,chat_template,28,1056.63134765625,113.8656005859375,0.3726528286933899
smollm2_360m_base,currency:10,currency,chat_template,29,1265.6923828125,143.59083557128906,0.4158443510532379
smollm2_360m_base,currency:10,currency,chat_template,30,1431.865234375,139.3580322265625,0.49248042702674866
smollm2_360m_base,currency:10,currency,chat_template,31,63.183345794677734,177.3210906982422,0.691452145576477
smollm2_360m_base,currency:11,currency,raw_question,0,59.938480377197266,4.484482765197754,0.09494854509830475
smollm2_360m_base,currency:11,currency,raw_question,1,80.92378234863281,16.647645950317383,0.09586538374423981
smollm2_360m_base,currency:11,currency,raw_question,2,94.06097412109375,14.146462440490723,0.1254209280014038
smollm2_360m_base,currency:11,currency,raw_question,3,86.6860580444336,15.816723823547363,0.1310056447982788
smollm2_360m_base,currency:11,currency,raw_question,4,100.93821716308594,19.27876853942871,0.1567884385585785
smollm2_360m_base,currency:11,currency,raw_question,5,114.77411651611328,19.77204704284668,0.15517477691173553
smollm2_360m_base,currency:11,currency,raw_question,6,132.16616821289062,11.001965522766113,0.16229578852653503
smollm2_360m_base,currency:11,currency,raw_question,7,155.8515167236328,29.377168655395508,0.19052031636238098
smollm2_360m_base,currency:11,currency,raw_question,8,161.68675231933594,19.407960891723633,0.20739321410655975
smollm2_360m_base,currency:11,currency,raw_question,9,165.78286743164062,15.012404441833496,0.19615444540977478
smollm2_360m_base,currency:11,currency,raw_question,10,166.49847412109375,12.013045310974121,0.1759706288576126
smollm2_360m_base,currency:11,currency,raw_question,11,176.77349853515625,14.829806327819824,0.18358731269836426
smollm2_360m_base,currency:11,currency,raw_question,12,181.96163940429688,21.38273048400879,0.2027779519557953
smollm2_360m_base,currency:11,currency,raw_question,13,183.6243896484375,27.11485481262207,0.18825359642505646
smollm2_360m_base,currency:11,currency,raw_question,14,197.04493713378906,35.41715621948242,0.19491071999073029
smollm2_360m_base,currency:11,currency,raw_question,15,228.58082580566406,46.109134674072266,0.21724028885364532
smollm2_360m_base,currency:11,currency,raw_question,16,251.8021697998047,33.665958404541016,0.21192491054534912
smollm2_360m_base,currency:11,currency,raw_question,17,262.93310546875,33.23036193847656,0.2148706167936325
smollm2_360m_base,currency:11,currency,raw_question,18,258.54400634765625,44.014644622802734,0.20887808501720428
smollm2_360m_base,currency:11,currency,raw_question,19,274.79815673828125,26.624866485595703,0.22976598143577576
smollm2_360m_base,currency:11,currency,raw_question,20,279.4975280761719,25.83451271057129,0.2454146146774292
smollm2_360m_base,currency:11,currency,raw_question,21,352.4730224609375,55.34257125854492,0.2672143578529358
smollm2_360m_base,currency:11,currency,raw_question,22,382.9324035644531,43.65093994140625,0.3148534297943115
smollm2_360m_base,currency:11,currency,raw_question,23,415.1572265625,54.66935348510742,0.29681533575057983
smollm2_360m_base,currency:11,currency,raw_question,24,491.6849670410156,49.33858108520508,0.34511980414390564
smollm2_360m_base,currency:11,currency,raw_question,25,549.1614990234375,34.5594482421875,0.3306065499782562
smollm2_360m_base,currency:11,currency,raw_question,26,665.0370483398438,72.06208038330078,0.3043200373649597
smollm2_360m_base,currency:11,currency,raw_question,27,766.8430786132812,76.63650512695312,0.28110235929489136
smollm2_360m_base,currency:11,currency,raw_question,28,868.5841674804688,62.00584030151367,0.27927321195602417
smollm2_360m_base,currency:11,currency,raw_question,29,1028.0672607421875,116.27591705322266,0.2949230670928955
smollm2_360m_base,currency:11,currency,raw_question,30,1154.8590087890625,89.41756439208984,0.3449269235134125
smollm2_360m_base,currency:11,currency,raw_question,31,59.86044692993164,111.28863525390625,0.5501934885978699
smollm2_360m_base,currency:11,currency,declarative,0,56.54328155517578,4.733059883117676,0.0757635235786438
smollm2_360m_base,currency:11,currency,declarative,1,84.16276550292969,16.12430191040039,0.1070115715265274
smollm2_360m_base,currency:11,currency,declarative,2,95.02664184570312,14.331984519958496,0.1255694031715393
smollm2_360m_base,currency:11,currency,declarative,3,91.03015899658203,18.345788955688477,0.14457829296588898
smollm2_360m_base,currency:11,currency,declarative,4,113.89109802246094,22.61915397644043,0.16413602232933044
smollm2_360m_base,currency:11,currency,declarative,5,126.74528503417969,21.354001998901367,0.16183136403560638
smollm2_360m_base,currency:11,currency,declarative,6,138.73219299316406,12.054754257202148,0.16062524914741516
smollm2_360m_base,currency:11,currency,declarative,7,158.2671661376953,28.515743255615234,0.18378405272960663
smollm2_360m_base,currency:11,currency,declarative,8,172.47872924804688,32.23488235473633,0.22164368629455566
smollm2_360m_base,currency:11,currency,declarative,9,183.30384826660156,14.213479042053223,0.201504185795784
smollm2_360m_base,currency:11,currency,declarative,10,184.39056396484375,11.847702980041504,0.18465381860733032
smollm2_360m_base,currency:11,currency,declarative,11,195.52191162109375,11.713488578796387,0.19066181778907776
smollm2_360m_base,currency:11,currency,declarative,12,200.02322387695312,20.615638732910156,0.20204520225524902
smollm2_360m_base,currency:11,currency,declarative,13,202.67832946777344,26.141965866088867,0.19665884971618652
smollm2_360m_base,currency:11,currency,declarative,14,211.4092254638672,39.452823638916016,0.20926006138324738
smollm2_360m_base,currency:11,currency,declarative,15,233.169921875,39.26470184326172,0.22171549499034882
smollm2_360m_base,currency:11,currency,declarative,16,263.5332336425781,35.45428466796875,0.23062583804130554
smollm2_360m_base,currency:11,currency,declarative,17,272.39227294921875,34.57133102416992,0.23034906387329102
smollm2_360m_base,currency:11,currency,declarative,18,263.12725830078125,45.81959915161133,0.2264440953731537
smollm2_360m_base,currency:11,currency,declarative,19,277.7850036621094,30.7021484375,0.2425529509782791
smollm2_360m_base,currency:11,currency,declarative,20,294.8072204589844,23.892271041870117,0.254188597202301
smollm2_360m_base,currency:11,currency,declarative,21,346.1333312988281,41.209415435791016,0.2736123502254486
smollm2_360m_base,currency:11,currency,declarative,22,379.3810119628906,41.081119537353516,0.3623691499233246
smollm2_360m_base,currency:11,currency,declarative,23,406.2788391113281,99.08832550048828,0.3276410698890686
smollm2_360m_base,currency:11,currency,declarative,24,528.406494140625,72.15374755859375,0.3376735746860504
smollm2_360m_base,currency:11,currency,declarative,25,579.0592041015625,68.89742279052734,0.351066529750824
smollm2_360m_base,currency:11,currency,declarative,26,792.197021484375,137.58570861816406,0.3510441184043884
smollm2_360m_base,currency:11,currency,declarative,27,917.764404296875,143.28358459472656,0.4206511378288269
smollm2_360m_base,currency:11,currency,declarative,28,1058.685791015625,76.41735076904297,0.4743899405002594
smollm2_360m_base,currency:11,currency,declarative,29,1166.3236083984375,95.11796569824219,0.5151039361953735
smollm2_360m_base,currency:11,currency,declarative,30,1337.5093994140625,114.71168518066406,0.5694851875305176
smollm2_360m_base,currency:11,currency,declarative,31,56.16533279418945,99.39266967773438,0.7017793655395508
smollm2_360m_base,currency:11,currency,qa,0,53.59718704223633,4.662221431732178,0.07504288852214813
smollm2_360m_base,currency:11,currency,qa,1,70.81224060058594,16.246633529663086,0.13127963244915009
smollm2_360m_base,currency:11,currency,qa,2,87.5863037109375,15.850313186645508,0.1429278403520584
smollm2_360m_base,currency:11,currency,qa,3,102.77294158935547,14.518115997314453,0.16568441689014435
smollm2_360m_base,currency:11,currency,qa,4,108.04022979736328,17.4146728515625,0.17686668038368225
smollm2_360m_base,currency:11,currency,qa,5,117.84075164794922,18.02814292907715,0.17115166783332825
smollm2_360m_base,currency:11,currency,qa,6,151.7701416015625,39.34123992919922,0.19830366969108582
smollm2_360m_base,currency:11,currency,qa,7,168.0382537841797,27.57257843017578,0.20825210213661194
smollm2_360m_base,currency:11,currency,qa,8,167.0255126953125,20.653362274169922,0.2104232758283615
smollm2_360m_base,currency:11,currency,qa,9,179.225341796875,25.210866928100586,0.20415353775024414
smollm2_360m_base,currency:11,currency,qa,10,177.7443389892578,21.448535919189453,0.18558743596076965
smollm2_360m_base,currency:11,currency,qa,11,186.3939208984375,15.184952735900879,0.19948139786720276
smollm2_360m_base,currency:11,currency,qa,12,201.13656616210938,32.863704681396484,0.2036101371049881
smollm2_360m_base,currency:11,currency,qa,13,210.07037353515625,17.08013916015625,0.20535747706890106
smollm2_360m_base,currency:11,currency,qa,14,220.16419982910156,22.70117950439453,0.20266206562519073
smollm2_360m_base,currency:11,currency,qa,15,232.52975463867188,36.8780403137207,0.20646297931671143
smollm2_360m_base,currency:11,currency,qa,16,262.0794677734375,39.23411178588867,0.21883149445056915
smollm2_360m_base,currency:11,currency,qa,17,271.1363830566406,25.987106323242188,0.22140780091285706
smollm2_360m_base,currency:11,currency,qa,18,268.560791015625,41.83943176269531,0.2210603952407837
smollm2_360m_base,currency:11,currency,qa,19,275.7398376464844,31.9787654876709,0.23762130737304688
smollm2_360m_base,currency:11,currency,qa,20,286.47314453125,30.9335880279541,0.25455546379089355
smollm2_360m_base,currency:11,currency,qa,21,350.9295349121094,51.429500579833984,0.2797749936580658
smollm2_360m_base,currency:11,currency,qa,22,376.0929260253906,48.378963470458984,0.36639130115509033
smollm2_360m_base,currency:11,currency,qa,23,438.61138916015625,134.86720275878906,0.3296010196208954
smollm2_360m_base,currency:11,currency,qa,24,556.732177734375,82.98013305664062,0.361102819442749
smollm2_360m_base,currency:11,currency,qa,25,623.0594482421875,49.92831802368164,0.37853312492370605
smollm2_360m_base,currency:11,currency,qa,26,802.8706665039062,127.65518951416016,0.3482740521430969
smollm2_360m_base,currency:11,currency,qa,27,916.9014282226562,146.18173217773438,0.3623577058315277
smollm2_360m_base,currency:11,currency,qa,28,1075.0626220703125,88.49876403808594,0.3960707187652588
smollm2_360m_base,currency:11,currency,qa,29,1223.753662109375,105.31925964355469,0.4388006329536438
smollm2_360m_base,currency:11,currency,qa,30,1384.6802978515625,113.7851333618164,0.49751394987106323
smollm2_360m_base,currency:11,currency,qa,31,64.81159973144531,112.52165222167969,0.6706031560897827
smollm2_360m_base,currency:11,currency,chat_template,0,51.40726852416992,4.797389984130859,0.06989245116710663
smollm2_360m_base,currency:11,currency,chat_template,1,71.1904067993164,18.266448974609375,0.08909084647893906
smollm2_360m_base,currency:11,currency,chat_template,2,80.79788208007812,10.896787643432617,0.11806122958660126
smollm2_360m_base,currency:11,currency,chat_template,3,93.79075622558594,15.273402214050293,0.14224500954151154
smollm2_360m_base,currency:11,currency,chat_template,4,105.24893188476562,17.777891159057617,0.15885159373283386
smollm2_360m_base,currency:11,currency,chat_template,5,116.21214294433594,14.077741622924805,0.15638840198516846
smollm2_360m_base,currency:11,currency,chat_template,6,125.39152526855469,23.42877960205078,0.16859987378120422
smollm2_360m_base,currency:11,currency,chat_template,7,146.72178649902344,24.34266471862793,0.1902731955051422
smollm2_360m_base,currency:11,currency,chat_template,8,156.60072326660156,29.537561416625977,0.22255238890647888
smollm2_360m_base,currency:11,currency,chat_template,9,164.41001892089844,19.83603858947754,0.20326551795005798
smollm2_360m_base,currency:11,currency,chat_template,10,164.76898193359375,14.868938446044922,0.16440829634666443
smollm2_360m_base,currency:11,currency,chat_template,11,175.33535766601562,20.825000762939453,0.17911899089813232
smollm2_360m_base,currency:11,currency,chat_template,12,180.33961486816406,19.73277473449707,0.18950463831424713
smollm2_360m_base,currency:11,currency,chat_template,13,190.81814575195312,24.952356338500977,0.19332972168922424
smollm2_360m_base,currency:11,currency,chat_template,14,207.45928955078125,27.749046325683594,0.19535648822784424
smollm2_360m_base,currency:11,currency,chat_template,15,216.9172821044922,25.139909744262695,0.1974378526210785
smollm2_360m_base,currency:11,currency,chat_template,16,246.85858154296875,38.045413970947266,0.22027015686035156
smollm2_360m_base,currency:11,currency,chat_template,17,270.77294921875,46.135196685791016,0.24296918511390686
smollm2_360m_base,currency:11,currency,chat_template,18,276.5213623046875,52.247554779052734,0.23665070533752441
smollm2_360m_base,currency:11,currency,chat_template,19,269.575439453125,29.691757202148438,0.25568222999572754
smollm2_360m_base,currency:11,currency,chat_template,20,280.8978271484375,33.53763198852539,0.2704816460609436
smollm2_360m_base,currency:11,currency,chat_template,21,333.621826171875,51.00596618652344,0.2936732769012451
smollm2_360m_base,currency:11,currency,chat_template,22,360.0747985839844,50.46249771118164,0.39036962389945984
smollm2_360m_base,currency:11,currency,chat_template,23,419.31158447265625,112.16034698486328,0.33170729875564575
smollm2_360m_base,currency:11,currency,chat_template,24,531.38232421875,79.68021392822266,0.36142951250076294
smollm2_360m_base,currency:11,currency,chat_template,25,631.8211669921875,73.9115982055664,0.39575907588005066
smollm2_360m_base,currency:11,currency,chat_template,26,784.7055053710938,67.49590301513672,0.3535154461860657
smollm2_360m_base,currency:11,currency,chat_template,27,922.5540161132812,156.64219665527344,0.3507004678249359
smollm2_360m_base,currency:11,currency,chat_template,28,1057.1575927734375,114.26896667480469,0.378387451171875
smollm2_360m_base,currency:11,currency,chat_template,29,1231.53759765625,129.55210876464844,0.4151170253753662
smollm2_360m_base,currency:11,currency,chat_template,30,1394.4415283203125,117.20429992675781,0.48456302285194397
smollm2_360m_base,currency:11,currency,chat_template,31,66.02345275878906,137.1591796875,0.6866079568862915
smollm2_360m_base,headquarters:0,headquarters,raw_question,0,61.04522705078125,4.584073543548584,0.0945710688829422
smollm2_360m_base,headquarters:0,headquarters,raw_question,1,79.89222717285156,15.404905319213867,0.09215985238552094
smollm2_360m_base,headquarters:0,headquarters,raw_question,2,91.07976531982422,12.286698341369629,0.12258128821849823
smollm2_360m_base,headquarters:0,headquarters,raw_question,3,83.5661849975586,17.701770782470703,0.130796879529953
smollm2_360m_base,headquarters:0,headquarters,raw_question,4,100.1074447631836,21.128068923950195,0.1573285162448883
smollm2_360m_base,headquarters:0,headquarters,raw_question,5,117.47998809814453,30.84465980529785,0.16818630695343018
smollm2_360m_base,headquarters:0,headquarters,raw_question,6,131.83587646484375,11.193568229675293,0.17028729617595673
smollm2_360m_base,headquarters:0,headquarters,raw_question,7,147.87339782714844,25.14691734313965,0.1907767355442047
smollm2_360m_base,headquarters:0,headquarters,raw_question,8,157.50616455078125,18.40020179748535,0.20713023841381073
smollm2_360m_base,headquarters:0,headquarters,raw_question,9,166.1259002685547,15.587080955505371,0.20367002487182617
smollm2_360m_base,headquarters:0,headquarters,raw_question,10,164.57562255859375,10.926251411437988,0.16794195771217346
smollm2_360m_base,headquarters:0,headquarters,raw_question,11,176.64382934570312,18.41983985900879,0.19004637002944946
smollm2_360m_base,headquarters:0,headquarters,raw_question,12,181.2328643798828,22.486421585083008,0.2086300402879715
smollm2_360m_base,headquarters:0,headquarters,raw_question,13,178.29110717773438,30.075387954711914,0.19552922248840332
smollm2_360m_base,headquarters:0,headquarters,raw_question,14,196.81845092773438,41.04643630981445,0.19808542728424072
smollm2_360m_base,headquarters:0,headquarters,raw_question,15,222.82049560546875,39.46538162231445,0.20480255782604218
smollm2_360m_base,headquarters:0,headquarters,raw_question,16,244.1162567138672,36.08634948730469,0.19758960604667664
smollm2_360m_base,headquarters:0,headquarters,raw_question,17,251.28323364257812,32.32816696166992,0.19343982636928558
smollm2_360m_base,headquarters:0,headquarters,raw_question,18,245.92477416992188,40.50446319580078,0.19130747020244598
smollm2_360m_base,headquarters:0,headquarters,raw_question,19,270.4073486328125,28.488162994384766,0.2168351411819458
smollm2_360m_base,headquarters:0,headquarters,raw_question,20,277.310791015625,23.644575119018555,0.23531727492809296
smollm2_360m_base,headquarters:0,headquarters,raw_question,21,338.1539001464844,43.79563522338867,0.2530011534690857
smollm2_360m_base,headquarters:0,headquarters,raw_question,22,377.6246337890625,39.00315475463867,0.31537967920303345
smollm2_360m_base,headquarters:0,headquarters,raw_question,23,428.2051086425781,49.96870040893555,0.29789209365844727
smollm2_360m_base,headquarters:0,headquarters,raw_question,24,524.9374389648438,50.97118377685547,0.31483742594718933
smollm2_360m_base,headquarters:0,headquarters,raw_question,25,600.7523193359375,41.69746780395508,0.31010890007019043
smollm2_360m_base,headquarters:0,headquarters,raw_question,26,706.0991821289062,50.077022552490234,0.29034334421157837
smollm2_360m_base,headquarters:0,headquarters,raw_question,27,816.7473754882812,76.16492462158203,0.26355260610580444
smollm2_360m_base,headquarters:0,headquarters,raw_question,28,928.375,102.0994873046875,0.2628900408744812
smollm2_360m_base,headquarters:0,headquarters,raw_question,29,1090.9892578125,126.53349304199219,0.28089219331741333
smollm2_360m_base,headquarters:0,headquarters,raw_question,30,1244.85498046875,113.0599594116211,0.3351384997367859
smollm2_360m_base,headquarters:0,headquarters,raw_question,31,68.18782043457031,101.53665161132812,0.5818849802017212
smollm2_360m_base,headquarters:0,headquarters,declarative,0,57.55984115600586,4.539952754974365,0.08426843583583832
smollm2_360m_base,headquarters:0,headquarters,declarative,1,76.8628921508789,16.72106170654297,0.1109071746468544
smollm2_360m_base,headquarters:0,headquarters,declarative,2,88.69454956054688,13.512426376342773,0.1250823438167572
smollm2_360m_base,headquarters:0,headquarters,declarative,3,90.86335754394531,18.484891891479492,0.1596493124961853
smollm2_360m_base,headquarters:0,headquarters,declarative,4,106.87621307373047,15.85158634185791,0.17059096693992615
smollm2_360m_base,headquarters:0,headquarters,declarative,5,123.42216491699219,21.23408317565918,0.18184855580329895
smollm2_360m_base,headquarters:0,headquarters,declarative,6,129.78334045410156,11.807060241699219,0.18140098452568054
smollm2_360m_base,headquarters:0,headquarters,declarative,7,147.1807861328125,23.120872497558594,0.1906944215297699
smollm2_360m_base,headquarters:0,headquarters,declarative,8,161.7140655517578,29.959365844726562,0.22465462982654572
smollm2_360m_base,headquarters:0,headquarters,declarative,9,175.3957061767578,10.487403869628906,0.2110736072063446
smollm2_360m_base,headquarters:0,headquarters,declarative,10,180.71095275878906,16.209152221679688,0.19582045078277588
smollm2_360m_base,headquarters:0,headquarters,declarative,11,190.96653747558594,19.575862884521484,0.19894948601722717
smollm2_360m_base,headquarters:0,headquarters,declarative,12,205.10824584960938,22.10284996032715,0.21176275610923767
smollm2_360m_base,headquarters:0,headquarters,declarative,13,207.577392578125,25.175148010253906,0.20265457034111023
smollm2_360m_base,headquarters:0,headquarters,declarative,14,229.14303588867188,41.0029411315918,0.2138357162475586
smollm2_360m_base,headquarters:0,headquarters,declarative,15,248.1252899169922,41.48784637451172,0.23664620518684387
smollm2_360m_base,headquarters:0,headquarters,declarative,16,269.15447998046875,37.043785095214844,0.2335062325000763
smollm2_360m_base,headquarters:0,headquarters,declarative,17,263.6070556640625,34.95294952392578,0.22785210609436035
smollm2_360m_base,headquarters:0,headquarters,declarative,18,264.7767639160156,36.136863708496094,0.21971042454242706
smollm2_360m_base,headquarters:0,headquarters,declarative,19,279.88214111328125,25.65703582763672,0.23336748778820038
smollm2_360m_base,headquarters:0,headquarters,declarative,20,287.0322570800781,25.970191955566406,0.2459917515516281
smollm2_360m_base,headquarters:0,headquarters,declarative,21,339.6531677246094,33.530635833740234,0.2612471282482147
smollm2_360m_base,headquarters:0,headquarters,declarative,22,382.87567138671875,46.0313835144043,0.3605862259864807
smollm2_360m_base,headquarters:0,headquarters,declarative,23,436.30267333984375,93.76493835449219,0.3267822265625
smollm2_360m_base,headquarters:0,headquarters,declarative,24,520.2620849609375,56.551841735839844,0.33400192856788635
smollm2_360m_base,headquarters:0,headquarters,declarative,25,569.1912231445312,57.15871810913086,0.3396429121494293
smollm2_360m_base,headquarters:0,headquarters,declarative,26,670.8043212890625,129.15956115722656,0.35381627082824707
smollm2_360m_base,headquarters:0,headquarters,declarative,27,779.1788330078125,159.01773071289062,0.3965209126472473
smollm2_360m_base,headquarters:0,headquarters,declarative,28,946.7362060546875,118.8121337890625,0.4624173641204834
smollm2_360m_base,headquarters:0,headquarters,declarative,29,1151.7459716796875,95.42292785644531,0.5321590304374695
smollm2_360m_base,headquarters:0,headquarters,declarative,30,1282.333984375,139.2928009033203,0.5796633362770081
smollm2_360m_base,headquarters:0,headquarters,declarative,31,59.81832504272461,108.999267578125,0.7011263966560364
smollm2_360m_base,headquarters:0,headquarters,qa,0,53.99866485595703,4.666932106018066,0.07538720965385437
smollm2_360m_base,headquarters:0,headquarters,qa,1,70.4764404296875,15.920381546020508,0.1299542933702469
smollm2_360m_base,headquarters:0,headquarters,qa,2,85.97715759277344,15.42725944519043,0.14191050827503204
smollm2_360m_base,headquarters:0,headquarters,qa,3,102.45084381103516,14.946560859680176,0.16723015904426575
smollm2_360m_base,headquarters:0,headquarters,qa,4,108.89105224609375,19.203489303588867,0.17993402481079102
smollm2_360m_base,headquarters:0,headquarters,qa,5,120.39590454101562,23.729093551635742,0.17926940321922302
smollm2_360m_base,headquarters:0,headquarters,qa,6,154.15682983398438,39.19102096557617,0.2017897665500641
smollm2_360m_base,headquarters:0,headquarters,qa,7,164.60472106933594,29.73921775817871,0.21424265205860138
smollm2_360m_base,headquarters:0,headquarters,qa,8,164.1197967529297,21.298154830932617,0.2180130034685135
smollm2_360m_base,headquarters:0,headquarters,qa,9,179.46136474609375,28.47528839111328,0.207127645611763
smollm2_360m_base,headquarters:0,headquarters,qa,10,173.38424682617188,17.845136642456055,0.18503032624721527
smollm2_360m_base,headquarters:0,headquarters,qa,11,174.9873809814453,15.818883895874023,0.20095543563365936
smollm2_360m_base,headquarters:0,headquarters,qa,12,186.13156127929688,22.529502868652344,0.20081201195716858
smollm2_360m_base,headquarters:0,headquarters,qa,13,196.59469604492188,20.202056884765625,0.19838859140872955
smollm2_360m_base,headquarters:0,headquarters,qa,14,202.89903259277344,30.490697860717773,0.20217713713645935
smollm2_360m_base,headquarters:0,headquarters,qa,15,218.6470489501953,34.4928092956543,0.1995191127061844
smollm2_360m_base,headquarters:0,headquarters,qa,16,236.7218017578125,33.43095779418945,0.20111827552318573
smollm2_360m_base,headquarters:0,headquarters,qa,17,249.31529235839844,27.033273696899414,0.2092796266078949
smollm2_360m_base,headquarters:0,headquarters,qa,18,249.9960174560547,32.540523529052734,0.2099885493516922
smollm2_360m_base,headquarters:0,headquarters,qa,19,262.6841125488281,29.347423553466797,0.22730645537376404
smollm2_360m_base,headquarters:0,headquarters,qa,20,281.1372985839844,42.23967361450195,0.2556069493293762
smollm2_360m_base,headquarters:0,headquarters,qa,21,348.8572998046875,47.33982849121094,0.2786744236946106
smollm2_360m_base,headquarters:0,headquarters,qa,22,370.0675354003906,52.0238037109375,0.36550799012184143
smollm2_360m_base,headquarters:0,headquarters,qa,23,435.83251953125,99.82543182373047,0.33608728647232056
smollm2_360m_base,headquarters:0,headquarters,qa,24,556.1956787109375,68.40023040771484,0.35035714507102966
smollm2_360m_base,headquarters:0,headquarters,qa,25,617.5751953125,53.60628890991211,0.35370251536369324
smollm2_360m_base,headquarters:0,headquarters,qa,26,738.9894409179688,83.66573333740234,0.33232933282852173
smollm2_360m_base,headquarters:0,headquarters,qa,27,878.0813598632812,152.9500274658203,0.300714373588562
smollm2_360m_base,headquarters:0,headquarters,qa,28,1026.492919921875,144.14938354492188,0.3239389657974243
smollm2_360m_base,headquarters:0,headquarters,qa,29,1206.093994140625,149.830322265625,0.34872108697891235
smollm2_360m_base,headquarters:0,headquarters,qa,30,1368.426513671875,124.02877807617188,0.4103103280067444
smollm2_360m_base,headquarters:0,headquarters,qa,31,75.9720230102539,106.60833740234375,0.6177250146865845
smollm2_360m_base,headquarters:0,headquarters,chat_template,0,51.582427978515625,4.795499324798584,0.06985481828451157
smollm2_360m_base,headquarters:0,headquarters,chat_template,1,71.35001373291016,18.276615142822266,0.08910688012838364
smollm2_360m_base,headquarters:0,headquarters,chat_template,2,80.40731048583984,10.582999229431152,0.116380974650383
smollm2_360m_base,headquarters:0,headquarters,chat_template,3,92.59293365478516,14.908182144165039,0.14197179675102234
smollm2_360m_base,headquarters:0,headquarters,chat_template,4,104.52680206298828,17.969703674316406,0.15862146019935608
smollm2_360m_base,headquarters:0,headquarters,chat_template,5,116.3521957397461,14.834442138671875,0.1582414209842682
smollm2_360m_base,headquarters:0,headquarters,chat_template,6,125.8971939086914,21.14661979675293,0.17025120556354523
smollm2_360m_base,headquarters:0,headquarters,chat_template,7,147.33444213867188,23.44346046447754,0.18972274661064148
smollm2_360m_base,headquarters:0,headquarters,chat_template,8,158.03761291503906,27.00678062438965,0.2198450118303299
smollm2_360m_base,headquarters:0,headquarters,chat_template,9,169.2662353515625,22.324735641479492,0.20617446303367615
smollm2_360m_base,headquarters:0,headquarters,chat_template,10,167.60255432128906,15.050193786621094,0.1732962280511856
smollm2_360m_base,headquarters:0,headquarters,chat_template,11,175.8189697265625,18.50414276123047,0.18337330222129822
smollm2_360m_base,headquarters:0,headquarters,chat_template,12,183.54541015625,21.80488395690918,0.19727253913879395
smollm2_360m_base,headquarters:0,headquarters,chat_template,13,194.03907775878906,23.403392791748047,0.19893042743206024
smollm2_360m_base,headquarters:0,headquarters,chat_template,14,209.91043090820312,27.726831436157227,0.19907402992248535
smollm2_360m_base,headquarters:0,headquarters,chat_template,15,216.98721313476562,25.2896785736084,0.20063385367393494
smollm2_360m_base,headquarters:0,headquarters,chat_template,16,239.5975341796875,35.141876220703125,0.21445031464099884
smollm2_360m_base,headquarters:0,headquarters,chat_template,17,253.0901641845703,38.48494338989258,0.23521184921264648
smollm2_360m_base,headquarters:0,headquarters,chat_template,18,267.671875,47.04219055175781,0.2306450605392456
smollm2_360m_base,headquarters:0,headquarters,chat_template,19,264.16326904296875,28.864017486572266,0.2486562728881836
smollm2_360m_base,headquarters:0,headquarters,chat_template,20,284.476806640625,44.30781555175781,0.2702261507511139
smollm2_360m_base,headquarters:0,headquarters,chat_template,21,338.3934631347656,52.18037796020508,0.29868441820144653
smollm2_360m_base,headquarters:0,headquarters,chat_template,22,365.86236572265625,51.40278625488281,0.39042550325393677
smollm2_360m_base,headquarters:0,headquarters,chat_template,23,419.64691162109375,100.92366027832031,0.33259207010269165
smollm2_360m_base,headquarters:0,headquarters,chat_template,24,546.270263671875,84.2545166015625,0.35821324586868286
smollm2_360m_base,headquarters:0,headquarters,chat_template,25,632.1925659179688,53.8538703918457,0.3781655728816986
smollm2_360m_base,headquarters:0,headquarters,chat_template,26,758.6764526367188,85.23497772216797,0.34783443808555603
smollm2_360m_base,headquarters:0,headquarters,chat_template,27,896.3869018554688,141.46487426757812,0.30861973762512207
smollm2_360m_base,headquarters:0,headquarters,chat_template,28,1045.99267578125,144.9693603515625,0.3139401376247406
smollm2_360m_base,headquarters:0,headquarters,chat_template,29,1245.45166015625,151.5779266357422,0.35562220215797424
smollm2_360m_base,headquarters:0,headquarters,chat_template,30,1432.113037109375,145.05987548828125,0.4156638979911804
smollm2_360m_base,headquarters:0,headquarters,chat_template,31,74.74453735351562,107.80311584472656,0.6401979327201843
smollm2_360m_base,headquarters:1,headquarters,raw_question,0,60.3646354675293,4.767509937286377,0.09406764805316925
smollm2_360m_base,headquarters:1,headquarters,raw_question,1,80.09563446044922,15.329819679260254,0.09268467128276825
smollm2_360m_base,headquarters:1,headquarters,raw_question,2,91.21156311035156,12.08383846282959,0.11977943032979965
smollm2_360m_base,headquarters:1,headquarters,raw_question,3,83.35903930664062,17.464309692382812,0.12898580729961395
smollm2_360m_base,headquarters:1,headquarters,raw_question,4,99.91410064697266,20.74740982055664,0.1547103077173233
smollm2_360m_base,headquarters:1,headquarters,raw_question,5,117.52114868164062,30.647829055786133,0.16604450345039368
smollm2_360m_base,headquarters:1,headquarters,raw_question,6,130.7680206298828,10.740751266479492,0.16726624965667725
smollm2_360m_base,headquarters:1,headquarters,raw_question,7,148.63189697265625,26.17171859741211,0.1887580156326294
smollm2_360m_base,headquarters:1,headquarters,raw_question,8,157.09837341308594,17.881746292114258,0.20674856007099152
smollm2_360m_base,headquarters:1,headquarters,raw_question,9,165.85519409179688,15.844197273254395,0.20184099674224854
smollm2_360m_base,headquarters:1,headquarters,raw_question,10,163.48658752441406,11.354610443115234,0.16568557918071747
smollm2_360m_base,headquarters:1,headquarters,raw_question,11,176.62570190429688,17.73408317565918,0.18575358390808105
smollm2_360m_base,headquarters:1,headquarters,raw_question,12,180.88250732421875,21.748340606689453,0.20724304020404816
smollm2_360m_base,headquarters:1,headquarters,raw_question,13,177.3379364013672,28.701398849487305,0.19514277577400208
smollm2_360m_base,headquarters:1,headquarters,raw_question,14,194.4834747314453,38.96355438232422,0.1972208023071289
smollm2_360m_base,headquarters:1,headquarters,raw_question,15,220.0697021484375,39.02564239501953,0.2022276222705841
smollm2_360m_base,headquarters:1,headquarters,raw_question,16,238.29637145996094,33.9001350402832,0.19551865756511688
smollm2_360m_base,headquarters:1,headquarters,raw_question,17,248.49496459960938,30.69498634338379,0.19436225295066833
smollm2_360m_base,headquarters:1,headquarters,raw_question,18,245.41775512695312,37.760066986083984,0.19313225150108337
smollm2_360m_base,headquarters:1,headquarters,raw_question,19,269.1426696777344,28.69097137451172,0.2177075445652008
smollm2_360m_base,headquarters:1,headquarters,raw_question,20,277.8908996582031,24.127193450927734,0.23725628852844238
smollm2_360m_base,headquarters:1,headquarters,raw_question,21,341.9173278808594,43.564109802246094,0.25454816222190857
smollm2_360m_base,headquarters:1,headquarters,raw_question,22,382.47027587890625,37.770748138427734,0.319474458694458
smollm2_360m_base,headquarters:1,headquarters,raw_question,23,433.39599609375,51.664283752441406,0.29819101095199585
smollm2_360m_base,headquarters:1,headquarters,raw_question,24,533.6202392578125,51.680809020996094,0.3169021010398865
smollm2_360m_base,headquarters:1,headquarters,raw_question,25,608.8593139648438,39.66719055175781,0.31078559160232544
smollm2_360m_base,headquarters:1,headquarters,raw_question,26,722.7806396484375,45.21485900878906,0.2924060821533203
smollm2_360m_base,headquarters:1,headquarters,raw_question,27,834.8820190429688,58.69876480102539,0.26402297616004944
smollm2_360m_base,headquarters:1,headquarters,raw_question,28,943.5408935546875,82.35638427734375,0.25811833143234253
smollm2_360m_base,headquarters:1,headquarters,raw_question,29,1110.2974853515625,138.7335968017578,0.27370038628578186
smollm2_360m_base,headquarters:1,headquarters,raw_question,30,1275.2911376953125,130.2051544189453,0.33410558104515076
smollm2_360m_base,headquarters:1,headquarters,raw_question,31,69.87837982177734,102.61546325683594,0.5894842147827148
smollm2_360m_base,headquarters:1,headquarters,declarative,0,56.04351043701172,4.666794300079346,0.09169527888298035
smollm2_360m_base,headquarters:1,headquarters,declarative,1,76.06389617919922,16.742740631103516,0.11159513890743256
smollm2_360m_base,headquarters:1,headquarters,declarative,2,87.36786651611328,13.422998428344727,0.12340390682220459
smollm2_360m_base,headquarters:1,headquarters,declarative,3,89.17633056640625,18.13946533203125,0.1588590443134308
smollm2_360m_base,headquarters:1,headquarters,declarative,4,106.13920593261719,16.266189575195312,0.17060406506061554
smollm2_360m_base,headquarters:1,headquarters,declarative,5,123.91236877441406,21.87240982055664,0.18318922817707062
smollm2_360m_base,headquarters:1,headquarters,declarative,6,130.0681610107422,11.593725204467773,0.18264129757881165
smollm2_360m_base,headquarters:1,headquarters,declarative,7,149.01840209960938,25.987564086914062,0.19230124354362488
smollm2_360m_base,headquarters:1,headquarters,declarative,8,162.73187255859375,29.007373809814453,0.22140789031982422
smollm2_360m_base,headquarters:1,headquarters,declarative,9,178.91754150390625,10.670391082763672,0.21251539885997772
smollm2_360m_base,headquarters:1,headquarters,declarative,10,185.66603088378906,19.44633674621582,0.1989208459854126
smollm2_360m_base,headquarters:1,headquarters,declarative,11,197.36732482910156,20.81760597229004,0.20471635460853577
smollm2_360m_base,headquarters:1,headquarters,declarative,12,211.5559844970703,22.29746437072754,0.21611753106117249
smollm2_360m_base,headquarters:1,headquarters,declarative,13,213.43638610839844,27.356098175048828,0.20537380874156952
smollm2_360m_base,headquarters:1,headquarters,declarative,14,235.5555419921875,40.43157958984375,0.21753978729248047
smollm2_360m_base,headquarters:1,headquarters,declarative,15,255.7638702392578,43.99708557128906,0.23915652930736542
smollm2_360m_base,headquarters:1,headquarters,declarative,16,276.6357421875,37.47074508666992,0.2348792999982834
smollm2_360m_base,headquarters:1,headquarters,declarative,17,270.8755798339844,35.264747619628906,0.22692613303661346
smollm2_360m_base,headquarters:1,headquarters,declarative,18,270.48583984375,37.34414291381836,0.21971622109413147
smollm2_360m_base,headquarters:1,headquarters,declarative,19,286.16925048828125,25.397985458374023,0.2327217310667038
smollm2_360m_base,headquarters:1,headquarters,declarative,20,294.0590515136719,24.358898162841797,0.2476319521665573
smollm2_360m_base,headquarters:1,headquarters,declarative,21,343.6153869628906,32.9342155456543,0.2612430453300476
smollm2_360m_base,headquarters:1,headquarters,declarative,22,388.274169921875,45.98875427246094,0.3572770953178406
smollm2_360m_base,headquarters:1,headquarters,declarative,23,439.32354736328125,92.49627685546875,0.3289526700973511
smollm2_360m_base,headquarters:1,headquarters,declarative,24,530.557373046875,57.10511016845703,0.3310217261314392
smollm2_360m_base,headquarters:1,headquarters,declarative,25,579.3222045898438,44.582096099853516,0.3409191071987152
smollm2_360m_base,headquarters:1,headquarters,declarative,26,708.6201171875,111.64865112304688,0.3550882935523987
smollm2_360m_base,headquarters:1,headquarters,declarative,27,796.2153930664062,103.78824615478516,0.4053606390953064
smollm2_360m_base,headquarters:1,headquarters,declarative,28,953.9534301757812,86.82725524902344,0.4544903635978699
smollm2_360m_base,headquarters:1,headquarters,declarative,29,1159.213623046875,95.85738372802734,0.5002180337905884
smollm2_360m_base,headquarters:1,headquarters,declarative,30,1327.76123046875,110.98056030273438,0.5210871696472168
smollm2_360m_base,headquarters:1,headquarters,declarative,31,61.54293441772461,104.31681823730469,0.6771964430809021
smollm2_360m_base,headquarters:1,headquarters,qa,0,53.40908432006836,4.671820163726807,0.07577721029520035
smollm2_360m_base,headquarters:1,headquarters,qa,1,70.2232894897461,16.077714920043945,0.13216228783130646
smollm2_360m_base,headquarters:1,headquarters,qa,2,85.81672668457031,15.374430656433105,0.14198073744773865
smollm2_360m_base,headquarters:1,headquarters,qa,3,102.05413055419922,14.762909889221191,0.16705508530139923
smollm2_360m_base,headquarters:1,headquarters,qa,4,108.02153778076172,18.788537979125977,0.17938053607940674
smollm2_360m_base,headquarters:1,headquarters,qa,5,119.60706329345703,23.396305084228516,0.17862938344478607
smollm2_360m_base,headquarters:1,headquarters,qa,6,152.2157745361328,38.46218490600586,0.20081481337547302
smollm2_360m_base,headquarters:1,headquarters,qa,7,162.84910583496094,30.154497146606445,0.21312150359153748
smollm2_360m_base,headquarters:1,headquarters,qa,8,162.64724731445312,21.193904876708984,0.21694569289684296
smollm2_360m_base,headquarters:1,headquarters,qa,9,177.23773193359375,29.744474411010742,0.20837554335594177
smollm2_360m_base,headquarters:1,headquarters,qa,10,171.95484924316406,17.13558578491211,0.18529507517814636
smollm2_360m_base,headquarters:1,headquarters,qa,11,172.82838439941406,15.323796272277832,0.2005806416273117
smollm2_360m_base,headquarters:1,headquarters,qa,12,184.10659790039062,21.463102340698242,0.19911107420921326
smollm2_360m_base,headquarters:1,headquarters,qa,13,194.76756286621094,20.302228927612305,0.19806382060050964
smollm2_360m_base,headquarters:1,headquarters,qa,14,200.74560546875,30.81452751159668,0.20102715492248535
smollm2_360m_base,headquarters:1,headquarters,qa,15,217.35079956054688,35.032676696777344,0.2006606161594391
smollm2_360m_base,headquarters:1,headquarters,qa,16,232.22732543945312,32.91965103149414,0.19673985242843628
smollm2_360m_base,headquarters:1,headquarters,qa,17,246.5404052734375,27.64012336730957,0.20697490870952606
smollm2_360m_base,headquarters:1,headquarters,qa,18,247.62557983398438,33.19374084472656,0.21132507920265198
smollm2_360m_base,headquarters:1,headquarters,qa,19,261.2608337402344,30.693479537963867,0.2309851199388504
smollm2_360m_base,headquarters:1,headquarters,qa,20,278.3061828613281,41.4859733581543,0.25785601139068604
smollm2_360m_base,headquarters:1,headquarters,qa,21,350.0574035644531,46.375892639160156,0.27929267287254333
smollm2_360m_base,headquarters:1,headquarters,qa,22,373.6761169433594,50.11730194091797,0.3698895573616028
smollm2_360m_base,headquarters:1,headquarters,qa,23,434.2433166503906,100.22760009765625,0.3387138247489929
smollm2_360m_base,headquarters:1,headquarters,qa,24,551.5731811523438,66.52731323242188,0.3469960689544678
smollm2_360m_base,headquarters:1,headquarters,qa,25,609.5961303710938,54.66071319580078,0.3537324368953705
smollm2_360m_base,headquarters:1,headquarters,qa,26,740.7520141601562,85.93099975585938,0.3364015221595764
smollm2_360m_base,headquarters:1,headquarters,qa,27,871.4368896484375,108.0331039428711,0.324797660112381
smollm2_360m_base,headquarters:1,headquarters,qa,28,1015.5678100585938,106.0932846069336,0.3447095453739166
smollm2_360m_base,headquarters:1,headquarters,qa,29,1196.8328857421875,141.61569213867188,0.3718002736568451
smollm2_360m_base,headquarters:1,headquarters,qa,30,1372.8702392578125,126.45773315429688,0.42094916105270386
smollm2_360m_base,headquarters:1,headquarters,qa,31,76.1359634399414,104.24153900146484,0.6231416463851929
smollm2_360m_base,headquarters:1,headquarters,chat_template,0,51.61003112792969,4.768652439117432,0.07105997949838638
smollm2_360m_base,headquarters:1,headquarters,chat_template,1,71.3572769165039,18.17310333251953,0.08938978612422943
smollm2_360m_base,headquarters:1,headquarters,chat_template,2,80.17105865478516,10.506966590881348,0.11589731276035309
smollm2_360m_base,headquarters:1,headquarters,chat_template,3,92.20989990234375,14.890406608581543,0.14249339699745178
smollm2_360m_base,headquarters:1,headquarters,chat_template,4,104.79199981689453,17.966169357299805,0.1594213992357254
smollm2_360m_base,headquarters:1,headquarters,chat_template,5,116.64656066894531,14.700068473815918,0.15979111194610596
smollm2_360m_base,headquarters:1,headquarters,chat_template,6,126.25279998779297,20.595548629760742,0.17160674929618835
smollm2_360m_base,headquarters:1,headquarters,chat_template,7,149.00595092773438,24.330257415771484,0.1909734010696411
smollm2_360m_base,headquarters:1,headquarters,chat_template,8,160.69183349609375,26.917686462402344,0.22061868011951447
smollm2_360m_base,headquarters:1,headquarters,chat_template,9,171.47056579589844,22.59811782836914,0.21018871665000916
smollm2_360m_base,headquarters:1,headquarters,chat_template,10,169.47621154785156,15.373481750488281,0.17801086604595184
smollm2_360m_base,headquarters:1,headquarters,chat_template,11,177.42588806152344,18.523733139038086,0.18766793608665466
smollm2_360m_base,headquarters:1,headquarters,chat_template,12,184.93472290039062,22.588069915771484,0.20043763518333435
smollm2_360m_base,headquarters:1,headquarters,chat_template,13,195.0534210205078,22.87789535522461,0.20098595321178436
smollm2_360m_base,headquarters:1,headquarters,chat_template,14,210.40188598632812,26.742067337036133,0.20015482604503632
smollm2_360m_base,headquarters:1,headquarters,chat_template,15,217.12005615234375,25.95476722717285,0.2014552354812622
smollm2_360m_base,headquarters:1,headquarters,chat_template,16,238.04354858398438,34.89812088012695,0.2124774008989334
smollm2_360m_base,headquarters:1,headquarters,chat_template,17,250.46856689453125,37.81439208984375,0.23307819664478302
smollm2_360m_base,headquarters:1,headquarters,chat_template,18,265.50286865234375,46.89244842529297,0.2308313548564911
smollm2_360m_base,headquarters:1,headquarters,chat_template,19,263.2365417480469,29.307554244995117,0.24852530658245087
smollm2_360m_base,headquarters:1,headquarters,chat_template,20,286.4548034667969,46.429439544677734,0.27106261253356934
smollm2_360m_base,headquarters:1,headquarters,chat_template,21,338.2203369140625,54.306331634521484,0.30240511894226074
smollm2_360m_base,headquarters:1,headquarters,chat_template,22,367.215576171875,53.87006378173828,0.39363211393356323
smollm2_360m_base,headquarters:1,headquarters,chat_template,23,418.5568542480469,101.20571899414062,0.33168333768844604
smollm2_360m_base,headquarters:1,headquarters,chat_template,24,545.585693359375,84.5398178100586,0.35548195242881775
smollm2_360m_base,headquarters:1,headquarters,chat_template,25,625.9915161132812,49.860111236572266,0.3766009211540222
smollm2_360m_base,headquarters:1,headquarters,chat_template,26,757.8178100585938,92.10960388183594,0.3472965359687805
smollm2_360m_base,headquarters:1,headquarters,chat_template,27,886.818115234375,115.53593444824219,0.31369611620903015
smollm2_360m_base,headquarters:1,headquarters,chat_template,28,1029.181640625,123.21463012695312,0.3190772831439972
smollm2_360m_base,headquarters:1,headquarters,chat_template,29,1229.8946533203125,160.3705291748047,0.352953165769577
smollm2_360m_base,headquarters:1,headquarters,chat_template,30,1435.1207275390625,152.53927612304688,0.4030599594116211
smollm2_360m_base,headquarters:1,headquarters,chat_template,31,76.45511627197266,110.98358917236328,0.641391396522522
smollm2_360m_base,headquarters:2,headquarters,raw_question,0,61.28095626831055,4.53538179397583,0.09495921432971954
smollm2_360m_base,headquarters:2,headquarters,raw_question,1,79.76038360595703,14.964773178100586,0.09414570778608322
smollm2_360m_base,headquarters:2,headquarters,raw_question,2,91.38798522949219,12.017498970031738,0.1237180083990097
smollm2_360m_base,headquarters:2,headquarters,raw_question,3,84.54940032958984,17.04446792602539,0.1325577050447464
smollm2_360m_base,headquarters:2,headquarters,raw_question,4,101.12068939208984,22.164833068847656,0.15838231146335602
smollm2_360m_base,headquarters:2,headquarters,raw_question,5,119.8086166381836,31.60902214050293,0.16948363184928894
smollm2_360m_base,headquarters:2,headquarters,raw_question,6,133.41477966308594,11.069001197814941,0.1726202666759491
smollm2_360m_base,headquarters:2,headquarters,raw_question,7,150.6790008544922,27.128536224365234,0.19264622032642365
smollm2_360m_base,headquarters:2,headquarters,raw_question,8,159.41195678710938,16.761526107788086,0.20551040768623352
smollm2_360m_base,headquarters:2,headquarters,raw_question,9,167.06494140625,17.099273681640625,0.20340056717395782
smollm2_360m_base,headquarters:2,headquarters,raw_question,10,164.8956756591797,11.047383308410645,0.16810883581638336
smollm2_360m_base,headquarters:2,headquarters,raw_question,11,178.7826385498047,17.747699737548828,0.18791218101978302
smollm2_360m_base,headquarters:2,headquarters,raw_question,12,182.71644592285156,22.578744888305664,0.20899967849254608
smollm2_360m_base,headquarters:2,headquarters,raw_question,13,179.263427734375,29.352975845336914,0.19756309688091278
smollm2_360m_base,headquarters:2,headquarters,raw_question,14,197.60757446289062,39.57171630859375,0.19905269145965576
smollm2_360m_base,headquarters:2,headquarters,raw_question,15,223.483154296875,39.24588394165039,0.20452256500720978
smollm2_360m_base,headquarters:2,headquarters,raw_question,16,239.97142028808594,33.26875686645508,0.1977376639842987
smollm2_360m_base,headquarters:2,headquarters,raw_question,17,250.92294311523438,30.921903610229492,0.19522826373577118
smollm2_360m_base,headquarters:2,headquarters,raw_question,18,249.59783935546875,39.93735885620117,0.19642746448516846
smollm2_360m_base,headquarters:2,headquarters,raw_question,19,274.8829650878906,28.2018985748291,0.22061915695667267
smollm2_360m_base,headquarters:2,headquarters,raw_question,20,281.6239013671875,24.35801124572754,0.23943892121315002
smollm2_360m_base,headquarters:2,headquarters,raw_question,21,344.5408020019531,44.29254913330078,0.2559906244277954
smollm2_360m_base,headquarters:2,headquarters,raw_question,22,382.9258117675781,37.77492141723633,0.3221701383590698
smollm2_360m_base,headquarters:2,headquarters,raw_question,23,433.7585144042969,50.2369384765625,0.2976335883140564
smollm2_360m_base,headquarters:2,headquarters,raw_question,24,526.5975952148438,50.78905487060547,0.31448763608932495
smollm2_360m_base,headquarters:2,headquarters,raw_question,25,601.2872314453125,36.327484130859375,0.308042049407959
smollm2_360m_base,headquarters:2,headquarters,raw_question,26,713.7518310546875,38.831729888916016,0.28887349367141724
smollm2_360m_base,headquarters:2,headquarters,raw_question,27,816.7562255859375,78.20964050292969,0.2625727653503418
smollm2_360m_base,headquarters:2,headquarters,raw_question,28,930.9223022460938,86.19322204589844,0.25933393836021423
smollm2_360m_base,headquarters:2,headquarters,raw_question,29,1104.887939453125,148.74774169921875,0.27581262588500977
smollm2_360m_base,headquarters:2,headquarters,raw_question,30,1261.9881591796875,126.74909210205078,0.33130258321762085
smollm2_360m_base,headquarters:2,headquarters,raw_question,31,68.99856567382812,99.98146057128906,0.5821765661239624
smollm2_360m_base,headquarters:2,headquarters,declarative,0,56.773555755615234,4.550900459289551,0.08702822029590607
smollm2_360m_base,headquarters:2,headquarters,declarative,1,76.6131820678711,16.742677688598633,0.11189690977334976
smollm2_360m_base,headquarters:2,headquarters,declarative,2,87.88697814941406,13.142577171325684,0.12450222671031952
smollm2_360m_base,headquarters:2,headquarters,declarative,3,89.79828643798828,18.418970108032227,0.1595180630683899
smollm2_360m_base,headquarters:2,headquarters,declarative,4,106.69072723388672,16.187427520751953,0.17044170200824738
smollm2_360m_base,headquarters:2,headquarters,declarative,5,124.9813003540039,22.006824493408203,0.18448467552661896
smollm2_360m_base,headquarters:2,headquarters,declarative,6,131.16323852539062,12.18638801574707,0.1834937334060669
smollm2_360m_base,headquarters:2,headquarters,declarative,7,150.62974548339844,26.36198616027832,0.1932787001132965
smollm2_360m_base,headquarters:2,headquarters,declarative,8,166.38900756835938,28.78562355041504,0.22217826545238495
smollm2_360m_base,headquarters:2,headquarters,declarative,9,179.265625,11.296278953552246,0.21353015303611755
smollm2_360m_base,headquarters:2,headquarters,declarative,10,184.6749267578125,18.894229888916016,0.20007923245429993
smollm2_360m_base,headquarters:2,headquarters,declarative,11,195.25128173828125,19.809568405151367,0.20286579430103302
smollm2_360m_base,headquarters:2,headquarters,declarative,12,208.43637084960938,22.86284065246582,0.21456043422222137
smollm2_360m_base,headquarters:2,headquarters,declarative,13,208.44700622558594,26.519712448120117,0.20392727851867676
smollm2_360m_base,headquarters:2,headquarters,declarative,14,230.612060546875,40.30493927001953,0.21366938948631287
smollm2_360m_base,headquarters:2,headquarters,declarative,15,251.82920837402344,43.550262451171875,0.23806767165660858
smollm2_360m_base,headquarters:2,headquarters,declarative,16,270.9934387207031,35.227108001708984,0.23583896458148956
smollm2_360m_base,headquarters:2,headquarters,declarative,17,266.9850769042969,35.423805236816406,0.23096251487731934
smollm2_360m_base,headquarters:2,headquarters,declarative,18,269.2635192871094,38.48674774169922,0.2218713015317917
smollm2_360m_base,headquarters:2,headquarters,declarative,19,286.6194763183594,25.577287673950195,0.23904891312122345
smollm2_360m_base,headquarters:2,headquarters,declarative,20,297.037841796875,27.806373596191406,0.25116637349128723
smollm2_360m_base,headquarters:2,headquarters,declarative,21,348.3247375488281,34.68073272705078,0.26311907172203064
smollm2_360m_base,headquarters:2,headquarters,declarative,22,386.25726318359375,46.189002990722656,0.3606313169002533
smollm2_360m_base,headquarters:2,headquarters,declarative,23,440.311279296875,103.5934829711914,0.32449376583099365
smollm2_360m_base,headquarters:2,headquarters,declarative,24,522.5341186523438,54.44253921508789,0.3324158787727356
smollm2_360m_base,headquarters:2,headquarters,declarative,25,571.5118408203125,45.412845611572266,0.33776435256004333
smollm2_360m_base,headquarters:2,headquarters,declarative,26,676.9780883789062,101.19286346435547,0.3536878526210785
smollm2_360m_base,headquarters:2,headquarters,declarative,27,812.9766845703125,189.65013122558594,0.4061688482761383
smollm2_360m_base,headquarters:2,headquarters,declarative,28,970.5676879882812,117.79307556152344,0.48894453048706055
smollm2_360m_base,headquarters:2,headquarters,declarative,29,1122.8212890625,97.72798919677734,0.5400736927986145
smollm2_360m_base,headquarters:2,headquarters,declarative,30,1273.227294921875,115.90740966796875,0.5672926902770996
smollm2_360m_base,headquarters:2,headquarters,declarative,31,61.171260833740234,124.6214370727539,0.7249442338943481
smollm2_360m_base,headquarters:2,headquarters,qa,0,54.055171966552734,4.67679500579834,0.07539252936840057
smollm2_360m_base,headquarters:2,headquarters,qa,1,70.66461944580078,15.917762756347656,0.12924915552139282
smollm2_360m_base,headquarters:2,headquarters,qa,2,85.67115783691406,15.37564468383789,0.13990101218223572
smollm2_360m_base,headquarters:2,headquarters,qa,3,101.66875457763672,14.876471519470215,0.16589663922786713
smollm2_360m_base,headquarters:2,headquarters,qa,4,108.0146255493164,19.303203582763672,0.17966195940971375
smollm2_360m_base,headquarters:2,headquarters,qa,5,119.46295166015625,23.396318435668945,0.1779034435749054
smollm2_360m_base,headquarters:2,headquarters,qa,6,151.9428253173828,39.65596389770508,0.2020462453365326
smollm2_360m_base,headquarters:2,headquarters,qa,7,162.81698608398438,30.495004653930664,0.2127307653427124
smollm2_360m_base,headquarters:2,headquarters,qa,8,162.7957305908203,20.556108474731445,0.2153688371181488
smollm2_360m_base,headquarters:2,headquarters,qa,9,179.35804748535156,30.955299377441406,0.2077816277742386
smollm2_360m_base,headquarters:2,headquarters,qa,10,173.66944885253906,18.41910743713379,0.18817946314811707
smollm2_360m_base,headquarters:2,headquarters,qa,11,174.04705810546875,16.050701141357422,0.2028643637895584
smollm2_360m_base,headquarters:2,headquarters,qa,12,184.42100524902344,20.892473220825195,0.19971394538879395
smollm2_360m_base,headquarters:2,headquarters,qa,13,193.3603515625,19.804534912109375,0.19726616144180298
smollm2_360m_base,headquarters:2,headquarters,qa,14,199.87353515625,31.254981994628906,0.20119324326515198
smollm2_360m_base,headquarters:2,headquarters,qa,15,217.66856384277344,35.55295181274414,0.2010858952999115
smollm2_360m_base,headquarters:2,headquarters,qa,16,230.89041137695312,31.522945404052734,0.1982119381427765
smollm2_360m_base,headquarters:2,headquarters,qa,17,244.51513671875,27.3741455078125,0.20673330128192902
smollm2_360m_base,headquarters:2,headquarters,qa,18,246.5301513671875,32.73414611816406,0.2110421359539032
smollm2_360m_base,headquarters:2,headquarters,qa,19,261.1527099609375,31.4826602935791,0.23093220591545105
smollm2_360m_base,headquarters:2,headquarters,qa,20,276.7187194824219,41.11310577392578,0.257561594247818
smollm2_360m_base,headquarters:2,headquarters,qa,21,348.1462097167969,46.57689666748047,0.27704644203186035
smollm2_360m_base,headquarters:2,headquarters,qa,22,375.3360900878906,53.09834671020508,0.37060585618019104
smollm2_360m_base,headquarters:2,headquarters,qa,23,433.894775390625,102.52970886230469,0.3375835716724396
smollm2_360m_base,headquarters:2,headquarters,qa,24,547.9158935546875,63.633995056152344,0.34911400079727173
smollm2_360m_base,headquarters:2,headquarters,qa,25,607.2817993164062,47.90237045288086,0.3531700670719147
smollm2_360m_base,headquarters:2,headquarters,qa,26,728.506591796875,69.21541595458984,0.3372019827365875
smollm2_360m_base,headquarters:2,headquarters,qa,27,862.7493286132812,157.513671875,0.32107141613960266
smollm2_360m_base,headquarters:2,headquarters,qa,28,1024.6663818359375,131.56480407714844,0.3531811237335205
smollm2_360m_base,headquarters:2,headquarters,qa,29,1206.5869140625,146.2518768310547,0.38272324204444885
smollm2_360m_base,headquarters:2,headquarters,qa,30,1357.399658203125,111.64579010009766,0.4490610659122467
smollm2_360m_base,headquarters:2,headquarters,qa,31,75.61262512207031,104.50961303710938,0.6489236950874329
smollm2_360m_base,headquarters:2,headquarters,chat_template,0,51.58883285522461,4.800394535064697,0.07017838954925537
smollm2_360m_base,headquarters:2,headquarters,chat_template,1,71.38675689697266,18.269956588745117,0.08938587456941605
smollm2_360m_base,headquarters:2,headquarters,chat_template,2,80.3980484008789,10.601880073547363,0.115481898188591
smollm2_360m_base,headquarters:2,headquarters,chat_template,3,92.31192016601562,14.827163696289062,0.1413101851940155
smollm2_360m_base,headquarters:2,headquarters,chat_template,4,104.24441528320312,17.71268081665039,0.15853574872016907
smollm2_360m_base,headquarters:2,headquarters,chat_template,5,116.18119812011719,14.821697235107422,0.15964826941490173
smollm2_360m_base,headquarters:2,headquarters,chat_template,6,125.69839477539062,21.038095474243164,0.17231440544128418
smollm2_360m_base,headquarters:2,headquarters,chat_template,7,147.53868103027344,24.722885131835938,0.1909060925245285
smollm2_360m_base,headquarters:2,headquarters,chat_template,8,160.08798217773438,27.83013153076172,0.22127199172973633
smollm2_360m_base,headquarters:2,headquarters,chat_template,9,170.64404296875,22.104095458984375,0.2081419974565506
smollm2_360m_base,headquarters:2,headquarters,chat_template,10,168.05227661132812,15.735363006591797,0.17914815247058868
smollm2_360m_base,headquarters:2,headquarters,chat_template,11,176.7612762451172,18.26648712158203,0.18784034252166748
smollm2_360m_base,headquarters:2,headquarters,chat_template,12,185.24954223632812,22.388877868652344,0.2012321650981903
smollm2_360m_base,headquarters:2,headquarters,chat_template,13,195.49139404296875,22.756879806518555,0.20125870406627655
smollm2_360m_base,headquarters:2,headquarters,chat_template,14,211.55715942382812,27.45359230041504,0.20054891705513
smollm2_360m_base,headquarters:2,headquarters,chat_template,15,217.0575408935547,25.257539749145508,0.20060892403125763
smollm2_360m_base,headquarters:2,headquarters,chat_template,16,238.6802520751953,34.89693069458008,0.2122505158185959
smollm2_360m_base,headquarters:2,headquarters,chat_template,17,252.39903259277344,37.87968826293945,0.23421725630760193
smollm2_360m_base,headquarters:2,headquarters,chat_template,18,266.5774230957031,47.511295318603516,0.2309664785861969
smollm2_360m_base,headquarters:2,headquarters,chat_template,19,263.07952880859375,29.041563034057617,0.24817852675914764
smollm2_360m_base,headquarters:2,headquarters,chat_template,20,284.4851989746094,46.50852584838867,0.27019113302230835
smollm2_360m_base,headquarters:2,headquarters,chat_template,21,336.59307861328125,53.54512023925781,0.3018534779548645
smollm2_360m_base,headquarters:2,headquarters,chat_template,22,364.5815734863281,53.51795959472656,0.3949970304965973
smollm2_360m_base,headquarters:2,headquarters,chat_template,23,418.78192138671875,104.89928436279297,0.33503615856170654
smollm2_360m_base,headquarters:2,headquarters,chat_template,24,538.48583984375,82.48812103271484,0.3583936095237732
smollm2_360m_base,headquarters:2,headquarters,chat_template,25,624.9470825195312,48.94841384887695,0.37715068459510803
smollm2_360m_base,headquarters:2,headquarters,chat_template,26,749.2762451171875,83.93388366699219,0.35343313217163086
smollm2_360m_base,headquarters:2,headquarters,chat_template,27,878.89111328125,152.4308624267578,0.32002705335617065
smollm2_360m_base,headquarters:2,headquarters,chat_template,28,1039.684326171875,130.51821899414062,0.3367583155632019
smollm2_360m_base,headquarters:2,headquarters,chat_template,29,1242.6585693359375,151.44027709960938,0.37334468960762024
smollm2_360m_base,headquarters:2,headquarters,chat_template,30,1423.48974609375,139.8693389892578,0.42617711424827576
smollm2_360m_base,headquarters:2,headquarters,chat_template,31,75.94961547851562,108.2412338256836,0.6530866026878357
smollm2_360m_base,headquarters:3,headquarters,raw_question,0,61.14279556274414,4.549826145172119,0.09540750086307526
smollm2_360m_base,headquarters:3,headquarters,raw_question,1,80.55903625488281,15.579218864440918,0.09452861547470093
smollm2_360m_base,headquarters:3,headquarters,raw_question,2,91.6286849975586,11.903573036193848,0.1238088458776474
smollm2_360m_base,headquarters:3,headquarters,raw_question,3,84.21723937988281,17.531957626342773,0.1322951763868332
smollm2_360m_base,headquarters:3,headquarters,raw_question,4,100.32817840576172,21.156614303588867,0.15657290816307068
smollm2_360m_base,headquarters:3,headquarters,raw_question,5,119.25709533691406,31.546344757080078,0.16865485906600952
smollm2_360m_base,headquarters:3,headquarters,raw_question,6,133.32843017578125,11.117531776428223,0.17095668613910675
smollm2_360m_base,headquarters:3,headquarters,raw_question,7,150.70657348632812,27.206445693969727,0.19209536910057068
smollm2_360m_base,headquarters:3,headquarters,raw_question,8,158.84228515625,17.81884765625,0.20658007264137268
smollm2_360m_base,headquarters:3,headquarters,raw_question,9,167.78330993652344,16.54444122314453,0.20252113044261932
smollm2_360m_base,headquarters:3,headquarters,raw_question,10,165.0985870361328,10.555435180664062,0.16714295744895935
smollm2_360m_base,headquarters:3,headquarters,raw_question,11,178.0690155029297,18.45626449584961,0.18597373366355896
smollm2_360m_base,headquarters:3,headquarters,raw_question,12,183.21194458007812,22.484149932861328,0.2079358994960785
smollm2_360m_base,headquarters:3,headquarters,raw_question,13,180.6292266845703,30.59672737121582,0.1951417475938797
smollm2_360m_base,headquarters:3,headquarters,raw_question,14,197.15542602539062,38.87552261352539,0.19654683768749237
smollm2_360m_base,headquarters:3,headquarters,raw_question,15,220.16136169433594,38.31343078613281,0.20164534449577332
smollm2_360m_base,headquarters:3,headquarters,raw_question,16,238.46728515625,34.71866226196289,0.19252461194992065
smollm2_360m_base,headquarters:3,headquarters,raw_question,17,247.1667022705078,31.516849517822266,0.192086860537529
smollm2_360m_base,headquarters:3,headquarters,raw_question,18,246.0917510986328,38.38140869140625,0.19200773537158966
smollm2_360m_base,headquarters:3,headquarters,raw_question,19,271.7276306152344,28.972267150878906,0.2172306478023529
smollm2_360m_base,headquarters:3,headquarters,raw_question,20,280.475341796875,24.520355224609375,0.23576560616493225
smollm2_360m_base,headquarters:3,headquarters,raw_question,21,345.83001708984375,44.96520233154297,0.2545362710952759
smollm2_360m_base,headquarters:3,headquarters,raw_question,22,382.95721435546875,38.23291778564453,0.31997150182724
smollm2_360m_base,headquarters:3,headquarters,raw_question,23,431.3497314453125,53.79669952392578,0.29829251766204834
smollm2_360m_base,headquarters:3,headquarters,raw_question,24,525.0313110351562,52.43918228149414,0.3158232569694519
smollm2_360m_base,headquarters:3,headquarters,raw_question,25,597.20361328125,34.31019592285156,0.3086717128753662
smollm2_360m_base,headquarters:3,headquarters,raw_question,26,711.9365234375,33.647918701171875,0.28733548521995544
smollm2_360m_base,headquarters:3,headquarters,raw_question,27,813.3678588867188,68.64201354980469,0.26034095883369446
smollm2_360m_base,headquarters:3,headquarters,raw_question,28,925.0243530273438,82.23551177978516,0.25773993134498596
smollm2_360m_base,headquarters:3,headquarters,raw_question,29,1102.4432373046875,155.29837036132812,0.27664250135421753
smollm2_360m_base,headquarters:3,headquarters,raw_question,30,1259.6943359375,127.76346588134766,0.3341134190559387
smollm2_360m_base,headquarters:3,headquarters,raw_question,31,68.55596923828125,103.28912353515625,0.5820130109786987
smollm2_360m_base,headquarters:3,headquarters,declarative,0,56.96628952026367,4.543099403381348,0.08702006191015244
smollm2_360m_base,headquarters:3,headquarters,declarative,1,77.06140899658203,16.993083953857422,0.1105143204331398
smollm2_360m_base,headquarters:3,headquarters,declarative,2,87.73518371582031,13.261316299438477,0.12370498478412628
smollm2_360m_base,headquarters:3,headquarters,declarative,3,89.25581359863281,18.326566696166992,0.1581335812807083
smollm2_360m_base,headquarters:3,headquarters,declarative,4,105.82219696044922,15.61716079711914,0.16925804316997528
smollm2_360m_base,headquarters:3,headquarters,declarative,5,124.71273040771484,22.470911026000977,0.18449929356575012
smollm2_360m_base,headquarters:3,headquarters,declarative,6,130.69956970214844,11.836284637451172,0.1839430332183838
smollm2_360m_base,headquarters:3,headquarters,declarative,7,149.02700805664062,24.705177307128906,0.19266994297504425
smollm2_360m_base,headquarters:3,headquarters,declarative,8,164.59054565429688,29.823392868041992,0.22281348705291748
smollm2_360m_base,headquarters:3,headquarters,declarative,9,177.3282470703125,13.564348220825195,0.21538610756397247
smollm2_360m_base,headquarters:3,headquarters,declarative,10,183.60948181152344,17.841718673706055,0.19818788766860962
smollm2_360m_base,headquarters:3,headquarters,declarative,11,194.43807983398438,19.731521606445312,0.20292529463768005
smollm2_360m_base,headquarters:3,headquarters,declarative,12,207.7932586669922,22.317655563354492,0.21289339661598206
smollm2_360m_base,headquarters:3,headquarters,declarative,13,208.74745178222656,26.41034698486328,0.20333635807037354
smollm2_360m_base,headquarters:3,headquarters,declarative,14,230.87452697753906,39.88802719116211,0.21370398998260498
smollm2_360m_base,headquarters:3,headquarters,declarative,15,250.2218780517578,41.51460647583008,0.23690998554229736
smollm2_360m_base,headquarters:3,headquarters,declarative,16,267.0594482421875,33.63932800292969,0.23219642043113708
smollm2_360m_base,headquarters:3,headquarters,declarative,17,262.18963623046875,34.253597259521484,0.22862306237220764
smollm2_360m_base,headquarters:3,headquarters,declarative,18,263.5925598144531,36.8724365234375,0.2192240208387375
smollm2_360m_base,headquarters:3,headquarters,declarative,19,282.37762451171875,26.100936889648438,0.23668822646141052
smollm2_360m_base,headquarters:3,headquarters,declarative,20,291.74072265625,24.7658748626709,0.2505857050418854
smollm2_360m_base,headquarters:3,headquarters,declarative,21,344.4259338378906,34.94541931152344,0.2634425759315491
smollm2_360m_base,headquarters:3,headquarters,declarative,22,387.0201110839844,45.92898941040039,0.3632524907588959
smollm2_360m_base,headquarters:3,headquarters,declarative,23,438.2053527832031,106.17682647705078,0.32364144921302795
smollm2_360m_base,headquarters:3,headquarters,declarative,24,528.2786254882812,57.1112060546875,0.32688361406326294
smollm2_360m_base,headquarters:3,headquarters,declarative,25,575.579833984375,40.71784591674805,0.3341306746006012
smollm2_360m_base,headquarters:3,headquarters,declarative,26,682.3796997070312,89.90729522705078,0.3474360704421997
smollm2_360m_base,headquarters:3,headquarters,declarative,27,754.7845458984375,117.24615478515625,0.39785292744636536
smollm2_360m_base,headquarters:3,headquarters,declarative,28,935.6337280273438,88.12428283691406,0.4700453281402588
smollm2_360m_base,headquarters:3,headquarters,declarative,29,1106.47802734375,86.5326156616211,0.5123295187950134
smollm2_360m_base,headquarters:3,headquarters,declarative,30,1264.526123046875,114.41950225830078,0.5501686334609985
smollm2_360m_base,headquarters:3,headquarters,declarative,31,60.91834259033203,116.99415588378906,0.7066260576248169
smollm2_360m_base,headquarters:3,headquarters,qa,0,53.86823272705078,4.676971435546875,0.07568464428186417
smollm2_360m_base,headquarters:3,headquarters,qa,1,70.48439025878906,16.02374267578125,0.12929929792881012
smollm2_360m_base,headquarters:3,headquarters,qa,2,85.774658203125,15.341887474060059,0.1408250331878662
smollm2_360m_base,headquarters:3,headquarters,qa,3,101.74539184570312,14.887030601501465,0.16651450097560883
smollm2_360m_base,headquarters:3,headquarters,qa,4,108.29727172851562,19.07753562927246,0.17987146973609924
smollm2_360m_base,headquarters:3,headquarters,qa,5,119.7237319946289,23.04239845275879,0.17864792048931122
smollm2_360m_base,headquarters:3,headquarters,qa,6,152.61636352539062,39.651607513427734,0.20130428671836853
smollm2_360m_base,headquarters:3,headquarters,qa,7,164.5310516357422,30.891897201538086,0.21327471733093262
smollm2_360m_base,headquarters:3,headquarters,qa,8,163.7410125732422,20.84744644165039,0.21576762199401855
smollm2_360m_base,headquarters:3,headquarters,qa,9,180.1370391845703,30.29845428466797,0.20777742564678192
smollm2_360m_base,headquarters:3,headquarters,qa,10,174.08889770507812,17.455129623413086,0.18680545687675476
smollm2_360m_base,headquarters:3,headquarters,qa,11,175.16827392578125,15.735991477966309,0.20163695514202118
smollm2_360m_base,headquarters:3,headquarters,qa,12,186.49948120117188,20.860877990722656,0.20060594379901886
smollm2_360m_base,headquarters:3,headquarters,qa,13,196.99710083007812,20.148826599121094,0.19885994493961334
smollm2_360m_base,headquarters:3,headquarters,qa,14,201.69471740722656,29.4698486328125,0.2003122866153717
smollm2_360m_base,headquarters:3,headquarters,qa,15,216.97158813476562,33.987545013427734,0.1994324028491974
smollm2_360m_base,headquarters:3,headquarters,qa,16,232.12425231933594,31.83906364440918,0.1964467465877533
smollm2_360m_base,headquarters:3,headquarters,qa,17,247.45315551757812,26.847835540771484,0.2068931609392166
smollm2_360m_base,headquarters:3,headquarters,qa,18,248.55807495117188,32.68809509277344,0.21008363366127014
smollm2_360m_base,headquarters:3,headquarters,qa,19,263.3507385253906,31.377511978149414,0.22897937893867493
smollm2_360m_base,headquarters:3,headquarters,qa,20,281.3249206542969,43.36927032470703,0.2592146396636963
smollm2_360m_base,headquarters:3,headquarters,qa,21,349.59832763671875,46.188873291015625,0.2767994999885559
smollm2_360m_base,headquarters:3,headquarters,qa,22,376.2567138671875,51.70480728149414,0.3690677583217621
smollm2_360m_base,headquarters:3,headquarters,qa,23,433.20361328125,100.98201751708984,0.33741509914398193
smollm2_360m_base,headquarters:3,headquarters,qa,24,552.54296875,68.79507446289062,0.3502212464809418
smollm2_360m_base,headquarters:3,headquarters,qa,25,608.009033203125,46.63128662109375,0.3518865704536438
smollm2_360m_base,headquarters:3,headquarters,qa,26,732.2281494140625,58.31541442871094,0.3306862711906433
smollm2_360m_base,headquarters:3,headquarters,qa,27,857.2167358398438,123.74832916259766,0.3079555034637451
smollm2_360m_base,headquarters:3,headquarters,qa,28,1007.3038330078125,119.04441833496094,0.3271511197090149
smollm2_360m_base,headquarters:3,headquarters,qa,29,1208.217041015625,178.55445861816406,0.35761556029319763
smollm2_360m_base,headquarters:3,headquarters,qa,30,1370.201171875,127.59013366699219,0.4213995933532715
smollm2_360m_base,headquarters:3,headquarters,qa,31,75.3785171508789,113.25092315673828,0.6245598793029785
smollm2_360m_base,headquarters:3,headquarters,chat_template,0,51.58987808227539,4.800004482269287,0.06992579251527786
smollm2_360m_base,headquarters:3,headquarters,chat_template,1,71.55878448486328,18.45274543762207,0.08923585712909698
smollm2_360m_base,headquarters:3,headquarters,chat_template,2,80.37773132324219,10.580340385437012,0.11597909778356552
smollm2_360m_base,headquarters:3,headquarters,chat_template,3,92.2217025756836,14.811628341674805,0.14167559146881104
smollm2_360m_base,headquarters:3,headquarters,chat_template,4,104.59963989257812,17.84058952331543,0.1593514233827591
smollm2_360m_base,headquarters:3,headquarters,chat_template,5,116.39057159423828,14.841158866882324,0.15955770015716553
smollm2_360m_base,headquarters:3,headquarters,chat_template,6,125.82315826416016,20.998281478881836,0.17136570811271667
smollm2_360m_base,headquarters:3,headquarters,chat_template,7,148.045166015625,24.539918899536133,0.19078576564788818
smollm2_360m_base,headquarters:3,headquarters,chat_template,8,160.1705322265625,27.716583251953125,0.220063254237175
smollm2_360m_base,headquarters:3,headquarters,chat_template,9,171.11329650878906,22.21756935119629,0.2090972661972046
smollm2_360m_base,headquarters:3,headquarters,chat_template,10,168.54579162597656,15.060970306396484,0.17647580802440643
smollm2_360m_base,headquarters:3,headquarters,chat_template,11,177.0714569091797,18.36729621887207,0.18589191138744354
smollm2_360m_base,headquarters:3,headquarters,chat_template,12,184.501220703125,22.132314682006836,0.19791030883789062
smollm2_360m_base,headquarters:3,headquarters,chat_template,13,194.11807250976562,22.128435134887695,0.19891569018363953
smollm2_360m_base,headquarters:3,headquarters,chat_template,14,210.31996154785156,27.78171157836914,0.19892655313014984
smollm2_360m_base,headquarters:3,headquarters,chat_template,15,216.7919158935547,25.360057830810547,0.20014169812202454
smollm2_360m_base,headquarters:3,headquarters,chat_template,16,239.4702606201172,34.967350006103516,0.21124787628650665
smollm2_360m_base,headquarters:3,headquarters,chat_template,17,253.8068084716797,38.42116165161133,0.23125119507312775
smollm2_360m_base,headquarters:3,headquarters,chat_template,18,269.3890075683594,47.83100128173828,0.22882285714149475
smollm2_360m_base,headquarters:3,headquarters,chat_template,19,264.620361328125,28.424663543701172,0.24634996056556702
smollm2_360m_base,headquarters:3,headquarters,chat_template,20,285.6248474121094,45.576663970947266,0.26742157340049744
smollm2_360m_base,headquarters:3,headquarters,chat_template,21,336.95428466796875,52.09309387207031,0.2968776524066925
smollm2_360m_base,headquarters:3,headquarters,chat_template,22,365.64617919921875,54.07798767089844,0.38904619216918945
smollm2_360m_base,headquarters:3,headquarters,chat_template,23,417.47833251953125,101.05791473388672,0.33200451731681824
smollm2_360m_base,headquarters:3,headquarters,chat_template,24,540.4510498046875,84.25394439697266,0.356120765209198
smollm2_360m_base,headquarters:3,headquarters,chat_template,25,622.5335083007812,48.22279739379883,0.3738469183444977
smollm2_360m_base,headquarters:3,headquarters,chat_template,26,754.5814208984375,70.96710968017578,0.3435608446598053
smollm2_360m_base,headquarters:3,headquarters,chat_template,27,886.7279052734375,144.8545684814453,0.31027060747146606
smollm2_360m_base,headquarters:3,headquarters,chat_template,28,1034.7562255859375,125.31201171875,0.31523019075393677
smollm2_360m_base,headquarters:3,headquarters,chat_template,29,1252.4176025390625,181.71475219726562,0.3461790382862091
smollm2_360m_base,headquarters:3,headquarters,chat_template,30,1438.2952880859375,153.37716674804688,0.40371447801589966
smollm2_360m_base,headquarters:3,headquarters,chat_template,31,75.5632095336914,110.73696899414062,0.6368754506111145
smollm2_360m_base,headquarters:4,headquarters,raw_question,0,61.324275970458984,4.430598735809326,0.09628381580114365
smollm2_360m_base,headquarters:4,headquarters,raw_question,1,79.60660552978516,15.250033378601074,0.09643586724996567
smollm2_360m_base,headquarters:4,headquarters,raw_question,2,90.41024017333984,12.375042915344238,0.12434635311365128
smollm2_360m_base,headquarters:4,headquarters,raw_question,3,87.37108612060547,17.65396499633789,0.1344720423221588
smollm2_360m_base,headquarters:4,headquarters,raw_question,4,103.0901870727539,20.578800201416016,0.15549179911613464
smollm2_360m_base,headquarters:4,headquarters,raw_question,5,119.35897064208984,31.839754104614258,0.16550329327583313
smollm2_360m_base,headquarters:4,headquarters,raw_question,6,132.39266967773438,12.14335823059082,0.16499266028404236
smollm2_360m_base,headquarters:4,headquarters,raw_question,7,148.8438720703125,25.65630340576172,0.18719103932380676
smollm2_360m_base,headquarters:4,headquarters,raw_question,8,161.3217315673828,20.600650787353516,0.20726189017295837
smollm2_360m_base,headquarters:4,headquarters,raw_question,9,170.2672882080078,14.838443756103516,0.2069685459136963
smollm2_360m_base,headquarters:4,headquarters,raw_question,10,166.1709747314453,10.54893970489502,0.17105945944786072
smollm2_360m_base,headquarters:4,headquarters,raw_question,11,181.694580078125,18.681127548217773,0.19240029156208038
smollm2_360m_base,headquarters:4,headquarters,raw_question,12,187.3740692138672,26.862751007080078,0.2167552262544632
smollm2_360m_base,headquarters:4,headquarters,raw_question,13,188.8064422607422,36.230995178222656,0.20088624954223633
smollm2_360m_base,headquarters:4,headquarters,raw_question,14,205.5177459716797,44.49306106567383,0.20421747863292694
smollm2_360m_base,headquarters:4,headquarters,raw_question,15,220.05126953125,33.01988220214844,0.1977100372314453
smollm2_360m_base,headquarters:4,headquarters,raw_question,16,247.3891143798828,38.33203125,0.19258412718772888
smollm2_360m_base,headquarters:4,headquarters,raw_question,17,257.7864074707031,34.93756866455078,0.19150273501873016
smollm2_360m_base,headquarters:4,headquarters,raw_question,18,243.40975952148438,46.189510345458984,0.1845010370016098
smollm2_360m_base,headquarters:4,headquarters,raw_question,19,285.4551086425781,35.13698959350586,0.21565118432044983
smollm2_360m_base,headquarters:4,headquarters,raw_question,20,284.9683837890625,23.07352638244629,0.23234787583351135
smollm2_360m_base,headquarters:4,headquarters,raw_question,21,342.70233154296875,46.14979553222656,0.2459898442029953
smollm2_360m_base,headquarters:4,headquarters,raw_question,22,381.4732971191406,41.42139434814453,0.2981037199497223
smollm2_360m_base,headquarters:4,headquarters,raw_question,23,439.0243225097656,46.75493621826172,0.2794795632362366
smollm2_360m_base,headquarters:4,headquarters,raw_question,24,537.1732177734375,53.916770935058594,0.3059479594230652
smollm2_360m_base,headquarters:4,headquarters,raw_question,25,612.7490234375,35.04926681518555,0.30164992809295654
smollm2_360m_base,headquarters:4,headquarters,raw_question,26,728.2282104492188,33.64016342163086,0.2800590395927429
smollm2_360m_base,headquarters:4,headquarters,raw_question,27,840.6806640625,44.32482147216797,0.2447158545255661
smollm2_360m_base,headquarters:4,headquarters,raw_question,28,943.0658569335938,102.88323211669922,0.24026651680469513
smollm2_360m_base,headquarters:4,headquarters,raw_question,29,1111.9002685546875,147.08045959472656,0.2526862919330597
smollm2_360m_base,headquarters:4,headquarters,raw_question,30,1285.0191650390625,128.83651733398438,0.31490910053253174
smollm2_360m_base,headquarters:4,headquarters,raw_question,31,69.04631042480469,94.56273651123047,0.5837141275405884
smollm2_360m_base,headquarters:4,headquarters,declarative,0,56.94252014160156,4.475015640258789,0.09118558466434479
smollm2_360m_base,headquarters:4,headquarters,declarative,1,77.15946960449219,17.073627471923828,0.1108582466840744
smollm2_360m_base,headquarters:4,headquarters,declarative,2,88.5575180053711,13.631540298461914,0.12298755347728729
smollm2_360m_base,headquarters:4,headquarters,declarative,3,91.543701171875,19.09050750732422,0.16068406403064728
smollm2_360m_base,headquarters:4,headquarters,declarative,4,108.28616333007812,15.653133392333984,0.1681903749704361
smollm2_360m_base,headquarters:4,headquarters,declarative,5,128.28773498535156,23.956974029541016,0.18615111708641052
smollm2_360m_base,headquarters:4,headquarters,declarative,6,134.365966796875,12.50876235961914,0.18785785138607025
smollm2_360m_base,headquarters:4,headquarters,declarative,7,150.06272888183594,22.853229522705078,0.19382385909557343
smollm2_360m_base,headquarters:4,headquarters,declarative,8,166.9755401611328,31.7353515625,0.22518277168273926
smollm2_360m_base,headquarters:4,headquarters,declarative,9,179.55262756347656,10.846160888671875,0.21550600230693817
smollm2_360m_base,headquarters:4,headquarters,declarative,10,184.0982208251953,16.259090423583984,0.1981557160615921
smollm2_360m_base,headquarters:4,headquarters,declarative,11,194.51205444335938,17.429569244384766,0.19898711144924164
smollm2_360m_base,headquarters:4,headquarters,declarative,12,207.04766845703125,21.96168327331543,0.21032318472862244
smollm2_360m_base,headquarters:4,headquarters,declarative,13,205.25967407226562,22.83405303955078,0.19893434643745422
smollm2_360m_base,headquarters:4,headquarters,declarative,14,228.2928009033203,39.128692626953125,0.21232947707176208
smollm2_360m_base,headquarters:4,headquarters,declarative,15,245.21458435058594,34.558223724365234,0.23462677001953125
smollm2_360m_base,headquarters:4,headquarters,declarative,16,261.3726806640625,31.35747528076172,0.23064394295215607
smollm2_360m_base,headquarters:4,headquarters,declarative,17,261.0686950683594,35.328636169433594,0.23021158576011658
smollm2_360m_base,headquarters:4,headquarters,declarative,18,266.2722473144531,36.18388366699219,0.2207731008529663
smollm2_360m_base,headquarters:4,headquarters,declarative,19,280.4472961425781,27.12371253967285,0.23806333541870117
smollm2_360m_base,headquarters:4,headquarters,declarative,20,288.6145935058594,21.84097671508789,0.24731135368347168
smollm2_360m_base,headquarters:4,headquarters,declarative,21,341.25799560546875,28.908096313476562,0.26042819023132324
smollm2_360m_base,headquarters:4,headquarters,declarative,22,379.54595947265625,47.55293273925781,0.3583981394767761
smollm2_360m_base,headquarters:4,headquarters,declarative,23,429.522216796875,71.3313980102539,0.3169541358947754
smollm2_360m_base,headquarters:4,headquarters,declarative,24,518.8297729492188,57.44364547729492,0.323556125164032
smollm2_360m_base,headquarters:4,headquarters,declarative,25,572.7057495117188,38.43855285644531,0.3382475972175598
smollm2_360m_base,headquarters:4,headquarters,declarative,26,715.2421875,38.44416427612305,0.3474752902984619
smollm2_360m_base,headquarters:4,headquarters,declarative,27,826.6370239257812,33.029659271240234,0.3449458181858063
smollm2_360m_base,headquarters:4,headquarters,declarative,28,1003.1705322265625,92.06146240234375,0.3775678277015686
smollm2_360m_base,headquarters:4,headquarters,declarative,29,1231.4654541015625,118.72979736328125,0.41614875197410583
smollm2_360m_base,headquarters:4,headquarters,declarative,30,1378.549560546875,96.77154541015625,0.46011438965797424
smollm2_360m_base,headquarters:4,headquarters,declarative,31,72.37490844726562,88.4814224243164,0.6352517604827881
smollm2_360m_base,headquarters:4,headquarters,qa,0,53.886634826660156,4.679685592651367,0.07525541633367538
smollm2_360m_base,headquarters:4,headquarters,qa,1,70.75365447998047,16.263612747192383,0.1299654245376587
smollm2_360m_base,headquarters:4,headquarters,qa,2,85.55938720703125,15.041441917419434,0.13978774845600128
smollm2_360m_base,headquarters:4,headquarters,qa,3,101.15335845947266,14.710643768310547,0.16547732055187225
smollm2_360m_base,headquarters:4,headquarters,qa,4,107.66470336914062,19.270002365112305,0.17823831737041473
smollm2_360m_base,headquarters:4,headquarters,qa,5,118.56875610351562,23.19131851196289,0.1768806278705597
smollm2_360m_base,headquarters:4,headquarters,qa,6,151.40586853027344,38.94629669189453,0.19927051663398743
smollm2_360m_base,headquarters:4,headquarters,qa,7,162.64698791503906,28.82814598083496,0.2133876532316208
smollm2_360m_base,headquarters:4,headquarters,qa,8,162.7401580810547,22.570621490478516,0.21656635403633118
smollm2_360m_base,headquarters:4,headquarters,qa,9,179.3545684814453,30.806486129760742,0.20720180869102478
smollm2_360m_base,headquarters:4,headquarters,qa,10,173.46755981445312,18.064435958862305,0.18624600768089294
smollm2_360m_base,headquarters:4,headquarters,qa,11,174.76214599609375,15.120013236999512,0.20178504288196564
smollm2_360m_base,headquarters:4,headquarters,qa,12,186.0458984375,20.704355239868164,0.1996278464794159
smollm2_360m_base,headquarters:4,headquarters,qa,13,196.83303833007812,20.836318969726562,0.19795739650726318
smollm2_360m_base,headquarters:4,headquarters,qa,14,201.87139892578125,29.9237117767334,0.20029497146606445
smollm2_360m_base,headquarters:4,headquarters,qa,15,217.2663116455078,33.758052825927734,0.19857248663902283
smollm2_360m_base,headquarters:4,headquarters,qa,16,234.38308715820312,31.688007354736328,0.19999384880065918
smollm2_360m_base,headquarters:4,headquarters,qa,17,249.11038208007812,28.106033325195312,0.20968738198280334
smollm2_360m_base,headquarters:4,headquarters,qa,18,249.2742919921875,32.77707290649414,0.2097717523574829
smollm2_360m_base,headquarters:4,headquarters,qa,19,264.49530029296875,30.400455474853516,0.22994723916053772
smollm2_360m_base,headquarters:4,headquarters,qa,20,278.7472839355469,38.059913635253906,0.25506535172462463
smollm2_360m_base,headquarters:4,headquarters,qa,21,346.6534423828125,45.11985397338867,0.27769941091537476
smollm2_360m_base,headquarters:4,headquarters,qa,22,369.36517333984375,50.517757415771484,0.35921746492385864
smollm2_360m_base,headquarters:4,headquarters,qa,23,427.0927429199219,89.39044189453125,0.3279843032360077
smollm2_360m_base,headquarters:4,headquarters,qa,24,555.0628051757812,80.88053131103516,0.3471301198005676
smollm2_360m_base,headquarters:4,headquarters,qa,25,627.4368286132812,61.73957061767578,0.3570977747440338
smollm2_360m_base,headquarters:4,headquarters,qa,26,766.115234375,48.13833236694336,0.3304632604122162
smollm2_360m_base,headquarters:4,headquarters,qa,27,901.6419677734375,70.38024139404297,0.2835072875022888
smollm2_360m_base,headquarters:4,headquarters,qa,28,1051.0723876953125,146.4655303955078,0.280703067779541
smollm2_360m_base,headquarters:4,headquarters,qa,29,1246.3616943359375,199.58937072753906,0.29426607489585876
smollm2_360m_base,headquarters:4,headquarters,qa,30,1430.772705078125,142.1667022705078,0.36432671546936035
smollm2_360m_base,headquarters:4,headquarters,qa,31,78.44791412353516,111.59590148925781,0.6060377955436707
smollm2_360m_base,headquarters:4,headquarters,chat_template,0,51.511802673339844,4.803550720214844,0.07021911442279816
smollm2_360m_base,headquarters:4,headquarters,chat_template,1,71.33622741699219,18.30510711669922,0.08933012187480927
smollm2_360m_base,headquarters:4,headquarters,chat_template,2,80.35987854003906,10.578954696655273,0.11588476598262787
smollm2_360m_base,headquarters:4,headquarters,chat_template,3,92.64012145996094,14.85608196258545,0.14175598323345184
smollm2_360m_base,headquarters:4,headquarters,chat_template,4,105.25286865234375,18.33011245727539,0.15965187549591064
smollm2_360m_base,headquarters:4,headquarters,chat_template,5,117.47052001953125,14.960354804992676,0.15950608253479004
smollm2_360m_base,headquarters:4,headquarters,chat_template,6,126.13748168945312,19.77385711669922,0.17134283483028412
smollm2_360m_base,headquarters:4,headquarters,chat_template,7,149.3621368408203,24.02764892578125,0.19143536686897278
smollm2_360m_base,headquarters:4,headquarters,chat_template,8,159.95016479492188,26.561275482177734,0.22009524703025818
smollm2_360m_base,headquarters:4,headquarters,chat_template,9,169.92449951171875,23.052522659301758,0.2086135894060135
smollm2_360m_base,headquarters:4,headquarters,chat_template,10,168.8551483154297,14.96051025390625,0.17370638251304626
smollm2_360m_base,headquarters:4,headquarters,chat_template,11,176.7655792236328,18.724916458129883,0.1847248375415802
smollm2_360m_base,headquarters:4,headquarters,chat_template,12,185.29150390625,22.558067321777344,0.19892756640911102
smollm2_360m_base,headquarters:4,headquarters,chat_template,13,194.7858123779297,23.089385986328125,0.19888673722743988
smollm2_360m_base,headquarters:4,headquarters,chat_template,14,209.38865661621094,26.77137565612793,0.19818761944770813
smollm2_360m_base,headquarters:4,headquarters,chat_template,15,217.14100646972656,25.628938674926758,0.19892160594463348
smollm2_360m_base,headquarters:4,headquarters,chat_template,16,240.00064086914062,35.49430465698242,0.2119537889957428
smollm2_360m_base,headquarters:4,headquarters,chat_template,17,252.98912048339844,38.612632751464844,0.23087868094444275
smollm2_360m_base,headquarters:4,headquarters,chat_template,18,269.16754150390625,47.3270149230957,0.22803258895874023
smollm2_360m_base,headquarters:4,headquarters,chat_template,19,264.29339599609375,28.120494842529297,0.24307358264923096
smollm2_360m_base,headquarters:4,headquarters,chat_template,20,284.66998291015625,42.40578842163086,0.26403260231018066
smollm2_360m_base,headquarters:4,headquarters,chat_template,21,339.6097412109375,51.457881927490234,0.2926960587501526
smollm2_360m_base,headquarters:4,headquarters,chat_template,22,366.20062255859375,53.277591705322266,0.3829032778739929
smollm2_360m_base,headquarters:4,headquarters,chat_template,23,417.3379211425781,97.88854217529297,0.32864344120025635
smollm2_360m_base,headquarters:4,headquarters,chat_template,24,548.6435546875,86.22588348388672,0.353797972202301
smollm2_360m_base,headquarters:4,headquarters,chat_template,25,633.8311157226562,42.74638366699219,0.3746000826358795
smollm2_360m_base,headquarters:4,headquarters,chat_template,26,764.5214233398438,57.56743621826172,0.3405245840549469
smollm2_360m_base,headquarters:4,headquarters,chat_template,27,893.8679809570312,90.83651733398438,0.2937929928302765
smollm2_360m_base,headquarters:4,headquarters,chat_template,28,1035.6566162109375,139.04029846191406,0.2916540503501892
smollm2_360m_base,headquarters:4,headquarters,chat_template,29,1242.7886962890625,189.70831298828125,0.3135932981967926
smollm2_360m_base,headquarters:4,headquarters,chat_template,30,1450.211669921875,162.65972900390625,0.3803158700466156
smollm2_360m_base,headquarters:4,headquarters,chat_template,31,77.30847930908203,107.45506286621094,0.6280478835105896
smollm2_360m_base,headquarters:5,headquarters,raw_question,0,60.87580490112305,4.678276062011719,0.09376354515552521
smollm2_360m_base,headquarters:5,headquarters,raw_question,1,80.40493774414062,15.645219802856445,0.0928000956773758
smollm2_360m_base,headquarters:5,headquarters,raw_question,2,91.58912658691406,12.174610137939453,0.12210996448993683
smollm2_360m_base,headquarters:5,headquarters,raw_question,3,83.30804443359375,17.08478355407715,0.12964372336864471
smollm2_360m_base,headquarters:5,headquarters,raw_question,4,99.40120697021484,21.01030921936035,0.15519970655441284
smollm2_360m_base,headquarters:5,headquarters,raw_question,5,118.21095275878906,30.91274642944336,0.1685258448123932
smollm2_360m_base,headquarters:5,headquarters,raw_question,6,132.17596435546875,11.180168151855469,0.17158763110637665
smollm2_360m_base,headquarters:5,headquarters,raw_question,7,150.172119140625,26.84262466430664,0.19247083365917206
smollm2_360m_base,headquarters:5,headquarters,raw_question,8,158.92970275878906,17.762958526611328,0.20690515637397766
smollm2_360m_base,headquarters:5,headquarters,raw_question,9,166.6472930908203,16.812471389770508,0.20301039516925812
smollm2_360m_base,headquarters:5,headquarters,raw_question,10,164.54676818847656,11.267101287841797,0.1681813895702362
smollm2_360m_base,headquarters:5,headquarters,raw_question,11,177.6852264404297,18.09585952758789,0.1868581771850586
smollm2_360m_base,headquarters:5,headquarters,raw_question,12,181.87428283691406,21.674440383911133,0.20802608132362366
smollm2_360m_base,headquarters:5,headquarters,raw_question,13,179.21351623535156,28.887243270874023,0.19482998549938202
smollm2_360m_base,headquarters:5,headquarters,raw_question,14,196.8658447265625,39.25395584106445,0.19694092869758606
smollm2_360m_base,headquarters:5,headquarters,raw_question,15,223.46295166015625,39.34041976928711,0.20270808041095734
smollm2_360m_base,headquarters:5,headquarters,raw_question,16,241.89474487304688,33.55802917480469,0.19544561207294464
smollm2_360m_base,headquarters:5,headquarters,raw_question,17,251.17152404785156,31.628211975097656,0.19592557847499847
smollm2_360m_base,headquarters:5,headquarters,raw_question,18,249.6592254638672,38.457645416259766,0.194767564535141
smollm2_360m_base,headquarters:5,headquarters,raw_question,19,272.4977722167969,28.174633026123047,0.21913743019104004
smollm2_360m_base,headquarters:5,headquarters,raw_question,20,280.5715026855469,24.47038459777832,0.23803213238716125
smollm2_360m_base,headquarters:5,headquarters,raw_question,21,344.56365966796875,44.956912994384766,0.25346845388412476
smollm2_360m_base,headquarters:5,headquarters,raw_question,22,383.9632873535156,38.14277267456055,0.31890493631362915
smollm2_360m_base,headquarters:5,headquarters,raw_question,23,431.7164001464844,47.8975944519043,0.2956985831260681
smollm2_360m_base,headquarters:5,headquarters,raw_question,24,526.27685546875,52.020538330078125,0.31429213285446167
smollm2_360m_base,headquarters:5,headquarters,raw_question,25,599.536376953125,35.61909103393555,0.3069959580898285
smollm2_360m_base,headquarters:5,headquarters,raw_question,26,711.9088745117188,38.82646942138672,0.28792744874954224
smollm2_360m_base,headquarters:5,headquarters,raw_question,27,809.4324951171875,55.14260482788086,0.25961118936538696
smollm2_360m_base,headquarters:5,headquarters,raw_question,28,919.0528564453125,83.3341293334961,0.2544797658920288
smollm2_360m_base,headquarters:5,headquarters,raw_question,29,1092.506103515625,140.85275268554688,0.27482905983924866
smollm2_360m_base,headquarters:5,headquarters,raw_question,30,1242.916259765625,132.2619171142578,0.3365092873573303
smollm2_360m_base,headquarters:5,headquarters,raw_question,31,68.51648712158203,97.71526336669922,0.5846659541130066
smollm2_360m_base,headquarters:5,headquarters,declarative,0,56.014564514160156,4.632140636444092,0.08884774893522263
smollm2_360m_base,headquarters:5,headquarters,declarative,1,76.08453369140625,16.854921340942383,0.11178495734930038
smollm2_360m_base,headquarters:5,headquarters,declarative,2,87.88320922851562,13.222811698913574,0.12465456873178482
smollm2_360m_base,headquarters:5,headquarters,declarative,3,89.23333740234375,18.170780181884766,0.15870586037635803
smollm2_360m_base,headquarters:5,headquarters,declarative,4,105.60536193847656,16.031387329101562,0.17017126083374023
smollm2_360m_base,headquarters:5,headquarters,declarative,5,124.34881591796875,22.002849578857422,0.18434402346611023
smollm2_360m_base,headquarters:5,headquarters,declarative,6,130.58888244628906,11.829977035522461,0.18318386375904083
smollm2_360m_base,headquarters:5,headquarters,declarative,7,149.78236389160156,25.44026756286621,0.19316475093364716
smollm2_360m_base,headquarters:5,headquarters,declarative,8,164.0259552001953,28.256643295288086,0.22314949333667755
smollm2_360m_base,headquarters:5,headquarters,declarative,9,177.18148803710938,11.764738082885742,0.2116917371749878
smollm2_360m_base,headquarters:5,headquarters,declarative,10,184.34466552734375,19.45586395263672,0.19960305094718933
smollm2_360m_base,headquarters:5,headquarters,declarative,11,194.92642211914062,19.83650016784668,0.20503154397010803
smollm2_360m_base,headquarters:5,headquarters,declarative,12,208.63658142089844,22.48555564880371,0.21547222137451172
smollm2_360m_base,headquarters:5,headquarters,declarative,13,210.27798461914062,26.378515243530273,0.2051725834608078
smollm2_360m_base,headquarters:5,headquarters,declarative,14,234.9365234375,40.84666442871094,0.21729393303394318
smollm2_360m_base,headquarters:5,headquarters,declarative,15,257.3963317871094,44.863529205322266,0.2399299144744873
smollm2_360m_base,headquarters:5,headquarters,declarative,16,276.9132995605469,36.00001525878906,0.23635804653167725
smollm2_360m_base,headquarters:5,headquarters,declarative,17,271.76214599609375,35.80451202392578,0.23018646240234375
smollm2_360m_base,headquarters:5,headquarters,declarative,18,271.5891418457031,38.28219223022461,0.22098465263843536
smollm2_360m_base,headquarters:5,headquarters,declarative,19,288.5597839355469,24.94619369506836,0.23748779296875
smollm2_360m_base,headquarters:5,headquarters,declarative,20,296.9951171875,24.27381134033203,0.250196635723114
smollm2_360m_base,headquarters:5,headquarters,declarative,21,348.0320739746094,34.56842041015625,0.2628205418586731
smollm2_360m_base,headquarters:5,headquarters,declarative,22,392.7359619140625,45.61005401611328,0.3583969473838806
smollm2_360m_base,headquarters:5,headquarters,declarative,23,443.0314636230469,95.60991668701172,0.3267058730125427
smollm2_360m_base,headquarters:5,headquarters,declarative,24,529.7113037109375,61.04826354980469,0.33175820112228394
smollm2_360m_base,headquarters:5,headquarters,declarative,25,574.7625122070312,38.45256805419922,0.33622056245803833
smollm2_360m_base,headquarters:5,headquarters,declarative,26,693.8916625976562,109.05550384521484,0.3520328402519226
smollm2_360m_base,headquarters:5,headquarters,declarative,27,774.1661376953125,92.0976333618164,0.4069109857082367
smollm2_360m_base,headquarters:5,headquarters,declarative,28,951.5819702148438,91.3936538696289,0.4672028422355652
smollm2_360m_base,headquarters:5,headquarters,declarative,29,1149.133056640625,78.30635833740234,0.5269713401794434
smollm2_360m_base,headquarters:5,headquarters,declarative,30,1299.9088134765625,99.18331146240234,0.5536561608314514
smollm2_360m_base,headquarters:5,headquarters,declarative,31,60.50082778930664,108.44510650634766,0.696927547454834
smollm2_360m_base,headquarters:5,headquarters,qa,0,53.698184967041016,4.703507423400879,0.07503701746463776
smollm2_360m_base,headquarters:5,headquarters,qa,1,70.39859771728516,15.961898803710938,0.12918157875537872
smollm2_360m_base,headquarters:5,headquarters,qa,2,85.68685913085938,15.539754867553711,0.14078497886657715
smollm2_360m_base,headquarters:5,headquarters,qa,3,101.44996643066406,14.87048625946045,0.1661343276500702
smollm2_360m_base,headquarters:5,headquarters,qa,4,107.38692474365234,18.64838409423828,0.1791815459728241
smollm2_360m_base,headquarters:5,headquarters,qa,5,118.17303466796875,22.645307540893555,0.17772932350635529
smollm2_360m_base,headquarters:5,headquarters,qa,6,152.6720428466797,39.2813720703125,0.2019241750240326
smollm2_360m_base,headquarters:5,headquarters,qa,7,163.34481811523438,30.811561584472656,0.21468906104564667
smollm2_360m_base,headquarters:5,headquarters,qa,8,162.85842895507812,21.148229598999023,0.21755404770374298
smollm2_360m_base,headquarters:5,headquarters,qa,9,178.3698272705078,30.243179321289062,0.2089349776506424
smollm2_360m_base,headquarters:5,headquarters,qa,10,172.66806030273438,17.56167221069336,0.1880205273628235
smollm2_360m_base,headquarters:5,headquarters,qa,11,173.0809326171875,15.62292194366455,0.2017366588115692
smollm2_360m_base,headquarters:5,headquarters,qa,12,184.32501220703125,21.209230422973633,0.20041196048259735
smollm2_360m_base,headquarters:5,headquarters,qa,13,194.88189697265625,19.99359703063965,0.1984449177980423
smollm2_360m_base,headquarters:5,headquarters,qa,14,200.4891357421875,30.38114356994629,0.20068323612213135
smollm2_360m_base,headquarters:5,headquarters,qa,15,216.17849731445312,34.35940170288086,0.19902615249156952
smollm2_360m_base,headquarters:5,headquarters,qa,16,230.29837036132812,32.117462158203125,0.1961599588394165
smollm2_360m_base,headquarters:5,headquarters,qa,17,245.36837768554688,27.030668258666992,0.2066383808851242
smollm2_360m_base,headquarters:5,headquarters,qa,18,246.65428161621094,32.94760513305664,0.21049852669239044
smollm2_360m_base,headquarters:5,headquarters,qa,19,259.8688049316406,31.222000122070312,0.2306710034608841
smollm2_360m_base,headquarters:5,headquarters,qa,20,277.6029357910156,42.503562927246094,0.2589751183986664
smollm2_360m_base,headquarters:5,headquarters,qa,21,348.52740478515625,47.12149429321289,0.2802479863166809
smollm2_360m_base,headquarters:5,headquarters,qa,22,373.4196472167969,52.761348724365234,0.36932677030563354
smollm2_360m_base,headquarters:5,headquarters,qa,23,432.3491516113281,103.4990463256836,0.338969886302948
smollm2_360m_base,headquarters:5,headquarters,qa,24,550.42919921875,70.38861846923828,0.3492521345615387
smollm2_360m_base,headquarters:5,headquarters,qa,25,608.253662109375,49.05010223388672,0.35276442766189575
smollm2_360m_base,headquarters:5,headquarters,qa,26,731.349609375,76.96151733398438,0.334453284740448
smollm2_360m_base,headquarters:5,headquarters,qa,27,855.7388916015625,107.21160888671875,0.3176589012145996
smollm2_360m_base,headquarters:5,headquarters,qa,28,1002.6188354492188,115.13297271728516,0.33788037300109863
smollm2_360m_base,headquarters:5,headquarters,qa,29,1183.625,144.0087890625,0.373531311750412
smollm2_360m_base,headquarters:5,headquarters,qa,30,1336.177490234375,119.76912689208984,0.43088603019714355
smollm2_360m_base,headquarters:5,headquarters,qa,31,76.10929870605469,109.10100555419922,0.6235354542732239
smollm2_360m_base,headquarters:5,headquarters,chat_template,0,51.58883285522461,4.799877166748047,0.06999054551124573
smollm2_360m_base,headquarters:5,headquarters,chat_template,1,71.59864807128906,18.183277130126953,0.08931814134120941
smollm2_360m_base,headquarters:5,headquarters,chat_template,2,80.39756774902344,10.494001388549805,0.11588303744792938
smollm2_360m_base,headquarters:5,headquarters,chat_template,3,92.14437866210938,14.83126449584961,0.14178884029388428
smollm2_360m_base,headquarters:5,headquarters,chat_template,4,104.127685546875,17.96501922607422,0.158346027135849
smollm2_360m_base,headquarters:5,headquarters,chat_template,5,116.10371398925781,14.803112983703613,0.15952308475971222
smollm2_360m_base,headquarters:5,headquarters,chat_template,6,125.59532928466797,20.944400787353516,0.1726902276277542
smollm2_360m_base,headquarters:5,headquarters,chat_template,7,146.7708740234375,24.68353271484375,0.1914324164390564
smollm2_360m_base,headquarters:5,headquarters,chat_template,8,158.67051696777344,27.169349670410156,0.22017940878868103
smollm2_360m_base,headquarters:5,headquarters,chat_template,9,169.45494079589844,22.117734909057617,0.20813794434070587
smollm2_360m_base,headquarters:5,headquarters,chat_template,10,167.43858337402344,15.445472717285156,0.1769649088382721
smollm2_360m_base,headquarters:5,headquarters,chat_template,11,175.9603271484375,18.571617126464844,0.18579283356666565
smollm2_360m_base,headquarters:5,headquarters,chat_template,12,184.07296752929688,22.287864685058594,0.19981180131435394
smollm2_360m_base,headquarters:5,headquarters,chat_template,13,194.1529541015625,22.423412322998047,0.20023663341999054
smollm2_360m_base,headquarters:5,headquarters,chat_template,14,209.14620971679688,27.275732040405273,0.19974085688591003
smollm2_360m_base,headquarters:5,headquarters,chat_template,15,214.78518676757812,25.133804321289062,0.20036384463310242
smollm2_360m_base,headquarters:5,headquarters,chat_template,16,237.4297332763672,34.79189682006836,0.21195316314697266
smollm2_360m_base,headquarters:5,headquarters,chat_template,17,251.6739501953125,37.751953125,0.23280203342437744
smollm2_360m_base,headquarters:5,headquarters,chat_template,18,266.58056640625,47.14076614379883,0.22981122136116028
smollm2_360m_base,headquarters:5,headquarters,chat_template,19,263.37408447265625,29.135398864746094,0.24799814820289612
smollm2_360m_base,headquarters:5,headquarters,chat_template,20,284.8231506347656,46.75436019897461,0.2692766785621643
smollm2_360m_base,headquarters:5,headquarters,chat_template,21,335.911865234375,53.31297302246094,0.30037596821784973
smollm2_360m_base,headquarters:5,headquarters,chat_template,22,364.4017639160156,53.49189376831055,0.3919554352760315
smollm2_360m_base,headquarters:5,headquarters,chat_template,23,416.5619201660156,101.45864868164062,0.33155500888824463
smollm2_360m_base,headquarters:5,headquarters,chat_template,24,539.85546875,83.41034698486328,0.35514435172080994
smollm2_360m_base,headquarters:5,headquarters,chat_template,25,622.1732788085938,47.546836853027344,0.3744967579841614
smollm2_360m_base,headquarters:5,headquarters,chat_template,26,751.542724609375,81.40857696533203,0.3499949872493744
smollm2_360m_base,headquarters:5,headquarters,chat_template,27,874.446533203125,101.38819885253906,0.3111698627471924
smollm2_360m_base,headquarters:5,headquarters,chat_template,28,1032.9815673828125,126.78348541259766,0.3155286908149719
smollm2_360m_base,headquarters:5,headquarters,chat_template,29,1235.219970703125,159.0552215576172,0.35690343379974365
smollm2_360m_base,headquarters:5,headquarters,chat_template,30,1423.9320068359375,155.02735900878906,0.4145025312900543
smollm2_360m_base,headquarters:5,headquarters,chat_template,31,75.82510375976562,107.45587921142578,0.639122486114502
smollm2_360m_base,headquarters:6,headquarters,raw_question,0,62.5936279296875,4.52306604385376,0.09657734632492065
smollm2_360m_base,headquarters:6,headquarters,raw_question,1,80.55570983886719,15.406105041503906,0.0946495309472084
smollm2_360m_base,headquarters:6,headquarters,raw_question,2,92.96812438964844,11.816816329956055,0.12301234900951385
smollm2_360m_base,headquarters:6,headquarters,raw_question,3,84.0389175415039,16.079975128173828,0.1329428255558014
smollm2_360m_base,headquarters:6,headquarters,raw_question,4,99.93303680419922,20.978029251098633,0.15601885318756104
smollm2_360m_base,headquarters:6,headquarters,raw_question,5,120.14387512207031,33.273189544677734,0.1705152541399002
smollm2_360m_base,headquarters:6,headquarters,raw_question,6,133.36097717285156,11.819281578063965,0.1749626100063324
smollm2_360m_base,headquarters:6,headquarters,raw_question,7,151.4052276611328,27.1689510345459,0.1935771405696869
smollm2_360m_base,headquarters:6,headquarters,raw_question,8,161.55287170410156,17.89358139038086,0.2064165621995926
smollm2_360m_base,headquarters:6,headquarters,raw_question,9,170.18435668945312,16.819114685058594,0.20666518807411194
smollm2_360m_base,headquarters:6,headquarters,raw_question,10,166.65377807617188,10.85232925415039,0.17035403847694397
smollm2_360m_base,headquarters:6,headquarters,raw_question,11,179.5701446533203,17.306791305541992,0.18888118863105774
smollm2_360m_base,headquarters:6,headquarters,raw_question,12,184.4053192138672,23.757492065429688,0.21003898978233337
smollm2_360m_base,headquarters:6,headquarters,raw_question,13,180.55609130859375,28.939836502075195,0.19696176052093506
smollm2_360m_base,headquarters:6,headquarters,raw_question,14,199.06370544433594,43.18509292602539,0.20193371176719666
smollm2_360m_base,headquarters:6,headquarters,raw_question,15,224.125732421875,43.20414733886719,0.2092164009809494
smollm2_360m_base,headquarters:6,headquarters,raw_question,16,241.7895965576172,36.496673583984375,0.20349833369255066
smollm2_360m_base,headquarters:6,headquarters,raw_question,17,249.302001953125,31.201263427734375,0.20056137442588806
smollm2_360m_base,headquarters:6,headquarters,raw_question,18,246.38809204101562,41.671512603759766,0.19564129412174225
smollm2_360m_base,headquarters:6,headquarters,raw_question,19,273.8412780761719,29.224853515625,0.22117014229297638
smollm2_360m_base,headquarters:6,headquarters,raw_question,20,280.50628662109375,23.629446029663086,0.23961296677589417
smollm2_360m_base,headquarters:6,headquarters,raw_question,21,348.03155517578125,46.68461608886719,0.2594236731529236
smollm2_360m_base,headquarters:6,headquarters,raw_question,22,384.1650390625,39.02540588378906,0.31915006041526794
smollm2_360m_base,headquarters:6,headquarters,raw_question,23,436.9205322265625,55.49993896484375,0.3030930459499359
smollm2_360m_base,headquarters:6,headquarters,raw_question,24,534.0330200195312,55.59248352050781,0.32396239042282104
smollm2_360m_base,headquarters:6,headquarters,raw_question,25,608.6631469726562,27.1877498626709,0.3149838447570801
smollm2_360m_base,headquarters:6,headquarters,raw_question,26,721.2398071289062,46.214298248291016,0.29222872853279114
smollm2_360m_base,headquarters:6,headquarters,raw_question,27,825.2608642578125,84.72489166259766,0.2677024006843567
smollm2_360m_base,headquarters:6,headquarters,raw_question,28,936.0130004882812,75.40328979492188,0.264810174703598
smollm2_360m_base,headquarters:6,headquarters,raw_question,29,1105.65771484375,142.79852294921875,0.2779315114021301
smollm2_360m_base,headquarters:6,headquarters,raw_question,30,1282.5362548828125,145.21360778808594,0.3408292233943939
smollm2_360m_base,headquarters:6,headquarters,raw_question,31,69.78345489501953,124.22492980957031,0.5856504440307617
smollm2_360m_base,headquarters:6,headquarters,declarative,0,58.440093994140625,4.566948890686035,0.08458349853754044
smollm2_360m_base,headquarters:6,headquarters,declarative,1,77.49437713623047,16.659984588623047,0.11086305230855942
smollm2_360m_base,headquarters:6,headquarters,declarative,2,89.24847412109375,13.09058666229248,0.12462343275547028
smollm2_360m_base,headquarters:6,headquarters,declarative,3,90.52749633789062,18.8387393951416,0.15854816138744354
smollm2_360m_base,headquarters:6,headquarters,declarative,4,106.84318542480469,15.593182563781738,0.16979114711284637
smollm2_360m_base,headquarters:6,headquarters,declarative,5,125.07984924316406,22.150814056396484,0.18467985093593597
smollm2_360m_base,headquarters:6,headquarters,declarative,6,130.77664184570312,11.422905921936035,0.18323156237602234
smollm2_360m_base,headquarters:6,headquarters,declarative,7,151.6234893798828,25.934202194213867,0.19330817461013794
smollm2_360m_base,headquarters:6,headquarters,declarative,8,163.6975555419922,26.847867965698242,0.2227594405412674
smollm2_360m_base,headquarters:6,headquarters,declarative,9,175.81349182128906,17.395553588867188,0.21319398283958435
smollm2_360m_base,headquarters:6,headquarters,declarative,10,182.4991455078125,13.503463745117188,0.1954512894153595
smollm2_360m_base,headquarters:6,headquarters,declarative,11,193.2371826171875,20.276906967163086,0.20230169594287872
smollm2_360m_base,headquarters:6,headquarters,declarative,12,206.36341857910156,20.8330020904541,0.21141043305397034
smollm2_360m_base,headquarters:6,headquarters,declarative,13,209.4374237060547,26.486421585083008,0.2022688388824463
smollm2_360m_base,headquarters:6,headquarters,declarative,14,230.54270935058594,40.02465057373047,0.21296676993370056
smollm2_360m_base,headquarters:6,headquarters,declarative,15,252.3433074951172,43.75261688232422,0.2377980649471283
smollm2_360m_base,headquarters:6,headquarters,declarative,16,266.8187255859375,36.434913635253906,0.2401852160692215
smollm2_360m_base,headquarters:6,headquarters,declarative,17,261.55975341796875,32.64932632446289,0.23130647838115692
smollm2_360m_base,headquarters:6,headquarters,declarative,18,263.4683532714844,37.06222152709961,0.22267679870128632
smollm2_360m_base,headquarters:6,headquarters,declarative,19,277.7616271972656,26.562868118286133,0.23833270370960236
smollm2_360m_base,headquarters:6,headquarters,declarative,20,289.57818603515625,24.817453384399414,0.255044162273407
smollm2_360m_base,headquarters:6,headquarters,declarative,21,341.1801452636719,33.11827850341797,0.26717478036880493
smollm2_360m_base,headquarters:6,headquarters,declarative,22,382.063232421875,46.08005905151367,0.3668117821216583
smollm2_360m_base,headquarters:6,headquarters,declarative,23,426.4925231933594,116.88130950927734,0.3261036276817322
smollm2_360m_base,headquarters:6,headquarters,declarative,24,523.653076171875,61.09258270263672,0.33702555298805237
smollm2_360m_base,headquarters:6,headquarters,declarative,25,569.0589599609375,43.25841522216797,0.3470832407474518
smollm2_360m_base,headquarters:6,headquarters,declarative,26,676.2545776367188,95.8599853515625,0.3525083661079407
smollm2_360m_base,headquarters:6,headquarters,declarative,27,765.2232666015625,109.16755676269531,0.39666852355003357
smollm2_360m_base,headquarters:6,headquarters,declarative,28,941.8712768554688,68.4143295288086,0.4620209336280823
smollm2_360m_base,headquarters:6,headquarters,declarative,29,1071.649169921875,85.80797576904297,0.5055626630783081
smollm2_360m_base,headquarters:6,headquarters,declarative,30,1240.673828125,129.71572875976562,0.5577303171157837
smollm2_360m_base,headquarters:6,headquarters,declarative,31,61.56211471557617,127.28593444824219,0.6991804838180542
smollm2_360m_base,headquarters:6,headquarters,qa,0,53.731021881103516,4.762911319732666,0.0738118439912796
smollm2_360m_base,headquarters:6,headquarters,qa,1,70.35540008544922,15.995936393737793,0.12404050678014755
smollm2_360m_base,headquarters:6,headquarters,qa,2,85.47099304199219,15.457714080810547,0.13925805687904358
smollm2_360m_base,headquarters:6,headquarters,qa,3,100.6352310180664,14.753922462463379,0.16473540663719177
smollm2_360m_base,headquarters:6,headquarters,qa,4,106.11799621582031,18.153812408447266,0.17751947045326233
smollm2_360m_base,headquarters:6,headquarters,qa,5,119.13818359375,23.331748962402344,0.17714382708072662
smollm2_360m_base,headquarters:6,headquarters,qa,6,154.00625610351562,38.19765090942383,0.2029479295015335
smollm2_360m_base,headquarters:6,headquarters,qa,7,164.2866973876953,28.932321548461914,0.21437673270702362
smollm2_360m_base,headquarters:6,headquarters,qa,8,163.03369140625,20.840133666992188,0.21599093079566956
smollm2_360m_base,headquarters:6,headquarters,qa,9,178.1023406982422,29.378740310668945,0.20796318352222443
smollm2_360m_base,headquarters:6,headquarters,qa,10,172.03147888183594,17.647659301757812,0.18644161522388458
smollm2_360m_base,headquarters:6,headquarters,qa,11,173.20176696777344,15.378748893737793,0.201788991689682
smollm2_360m_base,headquarters:6,headquarters,qa,12,183.24732971191406,20.166133880615234,0.19972853362560272
smollm2_360m_base,headquarters:6,headquarters,qa,13,195.58270263671875,20.72529411315918,0.19966132938861847
smollm2_360m_base,headquarters:6,headquarters,qa,14,199.90158081054688,28.438085556030273,0.2020563781261444
smollm2_360m_base,headquarters:6,headquarters,qa,15,213.71202087402344,35.45195007324219,0.20081396400928497
smollm2_360m_base,headquarters:6,headquarters,qa,16,230.81600952148438,33.81023025512695,0.20056453347206116
smollm2_360m_base,headquarters:6,headquarters,qa,17,243.37945556640625,26.818300247192383,0.209452822804451
smollm2_360m_base,headquarters:6,headquarters,qa,18,242.3199920654297,34.592037200927734,0.21051470935344696
smollm2_360m_base,headquarters:6,headquarters,qa,19,258.72991943359375,31.32577133178711,0.23131361603736877
smollm2_360m_base,headquarters:6,headquarters,qa,20,279.2070617675781,46.725135803222656,0.2635136544704437
smollm2_360m_base,headquarters:6,headquarters,qa,21,346.56866455078125,45.72937774658203,0.28444820642471313
smollm2_360m_base,headquarters:6,headquarters,qa,22,370.9352111816406,53.366188049316406,0.3710123896598816
smollm2_360m_base,headquarters:6,headquarters,qa,23,436.2466735839844,100.41439819335938,0.34325557947158813
smollm2_360m_base,headquarters:6,headquarters,qa,24,555.3306884765625,77.48503112792969,0.3631431460380554
smollm2_360m_base,headquarters:6,headquarters,qa,25,616.77001953125,39.09476089477539,0.3623007833957672
smollm2_360m_base,headquarters:6,headquarters,qa,26,740.8670654296875,76.7592544555664,0.33399227261543274
smollm2_360m_base,headquarters:6,headquarters,qa,27,866.1329345703125,118.87224578857422,0.30206212401390076
smollm2_360m_base,headquarters:6,headquarters,qa,28,1005.27685546875,108.81774139404297,0.31144949793815613
smollm2_360m_base,headquarters:6,headquarters,qa,29,1177.3741455078125,157.6232452392578,0.31795430183410645
smollm2_360m_base,headquarters:6,headquarters,qa,30,1349.6790771484375,148.73495483398438,0.3886244595050812
smollm2_360m_base,headquarters:6,headquarters,qa,31,76.60552215576172,134.723876953125,0.6073244214057922
smollm2_360m_base,headquarters:6,headquarters,chat_template,0,51.53483200073242,4.831828594207764,0.06916633248329163
smollm2_360m_base,headquarters:6,headquarters,chat_template,1,71.34669494628906,18.18454933166504,0.08886929601430893
smollm2_360m_base,headquarters:6,headquarters,chat_template,2,80.28610229492188,10.530869483947754,0.11497261375188828
smollm2_360m_base,headquarters:6,headquarters,chat_template,3,91.98577880859375,14.671446800231934,0.14051753282546997
smollm2_360m_base,headquarters:6,headquarters,chat_template,4,104.4124526977539,17.804611206054688,0.15875044465065002
smollm2_360m_base,headquarters:6,headquarters,chat_template,5,116.23365783691406,15.234872817993164,0.15947821736335754
smollm2_360m_base,headquarters:6,headquarters,chat_template,6,125.81011962890625,21.193443298339844,0.17200973629951477
smollm2_360m_base,headquarters:6,headquarters,chat_template,7,148.12742614746094,24.226341247558594,0.19066841900348663
smollm2_360m_base,headquarters:6,headquarters,chat_template,8,159.3960723876953,26.608137130737305,0.2191968858242035
smollm2_360m_base,headquarters:6,headquarters,chat_template,9,170.0562744140625,21.983562469482422,0.2064710110425949
smollm2_360m_base,headquarters:6,headquarters,chat_template,10,168.19210815429688,15.010293006896973,0.17491848766803741
smollm2_360m_base,headquarters:6,headquarters,chat_template,11,175.8351593017578,17.827472686767578,0.18429408967494965
smollm2_360m_base,headquarters:6,headquarters,chat_template,12,183.73719787597656,22.202102661132812,0.1971665471792221
smollm2_360m_base,headquarters:6,headquarters,chat_template,13,194.37838745117188,23.16855239868164,0.19929936528205872
smollm2_360m_base,headquarters:6,headquarters,chat_template,14,210.4506072998047,27.538225173950195,0.19935515522956848
smollm2_360m_base,headquarters:6,headquarters,chat_template,15,216.8214874267578,25.403902053833008,0.20068660378456116
smollm2_360m_base,headquarters:6,headquarters,chat_template,16,239.76414489746094,35.27672576904297,0.2118278294801712
smollm2_360m_base,headquarters:6,headquarters,chat_template,17,254.18067932128906,37.36208724975586,0.2314453423023224
smollm2_360m_base,headquarters:6,headquarters,chat_template,18,268.99188232421875,47.816932678222656,0.22839048504829407
smollm2_360m_base,headquarters:6,headquarters,chat_template,19,264.97088623046875,28.53028678894043,0.24501939117908478
smollm2_360m_base,headquarters:6,headquarters,chat_template,20,284.56866455078125,43.587345123291016,0.2669799327850342
smollm2_360m_base,headquarters:6,headquarters,chat_template,21,341.32965087890625,55.08489990234375,0.2978624403476715
smollm2_360m_base,headquarters:6,headquarters,chat_template,22,367.2025451660156,52.93059539794922,0.3929920494556427
smollm2_360m_base,headquarters:6,headquarters,chat_template,23,419.86944580078125,104.42145538330078,0.33713778853416443
smollm2_360m_base,headquarters:6,headquarters,chat_template,24,541.33056640625,81.07901763916016,0.3617739975452423
smollm2_360m_base,headquarters:6,headquarters,chat_template,25,624.7828369140625,41.932952880859375,0.3792640268802643
smollm2_360m_base,headquarters:6,headquarters,chat_template,26,756.7966918945312,79.29264068603516,0.3500952124595642
smollm2_360m_base,headquarters:6,headquarters,chat_template,27,892.8026733398438,131.5508270263672,0.31588611006736755
smollm2_360m_base,headquarters:6,headquarters,chat_template,28,1042.813720703125,106.34416961669922,0.32474327087402344
smollm2_360m_base,headquarters:6,headquarters,chat_template,29,1238.4151611328125,136.96836853027344,0.35260987281799316
smollm2_360m_base,headquarters:6,headquarters,chat_template,30,1423.62255859375,146.28594970703125,0.4130239486694336
smollm2_360m_base,headquarters:6,headquarters,chat_template,31,76.3516616821289,113.74299621582031,0.6331357955932617
smollm2_360m_base,headquarters:7,headquarters,raw_question,0,61.71002960205078,4.528929710388184,0.09603418409824371
smollm2_360m_base,headquarters:7,headquarters,raw_question,1,79.13761901855469,14.507171630859375,0.09372630715370178
smollm2_360m_base,headquarters:7,headquarters,raw_question,2,90.85559844970703,11.854297637939453,0.12259628623723984
smollm2_360m_base,headquarters:7,headquarters,raw_question,3,83.58263397216797,17.021820068359375,0.1325070559978485
smollm2_360m_base,headquarters:7,headquarters,raw_question,4,100.43743896484375,21.556543350219727,0.15886954963207245
smollm2_360m_base,headquarters:7,headquarters,raw_question,5,118.66871643066406,31.73738670349121,0.16767337918281555
smollm2_360m_base,headquarters:7,headquarters,raw_question,6,132.03347778320312,11.27971076965332,0.17117483913898468
smollm2_360m_base,headquarters:7,headquarters,raw_question,7,147.6161651611328,26.04818344116211,0.19077999889850616
smollm2_360m_base,headquarters:7,headquarters,raw_question,8,160.411865234375,18.116853713989258,0.20653371512889862
smollm2_360m_base,headquarters:7,headquarters,raw_question,9,168.74818420410156,18.572406768798828,0.20793290436267853
smollm2_360m_base,headquarters:7,headquarters,raw_question,10,167.3121795654297,10.627968788146973,0.17163729667663574
smollm2_360m_base,headquarters:7,headquarters,raw_question,11,182.23802185058594,17.527376174926758,0.19205208122730255
smollm2_360m_base,headquarters:7,headquarters,raw_question,12,183.798583984375,24.057003021240234,0.2123125046491623
smollm2_360m_base,headquarters:7,headquarters,raw_question,13,179.88722229003906,29.293968200683594,0.19993722438812256
smollm2_360m_base,headquarters:7,headquarters,raw_question,14,200.44482421875,43.169429779052734,0.20563943684101105
smollm2_360m_base,headquarters:7,headquarters,raw_question,15,224.49432373046875,41.340179443359375,0.2068476378917694
smollm2_360m_base,headquarters:7,headquarters,raw_question,16,244.2427520751953,36.882137298583984,0.20508193969726562
smollm2_360m_base,headquarters:7,headquarters,raw_question,17,253.8188018798828,32.547401428222656,0.1982390135526657
smollm2_360m_base,headquarters:7,headquarters,raw_question,18,247.8212890625,44.115413665771484,0.19389769434928894
smollm2_360m_base,headquarters:7,headquarters,raw_question,19,273.6582946777344,28.20014190673828,0.22025850415229797
smollm2_360m_base,headquarters:7,headquarters,raw_question,20,276.36541748046875,22.584213256835938,0.23963788151741028
smollm2_360m_base,headquarters:7,headquarters,raw_question,21,336.4459228515625,40.31077194213867,0.2530268728733063
smollm2_360m_base,headquarters:7,headquarters,raw_question,22,372.9211730957031,38.7393684387207,0.3193032741546631
smollm2_360m_base,headquarters:7,headquarters,raw_question,23,429.4549865722656,48.77090835571289,0.2961181104183197
smollm2_360m_base,headquarters:7,headquarters,raw_question,24,521.3789672851562,57.377925872802734,0.31730949878692627
smollm2_360m_base,headquarters:7,headquarters,raw_question,25,600.9866943359375,25.974468231201172,0.30663079023361206
smollm2_360m_base,headquarters:7,headquarters,raw_question,26,717.2457275390625,37.61479949951172,0.2903687357902527
smollm2_360m_base,headquarters:7,headquarters,raw_question,27,823.4414672851562,57.29037094116211,0.26134663820266724
smollm2_360m_base,headquarters:7,headquarters,raw_question,28,928.31982421875,74.51874542236328,0.24897536635398865
smollm2_360m_base,headquarters:7,headquarters,raw_question,29,1114.1080322265625,153.45925903320312,0.2614677846431732
smollm2_360m_base,headquarters:7,headquarters,raw_question,30,1281.3475341796875,131.65745544433594,0.33342117071151733
smollm2_360m_base,headquarters:7,headquarters,raw_question,31,68.07270050048828,110.2017593383789,0.5790255665779114
smollm2_360m_base,headquarters:7,headquarters,declarative,0,57.476226806640625,4.541841983795166,0.08942437916994095
smollm2_360m_base,headquarters:7,headquarters,declarative,1,76.93488311767578,16.734045028686523,0.11032076179981232
smollm2_360m_base,headquarters:7,headquarters,declarative,2,88.17638397216797,13.34270191192627,0.12349752336740494
smollm2_360m_base,headquarters:7,headquarters,declarative,3,90.14091491699219,18.515588760375977,0.1579713076353073
smollm2_360m_base,headquarters:7,headquarters,declarative,4,106.17988586425781,15.837676048278809,0.16990169882774353
smollm2_360m_base,headquarters:7,headquarters,declarative,5,124.87029266357422,22.74136734008789,0.18430769443511963
smollm2_360m_base,headquarters:7,headquarters,declarative,6,132.01919555664062,12.058771133422852,0.1841750144958496
smollm2_360m_base,headquarters:7,headquarters,declarative,7,148.67889404296875,24.053354263305664,0.19398052990436554
smollm2_360m_base,headquarters:7,headquarters,declarative,8,164.29176330566406,30.391016006469727,0.2264113426208496
smollm2_360m_base,headquarters:7,headquarters,declarative,9,175.46995544433594,12.749284744262695,0.2140105664730072
smollm2_360m_base,headquarters:7,headquarters,declarative,10,181.82626342773438,19.376562118530273,0.2018560916185379
smollm2_360m_base,headquarters:7,headquarters,declarative,11,189.95545959472656,20.24283790588379,0.20243048667907715
smollm2_360m_base,headquarters:7,headquarters,declarative,12,203.79295349121094,22.206565856933594,0.21378859877586365
smollm2_360m_base,headquarters:7,headquarters,declarative,13,204.7926788330078,24.879243850708008,0.2026793211698532
smollm2_360m_base,headquarters:7,headquarters,declarative,14,229.90267944335938,39.95458221435547,0.21556434035301208
smollm2_360m_base,headquarters:7,headquarters,declarative,15,249.50814819335938,47.205055236816406,0.23808345198631287
smollm2_360m_base,headquarters:7,headquarters,declarative,16,266.0845947265625,35.79262924194336,0.23789004981517792
smollm2_360m_base,headquarters:7,headquarters,declarative,17,262.29937744140625,34.615440368652344,0.22871370613574982
smollm2_360m_base,headquarters:7,headquarters,declarative,18,264.3948974609375,37.791114807128906,0.22105388343334198
smollm2_360m_base,headquarters:7,headquarters,declarative,19,278.7503356933594,26.30120849609375,0.23802092671394348
smollm2_360m_base,headquarters:7,headquarters,declarative,20,285.3977355957031,24.181142807006836,0.2517678439617157
smollm2_360m_base,headquarters:7,headquarters,declarative,21,340.8125915527344,30.268463134765625,0.26444849371910095
smollm2_360m_base,headquarters:7,headquarters,declarative,22,383.8730163574219,46.76686096191406,0.3655070960521698
smollm2_360m_base,headquarters:7,headquarters,declarative,23,430.7095947265625,102.2116470336914,0.3255693018436432
smollm2_360m_base,headquarters:7,headquarters,declarative,24,519.8043823242188,65.02715301513672,0.332503080368042
smollm2_360m_base,headquarters:7,headquarters,declarative,25,580.84375,44.99337387084961,0.3400925099849701
smollm2_360m_base,headquarters:7,headquarters,declarative,26,690.96484375,85.33587646484375,0.3561598062515259
smollm2_360m_base,headquarters:7,headquarters,declarative,27,795.936767578125,80.4141616821289,0.388075590133667
smollm2_360m_base,headquarters:7,headquarters,declarative,28,944.7222900390625,71.58731079101562,0.426408588886261
smollm2_360m_base,headquarters:7,headquarters,declarative,29,1159.988525390625,92.02281951904297,0.47755488753318787
smollm2_360m_base,headquarters:7,headquarters,declarative,30,1296.758056640625,93.15963745117188,0.5393210649490356
smollm2_360m_base,headquarters:7,headquarters,declarative,31,64.92569732666016,92.2044448852539,0.6626384854316711
smollm2_360m_base,headquarters:7,headquarters,qa,0,53.44282531738281,4.742845058441162,0.07475434243679047
smollm2_360m_base,headquarters:7,headquarters,qa,1,70.2910385131836,16.13093376159668,0.12665842473506927
smollm2_360m_base,headquarters:7,headquarters,qa,2,84.97708129882812,15.255929946899414,0.1389807164669037
smollm2_360m_base,headquarters:7,headquarters,qa,3,100.77350616455078,14.864129066467285,0.16509486734867096
smollm2_360m_base,headquarters:7,headquarters,qa,4,106.64811706542969,18.879894256591797,0.17889848351478577
smollm2_360m_base,headquarters:7,headquarters,qa,5,118.16535186767578,23.036827087402344,0.17698276042938232
smollm2_360m_base,headquarters:7,headquarters,qa,6,151.21791076660156,38.834354400634766,0.20071211457252502
smollm2_360m_base,headquarters:7,headquarters,qa,7,160.86878967285156,28.536481857299805,0.21315884590148926
smollm2_360m_base,headquarters:7,headquarters,qa,8,159.9510498046875,21.572124481201172,0.21677584946155548
smollm2_360m_base,headquarters:7,headquarters,qa,9,179.02005004882812,31.229793548583984,0.21243910491466522
smollm2_360m_base,headquarters:7,headquarters,qa,10,172.415283203125,20.370319366455078,0.19350481033325195
smollm2_360m_base,headquarters:7,headquarters,qa,11,172.88455200195312,15.572970390319824,0.20583048462867737
smollm2_360m_base,headquarters:7,headquarters,qa,12,184.63967895507812,20.89944839477539,0.20061883330345154
smollm2_360m_base,headquarters:7,headquarters,qa,13,193.7519989013672,19.286256790161133,0.1979418694972992
smollm2_360m_base,headquarters:7,headquarters,qa,14,201.38571166992188,32.62702560424805,0.20423097908496857
smollm2_360m_base,headquarters:7,headquarters,qa,15,217.2724151611328,37.12813949584961,0.20168907940387726
smollm2_360m_base,headquarters:7,headquarters,qa,16,233.07740783691406,32.48332977294922,0.20495116710662842
smollm2_360m_base,headquarters:7,headquarters,qa,17,244.06063842773438,27.531383514404297,0.20914120972156525
smollm2_360m_base,headquarters:7,headquarters,qa,18,246.9549560546875,33.263389587402344,0.20992736518383026
smollm2_360m_base,headquarters:7,headquarters,qa,19,259.6502685546875,30.661022186279297,0.23208987712860107
smollm2_360m_base,headquarters:7,headquarters,qa,20,275.9718933105469,39.03512191772461,0.2590661942958832
smollm2_360m_base,headquarters:7,headquarters,qa,21,342.5241394042969,43.83353042602539,0.2758100628852844
smollm2_360m_base,headquarters:7,headquarters,qa,22,366.9347229003906,51.83097839355469,0.3652755618095398
smollm2_360m_base,headquarters:7,headquarters,qa,23,426.7832946777344,102.03252410888672,0.33412566781044006
smollm2_360m_base,headquarters:7,headquarters,qa,24,546.7553100585938,88.2989501953125,0.35578033328056335
smollm2_360m_base,headquarters:7,headquarters,qa,25,612.5765380859375,39.11496353149414,0.3596208989620209
smollm2_360m_base,headquarters:7,headquarters,qa,26,743.1165771484375,74.75542449951172,0.3407871425151825
smollm2_360m_base,headquarters:7,headquarters,qa,27,874.1145629882812,99.65433502197266,0.31208568811416626
smollm2_360m_base,headquarters:7,headquarters,qa,28,1020.7196044921875,102.17383575439453,0.3073384165763855
smollm2_360m_base,headquarters:7,headquarters,qa,29,1225.76416015625,167.5396270751953,0.33541640639305115
smollm2_360m_base,headquarters:7,headquarters,qa,30,1396.8834228515625,135.12680053710938,0.40962475538253784
smollm2_360m_base,headquarters:7,headquarters,qa,31,74.77997589111328,116.60234069824219,0.6207817196846008
smollm2_360m_base,headquarters:7,headquarters,chat_template,0,51.4543571472168,4.835576057434082,0.06981537491083145
smollm2_360m_base,headquarters:7,headquarters,chat_template,1,71.27360534667969,18.201263427734375,0.08910883218050003
smollm2_360m_base,headquarters:7,headquarters,chat_template,2,80.2599105834961,10.626826286315918,0.11554231494665146
smollm2_360m_base,headquarters:7,headquarters,chat_template,3,92.6112289428711,14.843969345092773,0.141429141163826
smollm2_360m_base,headquarters:7,headquarters,chat_template,4,104.50578308105469,17.756580352783203,0.1592785269021988
smollm2_360m_base,headquarters:7,headquarters,chat_template,5,115.87599182128906,14.662083625793457,0.15867963433265686
smollm2_360m_base,headquarters:7,headquarters,chat_template,6,125.34930419921875,20.415782928466797,0.1717979609966278
smollm2_360m_base,headquarters:7,headquarters,chat_template,7,148.78228759765625,24.73785972595215,0.19295136630535126
smollm2_360m_base,headquarters:7,headquarters,chat_template,8,159.91317749023438,28.11996078491211,0.22220487892627716
smollm2_360m_base,headquarters:7,headquarters,chat_template,9,169.5249786376953,22.95663833618164,0.20560677349567413
smollm2_360m_base,headquarters:7,headquarters,chat_template,10,168.2023468017578,16.081275939941406,0.17489343881607056
smollm2_360m_base,headquarters:7,headquarters,chat_template,11,177.9577178955078,18.433931350708008,0.18602557480335236
smollm2_360m_base,headquarters:7,headquarters,chat_template,12,185.86190795898438,21.93107795715332,0.19880639016628265
smollm2_360m_base,headquarters:7,headquarters,chat_template,13,195.0564727783203,22.837512969970703,0.19927187263965607
smollm2_360m_base,headquarters:7,headquarters,chat_template,14,210.7805938720703,27.24325942993164,0.19847527146339417
smollm2_360m_base,headquarters:7,headquarters,chat_template,15,215.7958221435547,25.42234230041504,0.20017199218273163
smollm2_360m_base,headquarters:7,headquarters,chat_template,16,239.54400634765625,35.628822326660156,0.2143109142780304
smollm2_360m_base,headquarters:7,headquarters,chat_template,17,254.21835327148438,37.959014892578125,0.2349335253238678
smollm2_360m_base,headquarters:7,headquarters,chat_template,18,268.1669006347656,47.45261764526367,0.2315460741519928
smollm2_360m_base,headquarters:7,headquarters,chat_template,19,266.0338439941406,29.85708999633789,0.24752311408519745
smollm2_360m_base,headquarters:7,headquarters,chat_template,20,285.2420654296875,43.21710205078125,0.2698986828327179
smollm2_360m_base,headquarters:7,headquarters,chat_template,21,341.8401184082031,53.16567611694336,0.3000839650630951
smollm2_360m_base,headquarters:7,headquarters,chat_template,22,366.5201110839844,50.76486587524414,0.39277616143226624
smollm2_360m_base,headquarters:7,headquarters,chat_template,23,420.0901794433594,106.42420196533203,0.33700495958328247
smollm2_360m_base,headquarters:7,headquarters,chat_template,24,538.345947265625,86.84577178955078,0.36225220561027527
smollm2_360m_base,headquarters:7,headquarters,chat_template,25,630.0438232421875,42.13591766357422,0.37756532430648804
smollm2_360m_base,headquarters:7,headquarters,chat_template,26,761.6451416015625,87.39077758789062,0.35840368270874023
smollm2_360m_base,headquarters:7,headquarters,chat_template,27,902.1001586914062,121.03115844726562,0.32011181116104126
smollm2_360m_base,headquarters:7,headquarters,chat_template,28,1038.433837890625,110.84678649902344,0.3162135183811188
smollm2_360m_base,headquarters:7,headquarters,chat_template,29,1259.32080078125,151.49688720703125,0.3550047278404236
smollm2_360m_base,headquarters:7,headquarters,chat_template,30,1450.743408203125,145.76402282714844,0.42651280760765076
smollm2_360m_base,headquarters:7,headquarters,chat_template,31,73.91751861572266,109.17845916748047,0.6463890075683594
smollm2_360m_base,headquarters:8,headquarters,raw_question,0,61.40480041503906,4.464310646057129,0.09581909328699112
smollm2_360m_base,headquarters:8,headquarters,raw_question,1,81.41593933105469,16.522106170654297,0.09449154883623123
smollm2_360m_base,headquarters:8,headquarters,raw_question,2,92.09988403320312,11.726919174194336,0.12372396141290665
smollm2_360m_base,headquarters:8,headquarters,raw_question,3,85.2451400756836,17.167268753051758,0.13258929550647736
smollm2_360m_base,headquarters:8,headquarters,raw_question,4,102.0081558227539,21.967506408691406,0.15993119776248932
smollm2_360m_base,headquarters:8,headquarters,raw_question,5,119.76222229003906,30.939167022705078,0.16857381165027618
smollm2_360m_base,headquarters:8,headquarters,raw_question,6,133.38365173339844,11.124241828918457,0.17038604617118835
smollm2_360m_base,headquarters:8,headquarters,raw_question,7,151.91305541992188,27.76395034790039,0.19163110852241516
smollm2_360m_base,headquarters:8,headquarters,raw_question,8,159.43698120117188,17.070737838745117,0.2079116851091385
smollm2_360m_base,headquarters:8,headquarters,raw_question,9,168.97315979003906,17.872047424316406,0.20679502189159393
smollm2_360m_base,headquarters:8,headquarters,raw_question,10,166.33192443847656,11.913997650146484,0.17189061641693115
smollm2_360m_base,headquarters:8,headquarters,raw_question,11,178.54385375976562,16.92353057861328,0.18649861216545105
smollm2_360m_base,headquarters:8,headquarters,raw_question,12,182.7199249267578,22.453601837158203,0.20808139443397522
smollm2_360m_base,headquarters:8,headquarters,raw_question,13,178.9411163330078,29.491403579711914,0.19521361589431763
smollm2_360m_base,headquarters:8,headquarters,raw_question,14,196.5913848876953,39.975379943847656,0.1994115114212036
smollm2_360m_base,headquarters:8,headquarters,raw_question,15,223.55084228515625,40.38280487060547,0.20454196631908417
smollm2_360m_base,headquarters:8,headquarters,raw_question,16,244.299560546875,34.917606353759766,0.19937868416309357
smollm2_360m_base,headquarters:8,headquarters,raw_question,17,251.3381805419922,35.69660949707031,0.19593138992786407
smollm2_360m_base,headquarters:8,headquarters,raw_question,18,248.2354278564453,40.532562255859375,0.19246473908424377
smollm2_360m_base,headquarters:8,headquarters,raw_question,19,272.7745056152344,28.256858825683594,0.2176952362060547
smollm2_360m_base,headquarters:8,headquarters,raw_question,20,281.9126892089844,23.896331787109375,0.2350933849811554
smollm2_360m_base,headquarters:8,headquarters,raw_question,21,348.12982177734375,43.46940231323242,0.2545492947101593
smollm2_360m_base,headquarters:8,headquarters,raw_question,22,386.5702209472656,39.239776611328125,0.3198767304420471
smollm2_360m_base,headquarters:8,headquarters,raw_question,23,440.9927978515625,49.921974182128906,0.29901123046875
smollm2_360m_base,headquarters:8,headquarters,raw_question,24,537.7689208984375,53.614532470703125,0.3168143630027771
smollm2_360m_base,headquarters:8,headquarters,raw_question,25,620.6134643554688,37.29917526245117,0.3149716854095459
smollm2_360m_base,headquarters:8,headquarters,raw_question,26,740.8623657226562,68.13445281982422,0.29612821340560913
smollm2_360m_base,headquarters:8,headquarters,raw_question,27,843.0653076171875,58.549827575683594,0.2671279311180115
smollm2_360m_base,headquarters:8,headquarters,raw_question,28,959.672119140625,87.8292007446289,0.26060351729393005
smollm2_360m_base,headquarters:8,headquarters,raw_question,29,1143.6571044921875,144.78140258789062,0.27263152599334717
smollm2_360m_base,headquarters:8,headquarters,raw_question,30,1301.6495361328125,135.78118896484375,0.3402743339538574
smollm2_360m_base,headquarters:8,headquarters,raw_question,31,68.58207702636719,121.81908416748047,0.6042307615280151
smollm2_360m_base,headquarters:8,headquarters,declarative,0,56.546363830566406,4.547747611999512,0.08816055208444595
smollm2_360m_base,headquarters:8,headquarters,declarative,1,77.56594848632812,17.277055740356445,0.11125332117080688
smollm2_360m_base,headquarters:8,headquarters,declarative,2,88.85845947265625,13.178523063659668,0.12362060695886612
smollm2_360m_base,headquarters:8,headquarters,declarative,3,90.51831817626953,18.136194229125977,0.15863290429115295
smollm2_360m_base,headquarters:8,headquarters,declarative,4,107.39369201660156,16.286785125732422,0.1705082356929779
smollm2_360m_base,headquarters:8,headquarters,declarative,5,124.6099624633789,21.790414810180664,0.18241481482982635
smollm2_360m_base,headquarters:8,headquarters,declarative,6,130.45184326171875,11.445114135742188,0.18140624463558197
smollm2_360m_base,headquarters:8,headquarters,declarative,7,149.22740173339844,23.87646484375,0.1920398622751236
smollm2_360m_base,headquarters:8,headquarters,declarative,8,162.06109619140625,28.073131561279297,0.22299735248088837
smollm2_360m_base,headquarters:8,headquarters,declarative,9,178.64646911621094,14.048584938049316,0.21341963112354279
smollm2_360m_base,headquarters:8,headquarters,declarative,10,185.6236572265625,18.657081604003906,0.19846253097057343
smollm2_360m_base,headquarters:8,headquarters,declarative,11,196.10227966308594,20.82254981994629,0.20275695621967316
smollm2_360m_base,headquarters:8,headquarters,declarative,12,209.59669494628906,22.288415908813477,0.21459141373634338
smollm2_360m_base,headquarters:8,headquarters,declarative,13,211.78619384765625,26.172012329101562,0.20311689376831055
smollm2_360m_base,headquarters:8,headquarters,declarative,14,233.2982635498047,40.17517852783203,0.2146712839603424
smollm2_360m_base,headquarters:8,headquarters,declarative,15,251.675048828125,42.384765625,0.23802609741687775
smollm2_360m_base,headquarters:8,headquarters,declarative,16,266.77197265625,34.83850860595703,0.2336491048336029
smollm2_360m_base,headquarters:8,headquarters,declarative,17,262.0283508300781,35.15030288696289,0.22547821700572968
smollm2_360m_base,headquarters:8,headquarters,declarative,18,262.23089599609375,36.865943908691406,0.2161988765001297
smollm2_360m_base,headquarters:8,headquarters,declarative,19,279.6001892089844,26.658016204833984,0.23313793540000916
smollm2_360m_base,headquarters:8,headquarters,declarative,20,290.4087219238281,22.9626407623291,0.24789419770240784
smollm2_360m_base,headquarters:8,headquarters,declarative,21,347.1895446777344,36.53468704223633,0.2645093500614166
smollm2_360m_base,headquarters:8,headquarters,declarative,22,384.7901611328125,41.37651062011719,0.3600277602672577
smollm2_360m_base,headquarters:8,headquarters,declarative,23,428.1673583984375,83.78408813476562,0.3230368494987488
smollm2_360m_base,headquarters:8,headquarters,declarative,24,507.56781005859375,58.57271194458008,0.3275476396083832
smollm2_360m_base,headquarters:8,headquarters,declarative,25,560.8546752929688,39.70357131958008,0.33422571420669556
smollm2_360m_base,headquarters:8,headquarters,declarative,26,705.5054931640625,132.85232543945312,0.35018792748451233
smollm2_360m_base,headquarters:8,headquarters,declarative,27,807.259033203125,89.52185821533203,0.3919147551059723
smollm2_360m_base,headquarters:8,headquarters,declarative,28,992.124267578125,111.17733764648438,0.46061649918556213
smollm2_360m_base,headquarters:8,headquarters,declarative,29,1188.78515625,77.3902816772461,0.4912959039211273
smollm2_360m_base,headquarters:8,headquarters,declarative,30,1333.4002685546875,94.9175033569336,0.5333132743835449
smollm2_360m_base,headquarters:8,headquarters,declarative,31,62.02581787109375,101.7756576538086,0.6841966509819031
smollm2_360m_base,headquarters:8,headquarters,qa,0,53.89366149902344,4.680444717407227,0.07558922469615936
smollm2_360m_base,headquarters:8,headquarters,qa,1,70.75086212158203,16.170204162597656,0.13051679730415344
smollm2_360m_base,headquarters:8,headquarters,qa,2,85.7340316772461,15.444608688354492,0.14164412021636963
smollm2_360m_base,headquarters:8,headquarters,qa,3,101.29674530029297,14.896146774291992,0.16609153151512146
smollm2_360m_base,headquarters:8,headquarters,qa,4,107.43140411376953,18.978607177734375,0.1780080795288086
smollm2_360m_base,headquarters:8,headquarters,qa,5,119.36186218261719,23.147117614746094,0.17737357318401337
smollm2_360m_base,headquarters:8,headquarters,qa,6,152.90061950683594,38.97762680053711,0.2009647637605667
smollm2_360m_base,headquarters:8,headquarters,qa,7,164.36155700683594,30.545682907104492,0.2133529931306839
smollm2_360m_base,headquarters:8,headquarters,qa,8,165.23609924316406,21.88567352294922,0.21814987063407898
smollm2_360m_base,headquarters:8,headquarters,qa,9,179.35504150390625,28.8885498046875,0.21123957633972168
smollm2_360m_base,headquarters:8,headquarters,qa,10,174.23863220214844,17.232540130615234,0.18913790583610535
smollm2_360m_base,headquarters:8,headquarters,qa,11,175.80484008789062,14.841828346252441,0.20389656722545624
smollm2_360m_base,headquarters:8,headquarters,qa,12,185.8979949951172,19.820018768310547,0.19965073466300964
smollm2_360m_base,headquarters:8,headquarters,qa,13,195.80210876464844,20.160961151123047,0.19815745949745178
smollm2_360m_base,headquarters:8,headquarters,qa,14,203.9568328857422,30.44976234436035,0.20156197249889374
smollm2_360m_base,headquarters:8,headquarters,qa,15,216.7313995361328,34.1421012878418,0.2002260684967041
smollm2_360m_base,headquarters:8,headquarters,qa,16,230.39385986328125,32.47708511352539,0.19884876906871796
smollm2_360m_base,headquarters:8,headquarters,qa,17,244.3118438720703,26.38439178466797,0.20629934966564178
smollm2_360m_base,headquarters:8,headquarters,qa,18,247.84373474121094,33.33687973022461,0.20895080268383026
smollm2_360m_base,headquarters:8,headquarters,qa,19,259.4503479003906,29.72814178466797,0.22967538237571716
smollm2_360m_base,headquarters:8,headquarters,qa,20,278.31024169921875,41.80473327636719,0.2573145925998688
smollm2_360m_base,headquarters:8,headquarters,qa,21,348.8209533691406,45.91516876220703,0.2776099145412445
smollm2_360m_base,headquarters:8,headquarters,qa,22,373.3869323730469,52.480777740478516,0.36466309428215027
smollm2_360m_base,headquarters:8,headquarters,qa,23,431.92022705078125,97.37371826171875,0.33556491136550903
smollm2_360m_base,headquarters:8,headquarters,qa,24,551.8703002929688,78.98274993896484,0.3528447449207306
smollm2_360m_base,headquarters:8,headquarters,qa,25,615.768310546875,48.96217727661133,0.35801300406455994
smollm2_360m_base,headquarters:8,headquarters,qa,26,754.6749877929688,111.75154113769531,0.3364962041378021
smollm2_360m_base,headquarters:8,headquarters,qa,27,881.438720703125,98.2516860961914,0.3175586462020874
smollm2_360m_base,headquarters:8,headquarters,qa,28,1041.595703125,119.89229583740234,0.3290993571281433
smollm2_360m_base,headquarters:8,headquarters,qa,29,1258.1151123046875,169.43182373046875,0.3520539700984955
smollm2_360m_base,headquarters:8,headquarters,qa,30,1425.0777587890625,134.02389526367188,0.42335814237594604
smollm2_360m_base,headquarters:8,headquarters,qa,31,73.72479248046875,110.2671127319336,0.6396416425704956
smollm2_360m_base,headquarters:8,headquarters,chat_template,0,51.6051025390625,4.802771091461182,0.07032095640897751
smollm2_360m_base,headquarters:8,headquarters,chat_template,1,71.42296600341797,18.394994735717773,0.08960367739200592
smollm2_360m_base,headquarters:8,headquarters,chat_template,2,80.68927764892578,10.785979270935059,0.11712811142206192
smollm2_360m_base,headquarters:8,headquarters,chat_template,3,92.54562377929688,14.776811599731445,0.14173093438148499
smollm2_360m_base,headquarters:8,headquarters,chat_template,4,104.50861358642578,17.963092803955078,0.15799465775489807
smollm2_360m_base,headquarters:8,headquarters,chat_template,5,116.42739868164062,15.023324012756348,0.15913477540016174
smollm2_360m_base,headquarters:8,headquarters,chat_template,6,125.71825408935547,21.474531173706055,0.1712464690208435
smollm2_360m_base,headquarters:8,headquarters,chat_template,7,147.943603515625,23.919208526611328,0.19069981575012207
smollm2_360m_base,headquarters:8,headquarters,chat_template,8,159.27658081054688,26.822742462158203,0.2193116694688797
smollm2_360m_base,headquarters:8,headquarters,chat_template,9,171.7518768310547,23.04966926574707,0.20858033001422882
smollm2_360m_base,headquarters:8,headquarters,chat_template,10,169.81878662109375,14.745368957519531,0.17789018154144287
smollm2_360m_base,headquarters:8,headquarters,chat_template,11,178.68954467773438,19.198753356933594,0.18873414397239685
smollm2_360m_base,headquarters:8,headquarters,chat_template,12,187.3203125,21.441795349121094,0.2010781466960907
smollm2_360m_base,headquarters:8,headquarters,chat_template,13,198.10704040527344,23.864194869995117,0.20317082107067108
smollm2_360m_base,headquarters:8,headquarters,chat_template,14,213.31527709960938,25.85418128967285,0.20067444443702698
smollm2_360m_base,headquarters:8,headquarters,chat_template,15,218.5008087158203,25.17033576965332,0.201564222574234
smollm2_360m_base,headquarters:8,headquarters,chat_template,16,239.23220825195312,34.34638214111328,0.2118951976299286
smollm2_360m_base,headquarters:8,headquarters,chat_template,17,250.89537048339844,37.05695343017578,0.23220095038414001
smollm2_360m_base,headquarters:8,headquarters,chat_template,18,266.6142272949219,46.711551666259766,0.22983446717262268
smollm2_360m_base,headquarters:8,headquarters,chat_template,19,263.633544921875,29.23801612854004,0.24931959807872772
smollm2_360m_base,headquarters:8,headquarters,chat_template,20,286.5913391113281,44.68436813354492,0.2698861062526703
smollm2_360m_base,headquarters:8,headquarters,chat_template,21,340.3128967285156,53.40393829345703,0.3009340763092041
smollm2_360m_base,headquarters:8,headquarters,chat_template,22,367.7984619140625,51.763153076171875,0.3942334055900574
smollm2_360m_base,headquarters:8,headquarters,chat_template,23,417.09375,97.85118865966797,0.3332691192626953
smollm2_360m_base,headquarters:8,headquarters,chat_template,24,544.8833618164062,89.43700408935547,0.36019638180732727
smollm2_360m_base,headquarters:8,headquarters,chat_template,25,630.9202270507812,47.401573181152344,0.37797364592552185
smollm2_360m_base,headquarters:8,headquarters,chat_template,26,770.8046875,127.16079711914062,0.35309088230133057
smollm2_360m_base,headquarters:8,headquarters,chat_template,27,901.971435546875,119.84283447265625,0.3179360330104828
smollm2_360m_base,headquarters:8,headquarters,chat_template,28,1049.1134033203125,130.08233642578125,0.3292131721973419
smollm2_360m_base,headquarters:8,headquarters,chat_template,29,1272.126953125,162.02093505859375,0.3561270833015442
smollm2_360m_base,headquarters:8,headquarters,chat_template,30,1464.225341796875,156.67630004882812,0.425004243850708
smollm2_360m_base,headquarters:8,headquarters,chat_template,31,73.89498901367188,113.74156951904297,0.6523306369781494
smollm2_360m_base,headquarters:9,headquarters,raw_question,0,61.16541290283203,4.522109031677246,0.09575610607862473
smollm2_360m_base,headquarters:9,headquarters,raw_question,1,80.15644836425781,15.538183212280273,0.09484865516424179
smollm2_360m_base,headquarters:9,headquarters,raw_question,2,91.4522933959961,12.063349723815918,0.12504920363426208
smollm2_360m_base,headquarters:9,headquarters,raw_question,3,84.28227996826172,17.220407485961914,0.13410146534442902
smollm2_360m_base,headquarters:9,headquarters,raw_question,4,100.89813995361328,21.52733039855957,0.15797074139118195
smollm2_360m_base,headquarters:9,headquarters,raw_question,5,119.9239730834961,31.909791946411133,0.16956447064876556
smollm2_360m_base,headquarters:9,headquarters,raw_question,6,132.78480529785156,11.019176483154297,0.17254702746868134
smollm2_360m_base,headquarters:9,headquarters,raw_question,7,150.79693603515625,26.981130599975586,0.19279742240905762
smollm2_360m_base,headquarters:9,headquarters,raw_question,8,158.2705078125,17.823503494262695,0.20897559821605682
smollm2_360m_base,headquarters:9,headquarters,raw_question,9,167.06497192382812,17.385486602783203,0.2066401243209839
smollm2_360m_base,headquarters:9,headquarters,raw_question,10,164.4110870361328,11.174280166625977,0.17073336243629456
smollm2_360m_base,headquarters:9,headquarters,raw_question,11,177.2211151123047,18.29540252685547,0.18846309185028076
smollm2_360m_base,headquarters:9,headquarters,raw_question,12,181.5626983642578,22.459896087646484,0.20845746994018555
smollm2_360m_base,headquarters:9,headquarters,raw_question,13,178.4710235595703,30.75395393371582,0.1974332630634308
smollm2_360m_base,headquarters:9,headquarters,raw_question,14,196.0611114501953,39.4677848815918,0.19903525710105896
smollm2_360m_base,headquarters:9,headquarters,raw_question,15,221.763671875,39.77077102661133,0.2054281234741211
smollm2_360m_base,headquarters:9,headquarters,raw_question,16,241.97911071777344,35.01873016357422,0.19721508026123047
smollm2_360m_base,headquarters:9,headquarters,raw_question,17,250.9833984375,33.92363357543945,0.1952565312385559
smollm2_360m_base,headquarters:9,headquarters,raw_question,18,247.34063720703125,39.633235931396484,0.19440922141075134
smollm2_360m_base,headquarters:9,headquarters,raw_question,19,271.13690185546875,28.92234230041504,0.21894004940986633
smollm2_360m_base,headquarters:9,headquarters,raw_question,20,279.0904235839844,23.06879997253418,0.23673808574676514
smollm2_360m_base,headquarters:9,headquarters,raw_question,21,344.0892333984375,44.77861785888672,0.25504836440086365
smollm2_360m_base,headquarters:9,headquarters,raw_question,22,383.4541015625,39.16804122924805,0.31975916028022766
smollm2_360m_base,headquarters:9,headquarters,raw_question,23,435.4916076660156,49.2027702331543,0.30003994703292847
smollm2_360m_base,headquarters:9,headquarters,raw_question,24,533.0,53.554813385009766,0.3162739872932434
smollm2_360m_base,headquarters:9,headquarters,raw_question,25,608.9818115234375,38.09324264526367,0.3154030442237854
smollm2_360m_base,headquarters:9,headquarters,raw_question,26,725.3921508789062,55.2922248840332,0.2955869734287262
smollm2_360m_base,headquarters:9,headquarters,raw_question,27,839.3951416015625,78.20990753173828,0.27157682180404663
smollm2_360m_base,headquarters:9,headquarters,raw_question,28,956.7073364257812,84.99835968017578,0.2667083144187927
smollm2_360m_base,headquarters:9,headquarters,raw_question,29,1137.390380859375,137.96533203125,0.2872301936149597
smollm2_360m_base,headquarters:9,headquarters,raw_question,30,1297.2178955078125,128.0220489501953,0.3465617299079895
smollm2_360m_base,headquarters:9,headquarters,raw_question,31,68.5115737915039,106.14623260498047,0.5981556177139282
smollm2_360m_base,headquarters:9,headquarters,declarative,0,56.49900436401367,4.621883869171143,0.08607947081327438
smollm2_360m_base,headquarters:9,headquarters,declarative,1,76.52694702148438,16.816314697265625,0.11144070327281952
smollm2_360m_base,headquarters:9,headquarters,declarative,2,88.47840881347656,13.39379596710205,0.12462246417999268
smollm2_360m_base,headquarters:9,headquarters,declarative,3,90.53118133544922,18.441064834594727,0.15963754057884216
smollm2_360m_base,headquarters:9,headquarters,declarative,4,107.21434783935547,16.008386611938477,0.17012807726860046
smollm2_360m_base,headquarters:9,headquarters,declarative,5,125.20103454589844,21.881013870239258,0.18365538120269775
smollm2_360m_base,headquarters:9,headquarters,declarative,6,130.9603729248047,11.46497631072998,0.18204566836357117
smollm2_360m_base,headquarters:9,headquarters,declarative,7,149.5172882080078,23.601669311523438,0.19210880994796753
smollm2_360m_base,headquarters:9,headquarters,declarative,8,164.8296661376953,28.474313735961914,0.22288313508033752
smollm2_360m_base,headquarters:9,headquarters,declarative,9,179.85260009765625,12.340109825134277,0.21568593382835388
smollm2_360m_base,headquarters:9,headquarters,declarative,10,185.4537353515625,19.027034759521484,0.19873769581317902
smollm2_360m_base,headquarters:9,headquarters,declarative,11,196.6934356689453,20.400718688964844,0.20237469673156738
smollm2_360m_base,headquarters:9,headquarters,declarative,12,210.1375274658203,22.47937774658203,0.21517916023731232
smollm2_360m_base,headquarters:9,headquarters,declarative,13,211.48193359375,26.445592880249023,0.20453348755836487
smollm2_360m_base,headquarters:9,headquarters,declarative,14,232.67218017578125,39.7162971496582,0.21550250053405762
smollm2_360m_base,headquarters:9,headquarters,declarative,15,252.44424438476562,41.83164596557617,0.2376396656036377
smollm2_360m_base,headquarters:9,headquarters,declarative,16,268.7179260253906,34.73625564575195,0.23644955456256866
smollm2_360m_base,headquarters:9,headquarters,declarative,17,264.33837890625,35.00754165649414,0.2283645123243332
smollm2_360m_base,headquarters:9,headquarters,declarative,18,266.3912353515625,37.03392028808594,0.2201857566833496
smollm2_360m_base,headquarters:9,headquarters,declarative,19,281.5201721191406,26.40239143371582,0.23611851036548615
smollm2_360m_base,headquarters:9,headquarters,declarative,20,290.69122314453125,24.071319580078125,0.2498316764831543
smollm2_360m_base,headquarters:9,headquarters,declarative,21,343.20965576171875,32.812992095947266,0.2635888159275055
smollm2_360m_base,headquarters:9,headquarters,declarative,22,383.4869079589844,45.1019287109375,0.3577839732170105
smollm2_360m_base,headquarters:9,headquarters,declarative,23,432.0269775390625,88.47026824951172,0.32304590940475464
smollm2_360m_base,headquarters:9,headquarters,declarative,24,512.026611328125,57.82667922973633,0.3273884654045105
smollm2_360m_base,headquarters:9,headquarters,declarative,25,558.5448608398438,42.1973876953125,0.3335929214954376
smollm2_360m_base,headquarters:9,headquarters,declarative,26,702.51513671875,125.330322265625,0.35104602575302124
smollm2_360m_base,headquarters:9,headquarters,declarative,27,796.9168090820312,105.86758422851562,0.402712881565094
smollm2_360m_base,headquarters:9,headquarters,declarative,28,971.177978515625,99.9590072631836,0.4569099545478821
smollm2_360m_base,headquarters:9,headquarters,declarative,29,1177.67236328125,96.30701446533203,0.49382954835891724
smollm2_360m_base,headquarters:9,headquarters,declarative,30,1317.7186279296875,91.5848388671875,0.5277300477027893
smollm2_360m_base,headquarters:9,headquarters,declarative,31,65.73837280273438,92.42965698242188,0.6457409858703613
smollm2_360m_base,headquarters:9,headquarters,qa,0,53.76156234741211,4.677130222320557,0.07563436031341553
smollm2_360m_base,headquarters:9,headquarters,qa,1,70.4478759765625,15.96693229675293,0.13012385368347168
smollm2_360m_base,headquarters:9,headquarters,qa,2,85.81077575683594,15.454188346862793,0.14120438694953918
smollm2_360m_base,headquarters:9,headquarters,qa,3,101.63968658447266,14.883219718933105,0.16642995178699493
smollm2_360m_base,headquarters:9,headquarters,qa,4,107.69410705566406,18.949077606201172,0.17935188114643097
smollm2_360m_base,headquarters:9,headquarters,qa,5,120.11335754394531,23.94110870361328,0.17900821566581726
smollm2_360m_base,headquarters:9,headquarters,qa,6,154.4100799560547,39.23154067993164,0.20233897864818573
smollm2_360m_base,headquarters:9,headquarters,qa,7,165.4583740234375,29.4782772064209,0.21399886906147003
smollm2_360m_base,headquarters:9,headquarters,qa,8,164.78033447265625,21.772621154785156,0.21724772453308105
smollm2_360m_base,headquarters:9,headquarters,qa,9,179.2227325439453,28.331451416015625,0.2092076987028122
smollm2_360m_base,headquarters:9,headquarters,qa,10,172.99049377441406,17.475282669067383,0.18780070543289185
smollm2_360m_base,headquarters:9,headquarters,qa,11,174.0185546875,15.264676094055176,0.20210587978363037
smollm2_360m_base,headquarters:9,headquarters,qa,12,184.860107421875,20.361635208129883,0.19974979758262634
smollm2_360m_base,headquarters:9,headquarters,qa,13,195.08819580078125,20.55555534362793,0.19874699413776398
smollm2_360m_base,headquarters:9,headquarters,qa,14,201.6585235595703,31.342941284179688,0.20314602553844452
smollm2_360m_base,headquarters:9,headquarters,qa,15,217.36253356933594,35.57002639770508,0.20250587165355682
smollm2_360m_base,headquarters:9,headquarters,qa,16,230.93951416015625,32.23472595214844,0.2000037133693695
smollm2_360m_base,headquarters:9,headquarters,qa,17,243.36398315429688,27.550745010375977,0.20696718990802765
smollm2_360m_base,headquarters:9,headquarters,qa,18,244.03729248046875,32.35947036743164,0.210039421916008
smollm2_360m_base,headquarters:9,headquarters,qa,19,258.57049560546875,30.3619327545166,0.23036709427833557
smollm2_360m_base,headquarters:9,headquarters,qa,20,276.114501953125,39.758975982666016,0.25686612725257874
smollm2_360m_base,headquarters:9,headquarters,qa,21,344.96710205078125,44.17769241333008,0.27761968970298767
smollm2_360m_base,headquarters:9,headquarters,qa,22,372.170166015625,52.660343170166016,0.3678174912929535
smollm2_360m_base,headquarters:9,headquarters,qa,23,428.98431396484375,94.51457214355469,0.33667638897895813
smollm2_360m_base,headquarters:9,headquarters,qa,24,547.1201782226562,72.46133422851562,0.3483213782310486
smollm2_360m_base,headquarters:9,headquarters,qa,25,605.760986328125,49.584251403808594,0.356393039226532
smollm2_360m_base,headquarters:9,headquarters,qa,26,741.6071166992188,94.5038833618164,0.33549922704696655
smollm2_360m_base,headquarters:9,headquarters,qa,27,875.4782104492188,106.42741394042969,0.3238641023635864
smollm2_360m_base,headquarters:9,headquarters,qa,28,1035.027099609375,121.63533782958984,0.3352036476135254
smollm2_360m_base,headquarters:9,headquarters,qa,29,1247.0247802734375,171.4967803955078,0.36707934737205505
smollm2_360m_base,headquarters:9,headquarters,qa,30,1414.58984375,127.93994903564453,0.4319302439689636
smollm2_360m_base,headquarters:9,headquarters,qa,31,75.5910415649414,106.37850952148438,0.6367766261100769
smollm2_360m_base,headquarters:9,headquarters,chat_template,0,51.599403381347656,4.802592754364014,0.07023340463638306
smollm2_360m_base,headquarters:9,headquarters,chat_template,1,71.34601593017578,18.206134796142578,0.08927895128726959
smollm2_360m_base,headquarters:9,headquarters,chat_template,2,80.64407348632812,10.669632911682129,0.11608084291219711
smollm2_360m_base,headquarters:9,headquarters,chat_template,3,92.6120834350586,14.857985496520996,0.1416749358177185
smollm2_360m_base,headquarters:9,headquarters,chat_template,4,104.40596008300781,17.51003074645996,0.15803179144859314
smollm2_360m_base,headquarters:9,headquarters,chat_template,5,116.28718566894531,15.09267520904541,0.1587793529033661
smollm2_360m_base,headquarters:9,headquarters,chat_template,6,125.48430633544922,21.16716194152832,0.17131011188030243
smollm2_360m_base,headquarters:9,headquarters,chat_template,7,148.11622619628906,24.611963272094727,0.1914985626935959
smollm2_360m_base,headquarters:9,headquarters,chat_template,8,159.66969299316406,28.005796432495117,0.22098951041698456
smollm2_360m_base,headquarters:9,headquarters,chat_template,9,170.35516357421875,22.48987579345703,0.20990386605262756
smollm2_360m_base,headquarters:9,headquarters,chat_template,10,168.27622985839844,15.181757926940918,0.17632251977920532
smollm2_360m_base,headquarters:9,headquarters,chat_template,11,176.7010040283203,19.021642684936523,0.18668270111083984
smollm2_360m_base,headquarters:9,headquarters,chat_template,12,184.350341796875,22.138952255249023,0.1986682116985321
smollm2_360m_base,headquarters:9,headquarters,chat_template,13,193.8695526123047,22.545019149780273,0.2001984864473343
smollm2_360m_base,headquarters:9,headquarters,chat_template,14,210.16822814941406,27.22264289855957,0.19982054829597473
smollm2_360m_base,headquarters:9,headquarters,chat_template,15,217.4513702392578,25.785400390625,0.20107106864452362
smollm2_360m_base,headquarters:9,headquarters,chat_template,16,238.92208862304688,34.727760314941406,0.21176853775978088
smollm2_360m_base,headquarters:9,headquarters,chat_template,17,252.165283203125,38.377952575683594,0.2309425324201584
smollm2_360m_base,headquarters:9,headquarters,chat_template,18,267.2765808105469,48.004032135009766,0.22937190532684326
smollm2_360m_base,headquarters:9,headquarters,chat_template,19,263.8504333496094,28.945091247558594,0.24769549071788788
smollm2_360m_base,headquarters:9,headquarters,chat_template,20,286.4084167480469,44.554134368896484,0.2688968777656555
smollm2_360m_base,headquarters:9,headquarters,chat_template,21,337.9224853515625,52.410400390625,0.29675936698913574
smollm2_360m_base,headquarters:9,headquarters,chat_template,22,365.90966796875,53.77781295776367,0.38819169998168945
smollm2_360m_base,headquarters:9,headquarters,chat_template,23,417.2186584472656,98.99280548095703,0.3298778235912323
smollm2_360m_base,headquarters:9,headquarters,chat_template,24,543.2177734375,86.52364349365234,0.35527366399765015
smollm2_360m_base,headquarters:9,headquarters,chat_template,25,626.5386352539062,45.37644577026367,0.3747524619102478
smollm2_360m_base,headquarters:9,headquarters,chat_template,26,761.1489868164062,100.09745025634766,0.34544891119003296
smollm2_360m_base,headquarters:9,headquarters,chat_template,27,889.093505859375,123.11598205566406,0.310970664024353
smollm2_360m_base,headquarters:9,headquarters,chat_template,28,1038.35205078125,137.42396545410156,0.31090211868286133
smollm2_360m_base,headquarters:9,headquarters,chat_template,29,1252.8277587890625,172.02542114257812,0.34324902296066284
smollm2_360m_base,headquarters:9,headquarters,chat_template,30,1455.165283203125,152.1726531982422,0.40124139189720154
smollm2_360m_base,headquarters:9,headquarters,chat_template,31,75.15763092041016,113.41372680664062,0.635589599609375
smollm2_360m_base,headquarters:10,headquarters,raw_question,0,61.112022399902344,4.499449729919434,0.09519652277231216
smollm2_360m_base,headquarters:10,headquarters,raw_question,1,80.90876007080078,16.11180877685547,0.09531105309724808
smollm2_360m_base,headquarters:10,headquarters,raw_question,2,92.09695434570312,12.352555274963379,0.12564192712306976
smollm2_360m_base,headquarters:10,headquarters,raw_question,3,84.83812713623047,17.464210510253906,0.13535267114639282
smollm2_360m_base,headquarters:10,headquarters,raw_question,4,101.99931335449219,22.241336822509766,0.16095781326293945
smollm2_360m_base,headquarters:10,headquarters,raw_question,5,119.44773864746094,30.766300201416016,0.16645042598247528
smollm2_360m_base,headquarters:10,headquarters,raw_question,6,133.02114868164062,10.713446617126465,0.17012715339660645
smollm2_360m_base,headquarters:10,headquarters,raw_question,7,149.66494750976562,26.49690055847168,0.18968573212623596
smollm2_360m_base,headquarters:10,headquarters,raw_question,8,159.70497131347656,17.689762115478516,0.20535357296466827
smollm2_360m_base,headquarters:10,headquarters,raw_question,9,168.2098388671875,16.559619903564453,0.20169325172901154
smollm2_360m_base,headquarters:10,headquarters,raw_question,10,166.015869140625,10.745375633239746,0.16715142130851746
smollm2_360m_base,headquarters:10,headquarters,raw_question,11,177.7249298095703,16.99248695373535,0.18585970997810364
smollm2_360m_base,headquarters:10,headquarters,raw_question,12,182.15599060058594,21.451101303100586,0.20711450278759003
smollm2_360m_base,headquarters:10,headquarters,raw_question,13,179.0919952392578,28.298372268676758,0.19370661675930023
smollm2_360m_base,headquarters:10,headquarters,raw_question,14,196.06468200683594,39.262413024902344,0.19766800105571747
smollm2_360m_base,headquarters:10,headquarters,raw_question,15,221.486083984375,36.16705322265625,0.20183415710926056
smollm2_360m_base,headquarters:10,headquarters,raw_question,16,240.6084442138672,32.582157135009766,0.19628793001174927
smollm2_360m_base,headquarters:10,headquarters,raw_question,17,249.25132751464844,33.10560607910156,0.19289204478263855
smollm2_360m_base,headquarters:10,headquarters,raw_question,18,244.45492553710938,38.779300689697266,0.19021019339561462
smollm2_360m_base,headquarters:10,headquarters,raw_question,19,271.36798095703125,28.33558464050293,0.21384277939796448
smollm2_360m_base,headquarters:10,headquarters,raw_question,20,279.0632629394531,23.703676223754883,0.23241277039051056
smollm2_360m_base,headquarters:10,headquarters,raw_question,21,341.49493408203125,43.38753128051758,0.25182098150253296
smollm2_360m_base,headquarters:10,headquarters,raw_question,22,378.2226257324219,37.2470703125,0.3151981234550476
smollm2_360m_base,headquarters:10,headquarters,raw_question,23,432.0085754394531,57.07743835449219,0.2955602705478668
smollm2_360m_base,headquarters:10,headquarters,raw_question,24,528.1142578125,51.350616455078125,0.3128620684146881
smollm2_360m_base,headquarters:10,headquarters,raw_question,25,597.6433715820312,39.3909797668457,0.3105510175228119
smollm2_360m_base,headquarters:10,headquarters,raw_question,26,711.4445190429688,50.25709915161133,0.2920531928539276
smollm2_360m_base,headquarters:10,headquarters,raw_question,27,817.675537109375,75.0371322631836,0.2659783363342285
smollm2_360m_base,headquarters:10,headquarters,raw_question,28,938.902587890625,91.39403533935547,0.26950955390930176
smollm2_360m_base,headquarters:10,headquarters,raw_question,29,1110.2156982421875,133.4127197265625,0.2844049036502838
smollm2_360m_base,headquarters:10,headquarters,raw_question,30,1264.1715087890625,119.4704818725586,0.34083691239356995
smollm2_360m_base,headquarters:10,headquarters,raw_question,31,70.07450103759766,111.78693389892578,0.5897237062454224
smollm2_360m_base,headquarters:10,headquarters,declarative,0,55.84356689453125,4.58884334564209,0.0840233564376831
smollm2_360m_base,headquarters:10,headquarters,declarative,1,76.76652526855469,17.166927337646484,0.11300680786371231
smollm2_360m_base,headquarters:10,headquarters,declarative,2,88.67110443115234,13.376480102539062,0.12542715668678284
smollm2_360m_base,headquarters:10,headquarters,declarative,3,90.29884338378906,18.521074295043945,0.16134272515773773
smollm2_360m_base,headquarters:10,headquarters,declarative,4,107.32818603515625,16.059057235717773,0.1702631413936615
smollm2_360m_base,headquarters:10,headquarters,declarative,5,124.55503845214844,21.799148559570312,0.18343952298164368
smollm2_360m_base,headquarters:10,headquarters,declarative,6,130.80355834960938,11.61520767211914,0.1826431006193161
smollm2_360m_base,headquarters:10,headquarters,declarative,7,149.8500518798828,24.061975479125977,0.1921287477016449
smollm2_360m_base,headquarters:10,headquarters,declarative,8,163.89976501464844,31.405771255493164,0.2239890992641449
smollm2_360m_base,headquarters:10,headquarters,declarative,9,181.2098388671875,11.504279136657715,0.2155286818742752
smollm2_360m_base,headquarters:10,headquarters,declarative,10,184.54531860351562,17.658206939697266,0.20168642699718475
smollm2_360m_base,headquarters:10,headquarters,declarative,11,195.20164489746094,18.015727996826172,0.1995825320482254
smollm2_360m_base,headquarters:10,headquarters,declarative,12,206.99673461914062,22.40030860900879,0.21011927723884583
smollm2_360m_base,headquarters:10,headquarters,declarative,13,205.95603942871094,23.627910614013672,0.19916382431983948
smollm2_360m_base,headquarters:10,headquarters,declarative,14,227.57040405273438,39.699859619140625,0.21188683807849884
smollm2_360m_base,headquarters:10,headquarters,declarative,15,250.30496215820312,36.733341217041016,0.23590750992298126
smollm2_360m_base,headquarters:10,headquarters,declarative,16,267.02874755859375,32.081748962402344,0.23237693309783936
smollm2_360m_base,headquarters:10,headquarters,declarative,17,265.7325744628906,35.37476348876953,0.22888755798339844
smollm2_360m_base,headquarters:10,headquarters,declarative,18,266.4535827636719,37.50416946411133,0.21835604310035706
smollm2_360m_base,headquarters:10,headquarters,declarative,19,282.4393005371094,26.332380294799805,0.23416027426719666
smollm2_360m_base,headquarters:10,headquarters,declarative,20,290.3186950683594,23.727439880371094,0.24616870284080505
smollm2_360m_base,headquarters:10,headquarters,declarative,21,342.88970947265625,31.75892448425293,0.2617014944553375
smollm2_360m_base,headquarters:10,headquarters,declarative,22,382.86224365234375,45.221702575683594,0.35786372423171997
smollm2_360m_base,headquarters:10,headquarters,declarative,23,441.5171813964844,117.26033020019531,0.3238375186920166
smollm2_360m_base,headquarters:10,headquarters,declarative,24,528.9405517578125,60.55200958251953,0.3291800618171692
smollm2_360m_base,headquarters:10,headquarters,declarative,25,566.721923828125,62.8171272277832,0.3416995108127594
smollm2_360m_base,headquarters:10,headquarters,declarative,26,701.4288330078125,125.65499114990234,0.36065226793289185
smollm2_360m_base,headquarters:10,headquarters,declarative,27,835.1263427734375,167.16244506835938,0.42112645506858826
smollm2_360m_base,headquarters:10,headquarters,declarative,28,985.5408935546875,106.50831604003906,0.4925423264503479
smollm2_360m_base,headquarters:10,headquarters,declarative,29,1098.519775390625,121.46641540527344,0.5257347822189331
smollm2_360m_base,headquarters:10,headquarters,declarative,30,1225.972412109375,134.06491088867188,0.5644153356552124
smollm2_360m_base,headquarters:10,headquarters,declarative,31,61.89767837524414,153.72207641601562,0.7156980633735657
smollm2_360m_base,headquarters:10,headquarters,qa,0,54.07796859741211,4.678536415100098,0.07527562230825424
smollm2_360m_base,headquarters:10,headquarters,qa,1,70.70790100097656,15.960223197937012,0.12949763238430023
smollm2_360m_base,headquarters:10,headquarters,qa,2,86.13291931152344,15.477944374084473,0.1408650130033493
smollm2_360m_base,headquarters:10,headquarters,qa,3,102.04710388183594,15.046441078186035,0.16589152812957764
smollm2_360m_base,headquarters:10,headquarters,qa,4,108.13892364501953,19.27191162109375,0.1791999340057373
smollm2_360m_base,headquarters:10,headquarters,qa,5,119.85411834716797,23.807498931884766,0.17792148888111115
smollm2_360m_base,headquarters:10,headquarters,qa,6,152.92166137695312,38.715728759765625,0.20086343586444855
smollm2_360m_base,headquarters:10,headquarters,qa,7,162.56069946289062,28.9615535736084,0.21147629618644714
smollm2_360m_base,headquarters:10,headquarters,qa,8,163.2469940185547,20.577341079711914,0.21451739966869354
smollm2_360m_base,headquarters:10,headquarters,qa,9,180.21624755859375,31.42983627319336,0.20746739208698273
smollm2_360m_base,headquarters:10,headquarters,qa,10,173.21815490722656,18.066692352294922,0.18626855313777924
smollm2_360m_base,headquarters:10,headquarters,qa,11,174.75906372070312,15.88782787322998,0.20236198604106903
smollm2_360m_base,headquarters:10,headquarters,qa,12,185.3411407470703,21.706605911254883,0.2001965045928955
smollm2_360m_base,headquarters:10,headquarters,qa,13,196.13955688476562,19.730627059936523,0.1979864090681076
smollm2_360m_base,headquarters:10,headquarters,qa,14,202.0044708251953,29.58456802368164,0.20051364600658417
smollm2_360m_base,headquarters:10,headquarters,qa,15,217.4830322265625,33.72358322143555,0.20036494731903076
smollm2_360m_base,headquarters:10,headquarters,qa,16,233.12644958496094,31.695358276367188,0.19869951903820038
smollm2_360m_base,headquarters:10,headquarters,qa,17,248.06033325195312,28.358779907226562,0.20881251990795135
smollm2_360m_base,headquarters:10,headquarters,qa,18,248.9210968017578,34.22270965576172,0.2121964991092682
smollm2_360m_base,headquarters:10,headquarters,qa,19,263.8546142578125,31.452489852905273,0.23118583858013153
smollm2_360m_base,headquarters:10,headquarters,qa,20,283.3719482421875,44.810142517089844,0.25904959440231323
smollm2_360m_base,headquarters:10,headquarters,qa,21,351.52642822265625,46.093719482421875,0.2789713740348816
smollm2_360m_base,headquarters:10,headquarters,qa,22,375.9784851074219,50.94047546386719,0.3654588758945465
smollm2_360m_base,headquarters:10,headquarters,qa,23,435.2618408203125,99.9930191040039,0.33552926778793335
smollm2_360m_base,headquarters:10,headquarters,qa,24,554.2637939453125,70.2738037109375,0.34990933537483215
smollm2_360m_base,headquarters:10,headquarters,qa,25,609.4296264648438,55.20681381225586,0.3540269732475281
smollm2_360m_base,headquarters:10,headquarters,qa,26,741.9666137695312,85.36488342285156,0.33825570344924927
smollm2_360m_base,headquarters:10,headquarters,qa,27,870.47216796875,128.7340545654297,0.3107137084007263
smollm2_360m_base,headquarters:10,headquarters,qa,28,1029.9720458984375,123.75641632080078,0.33347287774086
smollm2_360m_base,headquarters:10,headquarters,qa,29,1223.6490478515625,173.94544982910156,0.35343819856643677
smollm2_360m_base,headquarters:10,headquarters,qa,30,1385.7572021484375,129.0361328125,0.42060837149620056
smollm2_360m_base,headquarters:10,headquarters,qa,31,76.06849670410156,120.42955780029297,0.6373807191848755
smollm2_360m_base,headquarters:10,headquarters,chat_template,0,51.50800323486328,4.804047107696533,0.07019083201885223
smollm2_360m_base,headquarters:10,headquarters,chat_template,1,71.26305389404297,18.187904357910156,0.08905349671840668
smollm2_360m_base,headquarters:10,headquarters,chat_template,2,80.34358978271484,10.63355827331543,0.11610941588878632
smollm2_360m_base,headquarters:10,headquarters,chat_template,3,92.1422119140625,14.790874481201172,0.1415555477142334
smollm2_360m_base,headquarters:10,headquarters,chat_template,4,104.54222106933594,17.906034469604492,0.15896403789520264
smollm2_360m_base,headquarters:10,headquarters,chat_template,5,116.27348327636719,15.011093139648438,0.15908974409103394
smollm2_360m_base,headquarters:10,headquarters,chat_template,6,125.68424224853516,21.582612991333008,0.17094334959983826
smollm2_360m_base,headquarters:10,headquarters,chat_template,7,147.75140380859375,24.438180923461914,0.1898791790008545
smollm2_360m_base,headquarters:10,headquarters,chat_template,8,159.55738830566406,26.71978759765625,0.21808643639087677
smollm2_360m_base,headquarters:10,headquarters,chat_template,9,170.61619567871094,22.33710479736328,0.20964451134204865
smollm2_360m_base,headquarters:10,headquarters,chat_template,10,168.1838836669922,15.335211753845215,0.17748042941093445
smollm2_360m_base,headquarters:10,headquarters,chat_template,11,175.8540496826172,18.652971267700195,0.18626634776592255
smollm2_360m_base,headquarters:10,headquarters,chat_template,12,184.0305938720703,21.940414428710938,0.19877766072750092
smollm2_360m_base,headquarters:10,headquarters,chat_template,13,194.7694091796875,23.62530517578125,0.20082004368305206
smollm2_360m_base,headquarters:10,headquarters,chat_template,14,210.92684936523438,27.338558197021484,0.20105740427970886
smollm2_360m_base,headquarters:10,headquarters,chat_template,15,217.86216735839844,25.723854064941406,0.20209412276744843
smollm2_360m_base,headquarters:10,headquarters,chat_template,16,240.5968475341797,35.58344268798828,0.21391884982585907
smollm2_360m_base,headquarters:10,headquarters,chat_template,17,251.88320922851562,37.2910270690918,0.23390677571296692
smollm2_360m_base,headquarters:10,headquarters,chat_template,18,266.9797058105469,48.08246994018555,0.23116712272167206
smollm2_360m_base,headquarters:10,headquarters,chat_template,19,262.4806823730469,28.471845626831055,0.2486647069454193
smollm2_360m_base,headquarters:10,headquarters,chat_template,20,284.4366455078125,45.232757568359375,0.2693559527397156
smollm2_360m_base,headquarters:10,headquarters,chat_template,21,338.9690246582031,52.7652702331543,0.2996445596218109
smollm2_360m_base,headquarters:10,headquarters,chat_template,22,367.6421203613281,52.69599533081055,0.39331352710723877
smollm2_360m_base,headquarters:10,headquarters,chat_template,23,418.2235412597656,100.16827392578125,0.33446401357650757
smollm2_360m_base,headquarters:10,headquarters,chat_template,24,549.527099609375,86.83834075927734,0.35784631967544556
smollm2_360m_base,headquarters:10,headquarters,chat_template,25,632.7756958007812,55.06359100341797,0.3812771737575531
smollm2_360m_base,headquarters:10,headquarters,chat_template,26,765.1554565429688,78.61424255371094,0.3523097634315491
smollm2_360m_base,headquarters:10,headquarters,chat_template,27,901.82421875,157.9686279296875,0.31110280752182007
smollm2_360m_base,headquarters:10,headquarters,chat_template,28,1055.306640625,135.11483764648438,0.3270901143550873
smollm2_360m_base,headquarters:10,headquarters,chat_template,29,1269.51806640625,169.2197723388672,0.35410863161087036
smollm2_360m_base,headquarters:10,headquarters,chat_template,30,1455.8277587890625,145.6386260986328,0.4217403531074524
smollm2_360m_base,headquarters:10,headquarters,chat_template,31,75.86643981933594,117.53189849853516,0.6532589793205261
smollm2_360m_base,headquarters:11,headquarters,raw_question,0,60.9080810546875,4.495446681976318,0.09580306708812714
smollm2_360m_base,headquarters:11,headquarters,raw_question,1,80.35890197753906,15.563942909240723,0.09607330709695816
smollm2_360m_base,headquarters:11,headquarters,raw_question,2,91.5562515258789,12.151524543762207,0.12583693861961365
smollm2_360m_base,headquarters:11,headquarters,raw_question,3,84.31241607666016,16.949752807617188,0.134238138794899
smollm2_360m_base,headquarters:11,headquarters,raw_question,4,100.7901382446289,21.676410675048828,0.159328892827034
smollm2_360m_base,headquarters:11,headquarters,raw_question,5,118.62442016601562,31.012163162231445,0.16794562339782715
smollm2_360m_base,headquarters:11,headquarters,raw_question,6,132.54891967773438,10.978536605834961,0.17037925124168396
smollm2_360m_base,headquarters:11,headquarters,raw_question,7,150.12696838378906,27.523862838745117,0.19093391299247742
smollm2_360m_base,headquarters:11,headquarters,raw_question,8,158.76356506347656,17.55379867553711,0.20799875259399414
smollm2_360m_base,headquarters:11,headquarters,raw_question,9,166.58639526367188,18.02535057067871,0.20605306327342987
smollm2_360m_base,headquarters:11,headquarters,raw_question,10,164.93887329101562,11.575556755065918,0.16916856169700623
smollm2_360m_base,headquarters:11,headquarters,raw_question,11,178.553955078125,18.195388793945312,0.1880500614643097
smollm2_360m_base,headquarters:11,headquarters,raw_question,12,182.06875610351562,22.690332412719727,0.20899276435375214
smollm2_360m_base,headquarters:11,headquarters,raw_question,13,177.66709899902344,29.619447708129883,0.19715502858161926
smollm2_360m_base,headquarters:11,headquarters,raw_question,14,195.61683654785156,39.18351745605469,0.1990252286195755
smollm2_360m_base,headquarters:11,headquarters,raw_question,15,222.10873413085938,38.838661193847656,0.20448729395866394
smollm2_360m_base,headquarters:11,headquarters,raw_question,16,241.27359008789062,34.87074661254883,0.19881859421730042
smollm2_360m_base,headquarters:11,headquarters,raw_question,17,249.9417724609375,32.02899932861328,0.1959228217601776
smollm2_360m_base,headquarters:11,headquarters,raw_question,18,247.17620849609375,38.71470642089844,0.19411464035511017
smollm2_360m_base,headquarters:11,headquarters,raw_question,19,272.0401306152344,28.266176223754883,0.21787700057029724
smollm2_360m_base,headquarters:11,headquarters,raw_question,20,279.6825866699219,24.127254486083984,0.23657488822937012
smollm2_360m_base,headquarters:11,headquarters,raw_question,21,342.76885986328125,43.204105377197266,0.25319790840148926
smollm2_360m_base,headquarters:11,headquarters,raw_question,22,382.53863525390625,37.73662567138672,0.318092405796051
smollm2_360m_base,headquarters:11,headquarters,raw_question,23,431.77313232421875,49.87769317626953,0.29775571823120117
smollm2_360m_base,headquarters:11,headquarters,raw_question,24,529.98046875,51.12799072265625,0.3114392161369324
smollm2_360m_base,headquarters:11,headquarters,raw_question,25,604.1304321289062,40.653560638427734,0.30989870429039
smollm2_360m_base,headquarters:11,headquarters,raw_question,26,714.5838623046875,56.378604888916016,0.29022154211997986
smollm2_360m_base,headquarters:11,headquarters,raw_question,27,823.79833984375,59.74916458129883,0.2631523013114929
smollm2_360m_base,headquarters:11,headquarters,raw_question,28,940.6356201171875,81.37737274169922,0.2616817355155945
smollm2_360m_base,headquarters:11,headquarters,raw_question,29,1122.2999267578125,143.66583251953125,0.27193009853363037
smollm2_360m_base,headquarters:11,headquarters,raw_question,30,1284.2476806640625,135.23220825195312,0.3392680287361145
smollm2_360m_base,headquarters:11,headquarters,raw_question,31,68.13919067382812,107.20040893554688,0.5898336172103882
smollm2_360m_base,headquarters:11,headquarters,declarative,0,56.78746795654297,4.549042701721191,0.08642932027578354
smollm2_360m_base,headquarters:11,headquarters,declarative,1,76.7987289428711,17.058847427368164,0.11140940338373184
smollm2_360m_base,headquarters:11,headquarters,declarative,2,88.47262573242188,13.358316421508789,0.12543027102947235
smollm2_360m_base,headquarters:11,headquarters,declarative,3,90.67564392089844,18.436960220336914,0.16087770462036133
smollm2_360m_base,headquarters:11,headquarters,declarative,4,106.81877136230469,15.637907028198242,0.17040379345417023
smollm2_360m_base,headquarters:11,headquarters,declarative,5,124.01814270019531,21.659955978393555,0.182387113571167
smollm2_360m_base,headquarters:11,headquarters,declarative,6,130.01194763183594,11.63484001159668,0.18236050009727478
smollm2_360m_base,headquarters:11,headquarters,declarative,7,149.41941833496094,23.872032165527344,0.19258961081504822
smollm2_360m_base,headquarters:11,headquarters,declarative,8,161.99583435058594,28.354854583740234,0.22247323393821716
smollm2_360m_base,headquarters:11,headquarters,declarative,9,176.9484100341797,11.97960090637207,0.2136213481426239
smollm2_360m_base,headquarters:11,headquarters,declarative,10,183.19752502441406,17.527029037475586,0.19836102426052094
smollm2_360m_base,headquarters:11,headquarters,declarative,11,194.1428680419922,19.51992416381836,0.20012636482715607
smollm2_360m_base,headquarters:11,headquarters,declarative,12,207.2346954345703,22.952863693237305,0.2132197916507721
smollm2_360m_base,headquarters:11,headquarters,declarative,13,206.76275634765625,24.66577911376953,0.20070581138134003
smollm2_360m_base,headquarters:11,headquarters,declarative,14,226.95355224609375,39.03470230102539,0.21117854118347168
smollm2_360m_base,headquarters:11,headquarters,declarative,15,249.2480926513672,42.1358528137207,0.2348843812942505
smollm2_360m_base,headquarters:11,headquarters,declarative,16,268.4381408691406,35.15668869018555,0.23275062441825867
smollm2_360m_base,headquarters:11,headquarters,declarative,17,264.6514892578125,34.428565979003906,0.2264893352985382
smollm2_360m_base,headquarters:11,headquarters,declarative,18,265.4797668457031,35.95301818847656,0.2161923199892044
smollm2_360m_base,headquarters:11,headquarters,declarative,19,282.0285339355469,25.627933502197266,0.23204031586647034
smollm2_360m_base,headquarters:11,headquarters,declarative,20,291.2439880371094,23.86493492126465,0.2458474189043045
smollm2_360m_base,headquarters:11,headquarters,declarative,21,345.06622314453125,36.164344787597656,0.2601464092731476
smollm2_360m_base,headquarters:11,headquarters,declarative,22,385.7648010253906,43.108245849609375,0.35755807161331177
smollm2_360m_base,headquarters:11,headquarters,declarative,23,431.77093505859375,95.2261734008789,0.32200542092323303
smollm2_360m_base,headquarters:11,headquarters,declarative,24,517.77587890625,59.69464111328125,0.3260281980037689
smollm2_360m_base,headquarters:11,headquarters,declarative,25,570.9976196289062,56.43150329589844,0.3321532607078552
smollm2_360m_base,headquarters:11,headquarters,declarative,26,717.6964111328125,142.84677124023438,0.3539283275604248
smollm2_360m_base,headquarters:11,headquarters,declarative,27,844.3220825195312,134.33856201171875,0.41057419776916504
smollm2_360m_base,headquarters:11,headquarters,declarative,28,991.4815673828125,112.7945556640625,0.4895094931125641
smollm2_360m_base,headquarters:11,headquarters,declarative,29,1175.388427734375,85.96253204345703,0.5088855028152466
smollm2_360m_base,headquarters:11,headquarters,declarative,30,1315.94873046875,108.74009704589844,0.5453653335571289
smollm2_360m_base,headquarters:11,headquarters,declarative,31,62.346839904785156,95.05297088623047,0.6837479472160339
smollm2_360m_base,headquarters:11,headquarters,qa,0,53.77204895019531,4.680908679962158,0.07561741769313812
smollm2_360m_base,headquarters:11,headquarters,qa,1,70.47342681884766,15.959135055541992,0.13099655508995056
smollm2_360m_base,headquarters:11,headquarters,qa,2,85.88265991210938,15.409311294555664,0.14221136271953583
smollm2_360m_base,headquarters:11,headquarters,qa,3,102.32471466064453,14.994365692138672,0.16715030372142792
smollm2_360m_base,headquarters:11,headquarters,qa,4,108.16221618652344,19.118976593017578,0.18012937903404236
smollm2_360m_base,headquarters:11,headquarters,qa,5,119.22310638427734,23.344287872314453,0.17803840339183807
smollm2_360m_base,headquarters:11,headquarters,qa,6,151.90985107421875,39.19140625,0.201262429356575
smollm2_360m_base,headquarters:11,headquarters,qa,7,162.7131805419922,30.187110900878906,0.21363565325737
smollm2_360m_base,headquarters:11,headquarters,qa,8,163.27992248535156,21.795703887939453,0.21700961887836456
smollm2_360m_base,headquarters:11,headquarters,qa,9,179.4271697998047,28.705066680908203,0.21072180569171906
smollm2_360m_base,headquarters:11,headquarters,qa,10,173.5601348876953,17.357086181640625,0.1890663504600525
smollm2_360m_base,headquarters:11,headquarters,qa,11,174.46200561523438,15.30017375946045,0.20310159027576447
smollm2_360m_base,headquarters:11,headquarters,qa,12,184.34474182128906,19.915267944335938,0.19956621527671814
smollm2_360m_base,headquarters:11,headquarters,qa,13,193.8345947265625,19.9639835357666,0.19704069197177887
smollm2_360m_base,headquarters:11,headquarters,qa,14,201.69068908691406,32.19110107421875,0.20406997203826904
smollm2_360m_base,headquarters:11,headquarters,qa,15,217.5331268310547,35.792808532714844,0.20338258147239685
smollm2_360m_base,headquarters:11,headquarters,qa,16,231.62718200683594,33.69696807861328,0.2012557089328766
smollm2_360m_base,headquarters:11,headquarters,qa,17,244.4085235595703,27.350645065307617,0.2072267234325409
smollm2_360m_base,headquarters:11,headquarters,qa,18,246.43161010742188,32.05477523803711,0.20982018113136292
smollm2_360m_base,headquarters:11,headquarters,qa,19,260.87139892578125,30.694650650024414,0.22945860028266907
smollm2_360m_base,headquarters:11,headquarters,qa,20,277.26947021484375,40.481895446777344,0.25739285349845886
smollm2_360m_base,headquarters:11,headquarters,qa,21,347.2276916503906,44.83937072753906,0.27516496181488037
smollm2_360m_base,headquarters:11,headquarters,qa,22,374.6133728027344,51.89311981201172,0.36596885323524475
smollm2_360m_base,headquarters:11,headquarters,qa,23,427.14813232421875,97.19245147705078,0.33416613936424255
smollm2_360m_base,headquarters:11,headquarters,qa,24,543.433349609375,69.62528991699219,0.3448449969291687
smollm2_360m_base,headquarters:11,headquarters,qa,25,604.9533081054688,53.311737060546875,0.3517833948135376
smollm2_360m_base,headquarters:11,headquarters,qa,26,737.5464477539062,99.22798919677734,0.3347465395927429
smollm2_360m_base,headquarters:11,headquarters,qa,27,873.0357666015625,98.61748504638672,0.3239895701408386
smollm2_360m_base,headquarters:11,headquarters,qa,28,1030.6202392578125,108.86296081542969,0.35038304328918457
smollm2_360m_base,headquarters:11,headquarters,qa,29,1262.455078125,176.24105834960938,0.3667760491371155
smollm2_360m_base,headquarters:11,headquarters,qa,30,1422.8927001953125,136.44036865234375,0.4369394779205322
smollm2_360m_base,headquarters:11,headquarters,qa,31,73.07428741455078,102.54013061523438,0.6464244723320007
smollm2_360m_base,headquarters:11,headquarters,chat_template,0,51.59864807128906,4.803313732147217,0.07024482637643814
smollm2_360m_base,headquarters:11,headquarters,chat_template,1,71.6121826171875,18.261327743530273,0.0894760712981224
smollm2_360m_base,headquarters:11,headquarters,chat_template,2,80.41334533691406,10.530208587646484,0.11619974672794342
smollm2_360m_base,headquarters:11,headquarters,chat_template,3,92.65547180175781,14.912585258483887,0.14207366108894348
smollm2_360m_base,headquarters:11,headquarters,chat_template,4,104.60623168945312,17.822011947631836,0.15884147584438324
smollm2_360m_base,headquarters:11,headquarters,chat_template,5,116.33863067626953,15.107592582702637,0.15959179401397705
smollm2_360m_base,headquarters:11,headquarters,chat_template,6,126.04076385498047,21.8366641998291,0.17176175117492676
smollm2_360m_base,headquarters:11,headquarters,chat_template,7,148.38121032714844,24.493356704711914,0.1916380226612091
smollm2_360m_base,headquarters:11,headquarters,chat_template,8,160.66275024414062,27.510025024414062,0.22007766366004944
smollm2_360m_base,headquarters:11,headquarters,chat_template,9,171.1900634765625,22.283540725708008,0.20884056389331818
smollm2_360m_base,headquarters:11,headquarters,chat_template,10,169.6263885498047,15.15224552154541,0.17618010938167572
smollm2_360m_base,headquarters:11,headquarters,chat_template,11,177.443359375,18.358308792114258,0.18738260865211487
smollm2_360m_base,headquarters:11,headquarters,chat_template,12,185.5340118408203,21.483400344848633,0.19880974292755127
smollm2_360m_base,headquarters:11,headquarters,chat_template,13,195.52865600585938,22.77436065673828,0.20082521438598633
smollm2_360m_base,headquarters:11,headquarters,chat_template,14,210.9246368408203,27.26437759399414,0.2001827210187912
smollm2_360m_base,headquarters:11,headquarters,chat_template,15,217.50877380371094,25.599958419799805,0.20118656754493713
smollm2_360m_base,headquarters:11,headquarters,chat_template,16,238.6997833251953,34.95367431640625,0.21189117431640625
smollm2_360m_base,headquarters:11,headquarters,chat_template,17,251.57044982910156,37.72283172607422,0.23175103962421417
smollm2_360m_base,headquarters:11,headquarters,chat_template,18,266.7604675292969,47.349952697753906,0.2301897555589676
smollm2_360m_base,headquarters:11,headquarters,chat_template,19,263.44818115234375,29.264259338378906,0.24845752120018005
smollm2_360m_base,headquarters:11,headquarters,chat_template,20,286.7972412109375,46.33652877807617,0.2696632742881775
smollm2_360m_base,headquarters:11,headquarters,chat_template,21,339.0137939453125,53.05571365356445,0.3000173568725586
smollm2_360m_base,headquarters:11,headquarters,chat_template,22,366.6669616699219,52.93328094482422,0.3928893804550171
smollm2_360m_base,headquarters:11,headquarters,chat_template,23,415.4156188964844,100.83201599121094,0.33435574173927307
smollm2_360m_base,headquarters:11,headquarters,chat_template,24,541.8828125,87.29434967041016,0.35959506034851074
smollm2_360m_base,headquarters:11,headquarters,chat_template,25,628.3200073242188,57.262691497802734,0.3791322708129883
smollm2_360m_base,headquarters:11,headquarters,chat_template,26,765.2384033203125,115.02286529541016,0.3509904444217682
smollm2_360m_base,headquarters:11,headquarters,chat_template,27,901.5433349609375,126.02593994140625,0.3219083249568939
smollm2_360m_base,headquarters:11,headquarters,chat_template,28,1037.0489501953125,127.27306365966797,0.3404000401496887
smollm2_360m_base,headquarters:11,headquarters,chat_template,29,1269.0181884765625,169.35324096679688,0.35318151116371155
smollm2_360m_base,headquarters:11,headquarters,chat_template,30,1448.9061279296875,148.8722686767578,0.4245994985103607
smollm2_360m_base,headquarters:11,headquarters,chat_template,31,74.68941497802734,109.36354064941406,0.6485925912857056
smollm2_360m_base,birth_place:0,birth_place,raw_question,0,69.67705535888672,4.527157783508301,0.09967632591724396
smollm2_360m_base,birth_place:0,birth_place,raw_question,1,87.8677749633789,15.035247802734375,0.09466459602117538
smollm2_360m_base,birth_place:0,birth_place,raw_question,2,103.43212127685547,17.253398895263672,0.12994268536567688
smollm2_360m_base,birth_place:0,birth_place,raw_question,3,85.63766479492188,22.314661026000977,0.13133104145526886
smollm2_360m_base,birth_place:0,birth_place,raw_question,4,101.4300537109375,19.960254669189453,0.15526695549488068
smollm2_360m_base,birth_place:0,birth_place,raw_question,5,123.6618881225586,32.43234634399414,0.1720069795846939
smollm2_360m_base,birth_place:0,birth_place,raw_question,6,136.576416015625,13.328600883483887,0.17385180294513702
smollm2_360m_base,birth_place:0,birth_place,raw_question,7,151.81675720214844,25.56529426574707,0.1903233379125595
smollm2_360m_base,birth_place:0,birth_place,raw_question,8,161.25343322753906,20.430007934570312,0.20250864326953888
smollm2_360m_base,birth_place:0,birth_place,raw_question,9,169.3112030029297,16.700817108154297,0.19518518447875977
smollm2_360m_base,birth_place:0,birth_place,raw_question,10,171.0980987548828,13.530954360961914,0.16681532561779022
smollm2_360m_base,birth_place:0,birth_place,raw_question,11,187.07676696777344,17.185791015625,0.1784207671880722
smollm2_360m_base,birth_place:0,birth_place,raw_question,12,190.77809143066406,23.18484878540039,0.19640229642391205
smollm2_360m_base,birth_place:0,birth_place,raw_question,13,190.40093994140625,27.121967315673828,0.19124658405780792
smollm2_360m_base,birth_place:0,birth_place,raw_question,14,201.1505889892578,33.711669921875,0.1996515691280365
smollm2_360m_base,birth_place:0,birth_place,raw_question,15,217.2835693359375,34.1754150390625,0.20579376816749573
smollm2_360m_base,birth_place:0,birth_place,raw_question,16,238.81236267089844,34.483394622802734,0.20327910780906677
smollm2_360m_base,birth_place:0,birth_place,raw_question,17,245.12838745117188,34.16328811645508,0.20571346580982208
smollm2_360m_base,birth_place:0,birth_place,raw_question,18,251.42225646972656,38.85612487792969,0.1974361091852188
smollm2_360m_base,birth_place:0,birth_place,raw_question,19,284.7338562011719,29.02461051940918,0.22994308173656464
smollm2_360m_base,birth_place:0,birth_place,raw_question,20,293.3795471191406,26.181787490844727,0.24396538734436035
smollm2_360m_base,birth_place:0,birth_place,raw_question,21,367.857177734375,47.612552642822266,0.26592692732810974
smollm2_360m_base,birth_place:0,birth_place,raw_question,22,392.53460693359375,44.804595947265625,0.314805805683136
smollm2_360m_base,birth_place:0,birth_place,raw_question,23,458.021728515625,58.54719924926758,0.30798444151878357
smollm2_360m_base,birth_place:0,birth_place,raw_question,24,545.6886596679688,52.91819763183594,0.3284883499145508
smollm2_360m_base,birth_place:0,birth_place,raw_question,25,626.3546142578125,50.78178024291992,0.325357586145401
smollm2_360m_base,birth_place:0,birth_place,raw_question,26,767.480224609375,80.16395568847656,0.30265673995018005
smollm2_360m_base,birth_place:0,birth_place,raw_question,27,878.2091064453125,80.25545501708984,0.2698405683040619
smollm2_360m_base,birth_place:0,birth_place,raw_question,28,995.2849731445312,122.5323715209961,0.2646973729133606
smollm2_360m_base,birth_place:0,birth_place,raw_question,29,1184.9500732421875,168.30506896972656,0.28773292899131775
smollm2_360m_base,birth_place:0,birth_place,raw_question,30,1358.32763671875,131.69635009765625,0.337157666683197
smollm2_360m_base,birth_place:0,birth_place,raw_question,31,70.9288330078125,111.51616668701172,0.5896357297897339
smollm2_360m_base,birth_place:0,birth_place,declarative,0,64.80175018310547,4.405470848083496,0.08699806779623032
smollm2_360m_base,birth_place:0,birth_place,declarative,1,82.71514129638672,20.018587112426758,0.12361832708120346
smollm2_360m_base,birth_place:0,birth_place,declarative,2,98.15479278564453,19.065860748291016,0.13988463580608368
smollm2_360m_base,birth_place:0,birth_place,declarative,3,97.8635482788086,21.43564796447754,0.16145487129688263
smollm2_360m_base,birth_place:0,birth_place,declarative,4,100.91246032714844,9.940252304077148,0.17612531781196594
smollm2_360m_base,birth_place:0,birth_place,declarative,5,127.6059799194336,32.363487243652344,0.1938302367925644
smollm2_360m_base,birth_place:0,birth_place,declarative,6,146.58424377441406,16.11243438720703,0.19687499105930328
smollm2_360m_base,birth_place:0,birth_place,declarative,7,173.6065216064453,24.129674911499023,0.20933935046195984
smollm2_360m_base,birth_place:0,birth_place,declarative,8,176.30615234375,21.72399139404297,0.21603722870349884
smollm2_360m_base,birth_place:0,birth_place,declarative,9,188.84298706054688,13.507709503173828,0.21024850010871887
smollm2_360m_base,birth_place:0,birth_place,declarative,10,191.1878204345703,14.159865379333496,0.1978723704814911
smollm2_360m_base,birth_place:0,birth_place,declarative,11,203.84146118164062,19.66208267211914,0.20473234355449677
smollm2_360m_base,birth_place:0,birth_place,declarative,12,211.25587463378906,24.01290512084961,0.21176286041736603
smollm2_360m_base,birth_place:0,birth_place,declarative,13,213.61862182617188,26.792512893676758,0.1997804343700409
smollm2_360m_base,birth_place:0,birth_place,declarative,14,226.3747100830078,35.40166473388672,0.2124435007572174
smollm2_360m_base,birth_place:0,birth_place,declarative,15,241.29054260253906,35.566593170166016,0.22810323536396027
smollm2_360m_base,birth_place:0,birth_place,declarative,16,254.71463012695312,36.16752624511719,0.22328051924705505
smollm2_360m_base,birth_place:0,birth_place,declarative,17,255.9161834716797,36.24883270263672,0.21201029419898987
smollm2_360m_base,birth_place:0,birth_place,declarative,18,263.47607421875,34.14859390258789,0.21898813545703888
smollm2_360m_base,birth_place:0,birth_place,declarative,19,276.5513000488281,27.942235946655273,0.2342720478773117
smollm2_360m_base,birth_place:0,birth_place,declarative,20,290.069091796875,25.785320281982422,0.25349047780036926
smollm2_360m_base,birth_place:0,birth_place,declarative,21,334.35223388671875,32.71040344238281,0.26873570680618286
smollm2_360m_base,birth_place:0,birth_place,declarative,22,373.93731689453125,46.9351806640625,0.3477071225643158
smollm2_360m_base,birth_place:0,birth_place,declarative,23,415.7000732421875,88.03685760498047,0.31952109932899475
smollm2_360m_base,birth_place:0,birth_place,declarative,24,472.3477783203125,57.34590530395508,0.31810301542282104
smollm2_360m_base,birth_place:0,birth_place,declarative,25,510.2290344238281,55.335044860839844,0.3232063353061676
smollm2_360m_base,birth_place:0,birth_place,declarative,26,611.8731079101562,109.70264434814453,0.35420259833335876
smollm2_360m_base,birth_place:0,birth_place,declarative,27,709.3893432617188,128.6310272216797,0.3945753276348114
smollm2_360m_base,birth_place:0,birth_place,declarative,28,845.0093994140625,72.83763885498047,0.4503147602081299
smollm2_360m_base,birth_place:0,birth_place,declarative,29,1047.711181640625,94.3738784790039,0.5108062624931335
smollm2_360m_base,birth_place:0,birth_place,declarative,30,1189.7032470703125,85.50116729736328,0.5232922434806824
smollm2_360m_base,birth_place:0,birth_place,declarative,31,64.75558471679688,110.92160034179688,0.6358353495597839
smollm2_360m_base,birth_place:0,birth_place,qa,0,54.1000862121582,4.645552158355713,0.07674835622310638
smollm2_360m_base,birth_place:0,birth_place,qa,1,70.616943359375,16.303829193115234,0.13179847598075867
smollm2_360m_base,birth_place:0,birth_place,qa,2,85.88560485839844,16.03565788269043,0.14321072399616241
smollm2_360m_base,birth_place:0,birth_place,qa,3,100.89354705810547,15.438465118408203,0.16929705440998077
smollm2_360m_base,birth_place:0,birth_place,qa,4,107.56266021728516,19.845260620117188,0.18187089264392853
smollm2_360m_base,birth_place:0,birth_place,qa,5,116.83686065673828,21.714134216308594,0.17719830572605133
smollm2_360m_base,birth_place:0,birth_place,qa,6,150.52989196777344,38.314727783203125,0.20042535662651062
smollm2_360m_base,birth_place:0,birth_place,qa,7,166.3189697265625,26.846540451049805,0.21161465346813202
smollm2_360m_base,birth_place:0,birth_place,qa,8,168.36585998535156,22.41081428527832,0.21593430638313293
smollm2_360m_base,birth_place:0,birth_place,qa,9,184.9212188720703,34.031612396240234,0.2083597630262375
smollm2_360m_base,birth_place:0,birth_place,qa,10,177.57984924316406,20.99444007873535,0.19025477766990662
smollm2_360m_base,birth_place:0,birth_place,qa,11,178.77784729003906,17.018587112426758,0.20536017417907715
smollm2_360m_base,birth_place:0,birth_place,qa,12,187.6983642578125,27.625606536865234,0.2049020230770111
smollm2_360m_base,birth_place:0,birth_place,qa,13,196.19984436035156,20.378055572509766,0.19833117723464966
smollm2_360m_base,birth_place:0,birth_place,qa,14,205.1611785888672,36.688106536865234,0.20552897453308105
smollm2_360m_base,birth_place:0,birth_place,qa,15,225.218505859375,35.669395446777344,0.20924749970436096
smollm2_360m_base,birth_place:0,birth_place,qa,16,245.45657348632812,37.60951614379883,0.21276898682117462
smollm2_360m_base,birth_place:0,birth_place,qa,17,254.86260986328125,30.037031173706055,0.21813654899597168
smollm2_360m_base,birth_place:0,birth_place,qa,18,254.21412658691406,34.539241790771484,0.2212846279144287
smollm2_360m_base,birth_place:0,birth_place,qa,19,268.7613220214844,36.779640197753906,0.23878367245197296
smollm2_360m_base,birth_place:0,birth_place,qa,20,281.2869567871094,48.7614631652832,0.26593148708343506
smollm2_360m_base,birth_place:0,birth_place,qa,21,344.85296630859375,45.95322799682617,0.2836664617061615
smollm2_360m_base,birth_place:0,birth_place,qa,22,380.16888427734375,48.94645309448242,0.37633973360061646
smollm2_360m_base,birth_place:0,birth_place,qa,23,414.52069091796875,81.14495849609375,0.35289984941482544
smollm2_360m_base,birth_place:0,birth_place,qa,24,526.9463500976562,84.9702377319336,0.3572087585926056
smollm2_360m_base,birth_place:0,birth_place,qa,25,591.0112915039062,60.53245544433594,0.359951376914978
smollm2_360m_base,birth_place:0,birth_place,qa,26,752.36474609375,112.75187683105469,0.3631821274757385
smollm2_360m_base,birth_place:0,birth_place,qa,27,893.1734619140625,112.18292999267578,0.3416326642036438
smollm2_360m_base,birth_place:0,birth_place,qa,28,1067.913818359375,161.8907012939453,0.35562604665756226
smollm2_360m_base,birth_place:0,birth_place,qa,29,1250.6143798828125,134.39981079101562,0.3990832269191742
smollm2_360m_base,birth_place:0,birth_place,qa,30,1421.6016845703125,106.7694091796875,0.44171467423439026
smollm2_360m_base,birth_place:0,birth_place,qa,31,77.27469635009766,92.51128387451172,0.6175419092178345
smollm2_360m_base,birth_place:0,birth_place,chat_template,0,51.49234390258789,4.765923023223877,0.07151422649621964
smollm2_360m_base,birth_place:0,birth_place,chat_template,1,71.15728759765625,18.846940994262695,0.08896919339895248
smollm2_360m_base,birth_place:0,birth_place,chat_template,2,80.65760040283203,10.599950790405273,0.1161947101354599
smollm2_360m_base,birth_place:0,birth_place,chat_template,3,93.24536895751953,15.162142753601074,0.1427464783191681
smollm2_360m_base,birth_place:0,birth_place,chat_template,4,105.31629180908203,18.428041458129883,0.15985652804374695
smollm2_360m_base,birth_place:0,birth_place,chat_template,5,117.08501434326172,15.718494415283203,0.1586667001247406
smollm2_360m_base,birth_place:0,birth_place,chat_template,6,125.6792221069336,20.298498153686523,0.17017939686775208
smollm2_360m_base,birth_place:0,birth_place,chat_template,7,149.11924743652344,24.491466522216797,0.1925145536661148
smollm2_360m_base,birth_place:0,birth_place,chat_template,8,160.9709930419922,27.50942039489746,0.21911713480949402
smollm2_360m_base,birth_place:0,birth_place,chat_template,9,169.38290405273438,22.5953369140625,0.20726461708545685
smollm2_360m_base,birth_place:0,birth_place,chat_template,10,168.31300354003906,14.422637939453125,0.1734285056591034
smollm2_360m_base,birth_place:0,birth_place,chat_template,11,178.19639587402344,21.087608337402344,0.18486087024211884
smollm2_360m_base,birth_place:0,birth_place,chat_template,12,182.8695831298828,21.257726669311523,0.19605591893196106
smollm2_360m_base,birth_place:0,birth_place,chat_template,13,190.29476928710938,21.796228408813477,0.1931951344013214
smollm2_360m_base,birth_place:0,birth_place,chat_template,14,207.0208740234375,28.249759674072266,0.1960715502500534
smollm2_360m_base,birth_place:0,birth_place,chat_template,15,219.23301696777344,27.67641830444336,0.20138230919837952
smollm2_360m_base,birth_place:0,birth_place,chat_template,16,243.04429626464844,36.25433349609375,0.2160240113735199
smollm2_360m_base,birth_place:0,birth_place,chat_template,17,259.1252746582031,41.59385681152344,0.2358533889055252
smollm2_360m_base,birth_place:0,birth_place,chat_template,18,271.0271301269531,47.76197814941406,0.23072342574596405
smollm2_360m_base,birth_place:0,birth_place,chat_template,19,267.63177490234375,27.893718719482422,0.24889406561851501
smollm2_360m_base,birth_place:0,birth_place,chat_template,20,284.247314453125,42.3109130859375,0.2709736227989197
smollm2_360m_base,birth_place:0,birth_place,chat_template,21,334.8450927734375,54.77614212036133,0.2976529002189636
smollm2_360m_base,birth_place:0,birth_place,chat_template,22,363.1351623535156,52.69023895263672,0.3891925811767578
smollm2_360m_base,birth_place:0,birth_place,chat_template,23,422.751708984375,100.69368743896484,0.32912251353263855
smollm2_360m_base,birth_place:0,birth_place,chat_template,24,546.0009155273438,76.5408706665039,0.35563206672668457
smollm2_360m_base,birth_place:0,birth_place,chat_template,25,629.5247192382812,60.81382369995117,0.3726184070110321
smollm2_360m_base,birth_place:0,birth_place,chat_template,26,773.137451171875,91.63284301757812,0.3437621295452118
smollm2_360m_base,birth_place:0,birth_place,chat_template,27,901.1051635742188,120.84780883789062,0.30415886640548706
smollm2_360m_base,birth_place:0,birth_place,chat_template,28,1039.4761962890625,163.3946075439453,0.3049948811531067
smollm2_360m_base,birth_place:0,birth_place,chat_template,29,1258.1341552734375,172.93077087402344,0.3353883624076843
smollm2_360m_base,birth_place:0,birth_place,chat_template,30,1473.5810546875,153.664794921875,0.3917457163333893
smollm2_360m_base,birth_place:0,birth_place,chat_template,31,76.34624481201172,118.79888916015625,0.6239392161369324
smollm2_360m_base,birth_place:1,birth_place,raw_question,0,71.37748718261719,4.357546806335449,0.10328574478626251
smollm2_360m_base,birth_place:1,birth_place,raw_question,1,90.38300323486328,15.790365219116211,0.09363801032304764
smollm2_360m_base,birth_place:1,birth_place,raw_question,2,104.388427734375,16.412734985351562,0.13007812201976776
smollm2_360m_base,birth_place:1,birth_place,raw_question,3,84.32121276855469,23.010210037231445,0.13173356652259827
smollm2_360m_base,birth_place:1,birth_place,raw_question,4,101.3102035522461,22.062175750732422,0.16191375255584717
smollm2_360m_base,birth_place:1,birth_place,raw_question,5,123.40451049804688,33.128448486328125,0.17722642421722412
smollm2_360m_base,birth_place:1,birth_place,raw_question,6,134.2169647216797,14.40906810760498,0.1751212626695633
smollm2_360m_base,birth_place:1,birth_place,raw_question,7,147.50555419921875,23.467639923095703,0.19184903800487518
smollm2_360m_base,birth_place:1,birth_place,raw_question,8,155.6009979248047,17.83851432800293,0.20529785752296448
smollm2_360m_base,birth_place:1,birth_place,raw_question,9,164.6088104248047,16.70867347717285,0.1980995386838913
smollm2_360m_base,birth_place:1,birth_place,raw_question,10,165.48646545410156,10.569786071777344,0.17015749216079712
smollm2_360m_base,birth_place:1,birth_place,raw_question,11,178.78280639648438,20.642797470092773,0.1835230439901352
smollm2_360m_base,birth_place:1,birth_place,raw_question,12,180.61038208007812,22.248048782348633,0.20110611617565155
smollm2_360m_base,birth_place:1,birth_place,raw_question,13,180.16458129882812,26.259197235107422,0.18888385593891144
smollm2_360m_base,birth_place:1,birth_place,raw_question,14,191.88125610351562,32.20969772338867,0.19533267617225647
smollm2_360m_base,birth_place:1,birth_place,raw_question,15,213.7989959716797,40.14211654663086,0.2047639787197113
smollm2_360m_base,birth_place:1,birth_place,raw_question,16,237.15994262695312,39.4575080871582,0.20243649184703827
smollm2_360m_base,birth_place:1,birth_place,raw_question,17,241.99978637695312,36.085289001464844,0.19955997169017792
smollm2_360m_base,birth_place:1,birth_place,raw_question,18,244.83616638183594,41.29702377319336,0.19403015077114105
smollm2_360m_base,birth_place:1,birth_place,raw_question,19,274.6127014160156,27.949119567871094,0.22109127044677734
smollm2_360m_base,birth_place:1,birth_place,raw_question,20,288.2393798828125,29.684633255004883,0.2428739070892334
smollm2_360m_base,birth_place:1,birth_place,raw_question,21,355.44378662109375,45.58161926269531,0.26150330901145935
smollm2_360m_base,birth_place:1,birth_place,raw_question,22,389.13543701171875,41.78025817871094,0.3234122097492218
smollm2_360m_base,birth_place:1,birth_place,raw_question,23,450.4891052246094,54.751224517822266,0.304905503988266
smollm2_360m_base,birth_place:1,birth_place,raw_question,24,550.6210327148438,49.148292541503906,0.3269602656364441
smollm2_360m_base,birth_place:1,birth_place,raw_question,25,626.2175903320312,38.06736373901367,0.320980966091156
smollm2_360m_base,birth_place:1,birth_place,raw_question,26,761.5150756835938,58.31298828125,0.2978314757347107
smollm2_360m_base,birth_place:1,birth_place,raw_question,27,863.4241333007812,52.41560745239258,0.26897722482681274
smollm2_360m_base,birth_place:1,birth_place,raw_question,28,989.5787353515625,86.25660705566406,0.2679681181907654
smollm2_360m_base,birth_place:1,birth_place,raw_question,29,1173.6048583984375,164.33877563476562,0.2861427664756775
smollm2_360m_base,birth_place:1,birth_place,raw_question,30,1327.6396484375,131.35523986816406,0.3419572710990906
smollm2_360m_base,birth_place:1,birth_place,raw_question,31,74.07115173339844,115.27552795410156,0.6069811582565308
smollm2_360m_base,birth_place:1,birth_place,declarative,0,67.51921081542969,4.001896381378174,0.10086776316165924
smollm2_360m_base,birth_place:1,birth_place,declarative,1,87.68623352050781,22.23916244506836,0.13237445056438446
smollm2_360m_base,birth_place:1,birth_place,declarative,2,102.36459350585938,18.931610107421875,0.14489129185676575
smollm2_360m_base,birth_place:1,birth_place,declarative,3,99.85846710205078,22.189924240112305,0.1657986342906952
smollm2_360m_base,birth_place:1,birth_place,declarative,4,104.41427612304688,12.894159317016602,0.18231703341007233
smollm2_360m_base,birth_place:1,birth_place,declarative,5,130.29396057128906,33.05385971069336,0.195355623960495
smollm2_360m_base,birth_place:1,birth_place,declarative,6,150.85804748535156,13.519877433776855,0.19800004363059998
smollm2_360m_base,birth_place:1,birth_place,declarative,7,173.32101440429688,31.05784797668457,0.21000666916370392
smollm2_360m_base,birth_place:1,birth_place,declarative,8,182.5501251220703,34.51765441894531,0.22288961708545685
smollm2_360m_base,birth_place:1,birth_place,declarative,9,187.50506591796875,13.78745174407959,0.21910138428211212
smollm2_360m_base,birth_place:1,birth_place,declarative,10,194.05694580078125,19.521770477294922,0.20481637120246887
smollm2_360m_base,birth_place:1,birth_place,declarative,11,205.0663604736328,27.83384895324707,0.2209763526916504
smollm2_360m_base,birth_place:1,birth_place,declarative,12,211.76748657226562,26.041418075561523,0.22013938426971436
smollm2_360m_base,birth_place:1,birth_place,declarative,13,222.609619140625,29.895444869995117,0.2076222002506256
smollm2_360m_base,birth_place:1,birth_place,declarative,14,235.1371612548828,29.294063568115234,0.2169691026210785
smollm2_360m_base,birth_place:1,birth_place,declarative,15,259.64227294921875,37.47106170654297,0.22698235511779785
smollm2_360m_base,birth_place:1,birth_place,declarative,16,285.9280090332031,41.339359283447266,0.2307416945695877
smollm2_360m_base,birth_place:1,birth_place,declarative,17,276.2888488769531,37.946659088134766,0.2239982634782791
smollm2_360m_base,birth_place:1,birth_place,declarative,18,280.99652099609375,33.17371368408203,0.22549232840538025
smollm2_360m_base,birth_place:1,birth_place,declarative,19,303.8294372558594,26.84834098815918,0.24046936631202698
smollm2_360m_base,birth_place:1,birth_place,declarative,20,313.315673828125,22.500873565673828,0.2572750151157379
smollm2_360m_base,birth_place:1,birth_place,declarative,21,339.0175476074219,37.16461181640625,0.2701936364173889
smollm2_360m_base,birth_place:1,birth_place,declarative,22,379.74267578125,49.51637649536133,0.34032607078552246
smollm2_360m_base,birth_place:1,birth_place,declarative,23,435.86712646484375,88.66988372802734,0.3233955502510071
smollm2_360m_base,birth_place:1,birth_place,declarative,24,495.18145751953125,55.45734405517578,0.3340892791748047
smollm2_360m_base,birth_place:1,birth_place,declarative,25,543.8101196289062,60.64988327026367,0.341980516910553
smollm2_360m_base,birth_place:1,birth_place,declarative,26,615.1543579101562,113.06851959228516,0.3845676779747009
smollm2_360m_base,birth_place:1,birth_place,declarative,27,706.1755981445312,121.37098693847656,0.4763575494289398
smollm2_360m_base,birth_place:1,birth_place,declarative,28,861.6272583007812,65.78173065185547,0.569770336151123
smollm2_360m_base,birth_place:1,birth_place,declarative,29,959.12109375,122.86455535888672,0.5848261713981628
smollm2_360m_base,birth_place:1,birth_place,declarative,30,1085.140869140625,123.1016616821289,0.6003936529159546
smollm2_360m_base,birth_place:1,birth_place,declarative,31,51.250064849853516,122.37440490722656,0.6950789093971252
smollm2_360m_base,birth_place:1,birth_place,qa,0,54.389892578125,4.541585922241211,0.07842332124710083
smollm2_360m_base,birth_place:1,birth_place,qa,1,71.48847961425781,16.589468002319336,0.13726738095283508
smollm2_360m_base,birth_place:1,birth_place,qa,2,86.13676452636719,15.945901870727539,0.14777882397174835
smollm2_360m_base,birth_place:1,birth_place,qa,3,100.29749298095703,15.977737426757812,0.17036332190036774
smollm2_360m_base,birth_place:1,birth_place,qa,4,107.35196685791016,19.37753677368164,0.1805913746356964
smollm2_360m_base,birth_place:1,birth_place,qa,5,116.19486999511719,20.82020378112793,0.1777716428041458
smollm2_360m_base,birth_place:1,birth_place,qa,6,150.11734008789062,39.22231674194336,0.2026994526386261
smollm2_360m_base,birth_place:1,birth_place,qa,7,161.6104736328125,27.500080108642578,0.21055686473846436
smollm2_360m_base,birth_place:1,birth_place,qa,8,166.28965759277344,22.735641479492188,0.215871661901474
smollm2_360m_base,birth_place:1,birth_place,qa,9,181.59707641601562,31.88714027404785,0.21117646992206573
smollm2_360m_base,birth_place:1,birth_place,qa,10,175.42474365234375,21.54532814025879,0.19054926931858063
smollm2_360m_base,birth_place:1,birth_place,qa,11,175.07562255859375,15.781044006347656,0.20384816825389862
smollm2_360m_base,birth_place:1,birth_place,qa,12,184.68988037109375,27.125009536743164,0.20458106696605682
smollm2_360m_base,birth_place:1,birth_place,qa,13,192.67788696289062,20.171586990356445,0.19853058457374573
smollm2_360m_base,birth_place:1,birth_place,qa,14,200.95208740234375,34.40030288696289,0.20266500115394592
smollm2_360m_base,birth_place:1,birth_place,qa,15,222.91880798339844,40.71586227416992,0.2097109854221344
smollm2_360m_base,birth_place:1,birth_place,qa,16,240.43136596679688,37.581642150878906,0.20912718772888184
smollm2_360m_base,birth_place:1,birth_place,qa,17,250.50885009765625,28.300710678100586,0.2145313322544098
smollm2_360m_base,birth_place:1,birth_place,qa,18,253.65194702148438,39.33786392211914,0.22015228867530823
smollm2_360m_base,birth_place:1,birth_place,qa,19,262.87774658203125,38.30670928955078,0.23752693831920624
smollm2_360m_base,birth_place:1,birth_place,qa,20,275.60284423828125,44.74305725097656,0.26308077573776245
smollm2_360m_base,birth_place:1,birth_place,qa,21,341.5452575683594,48.72421646118164,0.2803841233253479
smollm2_360m_base,birth_place:1,birth_place,qa,22,373.54522705078125,48.10399627685547,0.3736969232559204
smollm2_360m_base,birth_place:1,birth_place,qa,23,435.10406494140625,117.92501068115234,0.345283180475235
smollm2_360m_base,birth_place:1,birth_place,qa,24,521.0904541015625,68.92924499511719,0.3487151265144348
smollm2_360m_base,birth_place:1,birth_place,qa,25,570.509765625,75.62261199951172,0.3505402207374573
smollm2_360m_base,birth_place:1,birth_place,qa,26,650.4429321289062,104.11663055419922,0.3633422255516052
smollm2_360m_base,birth_place:1,birth_place,qa,27,777.527587890625,166.30567932128906,0.4019318222999573
smollm2_360m_base,birth_place:1,birth_place,qa,28,912.55419921875,104.5717544555664,0.45486268401145935
smollm2_360m_base,birth_place:1,birth_place,qa,29,1033.487060546875,100.51646423339844,0.5068374276161194
smollm2_360m_base,birth_place:1,birth_place,qa,30,1194.936767578125,98.42782592773438,0.528952956199646
smollm2_360m_base,birth_place:1,birth_place,qa,31,66.59712982177734,120.89521789550781,0.6736994981765747
smollm2_360m_base,birth_place:1,birth_place,chat_template,0,51.47366714477539,4.757133960723877,0.07298669964075089
smollm2_360m_base,birth_place:1,birth_place,chat_template,1,71.11869049072266,18.73279571533203,0.08882932364940643
smollm2_360m_base,birth_place:1,birth_place,chat_template,2,80.0721206665039,10.346710205078125,0.11610443890094757
smollm2_360m_base,birth_place:1,birth_place,chat_template,3,92.26457214355469,15.192011833190918,0.1417810618877411
smollm2_360m_base,birth_place:1,birth_place,chat_template,4,104.23686218261719,17.656352996826172,0.15889960527420044
smollm2_360m_base,birth_place:1,birth_place,chat_template,5,115.63031768798828,14.782737731933594,0.15697069466114044
smollm2_360m_base,birth_place:1,birth_place,chat_template,6,125.10636901855469,20.73554801940918,0.16797812283039093
smollm2_360m_base,birth_place:1,birth_place,chat_template,7,147.0840606689453,24.371700286865234,0.18880228698253632
smollm2_360m_base,birth_place:1,birth_place,chat_template,8,162.42201232910156,27.857027053833008,0.2187502384185791
smollm2_360m_base,birth_place:1,birth_place,chat_template,9,170.5230712890625,22.075563430786133,0.21143288910388947
smollm2_360m_base,birth_place:1,birth_place,chat_template,10,169.79736328125,15.918078422546387,0.17801478505134583
smollm2_360m_base,birth_place:1,birth_place,chat_template,11,178.04331970214844,20.451128005981445,0.1882214993238449
smollm2_360m_base,birth_place:1,birth_place,chat_template,12,183.46946716308594,21.59126091003418,0.19663140177726746
smollm2_360m_base,birth_place:1,birth_place,chat_template,13,193.4049530029297,22.16643524169922,0.19721385836601257
smollm2_360m_base,birth_place:1,birth_place,chat_template,14,216.75344848632812,30.229232788085938,0.20082132518291473
smollm2_360m_base,birth_place:1,birth_place,chat_template,15,225.2471160888672,28.110715866088867,0.20732054114341736
smollm2_360m_base,birth_place:1,birth_place,chat_template,16,245.62472534179688,37.03352737426758,0.21694426238536835
smollm2_360m_base,birth_place:1,birth_place,chat_template,17,257.3666076660156,40.50617599487305,0.23233845829963684
smollm2_360m_base,birth_place:1,birth_place,chat_template,18,266.36773681640625,47.23247528076172,0.22840209305286407
smollm2_360m_base,birth_place:1,birth_place,chat_template,19,267.5040588378906,29.335119247436523,0.24564118683338165
smollm2_360m_base,birth_place:1,birth_place,chat_template,20,287.92449951171875,44.00989532470703,0.2657715380191803
smollm2_360m_base,birth_place:1,birth_place,chat_template,21,334.1492614746094,54.312801361083984,0.29309436678886414
smollm2_360m_base,birth_place:1,birth_place,chat_template,22,361.3528137207031,52.88703536987305,0.38409724831581116
smollm2_360m_base,birth_place:1,birth_place,chat_template,23,422.22930908203125,96.4365005493164,0.3216750919818878
smollm2_360m_base,birth_place:1,birth_place,chat_template,24,543.4967651367188,80.2864990234375,0.34830087423324585
smollm2_360m_base,birth_place:1,birth_place,chat_template,25,623.3383178710938,63.60685729980469,0.3695928454399109
smollm2_360m_base,birth_place:1,birth_place,chat_template,26,760.392822265625,67.27326202392578,0.3360620439052582
smollm2_360m_base,birth_place:1,birth_place,chat_template,27,877.4539794921875,107.38896179199219,0.30116015672683716
smollm2_360m_base,birth_place:1,birth_place,chat_template,28,1016.9072265625,132.8014678955078,0.3046143054962158
smollm2_360m_base,birth_place:1,birth_place,chat_template,29,1223.1572265625,173.8230438232422,0.323404461145401
smollm2_360m_base,birth_place:1,birth_place,chat_template,30,1420.122314453125,155.5055694580078,0.38452988862991333
smollm2_360m_base,birth_place:1,birth_place,chat_template,31,76.21907043457031,121.0106430053711,0.6301923990249634
smollm2_360m_base,birth_place:2,birth_place,raw_question,0,73.18814086914062,4.287841796875,0.10436996072530746
smollm2_360m_base,birth_place:2,birth_place,raw_question,1,90.5016098022461,15.102082252502441,0.09374504536390305
smollm2_360m_base,birth_place:2,birth_place,raw_question,2,105.40705871582031,16.593780517578125,0.1282563954591751
smollm2_360m_base,birth_place:2,birth_place,raw_question,3,85.8663558959961,23.01223373413086,0.13030537962913513
smollm2_360m_base,birth_place:2,birth_place,raw_question,4,103.05683898925781,22.36231803894043,0.16172918677330017
smollm2_360m_base,birth_place:2,birth_place,raw_question,5,124.99583435058594,34.64384078979492,0.17581801116466522
smollm2_360m_base,birth_place:2,birth_place,raw_question,6,135.73631286621094,14.663198471069336,0.17517106235027313
smollm2_360m_base,birth_place:2,birth_place,raw_question,7,148.11631774902344,21.90245819091797,0.18925651907920837
smollm2_360m_base,birth_place:2,birth_place,raw_question,8,156.6529998779297,17.3485164642334,0.20047350227832794
smollm2_360m_base,birth_place:2,birth_place,raw_question,9,167.2186279296875,15.957991600036621,0.19464640319347382
smollm2_360m_base,birth_place:2,birth_place,raw_question,10,167.2541961669922,11.236875534057617,0.16921564936637878
smollm2_360m_base,birth_place:2,birth_place,raw_question,11,179.54930114746094,17.77760124206543,0.18004977703094482
smollm2_360m_base,birth_place:2,birth_place,raw_question,12,183.383056640625,21.875078201293945,0.19714754819869995
smollm2_360m_base,birth_place:2,birth_place,raw_question,13,182.15164184570312,26.25337791442871,0.1874828338623047
smollm2_360m_base,birth_place:2,birth_place,raw_question,14,193.04173278808594,31.666637420654297,0.19128067791461945
smollm2_360m_base,birth_place:2,birth_place,raw_question,15,217.21414184570312,36.126617431640625,0.20355911552906036
smollm2_360m_base,birth_place:2,birth_place,raw_question,16,240.0098114013672,36.05614471435547,0.20093974471092224
smollm2_360m_base,birth_place:2,birth_place,raw_question,17,248.96401977539062,34.107460021972656,0.20248611271381378
smollm2_360m_base,birth_place:2,birth_place,raw_question,18,254.629638671875,38.54135513305664,0.1990368664264679
smollm2_360m_base,birth_place:2,birth_place,raw_question,19,283.6271667480469,27.327072143554688,0.22621026635169983
smollm2_360m_base,birth_place:2,birth_place,raw_question,20,293.0490417480469,27.49320411682129,0.24131231009960175
smollm2_360m_base,birth_place:2,birth_place,raw_question,21,362.32562255859375,47.609832763671875,0.2629881501197815
smollm2_360m_base,birth_place:2,birth_place,raw_question,22,392.719970703125,41.21070098876953,0.3179474472999573
smollm2_360m_base,birth_place:2,birth_place,raw_question,23,448.9171447753906,51.229095458984375,0.3012125492095947
smollm2_360m_base,birth_place:2,birth_place,raw_question,24,540.4312744140625,49.129390716552734,0.32160836458206177
smollm2_360m_base,birth_place:2,birth_place,raw_question,25,618.1831665039062,40.08357620239258,0.3141466975212097
smollm2_360m_base,birth_place:2,birth_place,raw_question,26,755.2494506835938,64.28760528564453,0.29323503375053406
smollm2_360m_base,birth_place:2,birth_place,raw_question,27,855.1798095703125,83.3922119140625,0.2612324357032776
smollm2_360m_base,birth_place:2,birth_place,raw_question,28,976.5916137695312,87.7048110961914,0.25875324010849
smollm2_360m_base,birth_place:2,birth_place,raw_question,29,1167.210205078125,174.03292846679688,0.27117401361465454
smollm2_360m_base,birth_place:2,birth_place,raw_question,30,1320.7166748046875,125.50970458984375,0.329556941986084
smollm2_360m_base,birth_place:2,birth_place,raw_question,31,73.62354278564453,108.70378112792969,0.6011164784431458
smollm2_360m_base,birth_place:2,birth_place,declarative,0,66.83248901367188,3.990238904953003,0.10219085216522217
smollm2_360m_base,birth_place:2,birth_place,declarative,1,87.13926696777344,22.034133911132812,0.13097736239433289
smollm2_360m_base,birth_place:2,birth_place,declarative,2,101.8434066772461,19.026830673217773,0.1440703570842743
smollm2_360m_base,birth_place:2,birth_place,declarative,3,100.4150619506836,22.802278518676758,0.16487345099449158
smollm2_360m_base,birth_place:2,birth_place,declarative,4,104.59315490722656,13.999106407165527,0.18431009352207184
smollm2_360m_base,birth_place:2,birth_place,declarative,5,131.91456604003906,33.58053970336914,0.19608907401561737
smollm2_360m_base,birth_place:2,birth_place,declarative,6,150.2501678466797,14.556174278259277,0.19955120980739594
smollm2_360m_base,birth_place:2,birth_place,declarative,7,172.8677520751953,35.020538330078125,0.2089705765247345
smollm2_360m_base,birth_place:2,birth_place,declarative,8,173.19918823242188,24.319734573364258,0.21961292624473572
smollm2_360m_base,birth_place:2,birth_place,declarative,9,174.75674438476562,16.521648406982422,0.20876702666282654
smollm2_360m_base,birth_place:2,birth_place,declarative,10,181.66859436035156,12.774762153625488,0.1919681429862976
smollm2_360m_base,birth_place:2,birth_place,declarative,11,196.19984436035156,23.8504581451416,0.20586995780467987
smollm2_360m_base,birth_place:2,birth_place,declarative,12,207.24847412109375,26.242191314697266,0.2142527550458908
smollm2_360m_base,birth_place:2,birth_place,declarative,13,217.06710815429688,30.337230682373047,0.20845913887023926
smollm2_360m_base,birth_place:2,birth_place,declarative,14,227.64183044433594,31.04680633544922,0.2142980396747589
smollm2_360m_base,birth_place:2,birth_place,declarative,15,247.12428283691406,34.76329040527344,0.22557727992534637
smollm2_360m_base,birth_place:2,birth_place,declarative,16,264.7832336425781,37.83738708496094,0.2277475893497467
smollm2_360m_base,birth_place:2,birth_place,declarative,17,260.687255859375,38.733524322509766,0.22072561085224152
smollm2_360m_base,birth_place:2,birth_place,declarative,18,271.5339050292969,33.6381721496582,0.22909724712371826
smollm2_360m_base,birth_place:2,birth_place,declarative,19,291.1391296386719,27.81264305114746,0.24624474346637726
smollm2_360m_base,birth_place:2,birth_place,declarative,20,301.5555114746094,24.78652000427246,0.2641237676143646
smollm2_360m_base,birth_place:2,birth_place,declarative,21,332.45989990234375,33.63688659667969,0.2757343053817749
smollm2_360m_base,birth_place:2,birth_place,declarative,22,368.6158447265625,47.075618743896484,0.3501508831977844
smollm2_360m_base,birth_place:2,birth_place,declarative,23,410.1413269042969,76.55760955810547,0.31205037236213684
smollm2_360m_base,birth_place:2,birth_place,declarative,24,477.81854248046875,56.66376495361328,0.3209984302520752
smollm2_360m_base,birth_place:2,birth_place,declarative,25,514.8899536132812,56.89414596557617,0.3247443437576294
smollm2_360m_base,birth_place:2,birth_place,declarative,26,596.4678344726562,117.77540588378906,0.3734753131866455
smollm2_360m_base,birth_place:2,birth_place,declarative,27,682.1255493164062,165.0265350341797,0.459542840719223
smollm2_360m_base,birth_place:2,birth_place,declarative,28,823.5906982421875,75.5374526977539,0.5596572160720825
smollm2_360m_base,birth_place:2,birth_place,declarative,29,957.5302734375,131.6383819580078,0.5981225967407227
smollm2_360m_base,birth_place:2,birth_place,declarative,30,1109.499267578125,109.64234924316406,0.6024935841560364
smollm2_360m_base,birth_place:2,birth_place,declarative,31,60.838626861572266,197.47625732421875,0.7467344999313354
smollm2_360m_base,birth_place:2,birth_place,qa,0,54.33156204223633,4.567785263061523,0.07700087130069733
smollm2_360m_base,birth_place:2,birth_place,qa,1,70.65032196044922,16.198869705200195,0.1328602284193039
smollm2_360m_base,birth_place:2,birth_place,qa,2,86.04605865478516,16.02592658996582,0.1446513533592224
smollm2_360m_base,birth_place:2,birth_place,qa,3,101.26580810546875,15.632830619812012,0.17081478238105774
smollm2_360m_base,birth_place:2,birth_place,qa,4,107.74116516113281,19.77472496032715,0.1817159354686737
smollm2_360m_base,birth_place:2,birth_place,qa,5,116.79219055175781,22.226858139038086,0.1777057647705078
smollm2_360m_base,birth_place:2,birth_place,qa,6,148.14125061035156,37.75824737548828,0.20111051201820374
smollm2_360m_base,birth_place:2,birth_place,qa,7,161.31539916992188,26.20810890197754,0.20837819576263428
smollm2_360m_base,birth_place:2,birth_place,qa,8,165.12132263183594,22.310237884521484,0.21423320472240448
smollm2_360m_base,birth_place:2,birth_place,qa,9,182.3330078125,35.05792999267578,0.2080276906490326
smollm2_360m_base,birth_place:2,birth_place,qa,10,177.26889038085938,20.88007164001465,0.19148924946784973
smollm2_360m_base,birth_place:2,birth_place,qa,11,176.09239196777344,16.205278396606445,0.20508281886577606
smollm2_360m_base,birth_place:2,birth_place,qa,12,185.64755249023438,28.317020416259766,0.2058982402086258
smollm2_360m_base,birth_place:2,birth_place,qa,13,192.09799194335938,20.67958641052246,0.1977820098400116
smollm2_360m_base,birth_place:2,birth_place,qa,14,200.038818359375,34.7551155090332,0.20186328887939453
smollm2_360m_base,birth_place:2,birth_place,qa,15,224.7281951904297,40.98095703125,0.21225695312023163
smollm2_360m_base,birth_place:2,birth_place,qa,16,242.22698974609375,37.45913314819336,0.21192297339439392
smollm2_360m_base,birth_place:2,birth_place,qa,17,252.2203369140625,28.580625534057617,0.2175307720899582
smollm2_360m_base,birth_place:2,birth_place,qa,18,252.77178955078125,38.77435302734375,0.2218439280986786
smollm2_360m_base,birth_place:2,birth_place,qa,19,266.00946044921875,39.34833908081055,0.2402607947587967
smollm2_360m_base,birth_place:2,birth_place,qa,20,276.335205078125,43.728187561035156,0.26446598768234253
smollm2_360m_base,birth_place:2,birth_place,qa,21,344.6640625,49.93912887573242,0.28477126359939575
smollm2_360m_base,birth_place:2,birth_place,qa,22,379.0174255371094,47.821956634521484,0.37655776739120483
smollm2_360m_base,birth_place:2,birth_place,qa,23,421.5886535644531,87.55101013183594,0.3450677990913391
smollm2_360m_base,birth_place:2,birth_place,qa,24,517.6438598632812,68.83625793457031,0.3452358841896057
smollm2_360m_base,birth_place:2,birth_place,qa,25,566.2838134765625,73.09941864013672,0.3431681990623474
smollm2_360m_base,birth_place:2,birth_place,qa,26,664.8299560546875,119.80927276611328,0.3599805235862732
smollm2_360m_base,birth_place:2,birth_place,qa,27,779.64599609375,171.30007934570312,0.3848533034324646
smollm2_360m_base,birth_place:2,birth_place,qa,28,918.8151245117188,99.32962036132812,0.4326305389404297
smollm2_360m_base,birth_place:2,birth_place,qa,29,1066.70751953125,110.92594146728516,0.4918130040168762
smollm2_360m_base,birth_place:2,birth_place,qa,30,1220.2801513671875,70.07463836669922,0.5271643400192261
smollm2_360m_base,birth_place:2,birth_place,qa,31,73.49058532714844,119.28138732910156,0.6755503416061401
smollm2_360m_base,birth_place:2,birth_place,chat_template,0,51.79827880859375,4.725198745727539,0.07202009856700897
smollm2_360m_base,birth_place:2,birth_place,chat_template,1,71.18206024169922,18.636070251464844,0.08872313797473907
smollm2_360m_base,birth_place:2,birth_place,chat_template,2,80.63558197021484,10.55661678314209,0.1163041740655899
smollm2_360m_base,birth_place:2,birth_place,chat_template,3,93.25997161865234,15.195183753967285,0.1425914168357849
smollm2_360m_base,birth_place:2,birth_place,chat_template,4,105.35621643066406,18.52629852294922,0.16003194451332092
smollm2_360m_base,birth_place:2,birth_place,chat_template,5,116.80805969238281,15.37673282623291,0.15803831815719604
smollm2_360m_base,birth_place:2,birth_place,chat_template,6,125.43846130371094,19.920623779296875,0.1683184653520584
smollm2_360m_base,birth_place:2,birth_place,chat_template,7,147.20310974121094,23.872798919677734,0.18869395554065704
smollm2_360m_base,birth_place:2,birth_place,chat_template,8,161.53536987304688,27.23309326171875,0.21817278861999512
smollm2_360m_base,birth_place:2,birth_place,chat_template,9,170.78224182128906,21.432470321655273,0.2095232456922531
smollm2_360m_base,birth_place:2,birth_place,chat_template,10,169.93287658691406,16.565776824951172,0.17961065471172333
smollm2_360m_base,birth_place:2,birth_place,chat_template,11,178.21206665039062,20.500104904174805,0.18958167731761932
smollm2_360m_base,birth_place:2,birth_place,chat_template,12,185.00267028808594,21.61486053466797,0.19948717951774597
smollm2_360m_base,birth_place:2,birth_place,chat_template,13,195.4816131591797,20.668344497680664,0.1985711008310318
smollm2_360m_base,birth_place:2,birth_place,chat_template,14,215.328857421875,29.569963455200195,0.20167656242847443
smollm2_360m_base,birth_place:2,birth_place,chat_template,15,225.02015686035156,27.441234588623047,0.20513038337230682
smollm2_360m_base,birth_place:2,birth_place,chat_template,16,244.95147705078125,37.344093322753906,0.21564659476280212
smollm2_360m_base,birth_place:2,birth_place,chat_template,17,258.25555419921875,41.62996292114258,0.23399432003498077
smollm2_360m_base,birth_place:2,birth_place,chat_template,18,268.96917724609375,48.0600471496582,0.22973871231079102
smollm2_360m_base,birth_place:2,birth_place,chat_template,19,269.3153076171875,29.883501052856445,0.247341588139534
smollm2_360m_base,birth_place:2,birth_place,chat_template,20,287.48321533203125,43.43118667602539,0.26735883951187134
smollm2_360m_base,birth_place:2,birth_place,chat_template,21,333.81500244140625,55.16169357299805,0.29635339975357056
smollm2_360m_base,birth_place:2,birth_place,chat_template,22,360.2644958496094,51.25815963745117,0.3868018090724945
smollm2_360m_base,birth_place:2,birth_place,chat_template,23,418.88604736328125,94.49584197998047,0.3237755298614502
smollm2_360m_base,birth_place:2,birth_place,chat_template,24,540.4535522460938,81.18849182128906,0.34813886880874634
smollm2_360m_base,birth_place:2,birth_place,chat_template,25,623.172607421875,61.74220657348633,0.36835917830467224
smollm2_360m_base,birth_place:2,birth_place,chat_template,26,763.2037963867188,72.4745101928711,0.33907341957092285
smollm2_360m_base,birth_place:2,birth_place,chat_template,27,883.6304321289062,117.71768188476562,0.3018299639225006
smollm2_360m_base,birth_place:2,birth_place,chat_template,28,1020.7887573242188,128.3961181640625,0.30557408928871155
smollm2_360m_base,birth_place:2,birth_place,chat_template,29,1240.89599609375,193.26686096191406,0.3245518207550049
smollm2_360m_base,birth_place:2,birth_place,chat_template,30,1437.846435546875,145.352783203125,0.38409343361854553
smollm2_360m_base,birth_place:2,birth_place,chat_template,31,77.50437927246094,113.34317016601562,0.6264053583145142
smollm2_360m_base,birth_place:3,birth_place,raw_question,0,70.86378479003906,4.433719635009766,0.09899874776601791
smollm2_360m_base,birth_place:3,birth_place,raw_question,1,87.18637084960938,13.648584365844727,0.09236432611942291
smollm2_360m_base,birth_place:3,birth_place,raw_question,2,102.29795837402344,16.982900619506836,0.1287417858839035
smollm2_360m_base,birth_place:3,birth_place,raw_question,3,83.13679504394531,20.781301498413086,0.13251090049743652
smollm2_360m_base,birth_place:3,birth_place,raw_question,4,98.50944519042969,20.74371337890625,0.15866950154304504
smollm2_360m_base,birth_place:3,birth_place,raw_question,5,120.12506866455078,33.64257049560547,0.1752268671989441
smollm2_360m_base,birth_place:3,birth_place,raw_question,6,133.7799072265625,12.820650100708008,0.17564509809017181
smollm2_360m_base,birth_place:3,birth_place,raw_question,7,149.3891143798828,26.471826553344727,0.19270215928554535
smollm2_360m_base,birth_place:3,birth_place,raw_question,8,160.46725463867188,19.58790397644043,0.1994187831878662
smollm2_360m_base,birth_place:3,birth_place,raw_question,9,165.1756134033203,15.733596801757812,0.1995398998260498
smollm2_360m_base,birth_place:3,birth_place,raw_question,10,168.53736877441406,15.428262710571289,0.17249202728271484
smollm2_360m_base,birth_place:3,birth_place,raw_question,11,183.99658203125,17.845003128051758,0.1853117048740387
smollm2_360m_base,birth_place:3,birth_place,raw_question,12,186.89137268066406,22.49448013305664,0.1983133852481842
smollm2_360m_base,birth_place:3,birth_place,raw_question,13,186.11016845703125,25.63207244873047,0.19477926194667816
smollm2_360m_base,birth_place:3,birth_place,raw_question,14,199.37484741210938,36.07103729248047,0.2005624771118164
smollm2_360m_base,birth_place:3,birth_place,raw_question,15,220.7706298828125,32.91740798950195,0.2127261608839035
smollm2_360m_base,birth_place:3,birth_place,raw_question,16,241.923095703125,34.3934326171875,0.20752885937690735
smollm2_360m_base,birth_place:3,birth_place,raw_question,17,249.9333038330078,35.84207534790039,0.21265804767608643
smollm2_360m_base,birth_place:3,birth_place,raw_question,18,252.93978881835938,38.83098602294922,0.20637159049510956
smollm2_360m_base,birth_place:3,birth_place,raw_question,19,276.43768310546875,28.546480178833008,0.2303018569946289
smollm2_360m_base,birth_place:3,birth_place,raw_question,20,285.558837890625,25.829912185668945,0.24140706658363342
smollm2_360m_base,birth_place:3,birth_place,raw_question,21,361.09088134765625,48.35667037963867,0.2703344225883484
smollm2_360m_base,birth_place:3,birth_place,raw_question,22,382.2431640625,44.3250732421875,0.31566864252090454
smollm2_360m_base,birth_place:3,birth_place,raw_question,23,441.6890869140625,56.16484069824219,0.3092082440853119
smollm2_360m_base,birth_place:3,birth_place,raw_question,24,523.4639282226562,51.29804229736328,0.3320554494857788
smollm2_360m_base,birth_place:3,birth_place,raw_question,25,603.875,43.71380615234375,0.32763493061065674
smollm2_360m_base,birth_place:3,birth_place,raw_question,26,746.6063842773438,76.82027435302734,0.3054925799369812
smollm2_360m_base,birth_place:3,birth_place,raw_question,27,850.9591674804688,96.92613983154297,0.27187201380729675
smollm2_360m_base,birth_place:3,birth_place,raw_question,28,974.94482421875,86.01365661621094,0.27020925283432007
smollm2_360m_base,birth_place:3,birth_place,raw_question,29,1170.4803466796875,170.44613647460938,0.28171104192733765
smollm2_360m_base,birth_place:3,birth_place,raw_question,30,1321.1915283203125,143.877685546875,0.34391504526138306
smollm2_360m_base,birth_place:3,birth_place,raw_question,31,71.73650360107422,134.2925262451172,0.5994510650634766
smollm2_360m_base,birth_place:3,birth_place,declarative,0,66.07213592529297,4.418156147003174,0.0880037397146225
smollm2_360m_base,birth_place:3,birth_place,declarative,1,85.272216796875,21.313125610351562,0.1270054280757904
smollm2_360m_base,birth_place:3,birth_place,declarative,2,100.64823913574219,19.155670166015625,0.1440368890762329
smollm2_360m_base,birth_place:3,birth_place,declarative,3,98.31631469726562,20.664113998413086,0.16164086759090424
smollm2_360m_base,birth_place:3,birth_place,declarative,4,102.464111328125,11.617321968078613,0.1791878044605255
smollm2_360m_base,birth_place:3,birth_place,declarative,5,129.8993377685547,34.55079650878906,0.19811633229255676
smollm2_360m_base,birth_place:3,birth_place,declarative,6,148.00259399414062,14.062846183776855,0.19870305061340332
smollm2_360m_base,birth_place:3,birth_place,declarative,7,174.94921875,29.427217483520508,0.21138803660869598
smollm2_360m_base,birth_place:3,birth_place,declarative,8,177.09446716308594,25.03464126586914,0.22109714150428772
smollm2_360m_base,birth_place:3,birth_place,declarative,9,183.62037658691406,16.862125396728516,0.2175770103931427
smollm2_360m_base,birth_place:3,birth_place,declarative,10,188.73898315429688,14.931504249572754,0.2019985020160675
smollm2_360m_base,birth_place:3,birth_place,declarative,11,201.99888610839844,18.694616317749023,0.20647728443145752
smollm2_360m_base,birth_place:3,birth_place,declarative,12,213.4144287109375,25.960054397583008,0.21611487865447998
smollm2_360m_base,birth_place:3,birth_place,declarative,13,217.4083709716797,27.34471893310547,0.2047848254442215
smollm2_360m_base,birth_place:3,birth_place,declarative,14,230.48013305664062,35.27771759033203,0.2142632007598877
smollm2_360m_base,birth_place:3,birth_place,declarative,15,245.98129272460938,39.25536346435547,0.2260240614414215
smollm2_360m_base,birth_place:3,birth_place,declarative,16,256.45703125,34.93149948120117,0.22221291065216064
smollm2_360m_base,birth_place:3,birth_place,declarative,17,258.26031494140625,36.6623649597168,0.21646523475646973
smollm2_360m_base,birth_place:3,birth_place,declarative,18,268.0034484863281,32.767337799072266,0.22518619894981384
smollm2_360m_base,birth_place:3,birth_place,declarative,19,283.2211608886719,29.08351707458496,0.2427920401096344
smollm2_360m_base,birth_place:3,birth_place,declarative,20,294.4581298828125,23.744396209716797,0.2646026611328125
smollm2_360m_base,birth_place:3,birth_place,declarative,21,332.0456848144531,31.872465133666992,0.2743878960609436
smollm2_360m_base,birth_place:3,birth_place,declarative,22,367.9591979980469,40.74061584472656,0.3532790243625641
smollm2_360m_base,birth_place:3,birth_place,declarative,23,395.1576843261719,64.36270141601562,0.31224775314331055
smollm2_360m_base,birth_place:3,birth_place,declarative,24,469.1047668457031,66.66087341308594,0.3210374414920807
smollm2_360m_base,birth_place:3,birth_place,declarative,25,516.9683837890625,51.948455810546875,0.32142752408981323
smollm2_360m_base,birth_place:3,birth_place,declarative,26,661.4180908203125,124.34664916992188,0.35247334837913513
smollm2_360m_base,birth_place:3,birth_place,declarative,27,791.0006713867188,83.65711975097656,0.37074583768844604
smollm2_360m_base,birth_place:3,birth_place,declarative,28,955.3379516601562,83.19467163085938,0.4168533384799957
smollm2_360m_base,birth_place:3,birth_place,declarative,29,1154.340087890625,71.89595031738281,0.4921802580356598
smollm2_360m_base,birth_place:3,birth_place,declarative,30,1300.4150390625,91.19304656982422,0.5195188522338867
smollm2_360m_base,birth_place:3,birth_place,declarative,31,64.95784759521484,94.56731414794922,0.6719461679458618
smollm2_360m_base,birth_place:3,birth_place,qa,0,53.39860916137695,4.722493648529053,0.07420851290225983
smollm2_360m_base,birth_place:3,birth_place,qa,1,70.33831024169922,16.521080017089844,0.1296720802783966
smollm2_360m_base,birth_place:3,birth_place,qa,2,85.87025451660156,16.16104507446289,0.14335855841636658
smollm2_360m_base,birth_place:3,birth_place,qa,3,100.7772216796875,15.563525199890137,0.17025679349899292
smollm2_360m_base,birth_place:3,birth_place,qa,4,106.37564849853516,19.5184268951416,0.18064062297344208
smollm2_360m_base,birth_place:3,birth_place,qa,5,115.699462890625,22.72679901123047,0.17747223377227783
smollm2_360m_base,birth_place:3,birth_place,qa,6,149.650146484375,38.34796905517578,0.20169977843761444
smollm2_360m_base,birth_place:3,birth_place,qa,7,164.04885864257812,28.04380989074707,0.21187715232372284
smollm2_360m_base,birth_place:3,birth_place,qa,8,165.77706909179688,23.04415512084961,0.21416643261909485
smollm2_360m_base,birth_place:3,birth_place,qa,9,181.87606811523438,32.27608108520508,0.20688501000404358
smollm2_360m_base,birth_place:3,birth_place,qa,10,174.8715362548828,20.636066436767578,0.19149310886859894
smollm2_360m_base,birth_place:3,birth_place,qa,11,177.4147186279297,17.59395980834961,0.20476338267326355
smollm2_360m_base,birth_place:3,birth_place,qa,12,186.40843200683594,27.293682098388672,0.20418012142181396
smollm2_360m_base,birth_place:3,birth_place,qa,13,193.52767944335938,19.55323600769043,0.195907324552536
smollm2_360m_base,birth_place:3,birth_place,qa,14,203.1027374267578,36.3746337890625,0.2034730464220047
smollm2_360m_base,birth_place:3,birth_place,qa,15,225.6494598388672,41.327457427978516,0.21368464827537537
smollm2_360m_base,birth_place:3,birth_place,qa,16,245.35418701171875,36.592193603515625,0.21293330192565918
smollm2_360m_base,birth_place:3,birth_place,qa,17,254.4235382080078,26.32984733581543,0.21530096232891083
smollm2_360m_base,birth_place:3,birth_place,qa,18,253.09674072265625,37.00407791137695,0.22260189056396484
smollm2_360m_base,birth_place:3,birth_place,qa,19,267.19317626953125,39.219234466552734,0.24130907654762268
smollm2_360m_base,birth_place:3,birth_place,qa,20,277.93096923828125,45.21132278442383,0.26390665769577026
smollm2_360m_base,birth_place:3,birth_place,qa,21,343.0030822753906,46.70030212402344,0.2851336598396301
smollm2_360m_base,birth_place:3,birth_place,qa,22,372.4615783691406,47.39045715332031,0.373890221118927
smollm2_360m_base,birth_place:3,birth_place,qa,23,404.87408447265625,76.70955657958984,0.3499097526073456
smollm2_360m_base,birth_place:3,birth_place,qa,24,517.6695556640625,85.9237060546875,0.3515229821205139
smollm2_360m_base,birth_place:3,birth_place,qa,25,579.732666015625,52.904945373535156,0.3567792773246765
smollm2_360m_base,birth_place:3,birth_place,qa,26,737.3999633789062,125.94315338134766,0.3625727593898773
smollm2_360m_base,birth_place:3,birth_place,qa,27,882.5526123046875,124.43560028076172,0.34228864312171936
smollm2_360m_base,birth_place:3,birth_place,qa,28,1049.3299560546875,117.27901458740234,0.356078565120697
smollm2_360m_base,birth_place:3,birth_place,qa,29,1249.8433837890625,158.0497283935547,0.38516682386398315
smollm2_360m_base,birth_place:3,birth_place,qa,30,1413.7783203125,135.65472412109375,0.440427303314209
smollm2_360m_base,birth_place:3,birth_place,qa,31,76.88692474365234,103.7011947631836,0.6439798474311829
smollm2_360m_base,birth_place:3,birth_place,chat_template,0,50.894901275634766,4.820875644683838,0.0708918496966362
smollm2_360m_base,birth_place:3,birth_place,chat_template,1,70.28526306152344,18.45646858215332,0.08807425200939178
smollm2_360m_base,birth_place:3,birth_place,chat_template,2,79.85711669921875,10.586651802062988,0.11581145226955414
smollm2_360m_base,birth_place:3,birth_place,chat_template,3,92.99590301513672,15.142729759216309,0.1425325572490692
smollm2_360m_base,birth_place:3,birth_place,chat_template,4,105.01872253417969,18.30934715270996,0.15926380455493927
smollm2_360m_base,birth_place:3,birth_place,chat_template,5,116.3977279663086,15.656862258911133,0.15768787264823914
smollm2_360m_base,birth_place:3,birth_place,chat_template,6,124.79701232910156,20.9747371673584,0.16722282767295837
smollm2_360m_base,birth_place:3,birth_place,chat_template,7,147.0546112060547,23.691465377807617,0.1883910596370697
smollm2_360m_base,birth_place:3,birth_place,chat_template,8,156.0022430419922,26.051538467407227,0.21487990021705627
smollm2_360m_base,birth_place:3,birth_place,chat_template,9,165.88800048828125,22.950115203857422,0.2026318609714508
smollm2_360m_base,birth_place:3,birth_place,chat_template,10,166.1833953857422,15.02136516571045,0.16985051333904266
smollm2_360m_base,birth_place:3,birth_place,chat_template,11,178.90760803222656,24.437814712524414,0.1834079474210739
smollm2_360m_base,birth_place:3,birth_place,chat_template,12,183.08401489257812,21.438058853149414,0.19543114304542542
smollm2_360m_base,birth_place:3,birth_place,chat_template,13,188.36830139160156,20.93690299987793,0.19379262626171112
smollm2_360m_base,birth_place:3,birth_place,chat_template,14,202.30979919433594,28.24117660522461,0.19350850582122803
smollm2_360m_base,birth_place:3,birth_place,chat_template,15,216.03543090820312,26.65766143798828,0.1993602216243744
smollm2_360m_base,birth_place:3,birth_place,chat_template,16,238.48867797851562,35.15920639038086,0.21322369575500488
smollm2_360m_base,birth_place:3,birth_place,chat_template,17,256.0621032714844,41.989871978759766,0.23132452368736267
smollm2_360m_base,birth_place:3,birth_place,chat_template,18,269.5555114746094,49.833946228027344,0.2287769317626953
smollm2_360m_base,birth_place:3,birth_place,chat_template,19,267.3959045410156,28.45279884338379,0.24590671062469482
smollm2_360m_base,birth_place:3,birth_place,chat_template,20,284.60247802734375,43.071868896484375,0.2676256000995636
smollm2_360m_base,birth_place:3,birth_place,chat_template,21,337.3418273925781,56.139156341552734,0.29571303725242615
smollm2_360m_base,birth_place:3,birth_place,chat_template,22,358.7681579589844,50.552242279052734,0.38849347829818726
smollm2_360m_base,birth_place:3,birth_place,chat_template,23,419.1300048828125,101.13325500488281,0.32713842391967773
smollm2_360m_base,birth_place:3,birth_place,chat_template,24,541.2918090820312,83.73698425292969,0.3492453694343567
smollm2_360m_base,birth_place:3,birth_place,chat_template,25,624.3768920898438,59.23532485961914,0.36565136909484863
smollm2_360m_base,birth_place:3,birth_place,chat_template,26,769.3186645507812,101.33527374267578,0.3448401689529419
smollm2_360m_base,birth_place:3,birth_place,chat_template,27,900.400634765625,124.12825775146484,0.30078309774398804
smollm2_360m_base,birth_place:3,birth_place,chat_template,28,1041.92529296875,139.28013610839844,0.3072429299354553
smollm2_360m_base,birth_place:3,birth_place,chat_template,29,1262.7171630859375,192.8165283203125,0.3248595595359802
smollm2_360m_base,birth_place:3,birth_place,chat_template,30,1445.6817626953125,169.13934326171875,0.39950573444366455
smollm2_360m_base,birth_place:3,birth_place,chat_template,31,77.7261734008789,145.53944396972656,0.6460132598876953
smollm2_360m_base,birth_place:4,birth_place,raw_question,0,71.97828674316406,4.414027690887451,0.10104687511920929
smollm2_360m_base,birth_place:4,birth_place,raw_question,1,89.49137878417969,14.636798858642578,0.09384400397539139
smollm2_360m_base,birth_place:4,birth_place,raw_question,2,105.02484130859375,17.4642391204834,0.1313852220773697
smollm2_360m_base,birth_place:4,birth_place,raw_question,3,85.04054260253906,23.068683624267578,0.1317673921585083
smollm2_360m_base,birth_place:4,birth_place,raw_question,4,100.53279876708984,20.222536087036133,0.1578652560710907
smollm2_360m_base,birth_place:4,birth_place,raw_question,5,124.01778411865234,34.856353759765625,0.176504448056221
smollm2_360m_base,birth_place:4,birth_place,raw_question,6,136.10348510742188,14.120327949523926,0.17584240436553955
smollm2_360m_base,birth_place:4,birth_place,raw_question,7,149.67526245117188,23.90550994873047,0.1922406405210495
smollm2_360m_base,birth_place:4,birth_place,raw_question,8,157.3251495361328,18.79590606689453,0.20443212985992432
smollm2_360m_base,birth_place:4,birth_place,raw_question,9,166.8020782470703,16.043563842773438,0.1987736076116562
smollm2_360m_base,birth_place:4,birth_place,raw_question,10,167.24295043945312,11.7826509475708,0.17098791897296906
smollm2_360m_base,birth_place:4,birth_place,raw_question,11,178.73268127441406,16.55187225341797,0.18399156630039215
smollm2_360m_base,birth_place:4,birth_place,raw_question,12,181.24327087402344,21.94141960144043,0.19897867739200592
smollm2_360m_base,birth_place:4,birth_place,raw_question,13,179.94691467285156,25.22120475769043,0.18756088614463806
smollm2_360m_base,birth_place:4,birth_place,raw_question,14,191.43946838378906,33.9056396484375,0.19381234049797058
smollm2_360m_base,birth_place:4,birth_place,raw_question,15,211.40611267089844,33.60302734375,0.20316489040851593
smollm2_360m_base,birth_place:4,birth_place,raw_question,16,237.6735382080078,36.63253402709961,0.2024203985929489
smollm2_360m_base,birth_place:4,birth_place,raw_question,17,245.79290771484375,34.86207962036133,0.20904573798179626
smollm2_360m_base,birth_place:4,birth_place,raw_question,18,249.90982055664062,39.25697708129883,0.2006569802761078
smollm2_360m_base,birth_place:4,birth_place,raw_question,19,279.12939453125,28.860271453857422,0.23023927211761475
smollm2_360m_base,birth_place:4,birth_place,raw_question,20,289.189697265625,27.630449295043945,0.24393141269683838
smollm2_360m_base,birth_place:4,birth_place,raw_question,21,359.56976318359375,48.062503814697266,0.26920008659362793
smollm2_360m_base,birth_place:4,birth_place,raw_question,22,385.0212707519531,42.56284713745117,0.321103572845459
smollm2_360m_base,birth_place:4,birth_place,raw_question,23,442.2459716796875,54.570926666259766,0.3083903193473816
smollm2_360m_base,birth_place:4,birth_place,raw_question,24,533.0528564453125,51.36970901489258,0.3282260298728943
smollm2_360m_base,birth_place:4,birth_place,raw_question,25,609.927734375,47.745853424072266,0.323092520236969
smollm2_360m_base,birth_place:4,birth_place,raw_question,26,746.71240234375,71.9327163696289,0.2999083399772644
smollm2_360m_base,birth_place:4,birth_place,raw_question,27,858.3115844726562,82.85771179199219,0.26826563477516174
smollm2_360m_base,birth_place:4,birth_place,raw_question,28,990.14599609375,107.39665222167969,0.27348214387893677
smollm2_360m_base,birth_place:4,birth_place,raw_question,29,1177.1834716796875,163.55279541015625,0.28238674998283386
smollm2_360m_base,birth_place:4,birth_place,raw_question,30,1333.1058349609375,130.5767364501953,0.3394491970539093
smollm2_360m_base,birth_place:4,birth_place,raw_question,31,74.1623764038086,130.6143798828125,0.5993935465812683
smollm2_360m_base,birth_place:4,birth_place,declarative,0,65.62590026855469,4.215205669403076,0.09437690675258636
smollm2_360m_base,birth_place:4,birth_place,declarative,1,85.3652572631836,21.21028709411621,0.12945795059204102
smollm2_360m_base,birth_place:4,birth_place,declarative,2,100.60687255859375,19.22286605834961,0.14404499530792236
smollm2_360m_base,birth_place:4,birth_place,declarative,3,99.12629699707031,21.541881561279297,0.16346235573291779
smollm2_360m_base,birth_place:4,birth_place,declarative,4,104.30206298828125,12.33442497253418,0.1806633323431015
smollm2_360m_base,birth_place:4,birth_place,declarative,5,130.69039916992188,33.80195236206055,0.19699978828430176
smollm2_360m_base,birth_place:4,birth_place,declarative,6,149.61813354492188,14.599431037902832,0.19834837317466736
smollm2_360m_base,birth_place:4,birth_place,declarative,7,171.60215759277344,27.67457389831543,0.20954367518424988
smollm2_360m_base,birth_place:4,birth_place,declarative,8,172.9851531982422,26.289081573486328,0.217736154794693
smollm2_360m_base,birth_place:4,birth_place,declarative,9,178.48934936523438,16.29735565185547,0.2097587138414383
smollm2_360m_base,birth_place:4,birth_place,declarative,10,186.6139678955078,14.927294731140137,0.19562414288520813
smollm2_360m_base,birth_place:4,birth_place,declarative,11,203.05299377441406,23.01275634765625,0.20841464400291443
smollm2_360m_base,birth_place:4,birth_place,declarative,12,213.07240295410156,28.928836822509766,0.21945767104625702
smollm2_360m_base,birth_place:4,birth_place,declarative,13,220.33831787109375,28.372705459594727,0.21160903573036194
smollm2_360m_base,birth_place:4,birth_place,declarative,14,231.4093475341797,32.530460357666016,0.21913906931877136
smollm2_360m_base,birth_place:4,birth_place,declarative,15,244.7090606689453,34.428733825683594,0.22851428389549255
smollm2_360m_base,birth_place:4,birth_place,declarative,16,257.4900207519531,36.18909454345703,0.22711095213890076
smollm2_360m_base,birth_place:4,birth_place,declarative,17,259.7626953125,39.03169250488281,0.221928209066391
smollm2_360m_base,birth_place:4,birth_place,declarative,18,271.7901611328125,34.07918930053711,0.23519305884838104
smollm2_360m_base,birth_place:4,birth_place,declarative,19,291.5615539550781,28.658981323242188,0.2539447546005249
smollm2_360m_base,birth_place:4,birth_place,declarative,20,306.43646240234375,27.786304473876953,0.27487337589263916
smollm2_360m_base,birth_place:4,birth_place,declarative,21,341.3062438964844,34.99283218383789,0.2857537269592285
smollm2_360m_base,birth_place:4,birth_place,declarative,22,376.9977111816406,50.48164367675781,0.36529362201690674
smollm2_360m_base,birth_place:4,birth_place,declarative,23,408.24945068359375,85.71302032470703,0.3209537863731384
smollm2_360m_base,birth_place:4,birth_place,declarative,24,471.8595275878906,59.046363830566406,0.3279728293418884
smollm2_360m_base,birth_place:4,birth_place,declarative,25,511.3463439941406,62.34512710571289,0.3271348476409912
smollm2_360m_base,birth_place:4,birth_place,declarative,26,593.544921875,112.58348083496094,0.37346071004867554
smollm2_360m_base,birth_place:4,birth_place,declarative,27,696.7451782226562,157.75685119628906,0.44125643372535706
smollm2_360m_base,birth_place:4,birth_place,declarative,28,813.2466430664062,75.17743682861328,0.5515632629394531
smollm2_360m_base,birth_place:4,birth_place,declarative,29,927.2252197265625,116.53166198730469,0.5765908360481262
smollm2_360m_base,birth_place:4,birth_place,declarative,30,1056.2249755859375,145.58169555664062,0.5852953195571899
smollm2_360m_base,birth_place:4,birth_place,declarative,31,56.40642166137695,218.85696411132812,0.6981658935546875
smollm2_360m_base,birth_place:4,birth_place,qa,0,54.19550704956055,4.64340353012085,0.07673773914575577
smollm2_360m_base,birth_place:4,birth_place,qa,1,70.73392486572266,16.476823806762695,0.13273528218269348
smollm2_360m_base,birth_place:4,birth_place,qa,2,85.88162994384766,15.911885261535645,0.14475825428962708
smollm2_360m_base,birth_place:4,birth_place,qa,3,101.64251708984375,15.764501571655273,0.17040607333183289
smollm2_360m_base,birth_place:4,birth_place,qa,4,108.12737274169922,19.761890411376953,0.18144187331199646
smollm2_360m_base,birth_place:4,birth_place,qa,5,117.3396987915039,22.036100387573242,0.17789188027381897
smollm2_360m_base,birth_place:4,birth_place,qa,6,149.7186737060547,37.542503356933594,0.20079585909843445
smollm2_360m_base,birth_place:4,birth_place,qa,7,161.77801513671875,26.858524322509766,0.20945854485034943
smollm2_360m_base,birth_place:4,birth_place,qa,8,165.88308715820312,23.17426300048828,0.2139938622713089
smollm2_360m_base,birth_place:4,birth_place,qa,9,179.84173583984375,32.90392303466797,0.2091817408800125
smollm2_360m_base,birth_place:4,birth_place,qa,10,174.95281982421875,19.739395141601562,0.19038572907447815
smollm2_360m_base,birth_place:4,birth_place,qa,11,176.3904266357422,18.343297958374023,0.2056073248386383
smollm2_360m_base,birth_place:4,birth_place,qa,12,183.9540252685547,27.118257522583008,0.20459885895252228
smollm2_360m_base,birth_place:4,birth_place,qa,13,190.78907775878906,20.332597732543945,0.19729985296726227
smollm2_360m_base,birth_place:4,birth_place,qa,14,199.7648162841797,34.4090690612793,0.20193512737751007
smollm2_360m_base,birth_place:4,birth_place,qa,15,221.37037658691406,37.08257293701172,0.2103981077671051
smollm2_360m_base,birth_place:4,birth_place,qa,16,244.9081268310547,40.16746520996094,0.2153756320476532
smollm2_360m_base,birth_place:4,birth_place,qa,17,253.31471252441406,26.067359924316406,0.2187742292881012
smollm2_360m_base,birth_place:4,birth_place,qa,18,254.2310028076172,39.179473876953125,0.22599665820598602
smollm2_360m_base,birth_place:4,birth_place,qa,19,269.27862548828125,40.99073028564453,0.2417261153459549
smollm2_360m_base,birth_place:4,birth_place,qa,20,279.84832763671875,48.73490905761719,0.26958179473876953
smollm2_360m_base,birth_place:4,birth_place,qa,21,345.4322814941406,46.93769454956055,0.28554385900497437
smollm2_360m_base,birth_place:4,birth_place,qa,22,376.2447204589844,49.2087287902832,0.377449095249176
smollm2_360m_base,birth_place:4,birth_place,qa,23,409.93218994140625,81.9806137084961,0.3572279214859009
smollm2_360m_base,birth_place:4,birth_place,qa,24,517.625244140625,75.1819076538086,0.3639759123325348
smollm2_360m_base,birth_place:4,birth_place,qa,25,577.0780639648438,70.99592590332031,0.36205124855041504
smollm2_360m_base,birth_place:4,birth_place,qa,26,686.2855224609375,131.30091857910156,0.3661276400089264
smollm2_360m_base,birth_place:4,birth_place,qa,27,814.5655517578125,172.60012817382812,0.3647679388523102
smollm2_360m_base,birth_place:4,birth_place,qa,28,954.1061401367188,115.79867553710938,0.42563873529434204
smollm2_360m_base,birth_place:4,birth_place,qa,29,1094.091064453125,92.56311798095703,0.47192272543907166
smollm2_360m_base,birth_place:4,birth_place,qa,30,1241.0616455078125,95.71138763427734,0.4884425699710846
smollm2_360m_base,birth_place:4,birth_place,qa,31,72.47981262207031,117.04185485839844,0.6374465227127075
smollm2_360m_base,birth_place:4,birth_place,chat_template,0,51.44744873046875,4.75921106338501,0.07143978029489517
smollm2_360m_base,birth_place:4,birth_place,chat_template,1,71.08326721191406,18.61469268798828,0.08861635625362396
smollm2_360m_base,birth_place:4,birth_place,chat_template,2,80.4793472290039,10.404780387878418,0.11554598808288574
smollm2_360m_base,birth_place:4,birth_place,chat_template,3,93.02506256103516,15.06901741027832,0.1416168063879013
smollm2_360m_base,birth_place:4,birth_place,chat_template,4,105.06930541992188,18.35000228881836,0.1588318645954132
smollm2_360m_base,birth_place:4,birth_place,chat_template,5,116.1490707397461,15.36585521697998,0.1565960943698883
smollm2_360m_base,birth_place:4,birth_place,chat_template,6,125.54014587402344,20.471616744995117,0.16684143245220184
smollm2_360m_base,birth_place:4,birth_place,chat_template,7,146.59896850585938,22.991064071655273,0.1882908046245575
smollm2_360m_base,birth_place:4,birth_place,chat_template,8,158.97238159179688,26.77051544189453,0.2150360643863678
smollm2_360m_base,birth_place:4,birth_place,chat_template,9,168.54974365234375,22.473068237304688,0.20674113929271698
smollm2_360m_base,birth_place:4,birth_place,chat_template,10,168.3766632080078,16.569387435913086,0.1754714846611023
smollm2_360m_base,birth_place:4,birth_place,chat_template,11,178.65126037597656,23.071182250976562,0.18651147186756134
smollm2_360m_base,birth_place:4,birth_place,chat_template,12,183.76959228515625,20.66269874572754,0.1956450492143631
smollm2_360m_base,birth_place:4,birth_place,chat_template,13,194.05587768554688,23.404499053955078,0.19638009369373322
smollm2_360m_base,birth_place:4,birth_place,chat_template,14,212.14480590820312,28.98155975341797,0.19981636106967926
smollm2_360m_base,birth_place:4,birth_place,chat_template,15,221.3595428466797,27.78611946105957,0.20388253033161163
smollm2_360m_base,birth_place:4,birth_place,chat_template,16,244.31027221679688,37.64404296875,0.215918630361557
smollm2_360m_base,birth_place:4,birth_place,chat_template,17,258.5096435546875,42.14434814453125,0.23541259765625
smollm2_360m_base,birth_place:4,birth_place,chat_template,18,269.9007568359375,49.35866928100586,0.2310090959072113
smollm2_360m_base,birth_place:4,birth_place,chat_template,19,267.251708984375,29.80191993713379,0.24918372929096222
smollm2_360m_base,birth_place:4,birth_place,chat_template,20,286.1877746582031,45.1511344909668,0.2706260681152344
smollm2_360m_base,birth_place:4,birth_place,chat_template,21,339.7848205566406,57.10566329956055,0.3018937408924103
smollm2_360m_base,birth_place:4,birth_place,chat_template,22,360.741455078125,48.5895881652832,0.3925500512123108
smollm2_360m_base,birth_place:4,birth_place,chat_template,23,417.92120361328125,102.25572204589844,0.33067286014556885
smollm2_360m_base,birth_place:4,birth_place,chat_template,24,542.5455932617188,79.42450714111328,0.35422295331954956
smollm2_360m_base,birth_place:4,birth_place,chat_template,25,621.6166381835938,64.03655242919922,0.3706895709037781
smollm2_360m_base,birth_place:4,birth_place,chat_template,26,759.4908447265625,92.95349884033203,0.34937024116516113
smollm2_360m_base,birth_place:4,birth_place,chat_template,27,881.1593017578125,120.22238159179688,0.31112295389175415
smollm2_360m_base,birth_place:4,birth_place,chat_template,28,1031.4864501953125,136.6122589111328,0.3319551944732666
smollm2_360m_base,birth_place:4,birth_place,chat_template,29,1253.078857421875,156.53201293945312,0.34874701499938965
smollm2_360m_base,birth_place:4,birth_place,chat_template,30,1442.2061767578125,138.01168823242188,0.40534788370132446
smollm2_360m_base,birth_place:4,birth_place,chat_template,31,77.56549835205078,122.21837615966797,0.6302512288093567
smollm2_360m_base,birth_place:5,birth_place,raw_question,0,70.97565460205078,4.29074764251709,0.10421763360500336
smollm2_360m_base,birth_place:5,birth_place,raw_question,1,90.19673156738281,15.78793716430664,0.09433811902999878
smollm2_360m_base,birth_place:5,birth_place,raw_question,2,105.09514617919922,16.61547088623047,0.13153953850269318
smollm2_360m_base,birth_place:5,birth_place,raw_question,3,85.6273422241211,22.914752960205078,0.1306477040052414
smollm2_360m_base,birth_place:5,birth_place,raw_question,4,100.95479583740234,21.162202835083008,0.15810473263263702
smollm2_360m_base,birth_place:5,birth_place,raw_question,5,123.72561645507812,35.00481033325195,0.175563246011734
smollm2_360m_base,birth_place:5,birth_place,raw_question,6,135.4241943359375,14.451639175415039,0.17456801235675812
smollm2_360m_base,birth_place:5,birth_place,raw_question,7,148.23585510253906,24.355606079101562,0.19091898202896118
smollm2_360m_base,birth_place:5,birth_place,raw_question,8,156.4132080078125,17.939922332763672,0.2053508758544922
smollm2_360m_base,birth_place:5,birth_place,raw_question,9,164.0576629638672,16.60999298095703,0.20158199965953827
smollm2_360m_base,birth_place:5,birth_place,raw_question,10,166.7044219970703,12.024599075317383,0.17223522067070007
smollm2_360m_base,birth_place:5,birth_place,raw_question,11,179.18609619140625,17.165809631347656,0.18589788675308228
smollm2_360m_base,birth_place:5,birth_place,raw_question,12,182.4458770751953,25.661611557006836,0.20655302703380585
smollm2_360m_base,birth_place:5,birth_place,raw_question,13,181.838134765625,28.431324005126953,0.193577840924263
smollm2_360m_base,birth_place:5,birth_place,raw_question,14,194.4843292236328,35.73954391479492,0.19746564328670502
smollm2_360m_base,birth_place:5,birth_place,raw_question,15,215.4633331298828,36.79793930053711,0.2105381041765213
smollm2_360m_base,birth_place:5,birth_place,raw_question,16,241.07211303710938,36.746826171875,0.20825763046741486
smollm2_360m_base,birth_place:5,birth_place,raw_question,17,244.59210205078125,33.97032165527344,0.2088937759399414
smollm2_360m_base,birth_place:5,birth_place,raw_question,18,248.96434020996094,38.492431640625,0.19961588084697723
smollm2_360m_base,birth_place:5,birth_place,raw_question,19,280.25286865234375,29.57970428466797,0.2285715639591217
smollm2_360m_base,birth_place:5,birth_place,raw_question,20,289.082763671875,27.249589920043945,0.24331462383270264
smollm2_360m_base,birth_place:5,birth_place,raw_question,21,360.7290954589844,48.286354064941406,0.2674567699432373
smollm2_360m_base,birth_place:5,birth_place,raw_question,22,385.32086181640625,41.72079086303711,0.31984445452690125
smollm2_360m_base,birth_place:5,birth_place,raw_question,23,444.1527099609375,56.28299331665039,0.30753087997436523
smollm2_360m_base,birth_place:5,birth_place,raw_question,24,536.1019897460938,56.84595489501953,0.32869821786880493
smollm2_360m_base,birth_place:5,birth_place,raw_question,25,609.0665893554688,49.512874603271484,0.31937065720558167
smollm2_360m_base,birth_place:5,birth_place,raw_question,26,744.2440795898438,68.81661224365234,0.29664382338523865
smollm2_360m_base,birth_place:5,birth_place,raw_question,27,848.3303833007812,82.22635650634766,0.26718994975090027
smollm2_360m_base,birth_place:5,birth_place,raw_question,28,970.3432006835938,105.31452178955078,0.2661944329738617
smollm2_360m_base,birth_place:5,birth_place,raw_question,29,1159.657958984375,169.3958282470703,0.2818242907524109
smollm2_360m_base,birth_place:5,birth_place,raw_question,30,1335.8043212890625,139.12527465820312,0.33613958954811096
smollm2_360m_base,birth_place:5,birth_place,raw_question,31,72.730224609375,113.67005157470703,0.5870169401168823
smollm2_360m_base,birth_place:5,birth_place,declarative,0,64.29753875732422,4.2328386306762695,0.09262983500957489
smollm2_360m_base,birth_place:5,birth_place,declarative,1,84.85728454589844,22.26104164123535,0.13365648686885834
smollm2_360m_base,birth_place:5,birth_place,declarative,2,101.72940826416016,20.044240951538086,0.14871931076049805
smollm2_360m_base,birth_place:5,birth_place,declarative,3,99.52381896972656,21.94260597229004,0.16593024134635925
smollm2_360m_base,birth_place:5,birth_place,declarative,4,103.58512115478516,11.33456802368164,0.18073029816150665
smollm2_360m_base,birth_place:5,birth_place,declarative,5,130.9224853515625,33.93377685546875,0.19871565699577332
smollm2_360m_base,birth_place:5,birth_place,declarative,6,151.517578125,14.784624099731445,0.20157547295093536
smollm2_360m_base,birth_place:5,birth_place,declarative,7,179.23374938964844,33.005348205566406,0.2169347107410431
smollm2_360m_base,birth_place:5,birth_place,declarative,8,181.98655700683594,29.3988094329834,0.22680766880512238
smollm2_360m_base,birth_place:5,birth_place,declarative,9,185.79190063476562,15.087790489196777,0.2162720412015915
smollm2_360m_base,birth_place:5,birth_place,declarative,10,188.77085876464844,15.6239013671875,0.19814153015613556
smollm2_360m_base,birth_place:5,birth_place,declarative,11,204.69088745117188,21.679115295410156,0.20932035148143768
smollm2_360m_base,birth_place:5,birth_place,declarative,12,213.1648712158203,25.030963897705078,0.2155497819185257
smollm2_360m_base,birth_place:5,birth_place,declarative,13,220.9349822998047,30.345958709716797,0.20815806090831757
smollm2_360m_base,birth_place:5,birth_place,declarative,14,233.752685546875,32.79400634765625,0.21678337454795837
smollm2_360m_base,birth_place:5,birth_place,declarative,15,253.65638732910156,38.38584518432617,0.23076769709587097
smollm2_360m_base,birth_place:5,birth_place,declarative,16,262.2314453125,37.25705337524414,0.23125962913036346
smollm2_360m_base,birth_place:5,birth_place,declarative,17,261.40496826171875,37.192440032958984,0.2187039852142334
smollm2_360m_base,birth_place:5,birth_place,declarative,18,265.0939025878906,35.278079986572266,0.22603817284107208
smollm2_360m_base,birth_place:5,birth_place,declarative,19,280.0543518066406,27.33194351196289,0.24156217277050018
smollm2_360m_base,birth_place:5,birth_place,declarative,20,291.6590881347656,25.637483596801758,0.2598955035209656
smollm2_360m_base,birth_place:5,birth_place,declarative,21,329.49957275390625,31.430606842041016,0.2719021439552307
smollm2_360m_base,birth_place:5,birth_place,declarative,22,369.3061828613281,46.98964309692383,0.3556700348854065
smollm2_360m_base,birth_place:5,birth_place,declarative,23,401.5870666503906,56.85152053833008,0.3195655345916748
smollm2_360m_base,birth_place:5,birth_place,declarative,24,469.2298583984375,66.96723175048828,0.320089191198349
smollm2_360m_base,birth_place:5,birth_place,declarative,25,508.89208984375,45.639129638671875,0.3184257745742798
smollm2_360m_base,birth_place:5,birth_place,declarative,26,618.77099609375,108.72944641113281,0.34960466623306274
smollm2_360m_base,birth_place:5,birth_place,declarative,27,719.8228759765625,74.02828979492188,0.3830028474330902
smollm2_360m_base,birth_place:5,birth_place,declarative,28,877.902099609375,66.6572265625,0.44909390807151794
smollm2_360m_base,birth_place:5,birth_place,declarative,29,1106.6591796875,74.55075073242188,0.49823981523513794
smollm2_360m_base,birth_place:5,birth_place,declarative,30,1218.73095703125,86.362548828125,0.519026517868042
smollm2_360m_base,birth_place:5,birth_place,declarative,31,68.3962631225586,89.83768463134766,0.6368194818496704
smollm2_360m_base,birth_place:5,birth_place,qa,0,54.4565544128418,4.547729969024658,0.07775883376598358
smollm2_360m_base,birth_place:5,birth_place,qa,1,71.04972839355469,16.444238662719727,0.1348484605550766
smollm2_360m_base,birth_place:5,birth_place,qa,2,86.79190826416016,16.237991333007812,0.1468055695295334
smollm2_360m_base,birth_place:5,birth_place,qa,3,101.98457336425781,15.632362365722656,0.1715080440044403
smollm2_360m_base,birth_place:5,birth_place,qa,4,107.89518737792969,19.0965518951416,0.18072834610939026
smollm2_360m_base,birth_place:5,birth_place,qa,5,117.85978698730469,22.46765899658203,0.1781100034713745
smollm2_360m_base,birth_place:5,birth_place,qa,6,150.5455322265625,38.05691146850586,0.20156064629554749
smollm2_360m_base,birth_place:5,birth_place,qa,7,165.57875061035156,27.599123001098633,0.21284297108650208
smollm2_360m_base,birth_place:5,birth_place,qa,8,166.23680114746094,22.611112594604492,0.21656084060668945
smollm2_360m_base,birth_place:5,birth_place,qa,9,179.62759399414062,31.15188217163086,0.2089916169643402
smollm2_360m_base,birth_place:5,birth_place,qa,10,173.76242065429688,21.336904525756836,0.19192898273468018
smollm2_360m_base,birth_place:5,birth_place,qa,11,175.6775665283203,16.877511978149414,0.20630447566509247
smollm2_360m_base,birth_place:5,birth_place,qa,12,183.7187957763672,28.531219482421875,0.2068103849887848
smollm2_360m_base,birth_place:5,birth_place,qa,13,192.91952514648438,21.06586456298828,0.19862677156925201
smollm2_360m_base,birth_place:5,birth_place,qa,14,203.815185546875,37.08792495727539,0.20577307045459747
smollm2_360m_base,birth_place:5,birth_place,qa,15,226.82650756835938,42.7764892578125,0.215294748544693
smollm2_360m_base,birth_place:5,birth_place,qa,16,242.8011932373047,35.42597579956055,0.2126903533935547
smollm2_360m_base,birth_place:5,birth_place,qa,17,250.9587860107422,26.940988540649414,0.21663454174995422
smollm2_360m_base,birth_place:5,birth_place,qa,18,252.01187133789062,35.2567024230957,0.2202068269252777
smollm2_360m_base,birth_place:5,birth_place,qa,19,266.7332763671875,37.22312927246094,0.23708105087280273
smollm2_360m_base,birth_place:5,birth_place,qa,20,281.6454162597656,47.33256912231445,0.26544952392578125
smollm2_360m_base,birth_place:5,birth_place,qa,21,345.96356201171875,47.12104034423828,0.2860068380832672
smollm2_360m_base,birth_place:5,birth_place,qa,22,374.1104431152344,47.41297149658203,0.37470802664756775
smollm2_360m_base,birth_place:5,birth_place,qa,23,413.02093505859375,78.78067016601562,0.35077887773513794
smollm2_360m_base,birth_place:5,birth_place,qa,24,531.6345825195312,90.72783660888672,0.35424163937568665
smollm2_360m_base,birth_place:5,birth_place,qa,25,593.9447021484375,61.72119140625,0.3596743643283844
smollm2_360m_base,birth_place:5,birth_place,qa,26,741.90087890625,106.23285675048828,0.358065664768219
smollm2_360m_base,birth_place:5,birth_place,qa,27,879.6448364257812,141.6700897216797,0.3259827494621277
smollm2_360m_base,birth_place:5,birth_place,qa,28,1039.423095703125,128.94232177734375,0.35369786620140076
smollm2_360m_base,birth_place:5,birth_place,qa,29,1214.5281982421875,146.90496826171875,0.38353508710861206
smollm2_360m_base,birth_place:5,birth_place,qa,30,1372.9493408203125,128.98797607421875,0.4401678144931793
smollm2_360m_base,birth_place:5,birth_place,qa,31,75.76979064941406,97.47415924072266,0.6198081970214844
smollm2_360m_base,birth_place:5,birth_place,chat_template,0,51.464168548583984,4.760002613067627,0.07149110734462738
smollm2_360m_base,birth_place:5,birth_place,chat_template,1,71.09293365478516,18.67302703857422,0.088542640209198
smollm2_360m_base,birth_place:5,birth_place,chat_template,2,80.6207046508789,10.698360443115234,0.11703982204198837
smollm2_360m_base,birth_place:5,birth_place,chat_template,3,93.20362854003906,15.149211883544922,0.14330732822418213
smollm2_360m_base,birth_place:5,birth_place,chat_template,4,105.30734252929688,18.331851959228516,0.15988215804100037
smollm2_360m_base,birth_place:5,birth_place,chat_template,5,116.72139739990234,15.19080638885498,0.15773090720176697
smollm2_360m_base,birth_place:5,birth_place,chat_template,6,125.43829345703125,19.85334014892578,0.16792669892311096
smollm2_360m_base,birth_place:5,birth_place,chat_template,7,147.84063720703125,22.96657371520996,0.18980956077575684
smollm2_360m_base,birth_place:5,birth_place,chat_template,8,157.1951446533203,26.204294204711914,0.21537327766418457
smollm2_360m_base,birth_place:5,birth_place,chat_template,9,166.14112854003906,21.92265510559082,0.20638294517993927
smollm2_360m_base,birth_place:5,birth_place,chat_template,10,166.83714294433594,16.863615036010742,0.1746300905942917
smollm2_360m_base,birth_place:5,birth_place,chat_template,11,176.93658447265625,22.372501373291016,0.18376481533050537
smollm2_360m_base,birth_place:5,birth_place,chat_template,12,182.31370544433594,22.115310668945312,0.1949167549610138
smollm2_360m_base,birth_place:5,birth_place,chat_template,13,190.28216552734375,20.25882339477539,0.19452902674674988
smollm2_360m_base,birth_place:5,birth_place,chat_template,14,207.29507446289062,29.232053756713867,0.19672304391860962
smollm2_360m_base,birth_place:5,birth_place,chat_template,15,218.49684143066406,28.16240692138672,0.20139651000499725
smollm2_360m_base,birth_place:5,birth_place,chat_template,16,240.24484252929688,36.58993148803711,0.2119659185409546
smollm2_360m_base,birth_place:5,birth_place,chat_template,17,256.78515625,42.43266296386719,0.2322051078081131
smollm2_360m_base,birth_place:5,birth_place,chat_template,18,270.7145690917969,48.80921936035156,0.2280084192752838
smollm2_360m_base,birth_place:5,birth_place,chat_template,19,270.5164489746094,29.62423324584961,0.2467016875743866
smollm2_360m_base,birth_place:5,birth_place,chat_template,20,289.2581787109375,44.732025146484375,0.26625198125839233
smollm2_360m_base,birth_place:5,birth_place,chat_template,21,338.1739807128906,54.58354949951172,0.29441705346107483
smollm2_360m_base,birth_place:5,birth_place,chat_template,22,365.3250427246094,52.08710861206055,0.384421169757843
smollm2_360m_base,birth_place:5,birth_place,chat_template,23,422.7932434082031,93.11422729492188,0.32229822874069214
smollm2_360m_base,birth_place:5,birth_place,chat_template,24,549.2630004882812,87.58575439453125,0.3465777039527893
smollm2_360m_base,birth_place:5,birth_place,chat_template,25,631.2911376953125,67.07188415527344,0.3671955466270447
smollm2_360m_base,birth_place:5,birth_place,chat_template,26,768.815185546875,84.43016052246094,0.33609461784362793
smollm2_360m_base,birth_place:5,birth_place,chat_template,27,899.7371215820312,123.53587341308594,0.2933625876903534
smollm2_360m_base,birth_place:5,birth_place,chat_template,28,1024.1531982421875,140.39381408691406,0.2961775064468384
smollm2_360m_base,birth_place:5,birth_place,chat_template,29,1241.9832763671875,188.72152709960938,0.3148948550224304
smollm2_360m_base,birth_place:5,birth_place,chat_template,30,1428.56689453125,152.10072326660156,0.3838472366333008
smollm2_360m_base,birth_place:5,birth_place,chat_template,31,78.05672454833984,125.02584838867188,0.6293061375617981
smollm2_360m_base,birth_place:6,birth_place,raw_question,0,69.7291030883789,4.537975311279297,0.09925957024097443
smollm2_360m_base,birth_place:6,birth_place,raw_question,1,87.04048156738281,14.243422508239746,0.09389437735080719
smollm2_360m_base,birth_place:6,birth_place,raw_question,2,103.49090576171875,16.8748836517334,0.13070201873779297
smollm2_360m_base,birth_place:6,birth_place,raw_question,3,84.13382720947266,21.84450340270996,0.13272178173065186
smollm2_360m_base,birth_place:6,birth_place,raw_question,4,98.77544403076172,19.964384078979492,0.15762536227703094
smollm2_360m_base,birth_place:6,birth_place,raw_question,5,120.51091766357422,34.762977600097656,0.17474928498268127
smollm2_360m_base,birth_place:6,birth_place,raw_question,6,132.8185272216797,12.69593620300293,0.17349569499492645
smollm2_360m_base,birth_place:6,birth_place,raw_question,7,147.66018676757812,24.151384353637695,0.19271807372570038
smollm2_360m_base,birth_place:6,birth_place,raw_question,8,158.12161254882812,19.5491943359375,0.20737941563129425
smollm2_360m_base,birth_place:6,birth_place,raw_question,9,164.3125762939453,16.812763214111328,0.20188304781913757
smollm2_360m_base,birth_place:6,birth_place,raw_question,10,165.97027587890625,12.202759742736816,0.16964857280254364
smollm2_360m_base,birth_place:6,birth_place,raw_question,11,180.8820343017578,19.2896785736084,0.18635335564613342
smollm2_360m_base,birth_place:6,birth_place,raw_question,12,183.26007080078125,22.79564094543457,0.20353083312511444
smollm2_360m_base,birth_place:6,birth_place,raw_question,13,181.26589965820312,26.747583389282227,0.1923750936985016
smollm2_360m_base,birth_place:6,birth_place,raw_question,14,193.62893676757812,34.58180618286133,0.19780988991260529
smollm2_360m_base,birth_place:6,birth_place,raw_question,15,213.6132354736328,33.516754150390625,0.20756563544273376
smollm2_360m_base,birth_place:6,birth_place,raw_question,16,234.99923706054688,33.758056640625,0.20282526314258575
smollm2_360m_base,birth_place:6,birth_place,raw_question,17,243.58428955078125,33.76130294799805,0.20480136573314667
smollm2_360m_base,birth_place:6,birth_place,raw_question,18,248.57699584960938,37.66897964477539,0.19841806590557098
smollm2_360m_base,birth_place:6,birth_place,raw_question,19,275.4509582519531,28.187528610229492,0.225884348154068
smollm2_360m_base,birth_place:6,birth_place,raw_question,20,284.3721923828125,26.16755485534668,0.2411392629146576
smollm2_360m_base,birth_place:6,birth_place,raw_question,21,356.0389709472656,46.89364242553711,0.26708799600601196
smollm2_360m_base,birth_place:6,birth_place,raw_question,22,381.6062316894531,42.5385627746582,0.31646329164505005
smollm2_360m_base,birth_place:6,birth_place,raw_question,23,443.9582214355469,54.16408157348633,0.30670714378356934
smollm2_360m_base,birth_place:6,birth_place,raw_question,24,530.3007202148438,52.32978439331055,0.3250868022441864
smollm2_360m_base,birth_place:6,birth_place,raw_question,25,609.1671752929688,42.5752067565918,0.3198453485965729
smollm2_360m_base,birth_place:6,birth_place,raw_question,26,753.4757080078125,75.45245361328125,0.29881802201271057
smollm2_360m_base,birth_place:6,birth_place,raw_question,27,860.6417846679688,82.34557342529297,0.26646870374679565
smollm2_360m_base,birth_place:6,birth_place,raw_question,28,984.6490478515625,89.74944305419922,0.27017349004745483
smollm2_360m_base,birth_place:6,birth_place,raw_question,29,1173.1661376953125,175.1551971435547,0.2743784785270691
smollm2_360m_base,birth_place:6,birth_place,raw_question,30,1332.20068359375,147.61143493652344,0.337808221578598
smollm2_360m_base,birth_place:6,birth_place,raw_question,31,72.3539047241211,133.2352752685547,0.6060229539871216
smollm2_360m_base,birth_place:6,birth_place,declarative,0,66.39659881591797,4.399997234344482,0.09123458713293076
smollm2_360m_base,birth_place:6,birth_place,declarative,1,84.65377807617188,20.812335968017578,0.1255994737148285
smollm2_360m_base,birth_place:6,birth_place,declarative,2,99.48721313476562,17.831892013549805,0.13967788219451904
smollm2_360m_base,birth_place:6,birth_place,declarative,3,97.73628997802734,20.97614097595215,0.1586984097957611
smollm2_360m_base,birth_place:6,birth_place,declarative,4,101.08485412597656,10.15250301361084,0.17660722136497498
smollm2_360m_base,birth_place:6,birth_place,declarative,5,127.73982238769531,33.372894287109375,0.19287557899951935
smollm2_360m_base,birth_place:6,birth_place,declarative,6,145.9945068359375,13.705613136291504,0.19504496455192566
smollm2_360m_base,birth_place:6,birth_place,declarative,7,171.62539672851562,31.17268943786621,0.2107667475938797
smollm2_360m_base,birth_place:6,birth_place,declarative,8,174.03778076171875,23.367015838623047,0.2212529480457306
smollm2_360m_base,birth_place:6,birth_place,declarative,9,181.97869873046875,15.584342956542969,0.2145034819841385
smollm2_360m_base,birth_place:6,birth_place,declarative,10,185.70947265625,12.515972137451172,0.20034857094287872
smollm2_360m_base,birth_place:6,birth_place,declarative,11,200.8115997314453,19.042499542236328,0.20731858909130096
smollm2_360m_base,birth_place:6,birth_place,declarative,12,211.7751922607422,26.352737426757812,0.21704038977622986
smollm2_360m_base,birth_place:6,birth_place,declarative,13,217.61239624023438,27.618974685668945,0.2051466703414917
smollm2_360m_base,birth_place:6,birth_place,declarative,14,227.7649688720703,34.04389572143555,0.21276068687438965
smollm2_360m_base,birth_place:6,birth_place,declarative,15,244.86660766601562,39.94947814941406,0.22581782937049866
smollm2_360m_base,birth_place:6,birth_place,declarative,16,257.19677734375,35.78887176513672,0.22003746032714844
smollm2_360m_base,birth_place:6,birth_place,declarative,17,257.9122314453125,36.127410888671875,0.21601052582263947
smollm2_360m_base,birth_place:6,birth_place,declarative,18,268.4954528808594,32.0465202331543,0.22468671202659607
smollm2_360m_base,birth_place:6,birth_place,declarative,19,284.24957275390625,28.02147674560547,0.2410755604505539
smollm2_360m_base,birth_place:6,birth_place,declarative,20,296.7743835449219,23.857885360717773,0.2648386061191559
smollm2_360m_base,birth_place:6,birth_place,declarative,21,334.63861083984375,32.06906509399414,0.275571346282959
smollm2_360m_base,birth_place:6,birth_place,declarative,22,371.33953857421875,41.933204650878906,0.35483473539352417
smollm2_360m_base,birth_place:6,birth_place,declarative,23,398.9501953125,77.66168975830078,0.31272798776626587
smollm2_360m_base,birth_place:6,birth_place,declarative,24,465.38751220703125,66.0410385131836,0.32023972272872925
smollm2_360m_base,birth_place:6,birth_place,declarative,25,509.0540771484375,52.53982925415039,0.3208569288253784
smollm2_360m_base,birth_place:6,birth_place,declarative,26,644.3907470703125,132.915283203125,0.36149436235427856
smollm2_360m_base,birth_place:6,birth_place,declarative,27,768.2206420898438,124.79002380371094,0.390625
smollm2_360m_base,birth_place:6,birth_place,declarative,28,912.8458251953125,68.4286880493164,0.44649869203567505
smollm2_360m_base,birth_place:6,birth_place,declarative,29,1076.869140625,91.1053466796875,0.5161622166633606
smollm2_360m_base,birth_place:6,birth_place,declarative,30,1207.2637939453125,115.26908111572266,0.5506558418273926
smollm2_360m_base,birth_place:6,birth_place,declarative,31,63.01588821411133,108.0853042602539,0.6913852691650391
smollm2_360m_base,birth_place:6,birth_place,qa,0,54.32792663574219,4.679729461669922,0.0764862596988678
smollm2_360m_base,birth_place:6,birth_place,qa,1,70.85016632080078,16.46935272216797,0.12922219932079315
smollm2_360m_base,birth_place:6,birth_place,qa,2,85.99685668945312,15.847166061401367,0.1417332887649536
smollm2_360m_base,birth_place:6,birth_place,qa,3,100.92387390136719,15.601221084594727,0.16818758845329285
smollm2_360m_base,birth_place:6,birth_place,qa,4,107.7195816040039,20.05324363708496,0.17993751168251038
smollm2_360m_base,birth_place:6,birth_place,qa,5,117.59114074707031,22.451753616333008,0.17677859961986542
smollm2_360m_base,birth_place:6,birth_place,qa,6,151.01235961914062,38.62968826293945,0.200641468167305
smollm2_360m_base,birth_place:6,birth_place,qa,7,166.18682861328125,28.146032333374023,0.21162667870521545
smollm2_360m_base,birth_place:6,birth_place,qa,8,169.81411743164062,23.210966110229492,0.21481890976428986
smollm2_360m_base,birth_place:6,birth_place,qa,9,185.0613555908203,33.74983596801758,0.20840926468372345
smollm2_360m_base,birth_place:6,birth_place,qa,10,176.8402862548828,21.577022552490234,0.1900581568479538
smollm2_360m_base,birth_place:6,birth_place,qa,11,177.4626922607422,16.666269302368164,0.2031310498714447
smollm2_360m_base,birth_place:6,birth_place,qa,12,186.57958984375,26.554515838623047,0.2036597728729248
smollm2_360m_base,birth_place:6,birth_place,qa,13,193.9046173095703,20.102214813232422,0.195481538772583
smollm2_360m_base,birth_place:6,birth_place,qa,14,203.6859893798828,35.480403900146484,0.2012520730495453
smollm2_360m_base,birth_place:6,birth_place,qa,15,227.7808074951172,41.88640594482422,0.2125430405139923
smollm2_360m_base,birth_place:6,birth_place,qa,16,246.03207397460938,35.36666488647461,0.21039363741874695
smollm2_360m_base,birth_place:6,birth_place,qa,17,255.0576934814453,26.875995635986328,0.21450519561767578
smollm2_360m_base,birth_place:6,birth_place,qa,18,254.5408172607422,36.42457580566406,0.22091317176818848
smollm2_360m_base,birth_place:6,birth_place,qa,19,267.5111999511719,37.80448532104492,0.2379283457994461
smollm2_360m_base,birth_place:6,birth_place,qa,20,277.9935607910156,43.64762878417969,0.2636030316352844
smollm2_360m_base,birth_place:6,birth_place,qa,21,340.98907470703125,43.810035705566406,0.2823636531829834
smollm2_360m_base,birth_place:6,birth_place,qa,22,370.1462097167969,46.568424224853516,0.3715195655822754
smollm2_360m_base,birth_place:6,birth_place,qa,23,400.2140197753906,79.97004699707031,0.3500789999961853
smollm2_360m_base,birth_place:6,birth_place,qa,24,514.2503662109375,82.94697570800781,0.3514441251754761
smollm2_360m_base,birth_place:6,birth_place,qa,25,570.6482543945312,52.79427719116211,0.35497426986694336
smollm2_360m_base,birth_place:6,birth_place,qa,26,736.2153930664062,137.26329040527344,0.3613432049751282
smollm2_360m_base,birth_place:6,birth_place,qa,27,875.299072265625,120.89484405517578,0.34535515308380127
smollm2_360m_base,birth_place:6,birth_place,qa,28,1036.27880859375,113.11305236816406,0.3801257610321045
smollm2_360m_base,birth_place:6,birth_place,qa,29,1229.3460693359375,144.97793579101562,0.404682457447052
smollm2_360m_base,birth_place:6,birth_place,qa,30,1382.3399658203125,158.35092163085938,0.45082467794418335
smollm2_360m_base,birth_place:6,birth_place,qa,31,75.64816284179688,100.74871826171875,0.6607189178466797
smollm2_360m_base,birth_place:6,birth_place,chat_template,0,51.60608673095703,4.791779041290283,0.07079865038394928
smollm2_360m_base,birth_place:6,birth_place,chat_template,1,71.00080108642578,18.336999893188477,0.08797798305749893
smollm2_360m_base,birth_place:6,birth_place,chat_template,2,80.41627502441406,10.4700345993042,0.11498105525970459
smollm2_360m_base,birth_place:6,birth_place,chat_template,3,92.50267028808594,14.809004783630371,0.1415577381849289
smollm2_360m_base,birth_place:6,birth_place,chat_template,4,104.8485336303711,18.612276077270508,0.1597776710987091
smollm2_360m_base,birth_place:6,birth_place,chat_template,5,116.85545349121094,15.535053253173828,0.15855790674686432
smollm2_360m_base,birth_place:6,birth_place,chat_template,6,125.790283203125,20.105438232421875,0.16848249733448029
smollm2_360m_base,birth_place:6,birth_place,chat_template,7,147.11366271972656,22.936603546142578,0.18983952701091766
smollm2_360m_base,birth_place:6,birth_place,chat_template,8,157.60678100585938,28.557464599609375,0.2174820452928543
smollm2_360m_base,birth_place:6,birth_place,chat_template,9,166.50250244140625,22.22173309326172,0.20442883670330048
smollm2_360m_base,birth_place:6,birth_place,chat_template,10,167.12664794921875,15.304543495178223,0.17317767441272736
smollm2_360m_base,birth_place:6,birth_place,chat_template,11,177.76043701171875,23.74227523803711,0.18410168588161469
smollm2_360m_base,birth_place:6,birth_place,chat_template,12,183.14329528808594,20.947052001953125,0.19683042168617249
smollm2_360m_base,birth_place:6,birth_place,chat_template,13,188.66514587402344,20.581846237182617,0.19276325404644012
smollm2_360m_base,birth_place:6,birth_place,chat_template,14,203.239013671875,28.817087173461914,0.19484397768974304
smollm2_360m_base,birth_place:6,birth_place,chat_template,15,218.8025360107422,27.794403076171875,0.20009012520313263
smollm2_360m_base,birth_place:6,birth_place,chat_template,16,240.1301727294922,35.25332260131836,0.2136429250240326
smollm2_360m_base,birth_place:6,birth_place,chat_template,17,257.1714782714844,41.23183822631836,0.23055104911327362
smollm2_360m_base,birth_place:6,birth_place,chat_template,18,270.1160888671875,49.035545349121094,0.22767555713653564
smollm2_360m_base,birth_place:6,birth_place,chat_template,19,267.56243896484375,28.303783416748047,0.24452820420265198
smollm2_360m_base,birth_place:6,birth_place,chat_template,20,285.4834289550781,44.07295608520508,0.2675614356994629
smollm2_360m_base,birth_place:6,birth_place,chat_template,21,336.43988037109375,54.64216613769531,0.29644355177879333
smollm2_360m_base,birth_place:6,birth_place,chat_template,22,360.4524841308594,50.60945129394531,0.3872702419757843
smollm2_360m_base,birth_place:6,birth_place,chat_template,23,421.360107421875,98.70527648925781,0.32656002044677734
smollm2_360m_base,birth_place:6,birth_place,chat_template,24,543.3379516601562,81.22740173339844,0.34830033779144287
smollm2_360m_base,birth_place:6,birth_place,chat_template,25,626.8355102539062,61.12248992919922,0.36614447832107544
smollm2_360m_base,birth_place:6,birth_place,chat_template,26,773.0675659179688,104.27732849121094,0.33972424268722534
smollm2_360m_base,birth_place:6,birth_place,chat_template,27,903.679931640625,132.23263549804688,0.29841044545173645
smollm2_360m_base,birth_place:6,birth_place,chat_template,28,1038.341796875,134.9196014404297,0.31165021657943726
smollm2_360m_base,birth_place:6,birth_place,chat_template,29,1256.58251953125,195.81851196289062,0.3196733593940735
smollm2_360m_base,birth_place:6,birth_place,chat_template,30,1440.348876953125,170.7854766845703,0.3937973380088806
smollm2_360m_base,birth_place:6,birth_place,chat_template,31,76.91712188720703,142.17916870117188,0.6429092288017273
smollm2_360m_base,birth_place:7,birth_place,raw_question,0,69.74677276611328,4.56121826171875,0.09696634858846664
smollm2_360m_base,birth_place:7,birth_place,raw_question,1,89.2195816040039,14.98122787475586,0.09376198053359985
smollm2_360m_base,birth_place:7,birth_place,raw_question,2,104.1935043334961,16.816755294799805,0.12943916022777557
smollm2_360m_base,birth_place:7,birth_place,raw_question,3,85.00349426269531,22.751705169677734,0.1309002935886383
smollm2_360m_base,birth_place:7,birth_place,raw_question,4,100.400634765625,20.43218421936035,0.1579623520374298
smollm2_360m_base,birth_place:7,birth_place,raw_question,5,121.35855102539062,32.582393646240234,0.1730407476425171
smollm2_360m_base,birth_place:7,birth_place,raw_question,6,134.5508575439453,14.060855865478516,0.17381639778614044
smollm2_360m_base,birth_place:7,birth_place,raw_question,7,149.00125122070312,23.20177459716797,0.19292007386684418
smollm2_360m_base,birth_place:7,birth_place,raw_question,8,159.43692016601562,17.002235412597656,0.20494505763053894
smollm2_360m_base,birth_place:7,birth_place,raw_question,9,167.19967651367188,14.460394859313965,0.2008811980485916
smollm2_360m_base,birth_place:7,birth_place,raw_question,10,167.6055908203125,11.726357460021973,0.17553897202014923
smollm2_360m_base,birth_place:7,birth_place,raw_question,11,180.58004760742188,16.742029190063477,0.1870022565126419
smollm2_360m_base,birth_place:7,birth_place,raw_question,12,181.95086669921875,21.565383911132812,0.20340494811534882
smollm2_360m_base,birth_place:7,birth_place,raw_question,13,181.78787231445312,26.836822509765625,0.19338741898536682
smollm2_360m_base,birth_place:7,birth_place,raw_question,14,197.73043823242188,36.429134368896484,0.19923135638237
smollm2_360m_base,birth_place:7,birth_place,raw_question,15,220.3945770263672,36.70158386230469,0.21282097697257996
smollm2_360m_base,birth_place:7,birth_place,raw_question,16,238.75332641601562,38.22035217285156,0.21102318167686462
smollm2_360m_base,birth_place:7,birth_place,raw_question,17,244.5753173828125,33.20550537109375,0.2085435837507248
smollm2_360m_base,birth_place:7,birth_place,raw_question,18,245.81732177734375,37.894718170166016,0.2044583261013031
smollm2_360m_base,birth_place:7,birth_place,raw_question,19,275.5695495605469,30.263412475585938,0.22677941620349884
smollm2_360m_base,birth_place:7,birth_place,raw_question,20,277.30340576171875,27.447145462036133,0.24697189033031464
smollm2_360m_base,birth_place:7,birth_place,raw_question,21,352.1790771484375,51.14717102050781,0.2671267092227936
smollm2_360m_base,birth_place:7,birth_place,raw_question,22,380.29913330078125,40.42094039916992,0.3281886577606201
smollm2_360m_base,birth_place:7,birth_place,raw_question,23,430.5694885253906,65.29898071289062,0.31057482957839966
smollm2_360m_base,birth_place:7,birth_place,raw_question,24,523.6908569335938,49.98398971557617,0.3317969739437103
smollm2_360m_base,birth_place:7,birth_place,raw_question,25,593.4500732421875,64.75713348388672,0.3200388252735138
smollm2_360m_base,birth_place:7,birth_place,raw_question,26,722.9686889648438,82.1042709350586,0.30906349420547485
smollm2_360m_base,birth_place:7,birth_place,raw_question,27,827.1897583007812,89.80248260498047,0.2899787127971649
smollm2_360m_base,birth_place:7,birth_place,raw_question,28,941.8936157226562,90.14273071289062,0.2841261923313141
smollm2_360m_base,birth_place:7,birth_place,raw_question,29,1104.97998046875,149.32432556152344,0.2936493754386902
smollm2_360m_base,birth_place:7,birth_place,raw_question,30,1295.782470703125,146.62802124023438,0.35387668013572693
smollm2_360m_base,birth_place:7,birth_place,raw_question,31,68.55838012695312,112.28335571289062,0.5894541144371033
smollm2_360m_base,birth_place:7,birth_place,declarative,0,66.69735717773438,4.082846164703369,0.09630726277828217
smollm2_360m_base,birth_place:7,birth_place,declarative,1,87.48674774169922,21.467777252197266,0.12804743647575378
smollm2_360m_base,birth_place:7,birth_place,declarative,2,102.24825286865234,19.8709774017334,0.14568962156772614
smollm2_360m_base,birth_place:7,birth_place,declarative,3,100.79702758789062,21.566692352294922,0.16413018107414246
smollm2_360m_base,birth_place:7,birth_place,declarative,4,104.60746002197266,11.172921180725098,0.1812143325805664
smollm2_360m_base,birth_place:7,birth_place,declarative,5,131.47732543945312,33.32204818725586,0.19723929464817047
smollm2_360m_base,birth_place:7,birth_place,declarative,6,147.34861755371094,13.50265884399414,0.1942596137523651
smollm2_360m_base,birth_place:7,birth_place,declarative,7,170.28262329101562,26.875581741333008,0.21111217141151428
smollm2_360m_base,birth_place:7,birth_place,declarative,8,176.23690795898438,28.915584564208984,0.2236771583557129
smollm2_360m_base,birth_place:7,birth_place,declarative,9,181.21917724609375,13.318330764770508,0.2093345671892166
smollm2_360m_base,birth_place:7,birth_place,declarative,10,186.370361328125,13.565266609191895,0.19766107201576233
smollm2_360m_base,birth_place:7,birth_place,declarative,11,200.4571990966797,18.40838050842285,0.20517651736736298
smollm2_360m_base,birth_place:7,birth_place,declarative,12,208.6509552001953,23.40098762512207,0.2124653309583664
smollm2_360m_base,birth_place:7,birth_place,declarative,13,210.1106719970703,25.183897018432617,0.2024138867855072
smollm2_360m_base,birth_place:7,birth_place,declarative,14,227.93873596191406,38.51271057128906,0.21688303351402283
smollm2_360m_base,birth_place:7,birth_place,declarative,15,245.30979919433594,37.7988166809082,0.23394536972045898
smollm2_360m_base,birth_place:7,birth_place,declarative,16,263.3974914550781,37.17851638793945,0.23515310883522034
smollm2_360m_base,birth_place:7,birth_place,declarative,17,259.3973083496094,37.99220657348633,0.2209511250257492
smollm2_360m_base,birth_place:7,birth_place,declarative,18,267.51995849609375,34.9885139465332,0.2326701581478119
smollm2_360m_base,birth_place:7,birth_place,declarative,19,282.1333312988281,27.772428512573242,0.24472007155418396
smollm2_360m_base,birth_place:7,birth_place,declarative,20,298.39593505859375,26.51974868774414,0.2620355188846588
smollm2_360m_base,birth_place:7,birth_place,declarative,21,332.0698547363281,36.1084098815918,0.27363714575767517
smollm2_360m_base,birth_place:7,birth_place,declarative,22,375.214599609375,48.4210090637207,0.3498348593711853
smollm2_360m_base,birth_place:7,birth_place,declarative,23,415.62188720703125,99.4832992553711,0.31018713116645813
smollm2_360m_base,birth_place:7,birth_place,declarative,24,484.351318359375,64.1373519897461,0.3180837035179138
smollm2_360m_base,birth_place:7,birth_place,declarative,25,535.19482421875,70.75332641601562,0.3314134180545807
smollm2_360m_base,birth_place:7,birth_place,declarative,26,659.1602783203125,153.97882080078125,0.3753606975078583
smollm2_360m_base,birth_place:7,birth_place,declarative,27,815.7892456054688,177.80633544921875,0.43395671248435974
smollm2_360m_base,birth_place:7,birth_place,declarative,28,916.7216186523438,76.58660125732422,0.5189480781555176
smollm2_360m_base,birth_place:7,birth_place,declarative,29,1003.1847534179688,79.6399154663086,0.5842030644416809
smollm2_360m_base,birth_place:7,birth_place,declarative,30,1123.415283203125,74.56210327148438,0.6363046765327454
smollm2_360m_base,birth_place:7,birth_place,declarative,31,56.37412643432617,167.15785217285156,0.7156258225440979
smollm2_360m_base,birth_place:7,birth_place,qa,0,53.83367919921875,4.69912576675415,0.07566282898187637
smollm2_360m_base,birth_place:7,birth_place,qa,1,70.6415786743164,16.544893264770508,0.13217559456825256
smollm2_360m_base,birth_place:7,birth_place,qa,2,85.87205505371094,15.887566566467285,0.14360038936138153
smollm2_360m_base,birth_place:7,birth_place,qa,3,101.82213592529297,15.654790878295898,0.1703416109085083
smollm2_360m_base,birth_place:7,birth_place,qa,4,108.22161102294922,19.3560791015625,0.18126292526721954
smollm2_360m_base,birth_place:7,birth_place,qa,5,118.26457214355469,22.70494842529297,0.17788390815258026
smollm2_360m_base,birth_place:7,birth_place,qa,6,151.84451293945312,37.99397277832031,0.20141386985778809
smollm2_360m_base,birth_place:7,birth_place,qa,7,168.1887664794922,27.7738094329834,0.21163077652454376
smollm2_360m_base,birth_place:7,birth_place,qa,8,170.1146240234375,21.097795486450195,0.21605095267295837
smollm2_360m_base,birth_place:7,birth_place,qa,9,184.15452575683594,31.113187789916992,0.20930078625679016
smollm2_360m_base,birth_place:7,birth_place,qa,10,176.08413696289062,19.518436431884766,0.18972185254096985
smollm2_360m_base,birth_place:7,birth_place,qa,11,176.72525024414062,16.854597091674805,0.2010982483625412
smollm2_360m_base,birth_place:7,birth_place,qa,12,182.4791717529297,24.603408813476562,0.20147672295570374
smollm2_360m_base,birth_place:7,birth_place,qa,13,191.0186309814453,20.95389175415039,0.1944791078567505
smollm2_360m_base,birth_place:7,birth_place,qa,14,203.48565673828125,38.7432975769043,0.20423415303230286
smollm2_360m_base,birth_place:7,birth_place,qa,15,224.5398406982422,40.49518585205078,0.21431593596935272
smollm2_360m_base,birth_place:7,birth_place,qa,16,245.05848693847656,40.4236946105957,0.2175178974866867
smollm2_360m_base,birth_place:7,birth_place,qa,17,250.67123413085938,28.046560287475586,0.21782901883125305
smollm2_360m_base,birth_place:7,birth_place,qa,18,244.52206420898438,38.703121185302734,0.22306954860687256
smollm2_360m_base,birth_place:7,birth_place,qa,19,260.7724304199219,37.014068603515625,0.2391970157623291
smollm2_360m_base,birth_place:7,birth_place,qa,20,273.1131896972656,47.97245407104492,0.26843172311782837
smollm2_360m_base,birth_place:7,birth_place,qa,21,347.15277099609375,51.88418960571289,0.2904529869556427
smollm2_360m_base,birth_place:7,birth_place,qa,22,380.373779296875,51.5410041809082,0.38144999742507935
smollm2_360m_base,birth_place:7,birth_place,qa,23,419.396484375,113.3632583618164,0.35024136304855347
smollm2_360m_base,birth_place:7,birth_place,qa,24,520.1502685546875,71.0666732788086,0.35275980830192566
smollm2_360m_base,birth_place:7,birth_place,qa,25,562.4677124023438,87.59009552001953,0.3480488061904907
smollm2_360m_base,birth_place:7,birth_place,qa,26,663.7069091796875,130.927001953125,0.3708477020263672
smollm2_360m_base,birth_place:7,birth_place,qa,27,816.6761474609375,185.7230987548828,0.4166048467159271
smollm2_360m_base,birth_place:7,birth_place,qa,28,927.9183349609375,94.672607421875,0.47734910249710083
smollm2_360m_base,birth_place:7,birth_place,qa,29,1043.578125,93.134765625,0.5636759996414185
smollm2_360m_base,birth_place:7,birth_place,qa,30,1188.1453857421875,123.11222839355469,0.6155738830566406
smollm2_360m_base,birth_place:7,birth_place,qa,31,66.00096130371094,145.50498962402344,0.7374556064605713
smollm2_360m_base,birth_place:7,birth_place,chat_template,0,50.92604446411133,4.855325698852539,0.07107029110193253
smollm2_360m_base,birth_place:7,birth_place,chat_template,1,70.80231475830078,18.726165771484375,0.08844059705734253
smollm2_360m_base,birth_place:7,birth_place,chat_template,2,80.02501678466797,10.422836303710938,0.11505170911550522
smollm2_360m_base,birth_place:7,birth_place,chat_template,3,92.36139678955078,15.025630950927734,0.1417134553194046
smollm2_360m_base,birth_place:7,birth_place,chat_template,4,105.01325225830078,18.402008056640625,0.15947437286376953
smollm2_360m_base,birth_place:7,birth_place,chat_template,5,116.16919708251953,15.1656494140625,0.15764062106609344
smollm2_360m_base,birth_place:7,birth_place,chat_template,6,125.49018096923828,20.73512840270996,0.16865697503089905
smollm2_360m_base,birth_place:7,birth_place,chat_template,7,146.6003875732422,23.740245819091797,0.19077342748641968
smollm2_360m_base,birth_place:7,birth_place,chat_template,8,159.53948974609375,28.900022506713867,0.21974463760852814
smollm2_360m_base,birth_place:7,birth_place,chat_template,9,166.55824279785156,20.19317054748535,0.20868214964866638
smollm2_360m_base,birth_place:7,birth_place,chat_template,10,166.82420349121094,14.972101211547852,0.174333855509758
smollm2_360m_base,birth_place:7,birth_place,chat_template,11,175.7156524658203,20.443096160888672,0.18390591442584991
smollm2_360m_base,birth_place:7,birth_place,chat_template,12,179.04440307617188,21.639087677001953,0.19444210827350616
smollm2_360m_base,birth_place:7,birth_place,chat_template,13,185.4144287109375,19.495296478271484,0.19194737076759338
smollm2_360m_base,birth_place:7,birth_place,chat_template,14,204.0376434326172,32.515625,0.19728489220142365
smollm2_360m_base,birth_place:7,birth_place,chat_template,15,213.9001922607422,24.42913818359375,0.19980177283287048
smollm2_360m_base,birth_place:7,birth_place,chat_template,16,234.0655517578125,35.5311279296875,0.20789626240730286
smollm2_360m_base,birth_place:7,birth_place,chat_template,17,253.52268981933594,41.71927261352539,0.22779209911823273
smollm2_360m_base,birth_place:7,birth_place,chat_template,18,268.1054992675781,52.67432403564453,0.22609619796276093
smollm2_360m_base,birth_place:7,birth_place,chat_template,19,262.0862731933594,28.491436004638672,0.24677877128124237
smollm2_360m_base,birth_place:7,birth_place,chat_template,20,283.5821228027344,50.394004821777344,0.26734691858291626
smollm2_360m_base,birth_place:7,birth_place,chat_template,21,330.6485290527344,54.265438079833984,0.2886514663696289
smollm2_360m_base,birth_place:7,birth_place,chat_template,22,367.6463928222656,56.88792037963867,0.3764590620994568
smollm2_360m_base,birth_place:7,birth_place,chat_template,23,426.07501220703125,74.36441040039062,0.31447476148605347
smollm2_360m_base,birth_place:7,birth_place,chat_template,24,551.3390502929688,78.91069793701172,0.3435158133506775
smollm2_360m_base,birth_place:7,birth_place,chat_template,25,639.604248046875,62.277469635009766,0.3605803847312927
smollm2_360m_base,birth_place:7,birth_place,chat_template,26,790.0618896484375,88.13365173339844,0.3305608034133911
smollm2_360m_base,birth_place:7,birth_place,chat_template,27,915.6471557617188,124.76264953613281,0.2846590578556061
smollm2_360m_base,birth_place:7,birth_place,chat_template,28,1031.7496337890625,138.58279418945312,0.27953583002090454
smollm2_360m_base,birth_place:7,birth_place,chat_template,29,1228.924560546875,211.71632385253906,0.2922244369983673
smollm2_360m_base,birth_place:7,birth_place,chat_template,30,1448.7166748046875,184.48072814941406,0.3670082092285156
smollm2_360m_base,birth_place:7,birth_place,chat_template,31,75.94214630126953,132.98989868164062,0.6407374143600464
smollm2_360m_base,birth_place:8,birth_place,raw_question,0,71.87622833251953,4.444282531738281,0.09938782453536987
smollm2_360m_base,birth_place:8,birth_place,raw_question,1,87.91949462890625,13.784552574157715,0.09199913591146469
smollm2_360m_base,birth_place:8,birth_place,raw_question,2,103.43412780761719,16.43525505065918,0.12937134504318237
smollm2_360m_base,birth_place:8,birth_place,raw_question,3,84.16909790039062,21.961257934570312,0.13083834946155548
smollm2_360m_base,birth_place:8,birth_place,raw_question,4,99.65460205078125,20.81252670288086,0.15671703219413757
smollm2_360m_base,birth_place:8,birth_place,raw_question,5,121.20706176757812,33.125797271728516,0.17335446178913116
smollm2_360m_base,birth_place:8,birth_place,raw_question,6,133.1411895751953,12.943678855895996,0.1735968291759491
smollm2_360m_base,birth_place:8,birth_place,raw_question,7,146.93260192871094,27.102766036987305,0.19166281819343567
smollm2_360m_base,birth_place:8,birth_place,raw_question,8,155.4652099609375,18.08895492553711,0.20577862858772278
smollm2_360m_base,birth_place:8,birth_place,raw_question,9,162.14581298828125,16.120725631713867,0.20056572556495667
smollm2_360m_base,birth_place:8,birth_place,raw_question,10,165.04888916015625,11.965142250061035,0.1677994728088379
smollm2_360m_base,birth_place:8,birth_place,raw_question,11,180.6151123046875,18.87848472595215,0.1833229959011078
smollm2_360m_base,birth_place:8,birth_place,raw_question,12,183.87783813476562,22.379064559936523,0.20055122673511505
smollm2_360m_base,birth_place:8,birth_place,raw_question,13,182.4288330078125,27.044260025024414,0.1903543919324875
smollm2_360m_base,birth_place:8,birth_place,raw_question,14,193.4894256591797,32.968841552734375,0.1944390833377838
smollm2_360m_base,birth_place:8,birth_place,raw_question,15,212.5128631591797,32.61182403564453,0.20424464344978333
smollm2_360m_base,birth_place:8,birth_place,raw_question,16,236.29531860351562,34.609214782714844,0.2026359587907791
smollm2_360m_base,birth_place:8,birth_place,raw_question,17,243.4425048828125,33.3651123046875,0.20394869148731232
smollm2_360m_base,birth_place:8,birth_place,raw_question,18,249.83648681640625,38.26819610595703,0.1978626847267151
smollm2_360m_base,birth_place:8,birth_place,raw_question,19,277.7826843261719,28.315319061279297,0.22545714676380157
smollm2_360m_base,birth_place:8,birth_place,raw_question,20,286.3468322753906,26.36304473876953,0.24016492068767548
smollm2_360m_base,birth_place:8,birth_place,raw_question,21,359.5382995605469,47.908050537109375,0.265587717294693
smollm2_360m_base,birth_place:8,birth_place,raw_question,22,386.7512512207031,41.789154052734375,0.3186292052268982
smollm2_360m_base,birth_place:8,birth_place,raw_question,23,447.54638671875,53.604225158691406,0.3049006462097168
smollm2_360m_base,birth_place:8,birth_place,raw_question,24,536.99169921875,48.26003646850586,0.3285173773765564
smollm2_360m_base,birth_place:8,birth_place,raw_question,25,615.421630859375,39.34469985961914,0.320088267326355
smollm2_360m_base,birth_place:8,birth_place,raw_question,26,758.5226440429688,72.9854965209961,0.29869991540908813
smollm2_360m_base,birth_place:8,birth_place,raw_question,27,864.4534912109375,91.466552734375,0.2650761008262634
smollm2_360m_base,birth_place:8,birth_place,raw_question,28,987.6580200195312,89.15382385253906,0.2647009491920471
smollm2_360m_base,birth_place:8,birth_place,raw_question,29,1181.48486328125,174.50743103027344,0.2742058038711548
smollm2_360m_base,birth_place:8,birth_place,raw_question,30,1331.9737548828125,125.36674499511719,0.33739903569221497
smollm2_360m_base,birth_place:8,birth_place,raw_question,31,72.66083526611328,118.3605728149414,0.5914414525032043
smollm2_360m_base,birth_place:8,birth_place,declarative,0,67.21694946289062,4.409505367279053,0.08580812066793442
smollm2_360m_base,birth_place:8,birth_place,declarative,1,85.65226745605469,20.358858108520508,0.1228499561548233
smollm2_360m_base,birth_place:8,birth_place,declarative,2,100.21134948730469,18.68376922607422,0.13947992026805878
smollm2_360m_base,birth_place:8,birth_place,declarative,3,96.82478332519531,21.23121452331543,0.1603538542985916
smollm2_360m_base,birth_place:8,birth_place,declarative,4,100.87712097167969,10.488848686218262,0.17591683566570282
smollm2_360m_base,birth_place:8,birth_place,declarative,5,128.68856811523438,33.625083923339844,0.19538912177085876
smollm2_360m_base,birth_place:8,birth_place,declarative,6,148.7732391357422,13.820117950439453,0.197759211063385
smollm2_360m_base,birth_place:8,birth_place,declarative,7,174.78323364257812,30.096593856811523,0.21208921074867249
smollm2_360m_base,birth_place:8,birth_place,declarative,8,179.26637268066406,28.19476318359375,0.2240907847881317
smollm2_360m_base,birth_place:8,birth_place,declarative,9,187.47552490234375,14.20522689819336,0.21558742225170135
smollm2_360m_base,birth_place:8,birth_place,declarative,10,192.4430389404297,14.302145957946777,0.2008483111858368
smollm2_360m_base,birth_place:8,birth_place,declarative,11,204.57669067382812,21.958179473876953,0.208698108792305
smollm2_360m_base,birth_place:8,birth_place,declarative,12,214.54571533203125,25.8104305267334,0.2169143259525299
smollm2_360m_base,birth_place:8,birth_place,declarative,13,219.73635864257812,28.28689193725586,0.2052527368068695
smollm2_360m_base,birth_place:8,birth_place,declarative,14,229.96182250976562,31.191844940185547,0.2139599770307541
smollm2_360m_base,birth_place:8,birth_place,declarative,15,246.6324005126953,34.69538497924805,0.224988654255867
smollm2_360m_base,birth_place:8,birth_place,declarative,16,259.575439453125,35.33430862426758,0.2225000560283661
smollm2_360m_base,birth_place:8,birth_place,declarative,17,259.56573486328125,37.69400405883789,0.21351389586925507
smollm2_360m_base,birth_place:8,birth_place,declarative,18,267.7010498046875,32.893218994140625,0.22177591919898987
smollm2_360m_base,birth_place:8,birth_place,declarative,19,280.83880615234375,27.731796264648438,0.23883219063282013
smollm2_360m_base,birth_place:8,birth_place,declarative,20,294.550048828125,24.222951889038086,0.25903624296188354
smollm2_360m_base,birth_place:8,birth_place,declarative,21,330.7287902832031,32.953155517578125,0.2695083022117615
smollm2_360m_base,birth_place:8,birth_place,declarative,22,367.2386779785156,44.240177154541016,0.34857362508773804
smollm2_360m_base,birth_place:8,birth_place,declarative,23,395.9332580566406,74.29663848876953,0.3097882866859436
smollm2_360m_base,birth_place:8,birth_place,declarative,24,457.4735412597656,51.29774475097656,0.3126620650291443
smollm2_360m_base,birth_place:8,birth_place,declarative,25,498.7428894042969,48.950096130371094,0.3141370415687561
smollm2_360m_base,birth_place:8,birth_place,declarative,26,616.1396484375,108.13713073730469,0.34907594323158264
smollm2_360m_base,birth_place:8,birth_place,declarative,27,727.9105224609375,137.9995574951172,0.3954547345638275
smollm2_360m_base,birth_place:8,birth_place,declarative,28,877.0112915039062,68.9757308959961,0.4705039858818054
smollm2_360m_base,birth_place:8,birth_place,declarative,29,1034.771728515625,73.4570541381836,0.5199230313301086
smollm2_360m_base,birth_place:8,birth_place,declarative,30,1162.257080078125,90.61317443847656,0.5487375259399414
smollm2_360m_base,birth_place:8,birth_place,declarative,31,65.36279296875,130.6063995361328,0.663637638092041
smollm2_360m_base,birth_place:8,birth_place,qa,0,54.56478500366211,4.63346529006958,0.07582715153694153
smollm2_360m_base,birth_place:8,birth_place,qa,1,71.01603698730469,16.378137588500977,0.13025681674480438
smollm2_360m_base,birth_place:8,birth_place,qa,2,86.05757141113281,15.808415412902832,0.1428520679473877
smollm2_360m_base,birth_place:8,birth_place,qa,3,100.6487045288086,15.64375114440918,0.16908994317054749
smollm2_360m_base,birth_place:8,birth_place,qa,4,107.02149963378906,19.757904052734375,0.18053361773490906
smollm2_360m_base,birth_place:8,birth_place,qa,5,116.75548553466797,22.408645629882812,0.17705830931663513
smollm2_360m_base,birth_place:8,birth_place,qa,6,150.69554138183594,39.347564697265625,0.20153839886188507
smollm2_360m_base,birth_place:8,birth_place,qa,7,166.05557250976562,28.244407653808594,0.2132987529039383
smollm2_360m_base,birth_place:8,birth_place,qa,8,167.48146057128906,22.404361724853516,0.21536144614219666
smollm2_360m_base,birth_place:8,birth_place,qa,9,182.9133758544922,32.45191955566406,0.20777960121631622
smollm2_360m_base,birth_place:8,birth_place,qa,10,174.99359130859375,20.229610443115234,0.1907154768705368
smollm2_360m_base,birth_place:8,birth_place,qa,11,176.8314666748047,17.297489166259766,0.2041643112897873
smollm2_360m_base,birth_place:8,birth_place,qa,12,186.0291748046875,28.830646514892578,0.20508351922035217
smollm2_360m_base,birth_place:8,birth_place,qa,13,192.53688049316406,20.000062942504883,0.19696666300296783
smollm2_360m_base,birth_place:8,birth_place,qa,14,202.04074096679688,35.42495346069336,0.20191363990306854
smollm2_360m_base,birth_place:8,birth_place,qa,15,225.65003967285156,40.930213928222656,0.21276259422302246
smollm2_360m_base,birth_place:8,birth_place,qa,16,243.22097778320312,36.48466873168945,0.2110583335161209
smollm2_360m_base,birth_place:8,birth_place,qa,17,253.49545288085938,27.591106414794922,0.2164013832807541
smollm2_360m_base,birth_place:8,birth_place,qa,18,253.3949737548828,36.21794128417969,0.2228010892868042
smollm2_360m_base,birth_place:8,birth_place,qa,19,268.7421875,39.72923278808594,0.24087795615196228
smollm2_360m_base,birth_place:8,birth_place,qa,20,280.8314208984375,46.41670227050781,0.26631537079811096
smollm2_360m_base,birth_place:8,birth_place,qa,21,343.5570983886719,46.05369567871094,0.28706395626068115
smollm2_360m_base,birth_place:8,birth_place,qa,22,375.5044250488281,46.95139694213867,0.3783321976661682
smollm2_360m_base,birth_place:8,birth_place,qa,23,404.09332275390625,77.97588348388672,0.35032349824905396
smollm2_360m_base,birth_place:8,birth_place,qa,24,510.90069580078125,63.81599426269531,0.3533642888069153
smollm2_360m_base,birth_place:8,birth_place,qa,25,567.9710693359375,51.09581756591797,0.35132622718811035
smollm2_360m_base,birth_place:8,birth_place,qa,26,710.794677734375,118.11294555664062,0.35647791624069214
smollm2_360m_base,birth_place:8,birth_place,qa,27,851.6676025390625,168.69224548339844,0.35249653458595276
smollm2_360m_base,birth_place:8,birth_place,qa,28,1020.3868408203125,105.9805679321289,0.3877773582935333
smollm2_360m_base,birth_place:8,birth_place,qa,29,1176.3515625,115.70799255371094,0.42691341042518616
smollm2_360m_base,birth_place:8,birth_place,qa,30,1322.6055908203125,94.76714324951172,0.4749228358268738
smollm2_360m_base,birth_place:8,birth_place,qa,31,77.11808776855469,106.05587768554688,0.6458088159561157
smollm2_360m_base,birth_place:8,birth_place,chat_template,0,51.55363464355469,4.778543472290039,0.0713462382555008
smollm2_360m_base,birth_place:8,birth_place,chat_template,1,70.79843139648438,18.15092658996582,0.08817805349826813
smollm2_360m_base,birth_place:8,birth_place,chat_template,2,79.99629211425781,10.327349662780762,0.11506463587284088
smollm2_360m_base,birth_place:8,birth_place,chat_template,3,92.53271484375,14.969100952148438,0.1417662799358368
smollm2_360m_base,birth_place:8,birth_place,chat_template,4,105.21945190429688,18.589204788208008,0.15974174439907074
smollm2_360m_base,birth_place:8,birth_place,chat_template,5,116.68331909179688,15.12877082824707,0.15814654529094696
smollm2_360m_base,birth_place:8,birth_place,chat_template,6,125.3350601196289,19.88589096069336,0.16858091950416565
smollm2_360m_base,birth_place:8,birth_place,chat_template,7,148.27044677734375,23.376428604125977,0.19059453904628754
smollm2_360m_base,birth_place:8,birth_place,chat_template,8,156.86927795410156,25.12086296081543,0.2144738733768463
smollm2_360m_base,birth_place:8,birth_place,chat_template,9,165.56607055664062,21.839780807495117,0.20509211719036102
smollm2_360m_base,birth_place:8,birth_place,chat_template,10,166.51068115234375,15.222738265991211,0.17039072513580322
smollm2_360m_base,birth_place:8,birth_place,chat_template,11,176.418701171875,21.984485626220703,0.18115614354610443
smollm2_360m_base,birth_place:8,birth_place,chat_template,12,182.50485229492188,22.927236557006836,0.195827454328537
smollm2_360m_base,birth_place:8,birth_place,chat_template,13,188.98838806152344,21.317167282104492,0.1934676617383957
smollm2_360m_base,birth_place:8,birth_place,chat_template,14,204.2584991455078,28.648605346679688,0.19456571340560913
smollm2_360m_base,birth_place:8,birth_place,chat_template,15,217.52383422851562,27.794652938842773,0.19943316280841827
smollm2_360m_base,birth_place:8,birth_place,chat_template,16,238.14993286132812,35.72064208984375,0.20960406959056854
smollm2_360m_base,birth_place:8,birth_place,chat_template,17,255.62530517578125,41.93238830566406,0.228194922208786
smollm2_360m_base,birth_place:8,birth_place,chat_template,18,271.14373779296875,49.25031280517578,0.22612495720386505
smollm2_360m_base,birth_place:8,birth_place,chat_template,19,268.8003845214844,28.68822479248047,0.2438703030347824
smollm2_360m_base,birth_place:8,birth_place,chat_template,20,287.7953186035156,44.52259063720703,0.2651737630367279
smollm2_360m_base,birth_place:8,birth_place,chat_template,21,336.7745056152344,55.01572036743164,0.29353752732276917
smollm2_360m_base,birth_place:8,birth_place,chat_template,22,363.2234191894531,52.89945602416992,0.3854559361934662
smollm2_360m_base,birth_place:8,birth_place,chat_template,23,420.474853515625,97.64311218261719,0.3268950879573822
smollm2_360m_base,birth_place:8,birth_place,chat_template,24,544.669921875,75.58407592773438,0.3484872281551361
smollm2_360m_base,birth_place:8,birth_place,chat_template,25,625.400634765625,57.0252571105957,0.36600953340530396
smollm2_360m_base,birth_place:8,birth_place,chat_template,26,770.6424560546875,102.90807342529297,0.33843550086021423
smollm2_360m_base,birth_place:8,birth_place,chat_template,27,893.0050659179688,126.77022552490234,0.30244529247283936
smollm2_360m_base,birth_place:8,birth_place,chat_template,28,1037.5142822265625,133.58477783203125,0.30879634618759155
smollm2_360m_base,birth_place:8,birth_place,chat_template,29,1263.31103515625,176.5794219970703,0.3246771991252899
smollm2_360m_base,birth_place:8,birth_place,chat_template,30,1436.845703125,128.9035186767578,0.38878345489501953
smollm2_360m_base,birth_place:8,birth_place,chat_template,31,78.30583953857422,119.29850006103516,0.6241913437843323
smollm2_360m_base,birth_place:9,birth_place,raw_question,0,72.54383850097656,4.254438877105713,0.10473628342151642
smollm2_360m_base,birth_place:9,birth_place,raw_question,1,90.32235717773438,15.405024528503418,0.09437429904937744
smollm2_360m_base,birth_place:9,birth_place,raw_question,2,104.91842651367188,17.51761245727539,0.13078531622886658
smollm2_360m_base,birth_place:9,birth_place,raw_question,3,86.78330993652344,22.55282211303711,0.13213150203227997
smollm2_360m_base,birth_place:9,birth_place,raw_question,4,102.92833709716797,20.492298126220703,0.15736620128154755
smollm2_360m_base,birth_place:9,birth_place,raw_question,5,124.83876037597656,34.08767318725586,0.173619344830513
smollm2_360m_base,birth_place:9,birth_place,raw_question,6,136.8038787841797,14.224835395812988,0.17491140961647034
smollm2_360m_base,birth_place:9,birth_place,raw_question,7,150.35813903808594,23.541427612304688,0.19287821650505066
smollm2_360m_base,birth_place:9,birth_place,raw_question,8,158.83770751953125,18.996688842773438,0.20369164645671844
smollm2_360m_base,birth_place:9,birth_place,raw_question,9,168.79605102539062,17.906967163085938,0.196236252784729
smollm2_360m_base,birth_place:9,birth_place,raw_question,10,169.90023803710938,9.901633262634277,0.16703498363494873
smollm2_360m_base,birth_place:9,birth_place,raw_question,11,183.02635192871094,17.217308044433594,0.1828831434249878
smollm2_360m_base,birth_place:9,birth_place,raw_question,12,186.7320556640625,22.286039352416992,0.19995705783367157
smollm2_360m_base,birth_place:9,birth_place,raw_question,13,184.85269165039062,27.069143295288086,0.188435897231102
smollm2_360m_base,birth_place:9,birth_place,raw_question,14,196.5191650390625,33.586788177490234,0.19741500914096832
smollm2_360m_base,birth_place:9,birth_place,raw_question,15,213.4251251220703,32.05678176879883,0.20507517457008362
smollm2_360m_base,birth_place:9,birth_place,raw_question,16,238.02989196777344,34.02054214477539,0.20459511876106262
smollm2_360m_base,birth_place:9,birth_place,raw_question,17,244.40798950195312,33.667694091796875,0.2058132141828537
smollm2_360m_base,birth_place:9,birth_place,raw_question,18,249.23646545410156,37.21747970581055,0.19740524888038635
smollm2_360m_base,birth_place:9,birth_place,raw_question,19,279.4322509765625,29.437074661254883,0.22637896239757538
smollm2_360m_base,birth_place:9,birth_place,raw_question,20,285.3785400390625,26.145254135131836,0.2408163994550705
smollm2_360m_base,birth_place:9,birth_place,raw_question,21,357.27874755859375,48.805110931396484,0.2651849687099457
smollm2_360m_base,birth_place:9,birth_place,raw_question,22,383.7935791015625,43.25877380371094,0.32127484679222107
smollm2_360m_base,birth_place:9,birth_place,raw_question,23,449.516357421875,56.341251373291016,0.30963993072509766
smollm2_360m_base,birth_place:9,birth_place,raw_question,24,540.1871948242188,57.19866180419922,0.3264242112636566
smollm2_360m_base,birth_place:9,birth_place,raw_question,25,618.1555786132812,47.732208251953125,0.32344886660575867
smollm2_360m_base,birth_place:9,birth_place,raw_question,26,762.5853881835938,87.12139892578125,0.3043437600135803
smollm2_360m_base,birth_place:9,birth_place,raw_question,27,876.6909790039062,109.23931121826172,0.2803199887275696
smollm2_360m_base,birth_place:9,birth_place,raw_question,28,995.4871826171875,98.85362243652344,0.2734748423099518
smollm2_360m_base,birth_place:9,birth_place,raw_question,29,1187.6104736328125,170.97933959960938,0.2889164090156555
smollm2_360m_base,birth_place:9,birth_place,raw_question,30,1365.67578125,155.08763122558594,0.3529130816459656
smollm2_360m_base,birth_place:9,birth_place,raw_question,31,70.17427062988281,112.77012634277344,0.6078996658325195
smollm2_360m_base,birth_place:9,birth_place,declarative,0,64.97994232177734,4.090013027191162,0.10503385961055756
smollm2_360m_base,birth_place:9,birth_place,declarative,1,86.08821105957031,22.85364532470703,0.13460898399353027
smollm2_360m_base,birth_place:9,birth_place,declarative,2,102.54917907714844,19.275842666625977,0.1462649255990982
smollm2_360m_base,birth_place:9,birth_place,declarative,3,101.3166275024414,21.93600845336914,0.1631818264722824
smollm2_360m_base,birth_place:9,birth_place,declarative,4,104.60480499267578,9.936141014099121,0.17875421047210693
smollm2_360m_base,birth_place:9,birth_place,declarative,5,131.06008911132812,33.464237213134766,0.19581499695777893
smollm2_360m_base,birth_place:9,birth_place,declarative,6,149.06141662597656,14.729164123535156,0.19680377840995789
smollm2_360m_base,birth_place:9,birth_place,declarative,7,171.08412170410156,24.312593460083008,0.20996050536632538
smollm2_360m_base,birth_place:9,birth_place,declarative,8,175.02391052246094,26.013824462890625,0.22326382994651794
smollm2_360m_base,birth_place:9,birth_place,declarative,9,184.67811584472656,14.441779136657715,0.2161371260881424
smollm2_360m_base,birth_place:9,birth_place,declarative,10,192.63475036621094,16.386873245239258,0.19904613494873047
smollm2_360m_base,birth_place:9,birth_place,declarative,11,204.94952392578125,19.149934768676758,0.2042888104915619
smollm2_360m_base,birth_place:9,birth_place,declarative,12,212.33529663085938,23.338882446289062,0.21322958171367645
smollm2_360m_base,birth_place:9,birth_place,declarative,13,214.43917846679688,24.684232711791992,0.19856104254722595
smollm2_360m_base,birth_place:9,birth_place,declarative,14,224.96774291992188,32.257389068603516,0.20900866389274597
smollm2_360m_base,birth_place:9,birth_place,declarative,15,244.82626342773438,37.55072021484375,0.22569403052330017
smollm2_360m_base,birth_place:9,birth_place,declarative,16,262.03814697265625,37.07246398925781,0.226476788520813
smollm2_360m_base,birth_place:9,birth_place,declarative,17,261.1238708496094,35.4345703125,0.21739044785499573
smollm2_360m_base,birth_place:9,birth_place,declarative,18,271.6781005859375,32.95832061767578,0.22632713615894318
smollm2_360m_base,birth_place:9,birth_place,declarative,19,284.05078125,27.789796829223633,0.24166150391101837
smollm2_360m_base,birth_place:9,birth_place,declarative,20,294.2285461425781,26.142324447631836,0.2605566382408142
smollm2_360m_base,birth_place:9,birth_place,declarative,21,334.06329345703125,32.828216552734375,0.2711913585662842
smollm2_360m_base,birth_place:9,birth_place,declarative,22,370.7674560546875,44.27044677734375,0.350045770406723
smollm2_360m_base,birth_place:9,birth_place,declarative,23,399.6813659667969,71.77808380126953,0.31405067443847656
smollm2_360m_base,birth_place:9,birth_place,declarative,24,474.561279296875,74.06167602539062,0.31515347957611084
smollm2_360m_base,birth_place:9,birth_place,declarative,25,520.2456665039062,46.8757209777832,0.3232964873313904
smollm2_360m_base,birth_place:9,birth_place,declarative,26,661.7470703125,133.16378784179688,0.34757211804389954
smollm2_360m_base,birth_place:9,birth_place,declarative,27,794.9389038085938,121.09130096435547,0.384796679019928
smollm2_360m_base,birth_place:9,birth_place,declarative,28,927.658203125,74.21935272216797,0.4444560110569
smollm2_360m_base,birth_place:9,birth_place,declarative,29,1117.2611083984375,55.904693603515625,0.5143874883651733
smollm2_360m_base,birth_place:9,birth_place,declarative,30,1242.9947509765625,109.24308013916016,0.5544626116752625
smollm2_360m_base,birth_place:9,birth_place,declarative,31,60.91273498535156,100.86576843261719,0.6767044067382812
smollm2_360m_base,birth_place:9,birth_place,qa,0,54.71860122680664,4.5456109046936035,0.07744099944829941
smollm2_360m_base,birth_place:9,birth_place,qa,1,71.30165100097656,16.428876876831055,0.13364200294017792
smollm2_360m_base,birth_place:9,birth_place,qa,2,87.08147430419922,16.169795989990234,0.14413191378116608
smollm2_360m_base,birth_place:9,birth_place,qa,3,103.09284210205078,15.551677703857422,0.16962406039237976
smollm2_360m_base,birth_place:9,birth_place,qa,4,108.99536895751953,19.861711502075195,0.18179664015769958
smollm2_360m_base,birth_place:9,birth_place,qa,5,118.38722229003906,22.47256088256836,0.17721739411354065
smollm2_360m_base,birth_place:9,birth_place,qa,6,151.53915405273438,37.92403030395508,0.20052413642406464
smollm2_360m_base,birth_place:9,birth_place,qa,7,166.55799865722656,26.44122886657715,0.21108977496623993
smollm2_360m_base,birth_place:9,birth_place,qa,8,168.75318908691406,22.421566009521484,0.21541443467140198
smollm2_360m_base,birth_place:9,birth_place,qa,9,185.5802459716797,33.67137145996094,0.20737457275390625
smollm2_360m_base,birth_place:9,birth_place,qa,10,178.27806091308594,21.82822608947754,0.18975597620010376
smollm2_360m_base,birth_place:9,birth_place,qa,11,179.48782348632812,16.684602737426758,0.2042858600616455
smollm2_360m_base,birth_place:9,birth_place,qa,12,188.02658081054688,26.95642852783203,0.20525674521923065
smollm2_360m_base,birth_place:9,birth_place,qa,13,194.890625,20.380863189697266,0.19862277805805206
smollm2_360m_base,birth_place:9,birth_place,qa,14,204.1278533935547,36.27284240722656,0.20565226674079895
smollm2_360m_base,birth_place:9,birth_place,qa,15,225.344970703125,40.43899154663086,0.2127668410539627
smollm2_360m_base,birth_place:9,birth_place,qa,16,244.46250915527344,37.515533447265625,0.2148745059967041
smollm2_360m_base,birth_place:9,birth_place,qa,17,253.39328002929688,28.511171340942383,0.21985287964344025
smollm2_360m_base,birth_place:9,birth_place,qa,18,252.15945434570312,35.409244537353516,0.22140856087207794
smollm2_360m_base,birth_place:9,birth_place,qa,19,267.45330810546875,38.878074645996094,0.23971745371818542
smollm2_360m_base,birth_place:9,birth_place,qa,20,282.0498046875,49.20766830444336,0.2672070860862732
smollm2_360m_base,birth_place:9,birth_place,qa,21,346.8199157714844,44.62637710571289,0.285116970539093
smollm2_360m_base,birth_place:9,birth_place,qa,22,376.03802490234375,48.96699905395508,0.3724988102912903
smollm2_360m_base,birth_place:9,birth_place,qa,23,409.0866394042969,81.15762329101562,0.3481289744377136
smollm2_360m_base,birth_place:9,birth_place,qa,24,520.8897705078125,89.85318756103516,0.35478100180625916
smollm2_360m_base,birth_place:9,birth_place,qa,25,584.38037109375,49.53766632080078,0.35994550585746765
smollm2_360m_base,birth_place:9,birth_place,qa,26,748.284423828125,125.83853149414062,0.36466461420059204
smollm2_360m_base,birth_place:9,birth_place,qa,27,898.153564453125,134.7041778564453,0.34655556082725525
smollm2_360m_base,birth_place:9,birth_place,qa,28,1052.3348388671875,111.98921966552734,0.3753167688846588
smollm2_360m_base,birth_place:9,birth_place,qa,29,1255.3157958984375,153.39154052734375,0.41086792945861816
smollm2_360m_base,birth_place:9,birth_place,qa,30,1422.5885009765625,151.5223388671875,0.47583866119384766
smollm2_360m_base,birth_place:9,birth_place,qa,31,76.11146545410156,87.88566589355469,0.6595562696456909
smollm2_360m_base,birth_place:9,birth_place,chat_template,0,51.79922103881836,4.727107048034668,0.07206235080957413
smollm2_360m_base,birth_place:9,birth_place,chat_template,1,71.39064025878906,18.779314041137695,0.08879981935024261
smollm2_360m_base,birth_place:9,birth_place,chat_template,2,80.68737030029297,10.618520736694336,0.11635489761829376
smollm2_360m_base,birth_place:9,birth_place,chat_template,3,93.29817199707031,15.201411247253418,0.1427762508392334
smollm2_360m_base,birth_place:9,birth_place,chat_template,4,105.66020965576172,18.91122817993164,0.16093619167804718
smollm2_360m_base,birth_place:9,birth_place,chat_template,5,117.53484344482422,15.611653327941895,0.15930640697479248
smollm2_360m_base,birth_place:9,birth_place,chat_template,6,126.25584411621094,20.756196975708008,0.1709059476852417
smollm2_360m_base,birth_place:9,birth_place,chat_template,7,148.72317504882812,24.00214195251465,0.19235290586948395
smollm2_360m_base,birth_place:9,birth_place,chat_template,8,159.80117797851562,26.913908004760742,0.21681392192840576
smollm2_360m_base,birth_place:9,birth_place,chat_template,9,168.95176696777344,22.2452449798584,0.20660153031349182
smollm2_360m_base,birth_place:9,birth_place,chat_template,10,168.76034545898438,14.935662269592285,0.17355462908744812
smollm2_360m_base,birth_place:9,birth_place,chat_template,11,180.30557250976562,22.29583168029785,0.18516778945922852
smollm2_360m_base,birth_place:9,birth_place,chat_template,12,185.02809143066406,20.897968292236328,0.19511011242866516
smollm2_360m_base,birth_place:9,birth_place,chat_template,13,193.09738159179688,21.77227020263672,0.1939440667629242
smollm2_360m_base,birth_place:9,birth_place,chat_template,14,208.39913940429688,27.781612396240234,0.19666919112205505
smollm2_360m_base,birth_place:9,birth_place,chat_template,15,219.2106170654297,27.78962516784668,0.20113523304462433
smollm2_360m_base,birth_place:9,birth_place,chat_template,16,242.17605590820312,36.385955810546875,0.2163132131099701
smollm2_360m_base,birth_place:9,birth_place,chat_template,17,257.8306884765625,40.681785583496094,0.23467512428760529
smollm2_360m_base,birth_place:9,birth_place,chat_template,18,270.6990966796875,48.204280853271484,0.23003092408180237
smollm2_360m_base,birth_place:9,birth_place,chat_template,19,267.38543701171875,28.017086029052734,0.24767012894153595
smollm2_360m_base,birth_place:9,birth_place,chat_template,20,284.7413635253906,42.194984436035156,0.26905345916748047
smollm2_360m_base,birth_place:9,birth_place,chat_template,21,336.0467224121094,54.75062561035156,0.2971835732460022
smollm2_360m_base,birth_place:9,birth_place,chat_template,22,363.2546081542969,52.27145767211914,0.3887884020805359
smollm2_360m_base,birth_place:9,birth_place,chat_template,23,422.5998840332031,103.12223815917969,0.33104628324508667
smollm2_360m_base,birth_place:9,birth_place,chat_template,24,548.2254638671875,81.3377685546875,0.3545435667037964
smollm2_360m_base,birth_place:9,birth_place,chat_template,25,630.340576171875,56.52056884765625,0.3697066903114319
smollm2_360m_base,birth_place:9,birth_place,chat_template,26,777.3951416015625,102.84562683105469,0.34566861391067505
smollm2_360m_base,birth_place:9,birth_place,chat_template,27,911.9290161132812,144.31114196777344,0.31143826246261597
smollm2_360m_base,birth_place:9,birth_place,chat_template,28,1042.51171875,124.6565170288086,0.3124304711818695
smollm2_360m_base,birth_place:9,birth_place,chat_template,29,1277.1844482421875,196.22225952148438,0.33850398659706116
smollm2_360m_base,birth_place:9,birth_place,chat_template,30,1495.1080322265625,180.010986328125,0.4227356016635895
smollm2_360m_base,birth_place:9,birth_place,chat_template,31,75.6430435180664,119.41909790039062,0.6523708701133728
smollm2_360m_base,birth_place:10,birth_place,raw_question,0,71.90534210205078,4.386588096618652,0.10243835300207138
smollm2_360m_base,birth_place:10,birth_place,raw_question,1,90.6739730834961,15.544431686401367,0.09278175979852676
smollm2_360m_base,birth_place:10,birth_place,raw_question,2,106.13924407958984,16.828548431396484,0.12964628636837006
smollm2_360m_base,birth_place:10,birth_place,raw_question,3,85.08839416503906,22.66556167602539,0.1304398477077484
smollm2_360m_base,birth_place:10,birth_place,raw_question,4,101.13634490966797,21.45596694946289,0.15943925082683563
smollm2_360m_base,birth_place:10,birth_place,raw_question,5,123.92961120605469,35.66962432861328,0.17642848193645477
smollm2_360m_base,birth_place:10,birth_place,raw_question,6,134.33984375,14.006572723388672,0.17549043893814087
smollm2_360m_base,birth_place:10,birth_place,raw_question,7,148.2233123779297,22.685453414916992,0.19142715632915497
smollm2_360m_base,birth_place:10,birth_place,raw_question,8,156.23130798339844,18.199567794799805,0.20585279166698456
smollm2_360m_base,birth_place:10,birth_place,raw_question,9,166.07339477539062,15.241053581237793,0.19818949699401855
smollm2_360m_base,birth_place:10,birth_place,raw_question,10,165.3904266357422,11.001818656921387,0.16923947632312775
smollm2_360m_base,birth_place:10,birth_place,raw_question,11,177.7670135498047,17.048812866210938,0.18303602933883667
smollm2_360m_base,birth_place:10,birth_place,raw_question,12,181.13209533691406,21.90269660949707,0.2009945660829544
smollm2_360m_base,birth_place:10,birth_place,raw_question,13,180.02330017089844,27.60789680480957,0.19040994346141815
smollm2_360m_base,birth_place:10,birth_place,raw_question,14,191.9766082763672,32.59695816040039,0.19399599730968475
smollm2_360m_base,birth_place:10,birth_place,raw_question,15,216.06442260742188,36.88309860229492,0.20772257447242737
smollm2_360m_base,birth_place:10,birth_place,raw_question,16,239.1088104248047,35.20134735107422,0.20403270423412323
smollm2_360m_base,birth_place:10,birth_place,raw_question,17,246.0050811767578,32.92288589477539,0.204416424036026
smollm2_360m_base,birth_place:10,birth_place,raw_question,18,251.07106018066406,38.879024505615234,0.19879648089408875
smollm2_360m_base,birth_place:10,birth_place,raw_question,19,281.5115966796875,29.54487419128418,0.2269747257232666
smollm2_360m_base,birth_place:10,birth_place,raw_question,20,290.1850280761719,28.032289505004883,0.24433645606040955
smollm2_360m_base,birth_place:10,birth_place,raw_question,21,361.565673828125,49.20404052734375,0.26806098222732544
smollm2_360m_base,birth_place:10,birth_place,raw_question,22,392.39483642578125,41.78709411621094,0.3231229782104492
smollm2_360m_base,birth_place:10,birth_place,raw_question,23,447.4891662597656,53.04608917236328,0.30555257201194763
smollm2_360m_base,birth_place:10,birth_place,raw_question,24,542.5556030273438,50.34151077270508,0.32622385025024414
smollm2_360m_base,birth_place:10,birth_place,raw_question,25,617.9486694335938,42.43009948730469,0.3172217011451721
smollm2_360m_base,birth_place:10,birth_place,raw_question,26,758.4739379882812,74.26870727539062,0.2963509261608124
smollm2_360m_base,birth_place:10,birth_place,raw_question,27,864.8742065429688,79.21292114257812,0.26405394077301025
smollm2_360m_base,birth_place:10,birth_place,raw_question,28,984.0675048828125,85.476318359375,0.262899249792099
smollm2_360m_base,birth_place:10,birth_place,raw_question,29,1167.18115234375,166.02210998535156,0.279970645904541
smollm2_360m_base,birth_place:10,birth_place,raw_question,30,1338.169921875,127.50950622558594,0.3355182707309723
smollm2_360m_base,birth_place:10,birth_place,raw_question,31,74.24828338623047,117.01753234863281,0.6004518270492554
smollm2_360m_base,birth_place:10,birth_place,declarative,0,67.0591812133789,4.022169589996338,0.09485985338687897
smollm2_360m_base,birth_place:10,birth_place,declarative,1,87.24836730957031,22.496891021728516,0.13209168612957
smollm2_360m_base,birth_place:10,birth_place,declarative,2,102.93077087402344,20.369985580444336,0.14793439209461212
smollm2_360m_base,birth_place:10,birth_place,declarative,3,101.86042022705078,22.375383377075195,0.16544833779335022
smollm2_360m_base,birth_place:10,birth_place,declarative,4,105.3023910522461,11.73763656616211,0.18164286017417908
smollm2_360m_base,birth_place:10,birth_place,declarative,5,131.43887329101562,33.817771911621094,0.19754257798194885
smollm2_360m_base,birth_place:10,birth_place,declarative,6,150.79385375976562,15.149063110351562,0.2006857693195343
smollm2_360m_base,birth_place:10,birth_place,declarative,7,174.6722412109375,28.210763931274414,0.21032044291496277
smollm2_360m_base,birth_place:10,birth_place,declarative,8,177.00428771972656,28.432710647583008,0.2199787199497223
smollm2_360m_base,birth_place:10,birth_place,declarative,9,179.834228515625,14.707995414733887,0.21206879615783691
smollm2_360m_base,birth_place:10,birth_place,declarative,10,185.0417022705078,12.384251594543457,0.1973743438720703
smollm2_360m_base,birth_place:10,birth_place,declarative,11,201.39039611816406,23.286535263061523,0.20943832397460938
smollm2_360m_base,birth_place:10,birth_place,declarative,12,210.14500427246094,25.569656372070312,0.21665124595165253
smollm2_360m_base,birth_place:10,birth_place,declarative,13,219.48268127441406,30.556163787841797,0.20865869522094727
smollm2_360m_base,birth_place:10,birth_place,declarative,14,231.27386474609375,30.4454345703125,0.21521273255348206
smollm2_360m_base,birth_place:10,birth_place,declarative,15,250.61256408691406,37.934349060058594,0.22972998023033142
smollm2_360m_base,birth_place:10,birth_place,declarative,16,265.1373291015625,36.30828857421875,0.22823968529701233
smollm2_360m_base,birth_place:10,birth_place,declarative,17,262.4706115722656,38.70053482055664,0.22152355313301086
smollm2_360m_base,birth_place:10,birth_place,declarative,18,272.30426025390625,34.40275192260742,0.22982151806354523
smollm2_360m_base,birth_place:10,birth_place,declarative,19,289.1651916503906,27.189411163330078,0.24553850293159485
smollm2_360m_base,birth_place:10,birth_place,declarative,20,303.7440490722656,24.820117950439453,0.2660123407840729
smollm2_360m_base,birth_place:10,birth_place,declarative,21,335.3594970703125,33.49643325805664,0.2795223295688629
smollm2_360m_base,birth_place:10,birth_place,declarative,22,376.97821044921875,48.00111770629883,0.3578239381313324
smollm2_360m_base,birth_place:10,birth_place,declarative,23,411.1890869140625,63.48323440551758,0.31973251700401306
smollm2_360m_base,birth_place:10,birth_place,declarative,24,479.4792175292969,62.00729751586914,0.32566124200820923
smollm2_360m_base,birth_place:10,birth_place,declarative,25,524.0769653320312,62.83768081665039,0.3289700746536255
smollm2_360m_base,birth_place:10,birth_place,declarative,26,650.3055419921875,159.7210235595703,0.36532706022262573
smollm2_360m_base,birth_place:10,birth_place,declarative,27,742.0349731445312,136.3504638671875,0.4497479498386383
smollm2_360m_base,birth_place:10,birth_place,declarative,28,875.26318359375,70.68814086914062,0.5432087779045105
smollm2_360m_base,birth_place:10,birth_place,declarative,29,991.9368286132812,86.2864990234375,0.5662769079208374
smollm2_360m_base,birth_place:10,birth_place,declarative,30,1128.56201171875,124.70580291748047,0.5569429397583008
smollm2_360m_base,birth_place:10,birth_place,declarative,31,59.00059509277344,114.86597442626953,0.7118368148803711
smollm2_360m_base,birth_place:10,birth_place,qa,0,54.40005874633789,4.568569183349609,0.07727958261966705
smollm2_360m_base,birth_place:10,birth_place,qa,1,71.02391815185547,16.42564582824707,0.1345161497592926
smollm2_360m_base,birth_place:10,birth_place,qa,2,86.18370056152344,15.891106605529785,0.14556121826171875
smollm2_360m_base,birth_place:10,birth_place,qa,3,101.85078430175781,15.564726829528809,0.17120878398418427
smollm2_360m_base,birth_place:10,birth_place,qa,4,108.24212646484375,19.360719680786133,0.1815187633037567
smollm2_360m_base,birth_place:10,birth_place,qa,5,118.03235626220703,22.039058685302734,0.17865312099456787
smollm2_360m_base,birth_place:10,birth_place,qa,6,150.61715698242188,38.28229522705078,0.2031450718641281
smollm2_360m_base,birth_place:10,birth_place,qa,7,164.16769409179688,27.09198760986328,0.2092820703983307
smollm2_360m_base,birth_place:10,birth_place,qa,8,166.44102478027344,22.181018829345703,0.21537891030311584
smollm2_360m_base,birth_place:10,birth_place,qa,9,182.12635803222656,32.53187561035156,0.20846585929393768
smollm2_360m_base,birth_place:10,birth_place,qa,10,175.6552276611328,20.253570556640625,0.1918703019618988
smollm2_360m_base,birth_place:10,birth_place,qa,11,175.46192932128906,16.9295597076416,0.2050306797027588
smollm2_360m_base,birth_place:10,birth_place,qa,12,184.58921813964844,26.60015296936035,0.2047286480665207
smollm2_360m_base,birth_place:10,birth_place,qa,13,191.96229553222656,21.111495971679688,0.198452427983284
smollm2_360m_base,birth_place:10,birth_place,qa,14,200.33070373535156,35.92460250854492,0.20341995358467102
smollm2_360m_base,birth_place:10,birth_place,qa,15,223.18748474121094,40.22867202758789,0.2130456268787384
smollm2_360m_base,birth_place:10,birth_place,qa,16,242.936279296875,37.967124938964844,0.21293237805366516
smollm2_360m_base,birth_place:10,birth_place,qa,17,251.27853393554688,28.517826080322266,0.21713638305664062
smollm2_360m_base,birth_place:10,birth_place,qa,18,249.010986328125,38.16017532348633,0.22075319290161133
smollm2_360m_base,birth_place:10,birth_place,qa,19,263.55084228515625,39.54841613769531,0.23964476585388184
smollm2_360m_base,birth_place:10,birth_place,qa,20,277.6363525390625,48.71812438964844,0.2669631838798523
smollm2_360m_base,birth_place:10,birth_place,qa,21,346.7246398925781,49.02378463745117,0.28752920031547546
smollm2_360m_base,birth_place:10,birth_place,qa,22,381.27935791015625,47.986412048339844,0.38113489747047424
smollm2_360m_base,birth_place:10,birth_place,qa,23,419.949951171875,83.89138793945312,0.35113734006881714
smollm2_360m_base,birth_place:10,birth_place,qa,24,523.4807739257812,77.84795379638672,0.35359200835227966
smollm2_360m_base,birth_place:10,birth_place,qa,25,576.6567993164062,65.8756332397461,0.3493289053440094
smollm2_360m_base,birth_place:10,birth_place,qa,26,701.7421264648438,153.55662536621094,0.35173991322517395
smollm2_360m_base,birth_place:10,birth_place,qa,27,820.4957885742188,163.6826171875,0.3891996741294861
smollm2_360m_base,birth_place:10,birth_place,qa,28,928.3919677734375,96.2959213256836,0.4448775351047516
smollm2_360m_base,birth_place:10,birth_place,qa,29,1098.9617919921875,105.54378509521484,0.4983423352241516
smollm2_360m_base,birth_place:10,birth_place,qa,30,1268.5186767578125,95.57696533203125,0.5129095315933228
smollm2_360m_base,birth_place:10,birth_place,qa,31,70.3950424194336,106.4401626586914,0.6851887702941895
smollm2_360m_base,birth_place:10,birth_place,chat_template,0,51.1055793762207,4.785642147064209,0.07079659402370453
smollm2_360m_base,birth_place:10,birth_place,chat_template,1,70.7686767578125,18.61282730102539,0.08849357068538666
smollm2_360m_base,birth_place:10,birth_place,chat_template,2,80.05451965332031,10.53048324584961,0.1163756400346756
smollm2_360m_base,birth_place:10,birth_place,chat_template,3,92.67111206054688,15.145730972290039,0.14251498878002167
smollm2_360m_base,birth_place:10,birth_place,chat_template,4,104.83678436279297,18.491376876831055,0.15987081825733185
smollm2_360m_base,birth_place:10,birth_place,chat_template,5,115.69715881347656,14.958516120910645,0.1571761667728424
smollm2_360m_base,birth_place:10,birth_place,chat_template,6,124.48099517822266,19.96523094177246,0.16780710220336914
smollm2_360m_base,birth_place:10,birth_place,chat_template,7,146.07791137695312,23.066009521484375,0.18799220025539398
smollm2_360m_base,birth_place:10,birth_place,chat_template,8,158.7217559814453,26.082412719726562,0.21731610596179962
smollm2_360m_base,birth_place:10,birth_place,chat_template,9,167.04441833496094,21.720428466796875,0.2083766907453537
smollm2_360m_base,birth_place:10,birth_place,chat_template,10,166.7091827392578,16.018064498901367,0.17721454799175262
smollm2_360m_base,birth_place:10,birth_place,chat_template,11,175.4790802001953,20.878082275390625,0.18660137057304382
smollm2_360m_base,birth_place:10,birth_place,chat_template,12,181.9586181640625,21.006872177124023,0.19615212082862854
smollm2_360m_base,birth_place:10,birth_place,chat_template,13,193.6978302001953,21.70521354675293,0.1976493000984192
smollm2_360m_base,birth_place:10,birth_place,chat_template,14,214.85107421875,29.855112075805664,0.20221126079559326
smollm2_360m_base,birth_place:10,birth_place,chat_template,15,225.69488525390625,28.26470947265625,0.2072124183177948
smollm2_360m_base,birth_place:10,birth_place,chat_template,16,246.59893798828125,37.56229782104492,0.2179478108882904
smollm2_360m_base,birth_place:10,birth_place,chat_template,17,258.1746520996094,41.61505126953125,0.23385977745056152
smollm2_360m_base,birth_place:10,birth_place,chat_template,18,270.1117248535156,48.73379135131836,0.2302374541759491
smollm2_360m_base,birth_place:10,birth_place,chat_template,19,269.4393615722656,29.627389907836914,0.24771098792552948
smollm2_360m_base,birth_place:10,birth_place,chat_template,20,288.570556640625,45.136390686035156,0.2693726122379303
smollm2_360m_base,birth_place:10,birth_place,chat_template,21,338.230712890625,56.99995422363281,0.30002206563949585
smollm2_360m_base,birth_place:10,birth_place,chat_template,22,361.80926513671875,50.01474380493164,0.3922107219696045
smollm2_360m_base,birth_place:10,birth_place,chat_template,23,418.51641845703125,97.0616683959961,0.3292742073535919
smollm2_360m_base,birth_place:10,birth_place,chat_template,24,543.0982666015625,80.7666015625,0.3530225157737732
smollm2_360m_base,birth_place:10,birth_place,chat_template,25,621.0775146484375,59.92286682128906,0.37299150228500366
smollm2_360m_base,birth_place:10,birth_place,chat_template,26,761.856689453125,94.5883560180664,0.3416455388069153
smollm2_360m_base,birth_place:10,birth_place,chat_template,27,886.818359375,121.72836303710938,0.3115677833557129
smollm2_360m_base,birth_place:10,birth_place,chat_template,28,1017.6367797851562,122.13764190673828,0.32195645570755005
smollm2_360m_base,birth_place:10,birth_place,chat_template,29,1230.8692626953125,169.3912353515625,0.3434566557407379
smollm2_360m_base,birth_place:10,birth_place,chat_template,30,1440.0716552734375,139.37205505371094,0.3893115520477295
smollm2_360m_base,birth_place:10,birth_place,chat_template,31,78.40473175048828,113.66706085205078,0.6340388059616089
smollm2_360m_base,birth_place:11,birth_place,raw_question,0,70.85198211669922,4.379137992858887,0.10304491221904755
smollm2_360m_base,birth_place:11,birth_place,raw_question,1,88.88953399658203,15.202312469482422,0.09321238845586777
smollm2_360m_base,birth_place:11,birth_place,raw_question,2,104.19134521484375,16.506868362426758,0.1276116818189621
smollm2_360m_base,birth_place:11,birth_place,raw_question,3,84.9649429321289,23.10989761352539,0.12899520993232727
smollm2_360m_base,birth_place:11,birth_place,raw_question,4,101.50265502929688,20.92637062072754,0.15811392664909363
smollm2_360m_base,birth_place:11,birth_place,raw_question,5,124.9688491821289,36.55296325683594,0.177633598446846
smollm2_360m_base,birth_place:11,birth_place,raw_question,6,136.11598205566406,13.956233024597168,0.17608895897865295
smollm2_360m_base,birth_place:11,birth_place,raw_question,7,149.42361450195312,21.26890754699707,0.19252939522266388
smollm2_360m_base,birth_place:11,birth_place,raw_question,8,158.3531951904297,17.434476852416992,0.20644374191761017
smollm2_360m_base,birth_place:11,birth_place,raw_question,9,165.63333129882812,16.408998489379883,0.20261220633983612
smollm2_360m_base,birth_place:11,birth_place,raw_question,10,165.4951629638672,11.06588077545166,0.17140644788742065
smollm2_360m_base,birth_place:11,birth_place,raw_question,11,179.21353149414062,17.90703582763672,0.18667323887348175
smollm2_360m_base,birth_place:11,birth_place,raw_question,12,182.0957489013672,21.899633407592773,0.20311808586120605
smollm2_360m_base,birth_place:11,birth_place,raw_question,13,180.8470916748047,27.28253173828125,0.19143272936344147
smollm2_360m_base,birth_place:11,birth_place,raw_question,14,194.02427673339844,34.716400146484375,0.1945522278547287
smollm2_360m_base,birth_place:11,birth_place,raw_question,15,218.08499145507812,36.154483795166016,0.21004366874694824
smollm2_360m_base,birth_place:11,birth_place,raw_question,16,241.5999298095703,35.29041290283203,0.20698943734169006
smollm2_360m_base,birth_place:11,birth_place,raw_question,17,248.56251525878906,31.29499053955078,0.20722898840904236
smollm2_360m_base,birth_place:11,birth_place,raw_question,18,253.19078063964844,39.06824493408203,0.2011885643005371
smollm2_360m_base,birth_place:11,birth_place,raw_question,19,282.20849609375,28.808565139770508,0.2277848720550537
smollm2_360m_base,birth_place:11,birth_place,raw_question,20,288.9596252441406,27.921092987060547,0.24297527968883514
smollm2_360m_base,birth_place:11,birth_place,raw_question,21,358.29840087890625,48.58401870727539,0.26534003019332886
smollm2_360m_base,birth_place:11,birth_place,raw_question,22,385.96295166015625,42.548667907714844,0.32143840193748474
smollm2_360m_base,birth_place:11,birth_place,raw_question,23,437.5904235839844,50.394039154052734,0.30777525901794434
smollm2_360m_base,birth_place:11,birth_place,raw_question,24,532.564697265625,48.67255401611328,0.33017194271087646
smollm2_360m_base,birth_place:11,birth_place,raw_question,25,607.8560791015625,44.783851623535156,0.32267966866493225
smollm2_360m_base,birth_place:11,birth_place,raw_question,26,745.6566162109375,57.44216537475586,0.29593625664711
smollm2_360m_base,birth_place:11,birth_place,raw_question,27,849.1178588867188,63.34616470336914,0.2650396525859833
smollm2_360m_base,birth_place:11,birth_place,raw_question,28,972.5028686523438,81.63467407226562,0.26417607069015503
smollm2_360m_base,birth_place:11,birth_place,raw_question,29,1155.4791259765625,165.73484802246094,0.2753687798976898
smollm2_360m_base,birth_place:11,birth_place,raw_question,30,1316.1085205078125,126.81127166748047,0.3326040208339691
smollm2_360m_base,birth_place:11,birth_place,raw_question,31,73.25354766845703,109.00975036621094,0.5872834920883179
smollm2_360m_base,birth_place:11,birth_place,declarative,0,65.47571563720703,4.016603946685791,0.10217481851577759
smollm2_360m_base,birth_place:11,birth_place,declarative,1,86.57616424560547,22.104999542236328,0.13111917674541473
smollm2_360m_base,birth_place:11,birth_place,declarative,2,102.30752563476562,19.80157470703125,0.1461961418390274
smollm2_360m_base,birth_place:11,birth_place,declarative,3,99.2075424194336,22.49903106689453,0.16637596487998962
smollm2_360m_base,birth_place:11,birth_place,declarative,4,103.10160827636719,12.690007209777832,0.18206730484962463
smollm2_360m_base,birth_place:11,birth_place,declarative,5,130.35833740234375,32.556941986083984,0.1966647207736969
smollm2_360m_base,birth_place:11,birth_place,declarative,6,148.36026000976562,13.965035438537598,0.19807513058185577
smollm2_360m_base,birth_place:11,birth_place,declarative,7,173.66531372070312,27.81844139099121,0.21180172264575958
smollm2_360m_base,birth_place:11,birth_place,declarative,8,176.24008178710938,20.176395416259766,0.22349414229393005
smollm2_360m_base,birth_place:11,birth_place,declarative,9,185.7838134765625,14.530069351196289,0.21287128329277039
smollm2_360m_base,birth_place:11,birth_place,declarative,10,191.1907196044922,14.715940475463867,0.19613119959831238
smollm2_360m_base,birth_place:11,birth_place,declarative,11,203.95587158203125,20.060367584228516,0.20500484108924866
smollm2_360m_base,birth_place:11,birth_place,declarative,12,209.194091796875,24.204023361206055,0.21073231101036072
smollm2_360m_base,birth_place:11,birth_place,declarative,13,210.64768981933594,27.41619873046875,0.20217116177082062
smollm2_360m_base,birth_place:11,birth_place,declarative,14,225.28111267089844,35.21601104736328,0.21393629908561707
smollm2_360m_base,birth_place:11,birth_place,declarative,15,242.7937469482422,31.662109375,0.22967776656150818
smollm2_360m_base,birth_place:11,birth_place,declarative,16,255.73638916015625,33.63580322265625,0.22743435204029083
smollm2_360m_base,birth_place:11,birth_place,declarative,17,257.7201843261719,35.431854248046875,0.21758484840393066
smollm2_360m_base,birth_place:11,birth_place,declarative,18,268.4665222167969,32.42214584350586,0.22832055389881134
smollm2_360m_base,birth_place:11,birth_place,declarative,19,282.1592102050781,28.390138626098633,0.24329915642738342
smollm2_360m_base,birth_place:11,birth_place,declarative,20,295.24163818359375,24.72027015686035,0.2585468292236328
smollm2_360m_base,birth_place:11,birth_place,declarative,21,336.14453125,30.865467071533203,0.27244290709495544
smollm2_360m_base,birth_place:11,birth_place,declarative,22,377.6300964355469,46.64959716796875,0.3545468747615814
smollm2_360m_base,birth_place:11,birth_place,declarative,23,405.6986389160156,45.79297637939453,0.3143426775932312
smollm2_360m_base,birth_place:11,birth_place,declarative,24,480.11761474609375,58.53852081298828,0.31874075531959534
smollm2_360m_base,birth_place:11,birth_place,declarative,25,531.2261352539062,37.21300506591797,0.32689717411994934
smollm2_360m_base,birth_place:11,birth_place,declarative,26,687.1128540039062,90.1893539428711,0.3491266965866089
smollm2_360m_base,birth_place:11,birth_place,declarative,27,798.152587890625,27.299888610839844,0.37478289008140564
smollm2_360m_base,birth_place:11,birth_place,declarative,28,978.0340576171875,84.74847412109375,0.4096153676509857
smollm2_360m_base,birth_place:11,birth_place,declarative,29,1234.3009033203125,89.95123291015625,0.45267564058303833
smollm2_360m_base,birth_place:11,birth_place,declarative,30,1410.3009033203125,108.43248748779297,0.4903920292854309
smollm2_360m_base,birth_place:11,birth_place,declarative,31,69.29885864257812,85.36786651611328,0.6404114961624146
smollm2_360m_base,birth_place:11,birth_place,qa,0,54.4047737121582,4.564174175262451,0.07718156278133392
smollm2_360m_base,birth_place:11,birth_place,qa,1,70.93040466308594,16.345861434936523,0.13286101818084717
smollm2_360m_base,birth_place:11,birth_place,qa,2,86.45999145507812,15.930501937866211,0.1433834582567215
smollm2_360m_base,birth_place:11,birth_place,qa,3,101.16635131835938,15.38931941986084,0.16948704421520233
smollm2_360m_base,birth_place:11,birth_place,qa,4,108.33151245117188,19.459442138671875,0.18038561940193176
smollm2_360m_base,birth_place:11,birth_place,qa,5,118.54651641845703,22.82712173461914,0.17810069024562836
smollm2_360m_base,birth_place:11,birth_place,qa,6,151.15272521972656,39.10926055908203,0.20170922577381134
smollm2_360m_base,birth_place:11,birth_place,qa,7,165.4357147216797,26.923465728759766,0.21066847443580627
smollm2_360m_base,birth_place:11,birth_place,qa,8,168.24522399902344,22.072757720947266,0.21545438468456268
smollm2_360m_base,birth_place:11,birth_place,qa,9,181.31787109375,31.29242706298828,0.2097877562046051
smollm2_360m_base,birth_place:11,birth_place,qa,10,175.14955139160156,21.092966079711914,0.19115492701530457
smollm2_360m_base,birth_place:11,birth_place,qa,11,177.010009765625,17.70362091064453,0.20522311329841614
smollm2_360m_base,birth_place:11,birth_place,qa,12,184.91648864746094,25.74408721923828,0.20365020632743835
smollm2_360m_base,birth_place:11,birth_place,qa,13,192.81265258789062,20.42369842529297,0.19700533151626587
smollm2_360m_base,birth_place:11,birth_place,qa,14,202.76942443847656,34.87998580932617,0.20261268317699432
smollm2_360m_base,birth_place:11,birth_place,qa,15,223.77340698242188,39.31052780151367,0.21096821129322052
smollm2_360m_base,birth_place:11,birth_place,qa,16,242.84713745117188,37.6653938293457,0.2125019133090973
smollm2_360m_base,birth_place:11,birth_place,qa,17,251.39427185058594,25.714143753051758,0.21502315998077393
smollm2_360m_base,birth_place:11,birth_place,qa,18,253.60501098632812,37.46474075317383,0.2240876406431198
smollm2_360m_base,birth_place:11,birth_place,qa,19,268.5357971191406,37.981544494628906,0.24053385853767395
smollm2_360m_base,birth_place:11,birth_place,qa,20,279.5044250488281,46.79287338256836,0.26807960867881775
smollm2_360m_base,birth_place:11,birth_place,qa,21,344.50726318359375,44.65299987792969,0.2864558696746826
smollm2_360m_base,birth_place:11,birth_place,qa,22,375.85943603515625,49.93012237548828,0.3769512176513672
smollm2_360m_base,birth_place:11,birth_place,qa,23,404.0201721191406,74.96630859375,0.35682758688926697
smollm2_360m_base,birth_place:11,birth_place,qa,24,515.70068359375,78.44527435302734,0.36253708600997925
smollm2_360m_base,birth_place:11,birth_place,qa,25,575.1292724609375,60.060035705566406,0.3675979673862457
smollm2_360m_base,birth_place:11,birth_place,qa,26,708.7559204101562,114.88882446289062,0.3547327518463135
smollm2_360m_base,birth_place:11,birth_place,qa,27,831.8314819335938,160.95059204101562,0.35320061445236206
smollm2_360m_base,birth_place:11,birth_place,qa,28,991.4591674804688,107.52594757080078,0.38849109411239624
smollm2_360m_base,birth_place:11,birth_place,qa,29,1163.6944580078125,142.5577850341797,0.41847190260887146
smollm2_360m_base,birth_place:11,birth_place,qa,30,1325.1986083984375,99.24537658691406,0.45044082403182983
smollm2_360m_base,birth_place:11,birth_place,qa,31,77.61002349853516,104.71654510498047,0.6193236112594604
smollm2_360m_base,birth_place:11,birth_place,chat_template,0,51.18016815185547,4.816979885101318,0.07120753824710846
smollm2_360m_base,birth_place:11,birth_place,chat_template,1,70.86258697509766,18.724489212036133,0.08800001442432404
smollm2_360m_base,birth_place:11,birth_place,chat_template,2,80.31034851074219,10.466832160949707,0.11516401916742325
smollm2_360m_base,birth_place:11,birth_place,chat_template,3,92.83934020996094,14.943072319030762,0.1414470374584198
smollm2_360m_base,birth_place:11,birth_place,chat_template,4,105.47586822509766,18.50731086730957,0.15852504968643188
smollm2_360m_base,birth_place:11,birth_place,chat_template,5,117.00684356689453,15.22075366973877,0.1569393128156662
smollm2_360m_base,birth_place:11,birth_place,chat_template,6,126.12303924560547,20.061241149902344,0.16647490859031677
smollm2_360m_base,birth_place:11,birth_place,chat_template,7,146.28543090820312,22.56161117553711,0.1874745786190033
smollm2_360m_base,birth_place:11,birth_place,chat_template,8,156.385986328125,24.97542381286621,0.21470992267131805
smollm2_360m_base,birth_place:11,birth_place,chat_template,9,164.62001037597656,21.634817123413086,0.20771613717079163
smollm2_360m_base,birth_place:11,birth_place,chat_template,10,166.18214416503906,16.884387969970703,0.17467549443244934
smollm2_360m_base,birth_place:11,birth_place,chat_template,11,176.57957458496094,23.800065994262695,0.1852017045021057
smollm2_360m_base,birth_place:11,birth_place,chat_template,12,181.8618927001953,20.601024627685547,0.19499577581882477
smollm2_360m_base,birth_place:11,birth_place,chat_template,13,192.06610107421875,22.29129981994629,0.197299063205719
smollm2_360m_base,birth_place:11,birth_place,chat_template,14,212.30520629882812,29.980283737182617,0.2011757791042328
smollm2_360m_base,birth_place:11,birth_place,chat_template,15,222.66506958007812,28.62059783935547,0.2056485116481781
smollm2_360m_base,birth_place:11,birth_place,chat_template,16,242.46090698242188,36.12789535522461,0.21593789756298065
smollm2_360m_base,birth_place:11,birth_place,chat_template,17,255.66995239257812,42.25701904296875,0.2332196682691574
smollm2_360m_base,birth_place:11,birth_place,chat_template,18,268.950927734375,49.538082122802734,0.22943225502967834
smollm2_360m_base,birth_place:11,birth_place,chat_template,19,266.3203430175781,29.758583068847656,0.24949781596660614
smollm2_360m_base,birth_place:11,birth_place,chat_template,20,286.09423828125,45.07172775268555,0.26984405517578125
smollm2_360m_base,birth_place:11,birth_place,chat_template,21,335.21893310546875,55.1451530456543,0.3012014627456665
smollm2_360m_base,birth_place:11,birth_place,chat_template,22,362.14642333984375,51.41123962402344,0.39211851358413696
smollm2_360m_base,birth_place:11,birth_place,chat_template,23,420.43438720703125,96.42940521240234,0.32935386896133423
smollm2_360m_base,birth_place:11,birth_place,chat_template,24,549.42041015625,81.18765258789062,0.35481637716293335
smollm2_360m_base,birth_place:11,birth_place,chat_template,25,627.3076171875,64.38230895996094,0.3735524117946625
smollm2_360m_base,birth_place:11,birth_place,chat_template,26,774.1100463867188,80.41392517089844,0.34128570556640625
smollm2_360m_base,birth_place:11,birth_place,chat_template,27,902.1455688476562,120.70638275146484,0.30458173155784607
smollm2_360m_base,birth_place:11,birth_place,chat_template,28,1045.2086181640625,127.98442077636719,0.3093312382698059
smollm2_360m_base,birth_place:11,birth_place,chat_template,29,1276.3865966796875,197.2222900390625,0.32984402775764465
smollm2_360m_base,birth_place:11,birth_place,chat_template,30,1471.653076171875,142.92750549316406,0.390298992395401
smollm2_360m_base,birth_place:11,birth_place,chat_template,31,78.50941467285156,117.62356567382812,0.6343278884887695
