country,prompt,prompt_family,layer,hidden_norm,attention_norm,mlp_mean_abs
Afghanistan,What is the capital of Afghanistan?,raw_question,0,154.10948181152344,193.6166229248047,0.25568264722824097
Afghanistan,What is the capital of Afghanistan?,raw_question,1,1067.5889892578125,105.24807739257812,0.19785256683826447
Afghanistan,What is the capital of Afghanistan?,raw_question,2,1331.8486328125,16.047161102294922,0.16086500883102417
Afghanistan,What is the capital of Afghanistan?,raw_question,3,1614.8094482421875,13.712949752807617,0.19942107796669006
Afghanistan,What is the capital of Afghanistan?,raw_question,4,2333.033203125,9.74887466430664,0.18468350172042847
Afghanistan,What is the capital of Afghanistan?,raw_question,5,2744.24609375,20.30721664428711,0.14476998150348663
Afghanistan,What is the capital of Afghanistan?,raw_question,6,3199.39892578125,8.18453598022461,0.15763162076473236
Afghanistan,What is the capital of Afghanistan?,raw_question,7,4997.1005859375,16.529233932495117,0.16768446564674377
Afghanistan,What is the capital of Afghanistan?,raw_question,8,5980.64599609375,16.283517837524414,0.17038652300834656
Afghanistan,What is the capital of Afghanistan?,raw_question,9,5403.0537109375,12.136427879333496,0.13166587054729462
Afghanistan,What is the capital of Afghanistan?,raw_question,10,10514.8916015625,24.626266479492188,0.19335705041885376
Afghanistan,What is the capital of Afghanistan?,raw_question,11,10963.8193359375,3.545529365539551,0.17100906372070312
Afghanistan,What is the capital of Afghanistan?,raw_question,12,12971.3369140625,27.506139755249023,0.12949605286121368
Afghanistan,What is the capital of Afghanistan?,raw_question,13,16454.23828125,25.733226776123047,0.10633355379104614
Afghanistan,What is the capital of Afghanistan?,raw_question,14,17386.611328125,44.409000396728516,0.10952134430408478
Afghanistan,What is the capital of Afghanistan?,raw_question,15,18650.16796875,33.66351318359375,0.1025046706199646
Afghanistan,What is the capital of Afghanistan?,raw_question,16,25015.701171875,39.984046936035156,0.09123977273702621
Afghanistan,What is the capital of Afghanistan?,raw_question,17,166.82061767578125,10.46361255645752,0.12273183465003967
Afghanistan,The capital of Afghanistan is,declarative,0,131.79763793945312,157.57000732421875,0.21468546986579895
Afghanistan,The capital of Afghanistan is,declarative,1,859.7459106445312,127.75251770019531,0.242141991853714
Afghanistan,The capital of Afghanistan is,declarative,2,1211.34326171875,21.711057662963867,0.19042754173278809
Afghanistan,The capital of Afghanistan is,declarative,3,1636.49072265625,14.283276557922363,0.22101335227489471
Afghanistan,The capital of Afghanistan is,declarative,4,2444.824951171875,9.961956024169922,0.17922426760196686
Afghanistan,The capital of Afghanistan is,declarative,5,2821.826171875,20.17271614074707,0.14693616330623627
Afghanistan,The capital of Afghanistan is,declarative,6,3573.826416015625,8.391302108764648,0.16560833156108856
Afghanistan,The capital of Afghanistan is,declarative,7,5609.8251953125,17.27313804626465,0.1720493733882904
Afghanistan,The capital of Afghanistan is,declarative,8,5439.564453125,16.45174789428711,0.17234310507774353
Afghanistan,The capital of Afghanistan is,declarative,9,5573.59326171875,14.486563682556152,0.13573810458183289
Afghanistan,The capital of Afghanistan is,declarative,10,8555.474609375,28.396780014038086,0.19710427522659302
Afghanistan,The capital of Afghanistan is,declarative,11,9917.240234375,5.004693508148193,0.19810868799686432
Afghanistan,The capital of Afghanistan is,declarative,12,12076.4189453125,35.80345153808594,0.160457044839859
Afghanistan,The capital of Afghanistan is,declarative,13,15151.1865234375,23.795913696289062,0.12628906965255737
Afghanistan,The capital of Afghanistan is,declarative,14,18528.908203125,51.8219108581543,0.11963677406311035
Afghanistan,The capital of Afghanistan is,declarative,15,19960.63671875,35.6472053527832,0.10777410119771957
Afghanistan,The capital of Afghanistan is,declarative,16,23059.9296875,38.25489044189453,0.10568975657224655
Afghanistan,The capital of Afghanistan is,declarative,17,273.9698181152344,10.26716136932373,0.13628984987735748
Afghanistan,"Q: What is the capital of Afghanistan?
A:",qa,0,126.2735366821289,161.15994262695312,0.28756704926490784
Afghanistan,"Q: What is the capital of Afghanistan?
A:",qa,1,812.9414672851562,146.67320251464844,0.23879531025886536
Afghanistan,"Q: What is the capital of Afghanistan?
A:",qa,2,1007.3404541015625,21.469362258911133,0.17478781938552856
Afghanistan,"Q: What is the capital of Afghanistan?
A:",qa,3,1805.7808837890625,14.030733108520508,0.21914711594581604
Afghanistan,"Q: What is the capital of Afghanistan?
A:",qa,4,2123.7509765625,11.552313804626465,0.1749897599220276
Afghanistan,"Q: What is the capital of Afghanistan?
A:",qa,5,3491.549560546875,16.676437377929688,0.15267357230186462
Afghanistan,"Q: What is the capital of Afghanistan?
A:",qa,6,3661.55419921875,6.157358646392822,0.15252594649791718
Afghanistan,"Q: What is the capital of Afghanistan?
A:",qa,7,4887.11083984375,16.084815979003906,0.16128580272197723
Afghanistan,"Q: What is the capital of Afghanistan?
A:",qa,8,5400.0595703125,15.262829780578613,0.19072669744491577
Afghanistan,"Q: What is the capital of Afghanistan?
A:",qa,9,5220.12939453125,14.813720703125,0.13601914048194885
Afghanistan,"Q: What is the capital of Afghanistan?
A:",qa,10,8357.2333984375,30.37650489807129,0.1887054443359375
Afghanistan,"Q: What is the capital of Afghanistan?
A:",qa,11,8926.64453125,5.152633190155029,0.19111047685146332
Afghanistan,"Q: What is the capital of Afghanistan?
A:",qa,12,11981.0478515625,34.334537506103516,0.15439854562282562
Afghanistan,"Q: What is the capital of Afghanistan?
A:",qa,13,14612.4599609375,25.742176055908203,0.11628393828868866
Afghanistan,"Q: What is the capital of Afghanistan?
A:",qa,14,18104.767578125,46.66788101196289,0.11542925238609314
Afghanistan,"Q: What is the capital of Afghanistan?
A:",qa,15,19349.59375,35.64076232910156,0.10126014053821564
Afghanistan,"Q: What is the capital of Afghanistan?
A:",qa,16,24589.3359375,36.79452133178711,0.09404710680246353
Afghanistan,"Q: What is the capital of Afghanistan?
A:",qa,17,191.84996032714844,11.170021057128906,0.12273909151554108
Afghanistan,What is the capital of Afghanistan? Answer with only the capital city.,chat_template,0,171.93124389648438,169.47726440429688,0.20174582302570343
Afghanistan,What is the capital of Afghanistan? Answer with only the capital city.,chat_template,1,783.6271362304688,128.4949951171875,0.17034530639648438
Afghanistan,What is the capital of Afghanistan? Answer with only the capital city.,chat_template,2,1046.783203125,23.450937271118164,0.15973003208637238
Afghanistan,What is the capital of Afghanistan? Answer with only the capital city.,chat_template,3,1385.4620361328125,13.578612327575684,0.19497302174568176
Afghanistan,What is the capital of Afghanistan? Answer with only the capital city.,chat_template,4,792.948974609375,12.246552467346191,0.19484686851501465
Afghanistan,What is the capital of Afghanistan? Answer with only the capital city.,chat_template,5,2376.774169921875,19.912891387939453,0.13958081603050232
Afghanistan,What is the capital of Afghanistan? Answer with only the capital city.,chat_template,6,3443.766357421875,6.83525276184082,0.16473186016082764
Afghanistan,What is the capital of Afghanistan? Answer with only the capital city.,chat_template,7,4758.01513671875,15.775250434875488,0.17102184891700745
Afghanistan,What is the capital of Afghanistan? Answer with only the capital city.,chat_template,8,5273.056640625,18.222923278808594,0.20150357484817505
Afghanistan,What is the capital of Afghanistan? Answer with only the capital city.,chat_template,9,5504.71826171875,13.912355422973633,0.14994782209396362
Afghanistan,What is the capital of Afghanistan? Answer with only the capital city.,chat_template,10,8946.75390625,27.583419799804688,0.2244473397731781
Afghanistan,What is the capital of Afghanistan? Answer with only the capital city.,chat_template,11,9329.5615234375,3.9111428260803223,0.2052748203277588
Afghanistan,What is the capital of Afghanistan? Answer with only the capital city.,chat_template,12,12995.771484375,27.74394989013672,0.15949296951293945
Afghanistan,What is the capital of Afghanistan? Answer with only the capital city.,chat_template,13,15682.4140625,22.411916732788086,0.12375704199075699
Afghanistan,What is the capital of Afghanistan? Answer with only the capital city.,chat_template,14,18467.279296875,47.92890548706055,0.12223049253225327
Afghanistan,What is the capital of Afghanistan? Answer with only the capital city.,chat_template,15,19010.158203125,32.15690994262695,0.11245713382959366
Afghanistan,What is the capital of Afghanistan? Answer with only the capital city.,chat_template,16,22840.37109375,31.333602905273438,0.1174137145280838
Afghanistan,What is the capital of Afghanistan? Answer with only the capital city.,chat_template,17,303.2867126464844,8.748191833496094,0.15047785639762878
Albania,What is the capital of Albania?,raw_question,0,154.36663818359375,192.4629669189453,0.2564489245414734
Albania,What is the capital of Albania?,raw_question,1,1067.6204833984375,110.75120544433594,0.1959824115037918
Albania,What is the capital of Albania?,raw_question,2,1301.2890625,16.35715675354004,0.16093190014362335
Albania,What is the capital of Albania?,raw_question,3,1604.80859375,13.675591468811035,0.20128723978996277
Albania,What is the capital of Albania?,raw_question,4,2304.90478515625,10.212458610534668,0.1854267716407776
Albania,What is the capital of Albania?,raw_question,5,2726.11767578125,20.595186233520508,0.1434028297662735
Albania,What is the capital of Albania?,raw_question,6,3220.887451171875,8.329994201660156,0.15942621231079102
Albania,What is the capital of Albania?,raw_question,7,5023.943359375,16.564237594604492,0.16842155158519745
Albania,What is the capital of Albania?,raw_question,8,5867.91796875,16.393081665039062,0.17027080059051514
Albania,What is the capital of Albania?,raw_question,9,5264.60498046875,12.18384075164795,0.13286153972148895
Albania,What is the capital of Albania?,raw_question,10,10455.9306640625,25.401058197021484,0.19926035404205322
Albania,What is the capital of Albania?,raw_question,11,10781.30859375,3.456592082977295,0.17046689987182617
Albania,What is the capital of Albania?,raw_question,12,13013.6982421875,26.33754539489746,0.12815174460411072
Albania,What is the capital of Albania?,raw_question,13,16262.6591796875,25.596290588378906,0.10658122599124908
Albania,What is the capital of Albania?,raw_question,14,17263.466796875,45.137672424316406,0.10709641873836517
Albania,What is the capital of Albania?,raw_question,15,18292.259765625,34.06049728393555,0.10003317892551422
Albania,What is the capital of Albania?,raw_question,16,24758.400390625,39.081878662109375,0.08988101035356522
Albania,What is the capital of Albania?,raw_question,17,172.5299530029297,10.35899543762207,0.11692796647548676
Albania,The capital of Albania is,declarative,0,132.79641723632812,157.13429260253906,0.2155168652534485
Albania,The capital of Albania is,declarative,1,870.1217041015625,133.40304565429688,0.23746415972709656
Albania,The capital of Albania is,declarative,2,1225.801513671875,21.599843978881836,0.18801680207252502
Albania,The capital of Albania is,declarative,3,1616.857421875,14.298069953918457,0.21593107283115387
Albania,The capital of Albania is,declarative,4,2417.263671875,10.389795303344727,0.18123282492160797
Albania,The capital of Albania is,declarative,5,2815.178955078125,20.961620330810547,0.14657698571681976
Albania,The capital of Albania is,declarative,6,3529.14697265625,8.655284881591797,0.1660192459821701
Albania,The capital of Albania is,declarative,7,5617.67431640625,17.227384567260742,0.17192253470420837
Albania,The capital of Albania is,declarative,8,5478.73046875,16.43155288696289,0.17402249574661255
Albania,The capital of Albania is,declarative,9,5519.89697265625,14.759847640991211,0.13782542943954468
Albania,The capital of Albania is,declarative,10,8486.845703125,29.322223663330078,0.1983700394630432
Albania,The capital of Albania is,declarative,11,9553.5634765625,4.987576961517334,0.196549192070961
Albania,The capital of Albania is,declarative,12,12401.0478515625,34.84833526611328,0.1620740294456482
Albania,The capital of Albania is,declarative,13,15396.4970703125,23.552907943725586,0.13294914364814758
Albania,The capital of Albania is,declarative,14,19345.515625,51.62539291381836,0.12590324878692627
Albania,The capital of Albania is,declarative,15,20816.375,37.47964859008789,0.10495647042989731
Albania,The capital of Albania is,declarative,16,23862.435546875,36.60309600830078,0.10721205919981003
Albania,The capital of Albania is,declarative,17,281.8673400878906,8.96325397491455,0.1365291178226471
Albania,"Q: What is the capital of Albania?
A:",qa,0,125.88496398925781,161.79164123535156,0.2842758893966675
Albania,"Q: What is the capital of Albania?
A:",qa,1,811.7340087890625,148.88363647460938,0.235122412443161
Albania,"Q: What is the capital of Albania?
A:",qa,2,1006.0767822265625,20.859710693359375,0.17379944026470184
Albania,"Q: What is the capital of Albania?
A:",qa,3,1804.7469482421875,14.00676155090332,0.22043664753437042
Albania,"Q: What is the capital of Albania?
A:",qa,4,2116.559326171875,11.574268341064453,0.17641803622245789
Albania,"Q: What is the capital of Albania?
A:",qa,5,3504.328369140625,16.67119026184082,0.1528390645980835
Albania,"Q: What is the capital of Albania?
A:",qa,6,3584.80029296875,6.275291919708252,0.153509259223938
Albania,"Q: What is the capital of Albania?
A:",qa,7,4921.04931640625,16.046314239501953,0.16247189044952393
Albania,"Q: What is the capital of Albania?
A:",qa,8,5405.48681640625,15.338907241821289,0.18991388380527496
Albania,"Q: What is the capital of Albania?
A:",qa,9,5162.4931640625,15.0007905960083,0.13600385189056396
Albania,"Q: What is the capital of Albania?
A:",qa,10,8233.0283203125,31.078405380249023,0.19030523300170898
Albania,"Q: What is the capital of Albania?
A:",qa,11,8613.568359375,5.149439811706543,0.1914716362953186
Albania,"Q: What is the capital of Albania?
A:",qa,12,12149.41015625,36.253883361816406,0.15442688763141632
Albania,"Q: What is the capital of Albania?
A:",qa,13,14610.294921875,24.428207397460938,0.12091800570487976
Albania,"Q: What is the capital of Albania?
A:",qa,14,18615.376953125,47.04600524902344,0.11769711226224899
Albania,"Q: What is the capital of Albania?
A:",qa,15,19728.244140625,37.89448165893555,0.0997079461812973
Albania,"Q: What is the capital of Albania?
A:",qa,16,25016.998046875,35.78135681152344,0.09664516150951385
Albania,"Q: What is the capital of Albania?
A:",qa,17,219.7451171875,10.788337707519531,0.12224642932415009
Albania,What is the capital of Albania? Answer with only the capital city.,chat_template,0,171.7183380126953,169.6473846435547,0.20183271169662476
Albania,What is the capital of Albania? Answer with only the capital city.,chat_template,1,784.7360229492188,128.5533905029297,0.16983097791671753
Albania,What is the capital of Albania? Answer with only the capital city.,chat_template,2,1043.98779296875,23.444602966308594,0.15981528162956238
Albania,What is the capital of Albania? Answer with only the capital city.,chat_template,3,1386.5123291015625,13.59327507019043,0.19595086574554443
Albania,What is the capital of Albania? Answer with only the capital city.,chat_template,4,785.5180053710938,12.27113151550293,0.19555668532848358
Albania,What is the capital of Albania? Answer with only the capital city.,chat_template,5,2381.65625,19.968828201293945,0.13967885076999664
Albania,What is the capital of Albania? Answer with only the capital city.,chat_template,6,3475.91259765625,6.753599643707275,0.1644628494977951
Albania,What is the capital of Albania? Answer with only the capital city.,chat_template,7,4813.912109375,15.599359512329102,0.16979286074638367
Albania,What is the capital of Albania? Answer with only the capital city.,chat_template,8,5297.5732421875,18.345382690429688,0.20003162324428558
Albania,What is the capital of Albania? Answer with only the capital city.,chat_template,9,5587.59814453125,14.093621253967285,0.15093617141246796
Albania,What is the capital of Albania? Answer with only the capital city.,chat_template,10,9006.3125,26.915184020996094,0.22159314155578613
Albania,What is the capital of Albania? Answer with only the capital city.,chat_template,11,9212.103515625,3.8047525882720947,0.20349378883838654
Albania,What is the capital of Albania? Answer with only the capital city.,chat_template,12,13067.318359375,30.775014877319336,0.1583481729030609
Albania,What is the capital of Albania? Answer with only the capital city.,chat_template,13,15501.50390625,21.65894889831543,0.12993595004081726
Albania,What is the capital of Albania? Answer with only the capital city.,chat_template,14,19218.880859375,46.560791015625,0.12749923765659332
Albania,What is the capital of Albania? Answer with only the capital city.,chat_template,15,19908.67578125,35.32048034667969,0.1110953539609909
Albania,What is the capital of Albania? Answer with only the capital city.,chat_template,16,23403.51953125,29.391193389892578,0.11975233256816864
Albania,What is the capital of Albania? Answer with only the capital city.,chat_template,17,307.3345947265625,10.009111404418945,0.15194663405418396
Algeria,What is the capital of Algeria?,raw_question,0,156.3033447265625,192.54067993164062,0.2566165328025818
Algeria,What is the capital of Algeria?,raw_question,1,1067.6414794921875,104.5130844116211,0.19866104423999786
Algeria,What is the capital of Algeria?,raw_question,2,1309.095458984375,16.246896743774414,0.16161441802978516
Algeria,What is the capital of Algeria?,raw_question,3,1594.475341796875,13.594091415405273,0.20111383497714996
Algeria,What is the capital of Algeria?,raw_question,4,2316.9130859375,10.013879776000977,0.18656381964683533
Algeria,What is the capital of Algeria?,raw_question,5,2719.45458984375,20.17218589782715,0.14327245950698853
Algeria,What is the capital of Algeria?,raw_question,6,3245.527099609375,8.391939163208008,0.15846280753612518
Algeria,What is the capital of Algeria?,raw_question,7,5053.99169921875,16.84896469116211,0.1677604615688324
Algeria,What is the capital of Algeria?,raw_question,8,5896.75927734375,16.30360221862793,0.17116524279117584
Algeria,What is the capital of Algeria?,raw_question,9,5324.74658203125,12.082616806030273,0.1327076554298401
Algeria,What is the capital of Algeria?,raw_question,10,10580.17578125,25.19095230102539,0.19596175849437714
Algeria,What is the capital of Algeria?,raw_question,11,10987.5927734375,3.4771535396575928,0.17016205191612244
Algeria,What is the capital of Algeria?,raw_question,12,12818.845703125,26.529762268066406,0.12799707055091858
Algeria,What is the capital of Algeria?,raw_question,13,16311.4765625,26.20722198486328,0.10684660077095032
Algeria,What is the capital of Algeria?,raw_question,14,17263.861328125,44.78955078125,0.10765479505062103
Algeria,What is the capital of Algeria?,raw_question,15,18323.30078125,33.846492767333984,0.10265712440013885
Algeria,What is the capital of Algeria?,raw_question,16,24956.451171875,39.75244903564453,0.09241009503602982
Algeria,What is the capital of Algeria?,raw_question,17,162.3059539794922,10.773816108703613,0.11880047619342804
Algeria,The capital of Algeria is,declarative,0,131.7299041748047,157.37757873535156,0.21589910984039307
Algeria,The capital of Algeria is,declarative,1,856.2045288085938,126.74040222167969,0.24364382028579712
Algeria,The capital of Algeria is,declarative,2,1241.02294921875,22.148563385009766,0.19201751053333282
Algeria,The capital of Algeria is,declarative,3,1622.8385009765625,13.964078903198242,0.21947357058525085
Algeria,The capital of Algeria is,declarative,4,2380.517333984375,10.049789428710938,0.18004699051380157
Algeria,The capital of Algeria is,declarative,5,2814.61865234375,20.2827205657959,0.14559796452522278
Algeria,The capital of Algeria is,declarative,6,3580.260009765625,8.443292617797852,0.1650131642818451
Algeria,The capital of Algeria is,declarative,7,5646.474609375,17.47863006591797,0.17070670425891876
Algeria,The capital of Algeria is,declarative,8,5391.0283203125,16.301618576049805,0.17329630255699158
Algeria,The capital of Algeria is,declarative,9,5555.216796875,14.656314849853516,0.13693732023239136
Algeria,The capital of Algeria is,declarative,10,8677.9052734375,28.876911163330078,0.19939768314361572
Algeria,The capital of Algeria is,declarative,11,9930.0927734375,5.015052318572998,0.19729042053222656
Algeria,The capital of Algeria is,declarative,12,12301.8974609375,36.33076477050781,0.16019123792648315
Algeria,The capital of Algeria is,declarative,13,15400.21484375,23.781740188598633,0.12997651100158691
Algeria,The capital of Algeria is,declarative,14,19243.255859375,51.180397033691406,0.1224077045917511
Algeria,The capital of Algeria is,declarative,15,21508.9296875,36.1722412109375,0.10670904815196991
Algeria,The capital of Algeria is,declarative,16,25215.888671875,37.52580642700195,0.10859975218772888
Algeria,The capital of Algeria is,declarative,17,256.2596130371094,10.54901123046875,0.13628000020980835
Algeria,"Q: What is the capital of Algeria?
A:",qa,0,125.9061279296875,161.45761108398438,0.28687846660614014
Algeria,"Q: What is the capital of Algeria?
A:",qa,1,815.6131591796875,147.93768310546875,0.23970036208629608
Algeria,"Q: What is the capital of Algeria?
A:",qa,2,1003.3721313476562,21.516284942626953,0.17637093365192413
Algeria,"Q: What is the capital of Algeria?
A:",qa,3,1820.6986083984375,14.11843490600586,0.22018256783485413
Algeria,"Q: What is the capital of Algeria?
A:",qa,4,2100.897705078125,11.634997367858887,0.17757897078990936
Algeria,"Q: What is the capital of Algeria?
A:",qa,5,3472.660400390625,16.68236541748047,0.15302714705467224
Algeria,"Q: What is the capital of Algeria?
A:",qa,6,3688.300048828125,6.15568733215332,0.1524018794298172
Algeria,"Q: What is the capital of Algeria?
A:",qa,7,4882.18603515625,16.21065330505371,0.15873989462852478
Algeria,"Q: What is the capital of Algeria?
A:",qa,8,5375.7724609375,15.296496391296387,0.1880747377872467
Algeria,"Q: What is the capital of Algeria?
A:",qa,9,5136.76953125,14.660979270935059,0.1352895349264145
Algeria,"Q: What is the capital of Algeria?
A:",qa,10,8230.8193359375,30.340106964111328,0.18838977813720703
Algeria,"Q: What is the capital of Algeria?
A:",qa,11,8803.697265625,5.106662750244141,0.19048723578453064
Algeria,"Q: What is the capital of Algeria?
A:",qa,12,11767.7080078125,34.74803161621094,0.1531401127576828
Algeria,"Q: What is the capital of Algeria?
A:",qa,13,14404.564453125,26.500751495361328,0.11827406287193298
Algeria,"Q: What is the capital of Algeria?
A:",qa,14,18209.91015625,46.50337600708008,0.1162605956196785
Algeria,"Q: What is the capital of Algeria?
A:",qa,15,19824.13671875,37.27022171020508,0.09939226508140564
Algeria,"Q: What is the capital of Algeria?
A:",qa,16,25724.333984375,35.419437408447266,0.0959058403968811
Algeria,"Q: What is the capital of Algeria?
A:",qa,17,176.75341796875,11.910351753234863,0.12043583393096924
Algeria,What is the capital of Algeria? Answer with only the capital city.,chat_template,0,172.0592498779297,169.22203063964844,0.2018444985151291
Algeria,What is the capital of Algeria? Answer with only the capital city.,chat_template,1,791.3779907226562,127.94571685791016,0.17007474601268768
Algeria,What is the capital of Algeria? Answer with only the capital city.,chat_template,2,1054.9171142578125,23.424251556396484,0.15975335240364075
Algeria,What is the capital of Algeria? Answer with only the capital city.,chat_template,3,1385.4549560546875,13.613179206848145,0.1948111355304718
Algeria,What is the capital of Algeria? Answer with only the capital city.,chat_template,4,798.664306640625,12.251199722290039,0.1935221254825592
Algeria,What is the capital of Algeria? Answer with only the capital city.,chat_template,5,2373.8876953125,19.77605628967285,0.1396201103925705
Algeria,What is the capital of Algeria? Answer with only the capital city.,chat_template,6,3458.210693359375,6.763370990753174,0.16372674703598022
Algeria,What is the capital of Algeria? Answer with only the capital city.,chat_template,7,4725.09326171875,15.743484497070312,0.16940884292125702
Algeria,What is the capital of Algeria? Answer with only the capital city.,chat_template,8,5217.0087890625,18.462894439697266,0.19929227232933044
Algeria,What is the capital of Algeria? Answer with only the capital city.,chat_template,9,5503.5654296875,13.683758735656738,0.1494777351617813
Algeria,What is the capital of Algeria? Answer with only the capital city.,chat_template,10,9000.5126953125,27.12604331970215,0.22000963985919952
Algeria,What is the capital of Algeria? Answer with only the capital city.,chat_template,11,9265.494140625,3.745795726776123,0.2044983059167862
Algeria,What is the capital of Algeria? Answer with only the capital city.,chat_template,12,12632.0869140625,31.357322692871094,0.15752093493938446
Algeria,What is the capital of Algeria? Answer with only the capital city.,chat_template,13,15036.0078125,22.579105377197266,0.1292998492717743
Algeria,What is the capital of Algeria? Answer with only the capital city.,chat_template,14,18638.283203125,46.595863342285156,0.12724186480045319
Algeria,What is the capital of Algeria? Answer with only the capital city.,chat_template,15,20538.84765625,34.21696472167969,0.11583466827869415
Algeria,What is the capital of Algeria? Answer with only the capital city.,chat_template,16,25574.712890625,31.41303253173828,0.12354986369609833
Algeria,What is the capital of Algeria? Answer with only the capital city.,chat_template,17,292.95281982421875,10.103782653808594,0.14995771646499634
Andorra,What is the capital of Andorra?,raw_question,0,155.638427734375,193.6228790283203,0.25610411167144775
Andorra,What is the capital of Andorra?,raw_question,1,1070.580078125,108.31080627441406,0.19743573665618896
Andorra,What is the capital of Andorra?,raw_question,2,1293.2984619140625,17.09017562866211,0.1641932874917984
Andorra,What is the capital of Andorra?,raw_question,3,1591.3662109375,14.279947280883789,0.19893674552440643
Andorra,What is the capital of Andorra?,raw_question,4,2456.109375,9.745636940002441,0.18427523970603943
Andorra,What is the capital of Andorra?,raw_question,5,2771.190673828125,20.70030403137207,0.14450907707214355
Andorra,What is the capital of Andorra?,raw_question,6,3152.770263671875,8.35772705078125,0.15748877823352814
Andorra,What is the capital of Andorra?,raw_question,7,4915.73486328125,16.99698829650879,0.16627493500709534
Andorra,What is the capital of Andorra?,raw_question,8,5696.9921875,16.50929832458496,0.17121350765228271
Andorra,What is the capital of Andorra?,raw_question,9,5180.74951171875,12.435784339904785,0.13284724950790405
Andorra,What is the capital of Andorra?,raw_question,10,10386.7998046875,25.228422164916992,0.19836321473121643
Andorra,What is the capital of Andorra?,raw_question,11,10735.4599609375,3.6422104835510254,0.17054224014282227
Andorra,What is the capital of Andorra?,raw_question,12,13257.96484375,26.539342880249023,0.1309179812669754
Andorra,What is the capital of Andorra?,raw_question,13,16063.193359375,27.465314865112305,0.1075369268655777
Andorra,What is the capital of Andorra?,raw_question,14,17271.25,44.65451431274414,0.1107492744922638
Andorra,What is the capital of Andorra?,raw_question,15,18448.568359375,37.334537506103516,0.10033942759037018
Andorra,What is the capital of Andorra?,raw_question,16,25152.009765625,39.84126663208008,0.08894592523574829
Andorra,What is the capital of Andorra?,raw_question,17,165.22369384765625,10.979703903198242,0.11493276804685593
Andorra,The capital of Andorra is,declarative,0,132.8133087158203,157.48736572265625,0.21635295450687408
Andorra,The capital of Andorra is,declarative,1,866.8341064453125,135.75711059570312,0.24148528277873993
Andorra,The capital of Andorra is,declarative,2,1203.023681640625,22.250818252563477,0.19158443808555603
Andorra,The capital of Andorra is,declarative,3,1583.9656982421875,15.303730010986328,0.21761757135391235
Andorra,The capital of Andorra is,declarative,4,2530.46240234375,10.017342567443848,0.18032512068748474
Andorra,The capital of Andorra is,declarative,5,2924.284912109375,20.228309631347656,0.1480528861284256
Andorra,The capital of Andorra is,declarative,6,3396.06884765625,9.04177188873291,0.16213400661945343
Andorra,The capital of Andorra is,declarative,7,5379.51416015625,17.298362731933594,0.16706834733486176
Andorra,The capital of Andorra is,declarative,8,5362.30859375,16.622243881225586,0.17399263381958008
Andorra,The capital of Andorra is,declarative,9,5622.77783203125,15.386237144470215,0.1357298642396927
Andorra,The capital of Andorra is,declarative,10,8514.775390625,29.1391658782959,0.19494271278381348
Andorra,The capital of Andorra is,declarative,11,9928.8544921875,5.1161603927612305,0.19587922096252441
Andorra,The capital of Andorra is,declarative,12,12849.03125,35.690181732177734,0.15872403979301453
Andorra,The capital of Andorra is,declarative,13,15701.7880859375,24.100181579589844,0.12921851873397827
Andorra,The capital of Andorra is,declarative,14,19837.09765625,50.5202751159668,0.12434519827365875
Andorra,The capital of Andorra is,declarative,15,21541.701171875,37.64011001586914,0.10486982762813568
Andorra,The capital of Andorra is,declarative,16,25254.638671875,39.9130744934082,0.10317869484424591
Andorra,The capital of Andorra is,declarative,17,259.93365478515625,11.731057167053223,0.13076865673065186
Andorra,"Q: What is the capital of Andorra?
A:",qa,0,126.22351837158203,161.5758056640625,0.2871059477329254
Andorra,"Q: What is the capital of Andorra?
A:",qa,1,808.577880859375,152.27769470214844,0.23997004330158234
Andorra,"Q: What is the capital of Andorra?
A:",qa,2,1014.0093994140625,21.17014503479004,0.17606768012046814
Andorra,"Q: What is the capital of Andorra?
A:",qa,3,1820.55908203125,14.122027397155762,0.21889309585094452
Andorra,"Q: What is the capital of Andorra?
A:",qa,4,2117.052490234375,11.502037048339844,0.1764889359474182
Andorra,"Q: What is the capital of Andorra?
A:",qa,5,3492.964599609375,16.725231170654297,0.15232360363006592
Andorra,"Q: What is the capital of Andorra?
A:",qa,6,3544.04541015625,6.317060947418213,0.15221287310123444
Andorra,"Q: What is the capital of Andorra?
A:",qa,7,4850.9609375,16.001693725585938,0.16045956313610077
Andorra,"Q: What is the capital of Andorra?
A:",qa,8,5366.63623046875,15.326692581176758,0.18763749301433563
Andorra,"Q: What is the capital of Andorra?
A:",qa,9,5192.50341796875,14.462567329406738,0.13554799556732178
Andorra,"Q: What is the capital of Andorra?
A:",qa,10,8258.1171875,30.955141067504883,0.19056569039821625
Andorra,"Q: What is the capital of Andorra?
A:",qa,11,8522.61328125,5.128113269805908,0.19339805841445923
Andorra,"Q: What is the capital of Andorra?
A:",qa,12,12080.6474609375,37.95128631591797,0.15468375384807587
Andorra,"Q: What is the capital of Andorra?
A:",qa,13,14465.7080078125,25.65801239013672,0.11644800007343292
Andorra,"Q: What is the capital of Andorra?
A:",qa,14,18245.494140625,44.62038040161133,0.11629742383956909
Andorra,"Q: What is the capital of Andorra?
A:",qa,15,19513.763671875,39.5034065246582,0.09621362388134003
Andorra,"Q: What is the capital of Andorra?
A:",qa,16,25619.251953125,35.97637939453125,0.09240049123764038
Andorra,"Q: What is the capital of Andorra?
A:",qa,17,187.12059020996094,14.789440155029297,0.11513377726078033
Andorra,What is the capital of Andorra? Answer with only the capital city.,chat_template,0,171.79965209960938,169.724609375,0.20167195796966553
Andorra,What is the capital of Andorra? Answer with only the capital city.,chat_template,1,788.0458984375,130.2942352294922,0.1699412614107132
Andorra,What is the capital of Andorra? Answer with only the capital city.,chat_template,2,1051.1767578125,23.533344268798828,0.15910068154335022
Andorra,What is the capital of Andorra? Answer with only the capital city.,chat_template,3,1396.9088134765625,13.568037986755371,0.1946985423564911
Andorra,What is the capital of Andorra? Answer with only the capital city.,chat_template,4,807.7456665039062,12.244832992553711,0.19395385682582855
Andorra,What is the capital of Andorra? Answer with only the capital city.,chat_template,5,2393.335205078125,19.770780563354492,0.13930605351924896
Andorra,What is the capital of Andorra? Answer with only the capital city.,chat_template,6,3446.956787109375,6.730982303619385,0.16395319998264313
Andorra,What is the capital of Andorra? Answer with only the capital city.,chat_template,7,4760.6982421875,15.76507568359375,0.17021405696868896
Andorra,What is the capital of Andorra? Answer with only the capital city.,chat_template,8,5274.1875,18.613271713256836,0.19943898916244507
Andorra,What is the capital of Andorra? Answer with only the capital city.,chat_template,9,5503.8828125,14.320781707763672,0.15068158507347107
Andorra,What is the capital of Andorra? Answer with only the capital city.,chat_template,10,8942.2333984375,26.51833152770996,0.2208670824766159
Andorra,What is the capital of Andorra? Answer with only the capital city.,chat_template,11,8906.48046875,3.9967775344848633,0.2038847655057907
Andorra,What is the capital of Andorra? Answer with only the capital city.,chat_template,12,12327.0546875,31.217905044555664,0.1588321179151535
Andorra,What is the capital of Andorra? Answer with only the capital city.,chat_template,13,14633.7099609375,22.043344497680664,0.1291658878326416
Andorra,What is the capital of Andorra? Answer with only the capital city.,chat_template,14,18622.806640625,46.462852478027344,0.12867656350135803
Andorra,What is the capital of Andorra? Answer with only the capital city.,chat_template,15,19574.609375,33.4103889465332,0.1106574609875679
Andorra,What is the capital of Andorra? Answer with only the capital city.,chat_template,16,24623.5078125,32.09832763671875,0.11941508948802948
Andorra,What is the capital of Andorra? Answer with only the capital city.,chat_template,17,322.6549072265625,9.79708480834961,0.14978080987930298
Angola,What is the capital of Angola?,raw_question,0,153.73443603515625,193.1116485595703,0.2566879391670227
Angola,What is the capital of Angola?,raw_question,1,1067.0177001953125,105.30142974853516,0.19881324470043182
Angola,What is the capital of Angola?,raw_question,2,1293.2496337890625,16.34830093383789,0.16286075115203857
Angola,What is the capital of Angola?,raw_question,3,1622.5726318359375,13.688750267028809,0.20223721861839294
Angola,What is the capital of Angola?,raw_question,4,2300.87353515625,9.956256866455078,0.18646347522735596
Angola,What is the capital of Angola?,raw_question,5,2716.613525390625,19.79542350769043,0.1451205313205719
Angola,What is the capital of Angola?,raw_question,6,3174.75830078125,8.301420211791992,0.15747150778770447
Angola,What is the capital of Angola?,raw_question,7,4997.95263671875,16.74637222290039,0.1680525541305542
Angola,What is the capital of Angola?,raw_question,8,5931.04150390625,16.25311279296875,0.1719425916671753
Angola,What is the capital of Angola?,raw_question,9,5384.49365234375,12.100275039672852,0.1333656907081604
Angola,What is the capital of Angola?,raw_question,10,10520.5244140625,24.86164665222168,0.1959480345249176
Angola,What is the capital of Angola?,raw_question,11,10783.533203125,3.498532295227051,0.17155174911022186
Angola,What is the capital of Angola?,raw_question,12,12922.94140625,26.425159454345703,0.12899133563041687
Angola,What is the capital of Angola?,raw_question,13,16246.36328125,26.183698654174805,0.1068049967288971
Angola,What is the capital of Angola?,raw_question,14,17164.162109375,44.750064849853516,0.10929654538631439
Angola,What is the capital of Angola?,raw_question,15,18349.380859375,34.4832649230957,0.10177073627710342
Angola,What is the capital of Angola?,raw_question,16,24854.966796875,39.8079948425293,0.09046359360218048
Angola,What is the capital of Angola?,raw_question,17,163.47654724121094,11.041936874389648,0.11766274273395538
Angola,The capital of Angola is,declarative,0,131.68772888183594,157.17840576171875,0.2156878411769867
Angola,The capital of Angola is,declarative,1,860.570556640625,127.1646499633789,0.24198545515537262
Angola,The capital of Angola is,declarative,2,1211.4969482421875,21.959840774536133,0.19249805808067322
Angola,The capital of Angola is,declarative,3,1631.4278564453125,14.195584297180176,0.22141195833683014
Angola,The capital of Angola is,declarative,4,2381.6064453125,9.934444427490234,0.1799221634864807
Angola,The capital of Angola is,declarative,5,2783.261474609375,19.689111709594727,0.14741772413253784
Angola,The capital of Angola is,declarative,6,3539.067138671875,8.504136085510254,0.16453135013580322
Angola,The capital of Angola is,declarative,7,5705.58935546875,17.578447341918945,0.1732097864151001
Angola,The capital of Angola is,declarative,8,5452.3125,16.2620792388916,0.17441114783287048
Angola,The capital of Angola is,declarative,9,5647.64599609375,14.842799186706543,0.13828596472740173
Angola,The capital of Angola is,declarative,10,8751.1103515625,28.489429473876953,0.2003244310617447
Angola,The capital of Angola is,declarative,11,10012.23828125,4.919918537139893,0.19795694947242737
Angola,The capital of Angola is,declarative,12,13287.7431640625,35.574073791503906,0.1580696552991867
Angola,The capital of Angola is,declarative,13,15907.4345703125,24.08221435546875,0.12695066630840302
Angola,The capital of Angola is,declarative,14,19151.26953125,52.56201171875,0.12197673320770264
Angola,The capital of Angola is,declarative,15,21370.0,36.53510665893555,0.10754580795764923
Angola,The capital of Angola is,declarative,16,24631.41015625,37.55582809448242,0.1060340404510498
Angola,The capital of Angola is,declarative,17,256.2947082519531,10.185230255126953,0.13462746143341064
Angola,"Q: What is the capital of Angola?
A:",qa,0,125.49528503417969,161.6991729736328,0.286495178937912
Angola,"Q: What is the capital of Angola?
A:",qa,1,816.6326904296875,149.4764404296875,0.24046866595745087
Angola,"Q: What is the capital of Angola?
A:",qa,2,1004.4615478515625,21.77512550354004,0.17755472660064697
Angola,"Q: What is the capital of Angola?
A:",qa,3,1829.044189453125,14.133557319641113,0.22060440480709076
Angola,"Q: What is the capital of Angola?
A:",qa,4,2126.08935546875,11.511021614074707,0.17670324444770813
Angola,"Q: What is the capital of Angola?
A:",qa,5,3450.54345703125,16.71805191040039,0.1518477201461792
Angola,"Q: What is the capital of Angola?
A:",qa,6,3561.639892578125,6.132930755615234,0.15112674236297607
Angola,"Q: What is the capital of Angola?
A:",qa,7,4866.2265625,16.25478172302246,0.1603681743144989
Angola,"Q: What is the capital of Angola?
A:",qa,8,5382.39013671875,15.153644561767578,0.18910565972328186
Angola,"Q: What is the capital of Angola?
A:",qa,9,5172.11328125,14.768510818481445,0.13542664051055908
Angola,"Q: What is the capital of Angola?
A:",qa,10,8266.4912109375,30.50499153137207,0.19006198644638062
Angola,"Q: What is the capital of Angola?
A:",qa,11,8804.4990234375,5.110422611236572,0.19200538098812103
Angola,"Q: What is the capital of Angola?
A:",qa,12,12373.7763671875,32.93304443359375,0.15237629413604736
Angola,"Q: What is the capital of Angola?
A:",qa,13,14834.9833984375,25.61393165588379,0.1172780692577362
Angola,"Q: What is the capital of Angola?
A:",qa,14,18228.267578125,46.01398468017578,0.11587996780872345
Angola,"Q: What is the capital of Angola?
A:",qa,15,20340.76171875,37.435150146484375,0.09879171848297119
Angola,"Q: What is the capital of Angola?
A:",qa,16,25859.962890625,36.66062927246094,0.0891093760728836
Angola,"Q: What is the capital of Angola?
A:",qa,17,178.9374542236328,11.95815658569336,0.11546622961759567
Angola,What is the capital of Angola? Answer with only the capital city.,chat_template,0,172.16490173339844,169.28216552734375,0.20160067081451416
Angola,What is the capital of Angola? Answer with only the capital city.,chat_template,1,787.0734252929688,127.9104995727539,0.1699657291173935
Angola,What is the capital of Angola? Answer with only the capital city.,chat_template,2,1050.5047607421875,23.51114273071289,0.15956591069698334
Angola,What is the capital of Angola? Answer with only the capital city.,chat_template,3,1391.005126953125,13.678409576416016,0.19597890973091125
Angola,What is the capital of Angola? Answer with only the capital city.,chat_template,4,798.114501953125,12.293986320495605,0.19473345577716827
Angola,What is the capital of Angola? Answer with only the capital city.,chat_template,5,2375.579345703125,19.712003707885742,0.13938622176647186
Angola,What is the capital of Angola? Answer with only the capital city.,chat_template,6,3414.534423828125,6.786929130554199,0.16434969007968903
Angola,What is the capital of Angola? Answer with only the capital city.,chat_template,7,4726.478515625,15.767691612243652,0.1710854321718216
Angola,What is the capital of Angola? Answer with only the capital city.,chat_template,8,5216.70263671875,18.41326332092285,0.20113074779510498
Angola,What is the capital of Angola? Answer with only the capital city.,chat_template,9,5473.73828125,13.863374710083008,0.1506601870059967
Angola,What is the capital of Angola? Answer with only the capital city.,chat_template,10,9001.76171875,27.138996124267578,0.22156274318695068
Angola,What is the capital of Angola? Answer with only the capital city.,chat_template,11,9303.93359375,3.701237440109253,0.20363499224185944
Angola,What is the capital of Angola? Answer with only the capital city.,chat_template,12,13610.716796875,29.027265548706055,0.15600304305553436
Angola,What is the capital of Angola? Answer with only the capital city.,chat_template,13,15817.267578125,22.470943450927734,0.12555775046348572
Angola,What is the capital of Angola? Answer with only the capital city.,chat_template,14,18291.107421875,47.79938507080078,0.1254415661096573
Angola,What is the capital of Angola? Answer with only the capital city.,chat_template,15,20864.970703125,35.521080017089844,0.11484117805957794
Angola,What is the capital of Angola? Answer with only the capital city.,chat_template,16,25124.919921875,32.54753494262695,0.11531566083431244
Angola,What is the capital of Angola? Answer with only the capital city.,chat_template,17,295.2069091796875,9.274845123291016,0.14633703231811523
Antigua and Barbuda,What is the capital of Antigua and Barbuda?,raw_question,0,151.30953979492188,180.03245544433594,0.2511598467826843
Antigua and Barbuda,What is the capital of Antigua and Barbuda?,raw_question,1,1089.7880859375,107.29829406738281,0.19675332307815552
Antigua and Barbuda,What is the capital of Antigua and Barbuda?,raw_question,2,1323.5911865234375,16.141698837280273,0.16224610805511475
Antigua and Barbuda,What is the capital of Antigua and Barbuda?,raw_question,3,1627.3092041015625,13.664436340332031,0.19933924078941345
Antigua and Barbuda,What is the capital of Antigua and Barbuda?,raw_question,4,2081.458740234375,9.79136848449707,0.18118664622306824
Antigua and Barbuda,What is the capital of Antigua and Barbuda?,raw_question,5,2599.84814453125,20.026615142822266,0.14543113112449646
Antigua and Barbuda,What is the capital of Antigua and Barbuda?,raw_question,6,3351.263427734375,8.093135833740234,0.15966354310512543
Antigua and Barbuda,What is the capital of Antigua and Barbuda?,raw_question,7,5001.4521484375,17.07053565979004,0.16155000030994415
Antigua and Barbuda,What is the capital of Antigua and Barbuda?,raw_question,8,5820.59228515625,16.03822135925293,0.169913187623024
Antigua and Barbuda,What is the capital of Antigua and Barbuda?,raw_question,9,5274.41015625,12.23900032043457,0.13196785748004913
Antigua and Barbuda,What is the capital of Antigua and Barbuda?,raw_question,10,10527.6650390625,23.180316925048828,0.19297417998313904
Antigua and Barbuda,What is the capital of Antigua and Barbuda?,raw_question,11,11123.89453125,3.6976494789123535,0.16940179467201233
Antigua and Barbuda,What is the capital of Antigua and Barbuda?,raw_question,12,13231.2744140625,25.8801212310791,0.1280585080385208
Antigua and Barbuda,What is the capital of Antigua and Barbuda?,raw_question,13,16678.7265625,25.695505142211914,0.10527665913105011
Antigua and Barbuda,What is the capital of Antigua and Barbuda?,raw_question,14,17565.4609375,43.50820541381836,0.10822348296642303
Antigua and Barbuda,What is the capital of Antigua and Barbuda?,raw_question,15,18502.95703125,32.705631256103516,0.10153742879629135
Antigua and Barbuda,What is the capital of Antigua and Barbuda?,raw_question,16,25122.017578125,38.19827651977539,0.0914989784359932
Antigua and Barbuda,What is the capital of Antigua and Barbuda?,raw_question,17,158.17303466796875,11.864298820495605,0.12021929025650024
Antigua and Barbuda,The capital of Antigua and Barbuda is,declarative,0,130.52279663085938,157.66958618164062,0.21295230090618134
Antigua and Barbuda,The capital of Antigua and Barbuda is,declarative,1,871.0890502929688,123.85757446289062,0.24000129103660583
Antigua and Barbuda,The capital of Antigua and Barbuda is,declarative,2,1181.3515625,21.11199378967285,0.19296672940254211
Antigua and Barbuda,The capital of Antigua and Barbuda is,declarative,3,1643.0609130859375,14.186789512634277,0.22205547988414764
Antigua and Barbuda,The capital of Antigua and Barbuda is,declarative,4,2197.2421875,9.847455024719238,0.18067418038845062
Antigua and Barbuda,The capital of Antigua and Barbuda is,declarative,5,2708.5849609375,20.238018035888672,0.14906728267669678
Antigua and Barbuda,The capital of Antigua and Barbuda is,declarative,6,3537.14697265625,8.546652793884277,0.16593125462532043
Antigua and Barbuda,The capital of Antigua and Barbuda is,declarative,7,5463.2734375,18.773839950561523,0.17105820775032043
Antigua and Barbuda,The capital of Antigua and Barbuda is,declarative,8,5305.62060546875,16.952653884887695,0.17376865446567535
Antigua and Barbuda,The capital of Antigua and Barbuda is,declarative,9,5457.931640625,14.216110229492188,0.1366722583770752
Antigua and Barbuda,The capital of Antigua and Barbuda is,declarative,10,8309.8037109375,26.83600425720215,0.19517041742801666
Antigua and Barbuda,The capital of Antigua and Barbuda is,declarative,11,9672.1787109375,5.237497806549072,0.19561444222927094
Antigua and Barbuda,The capital of Antigua and Barbuda is,declarative,12,12044.34765625,30.678918838500977,0.1596192717552185
Antigua and Barbuda,The capital of Antigua and Barbuda is,declarative,13,15332.296875,24.338706970214844,0.1299561858177185
Antigua and Barbuda,The capital of Antigua and Barbuda is,declarative,14,18993.716796875,51.27031326293945,0.12107932567596436
Antigua and Barbuda,The capital of Antigua and Barbuda is,declarative,15,20502.703125,35.874202728271484,0.10499053448438644
Antigua and Barbuda,The capital of Antigua and Barbuda is,declarative,16,25432.263671875,37.55970001220703,0.10398849844932556
Antigua and Barbuda,The capital of Antigua and Barbuda is,declarative,17,224.33010864257812,11.065439224243164,0.12982197105884552
Antigua and Barbuda,"Q: What is the capital of Antigua and Barbuda?
A:",qa,0,126.12489318847656,161.78994750976562,0.2801644504070282
Antigua and Barbuda,"Q: What is the capital of Antigua and Barbuda?
A:",qa,1,812.358154296875,150.29319763183594,0.2408192902803421
Antigua and Barbuda,"Q: What is the capital of Antigua and Barbuda?
A:",qa,2,1022.40283203125,20.774187088012695,0.17661350965499878
Antigua and Barbuda,"Q: What is the capital of Antigua and Barbuda?
A:",qa,3,1832.6610107421875,14.317387580871582,0.21981501579284668
Antigua and Barbuda,"Q: What is the capital of Antigua and Barbuda?
A:",qa,4,2098.5751953125,11.536420822143555,0.17724323272705078
Antigua and Barbuda,"Q: What is the capital of Antigua and Barbuda?
A:",qa,5,3499.94287109375,16.50042724609375,0.15340785682201385
Antigua and Barbuda,"Q: What is the capital of Antigua and Barbuda?
A:",qa,6,3663.093994140625,6.025345325469971,0.15238098800182343
Antigua and Barbuda,"Q: What is the capital of Antigua and Barbuda?
A:",qa,7,4915.2236328125,16.260663986206055,0.16235505044460297
Antigua and Barbuda,"Q: What is the capital of Antigua and Barbuda?
A:",qa,8,5346.16845703125,15.34277057647705,0.18818384408950806
Antigua and Barbuda,"Q: What is the capital of Antigua and Barbuda?
A:",qa,9,5196.49365234375,14.822178840637207,0.13657549023628235
Antigua and Barbuda,"Q: What is the capital of Antigua and Barbuda?
A:",qa,10,8236.376953125,30.039852142333984,0.1907554566860199
Antigua and Barbuda,"Q: What is the capital of Antigua and Barbuda?
A:",qa,11,8784.5556640625,5.324729919433594,0.19155091047286987
Antigua and Barbuda,"Q: What is the capital of Antigua and Barbuda?
A:",qa,12,11599.1630859375,31.440088272094727,0.15441030263900757
Antigua and Barbuda,"Q: What is the capital of Antigua and Barbuda?
A:",qa,13,14419.8701171875,25.32532501220703,0.11795197427272797
Antigua and Barbuda,"Q: What is the capital of Antigua and Barbuda?
A:",qa,14,18018.4609375,46.12943649291992,0.11520244926214218
Antigua and Barbuda,"Q: What is the capital of Antigua and Barbuda?
A:",qa,15,19373.09765625,36.05388641357422,0.09784668684005737
Antigua and Barbuda,"Q: What is the capital of Antigua and Barbuda?
A:",qa,16,25296.224609375,35.81167984008789,0.09047529101371765
Antigua and Barbuda,"Q: What is the capital of Antigua and Barbuda?
A:",qa,17,180.6210479736328,13.531450271606445,0.11719832569360733
Antigua and Barbuda,What is the capital of Antigua and Barbuda? Answer with only the capital city.,chat_template,0,170.7680206298828,167.8924102783203,0.1991923302412033
Antigua and Barbuda,What is the capital of Antigua and Barbuda? Answer with only the capital city.,chat_template,1,783.8047485351562,128.30593872070312,0.17009660601615906
Antigua and Barbuda,What is the capital of Antigua and Barbuda? Answer with only the capital city.,chat_template,2,1043.3177490234375,23.61801528930664,0.16064125299453735
Antigua and Barbuda,What is the capital of Antigua and Barbuda? Answer with only the capital city.,chat_template,3,1396.0726318359375,13.599604606628418,0.19637715816497803
Antigua and Barbuda,What is the capital of Antigua and Barbuda? Answer with only the capital city.,chat_template,4,790.2330932617188,12.268543243408203,0.19457882642745972
Antigua and Barbuda,What is the capital of Antigua and Barbuda? Answer with only the capital city.,chat_template,5,2361.748291015625,19.658010482788086,0.13941219449043274
Antigua and Barbuda,What is the capital of Antigua and Barbuda? Answer with only the capital city.,chat_template,6,3356.111328125,6.819125175476074,0.164676696062088
Antigua and Barbuda,What is the capital of Antigua and Barbuda? Answer with only the capital city.,chat_template,7,4848.2265625,16.19428825378418,0.17169182002544403
Antigua and Barbuda,What is the capital of Antigua and Barbuda? Answer with only the capital city.,chat_template,8,5331.5751953125,18.921146392822266,0.19950783252716064
Antigua and Barbuda,What is the capital of Antigua and Barbuda? Answer with only the capital city.,chat_template,9,5501.41943359375,14.04738998413086,0.1501723825931549
Antigua and Barbuda,What is the capital of Antigua and Barbuda? Answer with only the capital city.,chat_template,10,9066.6591796875,27.292442321777344,0.21962647140026093
Antigua and Barbuda,What is the capital of Antigua and Barbuda? Answer with only the capital city.,chat_template,11,9290.1962890625,3.726412296295166,0.20292583107948303
Antigua and Barbuda,What is the capital of Antigua and Barbuda? Answer with only the capital city.,chat_template,12,12272.4765625,28.32354164123535,0.1577146202325821
Antigua and Barbuda,What is the capital of Antigua and Barbuda? Answer with only the capital city.,chat_template,13,15036.703125,22.745615005493164,0.12600933015346527
Antigua and Barbuda,What is the capital of Antigua and Barbuda? Answer with only the capital city.,chat_template,14,18488.80078125,45.52893829345703,0.12586340308189392
Antigua and Barbuda,What is the capital of Antigua and Barbuda? Answer with only the capital city.,chat_template,15,19438.556640625,32.520816802978516,0.11224199831485748
Antigua and Barbuda,What is the capital of Antigua and Barbuda? Answer with only the capital city.,chat_template,16,26093.06640625,30.471139907836914,0.1155131533741951
Antigua and Barbuda,What is the capital of Antigua and Barbuda? Answer with only the capital city.,chat_template,17,283.59735107421875,9.334373474121094,0.1423667073249817
Argentina,What is the capital of Argentina?,raw_question,0,153.87403869628906,193.18601989746094,0.2556936740875244
Argentina,What is the capital of Argentina?,raw_question,1,1066.9603271484375,105.25019836425781,0.19827046990394592
Argentina,What is the capital of Argentina?,raw_question,2,1300.7642822265625,16.144044876098633,0.160491943359375
Argentina,What is the capital of Argentina?,raw_question,3,1597.2872314453125,13.645854949951172,0.20093278586864471
Argentina,What is the capital of Argentina?,raw_question,4,2348.409912109375,9.78569221496582,0.1840781420469284
Argentina,What is the capital of Argentina?,raw_question,5,2740.239501953125,19.937868118286133,0.14393013715744019
Argentina,What is the capital of Argentina?,raw_question,6,3249.53515625,8.21025562286377,0.15786588191986084
Argentina,What is the capital of Argentina?,raw_question,7,5140.33837890625,16.767940521240234,0.1671922653913498
Argentina,What is the capital of Argentina?,raw_question,8,5984.35791015625,16.331329345703125,0.17015749216079712
Argentina,What is the capital of Argentina?,raw_question,9,5409.47900390625,12.300829887390137,0.13171836733818054
Argentina,What is the capital of Argentina?,raw_question,10,10517.068359375,25.385679244995117,0.1951669603586197
Argentina,What is the capital of Argentina?,raw_question,11,11001.931640625,3.630263328552246,0.1699628233909607
Argentina,What is the capital of Argentina?,raw_question,12,12933.8212890625,27.72298812866211,0.12810342013835907
Argentina,What is the capital of Argentina?,raw_question,13,16349.291015625,25.49114227294922,0.10722892731428146
Argentina,What is the capital of Argentina?,raw_question,14,17308.6796875,44.45786666870117,0.10919088125228882
Argentina,What is the capital of Argentina?,raw_question,15,18463.00390625,35.22403335571289,0.10156195610761642
Argentina,What is the capital of Argentina?,raw_question,16,24842.837890625,40.12358856201172,0.09133807569742203
Argentina,What is the capital of Argentina?,raw_question,17,170.11849975585938,10.420475959777832,0.11780962347984314
Argentina,The capital of Argentina is,declarative,0,131.14183044433594,158.4491729736328,0.214890718460083
Argentina,The capital of Argentina is,declarative,1,856.2781982421875,128.19960021972656,0.2421029657125473
Argentina,The capital of Argentina is,declarative,2,1226.846923828125,22.69718360900879,0.19288912415504456
Argentina,The capital of Argentina is,declarative,3,1621.8092041015625,13.931184768676758,0.22077107429504395
Argentina,The capital of Argentina is,declarative,4,2444.191162109375,10.045472145080566,0.1774076223373413
Argentina,The capital of Argentina is,declarative,5,2821.92333984375,19.791662216186523,0.14508531987667084
Argentina,The capital of Argentina is,declarative,6,3615.7470703125,8.372115135192871,0.16482767462730408
Argentina,The capital of Argentina is,declarative,7,5633.82275390625,17.29080581665039,0.1720016598701477
Argentina,The capital of Argentina is,declarative,8,5413.21923828125,16.41381072998047,0.17295300960540771
Argentina,The capital of Argentina is,declarative,9,5609.1396484375,14.902071952819824,0.13693152368068695
Argentina,The capital of Argentina is,declarative,10,8672.080078125,29.06732749938965,0.20043012499809265
Argentina,The capital of Argentina is,declarative,11,9886.3017578125,5.176311016082764,0.19779270887374878
Argentina,The capital of Argentina is,declarative,12,12274.3056640625,34.19927978515625,0.15426743030548096
Argentina,The capital of Argentina is,declarative,13,15257.7060546875,24.649656295776367,0.12571781873703003
Argentina,The capital of Argentina is,declarative,14,18702.6484375,51.575862884521484,0.12008024007081985
Argentina,The capital of Argentina is,declarative,15,20944.763671875,35.252906799316406,0.10561037063598633
Argentina,The capital of Argentina is,declarative,16,24063.654296875,40.419822692871094,0.10586843639612198
Argentina,The capital of Argentina is,declarative,17,267.5743103027344,10.388513565063477,0.13573673367500305
Argentina,"Q: What is the capital of Argentina?
A:",qa,0,125.57769775390625,161.36575317382812,0.28650394082069397
Argentina,"Q: What is the capital of Argentina?
A:",qa,1,811.9635620117188,148.9459686279297,0.23764373362064362
Argentina,"Q: What is the capital of Argentina?
A:",qa,2,1006.6146240234375,21.430402755737305,0.17536254227161407
Argentina,"Q: What is the capital of Argentina?
A:",qa,3,1812.0220947265625,14.060790061950684,0.22006139159202576
Argentina,"Q: What is the capital of Argentina?
A:",qa,4,2119.884521484375,11.700486183166504,0.17585241794586182
Argentina,"Q: What is the capital of Argentina?
A:",qa,5,3461.002685546875,16.53677749633789,0.15160153806209564
Argentina,"Q: What is the capital of Argentina?
A:",qa,6,3680.26708984375,6.095555782318115,0.15270750224590302
Argentina,"Q: What is the capital of Argentina?
A:",qa,7,4945.43017578125,16.02142333984375,0.1615375578403473
Argentina,"Q: What is the capital of Argentina?
A:",qa,8,5429.18359375,15.240062713623047,0.18989816308021545
Argentina,"Q: What is the capital of Argentina?
A:",qa,9,5165.86572265625,14.947041511535645,0.13635912537574768
Argentina,"Q: What is the capital of Argentina?
A:",qa,10,8234.8662109375,31.199920654296875,0.1912449449300766
Argentina,"Q: What is the capital of Argentina?
A:",qa,11,8812.033203125,5.222415924072266,0.19234994053840637
Argentina,"Q: What is the capital of Argentina?
A:",qa,12,11613.4091796875,32.530174255371094,0.15205936133861542
Argentina,"Q: What is the capital of Argentina?
A:",qa,13,14257.490234375,25.339935302734375,0.11737914383411407
Argentina,"Q: What is the capital of Argentina?
A:",qa,14,17556.912109375,45.81257247924805,0.11459541320800781
Argentina,"Q: What is the capital of Argentina?
A:",qa,15,19447.671875,35.843772888183594,0.09805408120155334
Argentina,"Q: What is the capital of Argentina?
A:",qa,16,24752.59375,38.32330322265625,0.09537988901138306
Argentina,"Q: What is the capital of Argentina?
A:",qa,17,195.51522827148438,11.711493492126465,0.12154928594827652
Argentina,What is the capital of Argentina? Answer with only the capital city.,chat_template,0,171.61569213867188,169.69387817382812,0.2014836072921753
Argentina,What is the capital of Argentina? Answer with only the capital city.,chat_template,1,783.6802368164062,129.11854553222656,0.1703406572341919
Argentina,What is the capital of Argentina? Answer with only the capital city.,chat_template,2,1046.7813720703125,23.302873611450195,0.15937870740890503
Argentina,What is the capital of Argentina? Answer with only the capital city.,chat_template,3,1392.888427734375,13.610021591186523,0.19599249958992004
Argentina,What is the capital of Argentina? Answer with only the capital city.,chat_template,4,794.5990600585938,12.32768440246582,0.19523482024669647
Argentina,What is the capital of Argentina? Answer with only the capital city.,chat_template,5,2375.653076171875,19.87944984436035,0.13946503400802612
Argentina,What is the capital of Argentina? Answer with only the capital city.,chat_template,6,3440.14794921875,6.803318023681641,0.16455644369125366
Argentina,What is the capital of Argentina? Answer with only the capital city.,chat_template,7,4725.18798828125,15.86884880065918,0.17095470428466797
Argentina,What is the capital of Argentina? Answer with only the capital city.,chat_template,8,5216.0048828125,18.5665340423584,0.20035558938980103
Argentina,What is the capital of Argentina? Answer with only the capital city.,chat_template,9,5443.97265625,13.913084030151367,0.14999781548976898
Argentina,What is the capital of Argentina? Answer with only the capital city.,chat_template,10,8941.8515625,27.816909790039062,0.2228640615940094
Argentina,What is the capital of Argentina? Answer with only the capital city.,chat_template,11,9215.150390625,3.882204055786133,0.2053992599248886
Argentina,What is the capital of Argentina? Answer with only the capital city.,chat_template,12,12387.99609375,26.75575828552246,0.15465211868286133
Argentina,What is the capital of Argentina? Answer with only the capital city.,chat_template,13,14940.984375,22.648067474365234,0.12636294960975647
Argentina,What is the capital of Argentina? Answer with only the capital city.,chat_template,14,17826.638671875,47.43119430541992,0.1240772157907486
Argentina,What is the capital of Argentina? Answer with only the capital city.,chat_template,15,20125.990234375,33.12557601928711,0.11531241238117218
Argentina,What is the capital of Argentina? Answer with only the capital city.,chat_template,16,23957.349609375,33.76054382324219,0.12259302288293839
Argentina,What is the capital of Argentina? Answer with only the capital city.,chat_template,17,314.818603515625,10.340486526489258,0.15537631511688232
Armenia,What is the capital of Armenia?,raw_question,0,153.18093872070312,194.66943359375,0.2542118430137634
Armenia,What is the capital of Armenia?,raw_question,1,1063.7020263671875,111.53417205810547,0.19810448586940765
Armenia,What is the capital of Armenia?,raw_question,2,1286.11474609375,16.548431396484375,0.16221818327903748
Armenia,What is the capital of Armenia?,raw_question,3,1614.609375,13.6780366897583,0.20249608159065247
Armenia,What is the capital of Armenia?,raw_question,4,2366.089599609375,10.06539535522461,0.18701986968517303
Armenia,What is the capital of Armenia?,raw_question,5,2776.592041015625,20.226272583007812,0.1437278389930725
Armenia,What is the capital of Armenia?,raw_question,6,3156.894287109375,8.134424209594727,0.15690813958644867
Armenia,What is the capital of Armenia?,raw_question,7,5053.47119140625,16.732542037963867,0.1684710830450058
Armenia,What is the capital of Armenia?,raw_question,8,5896.16796875,16.490964889526367,0.17101401090621948
Armenia,What is the capital of Armenia?,raw_question,9,5324.03759765625,12.137907981872559,0.1333431899547577
Armenia,What is the capital of Armenia?,raw_question,10,10522.232421875,25.060409545898438,0.19474466145038605
Armenia,What is the capital of Armenia?,raw_question,11,10913.591796875,3.575369119644165,0.1691729724407196
Armenia,What is the capital of Armenia?,raw_question,12,13088.08203125,27.717342376708984,0.12890252470970154
Armenia,What is the capital of Armenia?,raw_question,13,16336.736328125,26.49493980407715,0.10582846403121948
Armenia,What is the capital of Armenia?,raw_question,14,17345.3984375,46.22279739379883,0.10816124081611633
Armenia,What is the capital of Armenia?,raw_question,15,18317.091796875,34.03838348388672,0.10057429224252701
Armenia,What is the capital of Armenia?,raw_question,16,24782.6171875,39.242000579833984,0.08953477442264557
Armenia,What is the capital of Armenia?,raw_question,17,165.27281188964844,10.955333709716797,0.11759338527917862
Armenia,The capital of Armenia is,declarative,0,132.23048400878906,159.09466552734375,0.2130601704120636
Armenia,The capital of Armenia is,declarative,1,859.4781494140625,133.28016662597656,0.24235570430755615
Armenia,The capital of Armenia is,declarative,2,1217.76904296875,22.87221336364746,0.19257953763008118
Armenia,The capital of Armenia is,declarative,3,1618.687255859375,13.867915153503418,0.21899990737438202
Armenia,The capital of Armenia is,declarative,4,2466.499755859375,10.321624755859375,0.18290725350379944
Armenia,The capital of Armenia is,declarative,5,2841.349365234375,20.126508712768555,0.14530816674232483
Armenia,The capital of Armenia is,declarative,6,3498.377685546875,8.35427188873291,0.16366688907146454
Armenia,The capital of Armenia is,declarative,7,5620.11865234375,17.21768569946289,0.17194199562072754
Armenia,The capital of Armenia is,declarative,8,5417.9521484375,16.29728126525879,0.17383885383605957
Armenia,The capital of Armenia is,declarative,9,5549.61572265625,14.469146728515625,0.13877709209918976
Armenia,The capital of Armenia is,declarative,10,8514.5947265625,29.829402923583984,0.19609412550926208
Armenia,The capital of Armenia is,declarative,11,9573.900390625,5.099981307983398,0.19408342242240906
Armenia,The capital of Armenia is,declarative,12,12399.7763671875,34.88764190673828,0.1601717174053192
Armenia,The capital of Armenia is,declarative,13,15468.1943359375,23.900251388549805,0.1261947751045227
Armenia,The capital of Armenia is,declarative,14,19290.96875,52.92892837524414,0.12010063976049423
Armenia,The capital of Armenia is,declarative,15,20532.484375,38.329410552978516,0.10181712359189987
Armenia,The capital of Armenia is,declarative,16,24063.546875,38.14346694946289,0.0995500236749649
Armenia,The capital of Armenia is,declarative,17,258.3899841308594,10.077919960021973,0.13320188224315643
Armenia,"Q: What is the capital of Armenia?
A:",qa,0,126.22935485839844,161.57460021972656,0.2861921191215515
Armenia,"Q: What is the capital of Armenia?
A:",qa,1,808.30908203125,149.74673461914062,0.2368582785129547
Armenia,"Q: What is the capital of Armenia?
A:",qa,2,1006.0810546875,21.184419631958008,0.17376744747161865
Armenia,"Q: What is the capital of Armenia?
A:",qa,3,1812.1727294921875,14.042978286743164,0.21926791965961456
Armenia,"Q: What is the capital of Armenia?
A:",qa,4,2115.793701171875,11.569849967956543,0.1763564646244049
Armenia,"Q: What is the capital of Armenia?
A:",qa,5,3490.837158203125,16.72400665283203,0.15267372131347656
Armenia,"Q: What is the capital of Armenia?
A:",qa,6,3683.8916015625,6.316314220428467,0.15334461629390717
Armenia,"Q: What is the capital of Armenia?
A:",qa,7,4922.58837890625,15.979907989501953,0.16095228493213654
Armenia,"Q: What is the capital of Armenia?
A:",qa,8,5464.05517578125,15.05369758605957,0.18840539455413818
Armenia,"Q: What is the capital of Armenia?
A:",qa,9,5196.373046875,14.649283409118652,0.13566693663597107
Armenia,"Q: What is the capital of Armenia?
A:",qa,10,8331.005859375,30.817136764526367,0.1909380555152893
Armenia,"Q: What is the capital of Armenia?
A:",qa,11,8770.6220703125,5.131222724914551,0.1917240470647812
Armenia,"Q: What is the capital of Armenia?
A:",qa,12,12330.0458984375,38.109004974365234,0.15750214457511902
Armenia,"Q: What is the capital of Armenia?
A:",qa,13,14543.55078125,25.276342391967773,0.11662235856056213
Armenia,"Q: What is the capital of Armenia?
A:",qa,14,18297.802734375,48.08529281616211,0.11600123345851898
Armenia,"Q: What is the capital of Armenia?
A:",qa,15,19377.822265625,38.256656646728516,0.09730726480484009
Armenia,"Q: What is the capital of Armenia?
A:",qa,16,24845.060546875,37.13029861450195,0.09226935356855392
Armenia,"Q: What is the capital of Armenia?
A:",qa,17,198.5570831298828,13.106242179870605,0.12122448533773422
Armenia,What is the capital of Armenia? Answer with only the capital city.,chat_template,0,172.28538513183594,169.3888702392578,0.20178160071372986
Armenia,What is the capital of Armenia? Answer with only the capital city.,chat_template,1,783.7063598632812,129.0915069580078,0.17103952169418335
Armenia,What is the capital of Armenia? Answer with only the capital city.,chat_template,2,1043.193115234375,23.5042724609375,0.16015546023845673
Armenia,What is the capital of Armenia? Answer with only the capital city.,chat_template,3,1391.466064453125,13.628920555114746,0.19632914662361145
Armenia,What is the capital of Armenia? Answer with only the capital city.,chat_template,4,792.3245239257812,12.200200080871582,0.19496893882751465
Armenia,What is the capital of Armenia? Answer with only the capital city.,chat_template,5,2375.473876953125,19.773643493652344,0.13912919163703918
Armenia,What is the capital of Armenia? Answer with only the capital city.,chat_template,6,3431.983642578125,6.814645767211914,0.1644085943698883
Armenia,What is the capital of Armenia? Answer with only the capital city.,chat_template,7,4752.419921875,15.752466201782227,0.1699402630329132
Armenia,What is the capital of Armenia? Answer with only the capital city.,chat_template,8,5296.5439453125,18.443742752075195,0.20073899626731873
Armenia,What is the capital of Armenia? Answer with only the capital city.,chat_template,9,5559.76513671875,13.974355697631836,0.1497006118297577
Armenia,What is the capital of Armenia? Answer with only the capital city.,chat_template,10,9009.318359375,26.940120697021484,0.22046424448490143
Armenia,What is the capital of Armenia? Answer with only the capital city.,chat_template,11,9242.1142578125,3.9497342109680176,0.20281115174293518
Armenia,What is the capital of Armenia? Answer with only the capital city.,chat_template,12,13222.26953125,31.475078582763672,0.16221682727336884
Armenia,What is the capital of Armenia? Answer with only the capital city.,chat_template,13,15799.494140625,22.604427337646484,0.12450330704450607
Armenia,What is the capital of Armenia? Answer with only the capital city.,chat_template,14,19286.150390625,47.16626739501953,0.12125562131404877
Armenia,What is the capital of Armenia? Answer with only the capital city.,chat_template,15,19262.39453125,35.86142349243164,0.10735561698675156
Armenia,What is the capital of Armenia? Answer with only the capital city.,chat_template,16,22925.94921875,31.71182632446289,0.11383209377527237
Armenia,What is the capital of Armenia? Answer with only the capital city.,chat_template,17,307.9273376464844,9.85006332397461,0.15393707156181335
Australia,What is the capital of Australia?,raw_question,0,155.04461669921875,191.05657958984375,0.2578349709510803
Australia,What is the capital of Australia?,raw_question,1,1071.2626953125,104.39253997802734,0.1977827250957489
Australia,What is the capital of Australia?,raw_question,2,1301.31982421875,16.16065216064453,0.16129758954048157
Australia,What is the capital of Australia?,raw_question,3,1594.65869140625,13.653960227966309,0.2004132866859436
Australia,What is the capital of Australia?,raw_question,4,2270.727783203125,9.916727066040039,0.18232232332229614
Australia,What is the capital of Australia?,raw_question,5,2681.9033203125,20.256080627441406,0.14345434308052063
Australia,What is the capital of Australia?,raw_question,6,3358.346435546875,8.38201904296875,0.15944640338420868
Australia,What is the capital of Australia?,raw_question,7,5149.849609375,16.865177154541016,0.16755113005638123
Australia,What is the capital of Australia?,raw_question,8,5964.29833984375,16.26958656311035,0.17003193497657776
Australia,What is the capital of Australia?,raw_question,9,5334.796875,12.2578763961792,0.13322961330413818
Australia,What is the capital of Australia?,raw_question,10,10458.7392578125,25.622173309326172,0.1957237720489502
Australia,What is the capital of Australia?,raw_question,11,10894.48046875,3.4725754261016846,0.17077592015266418
Australia,What is the capital of Australia?,raw_question,12,13032.001953125,28.461503982543945,0.1283847689628601
Australia,What is the capital of Australia?,raw_question,13,16595.01953125,24.856779098510742,0.10581335425376892
Australia,What is the capital of Australia?,raw_question,14,17556.1015625,43.326847076416016,0.10776340216398239
Australia,What is the capital of Australia?,raw_question,15,18563.951171875,33.10178756713867,0.09992341697216034
Australia,What is the capital of Australia?,raw_question,16,24731.220703125,38.4679069519043,0.09094616770744324
Australia,What is the capital of Australia?,raw_question,17,163.873291015625,10.783731460571289,0.12064298242330551
Australia,The capital of Australia is,declarative,0,131.70521545410156,160.04104614257812,0.2124442607164383
Australia,The capital of Australia is,declarative,1,866.6622924804688,125.50951385498047,0.23904651403427124
Australia,The capital of Australia is,declarative,2,1225.863525390625,21.788990020751953,0.19072303175926208
Australia,The capital of Australia is,declarative,3,1612.2669677734375,14.06265640258789,0.21935755014419556
Australia,The capital of Australia is,declarative,4,2396.093017578125,10.027371406555176,0.17619232833385468
Australia,The capital of Australia is,declarative,5,2812.490234375,20.256128311157227,0.14443501830101013
Australia,The capital of Australia is,declarative,6,3640.521484375,8.677313804626465,0.1647956371307373
Australia,The capital of Australia is,declarative,7,5700.62841796875,17.808263778686523,0.17201246321201324
Australia,The capital of Australia is,declarative,8,5420.376953125,16.694923400878906,0.17167361080646515
Australia,The capital of Australia is,declarative,9,5526.16064453125,14.796375274658203,0.13757455348968506
Australia,The capital of Australia is,declarative,10,8548.138671875,28.898578643798828,0.19872170686721802
Australia,The capital of Australia is,declarative,11,9831.021484375,5.015054702758789,0.19968557357788086
Australia,The capital of Australia is,declarative,12,12344.5771484375,34.75395584106445,0.15416087210178375
Australia,The capital of Australia is,declarative,13,15912.5556640625,24.387094497680664,0.12439298629760742
Australia,The capital of Australia is,declarative,14,19230.91796875,50.39108657836914,0.11866072565317154
Australia,The capital of Australia is,declarative,15,20154.982421875,33.28390884399414,0.10399189591407776
Australia,The capital of Australia is,declarative,16,24094.2265625,38.956573486328125,0.10182274878025055
Australia,The capital of Australia is,declarative,17,221.0401611328125,9.971112251281738,0.13458091020584106
Australia,"Q: What is the capital of Australia?
A:",qa,0,126.17498779296875,161.4673309326172,0.2868492007255554
Australia,"Q: What is the capital of Australia?
A:",qa,1,812.9163208007812,145.19332885742188,0.2364768385887146
Australia,"Q: What is the capital of Australia?
A:",qa,2,1007.090576171875,21.243167877197266,0.17417238652706146
Australia,"Q: What is the capital of Australia?
A:",qa,3,1790.6666259765625,14.061982154846191,0.2193911373615265
Australia,"Q: What is the capital of Australia?
A:",qa,4,2109.0458984375,11.500298500061035,0.1754976361989975
Australia,"Q: What is the capital of Australia?
A:",qa,5,3472.474853515625,16.577392578125,0.15272587537765503
Australia,"Q: What is the capital of Australia?
A:",qa,6,3767.11279296875,6.30145263671875,0.1539846956729889
Australia,"Q: What is the capital of Australia?
A:",qa,7,4977.62744140625,16.254928588867188,0.16274341940879822
Australia,"Q: What is the capital of Australia?
A:",qa,8,5518.10400390625,15.457493782043457,0.19136300683021545
Australia,"Q: What is the capital of Australia?
A:",qa,9,5252.2626953125,15.170793533325195,0.1357826143503189
Australia,"Q: What is the capital of Australia?
A:",qa,10,8326.994140625,31.287511825561523,0.18837150931358337
Australia,"Q: What is the capital of Australia?
A:",qa,11,8927.6552734375,5.110260009765625,0.19016507267951965
Australia,"Q: What is the capital of Australia?
A:",qa,12,11930.62109375,33.11407470703125,0.1482442319393158
Australia,"Q: What is the capital of Australia?
A:",qa,13,14877.3896484375,24.46390724182129,0.11187050491571426
Australia,"Q: What is the capital of Australia?
A:",qa,14,18113.15234375,45.264957427978516,0.1117626428604126
Australia,"Q: What is the capital of Australia?
A:",qa,15,19075.62890625,33.829280853271484,0.0961870327591896
Australia,"Q: What is the capital of Australia?
A:",qa,16,24774.697265625,35.91932678222656,0.09081637859344482
Australia,"Q: What is the capital of Australia?
A:",qa,17,170.01246643066406,11.747366905212402,0.11978518962860107
Australia,What is the capital of Australia? Answer with only the capital city.,chat_template,0,172.08863830566406,169.31517028808594,0.20183563232421875
Australia,What is the capital of Australia? Answer with only the capital city.,chat_template,1,787.0374145507812,128.50486755371094,0.16995981335639954
Australia,What is the capital of Australia? Answer with only the capital city.,chat_template,2,1046.8519287109375,23.36962890625,0.15936750173568726
Australia,What is the capital of Australia? Answer with only the capital city.,chat_template,3,1397.83203125,13.635272979736328,0.19470877945423126
Australia,What is the capital of Australia? Answer with only the capital city.,chat_template,4,801.3461303710938,12.317317008972168,0.19393174350261688
Australia,What is the capital of Australia? Answer with only the capital city.,chat_template,5,2382.48095703125,19.898845672607422,0.1392083466053009
Australia,What is the capital of Australia? Answer with only the capital city.,chat_template,6,3466.914794921875,6.8418779373168945,0.16495390236377716
Australia,What is the capital of Australia? Answer with only the capital city.,chat_template,7,4816.92626953125,15.978922843933105,0.17185696959495544
Australia,What is the capital of Australia? Answer with only the capital city.,chat_template,8,5273.90185546875,18.65163230895996,0.19872324168682098
Australia,What is the capital of Australia? Answer with only the capital city.,chat_template,9,5475.388671875,14.065034866333008,0.1500396579504013
Australia,What is the capital of Australia? Answer with only the capital city.,chat_template,10,9002.2783203125,28.160276412963867,0.22323086857795715
Australia,What is the capital of Australia? Answer with only the capital city.,chat_template,11,9618.94921875,3.9805054664611816,0.2050514817237854
Australia,What is the capital of Australia? Answer with only the capital city.,chat_template,12,12753.3447265625,28.485891342163086,0.14949676394462585
Australia,What is the capital of Australia? Answer with only the capital city.,chat_template,13,16257.62890625,22.36192512512207,0.11986881494522095
Australia,What is the capital of Australia? Answer with only the capital city.,chat_template,14,18595.453125,43.566131591796875,0.12343071401119232
Australia,What is the capital of Australia? Answer with only the capital city.,chat_template,15,18241.173828125,30.504812240600586,0.11631900817155838
Australia,What is the capital of Australia? Answer with only the capital city.,chat_template,16,24400.171875,27.591922760009766,0.12165773659944534
Australia,What is the capital of Australia? Answer with only the capital city.,chat_template,17,300.58245849609375,9.48953914642334,0.154902845621109
Austria,What is the capital of Austria?,raw_question,0,155.05789184570312,190.8691864013672,0.2580614686012268
Austria,What is the capital of Austria?,raw_question,1,1067.583984375,104.50082397460938,0.19824202358722687
Austria,What is the capital of Austria?,raw_question,2,1301.28564453125,16.081308364868164,0.16178300976753235
Austria,What is the capital of Austria?,raw_question,3,1596.4854736328125,13.681995391845703,0.20042306184768677
Austria,What is the capital of Austria?,raw_question,4,2380.478515625,9.653640747070312,0.18404605984687805
Austria,What is the capital of Austria?,raw_question,5,2783.694580078125,19.89519691467285,0.14450876414775848
Austria,What is the capital of Austria?,raw_question,6,3263.14453125,8.458879470825195,0.15771545469760895
Austria,What is the capital of Austria?,raw_question,7,5085.5751953125,16.59126091003418,0.16743232309818268
Austria,What is the capital of Austria?,raw_question,8,5840.02685546875,16.43679428100586,0.1695035994052887
Austria,What is the capital of Austria?,raw_question,9,5318.357421875,12.191798210144043,0.13207846879959106
Austria,What is the capital of Austria?,raw_question,10,10387.875,25.583810806274414,0.19674372673034668
Austria,What is the capital of Austria?,raw_question,11,10779.2578125,3.617703437805176,0.17142397165298462
Austria,What is the capital of Austria?,raw_question,12,12960.4013671875,27.838836669921875,0.1313590705394745
Austria,What is the capital of Austria?,raw_question,13,16219.666015625,26.670427322387695,0.1083407998085022
Austria,What is the capital of Austria?,raw_question,14,17431.58203125,45.85340881347656,0.11067359149456024
Austria,What is the capital of Austria?,raw_question,15,18445.82421875,36.068397521972656,0.09973170608282089
Austria,What is the capital of Austria?,raw_question,16,24930.96484375,39.44589614868164,0.09006553888320923
Austria,What is the capital of Austria?,raw_question,17,162.68592834472656,11.164970397949219,0.11883621662855148
Austria,The capital of Austria is,declarative,0,133.11215209960938,155.77357482910156,0.21670348942279816
Austria,The capital of Austria is,declarative,1,864.1873168945312,127.1446762084961,0.24137040972709656
Austria,The capital of Austria is,declarative,2,1211.3055419921875,21.870471954345703,0.19102846086025238
Austria,The capital of Austria is,declarative,3,1592.378662109375,14.226455688476562,0.2192227840423584
Austria,The capital of Austria is,declarative,4,2445.992431640625,9.774356842041016,0.1766015887260437
Austria,The capital of Austria is,declarative,5,2863.6943359375,19.57073402404785,0.14634910225868225
Austria,The capital of Austria is,declarative,6,3620.177734375,8.658147811889648,0.16420355439186096
Austria,The capital of Austria is,declarative,7,5692.9033203125,17.335384368896484,0.17142684757709503
Austria,The capital of Austria is,declarative,8,5413.96435546875,16.675504684448242,0.17280754446983337
Austria,The capital of Austria is,declarative,9,5549.92529296875,14.403608322143555,0.13645218312740326
Austria,The capital of Austria is,declarative,10,8612.5419921875,30.09634780883789,0.19937372207641602
Austria,The capital of Austria is,declarative,11,9877.4990234375,5.247045993804932,0.19771534204483032
Austria,The capital of Austria is,declarative,12,12246.4765625,39.31776428222656,0.16068214178085327
Austria,The capital of Austria is,declarative,13,15236.8544921875,24.89999771118164,0.12703785300254822
Austria,The capital of Austria is,declarative,14,18934.64453125,51.4776611328125,0.11997330188751221
Austria,The capital of Austria is,declarative,15,20471.767578125,37.14907455444336,0.10359998792409897
Austria,The capital of Austria is,declarative,16,23800.79296875,41.32286071777344,0.10608255863189697
Austria,The capital of Austria is,declarative,17,265.1450500488281,11.139206886291504,0.13597604632377625
Austria,"Q: What is the capital of Austria?
A:",qa,0,125.85401153564453,161.1886749267578,0.2876030504703522
Austria,"Q: What is the capital of Austria?
A:",qa,1,812.8126220703125,147.99778747558594,0.23655077815055847
Austria,"Q: What is the capital of Austria?
A:",qa,2,1010.733642578125,21.463253021240234,0.1746472716331482
Austria,"Q: What is the capital of Austria?
A:",qa,3,1813.4547119140625,14.038469314575195,0.2185446321964264
Austria,"Q: What is the capital of Austria?
A:",qa,4,2134.506591796875,11.558870315551758,0.17553631961345673
Austria,"Q: What is the capital of Austria?
A:",qa,5,3450.9912109375,16.621915817260742,0.15223240852355957
Austria,"Q: What is the capital of Austria?
A:",qa,6,3670.654541015625,6.294025897979736,0.15324831008911133
Austria,"Q: What is the capital of Austria?
A:",qa,7,4923.29931640625,15.95576000213623,0.16046850383281708
Austria,"Q: What is the capital of Austria?
A:",qa,8,5381.04638671875,15.401930809020996,0.18940682709217072
Austria,"Q: What is the capital of Austria?
A:",qa,9,5170.13037109375,14.942496299743652,0.1356658786535263
Austria,"Q: What is the capital of Austria?
A:",qa,10,8264.4970703125,31.300134658813477,0.18946605920791626
Austria,"Q: What is the capital of Austria?
A:",qa,11,8763.83203125,5.150442123413086,0.19061341881752014
Austria,"Q: What is the capital of Austria?
A:",qa,12,11652.0498046875,36.285335540771484,0.15461167693138123
Austria,"Q: What is the capital of Austria?
A:",qa,13,14302.9296875,26.634639739990234,0.11558964848518372
Austria,"Q: What is the capital of Austria?
A:",qa,14,18102.802734375,47.2384033203125,0.11350330710411072
Austria,"Q: What is the capital of Austria?
A:",qa,15,19402.69921875,38.53315734863281,0.09526335448026657
Austria,"Q: What is the capital of Austria?
A:",qa,16,25503.923828125,37.18547821044922,0.09216552972793579
Austria,"Q: What is the capital of Austria?
A:",qa,17,190.1960906982422,13.28963851928711,0.11736081540584564
Austria,What is the capital of Austria? Answer with only the capital city.,chat_template,0,172.43917846679688,168.83314514160156,0.20220047235488892
Austria,What is the capital of Austria? Answer with only the capital city.,chat_template,1,786.9965209960938,128.3655242919922,0.16994939744472504
Austria,What is the capital of Austria? Answer with only the capital city.,chat_template,2,1054.197509765625,23.58544921875,0.15932802855968475
Austria,What is the capital of Austria? Answer with only the capital city.,chat_template,3,1385.170166015625,13.64699935913086,0.19459596276283264
Austria,What is the capital of Austria? Answer with only the capital city.,chat_template,4,794.001708984375,12.314043045043945,0.19450750946998596
Austria,What is the capital of Austria? Answer with only the capital city.,chat_template,5,2373.031494140625,19.74568748474121,0.1396753489971161
Austria,What is the capital of Austria? Answer with only the capital city.,chat_template,6,3447.982177734375,6.801828861236572,0.16431191563606262
Austria,What is the capital of Austria? Answer with only the capital city.,chat_template,7,4692.43505859375,16.01007080078125,0.17034894227981567
Austria,What is the capital of Austria? Answer with only the capital city.,chat_template,8,5217.22509765625,18.60222625732422,0.2001798301935196
Austria,What is the capital of Austria? Answer with only the capital city.,chat_template,9,5475.763671875,13.924363136291504,0.14995883405208588
Austria,What is the capital of Austria? Answer with only the capital city.,chat_template,10,9001.6396484375,27.64470100402832,0.2210570126771927
Austria,What is the capital of Austria? Answer with only the capital city.,chat_template,11,9267.3740234375,3.9601998329162598,0.20103444159030914
Austria,What is the capital of Austria? Answer with only the capital city.,chat_template,12,12658.4775390625,32.44804382324219,0.15576638281345367
Austria,What is the capital of Austria? Answer with only the capital city.,chat_template,13,15194.7939453125,22.938535690307617,0.12559330463409424
Austria,What is the capital of Austria? Answer with only the capital city.,chat_template,14,19185.25390625,46.57276153564453,0.12541957199573517
Austria,What is the capital of Austria? Answer with only the capital city.,chat_template,15,19805.078125,35.12133026123047,0.11096809804439545
Austria,What is the capital of Austria? Answer with only the capital city.,chat_template,16,23855.546875,35.478492736816406,0.12394751608371735
Austria,What is the capital of Austria? Answer with only the capital city.,chat_template,17,306.4655456542969,11.482829093933105,0.15559762716293335
Azerbaijan,What is the capital of Azerbaijan?,raw_question,0,154.48512268066406,191.97161865234375,0.2571134567260742
Azerbaijan,What is the capital of Azerbaijan?,raw_question,1,1067.534423828125,106.5680923461914,0.19737783074378967
Azerbaijan,What is the capital of Azerbaijan?,raw_question,2,1301.51611328125,15.944805145263672,0.16122590005397797
Azerbaijan,What is the capital of Azerbaijan?,raw_question,3,1613.2867431640625,13.55939769744873,0.20164048671722412
Azerbaijan,What is the capital of Azerbaijan?,raw_question,4,2286.78173828125,10.413809776306152,0.18723255395889282
Azerbaijan,What is the capital of Azerbaijan?,raw_question,5,2668.812255859375,19.94289779663086,0.14363136887550354
Azerbaijan,What is the capital of Azerbaijan?,raw_question,6,3216.861083984375,8.407663345336914,0.15922501683235168
Azerbaijan,What is the capital of Azerbaijan?,raw_question,7,5142.93798828125,16.617212295532227,0.1694687008857727
Azerbaijan,What is the capital of Azerbaijan?,raw_question,8,5931.90673828125,16.345897674560547,0.17109768092632294
Azerbaijan,What is the capital of Azerbaijan?,raw_question,9,5389.4658203125,12.013154983520508,0.1342952847480774
Azerbaijan,What is the capital of Azerbaijan?,raw_question,10,10644.302734375,25.02389907836914,0.1963179111480713
Azerbaijan,What is the capital of Azerbaijan?,raw_question,11,10938.408203125,3.5344696044921875,0.17071834206581116
Azerbaijan,What is the capital of Azerbaijan?,raw_question,12,13017.912109375,27.216218948364258,0.12862852215766907
Azerbaijan,What is the capital of Azerbaijan?,raw_question,13,16243.7041015625,25.6809024810791,0.10639214515686035
Azerbaijan,What is the capital of Azerbaijan?,raw_question,14,17317.326171875,46.283565521240234,0.10748197138309479
Azerbaijan,What is the capital of Azerbaijan?,raw_question,15,18376.744140625,34.46388626098633,0.10009996592998505
Azerbaijan,What is the capital of Azerbaijan?,raw_question,16,24849.916015625,39.1801643371582,0.08973827213048935
Azerbaijan,What is the capital of Azerbaijan?,raw_question,17,165.98118591308594,10.609485626220703,0.11758457124233246
Azerbaijan,The capital of Azerbaijan is,declarative,0,132.69952392578125,157.13961791992188,0.21528559923171997
Azerbaijan,The capital of Azerbaijan is,declarative,1,863.1739501953125,129.10574340820312,0.24097877740859985
Azerbaijan,The capital of Azerbaijan is,declarative,2,1203.438232421875,21.39082908630371,0.19068074226379395
Azerbaijan,The capital of Azerbaijan is,declarative,3,1624.7115478515625,14.093122482299805,0.22045433521270752
Azerbaijan,The capital of Azerbaijan is,declarative,4,2417.556640625,10.753857612609863,0.18231931328773499
Azerbaijan,The capital of Azerbaijan is,declarative,5,2787.2666015625,19.711511611938477,0.14559613168239594
Azerbaijan,The capital of Azerbaijan is,declarative,6,3617.08203125,8.467440605163574,0.16771988570690155
Azerbaijan,The capital of Azerbaijan is,declarative,7,5727.85498046875,16.951101303100586,0.1728832870721817
Azerbaijan,The capital of Azerbaijan is,declarative,8,5439.81884765625,16.246877670288086,0.17372554540634155
Azerbaijan,The capital of Azerbaijan is,declarative,9,5696.25537109375,14.37990665435791,0.13879413902759552
Azerbaijan,The capital of Azerbaijan is,declarative,10,8731.9150390625,29.46758270263672,0.19828155636787415
Azerbaijan,The capital of Azerbaijan is,declarative,11,9857.6083984375,5.178922176361084,0.19404570758342743
Azerbaijan,The capital of Azerbaijan is,declarative,12,12808.3359375,35.71815872192383,0.1616988331079483
Azerbaijan,The capital of Azerbaijan is,declarative,13,15620.42578125,24.205711364746094,0.12698650360107422
Azerbaijan,The capital of Azerbaijan is,declarative,14,19453.01171875,52.040096282958984,0.12138904631137848
Azerbaijan,The capital of Azerbaijan is,declarative,15,21011.712890625,38.74617385864258,0.10330414772033691
Azerbaijan,The capital of Azerbaijan is,declarative,16,23648.8828125,38.12544631958008,0.10427945107221603
Azerbaijan,The capital of Azerbaijan is,declarative,17,268.1482849121094,9.869697570800781,0.13665863871574402
Azerbaijan,"Q: What is the capital of Azerbaijan?
A:",qa,0,125.55350494384766,162.55050659179688,0.2843168079853058
Azerbaijan,"Q: What is the capital of Azerbaijan?
A:",qa,1,812.0427856445312,149.57843017578125,0.23783212900161743
Azerbaijan,"Q: What is the capital of Azerbaijan?
A:",qa,2,999.2589721679688,21.011089324951172,0.17448782920837402
Azerbaijan,"Q: What is the capital of Azerbaijan?
A:",qa,3,1819.7769775390625,14.108292579650879,0.21976780891418457
Azerbaijan,"Q: What is the capital of Azerbaijan?
A:",qa,4,2095.01611328125,11.617131233215332,0.17645645141601562
Azerbaijan,"Q: What is the capital of Azerbaijan?
A:",qa,5,3506.692626953125,16.560989379882812,0.15279977023601532
Azerbaijan,"Q: What is the capital of Azerbaijan?
A:",qa,6,3751.6943359375,6.314455986022949,0.15272223949432373
Azerbaijan,"Q: What is the capital of Azerbaijan?
A:",qa,7,4909.0361328125,15.878174781799316,0.15945854783058167
Azerbaijan,"Q: What is the capital of Azerbaijan?
A:",qa,8,5450.892578125,15.265846252441406,0.18811854720115662
Azerbaijan,"Q: What is the capital of Azerbaijan?
A:",qa,9,5244.53955078125,14.605262756347656,0.13462421298027039
Azerbaijan,"Q: What is the capital of Azerbaijan?
A:",qa,10,8352.892578125,30.590797424316406,0.18808841705322266
Azerbaijan,"Q: What is the capital of Azerbaijan?
A:",qa,11,8827.1689453125,5.144998073577881,0.19105170667171478
Azerbaijan,"Q: What is the capital of Azerbaijan?
A:",qa,12,12406.62109375,36.01258087158203,0.1579914540052414
Azerbaijan,"Q: What is the capital of Azerbaijan?
A:",qa,13,14714.220703125,25.447946548461914,0.11825301498174667
Azerbaijan,"Q: What is the capital of Azerbaijan?
A:",qa,14,18530.44921875,48.27755355834961,0.11663593351840973
Azerbaijan,"Q: What is the capital of Azerbaijan?
A:",qa,15,19721.29296875,37.59319305419922,0.09953658282756805
Azerbaijan,"Q: What is the capital of Azerbaijan?
A:",qa,16,25059.734375,37.224979400634766,0.09498363733291626
Azerbaijan,"Q: What is the capital of Azerbaijan?
A:",qa,17,195.24984741210938,10.726604461669922,0.12212710082530975
Azerbaijan,What is the capital of Azerbaijan? Answer with only the capital city.,chat_template,0,172.2321014404297,169.5977020263672,0.20191499590873718
Azerbaijan,What is the capital of Azerbaijan? Answer with only the capital city.,chat_template,1,783.667724609375,128.24560546875,0.17099282145500183
Azerbaijan,What is the capital of Azerbaijan? Answer with only the capital city.,chat_template,2,1039.492431640625,23.697864532470703,0.16074120998382568
Azerbaijan,What is the capital of Azerbaijan? Answer with only the capital city.,chat_template,3,1385.0469970703125,13.604667663574219,0.19568085670471191
Azerbaijan,What is the capital of Azerbaijan? Answer with only the capital city.,chat_template,4,788.2345581054688,12.306095123291016,0.19572487473487854
Azerbaijan,What is the capital of Azerbaijan? Answer with only the capital city.,chat_template,5,2366.99072265625,19.77857780456543,0.1393420696258545
Azerbaijan,What is the capital of Azerbaijan? Answer with only the capital city.,chat_template,6,3439.975341796875,6.770054340362549,0.16449247300624847
Azerbaijan,What is the capital of Azerbaijan? Answer with only the capital city.,chat_template,7,4758.36083984375,15.89759349822998,0.1710427701473236
Azerbaijan,What is the capital of Azerbaijan? Answer with only the capital city.,chat_template,8,5274.74755859375,18.558107376098633,0.20152434706687927
Azerbaijan,What is the capital of Azerbaijan? Answer with only the capital city.,chat_template,9,5504.3310546875,14.025444030761719,0.15087248384952545
Azerbaijan,What is the capital of Azerbaijan? Answer with only the capital city.,chat_template,10,9005.845703125,27.1831111907959,0.22185613214969635
Azerbaijan,What is the capital of Azerbaijan? Answer with only the capital city.,chat_template,11,9320.7568359375,3.9039928913116455,0.20380017161369324
Azerbaijan,What is the capital of Azerbaijan? Answer with only the capital city.,chat_template,12,13794.83984375,28.679704666137695,0.1626141518354416
Azerbaijan,What is the capital of Azerbaijan? Answer with only the capital city.,chat_template,13,15832.7919921875,22.468473434448242,0.1260092407464981
Azerbaijan,What is the capital of Azerbaijan? Answer with only the capital city.,chat_template,14,19016.958984375,47.32872009277344,0.12186781316995621
Azerbaijan,What is the capital of Azerbaijan? Answer with only the capital city.,chat_template,15,19438.880859375,34.99597930908203,0.10926514863967896
Azerbaijan,What is the capital of Azerbaijan? Answer with only the capital city.,chat_template,16,22940.517578125,31.15504264831543,0.11479036509990692
Azerbaijan,What is the capital of Azerbaijan? Answer with only the capital city.,chat_template,17,298.55206298828125,9.054444313049316,0.15143969655036926
Bahamas,What is the capital of Bahamas?,raw_question,0,154.43939208984375,193.7395782470703,0.25716227293014526
Bahamas,What is the capital of Bahamas?,raw_question,1,1063.9359130859375,104.7441177368164,0.19811208546161652
Bahamas,What is the capital of Bahamas?,raw_question,2,1301.4276123046875,15.951705932617188,0.16066361963748932
Bahamas,What is the capital of Bahamas?,raw_question,3,1589.6708984375,13.864970207214355,0.2001502811908722
Bahamas,What is the capital of Bahamas?,raw_question,4,2394.62841796875,9.766660690307617,0.18550166487693787
Bahamas,What is the capital of Bahamas?,raw_question,5,2724.884521484375,19.807340621948242,0.14352455735206604
Bahamas,What is the capital of Bahamas?,raw_question,6,3369.39306640625,8.2870454788208,0.15822634100914001
Bahamas,What is the capital of Bahamas?,raw_question,7,5054.75830078125,16.519498825073242,0.16778051853179932
Bahamas,What is the capital of Bahamas?,raw_question,8,5840.93115234375,15.891145706176758,0.16949892044067383
Bahamas,What is the capital of Bahamas?,raw_question,9,5267.7314453125,11.990605354309082,0.13396725058555603
Bahamas,What is the capital of Bahamas?,raw_question,10,10328.0126953125,24.934589385986328,0.19651825726032257
Bahamas,What is the capital of Bahamas?,raw_question,11,10849.2509765625,3.572516918182373,0.1733737289905548
Bahamas,What is the capital of Bahamas?,raw_question,12,13037.2900390625,26.45187759399414,0.1295660138130188
Bahamas,What is the capital of Bahamas?,raw_question,13,16529.083984375,26.060083389282227,0.10701560974121094
Bahamas,What is the capital of Bahamas?,raw_question,14,17481.42578125,44.10493087768555,0.11058689653873444
Bahamas,What is the capital of Bahamas?,raw_question,15,18658.76171875,33.54434585571289,0.1026453822851181
Bahamas,What is the capital of Bahamas?,raw_question,16,24926.294921875,39.360870361328125,0.09418930858373642
Bahamas,What is the capital of Bahamas?,raw_question,17,161.9041748046875,10.201196670532227,0.1231013834476471
Bahamas,The capital of Bahamas is,declarative,0,132.51510620117188,162.9781494140625,0.21028977632522583
Bahamas,The capital of Bahamas is,declarative,1,862.9696044921875,126.39179229736328,0.23897793889045715
Bahamas,The capital of Bahamas is,declarative,2,1202.849609375,21.635772705078125,0.18808072805404663
Bahamas,The capital of Bahamas is,declarative,3,1615.045654296875,14.291961669921875,0.2216813862323761
Bahamas,The capital of Bahamas is,declarative,4,2475.83544921875,9.898519515991211,0.1814047247171402
Bahamas,The capital of Bahamas is,declarative,5,2830.5908203125,19.24492645263672,0.1458451896905899
Bahamas,The capital of Bahamas is,declarative,6,3704.299560546875,8.736870765686035,0.16437451541423798
Bahamas,The capital of Bahamas is,declarative,7,5833.177734375,17.57396697998047,0.17249181866645813
Bahamas,The capital of Bahamas is,declarative,8,5484.466796875,15.726056098937988,0.17172452807426453
Bahamas,The capital of Bahamas is,declarative,9,5621.0810546875,14.637772560119629,0.1389511376619339
Bahamas,The capital of Bahamas is,declarative,10,8625.3720703125,28.61473846435547,0.19629812240600586
Bahamas,The capital of Bahamas is,declarative,11,9902.1083984375,5.013543605804443,0.19677725434303284
Bahamas,The capital of Bahamas is,declarative,12,12834.1884765625,36.28703308105469,0.154464453458786
Bahamas,The capital of Bahamas is,declarative,13,15691.3046875,23.923824310302734,0.1260087788105011
Bahamas,The capital of Bahamas is,declarative,14,19429.072265625,49.86030960083008,0.11807681620121002
Bahamas,The capital of Bahamas is,declarative,15,21010.48046875,36.11119842529297,0.10277010500431061
Bahamas,The capital of Bahamas is,declarative,16,25962.603515625,38.46437454223633,0.10202200710773468
Bahamas,The capital of Bahamas is,declarative,17,212.5832061767578,9.962082862854004,0.12823139131069183
Bahamas,"Q: What is the capital of Bahamas?
A:",qa,0,125.53541564941406,163.17617797851562,0.2848755717277527
Bahamas,"Q: What is the capital of Bahamas?
A:",qa,1,812.0330810546875,147.13587951660156,0.2389833778142929
Bahamas,"Q: What is the capital of Bahamas?
A:",qa,2,1003.1531372070312,21.399168014526367,0.1755344569683075
Bahamas,"Q: What is the capital of Bahamas?
A:",qa,3,1828.7354736328125,14.049467086791992,0.2195398509502411
Bahamas,"Q: What is the capital of Bahamas?
A:",qa,4,2124.463623046875,11.611318588256836,0.1768413633108139
Bahamas,"Q: What is the capital of Bahamas?
A:",qa,5,3455.935302734375,16.724802017211914,0.1529083400964737
Bahamas,"Q: What is the capital of Bahamas?
A:",qa,6,3712.182861328125,6.305126667022705,0.15247094631195068
Bahamas,"Q: What is the capital of Bahamas?
A:",qa,7,4946.23486328125,16.00994300842285,0.15996910631656647
Bahamas,"Q: What is the capital of Bahamas?
A:",qa,8,5492.6279296875,15.179810523986816,0.1898500621318817
Bahamas,"Q: What is the capital of Bahamas?
A:",qa,9,5262.24072265625,14.68267822265625,0.1359921097755432
Bahamas,"Q: What is the capital of Bahamas?
A:",qa,10,8321.453125,30.600994110107422,0.18869417905807495
Bahamas,"Q: What is the capital of Bahamas?
A:",qa,11,8987.556640625,5.12265682220459,0.19253817200660706
Bahamas,"Q: What is the capital of Bahamas?
A:",qa,12,12192.3359375,34.008384704589844,0.14839452505111694
Bahamas,"Q: What is the capital of Bahamas?
A:",qa,13,14924.0869140625,25.00827980041504,0.1153026819229126
Bahamas,"Q: What is the capital of Bahamas?
A:",qa,14,18442.548828125,45.34471893310547,0.11268390715122223
Bahamas,"Q: What is the capital of Bahamas?
A:",qa,15,19912.505859375,35.87453842163086,0.09544709324836731
Bahamas,"Q: What is the capital of Bahamas?
A:",qa,16,25911.982421875,36.84162139892578,0.08976130187511444
Bahamas,"Q: What is the capital of Bahamas?
A:",qa,17,164.2952880859375,11.797399520874023,0.11535938829183578
Bahamas,What is the capital of Bahamas? Answer with only the capital city.,chat_template,0,171.85498046875,169.93724060058594,0.2014666348695755
Bahamas,What is the capital of Bahamas? Answer with only the capital city.,chat_template,1,786.9715576171875,128.37937927246094,0.1704263687133789
Bahamas,What is the capital of Bahamas? Answer with only the capital city.,chat_template,2,1043.1990966796875,23.446640014648438,0.16012835502624512
Bahamas,What is the capital of Bahamas? Answer with only the capital city.,chat_template,3,1370.524169921875,13.625877380371094,0.1956459879875183
Bahamas,What is the capital of Bahamas? Answer with only the capital city.,chat_template,4,785.0073852539062,12.285500526428223,0.1973462998867035
Bahamas,What is the capital of Bahamas? Answer with only the capital city.,chat_template,5,2369.884521484375,19.611379623413086,0.1393764615058899
Bahamas,What is the capital of Bahamas? Answer with only the capital city.,chat_template,6,3431.56494140625,6.973443984985352,0.16490711271762848
Bahamas,What is the capital of Bahamas? Answer with only the capital city.,chat_template,7,4702.27880859375,16.035804748535156,0.17163680493831635
Bahamas,What is the capital of Bahamas? Answer with only the capital city.,chat_template,8,5187.4462890625,19.0490779876709,0.20175644755363464
Bahamas,What is the capital of Bahamas? Answer with only the capital city.,chat_template,9,5391.2451171875,14.418535232543945,0.15099048614501953
Bahamas,What is the capital of Bahamas? Answer with only the capital city.,chat_template,10,8881.748046875,27.700071334838867,0.22373202443122864
Bahamas,What is the capital of Bahamas? Answer with only the capital city.,chat_template,11,9114.1337890625,4.089529991149902,0.2035391926765442
Bahamas,What is the capital of Bahamas? Answer with only the capital city.,chat_template,12,13297.8564453125,29.885639190673828,0.15098154544830322
Bahamas,What is the capital of Bahamas? Answer with only the capital city.,chat_template,13,15753.212890625,22.15743064880371,0.12390955537557602
Bahamas,What is the capital of Bahamas? Answer with only the capital city.,chat_template,14,19170.4921875,42.66099548339844,0.12045282125473022
Bahamas,What is the capital of Bahamas? Answer with only the capital city.,chat_template,15,19649.396484375,31.938562393188477,0.10979921370744705
Bahamas,What is the capital of Bahamas? Answer with only the capital city.,chat_template,16,25565.3984375,30.980546951293945,0.1145777478814125
Bahamas,What is the capital of Bahamas? Answer with only the capital city.,chat_template,17,295.52313232421875,9.489713668823242,0.1405140459537506
Bahrain,What is the capital of Bahrain?,raw_question,0,154.03463745117188,192.5532684326172,0.25578421354293823
Bahrain,What is the capital of Bahrain?,raw_question,1,1067.6524658203125,105.82957458496094,0.1982039362192154
Bahrain,What is the capital of Bahrain?,raw_question,2,1286.17138671875,15.87923526763916,0.16106818616390228
Bahrain,What is the capital of Bahrain?,raw_question,3,1583.1673583984375,13.781063079833984,0.2015954852104187
Bahrain,What is the capital of Bahrain?,raw_question,4,2396.8203125,9.9622163772583,0.18423229455947876
Bahrain,What is the capital of Bahrain?,raw_question,5,2768.961181640625,19.517911911010742,0.1444551646709442
Bahrain,What is the capital of Bahrain?,raw_question,6,3309.1318359375,8.674773216247559,0.1579030156135559
Bahrain,What is the capital of Bahrain?,raw_question,7,4993.1064453125,16.770042419433594,0.1655709147453308
Bahrain,What is the capital of Bahrain?,raw_question,8,5834.65869140625,16.408411026000977,0.17200888693332672
Bahrain,What is the capital of Bahrain?,raw_question,9,5345.54541015625,12.21608829498291,0.1335643231868744
Bahrain,What is the capital of Bahrain?,raw_question,10,10581.2080078125,24.4915828704834,0.19366765022277832
Bahrain,What is the capital of Bahrain?,raw_question,11,10743.53125,3.5384597778320312,0.16980081796646118
Bahrain,What is the capital of Bahrain?,raw_question,12,12906.7080078125,25.789379119873047,0.12982426583766937
Bahrain,What is the capital of Bahrain?,raw_question,13,16172.7890625,26.527467727661133,0.10866554081439972
Bahrain,What is the capital of Bahrain?,raw_question,14,17131.263671875,45.5748291015625,0.11009961366653442
Bahrain,What is the capital of Bahrain?,raw_question,15,18298.283203125,34.551734924316406,0.1008734479546547
Bahrain,What is the capital of Bahrain?,raw_question,16,24683.8203125,39.929229736328125,0.090995654463768
Bahrain,What is the capital of Bahrain?,raw_question,17,150.91307067871094,10.936226844787598,0.11802797764539719
Bahrain,The capital of Bahrain is,declarative,0,132.0323028564453,158.75892639160156,0.21299640834331512
Bahrain,The capital of Bahrain is,declarative,1,860.5509643554688,128.771240234375,0.2405584454536438
Bahrain,The capital of Bahrain is,declarative,2,1203.7984619140625,21.359270095825195,0.1906324028968811
Bahrain,The capital of Bahrain is,declarative,3,1623.9697265625,14.245476722717285,0.22054219245910645
Bahrain,The capital of Bahrain is,declarative,4,2461.326416015625,10.18251895904541,0.17999768257141113
Bahrain,The capital of Bahrain is,declarative,5,2850.2900390625,19.4688777923584,0.1467631310224533
Bahrain,The capital of Bahrain is,declarative,6,3571.4326171875,9.047951698303223,0.16331994533538818
Bahrain,The capital of Bahrain is,declarative,7,5641.9384765625,17.661327362060547,0.17038241028785706
Bahrain,The capital of Bahrain is,declarative,8,5389.080078125,16.31851577758789,0.1745796501636505
Bahrain,The capital of Bahrain is,declarative,9,5582.923828125,14.460765838623047,0.1367136687040329
Bahrain,The capital of Bahrain is,declarative,10,8607.021484375,28.544979095458984,0.19413118064403534
Bahrain,The capital of Bahrain is,declarative,11,9819.46875,5.045935153961182,0.19573062658309937
Bahrain,The capital of Bahrain is,declarative,12,12606.7705078125,34.236488342285156,0.15773287415504456
Bahrain,The capital of Bahrain is,declarative,13,15972.6806640625,24.807619094848633,0.12919971346855164
Bahrain,The capital of Bahrain is,declarative,14,19715.568359375,51.13750457763672,0.12073627859354019
Bahrain,The capital of Bahrain is,declarative,15,21400.408203125,36.54563903808594,0.10336519032716751
Bahrain,The capital of Bahrain is,declarative,16,25421.92578125,38.03730773925781,0.09856824576854706
Bahrain,The capital of Bahrain is,declarative,17,236.2888946533203,10.262088775634766,0.12846077978610992
Bahrain,"Q: What is the capital of Bahrain?
A:",qa,0,126.21430206298828,161.432861328125,0.28726208209991455
Bahrain,"Q: What is the capital of Bahrain?
A:",qa,1,809.4848022460938,146.5243377685547,0.23810267448425293
Bahrain,"Q: What is the capital of Bahrain?
A:",qa,2,1003.5969848632812,21.160062789916992,0.17480772733688354
Bahrain,"Q: What is the capital of Bahrain?
A:",qa,3,1805.76513671875,14.091830253601074,0.21915051341056824
Bahrain,"Q: What is the capital of Bahrain?
A:",qa,4,2122.50244140625,11.55032730102539,0.17488700151443481
Bahrain,"Q: What is the capital of Bahrain?
A:",qa,5,3476.29638671875,16.65081024169922,0.15251384675502777
Bahrain,"Q: What is the capital of Bahrain?
A:",qa,6,3689.180908203125,6.27662467956543,0.15288029611110687
Bahrain,"Q: What is the capital of Bahrain?
A:",qa,7,4922.9228515625,15.899070739746094,0.16058297455310822
Bahrain,"Q: What is the capital of Bahrain?
A:",qa,8,5463.68603515625,15.224931716918945,0.18984419107437134
Bahrain,"Q: What is the capital of Bahrain?
A:",qa,9,5226.72265625,14.629916191101074,0.13586480915546417
Bahrain,"Q: What is the capital of Bahrain?
A:",qa,10,8326.888671875,30.46004295349121,0.1892700046300888
Bahrain,"Q: What is the capital of Bahrain?
A:",qa,11,8784.5615234375,5.168363094329834,0.19122369587421417
Bahrain,"Q: What is the capital of Bahrain?
A:",qa,12,12028.94140625,33.38370132446289,0.15328443050384521
Bahrain,"Q: What is the capital of Bahrain?
A:",qa,13,14895.66796875,25.946453094482422,0.12059703469276428
Bahrain,"Q: What is the capital of Bahrain?
A:",qa,14,18558.34765625,46.640785217285156,0.11720195412635803
Bahrain,"Q: What is the capital of Bahrain?
A:",qa,15,19852.486328125,36.85523223876953,0.09993217140436172
Bahrain,"Q: What is the capital of Bahrain?
A:",qa,16,25362.814453125,35.97203063964844,0.09246711432933807
Bahrain,"Q: What is the capital of Bahrain?
A:",qa,17,180.87612915039062,12.13832950592041,0.11895010620355606
Bahrain,What is the capital of Bahrain? Answer with only the capital city.,chat_template,0,171.91754150390625,169.5224609375,0.20174239575862885
Bahrain,What is the capital of Bahrain? Answer with only the capital city.,chat_template,1,787.14208984375,128.5068817138672,0.17038804292678833
Bahrain,What is the capital of Bahrain? Answer with only the capital city.,chat_template,2,1050.580810546875,23.497529983520508,0.15983036160469055
Bahrain,What is the capital of Bahrain? Answer with only the capital city.,chat_template,3,1398.4713134765625,13.593254089355469,0.19475218653678894
Bahrain,What is the capital of Bahrain? Answer with only the capital city.,chat_template,4,798.4163818359375,12.278178215026855,0.19436702132225037
Bahrain,What is the capital of Bahrain? Answer with only the capital city.,chat_template,5,2388.2451171875,19.698637008666992,0.13945531845092773
Bahrain,What is the capital of Bahrain? Answer with only the capital city.,chat_template,6,3426.656982421875,6.846879005432129,0.16442501544952393
Bahrain,What is the capital of Bahrain? Answer with only the capital city.,chat_template,7,4729.7001953125,16.058917999267578,0.17111700773239136
Bahrain,What is the capital of Bahrain? Answer with only the capital city.,chat_template,8,5274.283203125,18.4490909576416,0.2016305923461914
Bahrain,What is the capital of Bahrain? Answer with only the capital city.,chat_template,9,5507.478515625,14.049013137817383,0.15136690437793732
Bahrain,What is the capital of Bahrain? Answer with only the capital city.,chat_template,10,8947.875,27.70998764038086,0.2240084856748581
Bahrain,What is the capital of Bahrain? Answer with only the capital city.,chat_template,11,8980.9921875,3.8447513580322266,0.20632165670394897
Bahrain,What is the capital of Bahrain? Answer with only the capital city.,chat_template,12,12615.9453125,29.89031982421875,0.1577582210302353
Bahrain,What is the capital of Bahrain? Answer with only the capital city.,chat_template,13,15658.1396484375,22.41730499267578,0.12926927208900452
Bahrain,What is the capital of Bahrain? Answer with only the capital city.,chat_template,14,19144.78515625,47.119876861572266,0.1287110298871994
Bahrain,What is the capital of Bahrain? Answer with only the capital city.,chat_template,15,19807.708984375,32.439117431640625,0.11418294161558151
Bahrain,What is the capital of Bahrain? Answer with only the capital city.,chat_template,16,25157.919921875,31.220247268676758,0.11941945552825928
Bahrain,What is the capital of Bahrain? Answer with only the capital city.,chat_template,17,303.8201904296875,9.011919975280762,0.1460118591785431
Bangladesh,What is the capital of Bangladesh?,raw_question,0,154.9374542236328,191.73651123046875,0.2583763301372528
Bangladesh,What is the capital of Bangladesh?,raw_question,1,1067.5601806640625,105.19157409667969,0.19841007888317108
Bangladesh,What is the capital of Bangladesh?,raw_question,2,1308.918212890625,16.150938034057617,0.16108015179634094
Bangladesh,What is the capital of Bangladesh?,raw_question,3,1597.877685546875,13.419572830200195,0.20316734910011292
Bangladesh,What is the capital of Bangladesh?,raw_question,4,2317.51025390625,10.109513282775879,0.1888626366853714
Bangladesh,What is the capital of Bangladesh?,raw_question,5,2756.87451171875,20.552003860473633,0.14423656463623047
Bangladesh,What is the capital of Bangladesh?,raw_question,6,3288.572509765625,8.40674114227295,0.1589282751083374
Bangladesh,What is the capital of Bangladesh?,raw_question,7,5022.8076171875,17.012815475463867,0.16585740447044373
Bangladesh,What is the capital of Bangladesh?,raw_question,8,5980.947265625,16.294309616088867,0.16979490220546722
Bangladesh,What is the capital of Bangladesh?,raw_question,9,5288.7236328125,12.23155689239502,0.13078221678733826
Bangladesh,What is the capital of Bangladesh?,raw_question,10,10519.0546875,25.113365173339844,0.19531479477882385
Bangladesh,What is the capital of Bangladesh?,raw_question,11,11004.7099609375,3.461536407470703,0.16871535778045654
Bangladesh,What is the capital of Bangladesh?,raw_question,12,12859.279296875,27.01111602783203,0.12900933623313904
Bangladesh,What is the capital of Bangladesh?,raw_question,13,16458.359375,25.78543472290039,0.10689535737037659
Bangladesh,What is the capital of Bangladesh?,raw_question,14,17641.6953125,45.194095611572266,0.1078907698392868
Bangladesh,What is the capital of Bangladesh?,raw_question,15,18648.609375,32.50288009643555,0.10213465243577957
Bangladesh,What is the capital of Bangladesh?,raw_question,16,24914.677734375,39.76102066040039,0.09131461381912231
Bangladesh,What is the capital of Bangladesh?,raw_question,17,165.7438201904297,10.497533798217773,0.12096957862377167
Bangladesh,The capital of Bangladesh is,declarative,0,131.7361297607422,161.52590942382812,0.21332524716854095
Bangladesh,The capital of Bangladesh is,declarative,1,859.5281372070312,128.218994140625,0.2420520782470703
Bangladesh,The capital of Bangladesh is,declarative,2,1218.474609375,21.945331573486328,0.19046607613563538
Bangladesh,The capital of Bangladesh is,declarative,3,1617.08984375,14.138469696044922,0.2198144942522049
Bangladesh,The capital of Bangladesh is,declarative,4,2446.499755859375,10.205521583557129,0.18254342675209045
Bangladesh,The capital of Bangladesh is,declarative,5,2842.799072265625,20.391151428222656,0.1464471071958542
Bangladesh,The capital of Bangladesh is,declarative,6,3628.416748046875,8.41599178314209,0.16505715250968933
Bangladesh,The capital of Bangladesh is,declarative,7,5707.08544921875,17.42776870727539,0.1725984811782837
Bangladesh,The capital of Bangladesh is,declarative,8,5504.61474609375,16.269386291503906,0.17318615317344666
Bangladesh,The capital of Bangladesh is,declarative,9,5637.65283203125,14.461254119873047,0.13752959668636322
Bangladesh,The capital of Bangladesh is,declarative,10,8744.5751953125,28.642927169799805,0.19681958854198456
Bangladesh,The capital of Bangladesh is,declarative,11,9937.4443359375,4.869925022125244,0.19835114479064941
Bangladesh,The capital of Bangladesh is,declarative,12,12088.0703125,38.527034759521484,0.1605096012353897
Bangladesh,The capital of Bangladesh is,declarative,13,15464.291015625,25.120262145996094,0.13187335431575775
Bangladesh,The capital of Bangladesh is,declarative,14,18996.669921875,51.80236053466797,0.1241852343082428
Bangladesh,The capital of Bangladesh is,declarative,15,20615.880859375,35.7921142578125,0.11018458008766174
Bangladesh,The capital of Bangladesh is,declarative,16,23159.38671875,39.0164794921875,0.10817798227071762
Bangladesh,The capital of Bangladesh is,declarative,17,278.6534423828125,10.0380277633667,0.1418602466583252
Bangladesh,"Q: What is the capital of Bangladesh?
A:",qa,0,125.60047912597656,161.86170959472656,0.2854117155075073
Bangladesh,"Q: What is the capital of Bangladesh?
A:",qa,1,815.4900512695312,147.74746704101562,0.23856179416179657
Bangladesh,"Q: What is the capital of Bangladesh?
A:",qa,2,1006.8912963867188,21.46561050415039,0.17538389563560486
Bangladesh,"Q: What is the capital of Bangladesh?
A:",qa,3,1811.78125,13.978297233581543,0.2201160192489624
Bangladesh,"Q: What is the capital of Bangladesh?
A:",qa,4,2111.055908203125,11.607409477233887,0.17669352889060974
Bangladesh,"Q: What is the capital of Bangladesh?
A:",qa,5,3472.1376953125,16.685701370239258,0.15281713008880615
Bangladesh,"Q: What is the capital of Bangladesh?
A:",qa,6,3615.095947265625,6.250313758850098,0.15291526913642883
Bangladesh,"Q: What is the capital of Bangladesh?
A:",qa,7,4824.7431640625,16.23775291442871,0.1613801121711731
Bangladesh,"Q: What is the capital of Bangladesh?
A:",qa,8,5399.9169921875,15.42739200592041,0.19083990156650543
Bangladesh,"Q: What is the capital of Bangladesh?
A:",qa,9,5190.25439453125,14.78689956665039,0.13686144351959229
Bangladesh,"Q: What is the capital of Bangladesh?
A:",qa,10,8323.6650390625,30.886476516723633,0.18983933329582214
Bangladesh,"Q: What is the capital of Bangladesh?
A:",qa,11,8892.2392578125,5.150466442108154,0.19205832481384277
Bangladesh,"Q: What is the capital of Bangladesh?
A:",qa,12,11739.4599609375,38.56547927856445,0.15629525482654572
Bangladesh,"Q: What is the capital of Bangladesh?
A:",qa,13,14525.8505859375,26.164079666137695,0.1208784207701683
Bangladesh,"Q: What is the capital of Bangladesh?
A:",qa,14,18296.302734375,47.02178955078125,0.11808282136917114
Bangladesh,"Q: What is the capital of Bangladesh?
A:",qa,15,19786.71484375,36.09783172607422,0.10392690449953079
Bangladesh,"Q: What is the capital of Bangladesh?
A:",qa,16,24521.552734375,37.343231201171875,0.0973181277513504
Bangladesh,"Q: What is the capital of Bangladesh?
A:",qa,17,203.65814208984375,11.351299285888672,0.1256440430879593
Bangladesh,What is the capital of Bangladesh? Answer with only the capital city.,chat_template,0,171.9945526123047,169.47215270996094,0.20171710848808289
Bangladesh,What is the capital of Bangladesh? Answer with only the capital city.,chat_template,1,787.0868530273438,128.50827026367188,0.17038576304912567
Bangladesh,What is the capital of Bangladesh? Answer with only the capital city.,chat_template,2,1050.4715576171875,23.474613189697266,0.1596975028514862
Bangladesh,What is the capital of Bangladesh? Answer with only the capital city.,chat_template,3,1383.776611328125,13.65026569366455,0.19549384713172913
Bangladesh,What is the capital of Bangladesh? Answer with only the capital city.,chat_template,4,784.1832275390625,12.274153709411621,0.19503606855869293
Bangladesh,What is the capital of Bangladesh? Answer with only the capital city.,chat_template,5,2388.13818359375,19.94203758239746,0.13936841487884521
Bangladesh,What is the capital of Bangladesh? Answer with only the capital city.,chat_template,6,3495.74853515625,6.839623928070068,0.1648755818605423
Bangladesh,What is the capital of Bangladesh? Answer with only the capital city.,chat_template,7,4820.599609375,15.851676940917969,0.17092078924179077
Bangladesh,What is the capital of Bangladesh? Answer with only the capital city.,chat_template,8,5332.67529296875,18.36969757080078,0.20003759860992432
Bangladesh,What is the capital of Bangladesh? Answer with only the capital city.,chat_template,9,5565.18505859375,13.899765968322754,0.14992405474185944
Bangladesh,What is the capital of Bangladesh? Answer with only the capital city.,chat_template,10,9010.080078125,28.26609992980957,0.22331033647060394
Bangladesh,What is the capital of Bangladesh? Answer with only the capital city.,chat_template,11,9526.123046875,3.859745979309082,0.2066742479801178
Bangladesh,What is the capital of Bangladesh? Answer with only the capital city.,chat_template,12,12415.76953125,32.18684768676758,0.15931256115436554
Bangladesh,What is the capital of Bangladesh? Answer with only the capital city.,chat_template,13,15470.4716796875,22.739246368408203,0.12936371564865112
Bangladesh,What is the capital of Bangladesh? Answer with only the capital city.,chat_template,14,19332.02734375,43.28815460205078,0.12722361087799072
Bangladesh,What is the capital of Bangladesh? Answer with only the capital city.,chat_template,15,20392.892578125,34.11446762084961,0.11490217596292496
Bangladesh,What is the capital of Bangladesh? Answer with only the capital city.,chat_template,16,23611.654296875,33.26365280151367,0.12050029635429382
Bangladesh,What is the capital of Bangladesh? Answer with only the capital city.,chat_template,17,292.08001708984375,9.02104663848877,0.1550566703081131
Barbados,What is the capital of Barbados?,raw_question,0,154.76573181152344,192.3929443359375,0.2566223442554474
Barbados,What is the capital of Barbados?,raw_question,1,1067.56494140625,104.77291870117188,0.19791364669799805
Barbados,What is the capital of Barbados?,raw_question,2,1286.409423828125,16.086162567138672,0.16110548377037048
Barbados,What is the capital of Barbados?,raw_question,3,1594.8851318359375,13.658684730529785,0.20194005966186523
Barbados,What is the capital of Barbados?,raw_question,4,2379.860595703125,10.403578758239746,0.18879003822803497
Barbados,What is the capital of Barbados?,raw_question,5,2690.076171875,19.786699295043945,0.14309075474739075
Barbados,What is the capital of Barbados?,raw_question,6,3241.18408203125,8.187310218811035,0.15809158980846405
Barbados,What is the capital of Barbados?,raw_question,7,4933.29052734375,16.9753360748291,0.167312353849411
Barbados,What is the capital of Barbados?,raw_question,8,5777.27880859375,16.53221893310547,0.17080265283584595
Barbados,What is the capital of Barbados?,raw_question,9,5234.50634765625,11.898648262023926,0.13406074047088623
Barbados,What is the capital of Barbados?,raw_question,10,10646.0986328125,24.675201416015625,0.19792655110359192
Barbados,What is the capital of Barbados?,raw_question,11,10840.09375,3.4513890743255615,0.17044222354888916
Barbados,What is the capital of Barbados?,raw_question,12,12707.8662109375,26.206209182739258,0.1302303671836853
Barbados,What is the capital of Barbados?,raw_question,13,16107.9765625,26.000062942504883,0.10942716151475906
Barbados,What is the capital of Barbados?,raw_question,14,17296.376953125,44.74744415283203,0.11058318614959717
Barbados,What is the capital of Barbados?,raw_question,15,18155.328125,34.253604888916016,0.10288102179765701
Barbados,What is the capital of Barbados?,raw_question,16,24647.388671875,39.71295928955078,0.09288719296455383
Barbados,What is the capital of Barbados?,raw_question,17,161.32774353027344,11.135098457336426,0.12037435173988342
Barbados,The capital of Barbados is,declarative,0,132.85780334472656,159.890869140625,0.21380949020385742
Barbados,The capital of Barbados is,declarative,1,864.0595092773438,125.73848724365234,0.24031341075897217
Barbados,The capital of Barbados is,declarative,2,1211.2999267578125,21.601091384887695,0.18938016891479492
Barbados,The capital of Barbados is,declarative,3,1610.160888671875,13.97644329071045,0.22125577926635742
Barbados,The capital of Barbados is,declarative,4,2421.111083984375,10.596552848815918,0.18586775660514832
Barbados,The capital of Barbados is,declarative,5,2811.317626953125,20.02800178527832,0.14703845977783203
Barbados,The capital of Barbados is,declarative,6,3598.748046875,8.55900764465332,0.1646832376718521
Barbados,The capital of Barbados is,declarative,7,5667.10205078125,17.664236068725586,0.17231325805187225
Barbados,The capital of Barbados is,declarative,8,5406.8310546875,16.40158462524414,0.1723625361919403
Barbados,The capital of Barbados is,declarative,9,5599.69140625,14.364343643188477,0.1356530785560608
Barbados,The capital of Barbados is,declarative,10,8667.3037109375,28.21055030822754,0.19321489334106445
Barbados,The capital of Barbados is,declarative,11,9736.1630859375,4.987911701202393,0.19233250617980957
Barbados,The capital of Barbados is,declarative,12,12207.5625,33.360496520996094,0.15504556894302368
Barbados,The capital of Barbados is,declarative,13,15286.669921875,25.484804153442383,0.1279222071170807
Barbados,The capital of Barbados is,declarative,14,18667.08984375,51.040218353271484,0.11925292015075684
Barbados,The capital of Barbados is,declarative,15,19962.0625,34.366180419921875,0.10359513759613037
Barbados,The capital of Barbados is,declarative,16,25017.46875,39.546688079833984,0.10242799669504166
Barbados,The capital of Barbados is,declarative,17,217.78668212890625,9.842087745666504,0.1280740648508072
Barbados,"Q: What is the capital of Barbados?
A:",qa,0,125.86647033691406,162.3916015625,0.28620409965515137
Barbados,"Q: What is the capital of Barbados?
A:",qa,1,812.0764770507812,146.26515197753906,0.23863491415977478
Barbados,"Q: What is the capital of Barbados?
A:",qa,2,1003.0073852539062,21.443655014038086,0.17523212730884552
Barbados,"Q: What is the capital of Barbados?
A:",qa,3,1820.54296875,14.1062593460083,0.21987339854240417
Barbados,"Q: What is the capital of Barbados?
A:",qa,4,2109.636474609375,11.612266540527344,0.17672526836395264
Barbados,"Q: What is the capital of Barbados?
A:",qa,5,3448.917724609375,16.7377872467041,0.15267807245254517
Barbados,"Q: What is the capital of Barbados?
A:",qa,6,3608.3544921875,6.149682998657227,0.15181121230125427
Barbados,"Q: What is the capital of Barbados?
A:",qa,7,4890.76318359375,16.37898826599121,0.16072869300842285
Barbados,"Q: What is the capital of Barbados?
A:",qa,8,5433.9580078125,15.0510835647583,0.18833975493907928
Barbados,"Q: What is the capital of Barbados?
A:",qa,9,5233.4853515625,14.499319076538086,0.13546833395957947
Barbados,"Q: What is the capital of Barbados?
A:",qa,10,8327.076171875,29.88770866394043,0.1886170655488968
Barbados,"Q: What is the capital of Barbados?
A:",qa,11,8788.5283203125,5.176151275634766,0.19100123643875122
Barbados,"Q: What is the capital of Barbados?
A:",qa,12,11721.607421875,33.170631408691406,0.15271510183811188
Barbados,"Q: What is the capital of Barbados?
A:",qa,13,14387.6240234375,25.601707458496094,0.11827235668897629
Barbados,"Q: What is the capital of Barbados?
A:",qa,14,17943.689453125,45.16792297363281,0.11469487845897675
Barbados,"Q: What is the capital of Barbados?
A:",qa,15,19173.21484375,34.912689208984375,0.09737232327461243
Barbados,"Q: What is the capital of Barbados?
A:",qa,16,25321.193359375,36.71803665161133,0.09002640843391418
Barbados,"Q: What is the capital of Barbados?
A:",qa,17,172.91482543945312,12.647052764892578,0.11556105315685272
Barbados,What is the capital of Barbados? Answer with only the capital city.,chat_template,0,171.98988342285156,169.8125762939453,0.20193840563297272
Barbados,What is the capital of Barbados? Answer with only the capital city.,chat_template,1,787.9437255859375,127.32488250732422,0.16932830214500427
Barbados,What is the capital of Barbados? Answer with only the capital city.,chat_template,2,1051.1810302734375,23.378759384155273,0.15904368460178375
Barbados,What is the capital of Barbados? Answer with only the capital city.,chat_template,3,1390.0823974609375,13.623701095581055,0.19516509771347046
Barbados,What is the capital of Barbados? Answer with only the capital city.,chat_template,4,798.9952392578125,12.211588859558105,0.19393962621688843
Barbados,What is the capital of Barbados? Answer with only the capital city.,chat_template,5,2366.11865234375,19.720951080322266,0.13997524976730347
Barbados,What is the capital of Barbados? Answer with only the capital city.,chat_template,6,3394.105224609375,6.847862720489502,0.16431769728660583
Barbados,What is the capital of Barbados? Answer with only the capital city.,chat_template,7,4736.4658203125,15.93689250946045,0.17141398787498474
Barbados,What is the capital of Barbados? Answer with only the capital city.,chat_template,8,5251.84814453125,18.906919479370117,0.20078447461128235
Barbados,What is the capital of Barbados? Answer with only the capital city.,chat_template,9,5420.28173828125,14.12999439239502,0.15062439441680908
Barbados,What is the capital of Barbados? Answer with only the capital city.,chat_template,10,8945.04296875,27.38766860961914,0.22260503470897675
Barbados,What is the capital of Barbados? Answer with only the capital city.,chat_template,11,9182.5712890625,3.8739707469940186,0.2040005624294281
Barbados,What is the capital of Barbados? Answer with only the capital city.,chat_template,12,12416.8134765625,31.28188133239746,0.153960719704628
Barbados,What is the capital of Barbados? Answer with only the capital city.,chat_template,13,14818.63671875,22.536251068115234,0.12546271085739136
Barbados,What is the capital of Barbados? Answer with only the capital city.,chat_template,14,18113.794921875,45.58915710449219,0.12286628037691116
Barbados,What is the capital of Barbados? Answer with only the capital city.,chat_template,15,19234.111328125,30.5223388671875,0.11034861207008362
Barbados,What is the capital of Barbados? Answer with only the capital city.,chat_template,16,24777.876953125,31.84021759033203,0.11526519060134888
Barbados,What is the capital of Barbados? Answer with only the capital city.,chat_template,17,329.20806884765625,9.653799057006836,0.14231106638908386
Belarus,What is the capital of Belarus?,raw_question,0,153.88314819335938,193.18838500976562,0.25633054971694946
Belarus,What is the capital of Belarus?,raw_question,1,1071.323974609375,107.934326171875,0.1979079693555832
Belarus,What is the capital of Belarus?,raw_question,2,1301.6251220703125,16.139249801635742,0.16218334436416626
Belarus,What is the capital of Belarus?,raw_question,3,1588.553955078125,13.612247467041016,0.2013186663389206
Belarus,What is the capital of Belarus?,raw_question,4,2333.437255859375,9.442842483520508,0.18713608384132385
Belarus,What is the capital of Belarus?,raw_question,5,2783.824951171875,19.792158126831055,0.1447731852531433
Belarus,What is the capital of Belarus?,raw_question,6,3260.441162109375,8.373138427734375,0.1578385829925537
Belarus,What is the capital of Belarus?,raw_question,7,5083.64501953125,16.82399559020996,0.16625991463661194
Belarus,What is the capital of Belarus?,raw_question,8,5953.92138671875,16.455604553222656,0.17064201831817627
Belarus,What is the capital of Belarus?,raw_question,9,5349.9560546875,12.10572338104248,0.13382792472839355
Belarus,What is the capital of Belarus?,raw_question,10,10515.056640625,24.736053466796875,0.19876104593276978
Belarus,What is the capital of Belarus?,raw_question,11,10908.654296875,3.594820737838745,0.17105039954185486
Belarus,What is the capital of Belarus?,raw_question,12,13040.8916015625,27.691131591796875,0.12763342261314392
Belarus,What is the capital of Belarus?,raw_question,13,16322.7470703125,25.942180633544922,0.1067143902182579
Belarus,What is the capital of Belarus?,raw_question,14,17452.76171875,44.865562438964844,0.10864189267158508
Belarus,What is the capital of Belarus?,raw_question,15,18362.361328125,34.508907318115234,0.0999656692147255
Belarus,What is the capital of Belarus?,raw_question,16,25100.88671875,40.030906677246094,0.08984627574682236
Belarus,What is the capital of Belarus?,raw_question,17,166.7257537841797,11.73921012878418,0.11678516864776611
Belarus,The capital of Belarus is,declarative,0,131.6796875,159.65419006347656,0.21334487199783325
Belarus,The capital of Belarus is,declarative,1,859.552978515625,131.02920532226562,0.24097026884555817
Belarus,The capital of Belarus is,declarative,2,1195.596435546875,21.71373176574707,0.19250927865505219
Belarus,The capital of Belarus is,declarative,3,1598.967529296875,14.290409088134766,0.22086936235427856
Belarus,The capital of Belarus is,declarative,4,2398.803955078125,9.702412605285645,0.18201729655265808
Belarus,The capital of Belarus is,declarative,5,2796.26171875,19.486818313598633,0.14695245027542114
Belarus,The capital of Belarus is,declarative,6,3536.055908203125,8.962308883666992,0.16538287699222565
Belarus,The capital of Belarus is,declarative,7,5699.23193359375,17.61860466003418,0.17278268933296204
Belarus,The capital of Belarus is,declarative,8,5472.7041015625,16.55365562438965,0.17624583840370178
Belarus,The capital of Belarus is,declarative,9,5696.8876953125,14.441844940185547,0.13866090774536133
Belarus,The capital of Belarus is,declarative,10,8672.541015625,28.824424743652344,0.19698524475097656
Belarus,The capital of Belarus is,declarative,11,9789.3037109375,5.12040376663208,0.19552600383758545
Belarus,The capital of Belarus is,declarative,12,12312.125,38.045936584472656,0.16086581349372864
Belarus,The capital of Belarus is,declarative,13,15405.345703125,25.185789108276367,0.1283535659313202
Belarus,The capital of Belarus is,declarative,14,19763.828125,51.66623306274414,0.12504050135612488
Belarus,The capital of Belarus is,declarative,15,20857.09765625,35.76121520996094,0.10326088964939117
Belarus,The capital of Belarus is,declarative,16,23718.166015625,39.62410354614258,0.1041378602385521
Belarus,The capital of Belarus is,declarative,17,271.7503967285156,11.327818870544434,0.13732829689979553
Belarus,"Q: What is the capital of Belarus?
A:",qa,0,125.87169647216797,162.1912384033203,0.2855280041694641
Belarus,"Q: What is the capital of Belarus?
A:",qa,1,808.60693359375,147.3136444091797,0.23876620829105377
Belarus,"Q: What is the capital of Belarus?
A:",qa,2,1002.9375610351562,21.111379623413086,0.17486530542373657
Belarus,"Q: What is the capital of Belarus?
A:",qa,3,1826.5648193359375,13.980191230773926,0.21904484927654266
Belarus,"Q: What is the capital of Belarus?
A:",qa,4,2115.75146484375,11.487586975097656,0.1748976707458496
Belarus,"Q: What is the capital of Belarus?
A:",qa,5,3533.265625,16.552684783935547,0.1527751237154007
Belarus,"Q: What is the capital of Belarus?
A:",qa,6,3626.9140625,6.265909194946289,0.15273751318454742
Belarus,"Q: What is the capital of Belarus?
A:",qa,7,4921.17529296875,15.962315559387207,0.16048970818519592
Belarus,"Q: What is the capital of Belarus?
A:",qa,8,5433.6083984375,15.339484214782715,0.1894586682319641
Belarus,"Q: What is the capital of Belarus?
A:",qa,9,5256.595703125,14.652026176452637,0.13664299249649048
Belarus,"Q: What is the capital of Belarus?
A:",qa,10,8351.775390625,29.904449462890625,0.18974539637565613
Belarus,"Q: What is the capital of Belarus?
A:",qa,11,8666.2109375,5.094937801361084,0.19082537293434143
Belarus,"Q: What is the capital of Belarus?
A:",qa,12,11741.75,36.39801025390625,0.15539225935935974
Belarus,"Q: What is the capital of Belarus?
A:",qa,13,14182.4755859375,26.808855056762695,0.11676588654518127
Belarus,"Q: What is the capital of Belarus?
A:",qa,14,18132.48046875,46.6661376953125,0.11714357137680054
Belarus,"Q: What is the capital of Belarus?
A:",qa,15,19263.65234375,36.6151237487793,0.09688235819339752
Belarus,"Q: What is the capital of Belarus?
A:",qa,16,25108.802734375,37.98497009277344,0.09036890417337418
Belarus,"Q: What is the capital of Belarus?
A:",qa,17,185.9446563720703,14.377548217773438,0.11742404103279114
Belarus,What is the capital of Belarus? Answer with only the capital city.,chat_template,0,171.8117218017578,170.16583251953125,0.2008671909570694
Belarus,What is the capital of Belarus? Answer with only the capital city.,chat_template,1,788.0050659179688,128.8704071044922,0.17031554877758026
Belarus,What is the capital of Belarus? Answer with only the capital city.,chat_template,2,1051.2496337890625,23.53313636779785,0.1596389263868332
Belarus,What is the capital of Belarus? Answer with only the capital city.,chat_template,3,1383.7939453125,13.658785820007324,0.19593766331672668
Belarus,What is the capital of Belarus? Answer with only the capital city.,chat_template,4,791.6077270507812,12.290739059448242,0.19558776915073395
Belarus,What is the capital of Belarus? Answer with only the capital city.,chat_template,5,2372.7490234375,19.76685905456543,0.13948583602905273
Belarus,What is the capital of Belarus? Answer with only the capital city.,chat_template,6,3440.1396484375,6.845320224761963,0.16451136767864227
Belarus,What is the capital of Belarus? Answer with only the capital city.,chat_template,7,4698.47509765625,15.755168914794922,0.1702781468629837
Belarus,What is the capital of Belarus? Answer with only the capital city.,chat_template,8,5245.56982421875,18.60332489013672,0.20160698890686035
Belarus,What is the capital of Belarus? Answer with only the capital city.,chat_template,9,5537.91162109375,14.25441837310791,0.1512545645236969
Belarus,What is the capital of Belarus? Answer with only the capital city.,chat_template,10,9006.88671875,27.680068969726562,0.22263549268245697
Belarus,What is the capital of Belarus? Answer with only the capital city.,chat_template,11,9229.861328125,4.010399341583252,0.20418119430541992
Belarus,What is the capital of Belarus? Answer with only the capital city.,chat_template,12,12599.72265625,30.613922119140625,0.1607477068901062
Belarus,What is the capital of Belarus? Answer with only the capital city.,chat_template,13,15243.4228515625,22.63164520263672,0.12319985777139664
Belarus,What is the capital of Belarus? Answer with only the capital city.,chat_template,14,19458.91015625,45.82771301269531,0.12517134845256805
Belarus,What is the capital of Belarus? Answer with only the capital city.,chat_template,15,19157.80859375,31.59832763671875,0.10417284071445465
Belarus,What is the capital of Belarus? Answer with only the capital city.,chat_template,16,22935.123046875,32.592247009277344,0.11483316123485565
Belarus,What is the capital of Belarus? Answer with only the capital city.,chat_template,17,319.20648193359375,11.161683082580566,0.15202687680721283
Belgium,What is the capital of Belgium?,raw_question,0,155.06320190429688,193.07620239257812,0.2563921809196472
Belgium,What is the capital of Belgium?,raw_question,1,1067.600830078125,105.41515350341797,0.19818070530891418
Belgium,What is the capital of Belgium?,raw_question,2,1293.7777099609375,16.281827926635742,0.16215969622135162
Belgium,What is the capital of Belgium?,raw_question,3,1594.17919921875,13.486126899719238,0.20225262641906738
Belgium,What is the capital of Belgium?,raw_question,4,2330.554443359375,9.802011489868164,0.18477341532707214
Belgium,What is the capital of Belgium?,raw_question,5,2772.78857421875,19.931499481201172,0.14316299557685852
Belgium,What is the capital of Belgium?,raw_question,6,3302.621337890625,8.368152618408203,0.15757739543914795
Belgium,What is the capital of Belgium?,raw_question,7,4994.1357421875,16.77987289428711,0.1664155125617981
Belgium,What is the capital of Belgium?,raw_question,8,5805.09716796875,16.270883560180664,0.17066925764083862
Belgium,What is the capital of Belgium?,raw_question,9,5236.31982421875,12.215042114257812,0.13346514105796814
Belgium,What is the capital of Belgium?,raw_question,10,10454.1611328125,26.074583053588867,0.20051690936088562
Belgium,What is the capital of Belgium?,raw_question,11,10933.189453125,3.4795212745666504,0.16934314370155334
Belgium,What is the capital of Belgium?,raw_question,12,13133.341796875,27.16031837463379,0.12827441096305847
Belgium,What is the capital of Belgium?,raw_question,13,16518.162109375,25.198070526123047,0.10700811445713043
Belgium,What is the capital of Belgium?,raw_question,14,17833.234375,44.26067352294922,0.1084536761045456
Belgium,What is the capital of Belgium?,raw_question,15,18659.912109375,34.06221389770508,0.09904129803180695
Belgium,What is the capital of Belgium?,raw_question,16,25024.58984375,38.99040985107422,0.08979423344135284
Belgium,What is the capital of Belgium?,raw_question,17,166.40554809570312,11.133707046508789,0.11801432073116302
Belgium,The capital of Belgium is,declarative,0,132.4701690673828,157.02676391601562,0.21632829308509827
Belgium,The capital of Belgium is,declarative,1,866.82470703125,128.278076171875,0.24155917763710022
Belgium,The capital of Belgium is,declarative,2,1225.972412109375,21.962434768676758,0.19142568111419678
Belgium,The capital of Belgium is,declarative,3,1608.2203369140625,14.102578163146973,0.21874862909317017
Belgium,The capital of Belgium is,declarative,4,2349.6787109375,9.769054412841797,0.17910245060920715
Belgium,The capital of Belgium is,declarative,5,2816.619140625,19.795305252075195,0.14596542716026306
Belgium,The capital of Belgium is,declarative,6,3583.77294921875,8.56524658203125,0.16437706351280212
Belgium,The capital of Belgium is,declarative,7,5575.07763671875,18.24384117126465,0.17092686891555786
Belgium,The capital of Belgium is,declarative,8,5358.44921875,16.70296287536621,0.17472510039806366
Belgium,The capital of Belgium is,declarative,9,5492.39111328125,14.563467025756836,0.13880103826522827
Belgium,The capital of Belgium is,declarative,10,8520.099609375,29.854644775390625,0.20345577597618103
Belgium,The capital of Belgium is,declarative,11,9700.5263671875,5.0180206298828125,0.19705432653427124
Belgium,The capital of Belgium is,declarative,12,12429.220703125,37.482025146484375,0.15910106897354126
Belgium,The capital of Belgium is,declarative,13,15372.2919921875,24.736675262451172,0.1270241141319275
Belgium,The capital of Belgium is,declarative,14,19647.212890625,51.1669921875,0.12155243754386902
Belgium,The capital of Belgium is,declarative,15,21491.35546875,34.46332931518555,0.10095816850662231
Belgium,The capital of Belgium is,declarative,16,24515.654296875,39.623680114746094,0.10161467641592026
Belgium,The capital of Belgium is,declarative,17,268.96221923828125,10.392521858215332,0.13478471338748932
Belgium,"Q: What is the capital of Belgium?
A:",qa,0,125.93223571777344,161.70916748046875,0.2855342626571655
Belgium,"Q: What is the capital of Belgium?
A:",qa,1,811.9389038085938,147.9076690673828,0.238254576921463
Belgium,"Q: What is the capital of Belgium?
A:",qa,2,1010.2993774414062,21.55302619934082,0.17518281936645508
Belgium,"Q: What is the capital of Belgium?
A:",qa,3,1820.023681640625,13.94199275970459,0.2187787890434265
Belgium,"Q: What is the capital of Belgium?
A:",qa,4,2134.03515625,11.5336332321167,0.17571598291397095
Belgium,"Q: What is the capital of Belgium?
A:",qa,5,3467.93359375,16.721837997436523,0.15272948145866394
Belgium,"Q: What is the capital of Belgium?
A:",qa,6,3679.228271484375,6.1786417961120605,0.15283656120300293
Belgium,"Q: What is the capital of Belgium?
A:",qa,7,4919.61279296875,16.211164474487305,0.15965528786182404
Belgium,"Q: What is the capital of Belgium?
A:",qa,8,5404.6748046875,15.198271751403809,0.18763719499111176
Belgium,"Q: What is the capital of Belgium?
A:",qa,9,5195.54541015625,14.60545539855957,0.1354084014892578
Belgium,"Q: What is the capital of Belgium?
A:",qa,10,8262.2861328125,30.82404327392578,0.18927480280399323
Belgium,"Q: What is the capital of Belgium?
A:",qa,11,8887.181640625,5.189208507537842,0.1906006932258606
Belgium,"Q: What is the capital of Belgium?
A:",qa,12,12281.0771484375,36.17216110229492,0.15211650729179382
Belgium,"Q: What is the capital of Belgium?
A:",qa,13,14935.6259765625,27.068126678466797,0.11487473547458649
Belgium,"Q: What is the capital of Belgium?
A:",qa,14,18985.5625,45.742767333984375,0.1149260401725769
Belgium,"Q: What is the capital of Belgium?
A:",qa,15,20771.318359375,37.00984573364258,0.09426050633192062
Belgium,"Q: What is the capital of Belgium?
A:",qa,16,26189.396484375,36.03793716430664,0.08962458372116089
Belgium,"Q: What is the capital of Belgium?
A:",qa,17,181.78573608398438,12.889122009277344,0.11870820820331573
Belgium,What is the capital of Belgium? Answer with only the capital city.,chat_template,0,171.99806213378906,169.08314514160156,0.20194274187088013
Belgium,What is the capital of Belgium? Answer with only the capital city.,chat_template,1,783.4973754882812,128.4969024658203,0.16925102472305298
Belgium,What is the capital of Belgium? Answer with only the capital city.,chat_template,2,1043.03173828125,23.39684295654297,0.15936046838760376
Belgium,What is the capital of Belgium? Answer with only the capital city.,chat_template,3,1381.7640380859375,13.604093551635742,0.19613946974277496
Belgium,What is the capital of Belgium? Answer with only the capital city.,chat_template,4,789.3450927734375,12.37276840209961,0.1945609748363495
Belgium,What is the capital of Belgium? Answer with only the capital city.,chat_template,5,2376.864013671875,19.877225875854492,0.1394122838973999
Belgium,What is the capital of Belgium? Answer with only the capital city.,chat_template,6,3433.574951171875,6.755399703979492,0.16470029950141907
Belgium,What is the capital of Belgium? Answer with only the capital city.,chat_template,7,4692.90869140625,15.937849998474121,0.17102932929992676
Belgium,What is the capital of Belgium? Answer with only the capital city.,chat_template,8,5210.37841796875,18.580781936645508,0.2000713348388672
Belgium,What is the capital of Belgium? Answer with only the capital city.,chat_template,9,5502.603515625,14.045121192932129,0.15040287375450134
Belgium,What is the capital of Belgium? Answer with only the capital city.,chat_template,10,8942.3408203125,27.540163040161133,0.2222924828529358
Belgium,What is the capital of Belgium? Answer with only the capital city.,chat_template,11,9407.4912109375,3.935573101043701,0.20234590768814087
Belgium,What is the capital of Belgium? Answer with only the capital city.,chat_template,12,13427.3212890625,31.817943572998047,0.1542721688747406
Belgium,What is the capital of Belgium? Answer with only the capital city.,chat_template,13,15829.5693359375,23.046804428100586,0.12361618876457214
Belgium,What is the capital of Belgium? Answer with only the capital city.,chat_template,14,20105.7890625,45.99500274658203,0.12599244713783264
Belgium,What is the capital of Belgium? Answer with only the capital city.,chat_template,15,20936.60546875,31.847654342651367,0.10950745642185211
Belgium,What is the capital of Belgium? Answer with only the capital city.,chat_template,16,25049.876953125,31.96240234375,0.1184878721833229
Belgium,What is the capital of Belgium? Answer with only the capital city.,chat_template,17,306.33331298828125,11.099559783935547,0.15818063914775848
Belize,What is the capital of Belize?,raw_question,0,155.00717163085938,192.24771118164062,0.2585669457912445
Belize,What is the capital of Belize?,raw_question,1,1067.615234375,104.78267669677734,0.1975850611925125
Belize,What is the capital of Belize?,raw_question,2,1286.25048828125,15.86207389831543,0.16174475848674774
Belize,What is the capital of Belize?,raw_question,3,1593.4036865234375,13.629746437072754,0.2026902139186859
Belize,What is the capital of Belize?,raw_question,4,2315.3447265625,10.24653434753418,0.18715935945510864
Belize,What is the capital of Belize?,raw_question,5,2684.64892578125,19.976608276367188,0.14312997460365295
Belize,What is the capital of Belize?,raw_question,6,3267.27978515625,8.240203857421875,0.15697519481182098
Belize,What is the capital of Belize?,raw_question,7,5058.9853515625,16.98832130432129,0.16726991534233093
Belize,What is the capital of Belize?,raw_question,8,5935.6494140625,16.046232223510742,0.1712646335363388
Belize,What is the capital of Belize?,raw_question,9,5270.5263671875,12.143149375915527,0.13255980610847473
Belize,What is the capital of Belize?,raw_question,10,10459.9462890625,24.849449157714844,0.19729453325271606
Belize,What is the capital of Belize?,raw_question,11,10842.544921875,3.557253837585449,0.1697237342596054
Belize,What is the capital of Belize?,raw_question,12,12933.7587890625,26.12000274658203,0.12716692686080933
Belize,What is the capital of Belize?,raw_question,13,16135.5947265625,25.75028419494629,0.10781091451644897
Belize,What is the capital of Belize?,raw_question,14,17320.7265625,44.88191604614258,0.11062828451395035
Belize,What is the capital of Belize?,raw_question,15,18261.455078125,34.14563751220703,0.10243555158376694
Belize,What is the capital of Belize?,raw_question,16,24727.59375,39.358802795410156,0.09178237617015839
Belize,What is the capital of Belize?,raw_question,17,170.53855895996094,11.238898277282715,0.1186528280377388
Belize,The capital of Belize is,declarative,0,131.2974090576172,162.41705322265625,0.20956818759441376
Belize,The capital of Belize is,declarative,1,867.4512329101562,127.39107513427734,0.23823700845241547
Belize,The capital of Belize is,declarative,2,1196.789794921875,21.544151306152344,0.19104249775409698
Belize,The capital of Belize is,declarative,3,1638.4422607421875,14.279866218566895,0.22435687482357025
Belize,The capital of Belize is,declarative,4,2334.496337890625,10.477744102478027,0.1830853819847107
Belize,The capital of Belize is,declarative,5,2746.13232421875,20.082754135131836,0.14569532871246338
Belize,The capital of Belize is,declarative,6,3556.038330078125,8.498689651489258,0.16374196112155914
Belize,The capital of Belize is,declarative,7,5683.064453125,18.27064323425293,0.1714537888765335
Belize,The capital of Belize is,declarative,8,5488.3828125,15.822653770446777,0.17342548072338104
Belize,The capital of Belize is,declarative,9,5651.7783203125,14.927997589111328,0.13793911039829254
Belize,The capital of Belize is,declarative,10,8682.8134765625,28.73777198791504,0.19696155190467834
Belize,The capital of Belize is,declarative,11,9857.6982421875,4.8501811027526855,0.1946166306734085
Belize,The capital of Belize is,declarative,12,12466.08984375,35.12010955810547,0.1550697684288025
Belize,The capital of Belize is,declarative,13,15289.56640625,24.589061737060547,0.1274528056383133
Belize,The capital of Belize is,declarative,14,18841.03515625,51.65178680419922,0.12285161763429642
Belize,The capital of Belize is,declarative,15,20597.599609375,35.428714752197266,0.10823824256658554
Belize,The capital of Belize is,declarative,16,25637.66015625,37.692230224609375,0.10551276057958603
Belize,The capital of Belize is,declarative,17,244.3045654296875,10.53812026977539,0.12885276973247528
Belize,"Q: What is the capital of Belize?
A:",qa,0,126.21599578857422,161.57522583007812,0.2872166633605957
Belize,"Q: What is the capital of Belize?
A:",qa,1,808.514892578125,146.21339416503906,0.23847590386867523
Belize,"Q: What is the capital of Belize?
A:",qa,2,999.4717407226562,21.487064361572266,0.17606429755687714
Belize,"Q: What is the capital of Belize?
A:",qa,3,1806.172119140625,14.080121994018555,0.22021672129631042
Belize,"Q: What is the capital of Belize?
A:",qa,4,2121.227783203125,11.527461051940918,0.1763356477022171
Belize,"Q: What is the capital of Belize?
A:",qa,5,3457.767822265625,16.661226272583008,0.15312235057353973
Belize,"Q: What is the capital of Belize?
A:",qa,6,3721.363525390625,6.2479987144470215,0.15265581011772156
Belize,"Q: What is the capital of Belize?
A:",qa,7,4919.88134765625,16.08579444885254,0.16033300757408142
Belize,"Q: What is the capital of Belize?
A:",qa,8,5405.07177734375,15.298062324523926,0.18966197967529297
Belize,"Q: What is the capital of Belize?
A:",qa,9,5198.3564453125,14.863602638244629,0.13587182760238647
Belize,"Q: What is the capital of Belize?
A:",qa,10,8232.9853515625,30.520784378051758,0.18891772627830505
Belize,"Q: What is the capital of Belize?
A:",qa,11,8867.2333984375,5.296300888061523,0.19207674264907837
Belize,"Q: What is the capital of Belize?
A:",qa,12,11942.0400390625,33.82035446166992,0.1504826843738556
Belize,"Q: What is the capital of Belize?
A:",qa,13,14396.9951171875,25.5721435546875,0.11860859394073486
Belize,"Q: What is the capital of Belize?
A:",qa,14,17843.77734375,46.68595504760742,0.11672457307577133
Belize,"Q: What is the capital of Belize?
A:",qa,15,19476.990234375,35.38363265991211,0.10113540291786194
Belize,"Q: What is the capital of Belize?
A:",qa,16,25475.150390625,35.60320281982422,0.09226664900779724
Belize,"Q: What is the capital of Belize?
A:",qa,17,186.48385620117188,13.093972206115723,0.1148715615272522
Belize,What is the capital of Belize? Answer with only the capital city.,chat_template,0,172.17770385742188,169.43588256835938,0.2015521228313446
Belize,What is the capital of Belize? Answer with only the capital city.,chat_template,1,790.4860229492188,128.3794708251953,0.1701868772506714
Belize,What is the capital of Belize? Answer with only the capital city.,chat_template,2,1046.907470703125,23.50675392150879,0.15984487533569336
Belize,What is the capital of Belize? Answer with only the capital city.,chat_template,3,1385.169189453125,13.65343189239502,0.19572193920612335
Belize,What is the capital of Belize? Answer with only the capital city.,chat_template,4,790.100830078125,12.241650581359863,0.1961233913898468
Belize,What is the capital of Belize? Answer with only the capital city.,chat_template,5,2371.28369140625,19.83139419555664,0.1394442766904831
Belize,What is the capital of Belize? Answer with only the capital city.,chat_template,6,3441.17822265625,6.814033031463623,0.1643069088459015
Belize,What is the capital of Belize? Answer with only the capital city.,chat_template,7,4761.162109375,15.846592903137207,0.17029163241386414
Belize,What is the capital of Belize? Answer with only the capital city.,chat_template,8,5280.27294921875,18.852834701538086,0.1983415186405182
Belize,What is the capital of Belize? Answer with only the capital city.,chat_template,9,5506.91943359375,14.182371139526367,0.149241641163826
Belize,What is the capital of Belize? Answer with only the capital city.,chat_template,10,8942.19921875,27.485843658447266,0.2216106653213501
Belize,What is the capital of Belize? Answer with only the capital city.,chat_template,11,9015.9619140625,3.9680209159851074,0.20388999581336975
Belize,What is the capital of Belize? Answer with only the capital city.,chat_template,12,12477.302734375,30.57341766357422,0.1522962749004364
Belize,What is the capital of Belize? Answer with only the capital city.,chat_template,13,14979.69921875,22.476200103759766,0.12511801719665527
Belize,What is the capital of Belize? Answer with only the capital city.,chat_template,14,18234.9296875,46.261085510253906,0.12440214306116104
Belize,What is the capital of Belize? Answer with only the capital city.,chat_template,15,19938.26171875,31.74732208251953,0.11276170611381531
Belize,What is the capital of Belize? Answer with only the capital city.,chat_template,16,25902.90625,30.912635803222656,0.11808963865041733
Belize,What is the capital of Belize? Answer with only the capital city.,chat_template,17,286.4845275878906,9.873013496398926,0.13945463299751282
Benin,What is the capital of Benin?,raw_question,0,154.4084930419922,193.46095275878906,0.2556690573692322
Benin,What is the capital of Benin?,raw_question,1,1069.8924560546875,108.96280670166016,0.19687551259994507
Benin,What is the capital of Benin?,raw_question,2,1269.7049560546875,16.914159774780273,0.16278010606765747
Benin,What is the capital of Benin?,raw_question,3,1597.2799072265625,13.627913475036621,0.20480546355247498
Benin,What is the capital of Benin?,raw_question,4,2345.005615234375,10.527975082397461,0.18600639700889587
Benin,What is the capital of Benin?,raw_question,5,2696.318359375,19.818710327148438,0.14432305097579956
Benin,What is the capital of Benin?,raw_question,6,3053.330322265625,8.477574348449707,0.15810942649841309
Benin,What is the capital of Benin?,raw_question,7,4987.7041015625,16.927274703979492,0.16908270120620728
Benin,What is the capital of Benin?,raw_question,8,5833.08203125,16.96760368347168,0.17125824093818665
Benin,What is the capital of Benin?,raw_question,9,5315.173828125,12.152118682861328,0.13414901494979858
Benin,What is the capital of Benin?,raw_question,10,10398.560546875,24.582639694213867,0.19634054601192474
Benin,What is the capital of Benin?,raw_question,11,10583.2529296875,3.620103597640991,0.1723373979330063
Benin,What is the capital of Benin?,raw_question,12,12767.7333984375,27.046295166015625,0.13256153464317322
Benin,What is the capital of Benin?,raw_question,13,15943.0546875,26.819303512573242,0.10991831123828888
Benin,What is the capital of Benin?,raw_question,14,17299.1328125,44.971439361572266,0.11224469542503357
Benin,What is the capital of Benin?,raw_question,15,18398.08984375,35.92778015136719,0.10307957231998444
Benin,What is the capital of Benin?,raw_question,16,25025.078125,39.74383544921875,0.0887901559472084
Benin,What is the capital of Benin?,raw_question,17,166.52833557128906,11.406113624572754,0.11748181283473969
Benin,The capital of Benin is,declarative,0,131.70494079589844,160.67129516601562,0.212180033326149
Benin,The capital of Benin is,declarative,1,867.38330078125,129.41896057128906,0.23939481377601624
Benin,The capital of Benin is,declarative,2,1218.7142333984375,22.88132095336914,0.1942221224308014
Benin,The capital of Benin is,declarative,3,1633.7662353515625,13.967556953430176,0.22350391745567322
Benin,The capital of Benin is,declarative,4,2444.760009765625,10.88876724243164,0.18005681037902832
Benin,The capital of Benin is,declarative,5,2791.876708984375,19.526424407958984,0.14635568857192993
Benin,The capital of Benin is,declarative,6,3518.59375,8.490185737609863,0.16524267196655273
Benin,The capital of Benin is,declarative,7,5640.935546875,17.552885055541992,0.17134228348731995
Benin,The capital of Benin is,declarative,8,5387.2978515625,16.139480590820312,0.17479515075683594
Benin,The capital of Benin is,declarative,9,5645.3466796875,15.017389297485352,0.1373930424451828
Benin,The capital of Benin is,declarative,10,8551.3427734375,28.736616134643555,0.1977578103542328
Benin,The capital of Benin is,declarative,11,9707.8544921875,5.221075057983398,0.19812704622745514
Benin,The capital of Benin is,declarative,12,12561.5791015625,35.92903518676758,0.16190382838249207
Benin,The capital of Benin is,declarative,13,15677.142578125,24.988750457763672,0.12805253267288208
Benin,The capital of Benin is,declarative,14,19303.12890625,51.22214889526367,0.12212109565734863
Benin,The capital of Benin is,declarative,15,21317.126953125,37.881282806396484,0.10625691711902618
Benin,The capital of Benin is,declarative,16,25429.521484375,38.667137145996094,0.10341842472553253
Benin,The capital of Benin is,declarative,17,225.64915466308594,10.619491577148438,0.1300831437110901
Benin,"Q: What is the capital of Benin?
A:",qa,0,125.28949737548828,162.05221557617188,0.2853759527206421
Benin,"Q: What is the capital of Benin?
A:",qa,1,815.61279296875,146.91387939453125,0.23885805904865265
Benin,"Q: What is the capital of Benin?
A:",qa,2,999.4519653320312,21.245746612548828,0.17580027878284454
Benin,"Q: What is the capital of Benin?
A:",qa,3,1827.22314453125,14.095921516418457,0.22136297821998596
Benin,"Q: What is the capital of Benin?
A:",qa,4,2099.376220703125,11.6585693359375,0.1775422841310501
Benin,"Q: What is the capital of Benin?
A:",qa,5,3476.740478515625,16.607845306396484,0.1530154049396515
Benin,"Q: What is the capital of Benin?
A:",qa,6,3589.25,6.267973899841309,0.15280066430568695
Benin,"Q: What is the capital of Benin?
A:",qa,7,4916.93310546875,16.57245635986328,0.16127796471118927
Benin,"Q: What is the capital of Benin?
A:",qa,8,5433.7080078125,15.370331764221191,0.1877269446849823
Benin,"Q: What is the capital of Benin?
A:",qa,9,5199.2373046875,14.68564224243164,0.13595722615718842
Benin,"Q: What is the capital of Benin?
A:",qa,10,8320.85546875,29.860435485839844,0.18911930918693542
Benin,"Q: What is the capital of Benin?
A:",qa,11,8787.302734375,5.262582778930664,0.1921486258506775
Benin,"Q: What is the capital of Benin?
A:",qa,12,11902.845703125,33.45486068725586,0.15821045637130737
Benin,"Q: What is the capital of Benin?
A:",qa,13,14685.15234375,26.538171768188477,0.11814635992050171
Benin,"Q: What is the capital of Benin?
A:",qa,14,18798.4140625,46.36137008666992,0.11760595440864563
Benin,"Q: What is the capital of Benin?
A:",qa,15,20890.38671875,37.269073486328125,0.09907211363315582
Benin,"Q: What is the capital of Benin?
A:",qa,16,26707.56640625,36.721195220947266,0.09066081047058105
Benin,"Q: What is the capital of Benin?
A:",qa,17,170.9215850830078,13.416058540344238,0.1153421700000763
Benin,What is the capital of Benin? Answer with only the capital city.,chat_template,0,172.0326385498047,169.1923065185547,0.20138901472091675
Benin,What is the capital of Benin? Answer with only the capital city.,chat_template,1,784.6377563476562,127.347412109375,0.1700393557548523
Benin,What is the capital of Benin? Answer with only the capital city.,chat_template,2,1043.9261474609375,23.532188415527344,0.15986847877502441
Benin,What is the capital of Benin? Answer with only the capital city.,chat_template,3,1384.467041015625,13.655328750610352,0.19597670435905457
Benin,What is the capital of Benin? Answer with only the capital city.,chat_template,4,790.3283081054688,12.333277702331543,0.19552265107631683
Benin,What is the capital of Benin? Answer with only the capital city.,chat_template,5,2378.337890625,19.669214248657227,0.1397976279258728
Benin,What is the capital of Benin? Answer with only the capital city.,chat_template,6,3409.773193359375,6.775302410125732,0.16427525877952576
Benin,What is the capital of Benin? Answer with only the capital city.,chat_template,7,4727.5283203125,15.928770065307617,0.17040717601776123
Benin,What is the capital of Benin? Answer with only the capital city.,chat_template,8,5216.6015625,18.586820602416992,0.2000293880701065
Benin,What is the capital of Benin? Answer with only the capital city.,chat_template,9,5473.9345703125,14.113203048706055,0.15141725540161133
Benin,What is the capital of Benin? Answer with only the capital city.,chat_template,10,8940.5185546875,27.18617057800293,0.22228533029556274
Benin,What is the capital of Benin? Answer with only the capital city.,chat_template,11,8990.19140625,3.8755784034729004,0.20381450653076172
Benin,What is the capital of Benin? Answer with only the capital city.,chat_template,12,12369.0048828125,30.035999298095703,0.1623695194721222
Benin,What is the capital of Benin? Answer with only the capital city.,chat_template,13,15215.4443359375,22.712730407714844,0.12716707587242126
Benin,What is the capital of Benin? Answer with only the capital city.,chat_template,14,18955.701171875,45.253910064697266,0.12672656774520874
Benin,What is the capital of Benin? Answer with only the capital city.,chat_template,15,20697.494140625,33.21516418457031,0.11291421204805374
Benin,What is the capital of Benin? Answer with only the capital city.,chat_template,16,26026.9921875,32.33818435668945,0.11769424378871918
Benin,What is the capital of Benin? Answer with only the capital city.,chat_template,17,285.6619567871094,11.878582954406738,0.14387238025665283
Bhutan,What is the capital of Bhutan?,raw_question,0,154.1536102294922,193.8538055419922,0.2563857436180115
Bhutan,What is the capital of Bhutan?,raw_question,1,1066.8421630859375,109.57904815673828,0.1970399022102356
Bhutan,What is the capital of Bhutan?,raw_question,2,1292.8232421875,16.54242515563965,0.16126933693885803
Bhutan,What is the capital of Bhutan?,raw_question,3,1619.1146240234375,13.90388011932373,0.20025400817394257
Bhutan,What is the capital of Bhutan?,raw_question,4,2440.573486328125,10.058438301086426,0.1872621774673462
Bhutan,What is the capital of Bhutan?,raw_question,5,2733.250732421875,20.267053604125977,0.14444458484649658
Bhutan,What is the capital of Bhutan?,raw_question,6,3307.111328125,8.409013748168945,0.15833936631679535
Bhutan,What is the capital of Bhutan?,raw_question,7,4984.79931640625,16.764476776123047,0.16511082649230957
Bhutan,What is the capital of Bhutan?,raw_question,8,5919.291015625,16.09711265563965,0.17292121052742004
Bhutan,What is the capital of Bhutan?,raw_question,9,5224.89306640625,12.316612243652344,0.13287104666233063
Bhutan,What is the capital of Bhutan?,raw_question,10,10456.2509765625,24.334001541137695,0.19381481409072876
Bhutan,What is the capital of Bhutan?,raw_question,11,10624.94921875,3.5382938385009766,0.16969983279705048
Bhutan,What is the capital of Bhutan?,raw_question,12,13144.5244140625,27.326684951782227,0.13167275488376617
Bhutan,What is the capital of Bhutan?,raw_question,13,16155.1630859375,25.59721565246582,0.10963542014360428
Bhutan,What is the capital of Bhutan?,raw_question,14,17681.92578125,46.60987091064453,0.1104772537946701
Bhutan,What is the capital of Bhutan?,raw_question,15,18486.75,36.34974670410156,0.1020083799958229
Bhutan,What is the capital of Bhutan?,raw_question,16,25010.439453125,40.45705795288086,0.08985234051942825
Bhutan,What is the capital of Bhutan?,raw_question,17,163.01487731933594,11.188677787780762,0.11933499574661255
Bhutan,The capital of Bhutan is,declarative,0,132.29930114746094,160.08924865722656,0.21437902748584747
Bhutan,The capital of Bhutan is,declarative,1,867.54638671875,133.109619140625,0.23785074055194855
Bhutan,The capital of Bhutan is,declarative,2,1218.0894775390625,22.787572860717773,0.19071784615516663
Bhutan,The capital of Bhutan is,declarative,3,1620.48779296875,14.286430358886719,0.21948575973510742
Bhutan,The capital of Bhutan is,declarative,4,2495.966796875,10.379411697387695,0.18312877416610718
Bhutan,The capital of Bhutan is,declarative,5,2807.054443359375,20.072982788085938,0.14678582549095154
Bhutan,The capital of Bhutan is,declarative,6,3566.52783203125,8.731695175170898,0.16481764614582062
Bhutan,The capital of Bhutan is,declarative,7,5575.70947265625,17.5656795501709,0.17124082148075104
Bhutan,The capital of Bhutan is,declarative,8,5467.55908203125,16.2490177154541,0.17385028302669525
Bhutan,The capital of Bhutan is,declarative,9,5695.5537109375,14.940215110778809,0.13577105104923248
Bhutan,The capital of Bhutan is,declarative,10,8673.6640625,28.2734432220459,0.19039101898670197
Bhutan,The capital of Bhutan is,declarative,11,9941.283203125,4.9178876876831055,0.19502711296081543
Bhutan,The capital of Bhutan is,declarative,12,12637.927734375,37.378135681152344,0.15843245387077332
Bhutan,The capital of Bhutan is,declarative,13,15822.1943359375,24.553796768188477,0.133530393242836
Bhutan,The capital of Bhutan is,declarative,14,19744.06640625,51.22488021850586,0.12672016024589539
Bhutan,The capital of Bhutan is,declarative,15,21204.76953125,35.81303024291992,0.11272992938756943
Bhutan,The capital of Bhutan is,declarative,16,24005.88671875,40.09482192993164,0.11148476600646973
Bhutan,The capital of Bhutan is,declarative,17,282.74969482421875,10.838147163391113,0.143533393740654
Bhutan,"Q: What is the capital of Bhutan?
A:",qa,0,125.85964965820312,162.45521545410156,0.28513050079345703
Bhutan,"Q: What is the capital of Bhutan?
A:",qa,1,808.4776000976562,148.24026489257812,0.23770390450954437
Bhutan,"Q: What is the capital of Bhutan?
A:",qa,2,999.2957763671875,21.288169860839844,0.17456191778182983
Bhutan,"Q: What is the capital of Bhutan?
A:",qa,3,1798.219482421875,14.031576156616211,0.2196425199508667
Bhutan,"Q: What is the capital of Bhutan?
A:",qa,4,2104.6474609375,11.57571792602539,0.17617300152778625
Bhutan,"Q: What is the capital of Bhutan?
A:",qa,5,3474.67138671875,16.735519409179688,0.15310563147068024
Bhutan,"Q: What is the capital of Bhutan?
A:",qa,6,3697.590087890625,6.269330978393555,0.15304502844810486
Bhutan,"Q: What is the capital of Bhutan?
A:",qa,7,4950.7666015625,16.176748275756836,0.16302266716957092
Bhutan,"Q: What is the capital of Bhutan?
A:",qa,8,5522.21923828125,15.003132820129395,0.19017404317855835
Bhutan,"Q: What is the capital of Bhutan?
A:",qa,9,5347.353515625,14.592262268066406,0.13578170537948608
Bhutan,"Q: What is the capital of Bhutan?
A:",qa,10,8455.24609375,30.679561614990234,0.19058431684970856
Bhutan,"Q: What is the capital of Bhutan?
A:",qa,11,8898.7578125,5.290258884429932,0.19341135025024414
Bhutan,"Q: What is the capital of Bhutan?
A:",qa,12,12409.083984375,38.745216369628906,0.15543821454048157
Bhutan,"Q: What is the capital of Bhutan?
A:",qa,13,14762.037109375,24.65105628967285,0.12331113964319229
Bhutan,"Q: What is the capital of Bhutan?
A:",qa,14,18647.75390625,48.172523498535156,0.12056046724319458
Bhutan,"Q: What is the capital of Bhutan?
A:",qa,15,19776.109375,37.604209899902344,0.10609030723571777
Bhutan,"Q: What is the capital of Bhutan?
A:",qa,16,24343.044921875,36.7659912109375,0.1004977822303772
Bhutan,"Q: What is the capital of Bhutan?
A:",qa,17,251.68447875976562,11.868894577026367,0.13149547576904297
Bhutan,What is the capital of Bhutan? Answer with only the capital city.,chat_template,0,172.1617431640625,170.3113555908203,0.20087136328220367
Bhutan,What is the capital of Bhutan? Answer with only the capital city.,chat_template,1,784.67822265625,128.84226989746094,0.17040430009365082
Bhutan,What is the capital of Bhutan? Answer with only the capital city.,chat_template,2,1047.617919921875,23.541595458984375,0.16005147993564606
Bhutan,What is the capital of Bhutan? Answer with only the capital city.,chat_template,3,1385.274658203125,13.65944766998291,0.1959255337715149
Bhutan,What is the capital of Bhutan? Answer with only the capital city.,chat_template,4,795.9000854492188,12.264610290527344,0.19521263241767883
Bhutan,What is the capital of Bhutan? Answer with only the capital city.,chat_template,5,2391.6416015625,19.874242782592773,0.13973069190979004
Bhutan,What is the capital of Bhutan? Answer with only the capital city.,chat_template,6,3487.37744140625,6.6974921226501465,0.16414809226989746
Bhutan,What is the capital of Bhutan? Answer with only the capital city.,chat_template,7,4846.92919921875,15.728317260742188,0.16987913846969604
Bhutan,What is the capital of Bhutan? Answer with only the capital city.,chat_template,8,5361.6171875,18.31138038635254,0.1991640031337738
Bhutan,What is the capital of Bhutan? Answer with only the capital city.,chat_template,9,5532.96435546875,13.753849983215332,0.1492682695388794
Bhutan,What is the capital of Bhutan? Answer with only the capital city.,chat_template,10,9006.95703125,27.5052490234375,0.22147171199321747
Bhutan,What is the capital of Bhutan? Answer with only the capital city.,chat_template,11,9224.07421875,3.933972120285034,0.20519180595874786
Bhutan,What is the capital of Bhutan? Answer with only the capital city.,chat_template,12,12917.8349609375,31.671815872192383,0.15885041654109955
Bhutan,What is the capital of Bhutan? Answer with only the capital city.,chat_template,13,15415.271484375,22.416542053222656,0.12995219230651855
Bhutan,What is the capital of Bhutan? Answer with only the capital city.,chat_template,14,19389.939453125,45.88536834716797,0.12893617153167725
Bhutan,What is the capital of Bhutan? Answer with only the capital city.,chat_template,15,19919.083984375,33.72011184692383,0.11568734049797058
Bhutan,What is the capital of Bhutan? Answer with only the capital city.,chat_template,16,23052.158203125,33.188594818115234,0.12277324497699738
Bhutan,What is the capital of Bhutan? Answer with only the capital city.,chat_template,17,297.60791015625,8.636677742004395,0.15878160297870636
Bolivia,What is the capital of Bolivia?,raw_question,0,154.43191528320312,193.8975372314453,0.25651001930236816
Bolivia,What is the capital of Bolivia?,raw_question,1,1067.685791015625,106.23308563232422,0.1983204334974289
Bolivia,What is the capital of Bolivia?,raw_question,2,1316.6363525390625,16.57225799560547,0.161695659160614
Bolivia,What is the capital of Bolivia?,raw_question,3,1603.5465087890625,13.537750244140625,0.20111292600631714
Bolivia,What is the capital of Bolivia?,raw_question,4,2270.651123046875,10.030656814575195,0.1863614171743393
Bolivia,What is the capital of Bolivia?,raw_question,5,2693.813232421875,19.94292640686035,0.1432950347661972
Bolivia,What is the capital of Bolivia?,raw_question,6,3330.4736328125,8.230469703674316,0.15904515981674194
Bolivia,What is the capital of Bolivia?,raw_question,7,5049.27734375,16.727598190307617,0.1673993170261383
Bolivia,What is the capital of Bolivia?,raw_question,8,5869.494140625,16.401723861694336,0.1715465784072876
Bolivia,What is the capital of Bolivia?,raw_question,9,5292.76171875,11.969379425048828,0.13274508714675903
Bolivia,What is the capital of Bolivia?,raw_question,10,10516.3525390625,25.134859085083008,0.19973698258399963
Bolivia,What is the capital of Bolivia?,raw_question,11,10883.58984375,3.4191651344299316,0.17147856950759888
Bolivia,What is the capital of Bolivia?,raw_question,12,12740.439453125,27.165674209594727,0.13011398911476135
Bolivia,What is the capital of Bolivia?,raw_question,13,15871.560546875,25.75166130065918,0.10992372781038284
Bolivia,What is the capital of Bolivia?,raw_question,14,17037.443359375,46.310298919677734,0.11050976812839508
Bolivia,What is the capital of Bolivia?,raw_question,15,18146.330078125,35.98493957519531,0.10343986004590988
Bolivia,What is the capital of Bolivia?,raw_question,16,24861.37109375,39.92717361450195,0.09238472580909729
Bolivia,What is the capital of Bolivia?,raw_question,17,167.2511749267578,10.285407066345215,0.11815541982650757
Bolivia,The capital of Bolivia is,declarative,0,131.4562225341797,159.45120239257812,0.21487456560134888
Bolivia,The capital of Bolivia is,declarative,1,864.0333251953125,128.87550354003906,0.2399176061153412
Bolivia,The capital of Bolivia is,declarative,2,1211.6640625,22.43158721923828,0.19069387018680573
Bolivia,The capital of Bolivia is,declarative,3,1622.893798828125,14.164834022521973,0.22158676385879517
Bolivia,The capital of Bolivia is,declarative,4,2368.25537109375,10.04100513458252,0.1816541850566864
Bolivia,The capital of Bolivia is,declarative,5,2806.816650390625,19.675127029418945,0.14665868878364563
Bolivia,The capital of Bolivia is,declarative,6,3696.4033203125,8.598973274230957,0.1657627522945404
Bolivia,The capital of Bolivia is,declarative,7,5822.82080078125,17.551074981689453,0.17130793631076813
Bolivia,The capital of Bolivia is,declarative,8,5538.73974609375,16.364351272583008,0.17432823777198792
Bolivia,The capital of Bolivia is,declarative,9,5739.140625,14.850264549255371,0.13695648312568665
Bolivia,The capital of Bolivia is,declarative,10,8875.9716796875,29.03913116455078,0.2008577287197113
Bolivia,The capital of Bolivia is,declarative,11,10006.44921875,4.9505510330200195,0.19704021513462067
Bolivia,The capital of Bolivia is,declarative,12,12508.943359375,38.13539505004883,0.1593931019306183
Bolivia,The capital of Bolivia is,declarative,13,15432.0634765625,25.135351181030273,0.1298760175704956
Bolivia,The capital of Bolivia is,declarative,14,18942.69921875,51.85607147216797,0.124263696372509
Bolivia,The capital of Bolivia is,declarative,15,21209.25390625,36.34814453125,0.1087401732802391
Bolivia,The capital of Bolivia is,declarative,16,24620.728515625,39.04042434692383,0.1115589439868927
Bolivia,The capital of Bolivia is,declarative,17,276.0784912109375,9.911498069763184,0.13636702299118042
Bolivia,"Q: What is the capital of Bolivia?
A:",qa,0,125.80147552490234,162.25271606445312,0.28601664304733276
Bolivia,"Q: What is the capital of Bolivia?
A:",qa,1,811.97265625,148.97581481933594,0.23787805438041687
Bolivia,"Q: What is the capital of Bolivia?
A:",qa,2,1003.1478881835938,21.324317932128906,0.17520743608474731
Bolivia,"Q: What is the capital of Bolivia?
A:",qa,3,1820.5340576171875,14.023682594299316,0.21993979811668396
Bolivia,"Q: What is the capital of Bolivia?
A:",qa,4,2112.123291015625,11.665353775024414,0.1763511598110199
Bolivia,"Q: What is the capital of Bolivia?
A:",qa,5,3455.35498046875,16.670827865600586,0.1529671996831894
Bolivia,"Q: What is the capital of Bolivia?
A:",qa,6,3641.24609375,6.172464847564697,0.1520734578371048
Bolivia,"Q: What is the capital of Bolivia?
A:",qa,7,4942.80908203125,16.196334838867188,0.16048277914524078
Bolivia,"Q: What is the capital of Bolivia?
A:",qa,8,5433.69580078125,15.306303024291992,0.18888774514198303
Bolivia,"Q: What is the capital of Bolivia?
A:",qa,9,5198.60595703125,14.726496696472168,0.1348520666360855
Bolivia,"Q: What is the capital of Bolivia?
A:",qa,10,8324.8759765625,30.723562240600586,0.18975257873535156
Bolivia,"Q: What is the capital of Bolivia?
A:",qa,11,8889.9365234375,5.21181058883667,0.19151805341243744
Bolivia,"Q: What is the capital of Bolivia?
A:",qa,12,11929.1630859375,35.1014289855957,0.15534240007400513
Bolivia,"Q: What is the capital of Bolivia?
A:",qa,13,14652.162109375,25.946979522705078,0.12012992799282074
Bolivia,"Q: What is the capital of Bolivia?
A:",qa,14,18139.7890625,46.88030242919922,0.1164124459028244
Bolivia,"Q: What is the capital of Bolivia?
A:",qa,15,19993.00390625,37.28691482543945,0.10105738043785095
Bolivia,"Q: What is the capital of Bolivia?
A:",qa,16,25569.267578125,36.328025817871094,0.09614084661006927
Bolivia,"Q: What is the capital of Bolivia?
A:",qa,17,201.3133544921875,11.10949420928955,0.12094264477491379
Bolivia,What is the capital of Bolivia? Answer with only the capital city.,chat_template,0,171.83087158203125,169.35581970214844,0.20177721977233887
Bolivia,What is the capital of Bolivia? Answer with only the capital city.,chat_template,1,783.6710205078125,129.100830078125,0.17103606462478638
Bolivia,What is the capital of Bolivia? Answer with only the capital city.,chat_template,2,1043.1083984375,23.567424774169922,0.16025477647781372
Bolivia,What is the capital of Bolivia? Answer with only the capital city.,chat_template,3,1383.737548828125,13.616742134094238,0.1956995129585266
Bolivia,What is the capital of Bolivia? Answer with only the capital city.,chat_template,4,793.0271606445312,12.30975341796875,0.19510586559772491
Bolivia,What is the capital of Bolivia? Answer with only the capital city.,chat_template,5,2391.067138671875,19.797191619873047,0.13933676481246948
Bolivia,What is the capital of Bolivia? Answer with only the capital city.,chat_template,6,3448.072021484375,6.756186008453369,0.16456976532936096
Bolivia,What is the capital of Bolivia? Answer with only the capital city.,chat_template,7,4722.958984375,15.767875671386719,0.1702060103416443
Bolivia,What is the capital of Bolivia? Answer with only the capital city.,chat_template,8,5267.79248046875,18.573291778564453,0.19979187846183777
Bolivia,What is the capital of Bolivia? Answer with only the capital city.,chat_template,9,5501.07275390625,13.877250671386719,0.14972448348999023
Bolivia,What is the capital of Bolivia? Answer with only the capital city.,chat_template,10,9000.8330078125,27.20071792602539,0.22137859463691711
Bolivia,What is the capital of Bolivia? Answer with only the capital city.,chat_template,11,9160.037109375,3.8936524391174316,0.2033313363790512
Bolivia,What is the capital of Bolivia? Answer with only the capital city.,chat_template,12,12561.921875,29.887229919433594,0.15844328701496124
Bolivia,What is the capital of Bolivia? Answer with only the capital city.,chat_template,13,15252.953125,22.702953338623047,0.13010770082473755
Bolivia,What is the capital of Bolivia? Answer with only the capital city.,chat_template,14,18553.486328125,47.748382568359375,0.12663701176643372
Bolivia,What is the capital of Bolivia? Answer with only the capital city.,chat_template,15,20770.67578125,34.69200897216797,0.1154991164803505
Bolivia,What is the capital of Bolivia? Answer with only the capital city.,chat_template,16,24689.2421875,32.674156188964844,0.12168458849191666
Bolivia,What is the capital of Bolivia? Answer with only the capital city.,chat_template,17,307.3240661621094,9.597639083862305,0.15049070119857788
Bosnia and Herzegovina,What is the capital of Bosnia and Herzegovina?,raw_question,0,153.35792541503906,180.80140686035156,0.25609782338142395
Bosnia and Herzegovina,What is the capital of Bosnia and Herzegovina?,raw_question,1,1064.0987548828125,104.7325439453125,0.19807858765125275
Bosnia and Herzegovina,What is the capital of Bosnia and Herzegovina?,raw_question,2,1338.9041748046875,16.475624084472656,0.16126197576522827
Bosnia and Herzegovina,What is the capital of Bosnia and Herzegovina?,raw_question,3,1655.074951171875,13.708501815795898,0.19983479380607605
Bosnia and Herzegovina,What is the capital of Bosnia and Herzegovina?,raw_question,4,2118.297119140625,9.857034683227539,0.184512197971344
Bosnia and Herzegovina,What is the capital of Bosnia and Herzegovina?,raw_question,5,2718.15283203125,20.6656494140625,0.1475762575864792
Bosnia and Herzegovina,What is the capital of Bosnia and Herzegovina?,raw_question,6,3304.096923828125,7.6732940673828125,0.15735816955566406
Bosnia and Herzegovina,What is the capital of Bosnia and Herzegovina?,raw_question,7,5166.40380859375,16.793825149536133,0.16727802157402039
Bosnia and Herzegovina,What is the capital of Bosnia and Herzegovina?,raw_question,8,5983.78125,16.93526268005371,0.1694526970386505
Bosnia and Herzegovina,What is the capital of Bosnia and Herzegovina?,raw_question,9,5230.9140625,12.235905647277832,0.1293608844280243
Bosnia and Herzegovina,What is the capital of Bosnia and Herzegovina?,raw_question,10,10647.7783203125,24.148527145385742,0.19660449028015137
Bosnia and Herzegovina,What is the capital of Bosnia and Herzegovina?,raw_question,11,10995.4521484375,3.706857681274414,0.16897153854370117
Bosnia and Herzegovina,What is the capital of Bosnia and Herzegovina?,raw_question,12,13145.62109375,26.895498275756836,0.12875042855739594
Bosnia and Herzegovina,What is the capital of Bosnia and Herzegovina?,raw_question,13,16407.49609375,25.37636375427246,0.10537569969892502
Bosnia and Herzegovina,What is the capital of Bosnia and Herzegovina?,raw_question,14,17408.220703125,45.61198043823242,0.1052669957280159
Bosnia and Herzegovina,What is the capital of Bosnia and Herzegovina?,raw_question,15,18322.41796875,33.39912033081055,0.09859634935855865
Bosnia and Herzegovina,What is the capital of Bosnia and Herzegovina?,raw_question,16,24840.228515625,39.10040283203125,0.08903318643569946
Bosnia and Herzegovina,What is the capital of Bosnia and Herzegovina?,raw_question,17,166.99371337890625,10.627711296081543,0.11722962558269501
Bosnia and Herzegovina,The capital of Bosnia and Herzegovina is,declarative,0,131.8736114501953,170.7366180419922,0.21110570430755615
Bosnia and Herzegovina,The capital of Bosnia and Herzegovina is,declarative,1,859.3765258789062,121.27745819091797,0.2412165254354477
Bosnia and Herzegovina,The capital of Bosnia and Herzegovina is,declarative,2,1194.5841064453125,21.264402389526367,0.18895114958286285
Bosnia and Herzegovina,The capital of Bosnia and Herzegovina is,declarative,3,1653.8009033203125,14.290865898132324,0.21924705803394318
Bosnia and Herzegovina,The capital of Bosnia and Herzegovina is,declarative,4,2211.588134765625,9.849652290344238,0.1821751743555069
Bosnia and Herzegovina,The capital of Bosnia and Herzegovina is,declarative,5,2790.587646484375,20.009727478027344,0.14975973963737488
Bosnia and Herzegovina,The capital of Bosnia and Herzegovina is,declarative,6,3694.8291015625,7.937662601470947,0.167375385761261
Bosnia and Herzegovina,The capital of Bosnia and Herzegovina is,declarative,7,5913.65673828125,17.182403564453125,0.17589014768600464
Bosnia and Herzegovina,The capital of Bosnia and Herzegovina is,declarative,8,5621.8076171875,16.67517852783203,0.1758449822664261
Bosnia and Herzegovina,The capital of Bosnia and Herzegovina is,declarative,9,5693.89794921875,14.325956344604492,0.13437265157699585
Bosnia and Herzegovina,The capital of Bosnia and Herzegovina is,declarative,10,8751.5673828125,27.795852661132812,0.1910114288330078
Bosnia and Herzegovina,The capital of Bosnia and Herzegovina is,declarative,11,10053.3759765625,5.324851036071777,0.19602090120315552
Bosnia and Herzegovina,The capital of Bosnia and Herzegovina is,declarative,12,13140.42578125,34.96177673339844,0.16116264462471008
Bosnia and Herzegovina,The capital of Bosnia and Herzegovina is,declarative,13,16024.5546875,24.54810333251953,0.12934887409210205
Bosnia and Herzegovina,The capital of Bosnia and Herzegovina is,declarative,14,19981.568359375,52.151824951171875,0.12145169079303741
Bosnia and Herzegovina,The capital of Bosnia and Herzegovina is,declarative,15,21205.896484375,36.72733688354492,0.10243123769760132
Bosnia and Herzegovina,The capital of Bosnia and Herzegovina is,declarative,16,24561.849609375,37.14374923706055,0.10420447587966919
Bosnia and Herzegovina,The capital of Bosnia and Herzegovina is,declarative,17,268.1659240722656,10.254141807556152,0.13250800967216492
Bosnia and Herzegovina,"Q: What is the capital of Bosnia and Herzegovina?
A:",qa,0,125.18830871582031,163.74525451660156,0.2811034917831421
Bosnia and Herzegovina,"Q: What is the capital of Bosnia and Herzegovina?
A:",qa,1,806.2083129882812,148.69744873046875,0.24094603955745697
Bosnia and Herzegovina,"Q: What is the capital of Bosnia and Herzegovina?
A:",qa,2,1000.2277221679688,20.42972755432129,0.1754572093486786
Bosnia and Herzegovina,"Q: What is the capital of Bosnia and Herzegovina?
A:",qa,3,1840.6077880859375,14.390619277954102,0.21890652179718018
Bosnia and Herzegovina,"Q: What is the capital of Bosnia and Herzegovina?
A:",qa,4,2115.218017578125,11.636824607849121,0.1737482249736786
Bosnia and Herzegovina,"Q: What is the capital of Bosnia and Herzegovina?
A:",qa,5,3536.26220703125,16.6875,0.15325511991977692
Bosnia and Herzegovina,"Q: What is the capital of Bosnia and Herzegovina?
A:",qa,6,3488.406005859375,6.397370338439941,0.15218548476696014
Bosnia and Herzegovina,"Q: What is the capital of Bosnia and Herzegovina?
A:",qa,7,4770.33154296875,16.30476188659668,0.1618100106716156
Bosnia and Herzegovina,"Q: What is the capital of Bosnia and Herzegovina?
A:",qa,8,5427.08544921875,15.281927108764648,0.19047078490257263
Bosnia and Herzegovina,"Q: What is the capital of Bosnia and Herzegovina?
A:",qa,9,5161.228515625,14.91663932800293,0.13675940036773682
Bosnia and Herzegovina,"Q: What is the capital of Bosnia and Herzegovina?
A:",qa,10,8440.3779296875,29.029428482055664,0.19178231060504913
Bosnia and Herzegovina,"Q: What is the capital of Bosnia and Herzegovina?
A:",qa,11,8803.8564453125,5.014571666717529,0.19308283925056458
Bosnia and Herzegovina,"Q: What is the capital of Bosnia and Herzegovina?
A:",qa,12,12484.1318359375,36.03094482421875,0.15667584538459778
Bosnia and Herzegovina,"Q: What is the capital of Bosnia and Herzegovina?
A:",qa,13,14890.787109375,25.153594970703125,0.12150174379348755
Bosnia and Herzegovina,"Q: What is the capital of Bosnia and Herzegovina?
A:",qa,14,19187.076171875,47.093135833740234,0.1182607114315033
Bosnia and Herzegovina,"Q: What is the capital of Bosnia and Herzegovina?
A:",qa,15,20325.890625,38.398075103759766,0.09971466660499573
Bosnia and Herzegovina,"Q: What is the capital of Bosnia and Herzegovina?
A:",qa,16,25785.794921875,36.706905364990234,0.09719126671552658
Bosnia and Herzegovina,"Q: What is the capital of Bosnia and Herzegovina?
A:",qa,17,208.88442993164062,12.053631782531738,0.12026791274547577
Bosnia and Herzegovina,What is the capital of Bosnia and Herzegovina? Answer with only the capital city.,chat_template,0,171.49038696289062,169.55931091308594,0.19983136653900146
Bosnia and Herzegovina,What is the capital of Bosnia and Herzegovina? Answer with only the capital city.,chat_template,1,788.039794921875,127.38546752929688,0.17004607617855072
Bosnia and Herzegovina,What is the capital of Bosnia and Herzegovina? Answer with only the capital city.,chat_template,2,1051.18017578125,23.606184005737305,0.159336656332016
Bosnia and Herzegovina,What is the capital of Bosnia and Herzegovina? Answer with only the capital city.,chat_template,3,1382.39990234375,13.670543670654297,0.19641315937042236
Bosnia and Herzegovina,What is the capital of Bosnia and Herzegovina? Answer with only the capital city.,chat_template,4,804.1353149414062,12.223641395568848,0.1952325403690338
Bosnia and Herzegovina,What is the capital of Bosnia and Herzegovina? Answer with only the capital city.,chat_template,5,2377.863525390625,19.831743240356445,0.13930632174015045
Bosnia and Herzegovina,What is the capital of Bosnia and Herzegovina? Answer with only the capital city.,chat_template,6,3371.111328125,6.881579399108887,0.163471981883049
Bosnia and Herzegovina,What is the capital of Bosnia and Herzegovina? Answer with only the capital city.,chat_template,7,4783.083984375,15.961658477783203,0.17007862031459808
Bosnia and Herzegovina,What is the capital of Bosnia and Herzegovina? Answer with only the capital city.,chat_template,8,5308.6240234375,18.78834342956543,0.19947212934494019
Bosnia and Herzegovina,What is the capital of Bosnia and Herzegovina? Answer with only the capital city.,chat_template,9,5591.96728515625,13.949224472045898,0.15020325779914856
Bosnia and Herzegovina,What is the capital of Bosnia and Herzegovina? Answer with only the capital city.,chat_template,10,9194.5283203125,27.196063995361328,0.22235696017742157
Bosnia and Herzegovina,What is the capital of Bosnia and Herzegovina? Answer with only the capital city.,chat_template,11,9311.9853515625,3.7907490730285645,0.20280759036540985
Bosnia and Herzegovina,What is the capital of Bosnia and Herzegovina? Answer with only the capital city.,chat_template,12,13503.3740234375,32.680992126464844,0.15704604983329773
Bosnia and Herzegovina,What is the capital of Bosnia and Herzegovina? Answer with only the capital city.,chat_template,13,15930.380859375,22.08375358581543,0.1274823248386383
Bosnia and Herzegovina,What is the capital of Bosnia and Herzegovina? Answer with only the capital city.,chat_template,14,19534.77734375,47.46678161621094,0.12410993874073029
Bosnia and Herzegovina,What is the capital of Bosnia and Herzegovina? Answer with only the capital city.,chat_template,15,20385.36328125,36.836021423339844,0.10954409092664719
Bosnia and Herzegovina,What is the capital of Bosnia and Herzegovina? Answer with only the capital city.,chat_template,16,24752.330078125,31.194337844848633,0.11851606518030167
Bosnia and Herzegovina,What is the capital of Bosnia and Herzegovina? Answer with only the capital city.,chat_template,17,301.0333251953125,10.434662818908691,0.14739727973937988
Botswana,What is the capital of Botswana?,raw_question,0,153.8341064453125,194.05828857421875,0.25654685497283936
Botswana,What is the capital of Botswana?,raw_question,1,1066.7860107421875,105.557861328125,0.1975795328617096
Botswana,What is the capital of Botswana?,raw_question,2,1300.6949462890625,16.0831241607666,0.1609121412038803
Botswana,What is the capital of Botswana?,raw_question,3,1597.3502197265625,13.773544311523438,0.199485182762146
Botswana,What is the capital of Botswana?,raw_question,4,2411.716552734375,9.859145164489746,0.18557751178741455
Botswana,What is the capital of Botswana?,raw_question,5,2771.580322265625,19.85085105895996,0.14440271258354187
Botswana,What is the capital of Botswana?,raw_question,6,3154.1904296875,8.2706298828125,0.1570919156074524
Botswana,What is the capital of Botswana?,raw_question,7,4985.71337890625,17.004549026489258,0.16736078262329102
Botswana,What is the capital of Botswana?,raw_question,8,5892.12744140625,16.301715850830078,0.17072360217571259
Botswana,What is the capital of Botswana?,raw_question,9,5227.39453125,12.234886169433594,0.1320924311876297
Botswana,What is the capital of Botswana?,raw_question,10,10392.662109375,24.79798126220703,0.19784866273403168
Botswana,What is the capital of Botswana?,raw_question,11,10729.0927734375,3.510871410369873,0.17019689083099365
Botswana,What is the capital of Botswana?,raw_question,12,12838.21875,27.679302215576172,0.13089847564697266
Botswana,What is the capital of Botswana?,raw_question,13,15974.5341796875,26.327327728271484,0.1086803525686264
Botswana,What is the capital of Botswana?,raw_question,14,17284.287109375,45.943397521972656,0.11031261086463928
Botswana,What is the capital of Botswana?,raw_question,15,18363.44140625,34.53249740600586,0.10181291401386261
Botswana,What is the capital of Botswana?,raw_question,16,24843.087890625,39.058448791503906,0.08971087634563446
Botswana,What is the capital of Botswana?,raw_question,17,163.47645568847656,11.406888008117676,0.11895044893026352
Botswana,The capital of Botswana is,declarative,0,132.9576873779297,159.1110076904297,0.2134619504213333
Botswana,The capital of Botswana is,declarative,1,859.6669921875,126.40637969970703,0.24173104763031006
Botswana,The capital of Botswana is,declarative,2,1196.1497802734375,22.032499313354492,0.1910448968410492
Botswana,The capital of Botswana is,declarative,3,1594.1973876953125,14.382214546203613,0.22075611352920532
Botswana,The capital of Botswana is,declarative,4,2496.755615234375,10.043275833129883,0.1832316368818283
Botswana,The capital of Botswana is,declarative,5,2861.186279296875,19.798486709594727,0.147348091006279
Botswana,The capital of Botswana is,declarative,6,3520.2119140625,8.381634712219238,0.1635635495185852
Botswana,The capital of Botswana is,declarative,7,5608.81298828125,17.71895408630371,0.172798752784729
Botswana,The capital of Botswana is,declarative,8,5384.294921875,16.46472930908203,0.17308419942855835
Botswana,The capital of Botswana is,declarative,9,5639.330078125,14.738297462463379,0.13764940202236176
Botswana,The capital of Botswana is,declarative,10,8681.109375,28.661235809326172,0.198419988155365
Botswana,The capital of Botswana is,declarative,11,9884.1142578125,4.923705577850342,0.19688358902931213
Botswana,The capital of Botswana is,declarative,12,12359.8515625,38.033363342285156,0.1571401059627533
Botswana,The capital of Botswana is,declarative,13,15219.98046875,24.378204345703125,0.1282547414302826
Botswana,The capital of Botswana is,declarative,14,18850.609375,51.63051223754883,0.12623581290245056
Botswana,The capital of Botswana is,declarative,15,21034.634765625,34.722862243652344,0.109498992562294
Botswana,The capital of Botswana is,declarative,16,24302.859375,35.9444694519043,0.10799109935760498
Botswana,The capital of Botswana is,declarative,17,257.84747314453125,9.686379432678223,0.13730627298355103
Botswana,"Q: What is the capital of Botswana?
A:",qa,0,125.89244079589844,162.51446533203125,0.2854171395301819
Botswana,"Q: What is the capital of Botswana?
A:",qa,1,812.065673828125,146.46469116210938,0.23909607529640198
Botswana,"Q: What is the capital of Botswana?
A:",qa,2,1006.7081909179688,21.36574935913086,0.17526185512542725
Botswana,"Q: What is the capital of Botswana?
A:",qa,3,1813.1787109375,14.037034034729004,0.21918721497058868
Botswana,"Q: What is the capital of Botswana?
A:",qa,4,2117.85693359375,11.524545669555664,0.1764122098684311
Botswana,"Q: What is the capital of Botswana?
A:",qa,5,3504.464599609375,16.62879753112793,0.1528279185295105
Botswana,"Q: What is the capital of Botswana?
A:",qa,6,3620.838134765625,6.246877670288086,0.1521230787038803
Botswana,"Q: What is the capital of Botswana?
A:",qa,7,4889.12353515625,16.217981338500977,0.16194576025009155
Botswana,"Q: What is the capital of Botswana?
A:",qa,8,5404.85400390625,15.176182746887207,0.189268559217453
Botswana,"Q: What is the capital of Botswana?
A:",qa,9,5200.49560546875,14.781440734863281,0.13520455360412598
Botswana,"Q: What is the capital of Botswana?
A:",qa,10,8296.296875,30.7242374420166,0.1900956928730011
Botswana,"Q: What is the capital of Botswana?
A:",qa,11,8824.5986328125,5.143161773681641,0.1914728730916977
Botswana,"Q: What is the capital of Botswana?
A:",qa,12,12125.2568359375,37.2215576171875,0.15217798948287964
Botswana,"Q: What is the capital of Botswana?
A:",qa,13,14488.08203125,24.933456420898438,0.11703886091709137
Botswana,"Q: What is the capital of Botswana?
A:",qa,14,18074.060546875,47.961265563964844,0.11690735816955566
Botswana,"Q: What is the capital of Botswana?
A:",qa,15,19826.6328125,34.96820068359375,0.10089753568172455
Botswana,"Q: What is the capital of Botswana?
A:",qa,16,25190.892578125,35.02205276489258,0.09176947176456451
Botswana,"Q: What is the capital of Botswana?
A:",qa,17,194.08876037597656,13.216573715209961,0.11718477308750153
Botswana,What is the capital of Botswana? Answer with only the capital city.,chat_template,0,171.45327758789062,169.8609619140625,0.2009909749031067
Botswana,What is the capital of Botswana? Answer with only the capital city.,chat_template,1,783.5911865234375,127.89669036865234,0.17015966773033142
Botswana,What is the capital of Botswana? Answer with only the capital city.,chat_template,2,1043.2354736328125,23.347257614135742,0.1598774492740631
Botswana,What is the capital of Botswana? Answer with only the capital city.,chat_template,3,1384.6837158203125,13.64805793762207,0.1957360804080963
Botswana,What is the capital of Botswana? Answer with only the capital city.,chat_template,4,798.59765625,12.226149559020996,0.19526582956314087
Botswana,What is the capital of Botswana? Answer with only the capital city.,chat_template,5,2386.994140625,19.67917823791504,0.13979306817054749
Botswana,What is the capital of Botswana? Answer with only the capital city.,chat_template,6,3425.474609375,6.829463958740234,0.1640368402004242
Botswana,What is the capital of Botswana? Answer with only the capital city.,chat_template,7,4701.33544921875,15.907567977905273,0.16970759630203247
Botswana,What is the capital of Botswana? Answer with only the capital city.,chat_template,8,5244.798828125,18.756271362304688,0.20059612393379211
Botswana,What is the capital of Botswana? Answer with only the capital city.,chat_template,9,5448.04638671875,14.217029571533203,0.14991551637649536
Botswana,What is the capital of Botswana? Answer with only the capital city.,chat_template,10,8942.798828125,27.995166778564453,0.22259780764579773
Botswana,What is the capital of Botswana? Answer with only the capital city.,chat_template,11,9213.6015625,4.007844924926758,0.2069081962108612
Botswana,What is the capital of Botswana? Answer with only the capital city.,chat_template,12,12637.09375,30.940200805664062,0.1564020961523056
Botswana,What is the capital of Botswana? Answer with only the capital city.,chat_template,13,15357.2802734375,22.25537872314453,0.12648558616638184
Botswana,What is the capital of Botswana? Answer with only the capital city.,chat_template,14,18815.923828125,47.88768005371094,0.12955030798912048
Botswana,What is the capital of Botswana? Answer with only the capital city.,chat_template,15,20939.390625,31.905502319335938,0.11396494507789612
Botswana,What is the capital of Botswana? Answer with only the capital city.,chat_template,16,24619.865234375,32.703643798828125,0.11509743332862854
Botswana,What is the capital of Botswana? Answer with only the capital city.,chat_template,17,300.66632080078125,10.049322128295898,0.14551395177841187
Brazil,What is the capital of Brazil?,raw_question,0,154.84521484375,193.15769958496094,0.25711143016815186
Brazil,What is the capital of Brazil?,raw_question,1,1063.8519287109375,104.89605712890625,0.19873803853988647
Brazil,What is the capital of Brazil?,raw_question,2,1301.3809814453125,16.22303009033203,0.16151085495948792
Brazil,What is the capital of Brazil?,raw_question,3,1582.532958984375,13.426145553588867,0.20231205224990845
Brazil,What is the capital of Brazil?,raw_question,4,2286.261962890625,9.980422973632812,0.1866050362586975
Brazil,What is the capital of Brazil?,raw_question,5,2709.33056640625,20.09559440612793,0.14358919858932495
Brazil,What is the capital of Brazil?,raw_question,6,3315.795166015625,8.197091102600098,0.15936757624149323
Brazil,What is the capital of Brazil?,raw_question,7,5095.60302734375,16.653804779052734,0.16722235083580017
Brazil,What is the capital of Brazil?,raw_question,8,5968.43310546875,16.22789764404297,0.16987207531929016
Brazil,What is the capital of Brazil?,raw_question,9,5366.416015625,12.126070976257324,0.13211604952812195
Brazil,What is the capital of Brazil?,raw_question,10,10585.6796875,25.567344665527344,0.19759637117385864
Brazil,What is the capital of Brazil?,raw_question,11,10953.6796875,3.4951839447021484,0.16998086869716644
Brazil,What is the capital of Brazil?,raw_question,12,12825.1318359375,27.726850509643555,0.12728117406368256
Brazil,What is the capital of Brazil?,raw_question,13,16289.8759765625,25.760196685791016,0.10651654005050659
Brazil,What is the capital of Brazil?,raw_question,14,17240.55859375,44.74905776977539,0.10713443905115128
Brazil,What is the capital of Brazil?,raw_question,15,18239.736328125,33.760948181152344,0.1000405102968216
Brazil,What is the capital of Brazil?,raw_question,16,24560.294921875,40.472225189208984,0.09111521393060684
Brazil,What is the capital of Brazil?,raw_question,17,173.05035400390625,10.434229850769043,0.11767169833183289
Brazil,The capital of Brazil is,declarative,0,130.74331665039062,160.34068298339844,0.21281716227531433
Brazil,The capital of Brazil is,declarative,1,859.603271484375,127.45568084716797,0.24091413617134094
Brazil,The capital of Brazil is,declarative,2,1225.8238525390625,22.842138290405273,0.19361773133277893
Brazil,The capital of Brazil is,declarative,3,1607.3983154296875,13.953780174255371,0.21780090034008026
Brazil,The capital of Brazil is,declarative,4,2381.26611328125,10.040070533752441,0.18052899837493896
Brazil,The capital of Brazil is,declarative,5,2792.29052734375,20.154266357421875,0.14510807394981384
Brazil,The capital of Brazil is,declarative,6,3701.963623046875,8.150474548339844,0.1664547473192215
Brazil,The capital of Brazil is,declarative,7,5701.64306640625,17.35283088684082,0.17119508981704712
Brazil,The capital of Brazil is,declarative,8,5451.08935546875,16.580297470092773,0.1731955111026764
Brazil,The capital of Brazil is,declarative,9,5649.37158203125,14.845776557922363,0.13742753863334656
Brazil,The capital of Brazil is,declarative,10,8811.888671875,29.12307357788086,0.2016410529613495
Brazil,The capital of Brazil is,declarative,11,9928.796875,4.929737567901611,0.19829189777374268
Brazil,The capital of Brazil is,declarative,12,12263.48828125,37.29147720336914,0.1570933759212494
Brazil,The capital of Brazil is,declarative,13,15382.490234375,24.813737869262695,0.12532910704612732
Brazil,The capital of Brazil is,declarative,14,18690.57421875,52.44190979003906,0.12046985328197479
Brazil,The capital of Brazil is,declarative,15,20432.01953125,35.92894744873047,0.10609124600887299
Brazil,The capital of Brazil is,declarative,16,22868.05859375,40.120941162109375,0.1088583916425705
Brazil,The capital of Brazil is,declarative,17,283.30108642578125,11.207926750183105,0.1393747627735138
Brazil,"Q: What is the capital of Brazil?
A:",qa,0,126.16885375976562,161.76536560058594,0.2861079275608063
Brazil,"Q: What is the capital of Brazil?
A:",qa,1,812.2269287109375,148.4765625,0.24047015607357025
Brazil,"Q: What is the capital of Brazil?
A:",qa,2,1007.3544311523438,21.460981369018555,0.1772235631942749
Brazil,"Q: What is the capital of Brazil?
A:",qa,3,1835.4744873046875,14.020607948303223,0.22020865976810455
Brazil,"Q: What is the capital of Brazil?
A:",qa,4,2104.84375,11.526711463928223,0.17656421661376953
Brazil,"Q: What is the capital of Brazil?
A:",qa,5,3467.50146484375,16.651294708251953,0.15283536911010742
Brazil,"Q: What is the capital of Brazil?
A:",qa,6,3667.300048828125,6.165661811828613,0.15262578427791595
Brazil,"Q: What is the capital of Brazil?
A:",qa,7,4885.30908203125,16.243410110473633,0.16079393029212952
Brazil,"Q: What is the capital of Brazil?
A:",qa,8,5399.0263671875,15.425073623657227,0.18990764021873474
Brazil,"Q: What is the capital of Brazil?
A:",qa,9,5163.69384765625,14.940533638000488,0.1353471428155899
Brazil,"Q: What is the capital of Brazil?
A:",qa,10,8261.1689453125,30.735761642456055,0.18950499594211578
Brazil,"Q: What is the capital of Brazil?
A:",qa,11,8838.142578125,5.136740207672119,0.19153301417827606
Brazil,"Q: What is the capital of Brazil?
A:",qa,12,11667.9736328125,35.718666076660156,0.15096861124038696
Brazil,"Q: What is the capital of Brazil?
A:",qa,13,14523.740234375,26.504716873168945,0.11606944352388382
Brazil,"Q: What is the capital of Brazil?
A:",qa,14,17973.966796875,47.12089157104492,0.11519976705312729
Brazil,"Q: What is the capital of Brazil?
A:",qa,15,19776.65234375,37.18642044067383,0.09906192123889923
Brazil,"Q: What is the capital of Brazil?
A:",qa,16,24781.873046875,38.42753601074219,0.0959722027182579
Brazil,"Q: What is the capital of Brazil?
A:",qa,17,210.2576446533203,12.872633934020996,0.12269473820924759
Brazil,What is the capital of Brazil? Answer with only the capital city.,chat_template,0,171.94158935546875,169.4046173095703,0.2017315924167633
Brazil,What is the capital of Brazil? Answer with only the capital city.,chat_template,1,783.72314453125,129.08462524414062,0.17094087600708008
Brazil,What is the capital of Brazil? Answer with only the capital city.,chat_template,2,1039.6024169921875,23.360443115234375,0.15988411009311676
Brazil,What is the capital of Brazil? Answer with only the capital city.,chat_template,3,1384.6456298828125,13.598332405090332,0.19547154009342194
Brazil,What is the capital of Brazil? Answer with only the capital city.,chat_template,4,784.532470703125,12.325733184814453,0.19602540135383606
Brazil,What is the capital of Brazil? Answer with only the capital city.,chat_template,5,2379.98681640625,19.854833602905273,0.13939711451530457
Brazil,What is the capital of Brazil? Answer with only the capital city.,chat_template,6,3439.815673828125,6.814788818359375,0.1648406833410263
Brazil,What is the capital of Brazil? Answer with only the capital city.,chat_template,7,4696.4296875,15.871221542358398,0.17053736746311188
Brazil,What is the capital of Brazil? Answer with only the capital city.,chat_template,8,5180.4189453125,18.55674934387207,0.2006952166557312
Brazil,What is the capital of Brazil? Answer with only the capital city.,chat_template,9,5410.9716796875,13.905196189880371,0.1505068987607956
Brazil,What is the capital of Brazil? Answer with only the capital city.,chat_template,10,8879.6767578125,27.80232048034668,0.22317978739738464
Brazil,What is the capital of Brazil? Answer with only the capital city.,chat_template,11,9174.908203125,3.828003168106079,0.2053094506263733
Brazil,What is the capital of Brazil? Answer with only the capital city.,chat_template,12,12430.4228515625,29.305618286132812,0.155290424823761
Brazil,What is the capital of Brazil? Answer with only the capital city.,chat_template,13,15208.0107421875,22.739940643310547,0.12338197231292725
Brazil,What is the capital of Brazil? Answer with only the capital city.,chat_template,14,17953.5625,47.93850326538086,0.1254611760377884
Brazil,What is the capital of Brazil? Answer with only the capital city.,chat_template,15,19148.90625,35.67477798461914,0.11938142776489258
Brazil,What is the capital of Brazil? Answer with only the capital city.,chat_template,16,21805.564453125,35.19560623168945,0.1283627450466156
Brazil,What is the capital of Brazil? Answer with only the capital city.,chat_template,17,304.9209899902344,11.088282585144043,0.16426536440849304
Brunei,What is the capital of Brunei?,raw_question,0,154.44390869140625,193.19102478027344,0.2569366991519928
Brunei,What is the capital of Brunei?,raw_question,1,1074.8145751953125,110.64766693115234,0.19537746906280518
Brunei,What is the capital of Brunei?,raw_question,2,1286.178955078125,16.13966178894043,0.15986773371696472
Brunei,What is the capital of Brunei?,raw_question,3,1624.9652099609375,13.7521390914917,0.20284095406532288
Brunei,What is the capital of Brunei?,raw_question,4,2348.903076171875,10.468783378601074,0.1866147220134735
Brunei,What is the capital of Brunei?,raw_question,5,2672.274169921875,19.883506774902344,0.14368347823619843
Brunei,What is the capital of Brunei?,raw_question,6,3298.448486328125,8.522193908691406,0.15941956639289856
Brunei,What is the capital of Brunei?,raw_question,7,4940.3564453125,16.786951065063477,0.16625237464904785
Brunei,What is the capital of Brunei?,raw_question,8,5780.42333984375,16.594329833984375,0.17290490865707397
Brunei,What is the capital of Brunei?,raw_question,9,5299.01220703125,12.18505573272705,0.13587787747383118
Brunei,What is the capital of Brunei?,raw_question,10,10522.4091796875,24.291440963745117,0.19667886197566986
Brunei,What is the capital of Brunei?,raw_question,11,10819.8828125,3.5290818214416504,0.17034997045993805
Brunei,What is the capital of Brunei?,raw_question,12,12829.7177734375,25.69735336303711,0.12978723645210266
Brunei,What is the capital of Brunei?,raw_question,13,16076.59375,25.26012420654297,0.10920556634664536
Brunei,What is the capital of Brunei?,raw_question,14,17251.677734375,44.9864616394043,0.1115434318780899
Brunei,What is the capital of Brunei?,raw_question,15,17992.541015625,34.03437423706055,0.10456520318984985
Brunei,What is the capital of Brunei?,raw_question,16,24751.53515625,40.2928466796875,0.09353099763393402
Brunei,What is the capital of Brunei?,raw_question,17,170.83335876464844,10.629260063171387,0.12168228626251221
Brunei,The capital of Brunei is,declarative,0,132.2407989501953,160.1666259765625,0.21354742348194122
Brunei,The capital of Brunei is,declarative,1,867.42041015625,134.39309692382812,0.23906013369560242
Brunei,The capital of Brunei is,declarative,2,1188.592529296875,21.55610466003418,0.18937885761260986
Brunei,The capital of Brunei is,declarative,3,1652.14794921875,14.343831062316895,0.22511911392211914
Brunei,The capital of Brunei is,declarative,4,2478.11474609375,10.750545501708984,0.1845390796661377
Brunei,The capital of Brunei is,declarative,5,2792.15380859375,19.776206970214844,0.14604511857032776
Brunei,The capital of Brunei is,declarative,6,3559.695068359375,8.920284271240234,0.16451214253902435
Brunei,The capital of Brunei is,declarative,7,5640.58203125,17.602195739746094,0.17175906896591187
Brunei,The capital of Brunei is,declarative,8,5381.119140625,16.258438110351562,0.17268551886081696
Brunei,The capital of Brunei is,declarative,9,5665.2939453125,14.574048042297363,0.13741667568683624
Brunei,The capital of Brunei is,declarative,10,8547.3701171875,28.124032974243164,0.1944526731967926
Brunei,The capital of Brunei is,declarative,11,9928.2138671875,5.1752753257751465,0.196070596575737
Brunei,The capital of Brunei is,declarative,12,12552.5517578125,38.88498306274414,0.15983450412750244
Brunei,The capital of Brunei is,declarative,13,15749.681640625,25.25201988220215,0.13201162219047546
Brunei,The capital of Brunei is,declarative,14,19726.275390625,51.80853271484375,0.12361444532871246
Brunei,The capital of Brunei is,declarative,15,20507.73828125,36.31809997558594,0.10896956920623779
Brunei,The capital of Brunei is,declarative,16,25032.986328125,39.482154846191406,0.1044771820306778
Brunei,The capital of Brunei is,declarative,17,258.75238037109375,9.392295837402344,0.13580316305160522
Brunei,"Q: What is the capital of Brunei?
A:",qa,0,125.78517150878906,162.86138916015625,0.2835824489593506
Brunei,"Q: What is the capital of Brunei?
A:",qa,1,812.03173828125,148.15057373046875,0.23927268385887146
Brunei,"Q: What is the capital of Brunei?
A:",qa,2,999.5689697265625,21.369840621948242,0.1759900152683258
Brunei,"Q: What is the capital of Brunei?
A:",qa,3,1821.1661376953125,14.089043617248535,0.22119486331939697
Brunei,"Q: What is the capital of Brunei?
A:",qa,4,2100.603271484375,11.673822402954102,0.17754817008972168
Brunei,"Q: What is the capital of Brunei?
A:",qa,5,3474.366455078125,16.673450469970703,0.15301498770713806
Brunei,"Q: What is the capital of Brunei?
A:",qa,6,3642.93017578125,6.187908172607422,0.15182897448539734
Brunei,"Q: What is the capital of Brunei?
A:",qa,7,4918.287109375,16.101165771484375,0.16168531775474548
Brunei,"Q: What is the capital of Brunei?
A:",qa,8,5433.07373046875,15.120338439941406,0.1895788609981537
Brunei,"Q: What is the capital of Brunei?
A:",qa,9,5197.74365234375,14.548892974853516,0.13678018748760223
Brunei,"Q: What is the capital of Brunei?
A:",qa,10,8233.3798828125,30.580408096313477,0.19012831151485443
Brunei,"Q: What is the capital of Brunei?
A:",qa,11,8792.3671875,5.34466028213501,0.19226661324501038
Brunei,"Q: What is the capital of Brunei?
A:",qa,12,11868.0185546875,37.82659149169922,0.15641838312149048
Brunei,"Q: What is the capital of Brunei?
A:",qa,13,14581.3466796875,26.477705001831055,0.12091439217329025
Brunei,"Q: What is the capital of Brunei?
A:",qa,14,18496.853515625,47.12102127075195,0.1186743676662445
Brunei,"Q: What is the capital of Brunei?
A:",qa,15,19583.958984375,37.3986701965332,0.1024308055639267
Brunei,"Q: What is the capital of Brunei?
A:",qa,16,25410.333984375,35.752418518066406,0.09287425130605698
Brunei,"Q: What is the capital of Brunei?
A:",qa,17,197.9779052734375,11.453372955322266,0.12227737158536911
Brunei,What is the capital of Brunei? Answer with only the capital city.,chat_template,0,171.49569702148438,169.92825317382812,0.20146924257278442
Brunei,What is the capital of Brunei? Answer with only the capital city.,chat_template,1,784.56591796875,127.916748046875,0.17028914391994476
Brunei,What is the capital of Brunei? Answer with only the capital city.,chat_template,2,1047.440673828125,23.51888656616211,0.1605067253112793
Brunei,What is the capital of Brunei? Answer with only the capital city.,chat_template,3,1371.5638427734375,13.647353172302246,0.1962396502494812
Brunei,What is the capital of Brunei? Answer with only the capital city.,chat_template,4,782.674560546875,12.3451509475708,0.1954542100429535
Brunei,What is the capital of Brunei? Answer with only the capital city.,chat_template,5,2368.40576171875,19.77659034729004,0.13932478427886963
Brunei,What is the capital of Brunei? Answer with only the capital city.,chat_template,6,3462.634765625,6.760396957397461,0.16437885165214539
Brunei,What is the capital of Brunei? Answer with only the capital city.,chat_template,7,4844.169921875,15.983473777770996,0.17053967714309692
Brunei,What is the capital of Brunei? Answer with only the capital city.,chat_template,8,5303.9189453125,18.628406524658203,0.19876250624656677
Brunei,What is the capital of Brunei? Answer with only the capital city.,chat_template,9,5471.55810546875,14.054643630981445,0.15033674240112305
Brunei,What is the capital of Brunei? Answer with only the capital city.,chat_template,10,8998.798828125,27.501131057739258,0.2203364372253418
Brunei,What is the capital of Brunei? Answer with only the capital city.,chat_template,11,9143.091796875,4.053840160369873,0.20265798270702362
Brunei,What is the capital of Brunei? Answer with only the capital city.,chat_template,12,12362.6181640625,35.66270446777344,0.15670405328273773
Brunei,What is the capital of Brunei? Answer with only the capital city.,chat_template,13,15270.9345703125,22.605697631835938,0.12775850296020508
Brunei,What is the capital of Brunei? Answer with only the capital city.,chat_template,14,18910.076171875,45.89362716674805,0.12550991773605347
Brunei,What is the capital of Brunei? Answer with only the capital city.,chat_template,15,18943.212890625,33.845542907714844,0.11701660603284836
Brunei,What is the capital of Brunei? Answer with only the capital city.,chat_template,16,24572.732421875,31.84501838684082,0.11920922994613647
Brunei,What is the capital of Brunei? Answer with only the capital city.,chat_template,17,315.80743408203125,8.40740966796875,0.15189434587955475
Bulgaria,What is the capital of Bulgaria?,raw_question,0,154.3045654296875,193.10012817382812,0.2562735080718994
Bulgaria,What is the capital of Bulgaria?,raw_question,1,1067.65478515625,105.74165344238281,0.1984606236219406
Bulgaria,What is the capital of Bulgaria?,raw_question,2,1293.9495849609375,16.089906692504883,0.16134905815124512
Bulgaria,What is the capital of Bulgaria?,raw_question,3,1626.29931640625,13.557844161987305,0.20309433341026306
Bulgaria,What is the capital of Bulgaria?,raw_question,4,2347.754150390625,9.912501335144043,0.18446029722690582
Bulgaria,What is the capital of Bulgaria?,raw_question,5,2774.000244140625,20.05946159362793,0.1445181667804718
Bulgaria,What is the capital of Bulgaria?,raw_question,6,3194.122314453125,8.355780601501465,0.15788353979587555
Bulgaria,What is the capital of Bulgaria?,raw_question,7,4994.9189453125,16.801158905029297,0.1669909507036209
Bulgaria,What is the capital of Bulgaria?,raw_question,8,5837.224609375,16.307220458984375,0.16958779096603394
Bulgaria,What is the capital of Bulgaria?,raw_question,9,5348.44189453125,11.957974433898926,0.13279235363006592
Bulgaria,What is the capital of Bulgaria?,raw_question,10,10516.9560546875,25.75102424621582,0.19784408807754517
Bulgaria,What is the capital of Bulgaria?,raw_question,11,10777.8212890625,3.455488443374634,0.16920721530914307
Bulgaria,What is the capital of Bulgaria?,raw_question,12,13149.232421875,26.875511169433594,0.12930932641029358
Bulgaria,What is the capital of Bulgaria?,raw_question,13,16345.6884765625,26.427886962890625,0.10661065578460693
Bulgaria,What is the capital of Bulgaria?,raw_question,14,17519.255859375,45.524593353271484,0.10782847553491592
Bulgaria,What is the capital of Bulgaria?,raw_question,15,18312.619140625,34.65414810180664,0.09887641668319702
Bulgaria,What is the capital of Bulgaria?,raw_question,16,24796.76171875,39.729549407958984,0.08924448490142822
Bulgaria,What is the capital of Bulgaria?,raw_question,17,168.36854553222656,10.35755729675293,0.11672358959913254
Bulgaria,The capital of Bulgaria is,declarative,0,132.76422119140625,156.98825073242188,0.21549537777900696
Bulgaria,The capital of Bulgaria is,declarative,1,859.72314453125,127.09212493896484,0.24133412539958954
Bulgaria,The capital of Bulgaria is,declarative,2,1211.0517578125,21.79694938659668,0.19119054079055786
Bulgaria,The capital of Bulgaria is,declarative,3,1631.3970947265625,14.133618354797363,0.21963942050933838
Bulgaria,The capital of Bulgaria is,declarative,4,2396.278564453125,10.174562454223633,0.17986741662025452
Bulgaria,The capital of Bulgaria is,declarative,5,2847.858642578125,20.081132888793945,0.14641201496124268
Bulgaria,The capital of Bulgaria is,declarative,6,3538.615966796875,8.71193790435791,0.1647493839263916
Bulgaria,The capital of Bulgaria is,declarative,7,5669.552734375,17.661645889282227,0.1714743822813034
Bulgaria,The capital of Bulgaria is,declarative,8,5413.89453125,16.454181671142578,0.17313387989997864
Bulgaria,The capital of Bulgaria is,declarative,9,5578.41845703125,14.295231819152832,0.13812100887298584
Bulgaria,The capital of Bulgaria is,declarative,10,8621.5732421875,29.72503662109375,0.1997300684452057
Bulgaria,The capital of Bulgaria is,declarative,11,9803.0439453125,5.004384994506836,0.1961325854063034
Bulgaria,The capital of Bulgaria is,declarative,12,12675.041015625,37.47576141357422,0.16344788670539856
Bulgaria,The capital of Bulgaria is,declarative,13,15500.5576171875,24.271203994750977,0.12685897946357727
Bulgaria,The capital of Bulgaria is,declarative,14,19615.88671875,51.41482925415039,0.12314487248659134
Bulgaria,The capital of Bulgaria is,declarative,15,20579.400390625,35.819984436035156,0.1006399393081665
Bulgaria,The capital of Bulgaria is,declarative,16,23756.63671875,38.794334411621094,0.1001414880156517
Bulgaria,The capital of Bulgaria is,declarative,17,267.3874816894531,10.02067756652832,0.13094761967658997
Bulgaria,"Q: What is the capital of Bulgaria?
A:",qa,0,126.26244354248047,161.37303161621094,0.2873103618621826
Bulgaria,"Q: What is the capital of Bulgaria?
A:",qa,1,808.58056640625,146.3206787109375,0.23877103626728058
Bulgaria,"Q: What is the capital of Bulgaria?
A:",qa,2,1003.1273193359375,21.43962287902832,0.1757436990737915
Bulgaria,"Q: What is the capital of Bulgaria?
A:",qa,3,1812.2786865234375,13.998366355895996,0.2207937240600586
Bulgaria,"Q: What is the capital of Bulgaria?
A:",qa,4,2110.268310546875,11.615046501159668,0.17645975947380066
Bulgaria,"Q: What is the capital of Bulgaria?
A:",qa,5,3485.05712890625,16.659666061401367,0.15284860134124756
Bulgaria,"Q: What is the capital of Bulgaria?
A:",qa,6,3611.097900390625,6.241971969604492,0.15194186568260193
Bulgaria,"Q: What is the capital of Bulgaria?
A:",qa,7,4884.072265625,16.212919235229492,0.16008496284484863
Bulgaria,"Q: What is the capital of Bulgaria?
A:",qa,8,5339.4287109375,15.552777290344238,0.18766847252845764
Bulgaria,"Q: What is the capital of Bulgaria?
A:",qa,9,5129.646484375,14.68111801147461,0.1357061266899109
Bulgaria,"Q: What is the capital of Bulgaria?
A:",qa,10,8260.91015625,30.577594757080078,0.19094300270080566
Bulgaria,"Q: What is the capital of Bulgaria?
A:",qa,11,8746.1845703125,5.14420223236084,0.19146856665611267
Bulgaria,"Q: What is the capital of Bulgaria?
A:",qa,12,12275.810546875,36.860931396484375,0.15722940862178802
Bulgaria,"Q: What is the capital of Bulgaria?
A:",qa,13,14773.462890625,25.94893455505371,0.11657143384218216
Bulgaria,"Q: What is the capital of Bulgaria?
A:",qa,14,18672.140625,46.56352615356445,0.11653696000576019
Bulgaria,"Q: What is the capital of Bulgaria?
A:",qa,15,19546.541015625,36.14775466918945,0.09578769654035568
Bulgaria,"Q: What is the capital of Bulgaria?
A:",qa,16,25175.375,37.133697509765625,0.09060648828744888
Bulgaria,"Q: What is the capital of Bulgaria?
A:",qa,17,196.68832397460938,11.737746238708496,0.11686036735773087
Bulgaria,What is the capital of Bulgaria? Answer with only the capital city.,chat_template,0,171.88951110839844,169.53134155273438,0.20172086358070374
Bulgaria,What is the capital of Bulgaria? Answer with only the capital city.,chat_template,1,787.107421875,127.91429138183594,0.17051951587200165
Bulgaria,What is the capital of Bulgaria? Answer with only the capital city.,chat_template,2,1046.8985595703125,23.42525291442871,0.15935619175434113
Bulgaria,What is the capital of Bulgaria? Answer with only the capital city.,chat_template,3,1390.95166015625,13.633580207824707,0.19634154438972473
Bulgaria,What is the capital of Bulgaria? Answer with only the capital city.,chat_template,4,796.2246704101562,12.360605239868164,0.19600671529769897
Bulgaria,What is the capital of Bulgaria? Answer with only the capital city.,chat_template,5,2392.43505859375,19.693069458007812,0.13933256268501282
Bulgaria,What is the capital of Bulgaria? Answer with only the capital city.,chat_template,6,3460.159912109375,6.835186004638672,0.16412155330181122
Bulgaria,What is the capital of Bulgaria? Answer with only the capital city.,chat_template,7,4750.947265625,15.931832313537598,0.16992294788360596
Bulgaria,What is the capital of Bulgaria? Answer with only the capital city.,chat_template,8,5296.55322265625,18.59551239013672,0.19957908987998962
Bulgaria,What is the capital of Bulgaria? Answer with only the capital city.,chat_template,9,5556.6552734375,13.89830207824707,0.1492566168308258
Bulgaria,What is the capital of Bulgaria? Answer with only the capital city.,chat_template,10,9004.095703125,27.753400802612305,0.22101633250713348
Bulgaria,What is the capital of Bulgaria? Answer with only the capital city.,chat_template,11,9406.7431640625,3.8939907550811768,0.20204082131385803
Bulgaria,What is the capital of Bulgaria? Answer with only the capital city.,chat_template,12,13454.501953125,30.636991500854492,0.1585693657398224
Bulgaria,What is the capital of Bulgaria? Answer with only the capital city.,chat_template,13,15888.0390625,22.261079788208008,0.12316399812698364
Bulgaria,What is the capital of Bulgaria? Answer with only the capital city.,chat_template,14,19622.240234375,45.8291130065918,0.12302675098180771
Bulgaria,What is the capital of Bulgaria? Answer with only the capital city.,chat_template,15,18729.83203125,31.86842918395996,0.10386456549167633
Bulgaria,What is the capital of Bulgaria? Answer with only the capital city.,chat_template,16,22884.390625,32.0156364440918,0.10871380567550659
Bulgaria,What is the capital of Bulgaria? Answer with only the capital city.,chat_template,17,311.2527770996094,10.253271102905273,0.14114531874656677
Burkina Faso,What is the capital of Burkina Faso?,raw_question,0,154.20037841796875,191.49700927734375,0.25143855810165405
Burkina Faso,What is the capital of Burkina Faso?,raw_question,1,1075.2000732421875,106.51236724853516,0.19841253757476807
Burkina Faso,What is the capital of Burkina Faso?,raw_question,2,1301.27734375,16.90862274169922,0.1632651686668396
Burkina Faso,What is the capital of Burkina Faso?,raw_question,3,1575.135498046875,13.84241771697998,0.2008587121963501
Burkina Faso,What is the capital of Burkina Faso?,raw_question,4,2251.030517578125,10.298184394836426,0.18428272008895874
Burkina Faso,What is the capital of Burkina Faso?,raw_question,5,2638.863037109375,20.048809051513672,0.14467473328113556
Burkina Faso,What is the capital of Burkina Faso?,raw_question,6,3239.0947265625,8.031462669372559,0.15828615427017212
Burkina Faso,What is the capital of Burkina Faso?,raw_question,7,5051.1591796875,16.744064331054688,0.1654040515422821
Burkina Faso,What is the capital of Burkina Faso?,raw_question,8,5988.9990234375,16.20077896118164,0.17286238074302673
Burkina Faso,What is the capital of Burkina Faso?,raw_question,9,5299.35205078125,12.31674861907959,0.13278570771217346
Burkina Faso,What is the capital of Burkina Faso?,raw_question,10,10462.048828125,24.034595489501953,0.1972285509109497
Burkina Faso,What is the capital of Burkina Faso?,raw_question,11,10816.3046875,3.4605438709259033,0.17027047276496887
Burkina Faso,What is the capital of Burkina Faso?,raw_question,12,12908.6865234375,27.21710777282715,0.12904316186904907
Burkina Faso,What is the capital of Burkina Faso?,raw_question,13,16169.43359375,25.525781631469727,0.10766731202602386
Burkina Faso,What is the capital of Burkina Faso?,raw_question,14,17211.986328125,45.08487319946289,0.10858266055583954
Burkina Faso,What is the capital of Burkina Faso?,raw_question,15,18474.431640625,34.45603942871094,0.10005570948123932
Burkina Faso,What is the capital of Burkina Faso?,raw_question,16,25094.01953125,39.14308547973633,0.08925247937440872
Burkina Faso,What is the capital of Burkina Faso?,raw_question,17,158.12606811523438,12.228249549865723,0.11586091667413712
Burkina Faso,The capital of Burkina Faso is,declarative,0,131.67327880859375,161.57537841796875,0.21355316042900085
Burkina Faso,The capital of Burkina Faso is,declarative,1,867.5012817382812,127.30928039550781,0.240609809756279
Burkina Faso,The capital of Burkina Faso is,declarative,2,1211.1119384765625,23.38490104675293,0.19170579314231873
Burkina Faso,The capital of Burkina Faso is,declarative,3,1630.1790771484375,14.511536598205566,0.22115834057331085
Burkina Faso,The capital of Burkina Faso is,declarative,4,2347.259521484375,10.431711196899414,0.17870035767555237
Burkina Faso,The capital of Burkina Faso is,declarative,5,2791.471435546875,20.18087387084961,0.1468067318201065
Burkina Faso,The capital of Burkina Faso is,declarative,6,3511.436767578125,8.382979393005371,0.1632603108882904
Burkina Faso,The capital of Burkina Faso is,declarative,7,5551.4208984375,18.214523315429688,0.1691698580980301
Burkina Faso,The capital of Burkina Faso is,declarative,8,5392.638671875,16.592567443847656,0.17494168877601624
Burkina Faso,The capital of Burkina Faso is,declarative,9,5619.99462890625,14.871986389160156,0.13597309589385986
Burkina Faso,The capital of Burkina Faso is,declarative,10,8811.6220703125,27.312576293945312,0.19995641708374023
Burkina Faso,The capital of Burkina Faso is,declarative,11,10025.28125,4.91324520111084,0.19640925526618958
Burkina Faso,The capital of Burkina Faso is,declarative,12,12491.1005859375,36.680850982666016,0.16158218681812286
Burkina Faso,The capital of Burkina Faso is,declarative,13,15538.0546875,24.396482467651367,0.13038772344589233
Burkina Faso,The capital of Burkina Faso is,declarative,14,19484.11328125,51.033241271972656,0.12509295344352722
Burkina Faso,The capital of Burkina Faso is,declarative,15,21654.08984375,36.69622802734375,0.1072387769818306
Burkina Faso,The capital of Burkina Faso is,declarative,16,24637.29296875,36.52032470703125,0.10843239724636078
Burkina Faso,The capital of Burkina Faso is,declarative,17,264.8996276855469,11.00859546661377,0.13612064719200134
Burkina Faso,"Q: What is the capital of Burkina Faso?
A:",qa,0,124.54222106933594,162.9658203125,0.2849510610103607
Burkina Faso,"Q: What is the capital of Burkina Faso?
A:",qa,1,808.6826782226562,147.69906616210938,0.2403145581483841
Burkina Faso,"Q: What is the capital of Burkina Faso?
A:",qa,2,1007.2062377929688,21.23725128173828,0.17589834332466125
Burkina Faso,"Q: What is the capital of Burkina Faso?
A:",qa,3,1804.6495361328125,14.032256126403809,0.2193717062473297
Burkina Faso,"Q: What is the capital of Burkina Faso?
A:",qa,4,2103.964599609375,11.774763107299805,0.1767641007900238
Burkina Faso,"Q: What is the capital of Burkina Faso?
A:",qa,5,3519.035400390625,16.60053253173828,0.15393617749214172
Burkina Faso,"Q: What is the capital of Burkina Faso?
A:",qa,6,3594.7451171875,6.040873050689697,0.15235620737075806
Burkina Faso,"Q: What is the capital of Burkina Faso?
A:",qa,7,4881.77685546875,16.421602249145508,0.16050195693969727
Burkina Faso,"Q: What is the capital of Burkina Faso?
A:",qa,8,5428.8330078125,15.341583251953125,0.18865622580051422
Burkina Faso,"Q: What is the capital of Burkina Faso?
A:",qa,9,5224.1337890625,14.645545959472656,0.13574610650539398
Burkina Faso,"Q: What is the capital of Burkina Faso?
A:",qa,10,8298.6005859375,30.427671432495117,0.1912337839603424
Burkina Faso,"Q: What is the capital of Burkina Faso?
A:",qa,11,8887.177734375,5.129440784454346,0.1916414499282837
Burkina Faso,"Q: What is the capital of Burkina Faso?
A:",qa,12,11937.568359375,36.587974548339844,0.15483608841896057
Burkina Faso,"Q: What is the capital of Burkina Faso?
A:",qa,13,14588.353515625,24.947256088256836,0.12025448679924011
Burkina Faso,"Q: What is the capital of Burkina Faso?
A:",qa,14,18333.681640625,47.05696487426758,0.1183938980102539
Burkina Faso,"Q: What is the capital of Burkina Faso?
A:",qa,15,20651.48046875,36.06035232543945,0.10012215375900269
Burkina Faso,"Q: What is the capital of Burkina Faso?
A:",qa,16,25978.25390625,35.474945068359375,0.0944308266043663
Burkina Faso,"Q: What is the capital of Burkina Faso?
A:",qa,17,188.55262756347656,14.11279296875,0.1188586950302124
Burkina Faso,What is the capital of Burkina Faso? Answer with only the capital city.,chat_template,0,171.2693328857422,169.68284606933594,0.19929812848567963
Burkina Faso,What is the capital of Burkina Faso? Answer with only the capital city.,chat_template,1,783.596923828125,129.12039184570312,0.17083586752414703
Burkina Faso,What is the capital of Burkina Faso? Answer with only the capital city.,chat_template,2,1043.1123046875,23.695674896240234,0.16026023030281067
Burkina Faso,What is the capital of Burkina Faso? Answer with only the capital city.,chat_template,3,1383.4737548828125,13.654777526855469,0.19593171775341034
Burkina Faso,What is the capital of Burkina Faso? Answer with only the capital city.,chat_template,4,790.6039428710938,12.293526649475098,0.19734205305576324
Burkina Faso,What is the capital of Burkina Faso? Answer with only the capital city.,chat_template,5,2382.28857421875,19.673545837402344,0.13973069190979004
Burkina Faso,What is the capital of Burkina Faso? Answer with only the capital city.,chat_template,6,3443.48974609375,6.737272262573242,0.16412273049354553
Burkina Faso,What is the capital of Burkina Faso? Answer with only the capital city.,chat_template,7,4752.35107421875,15.7136869430542,0.16828283667564392
Burkina Faso,What is the capital of Burkina Faso? Answer with only the capital city.,chat_template,8,5331.802734375,18.533342361450195,0.19961883127689362
Burkina Faso,What is the capital of Burkina Faso? Answer with only the capital city.,chat_template,9,5501.38818359375,13.983675003051758,0.14968855679035187
Burkina Faso,What is the capital of Burkina Faso? Answer with only the capital city.,chat_template,10,8939.2529296875,27.33693504333496,0.2214708924293518
Burkina Faso,What is the capital of Burkina Faso? Answer with only the capital city.,chat_template,11,9195.515625,3.6945888996124268,0.20644411444664001
Burkina Faso,What is the capital of Burkina Faso? Answer with only the capital city.,chat_template,12,12674.4208984375,32.747352600097656,0.16054901480674744
Burkina Faso,What is the capital of Burkina Faso? Answer with only the capital city.,chat_template,13,15287.392578125,22.333431243896484,0.129531130194664
Burkina Faso,What is the capital of Burkina Faso? Answer with only the capital city.,chat_template,14,18813.173828125,47.55363082885742,0.12928259372711182
Burkina Faso,What is the capital of Burkina Faso? Answer with only the capital city.,chat_template,15,21280.787109375,36.85020065307617,0.11512331664562225
Burkina Faso,What is the capital of Burkina Faso? Answer with only the capital city.,chat_template,16,25260.859375,32.45612716674805,0.11987894773483276
Burkina Faso,What is the capital of Burkina Faso? Answer with only the capital city.,chat_template,17,295.49481201171875,11.409854888916016,0.14855697751045227
Burundi,What is the capital of Burundi?,raw_question,0,154.9068603515625,192.96876525878906,0.2563941776752472
Burundi,What is the capital of Burundi?,raw_question,1,1075.1024169921875,104.80378723144531,0.19808334112167358
Burundi,What is the capital of Burundi?,raw_question,2,1308.9830322265625,15.959944725036621,0.1606254279613495
Burundi,What is the capital of Burundi?,raw_question,3,1591.6805419921875,13.862507820129395,0.20055651664733887
Burundi,What is the capital of Burundi?,raw_question,4,2300.257568359375,10.21139144897461,0.1868760883808136
Burundi,What is the capital of Burundi?,raw_question,5,2681.025390625,20.019119262695312,0.1440243124961853
Burundi,What is the capital of Burundi?,raw_question,6,3061.171875,8.282661437988281,0.15713828802108765
Burundi,What is the capital of Burundi?,raw_question,7,4931.82666015625,16.787134170532227,0.1675683706998825
Burundi,What is the capital of Burundi?,raw_question,8,5891.07275390625,16.258623123168945,0.17180627584457397
Burundi,What is the capital of Burundi?,raw_question,9,5342.49169921875,12.020744323730469,0.13224700093269348
Burundi,What is the capital of Burundi?,raw_question,10,10457.2998046875,24.822649002075195,0.1967020034790039
Burundi,What is the capital of Burundi?,raw_question,11,10778.0361328125,3.3716201782226562,0.17207300662994385
Burundi,What is the capital of Burundi?,raw_question,12,12791.6474609375,26.53544807434082,0.1308697909116745
Burundi,What is the capital of Burundi?,raw_question,13,15873.0400390625,27.251298904418945,0.10922668874263763
Burundi,What is the capital of Burundi?,raw_question,14,17032.220703125,46.63077163696289,0.11071857810020447
Burundi,What is the capital of Burundi?,raw_question,15,18173.798828125,34.87104034423828,0.10280841588973999
Burundi,What is the capital of Burundi?,raw_question,16,24875.673828125,39.8050537109375,0.09050937741994858
Burundi,What is the capital of Burundi?,raw_question,17,157.82931518554688,10.695440292358398,0.11689279973506927
Burundi,The capital of Burundi is,declarative,0,132.06781005859375,159.1314239501953,0.21569868922233582
Burundi,The capital of Burundi is,declarative,1,863.342529296875,126.81343078613281,0.24374015629291534
Burundi,The capital of Burundi is,declarative,2,1211.2484130859375,21.450345993041992,0.1894133985042572
Burundi,The capital of Burundi is,declarative,3,1644.787109375,14.461629867553711,0.22052788734436035
Burundi,The capital of Burundi is,declarative,4,2378.136962890625,10.365238189697266,0.17935600876808167
Burundi,The capital of Burundi is,declarative,5,2773.490478515625,19.95074462890625,0.14657577872276306
Burundi,The capital of Burundi is,declarative,6,3485.7177734375,8.39970874786377,0.1638253927230835
Burundi,The capital of Burundi is,declarative,7,5514.30517578125,17.74397850036621,0.17069672048091888
Burundi,The capital of Burundi is,declarative,8,5351.9169921875,16.833086013793945,0.1743766963481903
Burundi,The capital of Burundi is,declarative,9,5698.73828125,14.991875648498535,0.13602471351623535
Burundi,The capital of Burundi is,declarative,10,8809.6484375,28.377826690673828,0.19930773973464966
Burundi,The capital of Burundi is,declarative,11,9954.19921875,4.918373107910156,0.196597158908844
Burundi,The capital of Burundi is,declarative,12,12665.1435546875,35.84375,0.16356688737869263
Burundi,The capital of Burundi is,declarative,13,15566.0302734375,23.946861267089844,0.1335832178592682
Burundi,The capital of Burundi is,declarative,14,19164.103515625,52.6390495300293,0.12705740332603455
Burundi,The capital of Burundi is,declarative,15,21227.544921875,36.26646423339844,0.10927031934261322
Burundi,The capital of Burundi is,declarative,16,24199.49609375,36.15201950073242,0.10878245532512665
Burundi,The capital of Burundi is,declarative,17,253.99142456054688,9.995488166809082,0.137657031416893
Burundi,"Q: What is the capital of Burundi?
A:",qa,0,126.24725341796875,161.95655822753906,0.28539222478866577
Burundi,"Q: What is the capital of Burundi?
A:",qa,1,812.1163940429688,147.20687866210938,0.23907974362373352
Burundi,"Q: What is the capital of Burundi?
A:",qa,2,1006.80224609375,21.493080139160156,0.17544114589691162
Burundi,"Q: What is the capital of Burundi?
A:",qa,3,1813.3333740234375,13.989093780517578,0.2195442020893097
Burundi,"Q: What is the capital of Burundi?
A:",qa,4,2135.207763671875,11.500275611877441,0.17621400952339172
Burundi,"Q: What is the capital of Burundi?
A:",qa,5,3472.5341796875,16.74247169494629,0.15290313959121704
Burundi,"Q: What is the capital of Burundi?
A:",qa,6,3613.603759765625,6.168135643005371,0.15206187963485718
Burundi,"Q: What is the capital of Burundi?
A:",qa,7,4887.90234375,16.218303680419922,0.15978042781352997
Burundi,"Q: What is the capital of Burundi?
A:",qa,8,5434.87548828125,15.194378852844238,0.18927592039108276
Burundi,"Q: What is the capital of Burundi?
A:",qa,9,5257.0048828125,14.599204063415527,0.1359551101922989
Burundi,"Q: What is the capital of Burundi?
A:",qa,10,8356.97265625,30.170673370361328,0.18978635966777802
Burundi,"Q: What is the capital of Burundi?
A:",qa,11,8896.1435546875,5.0572590827941895,0.19239038228988647
Burundi,"Q: What is the capital of Burundi?
A:",qa,12,12391.5361328125,34.25923156738281,0.1577075719833374
Burundi,"Q: What is the capital of Burundi?
A:",qa,13,14847.138671875,25.06245994567871,0.12351370602846146
Burundi,"Q: What is the capital of Burundi?
A:",qa,14,18542.58203125,48.68816375732422,0.12156446278095245
Burundi,"Q: What is the capital of Burundi?
A:",qa,15,20524.486328125,38.00564193725586,0.1030517965555191
Burundi,"Q: What is the capital of Burundi?
A:",qa,16,25733.669921875,34.36530685424805,0.09577961266040802
Burundi,"Q: What is the capital of Burundi?
A:",qa,17,182.3650360107422,13.026981353759766,0.11992854624986649
Burundi,What is the capital of Burundi? Answer with only the capital city.,chat_template,0,171.8984832763672,169.68763732910156,0.20196938514709473
Burundi,What is the capital of Burundi? Answer with only the capital city.,chat_template,1,783.6533813476562,128.50729370117188,0.17055752873420715
Burundi,What is the capital of Burundi? Answer with only the capital city.,chat_template,2,1043.172607421875,23.508514404296875,0.15993347764015198
Burundi,What is the capital of Burundi? Answer with only the capital city.,chat_template,3,1383.1829833984375,13.63591194152832,0.1956605613231659
Burundi,What is the capital of Burundi? Answer with only the capital city.,chat_template,4,801.5967407226562,12.265803337097168,0.19470909237861633
Burundi,What is the capital of Burundi? Answer with only the capital city.,chat_template,5,2359.821533203125,19.885190963745117,0.13923555612564087
Burundi,What is the capital of Burundi? Answer with only the capital city.,chat_template,6,3411.741455078125,6.766364574432373,0.16471989452838898
Burundi,What is the capital of Burundi? Answer with only the capital city.,chat_template,7,4694.0,15.7776460647583,0.16881713271141052
Burundi,What is the capital of Burundi? Answer with only the capital city.,chat_template,8,5188.35009765625,18.36427879333496,0.20076557993888855
Burundi,What is the capital of Burundi? Answer with only the capital city.,chat_template,9,5447.421875,13.8726224899292,0.15123075246810913
Burundi,What is the capital of Burundi? Answer with only the capital city.,chat_template,10,8944.9599609375,27.318099975585938,0.22316202521324158
Burundi,What is the capital of Burundi? Answer with only the capital city.,chat_template,11,9176.296875,3.8898463249206543,0.20506776869297028
Burundi,What is the capital of Burundi? Answer with only the capital city.,chat_template,12,13251.48828125,28.584814071655273,0.16106568276882172
Burundi,What is the capital of Burundi? Answer with only the capital city.,chat_template,13,15534.837890625,22.266889572143555,0.13425375521183014
Burundi,What is the capital of Burundi? Answer with only the capital city.,chat_template,14,18824.642578125,47.217166900634766,0.13047872483730316
Burundi,What is the capital of Burundi? Answer with only the capital city.,chat_template,15,21318.498046875,37.16951370239258,0.11700039356946945
Burundi,What is the capital of Burundi? Answer with only the capital city.,chat_template,16,25468.322265625,31.725341796875,0.11807037889957428
Burundi,What is the capital of Burundi? Answer with only the capital city.,chat_template,17,290.2276611328125,9.6671142578125,0.1484299898147583
Cambodia,What is the capital of Cambodia?,raw_question,0,154.65194702148438,191.42893981933594,0.25837162137031555
Cambodia,What is the capital of Cambodia?,raw_question,1,1067.59375,105.01775360107422,0.19787248969078064
Cambodia,What is the capital of Cambodia?,raw_question,2,1308.8125,16.451473236083984,0.1610884815454483
Cambodia,What is the capital of Cambodia?,raw_question,3,1603.7808837890625,13.710336685180664,0.20016993582248688
Cambodia,What is the capital of Cambodia?,raw_question,4,2319.263671875,9.81566047668457,0.18601375818252563
Cambodia,What is the capital of Cambodia?,raw_question,5,2702.046142578125,20.00929832458496,0.14443644881248474
Cambodia,What is the capital of Cambodia?,raw_question,6,3247.06298828125,8.164020538330078,0.158530592918396
Cambodia,What is the capital of Cambodia?,raw_question,7,5060.43994140625,17.022199630737305,0.16685639321804047
Cambodia,What is the capital of Cambodia?,raw_question,8,5934.697265625,16.147930145263672,0.17139539122581482
Cambodia,What is the capital of Cambodia?,raw_question,9,5325.68701171875,12.187304496765137,0.13150064647197723
Cambodia,What is the capital of Cambodia?,raw_question,10,10522.21875,25.022340774536133,0.19519010186195374
Cambodia,What is the capital of Cambodia?,raw_question,11,10832.7705078125,3.463670253753662,0.1691490113735199
Cambodia,What is the capital of Cambodia?,raw_question,12,13020.80859375,27.563697814941406,0.12830844521522522
Cambodia,What is the capital of Cambodia?,raw_question,13,16275.1806640625,26.05193519592285,0.10623792558908463
Cambodia,What is the capital of Cambodia?,raw_question,14,17435.4765625,46.30522537231445,0.10825978219509125
Cambodia,What is the capital of Cambodia?,raw_question,15,18271.169921875,34.80074691772461,0.10074803233146667
Cambodia,What is the capital of Cambodia?,raw_question,16,24644.595703125,39.74706268310547,0.09000850468873978
Cambodia,What is the capital of Cambodia?,raw_question,17,160.0303497314453,11.699576377868652,0.11862264573574066
Cambodia,The capital of Cambodia is,declarative,0,131.55699157714844,159.42710876464844,0.21424782276153564
Cambodia,The capital of Cambodia is,declarative,1,866.6419067382812,129.3141632080078,0.23990119993686676
Cambodia,The capital of Cambodia is,declarative,2,1225.5535888671875,22.1575984954834,0.19020754098892212
Cambodia,The capital of Cambodia is,declarative,3,1630.4532470703125,14.273576736450195,0.21822232007980347
Cambodia,The capital of Cambodia is,declarative,4,2445.0361328125,10.088398933410645,0.1819593608379364
Cambodia,The capital of Cambodia is,declarative,5,2865.682861328125,19.928712844848633,0.14664345979690552
Cambodia,The capital of Cambodia is,declarative,6,3662.956787109375,8.362045288085938,0.1652299463748932
Cambodia,The capital of Cambodia is,declarative,7,5707.9541015625,17.296281814575195,0.1717795729637146
Cambodia,The capital of Cambodia is,declarative,8,5445.67041015625,16.309520721435547,0.17305754125118256
Cambodia,The capital of Cambodia is,declarative,9,5670.763671875,14.484014511108398,0.13641977310180664
Cambodia,The capital of Cambodia is,declarative,10,8741.166015625,29.090715408325195,0.19804921746253967
Cambodia,The capital of Cambodia is,declarative,11,9910.80859375,4.846856117248535,0.1954287886619568
Cambodia,The capital of Cambodia is,declarative,12,12420.7275390625,37.68870162963867,0.15715926885604858
Cambodia,The capital of Cambodia is,declarative,13,15566.478515625,25.018062591552734,0.12860757112503052
Cambodia,The capital of Cambodia is,declarative,14,19466.16796875,52.579833984375,0.12309344857931137
Cambodia,The capital of Cambodia is,declarative,15,20458.0390625,34.97370147705078,0.10958462953567505
Cambodia,The capital of Cambodia is,declarative,16,23643.6953125,37.887996673583984,0.10623140633106232
Cambodia,The capital of Cambodia is,declarative,17,276.1143798828125,9.896928787231445,0.13870182633399963
Cambodia,"Q: What is the capital of Cambodia?
A:",qa,0,126.14318084716797,161.86676025390625,0.28548404574394226
Cambodia,"Q: What is the capital of Cambodia?
A:",qa,1,812.0153198242188,148.53297424316406,0.23854830861091614
Cambodia,"Q: What is the capital of Cambodia?
A:",qa,2,1003.1055908203125,21.399696350097656,0.17568746209144592
Cambodia,"Q: What is the capital of Cambodia?
A:",qa,3,1835.453369140625,14.042801856994629,0.22072343528270721
Cambodia,"Q: What is the capital of Cambodia?
A:",qa,4,2115.2275390625,11.565492630004883,0.17570194602012634
Cambodia,"Q: What is the capital of Cambodia?
A:",qa,5,3510.80908203125,16.59508514404297,0.15255868434906006
Cambodia,"Q: What is the capital of Cambodia?
A:",qa,6,3638.695068359375,6.188377857208252,0.15199987590312958
Cambodia,"Q: What is the capital of Cambodia?
A:",qa,7,4855.73876953125,16.342763900756836,0.1608770489692688
Cambodia,"Q: What is the capital of Cambodia?
A:",qa,8,5398.423828125,15.59056282043457,0.189078226685524
Cambodia,"Q: What is the capital of Cambodia?
A:",qa,9,5193.26318359375,14.924215316772461,0.1355743259191513
Cambodia,"Q: What is the capital of Cambodia?
A:",qa,10,8261.24609375,30.446788787841797,0.190435528755188
Cambodia,"Q: What is the capital of Cambodia?
A:",qa,11,8779.955078125,5.0794172286987305,0.1919376701116562
Cambodia,"Q: What is the capital of Cambodia?
A:",qa,12,12054.712890625,37.08987045288086,0.1512131690979004
Cambodia,"Q: What is the capital of Cambodia?
A:",qa,13,14770.501953125,26.226428985595703,0.1179513931274414
Cambodia,"Q: What is the capital of Cambodia?
A:",qa,14,18648.611328125,47.980323791503906,0.1179652139544487
Cambodia,"Q: What is the capital of Cambodia?
A:",qa,15,19578.7734375,37.18009948730469,0.10243336111307144
Cambodia,"Q: What is the capital of Cambodia?
A:",qa,16,24684.1328125,36.47193908691406,0.09529769420623779
Cambodia,"Q: What is the capital of Cambodia?
A:",qa,17,192.73504638671875,12.887182235717773,0.12274537980556488
Cambodia,What is the capital of Cambodia? Answer with only the capital city.,chat_template,0,172.1885986328125,169.17025756835938,0.20209327340126038
Cambodia,What is the capital of Cambodia? Answer with only the capital city.,chat_template,1,790.5189208984375,128.36611938476562,0.1698523610830307
Cambodia,What is the capital of Cambodia? Answer with only the capital city.,chat_template,2,1047.0303955078125,23.328929901123047,0.15967470407485962
Cambodia,What is the capital of Cambodia? Answer with only the capital city.,chat_template,3,1398.5726318359375,13.62645435333252,0.19647428393363953
Cambodia,What is the capital of Cambodia? Answer with only the capital city.,chat_template,4,800.7716064453125,12.372443199157715,0.19451363384723663
Cambodia,What is the capital of Cambodia? Answer with only the capital city.,chat_template,5,2405.89208984375,19.74424934387207,0.13952122628688812
Cambodia,What is the capital of Cambodia? Answer with only the capital city.,chat_template,6,3443.271484375,6.632573127746582,0.16407565772533417
Cambodia,What is the capital of Cambodia? Answer with only the capital city.,chat_template,7,4844.31787109375,15.85222053527832,0.17088261246681213
Cambodia,What is the capital of Cambodia? Answer with only the capital city.,chat_template,8,5303.12060546875,18.23965072631836,0.19843889772891998
Cambodia,What is the capital of Cambodia? Answer with only the capital city.,chat_template,9,5529.833984375,13.79597282409668,0.15006309747695923
Cambodia,What is the capital of Cambodia? Answer with only the capital city.,chat_template,10,9003.8369140625,27.40120506286621,0.22264371812343597
Cambodia,What is the capital of Cambodia? Answer with only the capital city.,chat_template,11,9335.9765625,3.6979706287384033,0.20490898191928864
Cambodia,What is the capital of Cambodia? Answer with only the capital city.,chat_template,12,12890.1005859375,31.36655616760254,0.1547548770904541
Cambodia,What is the capital of Cambodia? Answer with only the capital city.,chat_template,13,15766.7451171875,22.368499755859375,0.12619569897651672
Cambodia,What is the capital of Cambodia? Answer with only the capital city.,chat_template,14,19623.38671875,43.79692459106445,0.12589657306671143
Cambodia,What is the capital of Cambodia? Answer with only the capital city.,chat_template,15,19669.771484375,32.867244720458984,0.11427012830972672
Cambodia,What is the capital of Cambodia? Answer with only the capital city.,chat_template,16,24074.23828125,32.261863708496094,0.11769305914640427
Cambodia,What is the capital of Cambodia? Answer with only the capital city.,chat_template,17,306.1797790527344,9.496729850769043,0.1488538384437561
Cameroon,What is the capital of Cameroon?,raw_question,0,154.99429321289062,193.923095703125,0.256409227848053
Cameroon,What is the capital of Cameroon?,raw_question,1,1066.9625244140625,107.45817565917969,0.19779488444328308
Cameroon,What is the capital of Cameroon?,raw_question,2,1293.1319580078125,16.746896743774414,0.16235993802547455
Cameroon,What is the capital of Cameroon?,raw_question,3,1597.1019287109375,14.187524795532227,0.20168620347976685
Cameroon,What is the capital of Cameroon?,raw_question,4,2261.68798828125,9.797633171081543,0.18330839276313782
Cameroon,What is the capital of Cameroon?,raw_question,5,2737.746337890625,19.88521385192871,0.14450669288635254
Cameroon,What is the capital of Cameroon?,raw_question,6,3240.58740234375,8.188435554504395,0.1577402651309967
Cameroon,What is the capital of Cameroon?,raw_question,7,4990.3095703125,17.00946807861328,0.1666981428861618
Cameroon,What is the capital of Cameroon?,raw_question,8,5950.388671875,16.172578811645508,0.17136889696121216
Cameroon,What is the capital of Cameroon?,raw_question,9,5283.380859375,12.154166221618652,0.1322248876094818
Cameroon,What is the capital of Cameroon?,raw_question,10,10518.5302734375,24.81151580810547,0.19522255659103394
Cameroon,What is the capital of Cameroon?,raw_question,11,10846.447265625,3.437257766723633,0.17128995060920715
Cameroon,What is the capital of Cameroon?,raw_question,12,12714.0673828125,26.541357040405273,0.1294940710067749
Cameroon,What is the capital of Cameroon?,raw_question,13,16140.84375,25.760478973388672,0.10849923640489578
Cameroon,What is the capital of Cameroon?,raw_question,14,17266.12109375,44.99686050415039,0.10946020483970642
Cameroon,What is the capital of Cameroon?,raw_question,15,18476.078125,33.4213981628418,0.10304874181747437
Cameroon,What is the capital of Cameroon?,raw_question,16,24971.78515625,39.990509033203125,0.0922703668475151
Cameroon,What is the capital of Cameroon?,raw_question,17,164.86700439453125,10.73410415649414,0.12146943807601929
Cameroon,The capital of Cameroon is,declarative,0,132.789794921875,159.38677978515625,0.21381694078445435
Cameroon,The capital of Cameroon is,declarative,1,859.4942626953125,131.86289978027344,0.23972249031066895
Cameroon,The capital of Cameroon is,declarative,2,1225.131591796875,22.948131561279297,0.19080466032028198
Cameroon,The capital of Cameroon is,declarative,3,1631.418212890625,14.288884162902832,0.21941272914409637
Cameroon,The capital of Cameroon is,declarative,4,2406.650146484375,10.042506217956543,0.17660483717918396
Cameroon,The capital of Cameroon is,declarative,5,2841.587890625,19.85466957092285,0.14608021080493927
Cameroon,The capital of Cameroon is,declarative,6,3585.379638671875,8.236075401306152,0.16420871019363403
Cameroon,The capital of Cameroon is,declarative,7,5673.3701171875,17.333894729614258,0.17189911007881165
Cameroon,The capital of Cameroon is,declarative,8,5499.8037109375,16.37041664123535,0.17400166392326355
Cameroon,The capital of Cameroon is,declarative,9,5729.32421875,14.695554733276367,0.13746431469917297
Cameroon,The capital of Cameroon is,declarative,10,8809.5283203125,28.636293411254883,0.1976865530014038
Cameroon,The capital of Cameroon is,declarative,11,9887.5439453125,4.897100925445557,0.19566434621810913
Cameroon,The capital of Cameroon is,declarative,12,12389.869140625,36.139034271240234,0.16093316674232483
Cameroon,The capital of Cameroon is,declarative,13,15408.66796875,24.326723098754883,0.13038107752799988
Cameroon,The capital of Cameroon is,declarative,14,18893.41796875,53.12409973144531,0.12315784394741058
Cameroon,The capital of Cameroon is,declarative,15,20700.12109375,36.7245979309082,0.11029128730297089
Cameroon,The capital of Cameroon is,declarative,16,24276.900390625,37.13920593261719,0.11095409095287323
Cameroon,The capital of Cameroon is,declarative,17,260.1716003417969,9.810173988342285,0.1379881501197815
Cameroon,"Q: What is the capital of Cameroon?
A:",qa,0,125.8319320678711,162.40530395507812,0.28482723236083984
Cameroon,"Q: What is the capital of Cameroon?
A:",qa,1,812.1046752929688,148.3714599609375,0.23973314464092255
Cameroon,"Q: What is the capital of Cameroon?
A:",qa,2,1003.2073364257812,21.424911499023438,0.17540237307548523
Cameroon,"Q: What is the capital of Cameroon?
A:",qa,3,1813.5552978515625,14.015877723693848,0.21928247809410095
Cameroon,"Q: What is the capital of Cameroon?
A:",qa,4,2108.46923828125,11.537162780761719,0.17709530889987946
Cameroon,"Q: What is the capital of Cameroon?
A:",qa,5,3511.151123046875,16.582483291625977,0.15363527834415436
Cameroon,"Q: What is the capital of Cameroon?
A:",qa,6,3678.322021484375,6.2321882247924805,0.15320754051208496
Cameroon,"Q: What is the capital of Cameroon?
A:",qa,7,4857.3505859375,16.138031005859375,0.1614953577518463
Cameroon,"Q: What is the capital of Cameroon?
A:",qa,8,5427.61279296875,15.264827728271484,0.19065849483013153
Cameroon,"Q: What is the capital of Cameroon?
A:",qa,9,5253.96923828125,14.78199577331543,0.13573679327964783
Cameroon,"Q: What is the capital of Cameroon?
A:",qa,10,8324.2275390625,30.646602630615234,0.19071492552757263
Cameroon,"Q: What is the capital of Cameroon?
A:",qa,11,8905.6162109375,5.0746941566467285,0.19225278496742249
Cameroon,"Q: What is the capital of Cameroon?
A:",qa,12,12036.1337890625,37.3553581237793,0.15804742276668549
Cameroon,"Q: What is the capital of Cameroon?
A:",qa,13,14527.2041015625,25.372018814086914,0.12157480418682098
Cameroon,"Q: What is the capital of Cameroon?
A:",qa,14,18171.740234375,48.47205352783203,0.11983199417591095
Cameroon,"Q: What is the capital of Cameroon?
A:",qa,15,20146.771484375,37.31809616088867,0.10458023846149445
Cameroon,"Q: What is the capital of Cameroon?
A:",qa,16,25406.654296875,36.21089553833008,0.09908376634120941
Cameroon,"Q: What is the capital of Cameroon?
A:",qa,17,200.25149536132812,11.760588645935059,0.1244882196187973
Cameroon,What is the capital of Cameroon? Answer with only the capital city.,chat_template,0,171.59124755859375,169.86825561523438,0.20119339227676392
Cameroon,What is the capital of Cameroon? Answer with only the capital city.,chat_template,1,787.1508178710938,128.5120086669922,0.17024067044258118
Cameroon,What is the capital of Cameroon? Answer with only the capital city.,chat_template,2,1046.92626953125,23.40338897705078,0.15954867005348206
Cameroon,What is the capital of Cameroon? Answer with only the capital city.,chat_template,3,1390.166259765625,13.665779113769531,0.19527941942214966
Cameroon,What is the capital of Cameroon? Answer with only the capital city.,chat_template,4,794.699951171875,12.25060749053955,0.19427601993083954
Cameroon,What is the capital of Cameroon? Answer with only the capital city.,chat_template,5,2383.9404296875,19.69392204284668,0.13941583037376404
Cameroon,What is the capital of Cameroon? Answer with only the capital city.,chat_template,6,3449.198974609375,6.774725914001465,0.16397693753242493
Cameroon,What is the capital of Cameroon? Answer with only the capital city.,chat_template,7,4755.18896484375,15.768303871154785,0.16957712173461914
Cameroon,What is the capital of Cameroon? Answer with only the capital city.,chat_template,8,5275.048828125,18.56870460510254,0.20040154457092285
Cameroon,What is the capital of Cameroon? Answer with only the capital city.,chat_template,9,5471.6318359375,13.897725105285645,0.15011140704154968
Cameroon,What is the capital of Cameroon? Answer with only the capital city.,chat_template,10,8944.62890625,27.42246437072754,0.22269953787326813
Cameroon,What is the capital of Cameroon? Answer with only the capital city.,chat_template,11,9146.916015625,3.763955593109131,0.20644155144691467
Cameroon,What is the capital of Cameroon? Answer with only the capital city.,chat_template,12,12506.853515625,31.20658302307129,0.16225218772888184
Cameroon,What is the capital of Cameroon? Answer with only the capital city.,chat_template,13,15175.1689453125,22.316049575805664,0.1319434642791748
Cameroon,What is the capital of Cameroon? Answer with only the capital city.,chat_template,14,18548.388671875,45.571502685546875,0.1271464079618454
Cameroon,What is the capital of Cameroon? Answer with only the capital city.,chat_template,15,20649.34375,36.736328125,0.1181018128991127
Cameroon,What is the capital of Cameroon? Answer with only the capital city.,chat_template,16,25153.69921875,32.047767639160156,0.12180401384830475
Cameroon,What is the capital of Cameroon? Answer with only the capital city.,chat_template,17,293.5903015136719,8.767277717590332,0.14919203519821167
Canada,What is the capital of Canada?,raw_question,0,155.22064208984375,192.0102996826172,0.25793999433517456
Canada,What is the capital of Canada?,raw_question,1,1063.951904296875,104.0591812133789,0.19865652918815613
Canada,What is the capital of Canada?,raw_question,2,1286.2506103515625,15.903705596923828,0.16151577234268188
Canada,What is the capital of Canada?,raw_question,3,1570.5767822265625,13.631876945495605,0.20187601447105408
Canada,What is the capital of Canada?,raw_question,4,2317.267333984375,9.906048774719238,0.1827845722436905
Canada,What is the capital of Canada?,raw_question,5,2748.43017578125,20.15041732788086,0.14393742382526398
Canada,What is the capital of Canada?,raw_question,6,3364.447265625,8.556007385253906,0.15793883800506592
Canada,What is the capital of Canada?,raw_question,7,5029.3876953125,17.093610763549805,0.16502214968204498
Canada,What is the capital of Canada?,raw_question,8,5868.640625,16.24864387512207,0.1683090627193451
Canada,What is the capital of Canada?,raw_question,9,5236.4482421875,12.41052532196045,0.1326017677783966
Canada,What is the capital of Canada?,raw_question,10,10393.689453125,25.92690086364746,0.19619764387607574
Canada,What is the capital of Canada?,raw_question,11,10883.8154296875,3.4553496837615967,0.17173784971237183
Canada,What is the capital of Canada?,raw_question,12,12979.296875,28.57095718383789,0.12728983163833618
Canada,What is the capital of Canada?,raw_question,13,16646.646484375,25.276443481445312,0.10568587481975555
Canada,What is the capital of Canada?,raw_question,14,17798.349609375,43.357479095458984,0.10776592791080475
Canada,What is the capital of Canada?,raw_question,15,18800.876953125,33.308746337890625,0.0997723788022995
Canada,What is the capital of Canada?,raw_question,16,25096.107421875,39.52709197998047,0.0905337929725647
Canada,What is the capital of Canada?,raw_question,17,163.82577514648438,10.382280349731445,0.12040115892887115
Canada,The capital of Canada is,declarative,0,132.96388244628906,158.229736328125,0.21296441555023193
Canada,The capital of Canada is,declarative,1,859.6870727539062,125.65312194824219,0.24066799879074097
Canada,The capital of Canada is,declarative,2,1203.20068359375,21.397829055786133,0.19112740457057953
Canada,The capital of Canada is,declarative,3,1590.7412109375,14.214475631713867,0.22029872238636017
Canada,The capital of Canada is,declarative,4,2379.219970703125,10.025298118591309,0.17683538794517517
Canada,The capital of Canada is,declarative,5,2840.698974609375,19.921571731567383,0.14566609263420105
Canada,The capital of Canada is,declarative,6,3649.149658203125,8.675017356872559,0.16382455825805664
Canada,The capital of Canada is,declarative,7,5698.248046875,17.94690704345703,0.17173632979393005
Canada,The capital of Canada is,declarative,8,5416.85888671875,16.68300437927246,0.17362555861473083
Canada,The capital of Canada is,declarative,9,5522.97021484375,14.756537437438965,0.1383686363697052
Canada,The capital of Canada is,declarative,10,8612.74609375,29.57343101501465,0.19875061511993408
Canada,The capital of Canada is,declarative,11,9983.64453125,4.945815563201904,0.19829538464546204
Canada,The capital of Canada is,declarative,12,12452.8779296875,32.506980895996094,0.15088599920272827
Canada,The capital of Canada is,declarative,13,15640.55859375,24.6917724609375,0.12218547612428665
Canada,The capital of Canada is,declarative,14,19287.515625,50.22661209106445,0.11291064321994781
Canada,The capital of Canada is,declarative,15,20437.291015625,35.0898551940918,0.10152938216924667
Canada,The capital of Canada is,declarative,16,24007.044921875,38.848609924316406,0.10733061283826828
Canada,The capital of Canada is,declarative,17,258.31622314453125,10.976948738098145,0.13753946125507355
Canada,"Q: What is the capital of Canada?
A:",qa,0,125.46098327636719,161.70008850097656,0.28603148460388184
Canada,"Q: What is the capital of Canada?
A:",qa,1,815.4852294921875,146.8711395263672,0.2381722331047058
Canada,"Q: What is the capital of Canada?
A:",qa,2,1006.9139404296875,21.55536460876465,0.17563241720199585
Canada,"Q: What is the capital of Canada?
A:",qa,3,1820.79443359375,14.050840377807617,0.2196158766746521
Canada,"Q: What is the capital of Canada?
A:",qa,4,2103.427490234375,11.603768348693848,0.17708012461662292
Canada,"Q: What is the capital of Canada?
A:",qa,5,3449.090087890625,16.691240310668945,0.1532529890537262
Canada,"Q: What is the capital of Canada?
A:",qa,6,3759.931640625,6.276947498321533,0.15344113111495972
Canada,"Q: What is the capital of Canada?
A:",qa,7,4911.58154296875,16.169723510742188,0.1605735868215561
Canada,"Q: What is the capital of Canada?
A:",qa,8,5428.42724609375,15.436217308044434,0.189368337392807
Canada,"Q: What is the capital of Canada?
A:",qa,9,5193.611328125,14.837424278259277,0.1356509029865265
Canada,"Q: What is the capital of Canada?
A:",qa,10,8261.38671875,31.38321304321289,0.18828526139259338
Canada,"Q: What is the capital of Canada?
A:",qa,11,8946.6494140625,5.119691371917725,0.1900302767753601
Canada,"Q: What is the capital of Canada?
A:",qa,12,11978.03515625,32.72066116333008,0.14536796510219574
Canada,"Q: What is the capital of Canada?
A:",qa,13,14756.29296875,25.571592330932617,0.11015613377094269
Canada,"Q: What is the capital of Canada?
A:",qa,14,18194.2734375,44.72789764404297,0.1085694432258606
Canada,"Q: What is the capital of Canada?
A:",qa,15,19134.890625,36.787105560302734,0.09326529502868652
Canada,"Q: What is the capital of Canada?
A:",qa,16,24990.578125,36.431888580322266,0.09222488105297089
Canada,"Q: What is the capital of Canada?
A:",qa,17,176.80343627929688,11.535995483398438,0.11900532245635986
Canada,What is the capital of Canada? Answer with only the capital city.,chat_template,0,172.21905517578125,169.3214874267578,0.20188573002815247
Canada,What is the capital of Canada? Answer with only the capital city.,chat_template,1,790.4834594726562,128.51065063476562,0.17025983333587646
Canada,What is the capital of Canada? Answer with only the capital city.,chat_template,2,1043.22607421875,23.49155044555664,0.1596979945898056
Canada,What is the capital of Canada? Answer with only the capital city.,chat_template,3,1385.1337890625,13.6201171875,0.19570982456207275
Canada,What is the capital of Canada? Answer with only the capital city.,chat_template,4,791.708740234375,12.296225547790527,0.19586843252182007
Canada,What is the capital of Canada? Answer with only the capital city.,chat_template,5,2377.115234375,19.798660278320312,0.13960479199886322
Canada,What is the capital of Canada? Answer with only the capital city.,chat_template,6,3434.434326171875,6.842537879943848,0.1649739146232605
Canada,What is the capital of Canada? Answer with only the capital city.,chat_template,7,4696.73046875,16.041248321533203,0.171413853764534
Canada,What is the capital of Canada? Answer with only the capital city.,chat_template,8,5180.40966796875,18.865446090698242,0.20009618997573853
Canada,What is the capital of Canada? Answer with only the capital city.,chat_template,9,5412.74658203125,14.228954315185547,0.15055964887142181
Canada,What is the capital of Canada? Answer with only the capital city.,chat_template,10,8877.4853515625,28.365489959716797,0.22434493899345398
Canada,What is the capital of Canada? Answer with only the capital city.,chat_template,11,9505.6240234375,3.9546573162078857,0.2051607370376587
Canada,What is the capital of Canada? Answer with only the capital city.,chat_template,12,13588.7431640625,26.60932159423828,0.14780378341674805
Canada,What is the capital of Canada? Answer with only the capital city.,chat_template,13,16881.314453125,22.81870460510254,0.11924643069505692
Canada,What is the capital of Canada? Answer with only the capital city.,chat_template,14,19997.345703125,42.43224334716797,0.11525217443704605
Canada,What is the capital of Canada? Answer with only the capital city.,chat_template,15,18715.24609375,33.42567443847656,0.10797989368438721
Canada,What is the capital of Canada? Answer with only the capital city.,chat_template,16,22262.7734375,29.89261245727539,0.12631523609161377
Canada,What is the capital of Canada? Answer with only the capital city.,chat_template,17,298.5389709472656,10.435331344604492,0.16598954796791077
Cape Verde,What is the capital of Cape Verde?,raw_question,0,155.07275390625,187.63768005371094,0.2570836544036865
Cape Verde,What is the capital of Cape Verde?,raw_question,1,1074.93896484375,104.3895034790039,0.19703151285648346
Cape Verde,What is the capital of Cape Verde?,raw_question,2,1278.7347412109375,16.056238174438477,0.1623688042163849
Cape Verde,What is the capital of Cape Verde?,raw_question,3,1626.5001220703125,13.858020782470703,0.20302559435367584
Cape Verde,What is the capital of Cape Verde?,raw_question,4,2314.52392578125,10.115290641784668,0.18703165650367737
Cape Verde,What is the capital of Cape Verde?,raw_question,5,2665.70361328125,20.0629940032959,0.14441293478012085
Cape Verde,What is the capital of Cape Verde?,raw_question,6,3299.91748046875,8.176739692687988,0.15705642104148865
Cape Verde,What is the capital of Cape Verde?,raw_question,7,5078.998046875,16.952655792236328,0.16449928283691406
Cape Verde,What is the capital of Cape Verde?,raw_question,8,5898.4228515625,15.978342056274414,0.16808047890663147
Cape Verde,What is the capital of Cape Verde?,raw_question,9,5294.90185546875,12.321837425231934,0.13247856497764587
Cape Verde,What is the capital of Cape Verde?,raw_question,10,10647.26953125,24.418697357177734,0.19692794978618622
Cape Verde,What is the capital of Cape Verde?,raw_question,11,10831.23828125,3.4777002334594727,0.16791196167469025
Cape Verde,What is the capital of Cape Verde?,raw_question,12,12814.416015625,27.07456398010254,0.12854258716106415
Cape Verde,What is the capital of Cape Verde?,raw_question,13,15879.3486328125,28.056198120117188,0.10809081792831421
Cape Verde,What is the capital of Cape Verde?,raw_question,14,16970.259765625,45.453216552734375,0.10966330766677856
Cape Verde,What is the capital of Cape Verde?,raw_question,15,17996.046875,35.728092193603516,0.1023501306772232
Cape Verde,What is the capital of Cape Verde?,raw_question,16,24769.4140625,40.63832092285156,0.09169657528400421
Cape Verde,What is the capital of Cape Verde?,raw_question,17,166.007568359375,11.286725044250488,0.12032979726791382
Cape Verde,The capital of Cape Verde is,declarative,0,131.82040405273438,159.25843811035156,0.21449771523475647
Cape Verde,The capital of Cape Verde is,declarative,1,864.1521606445312,123.80714416503906,0.24267111718654633
Cape Verde,The capital of Cape Verde is,declarative,2,1188.7889404296875,23.42922592163086,0.19455799460411072
Cape Verde,The capital of Cape Verde is,declarative,3,1661.387939453125,14.267027854919434,0.22526922821998596
Cape Verde,The capital of Cape Verde is,declarative,4,2339.896240234375,10.578988075256348,0.18061652779579163
Cape Verde,The capital of Cape Verde is,declarative,5,2772.369873046875,19.952680587768555,0.14881065487861633
Cape Verde,The capital of Cape Verde is,declarative,6,3676.555908203125,8.783367156982422,0.16483370959758759
Cape Verde,The capital of Cape Verde is,declarative,7,5731.34765625,17.894424438476562,0.1692540943622589
Cape Verde,The capital of Cape Verde is,declarative,8,5441.11328125,16.303680419921875,0.17284980416297913
Cape Verde,The capital of Cape Verde is,declarative,9,5732.16259765625,14.5039644241333,0.137710303068161
Cape Verde,The capital of Cape Verde is,declarative,10,8816.5185546875,28.325212478637695,0.19875085353851318
Cape Verde,The capital of Cape Verde is,declarative,11,9992.3662109375,5.074992656707764,0.19746282696723938
Cape Verde,The capital of Cape Verde is,declarative,12,12515.1455078125,37.277587890625,0.16429291665554047
Cape Verde,The capital of Cape Verde is,declarative,13,14997.4580078125,27.057479858398438,0.1342460662126541
Cape Verde,The capital of Cape Verde is,declarative,14,19021.296875,52.97657012939453,0.1275232881307602
Cape Verde,The capital of Cape Verde is,declarative,15,20971.4296875,37.05170440673828,0.11017667502164841
Cape Verde,The capital of Cape Verde is,declarative,16,24866.298828125,40.46255111694336,0.11257694661617279
Cape Verde,The capital of Cape Verde is,declarative,17,268.5267028808594,10.01877212524414,0.1384655386209488
Cape Verde,"Q: What is the capital of Cape Verde?
A:",qa,0,124.75582122802734,163.15040588378906,0.2836848497390747
Cape Verde,"Q: What is the capital of Cape Verde?
A:",qa,1,808.5228271484375,147.32742309570312,0.23850955069065094
Cape Verde,"Q: What is the capital of Cape Verde?
A:",qa,2,999.5922241210938,21.404319763183594,0.17639710009098053
Cape Verde,"Q: What is the capital of Cape Verde?
A:",qa,3,1798.075439453125,14.062182426452637,0.2207069993019104
Cape Verde,"Q: What is the capital of Cape Verde?
A:",qa,4,2119.025146484375,11.521930694580078,0.17694051563739777
Cape Verde,"Q: What is the capital of Cape Verde?
A:",qa,5,3447.93701171875,16.77088737487793,0.15332183241844177
Cape Verde,"Q: What is the capital of Cape Verde?
A:",qa,6,3585.179443359375,6.203763484954834,0.15308408439159393
Cape Verde,"Q: What is the capital of Cape Verde?
A:",qa,7,4968.48583984375,16.343233108520508,0.16298450529575348
Cape Verde,"Q: What is the capital of Cape Verde?
A:",qa,8,5487.5947265625,14.862863540649414,0.1901697814464569
Cape Verde,"Q: What is the capital of Cape Verde?
A:",qa,9,5199.3232421875,15.00661563873291,0.13660722970962524
Cape Verde,"Q: What is the capital of Cape Verde?
A:",qa,10,8236.423828125,30.447744369506836,0.19142022728919983
Cape Verde,"Q: What is the capital of Cape Verde?
A:",qa,11,8864.5224609375,5.487539768218994,0.19168075919151306
Cape Verde,"Q: What is the capital of Cape Verde?
A:",qa,12,11674.4599609375,35.77685546875,0.15941698849201202
Cape Verde,"Q: What is the capital of Cape Verde?
A:",qa,13,14182.3544921875,26.75318717956543,0.12444803863763809
Cape Verde,"Q: What is the capital of Cape Verde?
A:",qa,14,18186.025390625,46.78571319580078,0.12293529510498047
Cape Verde,"Q: What is the capital of Cape Verde?
A:",qa,15,20037.79296875,38.910484313964844,0.10520485043525696
Cape Verde,"Q: What is the capital of Cape Verde?
A:",qa,16,25698.48828125,38.15056228637695,0.09702486544847488
Cape Verde,"Q: What is the capital of Cape Verde?
A:",qa,17,213.22166442871094,11.400138854980469,0.12496950477361679
Cape Verde,What is the capital of Cape Verde? Answer with only the capital city.,chat_template,0,171.65931701660156,169.81805419921875,0.19978800415992737
Cape Verde,What is the capital of Cape Verde? Answer with only the capital city.,chat_template,1,788.0311889648438,128.59869384765625,0.170395165681839
Cape Verde,What is the capital of Cape Verde? Answer with only the capital city.,chat_template,2,1043.951904296875,23.52509117126465,0.16022241115570068
Cape Verde,What is the capital of Cape Verde? Answer with only the capital city.,chat_template,3,1385.540283203125,13.68600082397461,0.19593015313148499
Cape Verde,What is the capital of Cape Verde? Answer with only the capital city.,chat_template,4,801.883544921875,12.257987976074219,0.194910928606987
Cape Verde,What is the capital of Cape Verde? Answer with only the capital city.,chat_template,5,2352.81396484375,19.812274932861328,0.13938374817371368
Cape Verde,What is the capital of Cape Verde? Answer with only the capital city.,chat_template,6,3455.213134765625,6.749257564544678,0.16395550966262817
Cape Verde,What is the capital of Cape Verde? Answer with only the capital city.,chat_template,7,4755.4423828125,15.831609725952148,0.17013850808143616
Cape Verde,What is the capital of Cape Verde? Answer with only the capital city.,chat_template,8,5274.72607421875,18.64832878112793,0.19791829586029053
Cape Verde,What is the capital of Cape Verde? Answer with only the capital city.,chat_template,9,5502.7265625,14.10107421875,0.14988818764686584
Cape Verde,What is the capital of Cape Verde? Answer with only the capital city.,chat_template,10,9001.4189453125,26.969547271728516,0.22000667452812195
Cape Verde,What is the capital of Cape Verde? Answer with only the capital city.,chat_template,11,8976.232421875,3.7879669666290283,0.20256082713603973
Cape Verde,What is the capital of Cape Verde? Answer with only the capital city.,chat_template,12,11994.3818359375,34.12083053588867,0.16142410039901733
Cape Verde,What is the capital of Cape Verde? Answer with only the capital city.,chat_template,13,14165.91015625,23.057958602905273,0.13216885924339294
Cape Verde,What is the capital of Cape Verde? Answer with only the capital city.,chat_template,14,17888.38671875,47.79741287231445,0.13276809453964233
Cape Verde,What is the capital of Cape Verde? Answer with only the capital city.,chat_template,15,19467.1171875,36.91175842285156,0.12108999490737915
Cape Verde,What is the capital of Cape Verde? Answer with only the capital city.,chat_template,16,23722.939453125,36.11986541748047,0.12749119102954865
Cape Verde,What is the capital of Cape Verde? Answer with only the capital city.,chat_template,17,297.175537109375,9.429997444152832,0.15899956226348877
Central African Republic,What is the capital of Central African Republic?,raw_question,0,151.3981475830078,186.90658569335938,0.2519904375076294
Central African Republic,What is the capital of Central African Republic?,raw_question,1,1071.2728271484375,107.04407501220703,0.1973382532596588
Central African Republic,What is the capital of Central African Republic?,raw_question,2,1308.529296875,15.734179496765137,0.16038453578948975
Central African Republic,What is the capital of Central African Republic?,raw_question,3,1666.1815185546875,13.76949405670166,0.20163556933403015
Central African Republic,What is the capital of Central African Republic?,raw_question,4,2191.498046875,9.612345695495605,0.18626311421394348
Central African Republic,What is the capital of Central African Republic?,raw_question,5,2688.046142578125,19.8481388092041,0.14585815370082855
Central African Republic,What is the capital of Central African Republic?,raw_question,6,3249.1708984375,8.069271087646484,0.1591569185256958
Central African Republic,What is the capital of Central African Republic?,raw_question,7,4940.45556640625,16.590177536010742,0.16646063327789307
Central African Republic,What is the capital of Central African Republic?,raw_question,8,5991.52001953125,17.067665100097656,0.17227281630039215
Central African Republic,What is the capital of Central African Republic?,raw_question,9,5238.80712890625,12.492849349975586,0.13234150409698486
Central African Republic,What is the capital of Central African Republic?,raw_question,10,10457.177734375,24.834514617919922,0.1949796974658966
Central African Republic,What is the capital of Central African Republic?,raw_question,11,10952.44921875,3.6908555030822754,0.17105278372764587
Central African Republic,What is the capital of Central African Republic?,raw_question,12,12909.4404296875,25.944440841674805,0.12998992204666138
Central African Republic,What is the capital of Central African Republic?,raw_question,13,16690.162109375,25.013648986816406,0.10613688826560974
Central African Republic,What is the capital of Central African Republic?,raw_question,14,17502.466796875,42.66495895385742,0.10637764632701874
Central African Republic,What is the capital of Central African Republic?,raw_question,15,18531.251953125,31.592304229736328,0.10300876200199127
Central African Republic,What is the capital of Central African Republic?,raw_question,16,24944.0859375,40.25869369506836,0.09299628436565399
Central African Republic,What is the capital of Central African Republic?,raw_question,17,170.5466766357422,10.531454086303711,0.12351207435131073
Central African Republic,The capital of Central African Republic is,declarative,0,126.53070068359375,167.90260314941406,0.21095550060272217
Central African Republic,The capital of Central African Republic is,declarative,1,863.2193603515625,119.27701568603516,0.24307633936405182
Central African Republic,The capital of Central African Republic is,declarative,2,1202.9337158203125,21.864736557006836,0.19138215482234955
Central African Republic,The capital of Central African Republic is,declarative,3,1689.210693359375,13.97951602935791,0.22504763305187225
Central African Republic,The capital of Central African Republic is,declarative,4,2292.68115234375,10.05309009552002,0.18379896879196167
Central African Republic,The capital of Central African Republic is,declarative,5,2768.520263671875,19.968402862548828,0.14841139316558838
Central African Republic,The capital of Central African Republic is,declarative,6,3550.38818359375,8.263211250305176,0.16559474170207977
Central African Republic,The capital of Central African Republic is,declarative,7,5612.81396484375,17.62467384338379,0.17262759804725647
Central African Republic,The capital of Central African Republic is,declarative,8,5535.1103515625,17.02106285095215,0.17185364663600922
Central African Republic,The capital of Central African Republic is,declarative,9,5764.7783203125,14.593436241149902,0.13719329237937927
Central African Republic,The capital of Central African Republic is,declarative,10,8811.6728515625,29.019041061401367,0.19635719060897827
Central African Republic,The capital of Central African Republic is,declarative,11,10104.24609375,5.121053695678711,0.19631749391555786
Central African Republic,The capital of Central African Republic is,declarative,12,12804.02734375,33.20133590698242,0.1647074967622757
Central African Republic,The capital of Central African Republic is,declarative,13,15748.7646484375,24.14972686767578,0.1317952573299408
Central African Republic,The capital of Central African Republic is,declarative,14,19501.306640625,52.256439208984375,0.12431853264570236
Central African Republic,The capital of Central African Republic is,declarative,15,21589.46875,36.58853530883789,0.11242181062698364
Central African Republic,The capital of Central African Republic is,declarative,16,24707.544921875,36.664527893066406,0.10985758900642395
Central African Republic,The capital of Central African Republic is,declarative,17,253.61993408203125,9.869694709777832,0.14002808928489685
Central African Republic,"Q: What is the capital of Central African Republic?
A:",qa,0,125.55355072021484,163.70338439941406,0.28134292364120483
Central African Republic,"Q: What is the capital of Central African Republic?
A:",qa,1,816.657470703125,147.29037475585938,0.23873916268348694
Central African Republic,"Q: What is the capital of Central African Republic?
A:",qa,2,1011.3634643554688,20.655780792236328,0.1747140884399414
Central African Republic,"Q: What is the capital of Central African Republic?
A:",qa,3,1805.6287841796875,14.171998977661133,0.21757914125919342
Central African Republic,"Q: What is the capital of Central African Republic?
A:",qa,4,2083.83544921875,11.763203620910645,0.17628228664398193
Central African Republic,"Q: What is the capital of Central African Republic?
A:",qa,5,3516.38134765625,16.68263816833496,0.15315009653568268
Central African Republic,"Q: What is the capital of Central African Republic?
A:",qa,6,3501.480224609375,6.214380264282227,0.15179115533828735
Central African Republic,"Q: What is the capital of Central African Republic?
A:",qa,7,4858.31787109375,16.34671974182129,0.1621423065662384
Central African Republic,"Q: What is the capital of Central African Republic?
A:",qa,8,5457.62646484375,15.152832984924316,0.1895618885755539
Central African Republic,"Q: What is the capital of Central African Republic?
A:",qa,9,5252.744140625,14.946266174316406,0.13544981181621552
Central African Republic,"Q: What is the capital of Central African Republic?
A:",qa,10,8418.11328125,29.993356704711914,0.1890733540058136
Central African Republic,"Q: What is the capital of Central African Republic?
A:",qa,11,9095.75,5.227962970733643,0.19135913252830505
Central African Republic,"Q: What is the capital of Central African Republic?
A:",qa,12,12221.89453125,33.103172302246094,0.1626853197813034
Central African Republic,"Q: What is the capital of Central African Republic?
A:",qa,13,14934.5791015625,24.791748046875,0.1235811710357666
Central African Republic,"Q: What is the capital of Central African Republic?
A:",qa,14,18917.3828125,46.62274169921875,0.12085940688848495
Central African Republic,"Q: What is the capital of Central African Republic?
A:",qa,15,21152.861328125,36.27734375,0.1067410558462143
Central African Republic,"Q: What is the capital of Central African Republic?
A:",qa,16,25894.8671875,36.70416259765625,0.09915849566459656
Central African Republic,"Q: What is the capital of Central African Republic?
A:",qa,17,198.62423706054688,10.107728004455566,0.12797023355960846
Central African Republic,What is the capital of Central African Republic? Answer with only the capital city.,chat_template,0,169.97337341308594,170.36680603027344,0.1971668004989624
Central African Republic,What is the capital of Central African Republic? Answer with only the capital city.,chat_template,1,783.7554931640625,129.1910858154297,0.16979172825813293
Central African Republic,What is the capital of Central African Republic? Answer with only the capital city.,chat_template,2,1039.7105712890625,23.465755462646484,0.16029466688632965
Central African Republic,What is the capital of Central African Republic? Answer with only the capital city.,chat_template,3,1391.1143798828125,13.600858688354492,0.195635125041008
Central African Republic,What is the capital of Central African Republic? Answer with only the capital city.,chat_template,4,784.3827514648438,12.296431541442871,0.19606932997703552
Central African Republic,What is the capital of Central African Republic? Answer with only the capital city.,chat_template,5,2350.59033203125,19.899593353271484,0.13914477825164795
Central African Republic,What is the capital of Central African Republic? Answer with only the capital city.,chat_template,6,3429.482421875,6.746729850769043,0.16435900330543518
Central African Republic,What is the capital of Central African Republic? Answer with only the capital city.,chat_template,7,4814.5234375,15.800359725952148,0.17037034034729004
Central African Republic,What is the capital of Central African Republic? Answer with only the capital city.,chat_template,8,5303.2080078125,18.599040985107422,0.20150279998779297
Central African Republic,What is the capital of Central African Republic? Answer with only the capital city.,chat_template,9,5562.3115234375,14.122390747070312,0.15074163675308228
Central African Republic,What is the capital of Central African Republic? Answer with only the capital city.,chat_template,10,9071.404296875,27.217552185058594,0.221518874168396
Central African Republic,What is the capital of Central African Republic? Answer with only the capital city.,chat_template,11,9166.3876953125,3.7594659328460693,0.2049393653869629
Central African Republic,What is the capital of Central African Republic? Answer with only the capital city.,chat_template,12,12651.9755859375,28.339143753051758,0.1669597625732422
Central African Republic,What is the capital of Central African Republic? Answer with only the capital city.,chat_template,13,15460.4384765625,22.3880615234375,0.13218046724796295
Central African Republic,What is the capital of Central African Republic? Answer with only the capital city.,chat_template,14,18943.474609375,47.782981872558594,0.13029062747955322
Central African Republic,What is the capital of Central African Republic? Answer with only the capital city.,chat_template,15,21361.841796875,36.3343620300293,0.11923490464687347
Central African Republic,What is the capital of Central African Republic? Answer with only the capital city.,chat_template,16,26078.994140625,31.924243927001953,0.119479700922966
Central African Republic,What is the capital of Central African Republic? Answer with only the capital city.,chat_template,17,263.8677062988281,8.386178970336914,0.147910475730896
Chad,What is the capital of Chad?,raw_question,0,154.57369995117188,192.42611694335938,0.2575381100177765
Chad,What is the capital of Chad?,raw_question,1,1055.0458984375,106.10541534423828,0.19846752285957336
Chad,What is the capital of Chad?,raw_question,2,1239.4290771484375,16.564809799194336,0.16330039501190186
Chad,What is the capital of Chad?,raw_question,3,1586.3917236328125,13.74435043334961,0.20503658056259155
Chad,What is the capital of Chad?,raw_question,4,2333.146484375,9.76550579071045,0.18541523814201355
Chad,What is the capital of Chad?,raw_question,5,2744.195068359375,19.642534255981445,0.14544335007667542
Chad,What is the capital of Chad?,raw_question,6,3014.661376953125,8.414854049682617,0.15728460252285004
Chad,What is the capital of Chad?,raw_question,7,5010.46240234375,16.940462112426758,0.1668248474597931
Chad,What is the capital of Chad?,raw_question,8,5790.9580078125,16.75278091430664,0.1716214418411255
Chad,What is the capital of Chad?,raw_question,9,5247.66015625,12.090682029724121,0.1336902379989624
Chad,What is the capital of Chad?,raw_question,10,10326.017578125,24.98224639892578,0.19858959317207336
Chad,What is the capital of Chad?,raw_question,11,10623.248046875,3.3792600631713867,0.1737208068370819
Chad,What is the capital of Chad?,raw_question,12,12861.0859375,26.377681732177734,0.13078254461288452
Chad,What is the capital of Chad?,raw_question,13,16255.4091796875,28.083953857421875,0.10694128274917603
Chad,What is the capital of Chad?,raw_question,14,17345.2265625,45.67435836791992,0.10905910283327103
Chad,What is the capital of Chad?,raw_question,15,18100.9375,34.270694732666016,0.10074902325868607
Chad,What is the capital of Chad?,raw_question,16,24990.09765625,40.63734817504883,0.09046045690774918
Chad,What is the capital of Chad?,raw_question,17,151.73231506347656,11.31501293182373,0.1207175925374031
Chad,The capital of Chad is,declarative,0,132.68226623535156,163.38014221191406,0.20983827114105225
Chad,The capital of Chad is,declarative,1,859.5861206054688,127.58722686767578,0.2396867424249649
Chad,The capital of Chad is,declarative,2,1180.263916015625,22.606569290161133,0.19238829612731934
Chad,The capital of Chad is,declarative,3,1623.4090576171875,14.106160163879395,0.22097764909267426
Chad,The capital of Chad is,declarative,4,2419.21240234375,10.052800178527832,0.17685702443122864
Chad,The capital of Chad is,declarative,5,2848.532470703125,19.191883087158203,0.1464662253856659
Chad,The capital of Chad is,declarative,6,3459.574951171875,8.49215030670166,0.16178187727928162
Chad,The capital of Chad is,declarative,7,5687.4482421875,17.946683883666992,0.1691632866859436
Chad,The capital of Chad is,declarative,8,5403.025390625,16.545730590820312,0.1728084534406662
Chad,The capital of Chad is,declarative,9,5633.6455078125,14.778108596801758,0.13565634191036224
Chad,The capital of Chad is,declarative,10,8598.3125,28.93694305419922,0.19810500741004944
Chad,The capital of Chad is,declarative,11,9912.814453125,5.0913987159729,0.198355570435524
Chad,The capital of Chad is,declarative,12,12732.3359375,31.63920021057129,0.16093042492866516
Chad,The capital of Chad is,declarative,13,15827.6806640625,26.150136947631836,0.12614884972572327
Chad,The capital of Chad is,declarative,14,19780.611328125,51.34247970581055,0.12123504281044006
Chad,The capital of Chad is,declarative,15,21350.85546875,36.98762130737305,0.10349462926387787
Chad,The capital of Chad is,declarative,16,25775.173828125,38.5780029296875,0.10106772929430008
Chad,The capital of Chad is,declarative,17,210.09814453125,10.882954597473145,0.12830805778503418
Chad,"Q: What is the capital of Chad?
A:",qa,0,124.55020904541016,164.2021942138672,0.28267624974250793
Chad,"Q: What is the capital of Chad?
A:",qa,1,805.166015625,146.34335327148438,0.23879513144493103
Chad,"Q: What is the capital of Chad?
A:",qa,2,992.162353515625,21.612384796142578,0.17690618336200714
Chad,"Q: What is the capital of Chad?
A:",qa,3,1805.7164306640625,14.106111526489258,0.22075378894805908
Chad,"Q: What is the capital of Chad?
A:",qa,4,2131.46240234375,11.676810264587402,0.17661000788211823
Chad,"Q: What is the capital of Chad?
A:",qa,5,3453.0859375,16.608427047729492,0.15298542380332947
Chad,"Q: What is the capital of Chad?
A:",qa,6,3637.75341796875,6.203242301940918,0.15202608704566956
Chad,"Q: What is the capital of Chad?
A:",qa,7,4881.58935546875,16.278484344482422,0.1587289571762085
Chad,"Q: What is the capital of Chad?
A:",qa,8,5361.8798828125,15.567717552185059,0.18847309052944183
Chad,"Q: What is the capital of Chad?
A:",qa,9,5244.93017578125,14.751599311828613,0.13522815704345703
Chad,"Q: What is the capital of Chad?
A:",qa,10,8280.298828125,30.918960571289062,0.1889590173959732
Chad,"Q: What is the capital of Chad?
A:",qa,11,8947.439453125,4.97699499130249,0.19285817444324493
Chad,"Q: What is the capital of Chad?
A:",qa,12,12170.6806640625,29.632369995117188,0.15332676470279694
Chad,"Q: What is the capital of Chad?
A:",qa,13,14619.5439453125,27.688480377197266,0.1150139644742012
Chad,"Q: What is the capital of Chad?
A:",qa,14,18332.466796875,46.888282775878906,0.1162472739815712
Chad,"Q: What is the capital of Chad?
A:",qa,15,19759.458984375,36.794715881347656,0.09502936899662018
Chad,"Q: What is the capital of Chad?
A:",qa,16,26466.748046875,35.91472244262695,0.08871491253376007
Chad,"Q: What is the capital of Chad?
A:",qa,17,152.36801147460938,13.631229400634766,0.11464018374681473
Chad,What is the capital of Chad? Answer with only the capital city.,chat_template,0,172.17823791503906,169.04811096191406,0.20187312364578247
Chad,What is the capital of Chad? Answer with only the capital city.,chat_template,1,787.0973510742188,128.39102172851562,0.17006681859493256
Chad,What is the capital of Chad? Answer with only the capital city.,chat_template,2,1050.607177734375,23.513940811157227,0.15974265336990356
Chad,What is the capital of Chad? Answer with only the capital city.,chat_template,3,1393.33251953125,13.573587417602539,0.194970041513443
Chad,What is the capital of Chad? Answer with only the capital city.,chat_template,4,795.0478515625,12.361101150512695,0.19574850797653198
Chad,What is the capital of Chad? Answer with only the capital city.,chat_template,5,2394.103759765625,19.692771911621094,0.13938871026039124
Chad,What is the capital of Chad? Answer with only the capital city.,chat_template,6,3400.0908203125,6.869761943817139,0.16452530026435852
Chad,What is the capital of Chad? Answer with only the capital city.,chat_template,7,4668.05078125,16.110403060913086,0.17000386118888855
Chad,What is the capital of Chad? Answer with only the capital city.,chat_template,8,5214.931640625,18.914270401000977,0.20103412866592407
Chad,What is the capital of Chad? Answer with only the capital city.,chat_template,9,5444.28466796875,14.269692420959473,0.1495843231678009
Chad,What is the capital of Chad? Answer with only the capital city.,chat_template,10,8875.2197265625,28.462236404418945,0.22323304414749146
Chad,What is the capital of Chad? Answer with only the capital city.,chat_template,11,9223.8828125,3.908176898956299,0.20512422919273376
Chad,What is the capital of Chad? Answer with only the capital city.,chat_template,12,12703.3427734375,23.870393753051758,0.15886428952217102
Chad,What is the capital of Chad? Answer with only the capital city.,chat_template,13,15171.076171875,23.224882125854492,0.11851952224969864
Chad,What is the capital of Chad? Answer with only the capital city.,chat_template,14,18539.7109375,46.81849670410156,0.11944718658924103
Chad,What is the capital of Chad? Answer with only the capital city.,chat_template,15,19015.306640625,31.360300064086914,0.10727553069591522
Chad,What is the capital of Chad? Answer with only the capital city.,chat_template,16,25369.19921875,30.751346588134766,0.1132461428642273
Chad,What is the capital of Chad? Answer with only the capital city.,chat_template,17,266.8564758300781,11.37519359588623,0.14195117354393005
Chile,What is the capital of Chile?,raw_question,0,154.84603881835938,193.2871856689453,0.2562373876571655
Chile,What is the capital of Chile?,raw_question,1,1070.625732421875,105.29146575927734,0.19768854975700378
Chile,What is the capital of Chile?,raw_question,2,1300.6746826171875,16.16636848449707,0.16121475398540497
Chile,What is the capital of Chile?,raw_question,3,1566.4747314453125,13.766693115234375,0.19957897067070007
Chile,What is the capital of Chile?,raw_question,4,2285.603515625,9.966232299804688,0.18500962853431702
Chile,What is the capital of Chile?,raw_question,5,2699.2705078125,19.922143936157227,0.1438274383544922
Chile,What is the capital of Chile?,raw_question,6,3332.89599609375,8.421356201171875,0.15916061401367188
Chile,What is the capital of Chile?,raw_question,7,5048.908203125,16.742414474487305,0.16525234282016754
Chile,What is the capital of Chile?,raw_question,8,5922.591796875,16.126941680908203,0.16886091232299805
Chile,What is the capital of Chile?,raw_question,9,5289.05517578125,12.113973617553711,0.13211533427238464
Chile,What is the capital of Chile?,raw_question,10,10578.59375,26.12499237060547,0.2006550431251526
Chile,What is the capital of Chile?,raw_question,11,10865.388671875,3.404383897781372,0.169792041182518
Chile,What is the capital of Chile?,raw_question,12,12698.3876953125,27.377450942993164,0.1287865936756134
Chile,What is the capital of Chile?,raw_question,13,16005.919921875,26.378629684448242,0.10777097940444946
Chile,What is the capital of Chile?,raw_question,14,16979.345703125,45.36051940917969,0.10878331959247589
Chile,What is the capital of Chile?,raw_question,15,18041.40625,35.4549446105957,0.10201030969619751
Chile,What is the capital of Chile?,raw_question,16,24556.23828125,40.72357940673828,0.09106603264808655
Chile,What is the capital of Chile?,raw_question,17,171.2736358642578,10.670696258544922,0.11765079200267792
Chile,The capital of Chile is,declarative,0,131.2637481689453,157.26864624023438,0.2150162160396576
Chile,The capital of Chile is,declarative,1,859.7807006835938,127.01570129394531,0.24092091619968414
Chile,The capital of Chile is,declarative,2,1210.8902587890625,22.101642608642578,0.19176992774009705
Chile,The capital of Chile is,declarative,3,1597.811767578125,14.350190162658691,0.21843436360359192
Chile,The capital of Chile is,declarative,4,2365.458984375,10.193277359008789,0.17916551232337952
Chile,The capital of Chile is,declarative,5,2810.49560546875,19.788270950317383,0.14676402509212494
Chile,The capital of Chile is,declarative,6,3721.18359375,8.569408416748047,0.1660575270652771
Chile,The capital of Chile is,declarative,7,5756.494140625,17.480310440063477,0.17036405205726624
Chile,The capital of Chile is,declarative,8,5474.6708984375,16.300107955932617,0.17157934606075287
Chile,The capital of Chile is,declarative,9,5704.39697265625,14.81912899017334,0.13619419932365417
Chile,The capital of Chile is,declarative,10,8743.068359375,30.045494079589844,0.2011609673500061
Chile,The capital of Chile is,declarative,11,9998.49609375,4.855324745178223,0.19805704057216644
Chile,The capital of Chile is,declarative,12,12072.244140625,35.26566696166992,0.15809598565101624
Chile,The capital of Chile is,declarative,13,15040.5703125,25.103147506713867,0.13032090663909912
Chile,The capital of Chile is,declarative,14,18583.705078125,51.4326171875,0.12487044930458069
Chile,The capital of Chile is,declarative,15,20782.01171875,37.39145278930664,0.10901317000389099
Chile,The capital of Chile is,declarative,16,23837.931640625,39.909385681152344,0.10880792886018753
Chile,The capital of Chile is,declarative,17,275.75238037109375,10.152350425720215,0.13748614490032196
Chile,"Q: What is the capital of Chile?
A:",qa,0,126.20292663574219,161.78929138183594,0.2849408686161041
Chile,"Q: What is the capital of Chile?
A:",qa,1,813.0247802734375,147.3779296875,0.2388434261083603
Chile,"Q: What is the capital of Chile?
A:",qa,2,1003.997314453125,21.342056274414062,0.1757487654685974
Chile,"Q: What is the capital of Chile?
A:",qa,3,1806.3299560546875,14.034324645996094,0.21933764219284058
Chile,"Q: What is the capital of Chile?
A:",qa,4,2138.4072265625,11.576543807983398,0.1748211681842804
Chile,"Q: What is the capital of Chile?
A:",qa,5,3433.90087890625,16.78287696838379,0.1521642506122589
Chile,"Q: What is the capital of Chile?
A:",qa,6,3660.6552734375,6.129412651062012,0.15260344743728638
Chile,"Q: What is the capital of Chile?
A:",qa,7,4944.51171875,16.079593658447266,0.16076235473155975
Chile,"Q: What is the capital of Chile?
A:",qa,8,5434.4521484375,15.09459114074707,0.18939638137817383
Chile,"Q: What is the capital of Chile?
A:",qa,9,5167.79541015625,14.792024612426758,0.1356257200241089
Chile,"Q: What is the capital of Chile?
A:",qa,10,8265.5751953125,31.388015747070312,0.19013190269470215
Chile,"Q: What is the capital of Chile?
A:",qa,11,8881.5830078125,5.193902492523193,0.1920090615749359
Chile,"Q: What is the capital of Chile?
A:",qa,12,11623.5068359375,32.75176239013672,0.15328173339366913
Chile,"Q: What is the capital of Chile?
A:",qa,13,14409.5576171875,25.75815773010254,0.11842574179172516
Chile,"Q: What is the capital of Chile?
A:",qa,14,18066.189453125,46.166656494140625,0.11641934514045715
Chile,"Q: What is the capital of Chile?
A:",qa,15,20223.47265625,37.33096694946289,0.10002082586288452
Chile,"Q: What is the capital of Chile?
A:",qa,16,25501.044921875,37.411155700683594,0.09451954066753387
Chile,"Q: What is the capital of Chile?
A:",qa,17,200.06356811523438,11.89663028717041,0.12092379480600357
Chile,What is the capital of Chile? Answer with only the capital city.,chat_template,0,171.55931091308594,169.60914611816406,0.20034891366958618
Chile,What is the capital of Chile? Answer with only the capital city.,chat_template,1,784.6990966796875,128.57022094726562,0.17025616765022278
Chile,What is the capital of Chile? Answer with only the capital city.,chat_template,2,1043.9515380859375,23.40352439880371,0.15994155406951904
Chile,What is the capital of Chile? Answer with only the capital city.,chat_template,3,1384.612548828125,13.601882934570312,0.19605693221092224
Chile,What is the capital of Chile? Answer with only the capital city.,chat_template,4,794.1378784179688,12.306062698364258,0.19430217146873474
Chile,What is the capital of Chile? Answer with only the capital city.,chat_template,5,2369.878173828125,19.846324920654297,0.13913556933403015
Chile,What is the capital of Chile? Answer with only the capital city.,chat_template,6,3451.42138671875,6.800768852233887,0.1646614968776703
Chile,What is the capital of Chile? Answer with only the capital city.,chat_template,7,4724.154296875,15.805109024047852,0.16951994597911835
Chile,What is the capital of Chile? Answer with only the capital city.,chat_template,8,5215.83251953125,18.504629135131836,0.1995321661233902
Chile,What is the capital of Chile? Answer with only the capital city.,chat_template,9,5474.43310546875,13.844646453857422,0.14974668622016907
Chile,What is the capital of Chile? Answer with only the capital city.,chat_template,10,9003.193359375,28.031347274780273,0.22229290008544922
Chile,What is the capital of Chile? Answer with only the capital city.,chat_template,11,9103.1376953125,3.900084972381592,0.20473378896713257
Chile,What is the capital of Chile? Answer with only the capital city.,chat_template,12,12060.64453125,28.510957717895508,0.15742959082126617
Chile,What is the capital of Chile? Answer with only the capital city.,chat_template,13,14775.24609375,22.760181427001953,0.1297629177570343
Chile,What is the capital of Chile? Answer with only the capital city.,chat_template,14,17978.771484375,46.99573516845703,0.12844130396842957
Chile,What is the capital of Chile? Answer with only the capital city.,chat_template,15,19984.921875,35.526432037353516,0.11703108996152878
Chile,What is the capital of Chile? Answer with only the capital city.,chat_template,16,23830.716796875,33.70493698120117,0.12475217133760452
Chile,What is the capital of Chile? Answer with only the capital city.,chat_template,17,309.2159118652344,9.92831802368164,0.15706172585487366
China,What is the capital of China?,raw_question,0,155.01023864746094,190.78854370117188,0.25842687487602234
China,What is the capital of China?,raw_question,1,1067.583984375,104.4945297241211,0.19837726652622223
China,What is the capital of China?,raw_question,2,1286.0186767578125,15.97557544708252,0.16112644970417023
China,What is the capital of China?,raw_question,3,1554.236328125,13.568039894104004,0.20195576548576355
China,What is the capital of China?,raw_question,4,2271.5205078125,10.130274772644043,0.18527552485466003
China,What is the capital of China?,raw_question,5,2695.05126953125,20.1745662689209,0.14350521564483643
China,What is the capital of China?,raw_question,6,3264.7890625,8.493310928344727,0.15910983085632324
China,What is the capital of China?,raw_question,7,5061.9638671875,16.585769653320312,0.1664828360080719
China,What is the capital of China?,raw_question,8,5958.5791015625,16.349594116210938,0.17011363804340363
China,What is the capital of China?,raw_question,9,5355.02880859375,12.227165222167969,0.1325920671224594
China,What is the capital of China?,raw_question,10,10581.591796875,25.754100799560547,0.19478553533554077
China,What is the capital of China?,raw_question,11,11090.427734375,3.36849045753479,0.1699732393026352
China,What is the capital of China?,raw_question,12,12965.3203125,29.130849838256836,0.12721794843673706
China,What is the capital of China?,raw_question,13,16437.46484375,24.915781021118164,0.10597504675388336
China,What is the capital of China?,raw_question,14,17529.650390625,44.21257019042969,0.10755489766597748
China,What is the capital of China?,raw_question,15,18637.73828125,32.737239837646484,0.10056359320878983
China,What is the capital of China?,raw_question,16,24889.947265625,40.28162384033203,0.09189562499523163
China,What is the capital of China?,raw_question,17,163.3380889892578,10.070450782775879,0.12064756453037262
China,The capital of China is,declarative,0,133.06459045410156,162.13902282714844,0.21161919832229614
China,The capital of China is,declarative,1,864.0903930664062,125.1160888671875,0.24023745954036713
China,The capital of China is,declarative,2,1203.8614501953125,22.25271987915039,0.1927098035812378
China,The capital of China is,declarative,3,1592.4473876953125,14.066112518310547,0.22036144137382507
China,The capital of China is,declarative,4,2383.59814453125,10.348280906677246,0.1783629208803177
China,The capital of China is,declarative,5,2800.21337890625,20.05715560913086,0.14426499605178833
China,The capital of China is,declarative,6,3646.762451171875,8.518501281738281,0.16536110639572144
China,The capital of China is,declarative,7,5606.25,17.366966247558594,0.17206010222434998
China,The capital of China is,declarative,8,5383.04296875,16.830982208251953,0.17185695469379425
China,The capital of China is,declarative,9,5461.43505859375,14.609407424926758,0.13746778666973114
China,The capital of China is,declarative,10,8622.294921875,29.5699520111084,0.20234650373458862
China,The capital of China is,declarative,11,9847.970703125,4.760510444641113,0.1968461573123932
China,The capital of China is,declarative,12,12040.3369140625,32.81053161621094,0.1552867889404297
China,The capital of China is,declarative,13,15361.4853515625,24.713714599609375,0.12391502410173416
China,The capital of China is,declarative,14,18849.3984375,49.842159271240234,0.11895821988582611
China,The capital of China is,declarative,15,20129.9609375,33.73539352416992,0.10550906509160995
China,The capital of China is,declarative,16,22611.341796875,39.577056884765625,0.10400323569774628
China,The capital of China is,declarative,17,269.08447265625,10.500476837158203,0.13869619369506836
China,"Q: What is the capital of China?
A:",qa,0,125.91284942626953,161.6521759033203,0.28632476925849915
China,"Q: What is the capital of China?
A:",qa,1,813.0247802734375,146.5433349609375,0.23839280009269714
China,"Q: What is the capital of China?
A:",qa,2,1007.3639526367188,21.389892578125,0.1751418560743332
China,"Q: What is the capital of China?
A:",qa,3,1805.9718017578125,14.068042755126953,0.21966730058193207
China,"Q: What is the capital of China?
A:",qa,4,2122.60888671875,11.564421653747559,0.1749233901500702
China,"Q: What is the capital of China?
A:",qa,5,3476.7900390625,16.65763282775879,0.1525188386440277
China,"Q: What is the capital of China?
A:",qa,6,3741.997802734375,6.236672878265381,0.15319126844406128
China,"Q: What is the capital of China?
A:",qa,7,4865.6865234375,16.08211898803711,0.16063210368156433
China,"Q: What is the capital of China?
A:",qa,8,5435.57958984375,15.44265079498291,0.1895374357700348
China,"Q: What is the capital of China?
A:",qa,9,5225.71484375,14.740727424621582,0.13536882400512695
China,"Q: What is the capital of China?
A:",qa,10,8359.359375,30.957460403442383,0.1887269914150238
China,"Q: What is the capital of China?
A:",qa,11,8874.3759765625,4.974813938140869,0.1901656538248062
China,"Q: What is the capital of China?
A:",qa,12,11801.84765625,35.625762939453125,0.150251567363739
China,"Q: What is the capital of China?
A:",qa,13,14544.82421875,25.219236373901367,0.11172347515821457
China,"Q: What is the capital of China?
A:",qa,14,18045.208984375,46.46495819091797,0.11032672226428986
China,"Q: What is the capital of China?
A:",qa,15,19417.21484375,32.914100646972656,0.0958605706691742
China,"Q: What is the capital of China?
A:",qa,16,24311.896484375,38.25883865356445,0.09284056723117828
China,"Q: What is the capital of China?
A:",qa,17,180.9702911376953,10.698267936706543,0.12039455771446228
China,What is the capital of China? Answer with only the capital city.,chat_template,0,172.01168823242188,169.35299682617188,0.20190495252609253
China,What is the capital of China? Answer with only the capital city.,chat_template,1,787.0140380859375,128.4909210205078,0.16990259289741516
China,What is the capital of China? Answer with only the capital city.,chat_template,2,1050.48388671875,23.703365325927734,0.15946193039417267
China,What is the capital of China? Answer with only the capital city.,chat_template,3,1398.5115966796875,13.651510238647461,0.1945166140794754
China,What is the capital of China? Answer with only the capital city.,chat_template,4,802.7428588867188,12.306365013122559,0.19352680444717407
China,What is the capital of China? Answer with only the capital city.,chat_template,5,2368.09912109375,19.92900276184082,0.13883943855762482
China,What is the capital of China? Answer with only the capital city.,chat_template,6,3485.469482421875,6.770942211151123,0.16483564674854279
China,What is the capital of China? Answer with only the capital city.,chat_template,7,4813.8828125,15.724607467651367,0.17124269902706146
China,What is the capital of China? Answer with only the capital city.,chat_template,8,5237.5029296875,18.262182235717773,0.19997934997081757
China,What is the capital of China? Answer with only the capital city.,chat_template,9,5499.255859375,13.815901756286621,0.15012553334236145
China,What is the capital of China? Answer with only the capital city.,chat_template,10,9064.279296875,27.98029327392578,0.22265931963920593
China,What is the capital of China? Answer with only the capital city.,chat_template,11,9494.1162109375,3.8866262435913086,0.20341549813747406
China,What is the capital of China? Answer with only the capital city.,chat_template,12,12967.068359375,27.70142364501953,0.15212130546569824
China,What is the capital of China? Answer with only the capital city.,chat_template,13,15346.9814453125,22.242191314697266,0.11951745301485062
China,What is the capital of China? Answer with only the capital city.,chat_template,14,18992.82421875,42.21160125732422,0.11977046728134155
China,What is the capital of China? Answer with only the capital city.,chat_template,15,19167.5,27.166767120361328,0.10944900661706924
China,What is the capital of China? Answer with only the capital city.,chat_template,16,21783.9765625,32.550270080566406,0.11646049469709396
China,What is the capital of China? Answer with only the capital city.,chat_template,17,314.3177490234375,8.927958488464355,0.15601560473442078
Colombia,What is the capital of Colombia?,raw_question,0,154.856689453125,192.49598693847656,0.2564925253391266
Colombia,What is the capital of Colombia?,raw_question,1,1067.5897216796875,106.35671997070312,0.19706273078918457
Colombia,What is the capital of Colombia?,raw_question,2,1293.72314453125,16.424646377563477,0.16188505291938782
Colombia,What is the capital of Colombia?,raw_question,3,1596.4337158203125,13.611723899841309,0.20209570229053497
Colombia,What is the capital of Colombia?,raw_question,4,2269.935302734375,9.828871726989746,0.1860775649547577
Colombia,What is the capital of Colombia?,raw_question,5,2728.83642578125,20.275474548339844,0.14402565360069275
Colombia,What is the capital of Colombia?,raw_question,6,3301.137939453125,8.264699935913086,0.159022718667984
Colombia,What is the capital of Colombia?,raw_question,7,4963.693359375,16.737638473510742,0.16526992619037628
Colombia,What is the capital of Colombia?,raw_question,8,5833.97509765625,16.24285125732422,0.16994917392730713
Colombia,What is the capital of Colombia?,raw_question,9,5291.13330078125,12.177155494689941,0.1324326992034912
Colombia,What is the capital of Colombia?,raw_question,10,10582.0810546875,25.503515243530273,0.1984444558620453
Colombia,What is the capital of Colombia?,raw_question,11,10855.533203125,3.4164557456970215,0.16990897059440613
Colombia,What is the capital of Colombia?,raw_question,12,12894.01953125,27.398889541625977,0.12828706204891205
Colombia,What is the capital of Colombia?,raw_question,13,16290.5751953125,26.509260177612305,0.10793749988079071
Colombia,What is the capital of Colombia?,raw_question,14,17403.87109375,44.627315521240234,0.10898296535015106
Colombia,What is the capital of Colombia?,raw_question,15,18473.873046875,34.76166534423828,0.1012350395321846
Colombia,What is the capital of Colombia?,raw_question,16,24895.724609375,39.87092971801758,0.09221978485584259
Colombia,What is the capital of Colombia?,raw_question,17,162.39125061035156,10.619346618652344,0.11895498633384705
Colombia,The capital of Colombia is,declarative,0,131.1798858642578,158.69754028320312,0.21380937099456787
Colombia,The capital of Colombia is,declarative,1,859.6278076171875,128.25608825683594,0.23933017253875732
Colombia,The capital of Colombia is,declarative,2,1210.52392578125,22.30217742919922,0.19198448956012726
Colombia,The capital of Colombia is,declarative,3,1606.450927734375,14.091527938842773,0.22030797600746155
Colombia,The capital of Colombia is,declarative,4,2395.16650390625,9.909614562988281,0.18102632462978363
Colombia,The capital of Colombia is,declarative,5,2822.435302734375,19.924577713012695,0.1463831216096878
Colombia,The capital of Colombia is,declarative,6,3696.426025390625,8.623878479003906,0.16669413447380066
Colombia,The capital of Colombia is,declarative,7,5749.87353515625,17.26064109802246,0.17195676267147064
Colombia,The capital of Colombia is,declarative,8,5470.0625,16.506237030029297,0.1746635138988495
Colombia,The capital of Colombia is,declarative,9,5607.40185546875,14.760326385498047,0.1375310719013214
Colombia,The capital of Colombia is,declarative,10,8683.763671875,29.529333114624023,0.20080484449863434
Colombia,The capital of Colombia is,declarative,11,9959.21484375,4.901934623718262,0.198107048869133
Colombia,The capital of Colombia is,declarative,12,12208.837890625,35.750244140625,0.15826435387134552
Colombia,The capital of Colombia is,declarative,13,15291.5146484375,24.819950103759766,0.130633145570755
Colombia,The capital of Colombia is,declarative,14,18860.91015625,52.2216911315918,0.12165999412536621
Colombia,The capital of Colombia is,declarative,15,21156.4296875,36.871551513671875,0.10486887395381927
Colombia,The capital of Colombia is,declarative,16,24278.71484375,37.806148529052734,0.1083853542804718
Colombia,The capital of Colombia is,declarative,17,271.4136657714844,10.134638786315918,0.1341135948896408
Colombia,"Q: What is the capital of Colombia?
A:",qa,0,125.88929748535156,161.78521728515625,0.2849878668785095
Colombia,"Q: What is the capital of Colombia?
A:",qa,1,811.9736938476562,149.12059020996094,0.23775023221969604
Colombia,"Q: What is the capital of Colombia?
A:",qa,2,1006.7408447265625,21.15481948852539,0.1748845875263214
Colombia,"Q: What is the capital of Colombia?
A:",qa,3,1818.9873046875,14.03861141204834,0.21906521916389465
Colombia,"Q: What is the capital of Colombia?
A:",qa,4,2108.54150390625,11.52966022491455,0.17651283740997314
Colombia,"Q: What is the capital of Colombia?
A:",qa,5,3499.62646484375,16.712486267089844,0.15260422229766846
Colombia,"Q: What is the capital of Colombia?
A:",qa,6,3671.127197265625,6.107052326202393,0.15297502279281616
Colombia,"Q: What is the capital of Colombia?
A:",qa,7,4997.88232421875,15.991480827331543,0.16172006726264954
Colombia,"Q: What is the capital of Colombia?
A:",qa,8,5480.49755859375,15.138914108276367,0.19000284373760223
Colombia,"Q: What is the capital of Colombia?
A:",qa,9,5248.49462890625,14.833342552185059,0.13599301874637604
Colombia,"Q: What is the capital of Colombia?
A:",qa,10,8323.0673828125,31.340490341186523,0.19151559472084045
Colombia,"Q: What is the capital of Colombia?
A:",qa,11,8959.6552734375,5.130190849304199,0.19364313781261444
Colombia,"Q: What is the capital of Colombia?
A:",qa,12,12036.0,34.89421844482422,0.1525208055973053
Colombia,"Q: What is the capital of Colombia?
A:",qa,13,14822.3818359375,25.944089889526367,0.12164516001939774
Colombia,"Q: What is the capital of Colombia?
A:",qa,14,18409.154296875,46.534481048583984,0.11786624789237976
Colombia,"Q: What is the capital of Colombia?
A:",qa,15,20572.677734375,37.67807388305664,0.10132300108671188
Colombia,"Q: What is the capital of Colombia?
A:",qa,16,25598.29296875,37.34928512573242,0.09823388606309891
Colombia,"Q: What is the capital of Colombia?
A:",qa,17,209.882568359375,13.096969604492188,0.12218712270259857
Colombia,What is the capital of Colombia? Answer with only the capital city.,chat_template,0,172.04306030273438,169.4716033935547,0.20085756480693817
Colombia,What is the capital of Colombia? Answer with only the capital city.,chat_template,1,788.078857421875,128.81552124023438,0.16987191140651703
Colombia,What is the capital of Colombia? Answer with only the capital city.,chat_template,2,1043.9091796875,23.352392196655273,0.1591879427433014
Colombia,What is the capital of Colombia? Answer with only the capital city.,chat_template,3,1384.1976318359375,13.612993240356445,0.19550864398479462
Colombia,What is the capital of Colombia? Answer with only the capital city.,chat_template,4,795.8392333984375,12.218732833862305,0.19495271146297455
Colombia,What is the capital of Colombia? Answer with only the capital city.,chat_template,5,2388.091796875,19.897764205932617,0.13929873704910278
Colombia,What is the capital of Colombia? Answer with only the capital city.,chat_template,6,3465.859130859375,6.793173789978027,0.1642381101846695
Colombia,What is the capital of Colombia? Answer with only the capital city.,chat_template,7,4723.2275390625,15.816604614257812,0.16895940899848938
Colombia,What is the capital of Colombia? Answer with only the capital city.,chat_template,8,5215.3896484375,18.511938095092773,0.19978731870651245
Colombia,What is the capital of Colombia? Answer with only the capital city.,chat_template,9,5473.56982421875,13.81532096862793,0.15011543035507202
Colombia,What is the capital of Colombia? Answer with only the capital city.,chat_template,10,9004.462890625,28.060096740722656,0.22301097214221954
Colombia,What is the capital of Colombia? Answer with only the capital city.,chat_template,11,9297.2529296875,3.8769822120666504,0.2048828899860382
Colombia,What is the capital of Colombia? Answer with only the capital city.,chat_template,12,12600.1728515625,28.495779037475586,0.1556430459022522
Colombia,What is the capital of Colombia? Answer with only the capital city.,chat_template,13,15532.2080078125,22.7874755859375,0.13183613121509552
Colombia,What is the capital of Colombia? Answer with only the capital city.,chat_template,14,18599.177734375,46.82319259643555,0.12535996735095978
Colombia,What is the capital of Colombia? Answer with only the capital city.,chat_template,15,20767.224609375,34.8315315246582,0.1145436018705368
Colombia,What is the capital of Colombia? Answer with only the capital city.,chat_template,16,24329.369140625,33.25511169433594,0.12461646646261215
Colombia,What is the capital of Colombia? Answer with only the capital city.,chat_template,17,312.8968505859375,10.600178718566895,0.1536736637353897
Comoros,What is the capital of Comoros?,raw_question,0,154.18734741210938,188.85723876953125,0.25395962595939636
Comoros,What is the capital of Comoros?,raw_question,1,1066.049072265625,103.91696166992188,0.1976063996553421
Comoros,What is the capital of Comoros?,raw_question,2,1277.50439453125,16.26074981689453,0.16366727650165558
Comoros,What is the capital of Comoros?,raw_question,3,1620.853271484375,14.040339469909668,0.20194897055625916
Comoros,What is the capital of Comoros?,raw_question,4,2332.93896484375,10.396591186523438,0.17891862988471985
Comoros,What is the capital of Comoros?,raw_question,5,2744.79150390625,19.948795318603516,0.14744305610656738
Comoros,What is the capital of Comoros?,raw_question,6,3144.794677734375,8.651159286499023,0.1584109365940094
Comoros,What is the capital of Comoros?,raw_question,7,5034.6904296875,16.60727882385254,0.16519314050674438
Comoros,What is the capital of Comoros?,raw_question,8,5872.9609375,16.156414031982422,0.1726597100496292
Comoros,What is the capital of Comoros?,raw_question,9,5332.00732421875,12.718335151672363,0.13402529060840607
Comoros,What is the capital of Comoros?,raw_question,10,10327.1103515625,23.841156005859375,0.19465920329093933
Comoros,What is the capital of Comoros?,raw_question,11,10824.5390625,3.8200507164001465,0.17326626181602478
Comoros,What is the capital of Comoros?,raw_question,12,13078.2255859375,27.436874389648438,0.13233570754528046
Comoros,What is the capital of Comoros?,raw_question,13,16079.3134765625,28.97952651977539,0.1103704497218132
Comoros,What is the capital of Comoros?,raw_question,14,17209.548828125,44.641700744628906,0.11322538554668427
Comoros,What is the capital of Comoros?,raw_question,15,18105.021484375,34.747657775878906,0.10376101732254028
Comoros,What is the capital of Comoros?,raw_question,16,24859.47265625,39.53256607055664,0.09236649423837662
Comoros,What is the capital of Comoros?,raw_question,17,167.33447265625,10.083405494689941,0.12124570459127426
Comoros,The capital of Comoros is,declarative,0,130.3802490234375,155.45941162109375,0.2139616161584854
Comoros,The capital of Comoros is,declarative,1,859.8682861328125,124.13211059570312,0.24297687411308289
Comoros,The capital of Comoros is,declarative,2,1187.8995361328125,23.24784278869629,0.19524292647838593
Comoros,The capital of Comoros is,declarative,3,1657.864990234375,14.314324378967285,0.2295658439397812
Comoros,The capital of Comoros is,declarative,4,2359.51416015625,10.656874656677246,0.17009547352790833
Comoros,The capital of Comoros is,declarative,5,2824.958740234375,19.88492202758789,0.14898762106895447
Comoros,The capital of Comoros is,declarative,6,3556.177490234375,8.964009284973145,0.16563788056373596
Comoros,The capital of Comoros is,declarative,7,5757.748046875,17.300992965698242,0.17101915180683136
Comoros,The capital of Comoros is,declarative,8,5527.2060546875,16.55071449279785,0.17586836218833923
Comoros,The capital of Comoros is,declarative,9,5759.84326171875,15.006866455078125,0.1374177783727646
Comoros,The capital of Comoros is,declarative,10,8598.1171875,28.337627410888672,0.19566302001476288
Comoros,The capital of Comoros is,declarative,11,9913.666015625,5.300058364868164,0.19705620408058167
Comoros,The capital of Comoros is,declarative,12,12190.75,35.899635314941406,0.1624491661787033
Comoros,The capital of Comoros is,declarative,13,15362.453125,24.302852630615234,0.13273826241493225
Comoros,The capital of Comoros is,declarative,14,19481.767578125,51.16619873046875,0.12590426206588745
Comoros,The capital of Comoros is,declarative,15,20927.583984375,36.014869689941406,0.10453915596008301
Comoros,The capital of Comoros is,declarative,16,25468.771484375,38.478240966796875,0.10361877083778381
Comoros,The capital of Comoros is,declarative,17,225.89761352539062,9.492749214172363,0.12838050723075867
Comoros,"Q: What is the capital of Comoros?
A:",qa,0,125.21249389648438,160.5672149658203,0.2861645817756653
Comoros,"Q: What is the capital of Comoros?
A:",qa,1,812.0758056640625,146.9297637939453,0.23893557488918304
Comoros,"Q: What is the capital of Comoros?
A:",qa,2,1021.56396484375,21.268383026123047,0.1757863461971283
Comoros,"Q: What is the capital of Comoros?
A:",qa,3,1826.292236328125,14.046978950500488,0.21887311339378357
Comoros,"Q: What is the capital of Comoros?
A:",qa,4,2117.537109375,11.523490905761719,0.176078200340271
Comoros,"Q: What is the capital of Comoros?
A:",qa,5,3444.8916015625,16.552295684814453,0.1538524031639099
Comoros,"Q: What is the capital of Comoros?
A:",qa,6,3552.74560546875,6.2741804122924805,0.15184170007705688
Comoros,"Q: What is the capital of Comoros?
A:",qa,7,4882.9169921875,16.11574363708496,0.16255632042884827
Comoros,"Q: What is the capital of Comoros?
A:",qa,8,5420.486328125,15.057835578918457,0.19061866402626038
Comoros,"Q: What is the capital of Comoros?
A:",qa,9,5277.13427734375,14.877147674560547,0.13554206490516663
Comoros,"Q: What is the capital of Comoros?
A:",qa,10,8312.501953125,29.77967643737793,0.19025906920433044
Comoros,"Q: What is the capital of Comoros?
A:",qa,11,8918.70703125,5.181456089019775,0.1941748410463333
Comoros,"Q: What is the capital of Comoros?
A:",qa,12,11809.3662109375,33.62335968017578,0.15862412750720978
Comoros,"Q: What is the capital of Comoros?
A:",qa,13,14744.486328125,24.259340286254883,0.1231226772069931
Comoros,"Q: What is the capital of Comoros?
A:",qa,14,18849.44140625,46.33777618408203,0.1225849837064743
Comoros,"Q: What is the capital of Comoros?
A:",qa,15,20136.771484375,35.76854705810547,0.0998622328042984
Comoros,"Q: What is the capital of Comoros?
A:",qa,16,25840.283203125,37.590362548828125,0.09408781677484512
Comoros,"Q: What is the capital of Comoros?
A:",qa,17,179.282470703125,10.097189903259277,0.12084391713142395
Comoros,What is the capital of Comoros? Answer with only the capital city.,chat_template,0,172.08758544921875,167.55813598632812,0.2013527750968933
Comoros,What is the capital of Comoros? Answer with only the capital city.,chat_template,1,783.7496337890625,128.5101318359375,0.17073595523834229
Comoros,What is the capital of Comoros? Answer with only the capital city.,chat_template,2,1043.3184814453125,23.612422943115234,0.16034016013145447
Comoros,What is the capital of Comoros? Answer with only the capital city.,chat_template,3,1391.5562744140625,13.617886543273926,0.1961146891117096
Comoros,What is the capital of Comoros? Answer with only the capital city.,chat_template,4,780.4149780273438,12.3953218460083,0.1963426172733307
Comoros,What is the capital of Comoros? Answer with only the capital city.,chat_template,5,2368.28515625,19.652467727661133,0.1396951526403427
Comoros,What is the capital of Comoros? Answer with only the capital city.,chat_template,6,3401.239013671875,6.851420879364014,0.16483798623085022
Comoros,What is the capital of Comoros? Answer with only the capital city.,chat_template,7,4726.99755859375,16.081357955932617,0.17082417011260986
Comoros,What is the capital of Comoros? Answer with only the capital city.,chat_template,8,5274.06298828125,18.588939666748047,0.20186170935630798
Comoros,What is the capital of Comoros? Answer with only the capital city.,chat_template,9,5503.31689453125,14.54461669921875,0.150644451379776
Comoros,What is the capital of Comoros? Answer with only the capital city.,chat_template,10,8879.0498046875,27.325031280517578,0.22022967040538788
Comoros,What is the capital of Comoros? Answer with only the capital city.,chat_template,11,9064.7275390625,3.9578466415405273,0.20537495613098145
Comoros,What is the capital of Comoros? Answer with only the capital city.,chat_template,12,12347.7138671875,34.301414489746094,0.16282056272029877
Comoros,What is the capital of Comoros? Answer with only the capital city.,chat_template,13,14817.859375,21.89131736755371,0.13401122391223907
Comoros,What is the capital of Comoros? Answer with only the capital city.,chat_template,14,18949.439453125,47.37007141113281,0.1337297558784485
Comoros,What is the capital of Comoros? Answer with only the capital city.,chat_template,15,19927.005859375,31.378429412841797,0.11325934529304504
Comoros,What is the capital of Comoros? Answer with only the capital city.,chat_template,16,24741.58203125,32.08519744873047,0.12269726395606995
Comoros,What is the capital of Comoros? Answer with only the capital city.,chat_template,17,311.3636474609375,9.256396293640137,0.14920863509178162
Costa Rica,What is the capital of Costa Rica?,raw_question,0,154.18484497070312,190.3292236328125,0.25350791215896606
Costa Rica,What is the capital of Costa Rica?,raw_question,1,1070.651611328125,104.54141235351562,0.19784975051879883
Costa Rica,What is the capital of Costa Rica?,raw_question,2,1300.7867431640625,16.449031829833984,0.1629173904657364
Costa Rica,What is the capital of Costa Rica?,raw_question,3,1603.3936767578125,14.221435546875,0.20145252346992493
Costa Rica,What is the capital of Costa Rica?,raw_question,4,2252.193359375,9.942708969116211,0.188070148229599
Costa Rica,What is the capital of Costa Rica?,raw_question,5,2731.372314453125,20.280153274536133,0.14431175589561462
Costa Rica,What is the capital of Costa Rica?,raw_question,6,3434.659912109375,8.090874671936035,0.15752120316028595
Costa Rica,What is the capital of Costa Rica?,raw_question,7,5050.5791015625,16.3819580078125,0.16569983959197998
Costa Rica,What is the capital of Costa Rica?,raw_question,8,5901.0390625,16.20383644104004,0.16934242844581604
Costa Rica,What is the capital of Costa Rica?,raw_question,9,5291.1123046875,12.094216346740723,0.13090398907661438
Costa Rica,What is the capital of Costa Rica?,raw_question,10,10701.39453125,24.46719741821289,0.19610244035720825
Costa Rica,What is the capital of Costa Rica?,raw_question,11,11134.6708984375,3.5443203449249268,0.16951394081115723
Costa Rica,What is the capital of Costa Rica?,raw_question,12,13269.6943359375,28.692989349365234,0.126644104719162
Costa Rica,What is the capital of Costa Rica?,raw_question,13,16540.134765625,26.75771713256836,0.1088627278804779
Costa Rica,What is the capital of Costa Rica?,raw_question,14,17668.4375,45.701961517333984,0.11202943325042725
Costa Rica,What is the capital of Costa Rica?,raw_question,15,18857.806640625,34.39496994018555,0.10268013179302216
Costa Rica,What is the capital of Costa Rica?,raw_question,16,25333.9375,37.85779571533203,0.09352412074804306
Costa Rica,What is the capital of Costa Rica?,raw_question,17,162.7686004638672,11.122337341308594,0.12210012972354889
Costa Rica,The capital of Costa Rica is,declarative,0,132.48779296875,160.80081176757812,0.21235477924346924
Costa Rica,The capital of Costa Rica is,declarative,1,870.4066162109375,130.4503936767578,0.2368590235710144
Costa Rica,The capital of Costa Rica is,declarative,2,1210.5517578125,22.333290100097656,0.1901276707649231
Costa Rica,The capital of Costa Rica is,declarative,3,1626.3326416015625,14.860751152038574,0.2221078723669052
Costa Rica,The capital of Costa Rica is,declarative,4,2274.955078125,10.248427391052246,0.18453042209148407
Costa Rica,The capital of Costa Rica is,declarative,5,2772.37744140625,20.123722076416016,0.14681650698184967
Costa Rica,The capital of Costa Rica is,declarative,6,3588.980224609375,8.226142883300781,0.16450011730194092
Costa Rica,The capital of Costa Rica is,declarative,7,5697.69775390625,17.802024841308594,0.17149370908737183
Costa Rica,The capital of Costa Rica is,declarative,8,5565.53955078125,16.580812454223633,0.1723557412624359
Costa Rica,The capital of Costa Rica is,declarative,9,5608.65478515625,14.5303955078125,0.13447876274585724
Costa Rica,The capital of Costa Rica is,declarative,10,8732.4052734375,27.816585540771484,0.19383634626865387
Costa Rica,The capital of Costa Rica is,declarative,11,10091.6162109375,4.998601913452148,0.1952991783618927
Costa Rica,The capital of Costa Rica is,declarative,12,12515.1201171875,38.0018310546875,0.1547265350818634
Costa Rica,The capital of Costa Rica is,declarative,13,15658.7216796875,24.244449615478516,0.12714673578739166
Costa Rica,The capital of Costa Rica is,declarative,14,19131.46484375,53.07661437988281,0.11974798142910004
Costa Rica,The capital of Costa Rica is,declarative,15,21039.900390625,35.29196548461914,0.10422290861606598
Costa Rica,The capital of Costa Rica is,declarative,16,24738.990234375,38.500816345214844,0.10382479429244995
Costa Rica,The capital of Costa Rica is,declarative,17,262.3741455078125,10.180994033813477,0.1311119943857193
Costa Rica,"Q: What is the capital of Costa Rica?
A:",qa,0,125.74995422363281,164.04464721679688,0.2819399833679199
Costa Rica,"Q: What is the capital of Costa Rica?
A:",qa,1,812.9942626953125,149.40771484375,0.2389814257621765
Costa Rica,"Q: What is the capital of Costa Rica?
A:",qa,2,1007.9510498046875,21.11105728149414,0.17592842876911163
Costa Rica,"Q: What is the capital of Costa Rica?
A:",qa,3,1848.243408203125,14.38913631439209,0.22051942348480225
Costa Rica,"Q: What is the capital of Costa Rica?
A:",qa,4,2070.85498046875,11.737703323364258,0.1772724986076355
Costa Rica,"Q: What is the capital of Costa Rica?
A:",qa,5,3446.263427734375,16.78960609436035,0.15360483527183533
Costa Rica,"Q: What is the capital of Costa Rica?
A:",qa,6,3736.6474609375,5.970824718475342,0.15359345078468323
Costa Rica,"Q: What is the capital of Costa Rica?
A:",qa,7,5063.0634765625,15.888265609741211,0.16321410238742828
Costa Rica,"Q: What is the capital of Costa Rica?
A:",qa,8,5545.1142578125,14.67071533203125,0.1899663507938385
Costa Rica,"Q: What is the capital of Costa Rica?
A:",qa,9,5318.47509765625,14.590195655822754,0.13632333278656006
Costa Rica,"Q: What is the capital of Costa Rica?
A:",qa,10,8384.4365234375,30.40611457824707,0.192719966173172
Costa Rica,"Q: What is the capital of Costa Rica?
A:",qa,11,8941.60546875,5.101832389831543,0.1944270133972168
Costa Rica,"Q: What is the capital of Costa Rica?
A:",qa,12,12074.375,37.34821319580078,0.15431980788707733
Costa Rica,"Q: What is the capital of Costa Rica?
A:",qa,13,15050.244140625,24.369600296020508,0.11904856562614441
Costa Rica,"Q: What is the capital of Costa Rica?
A:",qa,14,18489.849609375,48.96406173706055,0.11661024391651154
Costa Rica,"Q: What is the capital of Costa Rica?
A:",qa,15,20145.90234375,35.086055755615234,0.09895333647727966
Costa Rica,"Q: What is the capital of Costa Rica?
A:",qa,16,25216.16796875,35.47834777832031,0.09494265913963318
Costa Rica,"Q: What is the capital of Costa Rica?
A:",qa,17,217.8553466796875,11.697418212890625,0.1209033876657486
Costa Rica,What is the capital of Costa Rica? Answer with only the capital city.,chat_template,0,171.02569580078125,169.82203674316406,0.19906723499298096
Costa Rica,What is the capital of Costa Rica? Answer with only the capital city.,chat_template,1,783.7630615234375,129.76051330566406,0.16967856884002686
Costa Rica,What is the capital of Costa Rica? Answer with only the capital city.,chat_template,2,1043.246337890625,23.513071060180664,0.1594419628381729
Costa Rica,What is the capital of Costa Rica? Answer with only the capital city.,chat_template,3,1389.8172607421875,13.657795906066895,0.19544944167137146
Costa Rica,What is the capital of Costa Rica? Answer with only the capital city.,chat_template,4,793.76220703125,12.14997386932373,0.19359740614891052
Costa Rica,What is the capital of Costa Rica? Answer with only the capital city.,chat_template,5,2371.1591796875,19.724884033203125,0.13926920294761658
Costa Rica,What is the capital of Costa Rica? Answer with only the capital city.,chat_template,6,3406.151611328125,6.748251438140869,0.16389352083206177
Costa Rica,What is the capital of Costa Rica? Answer with only the capital city.,chat_template,7,4756.23388671875,15.860730171203613,0.1705619990825653
Costa Rica,What is the capital of Costa Rica? Answer with only the capital city.,chat_template,8,5279.337890625,18.535160064697266,0.19901806116104126
Costa Rica,What is the capital of Costa Rica? Answer with only the capital city.,chat_template,9,5445.99462890625,13.748507499694824,0.1485985517501831
Costa Rica,What is the capital of Costa Rica? Answer with only the capital city.,chat_template,10,8939.830078125,27.673330307006836,0.22165030241012573
Costa Rica,What is the capital of Costa Rica? Answer with only the capital city.,chat_template,11,9268.1533203125,3.854935646057129,0.20460522174835205
Costa Rica,What is the capital of Costa Rica? Answer with only the capital city.,chat_template,12,12330.23046875,31.042749404907227,0.15670925378799438
Costa Rica,What is the capital of Costa Rica? Answer with only the capital city.,chat_template,13,15269.9228515625,22.008928298950195,0.12790730595588684
Costa Rica,What is the capital of Costa Rica? Answer with only the capital city.,chat_template,14,18451.736328125,46.17251205444336,0.12626931071281433
Costa Rica,What is the capital of Costa Rica? Answer with only the capital city.,chat_template,15,19818.5,31.566513061523438,0.11097987741231918
Costa Rica,What is the capital of Costa Rica? Answer with only the capital city.,chat_template,16,24262.8984375,32.40829086303711,0.11691590398550034
Costa Rica,What is the capital of Costa Rica? Answer with only the capital city.,chat_template,17,316.57330322265625,9.48198127746582,0.1464453935623169
Croatia,What is the capital of Croatia?,raw_question,0,154.8788299560547,192.735107421875,0.2570047974586487
Croatia,What is the capital of Croatia?,raw_question,1,1063.919921875,106.19950866699219,0.19785812497138977
Croatia,What is the capital of Croatia?,raw_question,2,1293.8170166015625,16.324487686157227,0.16178053617477417
Croatia,What is the capital of Croatia?,raw_question,3,1609.19921875,13.62137508392334,0.20217767357826233
Croatia,What is the capital of Croatia?,raw_question,4,2238.67578125,10.071735382080078,0.18450000882148743
Croatia,What is the capital of Croatia?,raw_question,5,2686.638916015625,20.25840950012207,0.14416682720184326
Croatia,What is the capital of Croatia?,raw_question,6,3239.124267578125,8.225505828857422,0.15846486389636993
Croatia,What is the capital of Croatia?,raw_question,7,5054.6982421875,16.72026252746582,0.16747675836086273
Croatia,What is the capital of Croatia?,raw_question,8,5899.54345703125,16.361722946166992,0.17124389111995697
Croatia,What is the capital of Croatia?,raw_question,9,5324.6806640625,12.05921459197998,0.13390891253948212
Croatia,What is the capital of Croatia?,raw_question,10,10395.03515625,25.409454345703125,0.19968143105506897
Croatia,What is the capital of Croatia?,raw_question,11,10864.70703125,3.443042039871216,0.17056244611740112
Croatia,What is the capital of Croatia?,raw_question,12,13056.19921875,27.140460968017578,0.1295175552368164
Croatia,What is the capital of Croatia?,raw_question,13,16338.0693359375,24.870594024658203,0.1074848622083664
Croatia,What is the capital of Croatia?,raw_question,14,17626.26953125,45.761024475097656,0.10737204551696777
Croatia,What is the capital of Croatia?,raw_question,15,18322.400390625,34.35395050048828,0.09967155754566193
Croatia,What is the capital of Croatia?,raw_question,16,24412.650390625,39.445011138916016,0.09090721607208252
Croatia,What is the capital of Croatia?,raw_question,17,176.16650390625,10.573935508728027,0.11848509311676025
Croatia,The capital of Croatia is,declarative,0,131.52960205078125,157.22657775878906,0.21608108282089233
Croatia,The capital of Croatia is,declarative,1,863.2605590820312,128.351318359375,0.24129965901374817
Croatia,The capital of Croatia is,declarative,2,1233.4310302734375,22.27570915222168,0.19307085871696472
Croatia,The capital of Croatia is,declarative,3,1621.863037109375,14.095955848693848,0.21770751476287842
Croatia,The capital of Croatia is,declarative,4,2285.5205078125,10.26806354522705,0.17840087413787842
Croatia,The capital of Croatia is,declarative,5,2814.426513671875,20.237205505371094,0.1454833745956421
Croatia,The capital of Croatia is,declarative,6,3661.147705078125,8.813763618469238,0.16501662135124207
Croatia,The capital of Croatia is,declarative,7,5701.91943359375,17.589139938354492,0.1702066957950592
Croatia,The capital of Croatia is,declarative,8,5504.42919921875,16.349899291992188,0.173258438706398
Croatia,The capital of Croatia is,declarative,9,5639.20166015625,14.547042846679688,0.13756245374679565
Croatia,The capital of Croatia is,declarative,10,8677.8046875,29.294384002685547,0.1996423304080963
Croatia,The capital of Croatia is,declarative,11,9953.919921875,4.987990856170654,0.19643697142601013
Croatia,The capital of Croatia is,declarative,12,12720.3984375,36.57900619506836,0.16213783621788025
Croatia,The capital of Croatia is,declarative,13,15563.6689453125,23.77421760559082,0.13084468245506287
Croatia,The capital of Croatia is,declarative,14,19645.826171875,51.57204818725586,0.12433778494596481
Croatia,The capital of Croatia is,declarative,15,20743.060546875,37.16450500488281,0.10469912737607956
Croatia,The capital of Croatia is,declarative,16,23874.02734375,38.93130111694336,0.10524944961071014
Croatia,The capital of Croatia is,declarative,17,277.72412109375,10.216580390930176,0.13463830947875977
Croatia,"Q: What is the capital of Croatia?
A:",qa,0,125.9087905883789,162.10406494140625,0.28571662306785583
Croatia,"Q: What is the capital of Croatia?
A:",qa,1,811.7918090820312,147.7925262451172,0.23638595640659332
Croatia,"Q: What is the capital of Croatia?
A:",qa,2,999.017333984375,21.085920333862305,0.17425477504730225
Croatia,"Q: What is the capital of Croatia?
A:",qa,3,1834.2213134765625,14.147371292114258,0.21978047490119934
Croatia,"Q: What is the capital of Croatia?
A:",qa,4,2130.70947265625,11.570089340209961,0.174930602312088
Croatia,"Q: What is the capital of Croatia?
A:",qa,5,3482.154541015625,16.693960189819336,0.15223941206932068
Croatia,"Q: What is the capital of Croatia?
A:",qa,6,3734.970703125,6.157620906829834,0.15283480286598206
Croatia,"Q: What is the capital of Croatia?
A:",qa,7,5002.310546875,15.970014572143555,0.16042259335517883
Croatia,"Q: What is the capital of Croatia?
A:",qa,8,5487.6396484375,15.151609420776367,0.188984215259552
Croatia,"Q: What is the capital of Croatia?
A:",qa,9,5222.35595703125,14.681618690490723,0.1363975554704666
Croatia,"Q: What is the capital of Croatia?
A:",qa,10,8323.609375,30.702051162719727,0.19215458631515503
Croatia,"Q: What is the capital of Croatia?
A:",qa,11,8889.2841796875,5.03994607925415,0.19238823652267456
Croatia,"Q: What is the capital of Croatia?
A:",qa,12,12360.0048828125,35.32863998413086,0.1563405692577362
Croatia,"Q: What is the capital of Croatia?
A:",qa,13,14954.646484375,23.85893440246582,0.12054882198572159
Croatia,"Q: What is the capital of Croatia?
A:",qa,14,18971.1953125,46.68512725830078,0.11845389753580093
Croatia,"Q: What is the capital of Croatia?
A:",qa,15,19906.607421875,38.07306671142578,0.10041804611682892
Croatia,"Q: What is the capital of Croatia?
A:",qa,16,25311.90234375,36.14345169067383,0.09713678061962128
Croatia,"Q: What is the capital of Croatia?
A:",qa,17,217.183837890625,12.542487144470215,0.12107431888580322
Croatia,What is the capital of Croatia? Answer with only the capital city.,chat_template,0,171.7960662841797,169.75106811523438,0.20182812213897705
Croatia,What is the capital of Croatia? Answer with only the capital city.,chat_template,1,784.5694580078125,128.68927001953125,0.16943295300006866
Croatia,What is the capital of Croatia? Answer with only the capital city.,chat_template,2,1040.130615234375,23.397602081298828,0.15918520092964172
Croatia,What is the capital of Croatia? Answer with only the capital city.,chat_template,3,1376.1492919921875,13.651283264160156,0.19585663080215454
Croatia,What is the capital of Croatia? Answer with only the capital city.,chat_template,4,803.3170776367188,12.27564811706543,0.19506317377090454
Croatia,What is the capital of Croatia? Answer with only the capital city.,chat_template,5,2371.565185546875,19.953638076782227,0.13918153941631317
Croatia,What is the capital of Croatia? Answer with only the capital city.,chat_template,6,3454.01953125,6.788471698760986,0.16449427604675293
Croatia,What is the capital of Croatia? Answer with only the capital city.,chat_template,7,4696.08642578125,15.86682415008545,0.1708449274301529
Croatia,What is the capital of Croatia? Answer with only the capital city.,chat_template,8,5187.470703125,18.756765365600586,0.19996482133865356
Croatia,What is the capital of Croatia? Answer with only the capital city.,chat_template,9,5444.48779296875,13.869656562805176,0.15046095848083496
Croatia,What is the capital of Croatia? Answer with only the capital city.,chat_template,10,8882.466796875,27.483383178710938,0.22309163212776184
Croatia,What is the capital of Croatia? Answer with only the capital city.,chat_template,11,9165.5283203125,3.8569087982177734,0.2040771245956421
Croatia,What is the capital of Croatia? Answer with only the capital city.,chat_template,12,13350.515625,29.962724685668945,0.15664805471897125
Croatia,What is the capital of Croatia? Answer with only the capital city.,chat_template,13,15888.4091796875,21.453184127807617,0.1273658722639084
Croatia,What is the capital of Croatia? Answer with only the capital city.,chat_template,14,19384.34765625,45.03063201904297,0.12549471855163574
Croatia,What is the capital of Croatia? Answer with only the capital city.,chat_template,15,19823.98828125,36.25713348388672,0.11185204237699509
Croatia,What is the capital of Croatia? Answer with only the capital city.,chat_template,16,24240.373046875,31.036916732788086,0.12060315161943436
Croatia,What is the capital of Croatia? Answer with only the capital city.,chat_template,17,302.6891784667969,11.710979461669922,0.14942920207977295
Cuba,What is the capital of Cuba?,raw_question,0,153.9954833984375,192.77667236328125,0.2569529116153717
Cuba,What is the capital of Cuba?,raw_question,1,1066.8773193359375,105.27766418457031,0.19782093167304993
Cuba,What is the capital of Cuba?,raw_question,2,1285.5340576171875,16.246980667114258,0.16117644309997559
Cuba,What is the capital of Cuba?,raw_question,3,1602.5947265625,13.640142440795898,0.20247244834899902
Cuba,What is the capital of Cuba?,raw_question,4,2318.038330078125,9.889124870300293,0.18595892190933228
Cuba,What is the capital of Cuba?,raw_question,5,2720.180419921875,19.94770050048828,0.14435197412967682
Cuba,What is the capital of Cuba?,raw_question,6,3132.209228515625,8.297003746032715,0.15660808980464935
Cuba,What is the capital of Cuba?,raw_question,7,4941.482421875,16.598892211914062,0.1666553020477295
Cuba,What is the capital of Cuba?,raw_question,8,5897.77099609375,16.200313568115234,0.1723887026309967
Cuba,What is the capital of Cuba?,raw_question,9,5265.53955078125,12.267661094665527,0.13287493586540222
Cuba,What is the capital of Cuba?,raw_question,10,10457.40625,24.596933364868164,0.19869911670684814
Cuba,What is the capital of Cuba?,raw_question,11,10891.2548828125,3.650576114654541,0.17210306227207184
Cuba,What is the capital of Cuba?,raw_question,12,12872.3818359375,26.943614959716797,0.1277552992105484
Cuba,What is the capital of Cuba?,raw_question,13,16194.0615234375,25.89798355102539,0.10499419271945953
Cuba,What is the capital of Cuba?,raw_question,14,17133.455078125,45.37804412841797,0.10859834402799606
Cuba,What is the capital of Cuba?,raw_question,15,18214.548828125,34.04203796386719,0.10183221846818924
Cuba,What is the capital of Cuba?,raw_question,16,24824.673828125,39.946773529052734,0.09258106350898743
Cuba,What is the capital of Cuba?,raw_question,17,170.34397888183594,10.589651107788086,0.11942490190267563
Cuba,The capital of Cuba is,declarative,0,130.53524780273438,163.0171661376953,0.2117183655500412
Cuba,The capital of Cuba is,declarative,1,863.4711303710938,125.75279235839844,0.24190837144851685
Cuba,The capital of Cuba is,declarative,2,1210.972900390625,22.427589416503906,0.19246894121170044
Cuba,The capital of Cuba is,declarative,3,1613.6422119140625,14.214889526367188,0.22099843621253967
Cuba,The capital of Cuba is,declarative,4,2382.257080078125,10.128915786743164,0.18254776298999786
Cuba,The capital of Cuba is,declarative,5,2805.317626953125,19.871150970458984,0.1446792483329773
Cuba,The capital of Cuba is,declarative,6,3499.59765625,8.493221282958984,0.16390138864517212
Cuba,The capital of Cuba is,declarative,7,5582.263671875,17.240596771240234,0.172514408826828
Cuba,The capital of Cuba is,declarative,8,5445.0634765625,16.59430503845215,0.17550110816955566
Cuba,The capital of Cuba is,declarative,9,5606.4970703125,14.495208740234375,0.13684192299842834
Cuba,The capital of Cuba is,declarative,10,8610.80078125,28.319597244262695,0.19789394736289978
Cuba,The capital of Cuba is,declarative,11,10109.6181640625,5.181095600128174,0.19592779874801636
Cuba,The capital of Cuba is,declarative,12,12478.1904296875,32.953453063964844,0.15753278136253357
Cuba,The capital of Cuba is,declarative,13,15484.875,24.629161834716797,0.12936127185821533
Cuba,The capital of Cuba is,declarative,14,19021.568359375,52.03386688232422,0.12081614136695862
Cuba,The capital of Cuba is,declarative,15,20581.36328125,35.46232223510742,0.10354124009609222
Cuba,The capital of Cuba is,declarative,16,24277.43359375,40.294673919677734,0.10381580889225006
Cuba,The capital of Cuba is,declarative,17,246.51791381835938,11.690126419067383,0.13005132973194122
Cuba,"Q: What is the capital of Cuba?
A:",qa,0,126.13799285888672,162.10269165039062,0.2852136194705963
Cuba,"Q: What is the capital of Cuba?
A:",qa,1,815.6290283203125,147.83648681640625,0.23880057036876678
Cuba,"Q: What is the capital of Cuba?
A:",qa,2,999.6029052734375,21.237485885620117,0.17672698199748993
Cuba,"Q: What is the capital of Cuba?
A:",qa,3,1827.6160888671875,14.085500717163086,0.21866200864315033
Cuba,"Q: What is the capital of Cuba?
A:",qa,4,2111.232177734375,11.574480056762695,0.17542216181755066
Cuba,"Q: What is the capital of Cuba?
A:",qa,5,3462.836181640625,16.595144271850586,0.15269111096858978
Cuba,"Q: What is the capital of Cuba?
A:",qa,6,3642.665283203125,6.208059310913086,0.15168067812919617
Cuba,"Q: What is the capital of Cuba?
A:",qa,7,4854.75927734375,16.070226669311523,0.1594824492931366
Cuba,"Q: What is the capital of Cuba?
A:",qa,8,5339.10498046875,15.273772239685059,0.18996375799179077
Cuba,"Q: What is the capital of Cuba?
A:",qa,9,5189.42138671875,14.854604721069336,0.13607829809188843
Cuba,"Q: What is the capital of Cuba?
A:",qa,10,8319.810546875,30.031137466430664,0.1898578405380249
Cuba,"Q: What is the capital of Cuba?
A:",qa,11,8806.2509765625,5.226830005645752,0.1915469765663147
Cuba,"Q: What is the capital of Cuba?
A:",qa,12,11943.3466796875,32.38624572753906,0.15226784348487854
Cuba,"Q: What is the capital of Cuba?
A:",qa,13,14679.283203125,25.63862419128418,0.11830142885446548
Cuba,"Q: What is the capital of Cuba?
A:",qa,14,18051.451171875,45.844696044921875,0.11502080410718918
Cuba,"Q: What is the capital of Cuba?
A:",qa,15,19486.728515625,36.763057708740234,0.09548820555210114
Cuba,"Q: What is the capital of Cuba?
A:",qa,16,25100.224609375,38.190452575683594,0.09245741367340088
Cuba,"Q: What is the capital of Cuba?
A:",qa,17,185.6060333251953,13.371435165405273,0.11622704565525055
Cuba,What is the capital of Cuba? Answer with only the capital city.,chat_template,0,171.2939910888672,169.92181396484375,0.20127145946025848
Cuba,What is the capital of Cuba? Answer with only the capital city.,chat_template,1,784.6921997070312,128.56362915039062,0.170237734913826
Cuba,What is the capital of Cuba? Answer with only the capital city.,chat_template,2,1040.279296875,23.50581932067871,0.16001559793949127
Cuba,What is the capital of Cuba? Answer with only the capital city.,chat_template,3,1393.9373779296875,13.583260536193848,0.19565539062023163
Cuba,What is the capital of Cuba? Answer with only the capital city.,chat_template,4,798.022705078125,12.321717262268066,0.19535353779792786
Cuba,What is the capital of Cuba? Answer with only the capital city.,chat_template,5,2381.2099609375,19.81453514099121,0.13917246460914612
Cuba,What is the capital of Cuba? Answer with only the capital city.,chat_template,6,3442.59423828125,6.875485897064209,0.16462615132331848
Cuba,What is the capital of Cuba? Answer with only the capital city.,chat_template,7,4726.431640625,15.861981391906738,0.17092642188072205
Cuba,What is the capital of Cuba? Answer with only the capital city.,chat_template,8,5208.29638671875,18.469905853271484,0.20137298107147217
Cuba,What is the capital of Cuba? Answer with only the capital city.,chat_template,9,5470.1474609375,14.028753280639648,0.15110480785369873
Cuba,What is the capital of Cuba? Answer with only the capital city.,chat_template,10,8940.708984375,27.490459442138672,0.22352077066898346
Cuba,What is the capital of Cuba? Answer with only the capital city.,chat_template,11,9294.9169921875,3.882568120956421,0.20407146215438843
Cuba,What is the capital of Cuba? Answer with only the capital city.,chat_template,12,12707.15625,25.72372055053711,0.15511871874332428
Cuba,What is the capital of Cuba? Answer with only the capital city.,chat_template,13,15341.3916015625,22.31581687927246,0.12773719429969788
Cuba,What is the capital of Cuba? Answer with only the capital city.,chat_template,14,18235.345703125,47.954742431640625,0.12299381196498871
Cuba,What is the capital of Cuba? Answer with only the capital city.,chat_template,15,19522.375,32.5880126953125,0.10853789001703262
Cuba,What is the capital of Cuba? Answer with only the capital city.,chat_template,16,24194.587890625,35.12501907348633,0.11857571452856064
Cuba,What is the capital of Cuba? Answer with only the capital city.,chat_template,17,313.36529541015625,11.370055198669434,0.1438373476266861
Cyprus,What is the capital of Cyprus?,raw_question,0,155.45248413085938,190.74472045898438,0.258338987827301
Cyprus,What is the capital of Cyprus?,raw_question,1,1071.2572021484375,104.45242309570312,0.19790790975093842
Cyprus,What is the capital of Cyprus?,raw_question,2,1309.0616455078125,15.790570259094238,0.16049405932426453
Cyprus,What is the capital of Cyprus?,raw_question,3,1593.5374755859375,13.658550262451172,0.2018023431301117
Cyprus,What is the capital of Cyprus?,raw_question,4,2333.132080078125,9.90146255493164,0.18663939833641052
Cyprus,What is the capital of Cyprus?,raw_question,5,2709.2294921875,20.217363357543945,0.1432591676712036
Cyprus,What is the capital of Cyprus?,raw_question,6,3228.27978515625,8.443521499633789,0.158911794424057
Cyprus,What is the capital of Cyprus?,raw_question,7,4971.5576171875,16.885425567626953,0.16653329133987427
Cyprus,What is the capital of Cyprus?,raw_question,8,5810.9111328125,16.3267765045166,0.16925740242004395
Cyprus,What is the capital of Cyprus?,raw_question,9,5299.166015625,12.297645568847656,0.1339067667722702
Cyprus,What is the capital of Cyprus?,raw_question,10,10584.1787109375,24.77379608154297,0.19722144305706024
Cyprus,What is the capital of Cyprus?,raw_question,11,10779.1533203125,3.501146078109741,0.16935589909553528
Cyprus,What is the capital of Cyprus?,raw_question,12,12987.8271484375,26.394506454467773,0.12792330980300903
Cyprus,What is the capital of Cyprus?,raw_question,13,16273.7119140625,26.156341552734375,0.10562615096569061
Cyprus,What is the capital of Cyprus?,raw_question,14,17135.984375,45.26948547363281,0.10675878822803497
Cyprus,What is the capital of Cyprus?,raw_question,15,18018.2421875,33.97938537597656,0.10026466101408005
Cyprus,What is the capital of Cyprus?,raw_question,16,24532.892578125,39.876461029052734,0.08967871963977814
Cyprus,What is the capital of Cyprus?,raw_question,17,161.39620971679688,10.554442405700684,0.1184750497341156
Cyprus,The capital of Cyprus is,declarative,0,131.8485107421875,157.7201385498047,0.21550479531288147
Cyprus,The capital of Cyprus is,declarative,1,859.7683715820312,125.3411865234375,0.24311763048171997
Cyprus,The capital of Cyprus is,declarative,2,1226.090576171875,21.371612548828125,0.19159604609012604
Cyprus,The capital of Cyprus is,declarative,3,1621.9423828125,14.057842254638672,0.22033490240573883
Cyprus,The capital of Cyprus is,declarative,4,2411.886962890625,10.052271842956543,0.18312740325927734
Cyprus,The capital of Cyprus is,declarative,5,2821.706787109375,20.258893966674805,0.146278977394104
Cyprus,The capital of Cyprus is,declarative,6,3642.688232421875,8.645580291748047,0.16670754551887512
Cyprus,The capital of Cyprus is,declarative,7,5705.8466796875,17.340808868408203,0.1728135198354721
Cyprus,The capital of Cyprus is,declarative,8,5417.458984375,16.3663387298584,0.17398998141288757
Cyprus,The capital of Cyprus is,declarative,9,5609.78076171875,14.616131782531738,0.13775387406349182
Cyprus,The capital of Cyprus is,declarative,10,8618.6591796875,28.29145050048828,0.19575774669647217
Cyprus,The capital of Cyprus is,declarative,11,9933.3505859375,4.790475368499756,0.19463692605495453
Cyprus,The capital of Cyprus is,declarative,12,12557.1474609375,37.24140548706055,0.16203875839710236
Cyprus,The capital of Cyprus is,declarative,13,15871.3701171875,23.77592658996582,0.1305469274520874
Cyprus,The capital of Cyprus is,declarative,14,19800.505859375,51.65755844116211,0.12436915934085846
Cyprus,The capital of Cyprus is,declarative,15,20591.99609375,36.895511627197266,0.10444645583629608
Cyprus,The capital of Cyprus is,declarative,16,24584.767578125,39.10152816772461,0.10387474298477173
Cyprus,The capital of Cyprus is,declarative,17,253.3667755126953,9.417901039123535,0.13478988409042358
Cyprus,"Q: What is the capital of Cyprus?
A:",qa,0,126.26372528076172,161.36932373046875,0.28694948554039
Cyprus,"Q: What is the capital of Cyprus?
A:",qa,1,812.1232299804688,146.41592407226562,0.24024640023708344
Cyprus,"Q: What is the capital of Cyprus?
A:",qa,2,999.4882202148438,21.30260467529297,0.17596980929374695
Cyprus,"Q: What is the capital of Cyprus?
A:",qa,3,1835.239990234375,14.156142234802246,0.2197294980287552
Cyprus,"Q: What is the capital of Cyprus?
A:",qa,4,2123.234619140625,11.410101890563965,0.1755630373954773
Cyprus,"Q: What is the capital of Cyprus?
A:",qa,5,3463.510498046875,16.679454803466797,0.15251970291137695
Cyprus,"Q: What is the capital of Cyprus?
A:",qa,6,3681.933349609375,6.291292190551758,0.15278159081935883
Cyprus,"Q: What is the capital of Cyprus?
A:",qa,7,4857.94873046875,16.1961727142334,0.15942217409610748
Cyprus,"Q: What is the capital of Cyprus?
A:",qa,8,5374.68896484375,15.292266845703125,0.18847590684890747
Cyprus,"Q: What is the capital of Cyprus?
A:",qa,9,5197.99072265625,14.721915245056152,0.13566036522388458
Cyprus,"Q: What is the capital of Cyprus?
A:",qa,10,8291.771484375,30.008813858032227,0.1900312602519989
Cyprus,"Q: What is the capital of Cyprus?
A:",qa,11,8697.0361328125,5.123509883880615,0.19228608906269073
Cyprus,"Q: What is the capital of Cyprus?
A:",qa,12,12209.0439453125,36.5964241027832,0.15359628200531006
Cyprus,"Q: What is the capital of Cyprus?
A:",qa,13,15129.8076171875,25.225955963134766,0.1181710734963417
Cyprus,"Q: What is the capital of Cyprus?
A:",qa,14,19065.2265625,46.05357360839844,0.1168593317270279
Cyprus,"Q: What is the capital of Cyprus?
A:",qa,15,19857.841796875,36.450809478759766,0.09865741431713104
Cyprus,"Q: What is the capital of Cyprus?
A:",qa,16,25788.56640625,37.45274353027344,0.09252038598060608
Cyprus,"Q: What is the capital of Cyprus?
A:",qa,17,193.68869018554688,12.895450592041016,0.1193818747997284
Cyprus,What is the capital of Cyprus? Answer with only the capital city.,chat_template,0,172.1283416748047,169.10549926757812,0.20202067494392395
Cyprus,What is the capital of Cyprus? Answer with only the capital city.,chat_template,1,787.10791015625,127.90726470947266,0.1697971522808075
Cyprus,What is the capital of Cyprus? Answer with only the capital city.,chat_template,2,1050.603515625,23.50811195373535,0.15968161821365356
Cyprus,What is the capital of Cyprus? Answer with only the capital city.,chat_template,3,1383.4222412109375,13.628973007202148,0.1955382227897644
Cyprus,What is the capital of Cyprus? Answer with only the capital city.,chat_template,4,802.17822265625,12.28155517578125,0.19516082108020782
Cyprus,What is the capital of Cyprus? Answer with only the capital city.,chat_template,5,2385.32275390625,19.872243881225586,0.1391850858926773
Cyprus,What is the capital of Cyprus? Answer with only the capital city.,chat_template,6,3407.342529296875,6.801873683929443,0.1643964648246765
Cyprus,What is the capital of Cyprus? Answer with only the capital city.,chat_template,7,4781.89599609375,16.170602798461914,0.17043760418891907
Cyprus,What is the capital of Cyprus? Answer with only the capital city.,chat_template,8,5275.3515625,18.585979461669922,0.19910666346549988
Cyprus,What is the capital of Cyprus? Answer with only the capital city.,chat_template,9,5532.77734375,14.090208053588867,0.15041422843933105
Cyprus,What is the capital of Cyprus? Answer with only the capital city.,chat_template,10,9067.431640625,27.76753807067871,0.2206839621067047
Cyprus,What is the capital of Cyprus? Answer with only the capital city.,chat_template,11,9312.5732421875,3.9092373847961426,0.20233339071273804
Cyprus,What is the capital of Cyprus? Answer with only the capital city.,chat_template,12,13097.9794921875,32.74516296386719,0.15698882937431335
Cyprus,What is the capital of Cyprus? Answer with only the capital city.,chat_template,13,16390.669921875,21.872852325439453,0.12582610547542572
Cyprus,What is the capital of Cyprus? Answer with only the capital city.,chat_template,14,20198.994140625,44.398292541503906,0.1296336054801941
Cyprus,What is the capital of Cyprus? Answer with only the capital city.,chat_template,15,19787.1796875,32.728179931640625,0.11103730648756027
Cyprus,What is the capital of Cyprus? Answer with only the capital city.,chat_template,16,24829.5625,32.518707275390625,0.1190030425786972
Cyprus,What is the capital of Cyprus? Answer with only the capital city.,chat_template,17,318.89935302734375,9.479464530944824,0.15442219376564026
Czechia,What is the capital of Czech Republic?,raw_question,0,153.21926879882812,188.56846618652344,0.2543010115623474
Czechia,What is the capital of Czech Republic?,raw_question,1,1070.5635986328125,107.39994812011719,0.19701442122459412
Czechia,What is the capital of Czech Republic?,raw_question,2,1285.5596923828125,15.837660789489746,0.16056311130523682
Czechia,What is the capital of Czech Republic?,raw_question,3,1615.3897705078125,13.732074737548828,0.20197024941444397
Czechia,What is the capital of Czech Republic?,raw_question,4,2192.01806640625,10.046904563903809,0.18510158360004425
Czechia,What is the capital of Czech Republic?,raw_question,5,2622.351806640625,20.49380111694336,0.14256909489631653
Czechia,What is the capital of Czech Republic?,raw_question,6,3372.633544921875,8.232257843017578,0.15925860404968262
Czechia,What is the capital of Czech Republic?,raw_question,7,5081.12109375,16.517620086669922,0.1650165617465973
Czechia,What is the capital of Czech Republic?,raw_question,8,5931.6103515625,16.182598114013672,0.16947227716445923
Czechia,What is the capital of Czech Republic?,raw_question,9,5325.07373046875,12.069746971130371,0.1323438286781311
Czechia,What is the capital of Czech Republic?,raw_question,10,10522.25,24.72420310974121,0.19769497215747833
Czechia,What is the capital of Czech Republic?,raw_question,11,11104.056640625,3.548151731491089,0.17080903053283691
Czechia,What is the capital of Czech Republic?,raw_question,12,13555.0,28.099857330322266,0.13109606504440308
Czechia,What is the capital of Czech Republic?,raw_question,13,16904.111328125,25.158607482910156,0.10828403383493423
Czechia,What is the capital of Czech Republic?,raw_question,14,18124.03515625,44.38572311401367,0.10872720927000046
Czechia,What is the capital of Czech Republic?,raw_question,15,18619.947265625,34.052032470703125,0.09960296750068665
Czechia,What is the capital of Czech Republic?,raw_question,16,25230.490234375,39.00253677368164,0.09213979542255402
Czechia,What is the capital of Czech Republic?,raw_question,17,175.6237335205078,10.673824310302734,0.12120682001113892
Czechia,The capital of Czech Republic is,declarative,0,129.69456481933594,163.8920440673828,0.21303056180477142
Czechia,The capital of Czech Republic is,declarative,1,863.297119140625,123.20313262939453,0.23943057656288147
Czechia,The capital of Czech Republic is,declarative,2,1196.084716796875,21.773700714111328,0.1906227469444275
Czechia,The capital of Czech Republic is,declarative,3,1624.5712890625,14.144959449768066,0.22325420379638672
Czechia,The capital of Czech Republic is,declarative,4,2289.409912109375,10.125563621520996,0.1797187626361847
Czechia,The capital of Czech Republic is,declarative,5,2765.47509765625,20.268356323242188,0.14681288599967957
Czechia,The capital of Czech Republic is,declarative,6,3707.777587890625,8.459288597106934,0.16605904698371887
Czechia,The capital of Czech Republic is,declarative,7,5819.099609375,17.700443267822266,0.17182916402816772
Czechia,The capital of Czech Republic is,declarative,8,5541.06640625,16.603984832763672,0.17269745469093323
Czechia,The capital of Czech Republic is,declarative,9,5590.82373046875,14.322432518005371,0.13994497060775757
Czechia,The capital of Czech Republic is,declarative,10,8694.41796875,28.39851188659668,0.20188650488853455
Czechia,The capital of Czech Republic is,declarative,11,9982.04296875,4.937549114227295,0.19754475355148315
Czechia,The capital of Czech Republic is,declarative,12,12754.03515625,34.91183853149414,0.16085132956504822
Czechia,The capital of Czech Republic is,declarative,13,15463.955078125,24.76485824584961,0.12785866856575012
Czechia,The capital of Czech Republic is,declarative,14,19177.189453125,51.46904754638672,0.12162140756845474
Czechia,The capital of Czech Republic is,declarative,15,20275.8984375,34.938392639160156,0.1018742173910141
Czechia,The capital of Czech Republic is,declarative,16,23069.763671875,39.88889694213867,0.10524706542491913
Czechia,The capital of Czech Republic is,declarative,17,282.9076232910156,10.424945831298828,0.13600781559944153
Czechia,"Q: What is the capital of Czech Republic?
A:",qa,0,125.8328628540039,162.99696350097656,0.2832688093185425
Czechia,"Q: What is the capital of Czech Republic?
A:",qa,1,812.2651977539062,149.85069274902344,0.23914508521556854
Czechia,"Q: What is the capital of Czech Republic?
A:",qa,2,1014.4832153320312,21.089712142944336,0.17597290873527527
Czechia,"Q: What is the capital of Czech Republic?
A:",qa,3,1857.5430908203125,14.098544120788574,0.21970027685165405
Czechia,"Q: What is the capital of Czech Republic?
A:",qa,4,2122.553955078125,11.681148529052734,0.17559149861335754
Czechia,"Q: What is the capital of Czech Republic?
A:",qa,5,3444.66259765625,16.815872192382812,0.15303471684455872
Czechia,"Q: What is the capital of Czech Republic?
A:",qa,6,3676.183837890625,6.058856010437012,0.15269087255001068
Czechia,"Q: What is the capital of Czech Republic?
A:",qa,7,4970.8154296875,16.113439559936523,0.15986180305480957
Czechia,"Q: What is the capital of Czech Republic?
A:",qa,8,5515.75048828125,15.065201759338379,0.1873033046722412
Czechia,"Q: What is the capital of Czech Republic?
A:",qa,9,5252.37890625,14.479464530944824,0.13542412221431732
Czechia,"Q: What is the capital of Czech Republic?
A:",qa,10,8444.8125,30.485658645629883,0.1888912171125412
Czechia,"Q: What is the capital of Czech Republic?
A:",qa,11,8937.0517578125,5.071040153503418,0.19028714299201965
Czechia,"Q: What is the capital of Czech Republic?
A:",qa,12,12221.771484375,34.11769485473633,0.15400978922843933
Czechia,"Q: What is the capital of Czech Republic?
A:",qa,13,14983.8857421875,25.26117706298828,0.11778388917446136
Czechia,"Q: What is the capital of Czech Republic?
A:",qa,14,18870.228515625,48.32622146606445,0.11791183799505234
Czechia,"Q: What is the capital of Czech Republic?
A:",qa,15,20159.796875,38.60368347167969,0.09658898413181305
Czechia,"Q: What is the capital of Czech Republic?
A:",qa,16,25798.99609375,36.94463348388672,0.09531394392251968
Czechia,"Q: What is the capital of Czech Republic?
A:",qa,17,210.07276916503906,12.575828552246094,0.11949068307876587
Czechia,What is the capital of Czech Republic? Answer with only the capital city.,chat_template,0,171.15884399414062,169.97605895996094,0.19904494285583496
Czechia,What is the capital of Czech Republic? Answer with only the capital city.,chat_template,1,783.656005859375,129.1465301513672,0.1708497703075409
Czechia,What is the capital of Czech Republic? Answer with only the capital city.,chat_template,2,1043.3043212890625,23.631935119628906,0.1604498326778412
Czechia,What is the capital of Czech Republic? Answer with only the capital city.,chat_template,3,1384.2802734375,13.642874717712402,0.1955793797969818
Czechia,What is the capital of Czech Republic? Answer with only the capital city.,chat_template,4,771.4458618164062,12.309267044067383,0.1957230269908905
Czechia,What is the capital of Czech Republic? Answer with only the capital city.,chat_template,5,2343.849609375,19.952667236328125,0.1392139494419098
Czechia,What is the capital of Czech Republic? Answer with only the capital city.,chat_template,6,3476.911865234375,6.8243255615234375,0.1660016030073166
Czechia,What is the capital of Czech Republic? Answer with only the capital city.,chat_template,7,4722.595703125,15.954733848571777,0.17133811116218567
Czechia,What is the capital of Czech Republic? Answer with only the capital city.,chat_template,8,5209.75439453125,18.80404281616211,0.20053666830062866
Czechia,What is the capital of Czech Republic? Answer with only the capital city.,chat_template,9,5468.826171875,14.28829288482666,0.15140214562416077
Czechia,What is the capital of Czech Republic? Answer with only the capital city.,chat_template,10,8941.4111328125,27.718734741210938,0.22278617322444916
Czechia,What is the capital of Czech Republic? Answer with only the capital city.,chat_template,11,9369.9765625,3.880509614944458,0.19893847405910492
Czechia,What is the capital of Czech Republic? Answer with only the capital city.,chat_template,12,13235.3994140625,30.306371688842773,0.15577496588230133
Czechia,What is the capital of Czech Republic? Answer with only the capital city.,chat_template,13,15922.4814453125,22.42925262451172,0.12371110916137695
Czechia,What is the capital of Czech Republic? Answer with only the capital city.,chat_template,14,19501.537109375,47.01340866088867,0.12417668104171753
Czechia,What is the capital of Czech Republic? Answer with only the capital city.,chat_template,15,19669.9609375,33.73074722290039,0.1076916754245758
Czechia,What is the capital of Czech Republic? Answer with only the capital city.,chat_template,16,23630.1484375,35.42606735229492,0.12204668670892715
Czechia,What is the capital of Czech Republic? Answer with only the capital city.,chat_template,17,316.2579345703125,10.981278419494629,0.15005791187286377
DR Congo,What is the capital of DR Congo?,raw_question,0,153.8846435546875,186.81060791015625,0.25570711493492126
DR Congo,What is the capital of DR Congo?,raw_question,1,1066.876220703125,104.010009765625,0.19814163446426392
DR Congo,What is the capital of DR Congo?,raw_question,2,1308.0924072265625,15.936474800109863,0.1610516607761383
DR Congo,What is the capital of DR Congo?,raw_question,3,1580.685302734375,13.948308944702148,0.19993945956230164
DR Congo,What is the capital of DR Congo?,raw_question,4,2285.317138671875,9.657450675964355,0.18833166360855103
DR Congo,What is the capital of DR Congo?,raw_question,5,2666.0859375,20.244354248046875,0.14621032774448395
DR Congo,What is the capital of DR Congo?,raw_question,6,3133.21826171875,7.776544094085693,0.15668119490146637
DR Congo,What is the capital of DR Congo?,raw_question,7,4929.5791015625,17.191354751586914,0.16612166166305542
DR Congo,What is the capital of DR Congo?,raw_question,8,5919.15234375,16.546863555908203,0.17053642868995667
DR Congo,What is the capital of DR Congo?,raw_question,9,5252.16845703125,12.445164680480957,0.13093684613704681
DR Congo,What is the capital of DR Congo?,raw_question,10,10513.4384765625,24.40563201904297,0.1946782022714615
DR Congo,What is the capital of DR Congo?,raw_question,11,11031.7509765625,3.5475919246673584,0.1732715368270874
DR Congo,What is the capital of DR Congo?,raw_question,12,12793.8876953125,27.05915069580078,0.12920832633972168
DR Congo,What is the capital of DR Congo?,raw_question,13,16438.29296875,26.022693634033203,0.10655844211578369
DR Congo,What is the capital of DR Congo?,raw_question,14,17372.234375,44.38892364501953,0.10967399924993515
DR Congo,What is the capital of DR Congo?,raw_question,15,18484.0703125,31.665014266967773,0.10344907641410828
DR Congo,What is the capital of DR Congo?,raw_question,16,24952.69140625,39.59375762939453,0.09424252808094025
DR Congo,What is the capital of DR Congo?,raw_question,17,166.84527587890625,10.77016544342041,0.12605178356170654
DR Congo,The capital of DR Congo is,declarative,0,131.23399353027344,160.38232421875,0.21304014325141907
DR Congo,The capital of DR Congo is,declarative,1,859.4876708984375,124.73011779785156,0.23875676095485687
DR Congo,The capital of DR Congo is,declarative,2,1194.9114990234375,22.27840805053711,0.19110770523548126
DR Congo,The capital of DR Congo is,declarative,3,1626.345458984375,14.916769027709961,0.2219759076833725
DR Congo,The capital of DR Congo is,declarative,4,2349.001953125,9.875648498535156,0.1829671859741211
DR Congo,The capital of DR Congo is,declarative,5,2794.456787109375,19.569852828979492,0.1485273838043213
DR Congo,The capital of DR Congo is,declarative,6,3436.309326171875,8.03408432006836,0.16450557112693787
DR Congo,The capital of DR Congo is,declarative,7,5636.06640625,18.20305633544922,0.17294614017009735
DR Congo,The capital of DR Congo is,declarative,8,5466.37548828125,16.58455467224121,0.17421990633010864
DR Congo,The capital of DR Congo is,declarative,9,5605.0263671875,14.218598365783691,0.13573899865150452
DR Congo,The capital of DR Congo is,declarative,10,8614.19140625,28.01190948486328,0.19623148441314697
DR Congo,The capital of DR Congo is,declarative,11,10024.3388671875,5.194077491760254,0.19823411107063293
DR Congo,The capital of DR Congo is,declarative,12,12556.1748046875,37.29053497314453,0.16285733878612518
DR Congo,The capital of DR Congo is,declarative,13,15825.265625,23.914249420166016,0.12929144501686096
DR Congo,The capital of DR Congo is,declarative,14,19613.9609375,52.23265075683594,0.12292639166116714
DR Congo,The capital of DR Congo is,declarative,15,21687.619140625,35.80012130737305,0.1082005649805069
DR Congo,The capital of DR Congo is,declarative,16,24662.017578125,36.35706329345703,0.10625814646482468
DR Congo,The capital of DR Congo is,declarative,17,250.25926208496094,9.905104637145996,0.1375928819179535
DR Congo,"Q: What is the capital of DR Congo?
A:",qa,0,124.8304443359375,162.24012756347656,0.28521957993507385
DR Congo,"Q: What is the capital of DR Congo?
A:",qa,1,819.0905151367188,146.96075439453125,0.2381695806980133
DR Congo,"Q: What is the capital of DR Congo?
A:",qa,2,1010.9427490234375,21.096487045288086,0.17508642375469208
DR Congo,"Q: What is the capital of DR Congo?
A:",qa,3,1822.971435546875,14.101737976074219,0.21774855256080627
DR Congo,"Q: What is the capital of DR Congo?
A:",qa,4,2081.301025390625,11.610694885253906,0.17710773646831512
DR Congo,"Q: What is the capital of DR Congo?
A:",qa,5,3566.669921875,16.568552017211914,0.15394575893878937
DR Congo,"Q: What is the capital of DR Congo?
A:",qa,6,3609.08251953125,6.1556010246276855,0.1520228385925293
DR Congo,"Q: What is the capital of DR Congo?
A:",qa,7,4881.486328125,16.387969970703125,0.16247811913490295
DR Congo,"Q: What is the capital of DR Congo?
A:",qa,8,5456.88427734375,15.425810813903809,0.19165417551994324
DR Congo,"Q: What is the capital of DR Congo?
A:",qa,9,5311.6044921875,14.803391456604004,0.13589107990264893
DR Congo,"Q: What is the capital of DR Congo?
A:",qa,10,8383.125,29.669923782348633,0.18807660043239594
DR Congo,"Q: What is the capital of DR Congo?
A:",qa,11,8959.396484375,5.056707382202148,0.19235461950302124
DR Congo,"Q: What is the capital of DR Congo?
A:",qa,12,12076.951171875,34.571205139160156,0.1581118255853653
DR Congo,"Q: What is the capital of DR Congo?
A:",qa,13,14848.556640625,25.213722229003906,0.12095386534929276
DR Congo,"Q: What is the capital of DR Congo?
A:",qa,14,18866.6953125,47.65424346923828,0.12037743628025055
DR Congo,"Q: What is the capital of DR Congo?
A:",qa,15,20969.57421875,35.81193542480469,0.10305352509021759
DR Congo,"Q: What is the capital of DR Congo?
A:",qa,16,25996.669921875,35.600032806396484,0.09479285776615143
DR Congo,"Q: What is the capital of DR Congo?
A:",qa,17,184.9388427734375,11.030827522277832,0.12139900028705597
DR Congo,What is the capital of DR Congo? Answer with only the capital city.,chat_template,0,171.865234375,168.41876220703125,0.2004345953464508
DR Congo,What is the capital of DR Congo? Answer with only the capital city.,chat_template,1,783.7544555664062,128.54376220703125,0.17000919580459595
DR Congo,What is the capital of DR Congo? Answer with only the capital city.,chat_template,2,1043.2540283203125,23.407747268676758,0.15998610854148865
DR Congo,What is the capital of DR Congo? Answer with only the capital city.,chat_template,3,1398.5115966796875,13.688850402832031,0.19599217176437378
DR Congo,What is the capital of DR Congo? Answer with only the capital city.,chat_template,4,795.0658569335938,12.198090553283691,0.1958126723766327
DR Congo,What is the capital of DR Congo? Answer with only the capital city.,chat_template,5,2383.760986328125,19.68694496154785,0.13925796747207642
DR Congo,What is the capital of DR Congo? Answer with only the capital city.,chat_template,6,3397.18212890625,6.8396782875061035,0.1638718694448471
DR Congo,What is the capital of DR Congo? Answer with only the capital city.,chat_template,7,4750.3740234375,15.909964561462402,0.16987894475460052
DR Congo,What is the capital of DR Congo? Answer with only the capital city.,chat_template,8,5295.03125,18.32138442993164,0.20062650740146637
DR Congo,What is the capital of DR Congo? Answer with only the capital city.,chat_template,9,5436.44384765625,13.457655906677246,0.14835524559020996
DR Congo,What is the capital of DR Congo? Answer with only the capital city.,chat_template,10,8936.5400390625,27.42645263671875,0.22158339619636536
DR Congo,What is the capital of DR Congo? Answer with only the capital city.,chat_template,11,9268.9970703125,3.7593472003936768,0.20644080638885498
DR Congo,What is the capital of DR Congo? Answer with only the capital city.,chat_template,12,13051.7509765625,32.2520866394043,0.1627713292837143
DR Congo,What is the capital of DR Congo? Answer with only the capital city.,chat_template,13,15988.3798828125,22.24309730529785,0.13034865260124207
DR Congo,What is the capital of DR Congo? Answer with only the capital city.,chat_template,14,19427.943359375,47.263885498046875,0.12838268280029297
DR Congo,What is the capital of DR Congo? Answer with only the capital city.,chat_template,15,21904.49609375,35.02114486694336,0.11608584225177765
DR Congo,What is the capital of DR Congo? Answer with only the capital city.,chat_template,16,25728.76953125,32.253849029541016,0.11668914556503296
DR Congo,What is the capital of DR Congo? Answer with only the capital city.,chat_template,17,294.574951171875,8.625811576843262,0.14816130697727203
Denmark,What is the capital of Denmark?,raw_question,0,155.95449829101562,190.9612579345703,0.2586241364479065
Denmark,What is the capital of Denmark?,raw_question,1,1074.91015625,109.5070571899414,0.19661292433738708
Denmark,What is the capital of Denmark?,raw_question,2,1293.679931640625,16.675254821777344,0.16052711009979248
Denmark,What is the capital of Denmark?,raw_question,3,1596.3499755859375,13.702877044677734,0.20098641514778137
Denmark,What is the capital of Denmark?,raw_question,4,2348.0576171875,9.854920387268066,0.18656760454177856
Denmark,What is the capital of Denmark?,raw_question,5,2707.8427734375,20.19595718383789,0.14413025975227356
Denmark,What is the capital of Denmark?,raw_question,6,3192.53759765625,8.276016235351562,0.15987128019332886
Denmark,What is the capital of Denmark?,raw_question,7,5073.8193359375,16.647441864013672,0.16801342368125916
Denmark,What is the capital of Denmark?,raw_question,8,5860.4755859375,16.419483184814453,0.16997331380844116
Denmark,What is the capital of Denmark?,raw_question,9,5205.70458984375,11.966422080993652,0.13380210101604462
Denmark,What is the capital of Denmark?,raw_question,10,10393.3388671875,25.891677856445312,0.2021809220314026
Denmark,What is the capital of Denmark?,raw_question,11,10867.7431640625,3.44429612159729,0.17046482861042023
Denmark,What is the capital of Denmark?,raw_question,12,13438.779296875,28.8691463470459,0.12733420729637146
Denmark,What is the capital of Denmark?,raw_question,13,16395.916015625,26.75373077392578,0.10789991170167923
Denmark,What is the capital of Denmark?,raw_question,14,17643.4140625,45.192562103271484,0.10844159871339798
Denmark,What is the capital of Denmark?,raw_question,15,18282.595703125,35.60445785522461,0.09836514294147491
Denmark,What is the capital of Denmark?,raw_question,16,24904.099609375,39.48460388183594,0.09028170257806778
Denmark,What is the capital of Denmark?,raw_question,17,164.0395965576172,10.612955093383789,0.11714792251586914
Denmark,The capital of Denmark is,declarative,0,132.25650024414062,158.41128540039062,0.21506893634796143
Denmark,The capital of Denmark is,declarative,1,873.8895263671875,132.4604949951172,0.23890945315361023
Denmark,The capital of Denmark is,declarative,2,1225.6580810546875,23.583999633789062,0.19049467146396637
Denmark,The capital of Denmark is,declarative,3,1588.0460205078125,14.318916320800781,0.21454215049743652
Denmark,The capital of Denmark is,declarative,4,2427.87353515625,10.160490036010742,0.18267109990119934
Denmark,The capital of Denmark is,declarative,5,2797.3212890625,20.402362823486328,0.14742548763751984
Denmark,The capital of Denmark is,declarative,6,3523.510498046875,8.646900177001953,0.16692326962947845
Denmark,The capital of Denmark is,declarative,7,5652.52392578125,17.369678497314453,0.17284896969795227
Denmark,The capital of Denmark is,declarative,8,5375.33837890625,16.710737228393555,0.1711161732673645
Denmark,The capital of Denmark is,declarative,9,5512.4912109375,13.963804244995117,0.13661903142929077
Denmark,The capital of Denmark is,declarative,10,8509.3623046875,29.971057891845703,0.20023725926876068
Denmark,The capital of Denmark is,declarative,11,9787.53515625,5.10998010635376,0.19477859139442444
Denmark,The capital of Denmark is,declarative,12,12856.8271484375,37.20409393310547,0.1554885357618332
Denmark,The capital of Denmark is,declarative,13,15882.251953125,25.376880645751953,0.12528763711452484
Denmark,The capital of Denmark is,declarative,14,19975.76171875,50.71825408935547,0.11772055178880692
Denmark,The capital of Denmark is,declarative,15,21069.44921875,35.25153732299805,0.09955136477947235
Denmark,The capital of Denmark is,declarative,16,24565.134765625,41.11714172363281,0.10050255805253983
Denmark,The capital of Denmark is,declarative,17,248.80429077148438,9.480327606201172,0.1307336837053299
Denmark,"Q: What is the capital of Denmark?
A:",qa,0,126.24762725830078,161.4063720703125,0.28728553652763367
Denmark,"Q: What is the capital of Denmark?
A:",qa,1,811.8563842773438,149.01072692871094,0.235703244805336
Denmark,"Q: What is the capital of Denmark?
A:",qa,2,1002.944580078125,21.545400619506836,0.17548061907291412
Denmark,"Q: What is the capital of Denmark?
A:",qa,3,1804.9859619140625,14.003887176513672,0.2200925052165985
Denmark,"Q: What is the capital of Denmark?
A:",qa,4,2089.77978515625,11.641371726989746,0.17663392424583435
Denmark,"Q: What is the capital of Denmark?
A:",qa,5,3459.7470703125,16.646198272705078,0.15344616770744324
Denmark,"Q: What is the capital of Denmark?
A:",qa,6,3671.032958984375,6.155206680297852,0.1541653722524643
Denmark,"Q: What is the capital of Denmark?
A:",qa,7,4944.99609375,16.195899963378906,0.1616668403148651
Denmark,"Q: What is the capital of Denmark?
A:",qa,8,5457.17138671875,15.4310302734375,0.18886473774909973
Denmark,"Q: What is the capital of Denmark?
A:",qa,9,5187.564453125,14.771366119384766,0.13509796559810638
Denmark,"Q: What is the capital of Denmark?
A:",qa,10,8206.224609375,31.339759826660156,0.19142377376556396
Denmark,"Q: What is the capital of Denmark?
A:",qa,11,8786.564453125,5.172785758972168,0.1920430213212967
Denmark,"Q: What is the capital of Denmark?
A:",qa,12,12373.26171875,36.45964431762695,0.15187697112560272
Denmark,"Q: What is the capital of Denmark?
A:",qa,13,14934.236328125,26.046772003173828,0.11428922414779663
Denmark,"Q: What is the capital of Denmark?
A:",qa,14,19308.244140625,45.4329833984375,0.11457470059394836
Denmark,"Q: What is the capital of Denmark?
A:",qa,15,20579.640625,36.64055633544922,0.09418919682502747
Denmark,"Q: What is the capital of Denmark?
A:",qa,16,26201.28515625,37.438873291015625,0.09001275151968002
Denmark,"Q: What is the capital of Denmark?
A:",qa,17,189.32373046875,12.409090995788574,0.1171637773513794
Denmark,What is the capital of Denmark? Answer with only the capital city.,chat_template,0,171.863037109375,169.13648986816406,0.2018260359764099
Denmark,What is the capital of Denmark? Answer with only the capital city.,chat_template,1,780.3184814453125,129.0828857421875,0.17066147923469543
Denmark,What is the capital of Denmark? Answer with only the capital city.,chat_template,2,1043.1778564453125,23.473413467407227,0.15957587957382202
Denmark,What is the capital of Denmark? Answer with only the capital city.,chat_template,3,1383.2479248046875,13.671168327331543,0.19531367719173431
Denmark,What is the capital of Denmark? Answer with only the capital city.,chat_template,4,784.3823852539062,12.29902172088623,0.19407707452774048
Denmark,What is the capital of Denmark? Answer with only the capital city.,chat_template,5,2379.748291015625,19.830673217773438,0.1391662210226059
Denmark,What is the capital of Denmark? Answer with only the capital city.,chat_template,6,3429.85693359375,6.759156227111816,0.16539886593818665
Denmark,What is the capital of Denmark? Answer with only the capital city.,chat_template,7,4724.40771484375,16.058130264282227,0.17171725630760193
Denmark,What is the capital of Denmark? Answer with only the capital city.,chat_template,8,5209.341796875,18.836732864379883,0.20121172070503235
Denmark,What is the capital of Denmark? Answer with only the capital city.,chat_template,9,5443.6201171875,14.025318145751953,0.15085703134536743
Denmark,What is the capital of Denmark? Answer with only the capital city.,chat_template,10,8881.0546875,28.093975067138672,0.22431626915931702
Denmark,What is the capital of Denmark? Answer with only the capital city.,chat_template,11,9283.7666015625,3.8388125896453857,0.2036658078432083
Denmark,What is the capital of Denmark? Answer with only the capital city.,chat_template,12,13858.1845703125,30.383943557739258,0.15250207483768463
Denmark,What is the capital of Denmark? Answer with only the capital city.,chat_template,13,16127.9033203125,22.43389892578125,0.12141570448875427
Denmark,What is the capital of Denmark? Answer with only the capital city.,chat_template,14,21117.115234375,40.022823333740234,0.12240331619977951
Denmark,What is the capital of Denmark? Answer with only the capital city.,chat_template,15,20814.701171875,31.486560821533203,0.1075844019651413
Denmark,What is the capital of Denmark? Answer with only the capital city.,chat_template,16,24476.2578125,32.69228744506836,0.1157616525888443
Denmark,What is the capital of Denmark? Answer with only the capital city.,chat_template,17,298.5946350097656,10.263106346130371,0.15215755999088287
Djibouti,What is the capital of Djibouti?,raw_question,0,154.92054748535156,191.55264282226562,0.258026123046875
Djibouti,What is the capital of Djibouti?,raw_question,1,1060.8818359375,105.36631774902344,0.19799236953258514
Djibouti,What is the capital of Djibouti?,raw_question,2,1286.7376708984375,15.928985595703125,0.16169282793998718
Djibouti,What is the capital of Djibouti?,raw_question,3,1599.3154296875,13.593831062316895,0.20148122310638428
Djibouti,What is the capital of Djibouti?,raw_question,4,2364.31201171875,9.93022346496582,0.1851997673511505
Djibouti,What is the capital of Djibouti?,raw_question,5,2698.449951171875,20.185482025146484,0.14498889446258545
Djibouti,What is the capital of Djibouti?,raw_question,6,3192.6015625,8.293824195861816,0.15773920714855194
Djibouti,What is the capital of Djibouti?,raw_question,7,4954.845703125,16.537147521972656,0.16520041227340698
Djibouti,What is the capital of Djibouti?,raw_question,8,5857.81298828125,16.344682693481445,0.1718418300151825
Djibouti,What is the capital of Djibouti?,raw_question,9,5288.34423828125,11.999201774597168,0.134195476770401
Djibouti,What is the capital of Djibouti?,raw_question,10,10456.015625,24.4113826751709,0.19796337187290192
Djibouti,What is the capital of Djibouti?,raw_question,11,10708.9248046875,3.5669164657592773,0.17131845653057098
Djibouti,What is the capital of Djibouti?,raw_question,12,12937.4990234375,25.67577362060547,0.13062268495559692
Djibouti,What is the capital of Djibouti?,raw_question,13,15801.857421875,27.259397506713867,0.1081501692533493
Djibouti,What is the capital of Djibouti?,raw_question,14,17110.4140625,46.255950927734375,0.10857846587896347
Djibouti,What is the capital of Djibouti?,raw_question,15,18109.705078125,35.69972229003906,0.10045984387397766
Djibouti,What is the capital of Djibouti?,raw_question,16,24958.296875,39.26690673828125,0.08928120136260986
Djibouti,What is the capital of Djibouti?,raw_question,17,152.00433349609375,10.736251831054688,0.11627562344074249
Djibouti,The capital of Djibouti is,declarative,0,132.62542724609375,157.78160095214844,0.21512869000434875
Djibouti,The capital of Djibouti is,declarative,1,863.270263671875,127.6453628540039,0.2423960268497467
Djibouti,The capital of Djibouti is,declarative,2,1188.359375,21.4838924407959,0.19063661992549896
Djibouti,The capital of Djibouti is,declarative,3,1613.9075927734375,14.347604751586914,0.22186687588691711
Djibouti,The capital of Djibouti is,declarative,4,2434.6806640625,10.15480899810791,0.1819160133600235
Djibouti,The capital of Djibouti is,declarative,5,2804.37353515625,19.8254451751709,0.14820337295532227
Djibouti,The capital of Djibouti is,declarative,6,3563.285888671875,8.633034706115723,0.1659242957830429
Djibouti,The capital of Djibouti is,declarative,7,5729.62744140625,17.105199813842773,0.1719769835472107
Djibouti,The capital of Djibouti is,declarative,8,5461.833984375,16.236736297607422,0.1755947321653366
Djibouti,The capital of Djibouti is,declarative,9,5721.1533203125,14.378260612487793,0.13701343536376953
Djibouti,The capital of Djibouti is,declarative,10,8606.7353515625,28.037866592407227,0.19356903433799744
Djibouti,The capital of Djibouti is,declarative,11,9722.623046875,5.038619518280029,0.1954052746295929
Djibouti,The capital of Djibouti is,declarative,12,12869.1396484375,35.208683013916016,0.1615695357322693
Djibouti,The capital of Djibouti is,declarative,13,15625.458984375,24.006860733032227,0.129613995552063
Djibouti,The capital of Djibouti is,declarative,14,19518.3671875,51.518959045410156,0.12047883868217468
Djibouti,The capital of Djibouti is,declarative,15,21167.505859375,37.159976959228516,0.10285139083862305
Djibouti,The capital of Djibouti is,declarative,16,25912.0546875,37.071250915527344,0.10206098854541779
Djibouti,The capital of Djibouti is,declarative,17,239.43861389160156,10.315960884094238,0.12953133881092072
Djibouti,"Q: What is the capital of Djibouti?
A:",qa,0,125.54844665527344,161.3406524658203,0.287278950214386
Djibouti,"Q: What is the capital of Djibouti?
A:",qa,1,811.8680419921875,149.26873779296875,0.23717255890369415
Djibouti,"Q: What is the capital of Djibouti?
A:",qa,2,1006.4563598632812,21.380441665649414,0.17453724145889282
Djibouti,"Q: What is the capital of Djibouti?
A:",qa,3,1805.904296875,13.999856948852539,0.21931342780590057
Djibouti,"Q: What is the capital of Djibouti?
A:",qa,4,2111.302001953125,11.624001502990723,0.17700649797916412
Djibouti,"Q: What is the capital of Djibouti?
A:",qa,5,3494.094482421875,16.73344612121582,0.15308350324630737
Djibouti,"Q: What is the capital of Djibouti?
A:",qa,6,3615.766845703125,6.404894828796387,0.1521300971508026
Djibouti,"Q: What is the capital of Djibouti?
A:",qa,7,4859.3828125,16.003265380859375,0.15904590487480164
Djibouti,"Q: What is the capital of Djibouti?
A:",qa,8,5404.3564453125,15.3206148147583,0.18950161337852478
Djibouti,"Q: What is the capital of Djibouti?
A:",qa,9,5253.3583984375,14.74096393585205,0.1363578885793686
Djibouti,"Q: What is the capital of Djibouti?
A:",qa,10,8286.75,29.9045467376709,0.18919506669044495
Djibouti,"Q: What is the capital of Djibouti?
A:",qa,11,8687.580078125,5.162205219268799,0.1919413059949875
Djibouti,"Q: What is the capital of Djibouti?
A:",qa,12,12483.09765625,34.9781494140625,0.1542544960975647
Djibouti,"Q: What is the capital of Djibouti?
A:",qa,13,14564.162109375,25.93018341064453,0.11958562582731247
Djibouti,"Q: What is the capital of Djibouti?
A:",qa,14,18338.650390625,45.585716247558594,0.11711372435092926
Djibouti,"Q: What is the capital of Djibouti?
A:",qa,15,19998.16796875,37.03730773925781,0.09848763793706894
Djibouti,"Q: What is the capital of Djibouti?
A:",qa,16,26527.138671875,34.6753044128418,0.0935930609703064
Djibouti,"Q: What is the capital of Djibouti?
A:",qa,17,171.95883178710938,13.057180404663086,0.11751683801412582
Djibouti,What is the capital of Djibouti? Answer with only the capital city.,chat_template,0,171.80636596679688,170.04837036132812,0.20156580209732056
Djibouti,What is the capital of Djibouti? Answer with only the capital city.,chat_template,1,780.187255859375,129.10748291015625,0.17060402035713196
Djibouti,What is the capital of Djibouti? Answer with only the capital city.,chat_template,2,1043.0474853515625,23.500789642333984,0.16019874811172485
Djibouti,What is the capital of Djibouti? Answer with only the capital city.,chat_template,3,1386.39306640625,13.564205169677734,0.19593000411987305
Djibouti,What is the capital of Djibouti? Answer with only the capital city.,chat_template,4,789.9701538085938,12.35120677947998,0.19611713290214539
Djibouti,What is the capital of Djibouti? Answer with only the capital city.,chat_template,5,2384.6162109375,19.85455894470215,0.13960061967372894
Djibouti,What is the capital of Djibouti? Answer with only the capital city.,chat_template,6,3414.9296875,6.765850067138672,0.16402246057987213
Djibouti,What is the capital of Djibouti? Answer with only the capital city.,chat_template,7,4700.80029296875,15.702170372009277,0.16977176070213318
Djibouti,What is the capital of Djibouti? Answer with only the capital city.,chat_template,8,5273.93017578125,18.45132827758789,0.20096732676029205
Djibouti,What is the capital of Djibouti? Answer with only the capital city.,chat_template,9,5504.03515625,14.119159698486328,0.15098357200622559
Djibouti,What is the capital of Djibouti? Answer with only the capital city.,chat_template,10,9003.6943359375,27.206283569335938,0.22241434454917908
Djibouti,What is the capital of Djibouti? Answer with only the capital city.,chat_template,11,8955.2021484375,4.130141258239746,0.20463314652442932
Djibouti,What is the capital of Djibouti? Answer with only the capital city.,chat_template,12,12930.623046875,31.56476593017578,0.16112348437309265
Djibouti,What is the capital of Djibouti? Answer with only the capital city.,chat_template,13,15132.7685546875,22.306713104248047,0.12865883111953735
Djibouti,What is the capital of Djibouti? Answer with only the capital city.,chat_template,14,18606.59765625,48.23567199707031,0.12591096758842468
Djibouti,What is the capital of Djibouti? Answer with only the capital city.,chat_template,15,20241.302734375,34.56950759887695,0.11330541968345642
Djibouti,What is the capital of Djibouti? Answer with only the capital city.,chat_template,16,25883.71875,30.42528533935547,0.11945711076259613
Djibouti,What is the capital of Djibouti? Answer with only the capital city.,chat_template,17,290.09979248046875,11.331379890441895,0.14665648341178894
Dominica,What is the capital of Dominica?,raw_question,0,154.14453125,192.16293334960938,0.25762274861335754
Dominica,What is the capital of Dominica?,raw_question,1,1063.84521484375,108.31946563720703,0.19664403796195984
Dominica,What is the capital of Dominica?,raw_question,2,1286.073974609375,16.42767333984375,0.16202634572982788
Dominica,What is the capital of Dominica?,raw_question,3,1584.6573486328125,14.076157569885254,0.19995741546154022
Dominica,What is the capital of Dominica?,raw_question,4,2341.1982421875,10.014059066772461,0.18684649467468262
Dominica,What is the capital of Dominica?,raw_question,5,2691.143798828125,20.38538932800293,0.14505517482757568
Dominica,What is the capital of Dominica?,raw_question,6,3181.11767578125,8.189756393432617,0.15714702010154724
Dominica,What is the capital of Dominica?,raw_question,7,4923.79296875,17.07463264465332,0.1665896475315094
Dominica,What is the capital of Dominica?,raw_question,8,5794.71533203125,16.369604110717773,0.17127725481987
Dominica,What is the capital of Dominica?,raw_question,9,5158.32763671875,12.083358764648438,0.13315802812576294
Dominica,What is the capital of Dominica?,raw_question,10,10580.9130859375,24.156471252441406,0.19682998955249786
Dominica,What is the capital of Dominica?,raw_question,11,10816.8037109375,3.4195523262023926,0.17127661406993866
Dominica,What is the capital of Dominica?,raw_question,12,12917.7392578125,26.58652687072754,0.13076096773147583
Dominica,What is the capital of Dominica?,raw_question,13,16156.5029296875,26.445194244384766,0.11004690080881119
Dominica,What is the capital of Dominica?,raw_question,14,17142.75390625,45.32387161254883,0.11231240630149841
Dominica,What is the capital of Dominica?,raw_question,15,18043.46484375,34.813682556152344,0.1037636399269104
Dominica,What is the capital of Dominica?,raw_question,16,24759.5859375,39.543243408203125,0.09419674426317215
Dominica,What is the capital of Dominica?,raw_question,17,162.68130493164062,11.674722671508789,0.1205887645483017
Dominica,The capital of Dominica is,declarative,0,132.55677795410156,157.99559020996094,0.21501867473125458
Dominica,The capital of Dominica is,declarative,1,864.013427734375,130.1890106201172,0.23794741928577423
Dominica,The capital of Dominica is,declarative,2,1218.3218994140625,22.798892974853516,0.1920941323041916
Dominica,The capital of Dominica is,declarative,3,1666.2744140625,14.632049560546875,0.21722236275672913
Dominica,The capital of Dominica is,declarative,4,2396.7958984375,10.289508819580078,0.1806809902191162
Dominica,The capital of Dominica is,declarative,5,2800.42578125,20.10965347290039,0.14688754081726074
Dominica,The capital of Dominica is,declarative,6,3478.21044921875,8.743448257446289,0.16457393765449524
Dominica,The capital of Dominica is,declarative,7,5637.6943359375,17.54531478881836,0.17401836812496185
Dominica,The capital of Dominica is,declarative,8,5463.93017578125,16.541473388671875,0.1732831448316574
Dominica,The capital of Dominica is,declarative,9,5658.64013671875,14.815468788146973,0.13573001325130463
Dominica,The capital of Dominica is,declarative,10,8668.7255859375,27.58742904663086,0.1912173330783844
Dominica,The capital of Dominica is,declarative,11,9818.6318359375,5.078383922576904,0.1937178671360016
Dominica,The capital of Dominica is,declarative,12,11941.3203125,32.83796310424805,0.15748439729213715
Dominica,The capital of Dominica is,declarative,13,14922.5859375,24.928241729736328,0.1302194893360138
Dominica,The capital of Dominica is,declarative,14,18194.349609375,51.71302795410156,0.12226025760173798
Dominica,The capital of Dominica is,declarative,15,19793.796875,35.45741271972656,0.10565987974405289
Dominica,The capital of Dominica is,declarative,16,25175.287109375,38.076332092285156,0.10449231415987015
Dominica,The capital of Dominica is,declarative,17,218.18983459472656,10.98529052734375,0.12778502702713013
Dominica,"Q: What is the capital of Dominica?
A:",qa,0,125.82948303222656,162.12718200683594,0.2858394384384155
Dominica,"Q: What is the capital of Dominica?
A:",qa,1,811.8567504882812,148.8824462890625,0.23732146620750427
Dominica,"Q: What is the capital of Dominica?
A:",qa,2,1013.6336669921875,21.18321990966797,0.1739087849855423
Dominica,"Q: What is the capital of Dominica?
A:",qa,3,1825.57373046875,13.99807071685791,0.21923837065696716
Dominica,"Q: What is the capital of Dominica?
A:",qa,4,2119.813720703125,11.381650924682617,0.17718227207660675
Dominica,"Q: What is the capital of Dominica?
A:",qa,5,3506.14501953125,16.650800704956055,0.1529526561498642
Dominica,"Q: What is the capital of Dominica?
A:",qa,6,3664.411865234375,6.163659572601318,0.15333575010299683
Dominica,"Q: What is the capital of Dominica?
A:",qa,7,5006.9970703125,16.08690643310547,0.1624240279197693
Dominica,"Q: What is the capital of Dominica?
A:",qa,8,5550.626953125,14.880703926086426,0.18965557217597961
Dominica,"Q: What is the capital of Dominica?
A:",qa,9,5320.337890625,14.77263069152832,0.13703380525112152
Dominica,"Q: What is the capital of Dominica?
A:",qa,10,8450.5126953125,29.722631454467773,0.19106365740299225
Dominica,"Q: What is the capital of Dominica?
A:",qa,11,8938.8984375,5.148817539215088,0.19299449026584625
Dominica,"Q: What is the capital of Dominica?
A:",qa,12,11809.0947265625,31.614479064941406,0.15392684936523438
Dominica,"Q: What is the capital of Dominica?
A:",qa,13,14444.39453125,25.92151641845703,0.11871832609176636
Dominica,"Q: What is the capital of Dominica?
A:",qa,14,17795.14453125,46.16343688964844,0.11592298746109009
Dominica,"Q: What is the capital of Dominica?
A:",qa,15,19180.294921875,34.91677474975586,0.09921856224536896
Dominica,"Q: What is the capital of Dominica?
A:",qa,16,25488.533203125,35.46533203125,0.091875359416008
Dominica,"Q: What is the capital of Dominica?
A:",qa,17,183.53457641601562,14.087053298950195,0.11627551913261414
Dominica,What is the capital of Dominica? Answer with only the capital city.,chat_template,0,172.30899047851562,169.61700439453125,0.2018517255783081
Dominica,What is the capital of Dominica? Answer with only the capital city.,chat_template,1,787.1533813476562,129.85842895507812,0.16996842622756958
Dominica,What is the capital of Dominica? Answer with only the capital city.,chat_template,2,1050.3782958984375,23.392436981201172,0.15918444097042084
Dominica,What is the capital of Dominica? Answer with only the capital city.,chat_template,3,1384.249267578125,13.613288879394531,0.19554118812084198
Dominica,What is the capital of Dominica? Answer with only the capital city.,chat_template,4,794.7036743164062,12.032377243041992,0.1953461468219757
Dominica,What is the capital of Dominica? Answer with only the capital city.,chat_template,5,2399.547607421875,19.48025894165039,0.1396576464176178
Dominica,What is the capital of Dominica? Answer with only the capital city.,chat_template,6,3420.909423828125,6.892197608947754,0.1640755832195282
Dominica,What is the capital of Dominica? Answer with only the capital city.,chat_template,7,4727.62646484375,15.865756034851074,0.16954708099365234
Dominica,What is the capital of Dominica? Answer with only the capital city.,chat_template,8,5244.78271484375,18.72783088684082,0.20119911432266235
Dominica,What is the capital of Dominica? Answer with only the capital city.,chat_template,9,5414.818359375,14.162535667419434,0.15110929310321808
Dominica,What is the capital of Dominica? Answer with only the capital city.,chat_template,10,8941.396484375,27.56367301940918,0.2223052829504013
Dominica,What is the capital of Dominica? Answer with only the capital city.,chat_template,11,9146.115234375,3.9190988540649414,0.2036052793264389
Dominica,What is the capital of Dominica? Answer with only the capital city.,chat_template,12,11933.7783203125,30.579038619995117,0.15820153057575226
Dominica,What is the capital of Dominica? Answer with only the capital city.,chat_template,13,14868.55078125,22.45069122314453,0.12683676183223724
Dominica,What is the capital of Dominica? Answer with only the capital city.,chat_template,14,17893.478515625,45.090763092041016,0.1227768063545227
Dominica,What is the capital of Dominica? Answer with only the capital city.,chat_template,15,18849.728515625,31.49713134765625,0.1123819649219513
Dominica,What is the capital of Dominica? Answer with only the capital city.,chat_template,16,24981.23828125,32.075775146484375,0.11776889860630035
Dominica,What is the capital of Dominica? Answer with only the capital city.,chat_template,17,297.76141357421875,11.43647575378418,0.13877826929092407
Dominican Republic,What is the capital of Dominican Republic?,raw_question,0,152.89572143554688,188.56004333496094,0.25553542375564575
Dominican Republic,What is the capital of Dominican Republic?,raw_question,1,1070.6700439453125,104.7729263305664,0.19775594770908356
Dominican Republic,What is the capital of Dominican Republic?,raw_question,2,1300.621826171875,15.786783218383789,0.16107934713363647
Dominican Republic,What is the capital of Dominican Republic?,raw_question,3,1595.3482666015625,13.770853042602539,0.20059697329998016
Dominican Republic,What is the capital of Dominican Republic?,raw_question,4,2225.848388671875,9.982062339782715,0.18355411291122437
Dominican Republic,What is the capital of Dominican Republic?,raw_question,5,2665.378662109375,20.261919021606445,0.14293205738067627
Dominican Republic,What is the capital of Dominican Republic?,raw_question,6,3348.135986328125,7.937960147857666,0.15923279523849487
Dominican Republic,What is the capital of Dominican Republic?,raw_question,7,5051.45068359375,16.565311431884766,0.16670909523963928
Dominican Republic,What is the capital of Dominican Republic?,raw_question,8,5933.837890625,15.986023902893066,0.17118549346923828
Dominican Republic,What is the capital of Dominican Republic?,raw_question,9,5267.146484375,12.14146614074707,0.13265275955200195
Dominican Republic,What is the capital of Dominican Republic?,raw_question,10,10396.166015625,25.14286994934082,0.19921782612800598
Dominican Republic,What is the capital of Dominican Republic?,raw_question,11,10951.6923828125,3.5810587406158447,0.17319756746292114
Dominican Republic,What is the capital of Dominican Republic?,raw_question,12,12968.0537109375,26.530248641967773,0.13062405586242676
Dominican Republic,What is the capital of Dominican Republic?,raw_question,13,16337.9443359375,26.142118453979492,0.11101292818784714
Dominican Republic,What is the capital of Dominican Republic?,raw_question,14,17416.556640625,43.86408233642578,0.11165903508663177
Dominican Republic,What is the capital of Dominican Republic?,raw_question,15,18369.513671875,32.99152374267578,0.10445380210876465
Dominican Republic,What is the capital of Dominican Republic?,raw_question,16,24743.3671875,39.81201171875,0.09711555391550064
Dominican Republic,What is the capital of Dominican Republic?,raw_question,17,168.77479553222656,10.50650405883789,0.12443029880523682
Dominican Republic,The capital of Dominican Republic is,declarative,0,129.14013671875,163.3288116455078,0.21237221360206604
Dominican Republic,The capital of Dominican Republic is,declarative,1,859.7290649414062,121.26642608642578,0.2406367063522339
Dominican Republic,The capital of Dominican Republic is,declarative,2,1203.0740966796875,22.102720260620117,0.1916138082742691
Dominican Republic,The capital of Dominican Republic is,declarative,3,1630.1224365234375,14.23843765258789,0.22327876091003418
Dominican Republic,The capital of Dominican Republic is,declarative,4,2321.410400390625,10.226418495178223,0.17875424027442932
Dominican Republic,The capital of Dominican Republic is,declarative,5,2819.810546875,20.159807205200195,0.14656683802604675
Dominican Republic,The capital of Dominican Republic is,declarative,6,3648.245361328125,8.283032417297363,0.16450244188308716
Dominican Republic,The capital of Dominican Republic is,declarative,7,5731.978515625,17.771310806274414,0.17018276453018188
Dominican Republic,The capital of Dominican Republic is,declarative,8,5544.63623046875,16.314788818359375,0.17225417494773865
Dominican Republic,The capital of Dominican Republic is,declarative,9,5716.462890625,14.538688659667969,0.13809996843338013
Dominican Republic,The capital of Dominican Republic is,declarative,10,8823.583984375,28.368812561035156,0.19980037212371826
Dominican Republic,The capital of Dominican Republic is,declarative,11,10124.2646484375,5.06532621383667,0.1990579068660736
Dominican Republic,The capital of Dominican Republic is,declarative,12,12208.2802734375,32.737125396728516,0.16294005513191223
Dominican Republic,The capital of Dominican Republic is,declarative,13,14999.6865234375,24.10445785522461,0.13333752751350403
Dominican Republic,The capital of Dominican Republic is,declarative,14,18578.2734375,52.17094802856445,0.1262495070695877
Dominican Republic,The capital of Dominican Republic is,declarative,15,20575.103515625,37.0389518737793,0.11070391535758972
Dominican Republic,The capital of Dominican Republic is,declarative,16,23999.9453125,39.30461120605469,0.11275241523981094
Dominican Republic,The capital of Dominican Republic is,declarative,17,267.1097412109375,9.948330879211426,0.13787803053855896
Dominican Republic,"Q: What is the capital of Dominican Republic?
A:",qa,0,125.63579559326172,162.31259155273438,0.28570178151130676
Dominican Republic,"Q: What is the capital of Dominican Republic?
A:",qa,1,816.7568969726562,148.0902099609375,0.2406635582447052
Dominican Republic,"Q: What is the capital of Dominican Republic?
A:",qa,2,1015.1906127929688,21.234447479248047,0.1766805499792099
Dominican Republic,"Q: What is the capital of Dominican Republic?
A:",qa,3,1828.1981201171875,14.119400978088379,0.2187103033065796
Dominican Republic,"Q: What is the capital of Dominican Republic?
A:",qa,4,2105.607177734375,11.645150184631348,0.17573966085910797
Dominican Republic,"Q: What is the capital of Dominican Republic?
A:",qa,5,3442.449951171875,16.789981842041016,0.1530822068452835
Dominican Republic,"Q: What is the capital of Dominican Republic?
A:",qa,6,3574.97265625,6.008232593536377,0.15235449373722076
Dominican Republic,"Q: What is the capital of Dominican Republic?
A:",qa,7,4888.9970703125,16.247976303100586,0.1612209677696228
Dominican Republic,"Q: What is the capital of Dominican Republic?
A:",qa,8,5405.39599609375,15.27472972869873,0.1892678141593933
Dominican Republic,"Q: What is the capital of Dominican Republic?
A:",qa,9,5140.48876953125,14.797930717468262,0.13548073172569275
Dominican Republic,"Q: What is the capital of Dominican Republic?
A:",qa,10,8295.853515625,30.503068923950195,0.1899186074733734
Dominican Republic,"Q: What is the capital of Dominican Republic?
A:",qa,11,9019.8642578125,5.231881141662598,0.19228507578372955
Dominican Republic,"Q: What is the capital of Dominican Republic?
A:",qa,12,11767.005859375,31.74908447265625,0.15465103089809418
Dominican Republic,"Q: What is the capital of Dominican Republic?
A:",qa,13,14538.142578125,25.000349044799805,0.12257681787014008
Dominican Republic,"Q: What is the capital of Dominican Republic?
A:",qa,14,18244.4609375,46.66942596435547,0.1192631721496582
Dominican Republic,"Q: What is the capital of Dominican Republic?
A:",qa,15,19907.244140625,37.99052047729492,0.10310321301221848
Dominican Republic,"Q: What is the capital of Dominican Republic?
A:",qa,16,25157.83203125,37.458213806152344,0.0979267954826355
Dominican Republic,"Q: What is the capital of Dominican Republic?
A:",qa,17,198.87466430664062,11.643217086791992,0.12164976447820663
Dominican Republic,What is the capital of Dominican Republic? Answer with only the capital city.,chat_template,0,170.66651916503906,170.0921173095703,0.19920453429222107
Dominican Republic,What is the capital of Dominican Republic? Answer with only the capital city.,chat_template,1,784.60888671875,129.41651916503906,0.17067159712314606
Dominican Republic,What is the capital of Dominican Republic? Answer with only the capital city.,chat_template,2,1043.87060546875,23.635217666625977,0.16012650728225708
Dominican Republic,What is the capital of Dominican Republic? Answer with only the capital city.,chat_template,3,1385.1279296875,13.638415336608887,0.19533893465995789
Dominican Republic,What is the capital of Dominican Republic? Answer with only the capital city.,chat_template,4,787.53515625,12.264801979064941,0.1946215182542801
Dominican Republic,What is the capital of Dominican Republic? Answer with only the capital city.,chat_template,5,2368.211669921875,19.780656814575195,0.13915494084358215
Dominican Republic,What is the capital of Dominican Republic? Answer with only the capital city.,chat_template,6,3461.541748046875,6.705789566040039,0.16416072845458984
Dominican Republic,What is the capital of Dominican Republic? Answer with only the capital city.,chat_template,7,4814.61474609375,15.913979530334473,0.16973774135112762
Dominican Republic,What is the capital of Dominican Republic? Answer with only the capital city.,chat_template,8,5303.55810546875,18.548477172851562,0.19897007942199707
Dominican Republic,What is the capital of Dominican Republic? Answer with only the capital city.,chat_template,9,5498.900390625,14.191914558410645,0.1497127115726471
Dominican Republic,What is the capital of Dominican Republic? Answer with only the capital city.,chat_template,10,9064.875,27.267614364624023,0.2223641276359558
Dominican Republic,What is the capital of Dominican Republic? Answer with only the capital city.,chat_template,11,9446.9150390625,3.7531678676605225,0.20142048597335815
Dominican Republic,What is the capital of Dominican Republic? Answer with only the capital city.,chat_template,12,12356.880859375,28.461042404174805,0.15947896242141724
Dominican Republic,What is the capital of Dominican Republic? Answer with only the capital city.,chat_template,13,15015.0927734375,22.477609634399414,0.13317398726940155
Dominican Republic,What is the capital of Dominican Republic? Answer with only the capital city.,chat_template,14,18248.494140625,46.372989654541016,0.12937253713607788
Dominican Republic,What is the capital of Dominican Republic? Answer with only the capital city.,chat_template,15,19763.609375,35.50188446044922,0.11814767867326736
Dominican Republic,What is the capital of Dominican Republic? Answer with only the capital city.,chat_template,16,23967.529296875,34.887054443359375,0.1265433430671692
Dominican Republic,What is the capital of Dominican Republic? Answer with only the capital city.,chat_template,17,299.8456115722656,9.115849494934082,0.1533142626285553
Ecuador,What is the capital of Ecuador?,raw_question,0,155.1185760498047,196.1832733154297,0.2535715699195862
Ecuador,What is the capital of Ecuador?,raw_question,1,1075.1136474609375,107.78839874267578,0.1968638300895691
Ecuador,What is the capital of Ecuador?,raw_question,2,1308.943603515625,16.23468780517578,0.16069282591342926
Ecuador,What is the capital of Ecuador?,raw_question,3,1604.6512451171875,13.469059944152832,0.20125675201416016
Ecuador,What is the capital of Ecuador?,raw_question,4,2255.121337890625,9.692851066589355,0.1851658821105957
Ecuador,What is the capital of Ecuador?,raw_question,5,2708.45361328125,20.009029388427734,0.1448793262243271
Ecuador,What is the capital of Ecuador?,raw_question,6,3247.030517578125,8.251126289367676,0.15863493084907532
Ecuador,What is the capital of Ecuador?,raw_question,7,5040.638671875,16.76325225830078,0.16707102954387665
Ecuador,What is the capital of Ecuador?,raw_question,8,5919.923828125,16.27391815185547,0.17186322808265686
Ecuador,What is the capital of Ecuador?,raw_question,9,5345.44580078125,11.846467018127441,0.1317380964756012
Ecuador,What is the capital of Ecuador?,raw_question,10,10641.53125,24.743741989135742,0.1970362365245819
Ecuador,What is the capital of Ecuador?,raw_question,11,11001.1865234375,3.4138596057891846,0.17046977579593658
Ecuador,What is the capital of Ecuador?,raw_question,12,12897.0634765625,27.09480857849121,0.12919597327709198
Ecuador,What is the capital of Ecuador?,raw_question,13,16354.2001953125,24.78370475769043,0.10909797251224518
Ecuador,What is the capital of Ecuador?,raw_question,14,17415.142578125,44.81441879272461,0.10947700589895248
Ecuador,What is the capital of Ecuador?,raw_question,15,18463.814453125,34.51233673095703,0.10341882705688477
Ecuador,What is the capital of Ecuador?,raw_question,16,24832.6875,40.23638916015625,0.09235437214374542
Ecuador,What is the capital of Ecuador?,raw_question,17,167.77671813964844,10.792049407958984,0.11811327934265137
Ecuador,The capital of Ecuador is,declarative,0,132.1988067626953,157.1278533935547,0.21529099345207214
Ecuador,The capital of Ecuador is,declarative,1,864.0576782226562,128.6876220703125,0.23939695954322815
Ecuador,The capital of Ecuador is,declarative,2,1218.7569580078125,22.660419464111328,0.1925353705883026
Ecuador,The capital of Ecuador is,declarative,3,1623.8961181640625,14.108404159545898,0.22000741958618164
Ecuador,The capital of Ecuador is,declarative,4,2382.541748046875,9.665267944335938,0.1776665300130844
Ecuador,The capital of Ecuador is,declarative,5,2798.788330078125,20.017751693725586,0.14709943532943726
Ecuador,The capital of Ecuador is,declarative,6,3664.876708984375,8.474470138549805,0.1660144329071045
Ecuador,The capital of Ecuador is,declarative,7,5754.28955078125,17.33155059814453,0.1708010584115982
Ecuador,The capital of Ecuador is,declarative,8,5439.78515625,16.18916130065918,0.17254695296287537
Ecuador,The capital of Ecuador is,declarative,9,5703.7294921875,14.57451057434082,0.13742393255233765
Ecuador,The capital of Ecuador is,declarative,10,8874.4892578125,28.365516662597656,0.2002870738506317
Ecuador,The capital of Ecuador is,declarative,11,10036.2998046875,4.935579299926758,0.1988399177789688
Ecuador,The capital of Ecuador is,declarative,12,12252.025390625,34.457759857177734,0.1636343002319336
Ecuador,The capital of Ecuador is,declarative,13,15531.2646484375,24.07029151916504,0.13336992263793945
Ecuador,The capital of Ecuador is,declarative,14,19361.220703125,52.65190887451172,0.12644577026367188
Ecuador,The capital of Ecuador is,declarative,15,21431.94921875,36.7405891418457,0.11016503721475601
Ecuador,The capital of Ecuador is,declarative,16,24352.982421875,39.073883056640625,0.10860539972782135
Ecuador,The capital of Ecuador is,declarative,17,283.813720703125,9.115072250366211,0.13835403323173523
Ecuador,"Q: What is the capital of Ecuador?
A:",qa,0,126.4931869506836,161.58209228515625,0.28639984130859375
Ecuador,"Q: What is the capital of Ecuador?
A:",qa,1,811.96337890625,147.7222442626953,0.23726536333560944
Ecuador,"Q: What is the capital of Ecuador?
A:",qa,2,1006.5894165039062,21.377639770507812,0.17498204112052917
Ecuador,"Q: What is the capital of Ecuador?
A:",qa,3,1819.984619140625,14.018559455871582,0.21872273087501526
Ecuador,"Q: What is the capital of Ecuador?
A:",qa,4,2117.974609375,11.561736106872559,0.1765769124031067
Ecuador,"Q: What is the capital of Ecuador?
A:",qa,5,3463.316162109375,16.550851821899414,0.15263047814369202
Ecuador,"Q: What is the capital of Ecuador?
A:",qa,6,3660.639404296875,6.135865688323975,0.15335145592689514
Ecuador,"Q: What is the capital of Ecuador?
A:",qa,7,4915.6455078125,16.09748649597168,0.16180574893951416
Ecuador,"Q: What is the capital of Ecuador?
A:",qa,8,5457.7060546875,15.160234451293945,0.1902184635400772
Ecuador,"Q: What is the capital of Ecuador?
A:",qa,9,5255.033203125,14.729734420776367,0.13613669574260712
Ecuador,"Q: What is the capital of Ecuador?
A:",qa,10,8386.912109375,30.750986099243164,0.1908019781112671
Ecuador,"Q: What is the capital of Ecuador?
A:",qa,11,8830.4873046875,5.112421989440918,0.1926567554473877
Ecuador,"Q: What is the capital of Ecuador?
A:",qa,12,11710.1484375,32.09553146362305,0.15809547901153564
Ecuador,"Q: What is the capital of Ecuador?
A:",qa,13,14622.173828125,24.913049697875977,0.12192842364311218
Ecuador,"Q: What is the capital of Ecuador?
A:",qa,14,18357.8828125,47.32996368408203,0.11844152212142944
Ecuador,"Q: What is the capital of Ecuador?
A:",qa,15,20382.244140625,37.358680725097656,0.10119026154279709
Ecuador,"Q: What is the capital of Ecuador?
A:",qa,16,25358.421875,36.9925651550293,0.09456335008144379
Ecuador,"Q: What is the capital of Ecuador?
A:",qa,17,202.28347778320312,11.214251518249512,0.12168079614639282
Ecuador,What is the capital of Ecuador? Answer with only the capital city.,chat_template,0,172.22695922851562,169.55906677246094,0.2019168734550476
Ecuador,What is the capital of Ecuador? Answer with only the capital city.,chat_template,1,783.6654663085938,128.51914978027344,0.17103208601474762
Ecuador,What is the capital of Ecuador? Answer with only the capital city.,chat_template,2,1039.4547119140625,23.50153160095215,0.16018888354301453
Ecuador,What is the capital of Ecuador? Answer with only the capital city.,chat_template,3,1384.4149169921875,13.647642135620117,0.19511793553829193
Ecuador,What is the capital of Ecuador? Answer with only the capital city.,chat_template,4,789.739501953125,12.254167556762695,0.19478148221969604
Ecuador,What is the capital of Ecuador? Answer with only the capital city.,chat_template,5,2381.20458984375,19.7402286529541,0.13979201018810272
Ecuador,What is the capital of Ecuador? Answer with only the capital city.,chat_template,6,3465.130615234375,6.780272006988525,0.164474219083786
Ecuador,What is the capital of Ecuador? Answer with only the capital city.,chat_template,7,4697.92529296875,15.820526123046875,0.17008160054683685
Ecuador,What is the capital of Ecuador? Answer with only the capital city.,chat_template,8,5245.30419921875,18.61649513244629,0.1999877244234085
Ecuador,What is the capital of Ecuador? Answer with only the capital city.,chat_template,9,5503.52490234375,13.99010944366455,0.1501484215259552
Ecuador,What is the capital of Ecuador? Answer with only the capital city.,chat_template,10,9003.4677734375,27.446962356567383,0.22075028717517853
Ecuador,What is the capital of Ecuador? Answer with only the capital city.,chat_template,11,9104.54296875,3.86859393119812,0.20497244596481323
Ecuador,What is the capital of Ecuador? Answer with only the capital city.,chat_template,12,12221.544921875,28.337963104248047,0.16064803302288055
Ecuador,What is the capital of Ecuador? Answer with only the capital city.,chat_template,13,15176.5341796875,22.391977310180664,0.13321296870708466
Ecuador,What is the capital of Ecuador? Answer with only the capital city.,chat_template,14,18442.04296875,47.11821365356445,0.127873495221138
Ecuador,What is the capital of Ecuador? Answer with only the capital city.,chat_template,15,20261.34375,33.56006622314453,0.11518806219100952
Ecuador,What is the capital of Ecuador? Answer with only the capital city.,chat_template,16,23846.904296875,32.958980560302734,0.1194731742143631
Ecuador,What is the capital of Ecuador? Answer with only the capital city.,chat_template,17,292.7660827636719,8.830171585083008,0.15028978884220123
Egypt,What is the capital of Egypt?,raw_question,0,155.10682678222656,190.63233947753906,0.2594815492630005
Egypt,What is the capital of Egypt?,raw_question,1,1074.124755859375,107.49507904052734,0.1960492730140686
Egypt,What is the capital of Egypt?,raw_question,2,1300.6038818359375,16.097501754760742,0.16001588106155396
Egypt,What is the capital of Egypt?,raw_question,3,1568.37109375,13.648431777954102,0.2001642882823944
Egypt,What is the capital of Egypt?,raw_question,4,2319.964111328125,9.9263916015625,0.1864742934703827
Egypt,What is the capital of Egypt?,raw_question,5,2719.350341796875,20.234012603759766,0.14268693327903748
Egypt,What is the capital of Egypt?,raw_question,6,3257.93701171875,8.485937118530273,0.15857073664665222
Egypt,What is the capital of Egypt?,raw_question,7,5024.17919921875,16.899065017700195,0.16615766286849976
Egypt,What is the capital of Egypt?,raw_question,8,5834.3779296875,16.351308822631836,0.17052322626113892
Egypt,What is the capital of Egypt?,raw_question,9,5291.7861328125,12.00528621673584,0.13281211256980896
Egypt,What is the capital of Egypt?,raw_question,10,10516.587890625,25.534801483154297,0.19411379098892212
Egypt,What is the capital of Egypt?,raw_question,11,11054.076171875,3.4745728969573975,0.17015472054481506
Egypt,What is the capital of Egypt?,raw_question,12,13122.40625,28.97784423828125,0.12762108445167542
Egypt,What is the capital of Egypt?,raw_question,13,16655.75390625,25.950258255004883,0.10627719759941101
Egypt,What is the capital of Egypt?,raw_question,14,17599.349609375,45.23572540283203,0.10792474448680878
Egypt,What is the capital of Egypt?,raw_question,15,18521.6875,34.195960998535156,0.1026269719004631
Egypt,What is the capital of Egypt?,raw_question,16,24989.232421875,39.49071502685547,0.09222842007875443
Egypt,What is the capital of Egypt?,raw_question,17,160.65879821777344,10.821026802062988,0.11801013350486755
Egypt,The capital of Egypt is,declarative,0,131.36163330078125,160.08749389648438,0.2146131992340088
Egypt,The capital of Egypt is,declarative,1,860.493408203125,127.25244903564453,0.24083459377288818
Egypt,The capital of Egypt is,declarative,2,1218.86279296875,22.152196884155273,0.19246208667755127
Egypt,The capital of Egypt is,declarative,3,1584.06884765625,14.312980651855469,0.2192278355360031
Egypt,The capital of Egypt is,declarative,4,2450.072998046875,10.146391868591309,0.18123573064804077
Egypt,The capital of Egypt is,declarative,5,2861.59521484375,19.92022705078125,0.14588579535484314
Egypt,The capital of Egypt is,declarative,6,3597.50634765625,8.292707443237305,0.16526594758033752
Egypt,The capital of Egypt is,declarative,7,5555.5849609375,17.351158142089844,0.17104408144950867
Egypt,The capital of Egypt is,declarative,8,5388.22998046875,16.780967712402344,0.17476873099803925
Egypt,The capital of Egypt is,declarative,9,5553.0546875,14.293678283691406,0.13655275106430054
Egypt,The capital of Egypt is,declarative,10,8733.8681640625,29.622812271118164,0.19744543731212616
Egypt,The capital of Egypt is,declarative,11,9820.7744140625,4.804392337799072,0.19454409182071686
Egypt,The capital of Egypt is,declarative,12,12324.4384765625,36.66705322265625,0.15563955903053284
Egypt,The capital of Egypt is,declarative,13,15860.1103515625,24.447063446044922,0.1256069391965866
Egypt,The capital of Egypt is,declarative,14,19684.35546875,51.38653564453125,0.11947676539421082
Egypt,The capital of Egypt is,declarative,15,21707.517578125,36.8509635925293,0.1054619699716568
Egypt,The capital of Egypt is,declarative,16,24775.46484375,37.61568832397461,0.10252585262060165
Egypt,The capital of Egypt is,declarative,17,266.36871337890625,10.224068641662598,0.13512425124645233
Egypt,"Q: What is the capital of Egypt?
A:",qa,0,126.56177520751953,161.88479614257812,0.2849051356315613
Egypt,"Q: What is the capital of Egypt?
A:",qa,1,815.526123046875,147.7279815673828,0.2377471625804901
Egypt,"Q: What is the capital of Egypt?
A:",qa,2,1006.7260131835938,21.45099639892578,0.17547574639320374
Egypt,"Q: What is the capital of Egypt?
A:",qa,3,1813.261474609375,14.046871185302734,0.22004379332065582
Egypt,"Q: What is the capital of Egypt?
A:",qa,4,2087.37109375,11.676587104797363,0.17666837573051453
Egypt,"Q: What is the capital of Egypt?
A:",qa,5,3466.14501953125,16.6512508392334,0.15255406498908997
Egypt,"Q: What is the capital of Egypt?
A:",qa,6,3681.10400390625,6.224474906921387,0.15335328876972198
Egypt,"Q: What is the capital of Egypt?
A:",qa,7,4885.04248046875,16.272939682006836,0.1609002947807312
Egypt,"Q: What is the capital of Egypt?
A:",qa,8,5399.126953125,15.336336135864258,0.1887754201889038
Egypt,"Q: What is the capital of Egypt?
A:",qa,9,5134.98046875,14.654200553894043,0.1350487768650055
Egypt,"Q: What is the capital of Egypt?
A:",qa,10,8292.86328125,31.04175567626953,0.18897756934165955
Egypt,"Q: What is the capital of Egypt?
A:",qa,11,8821.328125,5.07834005355835,0.19109252095222473
Egypt,"Q: What is the capital of Egypt?
A:",qa,12,12107.6103515625,36.85708999633789,0.15103411674499512
Egypt,"Q: What is the capital of Egypt?
A:",qa,13,15028.2412109375,25.72283935546875,0.11487075686454773
Egypt,"Q: What is the capital of Egypt?
A:",qa,14,18877.2578125,47.18446731567383,0.11583635210990906
Egypt,"Q: What is the capital of Egypt?
A:",qa,15,20362.529296875,36.07318878173828,0.0997079610824585
Egypt,"Q: What is the capital of Egypt?
A:",qa,16,25510.16796875,35.9528923034668,0.09534741938114166
Egypt,"Q: What is the capital of Egypt?
A:",qa,17,196.975830078125,12.226778030395508,0.12181897461414337
Egypt,What is the capital of Egypt? Answer with only the capital city.,chat_template,0,171.81224060058594,170.12423706054688,0.20136991143226624
Egypt,What is the capital of Egypt? Answer with only the capital city.,chat_template,1,783.7443237304688,129.1025848388672,0.17088532447814941
Egypt,What is the capital of Egypt? Answer with only the capital city.,chat_template,2,1046.9427490234375,23.66604232788086,0.16052857041358948
Egypt,What is the capital of Egypt? Answer with only the capital city.,chat_template,3,1378.052001953125,13.680193901062012,0.1956070512533188
Egypt,What is the capital of Egypt? Answer with only the capital city.,chat_template,4,780.9781494140625,12.333227157592773,0.195936381816864
Egypt,What is the capital of Egypt? Answer with only the capital city.,chat_template,5,2357.467529296875,19.839818954467773,0.13947635889053345
Egypt,What is the capital of Egypt? Answer with only the capital city.,chat_template,6,3467.246826171875,6.802765846252441,0.16513358056545258
Egypt,What is the capital of Egypt? Answer with only the capital city.,chat_template,7,4732.5234375,15.795719146728516,0.17223669588565826
Egypt,What is the capital of Egypt? Answer with only the capital city.,chat_template,8,5239.27001953125,18.27869987487793,0.2010101079940796
Egypt,What is the capital of Egypt? Answer with only the capital city.,chat_template,9,5441.89013671875,13.845151901245117,0.15070916712284088
Egypt,What is the capital of Egypt? Answer with only the capital city.,chat_template,10,8942.2705078125,27.090221405029297,0.22214950621128082
Egypt,What is the capital of Egypt? Answer with only the capital city.,chat_template,11,9347.576171875,3.7913973331451416,0.20543833076953888
Egypt,What is the capital of Egypt? Answer with only the capital city.,chat_template,12,13013.12890625,30.877229690551758,0.1549643874168396
Egypt,What is the capital of Egypt? Answer with only the capital city.,chat_template,13,16268.8193359375,22.294687271118164,0.12467128038406372
Egypt,What is the capital of Egypt? Answer with only the capital city.,chat_template,14,20271.140625,47.29083251953125,0.12589631974697113
Egypt,What is the capital of Egypt? Answer with only the capital city.,chat_template,15,21038.986328125,32.68589401245117,0.11155331134796143
Egypt,What is the capital of Egypt? Answer with only the capital city.,chat_template,16,24819.966796875,31.100862503051758,0.11941760778427124
Egypt,What is the capital of Egypt? Answer with only the capital city.,chat_template,17,285.8328552246094,9.314403533935547,0.1530313342809677
El Salvador,What is the capital of El Salvador?,raw_question,0,153.51025390625,187.5269317626953,0.25670671463012695
El Salvador,What is the capital of El Salvador?,raw_question,1,1059.3017578125,110.67542266845703,0.19409465789794922
El Salvador,What is the capital of El Salvador?,raw_question,2,1285.367919921875,16.586944580078125,0.16148945689201355
El Salvador,What is the capital of El Salvador?,raw_question,3,1610.3265380859375,13.690669059753418,0.2008778154850006
El Salvador,What is the capital of El Salvador?,raw_question,4,2189.170166015625,9.820952415466309,0.1892508864402771
El Salvador,What is the capital of El Salvador?,raw_question,5,2713.979736328125,20.295108795166016,0.14368337392807007
El Salvador,What is the capital of El Salvador?,raw_question,6,3251.072998046875,7.7972187995910645,0.1587047129869461
El Salvador,What is the capital of El Salvador?,raw_question,7,5167.86279296875,16.800905227661133,0.16781210899353027
El Salvador,What is the capital of El Salvador?,raw_question,8,5985.818359375,16.55797004699707,0.17233210802078247
El Salvador,What is the capital of El Salvador?,raw_question,9,5269.01318359375,12.341955184936523,0.1319788694381714
El Salvador,What is the capital of El Salvador?,raw_question,10,10452.2578125,24.231197357177734,0.19761298596858978
El Salvador,What is the capital of El Salvador?,raw_question,11,11055.55859375,3.7306008338928223,0.17239268124103546
El Salvador,What is the capital of El Salvador?,raw_question,12,12782.5947265625,27.05523109436035,0.127151221036911
El Salvador,What is the capital of El Salvador?,raw_question,13,16230.392578125,28.068456649780273,0.10747593641281128
El Salvador,What is the capital of El Salvador?,raw_question,14,17099.080078125,44.62907791137695,0.10929076373577118
El Salvador,What is the capital of El Salvador?,raw_question,15,18262.576171875,32.81975555419922,0.10345011949539185
El Salvador,What is the capital of El Salvador?,raw_question,16,24784.470703125,39.8885612487793,0.09390909969806671
El Salvador,What is the capital of El Salvador?,raw_question,17,170.50938415527344,10.927678108215332,0.11995229870080948
El Salvador,The capital of El Salvador is,declarative,0,130.94015502929688,165.7777557373047,0.21164138615131378
El Salvador,The capital of El Salvador is,declarative,1,864.2694091796875,125.13611602783203,0.23982180655002594
El Salvador,The capital of El Salvador is,declarative,2,1218.52734375,24.061777114868164,0.19163262844085693
El Salvador,The capital of El Salvador is,declarative,3,1660.3642578125,14.109606742858887,0.22301052510738373
El Salvador,The capital of El Salvador is,declarative,4,2259.2529296875,9.819316864013672,0.18118207156658173
El Salvador,The capital of El Salvador is,declarative,5,2792.478271484375,20.18585777282715,0.14589440822601318
El Salvador,The capital of El Salvador is,declarative,6,3576.97998046875,7.979446887969971,0.16494357585906982
El Salvador,The capital of El Salvador is,declarative,7,5671.93505859375,17.5493221282959,0.16923415660858154
El Salvador,The capital of El Salvador is,declarative,8,5388.7685546875,16.46689796447754,0.17470397055149078
El Salvador,The capital of El Salvador is,declarative,9,5613.61083984375,14.399978637695312,0.13549569249153137
El Salvador,The capital of El Salvador is,declarative,10,8611.951171875,28.04995346069336,0.19890743494033813
El Salvador,The capital of El Salvador is,declarative,11,9935.98828125,5.075363636016846,0.19710172712802887
El Salvador,The capital of El Salvador is,declarative,12,12407.736328125,36.74795150756836,0.15974821150302887
El Salvador,The capital of El Salvador is,declarative,13,15370.984375,25.930086135864258,0.13035625219345093
El Salvador,The capital of El Salvador is,declarative,14,18903.658203125,52.44697570800781,0.12294547259807587
El Salvador,The capital of El Salvador is,declarative,15,21180.80859375,36.163455963134766,0.10711958259344101
El Salvador,The capital of El Salvador is,declarative,16,25462.22265625,39.425106048583984,0.1071721762418747
El Salvador,The capital of El Salvador is,declarative,17,250.39926147460938,13.242412567138672,0.12933984398841858
El Salvador,"Q: What is the capital of El Salvador?
A:",qa,0,125.8017807006836,162.18515014648438,0.28440359234809875
El Salvador,"Q: What is the capital of El Salvador?
A:",qa,1,815.8291015625,151.97314453125,0.2429017275571823
El Salvador,"Q: What is the capital of El Salvador?
A:",qa,2,1008.0848999023438,21.324739456176758,0.17893218994140625
El Salvador,"Q: What is the capital of El Salvador?
A:",qa,3,1850.1710205078125,14.248425483703613,0.22102013230323792
El Salvador,"Q: What is the capital of El Salvador?
A:",qa,4,2092.781005859375,11.80916690826416,0.17856556177139282
El Salvador,"Q: What is the capital of El Salvador?
A:",qa,5,3435.4169921875,16.804515838623047,0.15317338705062866
El Salvador,"Q: What is the capital of El Salvador?
A:",qa,6,3583.40625,6.127146244049072,0.15120448172092438
El Salvador,"Q: What is the capital of El Salvador?
A:",qa,7,4762.73828125,16.465242385864258,0.15879732370376587
El Salvador,"Q: What is the capital of El Salvador?
A:",qa,8,5251.052734375,15.577286720275879,0.18908487260341644
El Salvador,"Q: What is the capital of El Salvador?
A:",qa,9,5073.06787109375,15.031806945800781,0.13614466786384583
El Salvador,"Q: What is the capital of El Salvador?
A:",qa,10,8166.00048828125,30.171682357788086,0.18941660225391388
El Salvador,"Q: What is the capital of El Salvador?
A:",qa,11,8832.375,5.363635063171387,0.19112542271614075
El Salvador,"Q: What is the capital of El Salvador?
A:",qa,12,11747.3173828125,33.72462844848633,0.1544983983039856
El Salvador,"Q: What is the capital of El Salvador?
A:",qa,13,14329.5791015625,26.5880069732666,0.12092602252960205
El Salvador,"Q: What is the capital of El Salvador?
A:",qa,14,17890.28125,45.967342376708984,0.12009500712156296
El Salvador,"Q: What is the capital of El Salvador?
A:",qa,15,19559.53125,36.76870346069336,0.10113164037466049
El Salvador,"Q: What is the capital of El Salvador?
A:",qa,16,25477.876953125,38.44818878173828,0.09468509256839752
El Salvador,"Q: What is the capital of El Salvador?
A:",qa,17,189.57562255859375,12.630452156066895,0.11865907907485962
El Salvador,What is the capital of El Salvador? Answer with only the capital city.,chat_template,0,170.9545135498047,169.65187072753906,0.1995585560798645
El Salvador,What is the capital of El Salvador? Answer with only the capital city.,chat_template,1,784.6116943359375,128.7120819091797,0.16985028982162476
El Salvador,What is the capital of El Salvador? Answer with only the capital city.,chat_template,2,1043.864990234375,23.654529571533203,0.15964335203170776
El Salvador,What is the capital of El Salvador? Answer with only the capital city.,chat_template,3,1384.3885498046875,13.579377174377441,0.19587410986423492
El Salvador,What is the capital of El Salvador? Answer with only the capital city.,chat_template,4,800.7300415039062,12.322043418884277,0.1954251527786255
El Salvador,What is the capital of El Salvador? Answer with only the capital city.,chat_template,5,2380.1201171875,19.753339767456055,0.1396927684545517
El Salvador,What is the capital of El Salvador? Answer with only the capital city.,chat_template,6,3364.40966796875,6.765340328216553,0.16384196281433105
El Salvador,What is the capital of El Salvador? Answer with only the capital city.,chat_template,7,4788.82421875,15.77297592163086,0.16961319744586945
El Salvador,What is the capital of El Salvador? Answer with only the capital city.,chat_template,8,5309.7392578125,18.391429901123047,0.19851802289485931
El Salvador,What is the capital of El Salvador? Answer with only the capital city.,chat_template,9,5506.0927734375,14.156729698181152,0.15023700892925262
El Salvador,What is the capital of El Salvador? Answer with only the capital city.,chat_template,10,8940.71484375,27.163808822631836,0.2215382307767868
El Salvador,What is the capital of El Salvador? Answer with only the capital city.,chat_template,11,9303.201171875,4.029564380645752,0.20289963483810425
El Salvador,What is the capital of El Salvador? Answer with only the capital city.,chat_template,12,12602.697265625,29.644357681274414,0.1588314324617386
El Salvador,What is the capital of El Salvador? Answer with only the capital city.,chat_template,13,15404.849609375,22.750717163085938,0.13028432428836823
El Salvador,What is the capital of El Salvador? Answer with only the capital city.,chat_template,14,18863.890625,47.771583557128906,0.1267860233783722
El Salvador,What is the capital of El Salvador? Answer with only the capital city.,chat_template,15,21128.7578125,34.26698684692383,0.1143985465168953
El Salvador,What is the capital of El Salvador? Answer with only the capital city.,chat_template,16,25260.541015625,32.15151596069336,0.12292423844337463
El Salvador,What is the capital of El Salvador? Answer with only the capital city.,chat_template,17,293.5461120605469,10.805946350097656,0.15109363198280334
Equatorial Guinea,What is the capital of Equatorial Guinea?,raw_question,0,154.7438507080078,189.09364318847656,0.2551579177379608
Equatorial Guinea,What is the capital of Equatorial Guinea?,raw_question,1,1074.3709716796875,105.28624725341797,0.19776293635368347
Equatorial Guinea,What is the capital of Equatorial Guinea?,raw_question,2,1315.7803955078125,15.913948059082031,0.162010058760643
Equatorial Guinea,What is the capital of Equatorial Guinea?,raw_question,3,1617.38525390625,13.88792610168457,0.19953233003616333
Equatorial Guinea,What is the capital of Equatorial Guinea?,raw_question,4,2345.696044921875,9.391148567199707,0.1880764365196228
Equatorial Guinea,What is the capital of Equatorial Guinea?,raw_question,5,2735.768798828125,20.051515579223633,0.14658398926258087
Equatorial Guinea,What is the capital of Equatorial Guinea?,raw_question,6,3136.68896484375,8.182226181030273,0.15646381676197052
Equatorial Guinea,What is the capital of Equatorial Guinea?,raw_question,7,5135.8291015625,16.871105194091797,0.16843897104263306
Equatorial Guinea,What is the capital of Equatorial Guinea?,raw_question,8,6131.388671875,16.11353874206543,0.17161372303962708
Equatorial Guinea,What is the capital of Equatorial Guinea?,raw_question,9,5380.34521484375,12.404451370239258,0.13157998025417328
Equatorial Guinea,What is the capital of Equatorial Guinea?,raw_question,10,10583.4228515625,23.934608459472656,0.19380530714988708
Equatorial Guinea,What is the capital of Equatorial Guinea?,raw_question,11,11105.7705078125,3.746856451034546,0.170500710606575
Equatorial Guinea,What is the capital of Equatorial Guinea?,raw_question,12,12977.5869140625,24.831876754760742,0.12802088260650635
Equatorial Guinea,What is the capital of Equatorial Guinea?,raw_question,13,16604.302734375,25.046035766601562,0.10308043658733368
Equatorial Guinea,What is the capital of Equatorial Guinea?,raw_question,14,17361.658203125,42.3134765625,0.1076412945985794
Equatorial Guinea,What is the capital of Equatorial Guinea?,raw_question,15,18796.42578125,32.62845993041992,0.10261720418930054
Equatorial Guinea,What is the capital of Equatorial Guinea?,raw_question,16,25076.9921875,39.83600997924805,0.09108878672122955
Equatorial Guinea,What is the capital of Equatorial Guinea?,raw_question,17,172.43795776367188,10.494492530822754,0.1216987818479538
Equatorial Guinea,The capital of Equatorial Guinea is,declarative,0,130.65370178222656,160.6376495361328,0.21557866036891937
Equatorial Guinea,The capital of Equatorial Guinea is,declarative,1,864.1797485351562,125.80681610107422,0.24078625440597534
Equatorial Guinea,The capital of Equatorial Guinea is,declarative,2,1174.466064453125,20.89175033569336,0.18872076272964478
Equatorial Guinea,The capital of Equatorial Guinea is,declarative,3,1613.466552734375,14.63856029510498,0.2226763367652893
Equatorial Guinea,The capital of Equatorial Guinea is,declarative,4,2396.623046875,9.762776374816895,0.1841728687286377
Equatorial Guinea,The capital of Equatorial Guinea is,declarative,5,2815.40869140625,19.8577823638916,0.14973647892475128
Equatorial Guinea,The capital of Equatorial Guinea is,declarative,6,3473.66748046875,8.40484619140625,0.16552096605300903
Equatorial Guinea,The capital of Equatorial Guinea is,declarative,7,5644.3984375,17.457599639892578,0.17479315400123596
Equatorial Guinea,The capital of Equatorial Guinea is,declarative,8,5496.189453125,16.457998275756836,0.1766597181558609
Equatorial Guinea,The capital of Equatorial Guinea is,declarative,9,5671.193359375,14.477519035339355,0.13705302774906158
Equatorial Guinea,The capital of Equatorial Guinea is,declarative,10,8680.6982421875,27.57276725769043,0.2007448375225067
Equatorial Guinea,The capital of Equatorial Guinea is,declarative,11,10211.4169921875,5.18898868560791,0.1988861858844757
Equatorial Guinea,The capital of Equatorial Guinea is,declarative,12,13005.6689453125,34.09471893310547,0.16105735301971436
Equatorial Guinea,The capital of Equatorial Guinea is,declarative,13,15954.0654296875,23.849763870239258,0.13012295961380005
Equatorial Guinea,The capital of Equatorial Guinea is,declarative,14,19688.650390625,51.976314544677734,0.12408235669136047
Equatorial Guinea,The capital of Equatorial Guinea is,declarative,15,21996.220703125,37.75221252441406,0.10988543927669525
Equatorial Guinea,The capital of Equatorial Guinea is,declarative,16,25076.3359375,37.56163024902344,0.10589013993740082
Equatorial Guinea,The capital of Equatorial Guinea is,declarative,17,254.4979705810547,9.867923736572266,0.1357005089521408
Equatorial Guinea,"Q: What is the capital of Equatorial Guinea?
A:",qa,0,124.43882751464844,163.6259307861328,0.285372257232666
Equatorial Guinea,"Q: What is the capital of Equatorial Guinea?
A:",qa,1,815.6328735351562,150.39598083496094,0.23858855664730072
Equatorial Guinea,"Q: What is the capital of Equatorial Guinea?
A:",qa,2,1007.159912109375,21.2005558013916,0.17594963312149048
Equatorial Guinea,"Q: What is the capital of Equatorial Guinea?
A:",qa,3,1805.592529296875,14.090944290161133,0.21965795755386353
Equatorial Guinea,"Q: What is the capital of Equatorial Guinea?
A:",qa,4,2104.576904296875,11.67791748046875,0.1765693873167038
Equatorial Guinea,"Q: What is the capital of Equatorial Guinea?
A:",qa,5,3530.51318359375,16.608671188354492,0.15384861826896667
Equatorial Guinea,"Q: What is the capital of Equatorial Guinea?
A:",qa,6,3638.695068359375,6.373185634613037,0.15204250812530518
Equatorial Guinea,"Q: What is the capital of Equatorial Guinea?
A:",qa,7,4857.27978515625,16.2557373046875,0.16099590063095093
Equatorial Guinea,"Q: What is the capital of Equatorial Guinea?
A:",qa,8,5399.16943359375,15.381683349609375,0.19046418368816376
Equatorial Guinea,"Q: What is the capital of Equatorial Guinea?
A:",qa,9,5278.3525390625,14.973270416259766,0.1361374855041504
Equatorial Guinea,"Q: What is the capital of Equatorial Guinea?
A:",qa,10,8353.1337890625,29.68863868713379,0.18835633993148804
Equatorial Guinea,"Q: What is the capital of Equatorial Guinea?
A:",qa,11,8883.4970703125,5.260869026184082,0.1925916224718094
Equatorial Guinea,"Q: What is the capital of Equatorial Guinea?
A:",qa,12,12212.5703125,33.033172607421875,0.158895343542099
Equatorial Guinea,"Q: What is the capital of Equatorial Guinea?
A:",qa,13,15062.88671875,25.29566192626953,0.12131072580814362
Equatorial Guinea,"Q: What is the capital of Equatorial Guinea?
A:",qa,14,18713.833984375,46.95625686645508,0.12020038068294525
Equatorial Guinea,"Q: What is the capital of Equatorial Guinea?
A:",qa,15,20947.216796875,37.59575271606445,0.10236310213804245
Equatorial Guinea,"Q: What is the capital of Equatorial Guinea?
A:",qa,16,26073.73828125,36.47198486328125,0.09256154298782349
Equatorial Guinea,"Q: What is the capital of Equatorial Guinea?
A:",qa,17,191.16921997070312,11.299991607666016,0.11966857314109802
Equatorial Guinea,What is the capital of Equatorial Guinea? Answer with only the capital city.,chat_template,0,170.68663024902344,169.6764678955078,0.2005179226398468
Equatorial Guinea,What is the capital of Equatorial Guinea? Answer with only the capital city.,chat_template,1,783.6840209960938,129.1606903076172,0.16998639702796936
Equatorial Guinea,What is the capital of Equatorial Guinea? Answer with only the capital city.,chat_template,2,1043.1529541015625,23.488893508911133,0.16012197732925415
Equatorial Guinea,What is the capital of Equatorial Guinea? Answer with only the capital city.,chat_template,3,1383.4134521484375,13.592090606689453,0.1957263946533203
Equatorial Guinea,What is the capital of Equatorial Guinea? Answer with only the capital city.,chat_template,4,800.8014526367188,12.317192077636719,0.1956959217786789
Equatorial Guinea,What is the capital of Equatorial Guinea? Answer with only the capital city.,chat_template,5,2371.26171875,19.628793716430664,0.13950295746326447
Equatorial Guinea,What is the capital of Equatorial Guinea? Answer with only the capital city.,chat_template,6,3376.923583984375,6.8616132736206055,0.16350358724594116
Equatorial Guinea,What is the capital of Equatorial Guinea? Answer with only the capital city.,chat_template,7,4757.07275390625,15.831744194030762,0.17100611329078674
Equatorial Guinea,What is the capital of Equatorial Guinea? Answer with only the capital city.,chat_template,8,5251.1142578125,18.685270309448242,0.19978952407836914
Equatorial Guinea,What is the capital of Equatorial Guinea? Answer with only the capital city.,chat_template,9,5386.3740234375,14.111804962158203,0.14988555014133453
Equatorial Guinea,What is the capital of Equatorial Guinea? Answer with only the capital city.,chat_template,10,8997.466796875,27.104326248168945,0.2206255942583084
Equatorial Guinea,What is the capital of Equatorial Guinea? Answer with only the capital city.,chat_template,11,9203.2373046875,3.761507511138916,0.20405083894729614
Equatorial Guinea,What is the capital of Equatorial Guinea? Answer with only the capital city.,chat_template,12,13375.1962890625,29.806528091430664,0.16117873787879944
Equatorial Guinea,What is the capital of Equatorial Guinea? Answer with only the capital city.,chat_template,13,16100.0859375,22.147109985351562,0.13112299144268036
Equatorial Guinea,What is the capital of Equatorial Guinea? Answer with only the capital city.,chat_template,14,18979.375,47.06215286254883,0.12840090692043304
Equatorial Guinea,What is the capital of Equatorial Guinea? Answer with only the capital city.,chat_template,15,21389.16015625,37.30012893676758,0.11781832575798035
Equatorial Guinea,What is the capital of Equatorial Guinea? Answer with only the capital city.,chat_template,16,25983.126953125,32.112083435058594,0.11594241857528687
Equatorial Guinea,What is the capital of Equatorial Guinea? Answer with only the capital city.,chat_template,17,274.3233642578125,9.336407661437988,0.14452087879180908
Eritrea,What is the capital of Eritrea?,raw_question,0,153.69105529785156,194.7130889892578,0.25606638193130493
Eritrea,What is the capital of Eritrea?,raw_question,1,1066.914794921875,106.2727279663086,0.19789114594459534
Eritrea,What is the capital of Eritrea?,raw_question,2,1308.086669921875,16.3925724029541,0.16203084588050842
Eritrea,What is the capital of Eritrea?,raw_question,3,1621.62353515625,14.005379676818848,0.1994466930627823
Eritrea,What is the capital of Eritrea?,raw_question,4,2320.103759765625,10.293818473815918,0.18564333021640778
Eritrea,What is the capital of Eritrea?,raw_question,5,2713.236083984375,20.14632225036621,0.14380201697349548
Eritrea,What is the capital of Eritrea?,raw_question,6,3033.25048828125,8.161273956298828,0.15782800316810608
Eritrea,What is the capital of Eritrea?,raw_question,7,5018.0703125,16.614471435546875,0.1688336879014969
Eritrea,What is the capital of Eritrea?,raw_question,8,5980.55224609375,16.24863624572754,0.1732998639345169
Eritrea,What is the capital of Eritrea?,raw_question,9,5318.30810546875,11.971891403198242,0.1325787603855133
Eritrea,What is the capital of Eritrea?,raw_question,10,10457.7041015625,23.99690055847168,0.19348278641700745
Eritrea,What is the capital of Eritrea?,raw_question,11,10843.568359375,3.5277657508850098,0.17124521732330322
Eritrea,What is the capital of Eritrea?,raw_question,12,12759.5615234375,25.675512313842773,0.13100287318229675
Eritrea,What is the capital of Eritrea?,raw_question,13,16146.150390625,24.751955032348633,0.10713528841733932
Eritrea,What is the capital of Eritrea?,raw_question,14,17021.240234375,45.27458953857422,0.1082557961344719
Eritrea,What is the capital of Eritrea?,raw_question,15,18236.998046875,34.516639709472656,0.10250182449817657
Eritrea,What is the capital of Eritrea?,raw_question,16,24937.486328125,41.64361572265625,0.08947080373764038
Eritrea,What is the capital of Eritrea?,raw_question,17,161.18450927734375,11.273443222045898,0.11568360030651093
Eritrea,The capital of Eritrea is,declarative,0,130.39376831054688,159.9787139892578,0.21440979838371277
Eritrea,The capital of Eritrea is,declarative,1,866.6357421875,129.2542266845703,0.24241651594638824
Eritrea,The capital of Eritrea is,declarative,2,1218.158935546875,22.136886596679688,0.19014081358909607
Eritrea,The capital of Eritrea is,declarative,3,1638.4229736328125,14.651447296142578,0.21905195713043213
Eritrea,The capital of Eritrea is,declarative,4,2453.3447265625,10.471931457519531,0.18169860541820526
Eritrea,The capital of Eritrea is,declarative,5,2837.020263671875,20.325946807861328,0.14653143286705017
Eritrea,The capital of Eritrea is,declarative,6,3491.662109375,8.49580192565918,0.16411378979682922
Eritrea,The capital of Eritrea is,declarative,7,5582.84326171875,17.12997817993164,0.17087334394454956
Eritrea,The capital of Eritrea is,declarative,8,5411.65283203125,16.441059112548828,0.1745406538248062
Eritrea,The capital of Eritrea is,declarative,9,5609.568359375,14.776700019836426,0.13658255338668823
Eritrea,The capital of Eritrea is,declarative,10,8614.00390625,27.920812606811523,0.19692066311836243
Eritrea,The capital of Eritrea is,declarative,11,9851.1904296875,4.968156337738037,0.19668476283550262
Eritrea,The capital of Eritrea is,declarative,12,12671.0458984375,34.71863555908203,0.1629374921321869
Eritrea,The capital of Eritrea is,declarative,13,15527.1708984375,23.420589447021484,0.13225093483924866
Eritrea,The capital of Eritrea is,declarative,14,19493.5234375,52.24029541015625,0.1272520124912262
Eritrea,The capital of Eritrea is,declarative,15,21079.4453125,37.94788360595703,0.11069586127996445
Eritrea,The capital of Eritrea is,declarative,16,24430.5859375,36.926151275634766,0.11319532990455627
Eritrea,The capital of Eritrea is,declarative,17,262.869384765625,9.662413597106934,0.1399114727973938
Eritrea,"Q: What is the capital of Eritrea?
A:",qa,0,125.47761535644531,162.8868408203125,0.28510069847106934
Eritrea,"Q: What is the capital of Eritrea?
A:",qa,1,812.8219604492188,147.9254913330078,0.23761150240898132
Eritrea,"Q: What is the capital of Eritrea?
A:",qa,2,1007.1177978515625,21.2221736907959,0.17481887340545654
Eritrea,"Q: What is the capital of Eritrea?
A:",qa,3,1805.7320556640625,14.000223159790039,0.21983104944229126
Eritrea,"Q: What is the capital of Eritrea?
A:",qa,4,2111.01220703125,11.583736419677734,0.17592012882232666
Eritrea,"Q: What is the capital of Eritrea?
A:",qa,5,3457.3720703125,16.698711395263672,0.1529708206653595
Eritrea,"Q: What is the capital of Eritrea?
A:",qa,6,3532.99658203125,6.304408550262451,0.15317842364311218
Eritrea,"Q: What is the capital of Eritrea?
A:",qa,7,4834.3115234375,16.26548957824707,0.16095396876335144
Eritrea,"Q: What is the capital of Eritrea?
A:",qa,8,5434.7802734375,15.139120101928711,0.18906265497207642
Eritrea,"Q: What is the capital of Eritrea?
A:",qa,9,5224.16748046875,14.557337760925293,0.13548831641674042
Eritrea,"Q: What is the capital of Eritrea?
A:",qa,10,8358.29296875,30.2060489654541,0.18967527151107788
Eritrea,"Q: What is the capital of Eritrea?
A:",qa,11,8818.7529296875,5.181308746337891,0.1923697590827942
Eritrea,"Q: What is the capital of Eritrea?
A:",qa,12,12179.1708984375,34.45016098022461,0.15957432985305786
Eritrea,"Q: What is the capital of Eritrea?
A:",qa,13,14574.79296875,23.696651458740234,0.12101954221725464
Eritrea,"Q: What is the capital of Eritrea?
A:",qa,14,18453.900390625,46.39640426635742,0.12062468379735947
Eritrea,"Q: What is the capital of Eritrea?
A:",qa,15,19849.021484375,37.43193817138672,0.10385182499885559
Eritrea,"Q: What is the capital of Eritrea?
A:",qa,16,25160.83203125,35.460330963134766,0.0975562185049057
Eritrea,"Q: What is the capital of Eritrea?
A:",qa,17,193.6475067138672,13.576432228088379,0.12276309728622437
Eritrea,What is the capital of Eritrea? Answer with only the capital city.,chat_template,0,171.5155029296875,169.80221557617188,0.2018582820892334
Eritrea,What is the capital of Eritrea? Answer with only the capital city.,chat_template,1,784.6781005859375,127.92505645751953,0.17003187537193298
Eritrea,What is the capital of Eritrea? Answer with only the capital city.,chat_template,2,1047.6043701171875,23.482017517089844,0.15949124097824097
Eritrea,What is the capital of Eritrea? Answer with only the capital city.,chat_template,3,1385.251953125,13.601917266845703,0.1955466866493225
Eritrea,What is the capital of Eritrea? Answer with only the capital city.,chat_template,4,812.96826171875,12.21072006225586,0.19417953491210938
Eritrea,What is the capital of Eritrea? Answer with only the capital city.,chat_template,5,2379.96826171875,19.793933868408203,0.13931986689567566
Eritrea,What is the capital of Eritrea? Answer with only the capital city.,chat_template,6,3418.632080078125,6.7589921951293945,0.16392609477043152
Eritrea,What is the capital of Eritrea? Answer with only the capital city.,chat_template,7,4755.5087890625,15.76146125793457,0.16898317635059357
Eritrea,What is the capital of Eritrea? Answer with only the capital city.,chat_template,8,5252.3203125,18.216142654418945,0.20000296831130981
Eritrea,What is the capital of Eritrea? Answer with only the capital city.,chat_template,9,5477.60693359375,13.65920352935791,0.15040472149848938
Eritrea,What is the capital of Eritrea? Answer with only the capital city.,chat_template,10,9006.2822265625,26.74393081665039,0.22243350744247437
Eritrea,What is the capital of Eritrea? Answer with only the capital city.,chat_template,11,8932.888671875,3.949188470840454,0.20732665061950684
Eritrea,What is the capital of Eritrea? Answer with only the capital city.,chat_template,12,12608.3935546875,29.91879653930664,0.1636182963848114
Eritrea,What is the capital of Eritrea? Answer with only the capital city.,chat_template,13,15274.7626953125,22.06648826599121,0.13252581655979156
Eritrea,What is the capital of Eritrea? Answer with only the capital city.,chat_template,14,18971.73828125,47.18598556518555,0.1315779983997345
Eritrea,What is the capital of Eritrea? Answer with only the capital city.,chat_template,15,20259.693359375,36.7468147277832,0.11845099925994873
Eritrea,What is the capital of Eritrea? Answer with only the capital city.,chat_template,16,24454.2890625,31.052064895629883,0.1253020465373993
Eritrea,What is the capital of Eritrea? Answer with only the capital city.,chat_template,17,280.9582214355469,9.706354141235352,0.15534642338752747
Estonia,What is the capital of Estonia?,raw_question,0,154.96954345703125,192.5500030517578,0.25643911957740784
Estonia,What is the capital of Estonia?,raw_question,1,1075.0552978515625,108.79590606689453,0.1977720558643341
Estonia,What is the capital of Estonia?,raw_question,2,1309.0406494140625,16.07806968688965,0.16099198162555695
Estonia,What is the capital of Estonia?,raw_question,3,1596.89501953125,13.619880676269531,0.20180800557136536
Estonia,What is the capital of Estonia?,raw_question,4,2348.585205078125,9.793889999389648,0.18511146306991577
Estonia,What is the capital of Estonia?,raw_question,5,2705.2236328125,20.016508102416992,0.14373190701007843
Estonia,What is the capital of Estonia?,raw_question,6,3307.447998046875,8.49921703338623,0.15860974788665771
Estonia,What is the capital of Estonia?,raw_question,7,5079.47802734375,16.435556411743164,0.16580545902252197
Estonia,What is the capital of Estonia?,raw_question,8,5924.63427734375,16.199670791625977,0.16914816200733185
Estonia,What is the capital of Estonia?,raw_question,9,5349.26953125,12.027912139892578,0.13326311111450195
Estonia,What is the capital of Estonia?,raw_question,10,10519.3974609375,25.058109283447266,0.1972799301147461
Estonia,What is the capital of Estonia?,raw_question,11,10728.4208984375,3.4753870964050293,0.17022204399108887
Estonia,What is the capital of Estonia?,raw_question,12,13262.138671875,27.145784378051758,0.13079792261123657
Estonia,What is the capital of Estonia?,raw_question,13,16384.80078125,25.406517028808594,0.10826359689235687
Estonia,What is the capital of Estonia?,raw_question,14,17417.5703125,44.44160842895508,0.10921080410480499
Estonia,What is the capital of Estonia?,raw_question,15,18402.994140625,35.461708068847656,0.10115072131156921
Estonia,What is the capital of Estonia?,raw_question,16,24845.4375,39.79244613647461,0.09028776735067368
Estonia,What is the capital of Estonia?,raw_question,17,170.18186950683594,10.72546672821045,0.11722024530172348
Estonia,The capital of Estonia is,declarative,0,133.13197326660156,159.7288360595703,0.21286869049072266
Estonia,The capital of Estonia is,declarative,1,866.79541015625,131.7926025390625,0.24097204208374023
Estonia,The capital of Estonia is,declarative,2,1225.6339111328125,21.75284767150879,0.19059738516807556
Estonia,The capital of Estonia is,declarative,3,1615.288330078125,14.128933906555176,0.2181500643491745
Estonia,The capital of Estonia is,declarative,4,2414.83544921875,10.037254333496094,0.17907306551933289
Estonia,The capital of Estonia is,declarative,5,2826.203125,19.88633155822754,0.1464347541332245
Estonia,The capital of Estonia is,declarative,6,3649.92919921875,8.899371147155762,0.16466359794139862
Estonia,The capital of Estonia is,declarative,7,5759.6611328125,17.271230697631836,0.17262062430381775
Estonia,The capital of Estonia is,declarative,8,5471.92919921875,16.298389434814453,0.17260625958442688
Estonia,The capital of Estonia is,declarative,9,5610.08740234375,14.550891876220703,0.13873964548110962
Estonia,The capital of Estonia is,declarative,10,8610.509765625,28.56680679321289,0.19571152329444885
Estonia,The capital of Estonia is,declarative,11,9800.8505859375,4.860403060913086,0.19477829337120056
Estonia,The capital of Estonia is,declarative,12,12730.251953125,35.39864730834961,0.1613856554031372
Estonia,The capital of Estonia is,declarative,13,15844.375,24.62175941467285,0.1289789080619812
Estonia,The capital of Estonia is,declarative,14,19996.12109375,51.46046829223633,0.12286261469125748
Estonia,The capital of Estonia is,declarative,15,21030.609375,35.80393981933594,0.10229850560426712
Estonia,The capital of Estonia is,declarative,16,24770.3046875,39.48967742919922,0.1045609712600708
Estonia,The capital of Estonia is,declarative,17,251.3016815185547,9.685805320739746,0.1340479850769043
Estonia,"Q: What is the capital of Estonia?
A:",qa,0,125.86854553222656,161.51332092285156,0.2855694890022278
Estonia,"Q: What is the capital of Estonia?
A:",qa,1,812.0398559570312,149.1332244873047,0.23930217325687408
Estonia,"Q: What is the capital of Estonia?
A:",qa,2,1006.8558349609375,21.151620864868164,0.17574797570705414
Estonia,"Q: What is the capital of Estonia?
A:",qa,3,1841.1204833984375,14.101897239685059,0.22076988220214844
Estonia,"Q: What is the capital of Estonia?
A:",qa,4,2120.705322265625,11.464588165283203,0.17645706236362457
Estonia,"Q: What is the capital of Estonia?
A:",qa,5,3518.48291015625,16.563072204589844,0.15263307094573975
Estonia,"Q: What is the capital of Estonia?
A:",qa,6,3717.28955078125,6.244731903076172,0.15322817862033844
Estonia,"Q: What is the capital of Estonia?
A:",qa,7,4974.638671875,15.807408332824707,0.15990963578224182
Estonia,"Q: What is the capital of Estonia?
A:",qa,8,5544.22607421875,14.991284370422363,0.18746992945671082
Estonia,"Q: What is the capital of Estonia?
A:",qa,9,5277.912109375,14.691015243530273,0.13486476242542267
Estonia,"Q: What is the capital of Estonia?
A:",qa,10,8386.4189453125,30.6478328704834,0.19033074378967285
Estonia,"Q: What is the capital of Estonia?
A:",qa,11,8700.6806640625,5.075981616973877,0.18941792845726013
Estonia,"Q: What is the capital of Estonia?
A:",qa,12,12128.919921875,36.023475646972656,0.15829509496688843
Estonia,"Q: What is the capital of Estonia?
A:",qa,13,14752.0322265625,24.852615356445312,0.11706051230430603
Estonia,"Q: What is the capital of Estonia?
A:",qa,14,18634.3828125,46.652523040771484,0.11575311422348022
Estonia,"Q: What is the capital of Estonia?
A:",qa,15,19853.2109375,37.58985900878906,0.09491535276174545
Estonia,"Q: What is the capital of Estonia?
A:",qa,16,25521.197265625,37.39530563354492,0.09358937293291092
Estonia,"Q: What is the capital of Estonia?
A:",qa,17,197.00816345214844,12.186115264892578,0.1199900358915329
Estonia,What is the capital of Estonia? Answer with only the capital city.,chat_template,0,172.09918212890625,169.52134704589844,0.2015572190284729
Estonia,What is the capital of Estonia? Answer with only the capital city.,chat_template,1,783.6822509765625,129.0819091796875,0.1707029938697815
Estonia,What is the capital of Estonia? Answer with only the capital city.,chat_template,2,1043.2060546875,23.440593719482422,0.15988382697105408
Estonia,What is the capital of Estonia? Answer with only the capital city.,chat_template,3,1382.7109375,13.656006813049316,0.1955670565366745
Estonia,What is the capital of Estonia? Answer with only the capital city.,chat_template,4,794.7617797851562,12.184758186340332,0.1949167549610138
Estonia,What is the capital of Estonia? Answer with only the capital city.,chat_template,5,2382.918701171875,19.644742965698242,0.1395191252231598
Estonia,What is the capital of Estonia? Answer with only the capital city.,chat_template,6,3459.84716796875,6.805194854736328,0.16459596157073975
Estonia,What is the capital of Estonia? Answer with only the capital city.,chat_template,7,4721.81884765625,15.811515808105469,0.1700894832611084
Estonia,What is the capital of Estonia? Answer with only the capital city.,chat_template,8,5238.71630859375,18.70025062561035,0.19978347420692444
Estonia,What is the capital of Estonia? Answer with only the capital city.,chat_template,9,5530.36865234375,13.815657615661621,0.15099239349365234
Estonia,What is the capital of Estonia? Answer with only the capital city.,chat_template,10,8942.337890625,27.69480323791504,0.22274501621723175
Estonia,What is the capital of Estonia? Answer with only the capital city.,chat_template,11,8986.2041015625,3.8859658241271973,0.20289108157157898
Estonia,What is the capital of Estonia? Answer with only the capital city.,chat_template,12,12931.5146484375,31.38352394104004,0.15974685549736023
Estonia,What is the capital of Estonia? Answer with only the capital city.,chat_template,13,15616.1787109375,21.954797744750977,0.12496838718652725
Estonia,What is the capital of Estonia? Answer with only the capital city.,chat_template,14,19353.072265625,44.65105056762695,0.12413009256124496
Estonia,What is the capital of Estonia? Answer with only the capital city.,chat_template,15,19200.470703125,32.39707565307617,0.10694146901369095
Estonia,What is the capital of Estonia? Answer with only the capital city.,chat_template,16,24184.44921875,32.95457458496094,0.1207134798169136
Estonia,What is the capital of Estonia? Answer with only the capital city.,chat_template,17,322.5376892089844,9.097640991210938,0.15246053040027618
Eswatini,What is the capital of Eswatini?,raw_question,0,151.3067169189453,184.7420654296875,0.25128838419914246
Eswatini,What is the capital of Eswatini?,raw_question,1,1052.0328369140625,106.95911407470703,0.19928687810897827
Eswatini,What is the capital of Eswatini?,raw_question,2,1255.00537109375,16.2642879486084,0.16402551531791687
Eswatini,What is the capital of Eswatini?,raw_question,3,1684.6275634765625,13.774646759033203,0.204700767993927
Eswatini,What is the capital of Eswatini?,raw_question,4,2258.75390625,10.490862846374512,0.18254047632217407
Eswatini,What is the capital of Eswatini?,raw_question,5,2598.880615234375,19.76728630065918,0.14557141065597534
Eswatini,What is the capital of Eswatini?,raw_question,6,3101.080078125,7.653961181640625,0.15788549184799194
Eswatini,What is the capital of Eswatini?,raw_question,7,5027.07275390625,17.258068084716797,0.16577188670635223
Eswatini,What is the capital of Eswatini?,raw_question,8,5871.91650390625,15.966992378234863,0.17046749591827393
Eswatini,What is the capital of Eswatini?,raw_question,9,5352.3232421875,12.984292984008789,0.13167178630828857
Eswatini,What is the capital of Eswatini?,raw_question,10,10044.4384765625,26.564437866210938,0.19566155970096588
Eswatini,What is the capital of Eswatini?,raw_question,11,10184.560546875,3.539318799972534,0.172138974070549
Eswatini,What is the capital of Eswatini?,raw_question,12,12336.703125,27.23406219482422,0.13390806317329407
Eswatini,What is the capital of Eswatini?,raw_question,13,15968.2548828125,25.46710777282715,0.10814356803894043
Eswatini,What is the capital of Eswatini?,raw_question,14,16961.44140625,44.21172332763672,0.10967127233743668
Eswatini,What is the capital of Eswatini?,raw_question,15,18147.974609375,32.93012619018555,0.10199438035488129
Eswatini,What is the capital of Eswatini?,raw_question,16,24481.353515625,39.47576904296875,0.08934445679187775
Eswatini,What is the capital of Eswatini?,raw_question,17,156.93972778320312,10.495475769042969,0.12098410725593567
Eswatini,The capital of Eswatini is,declarative,0,130.97512817382812,157.2950897216797,0.21503442525863647
Eswatini,The capital of Eswatini is,declarative,1,860.610107421875,123.64358520507812,0.2428094744682312
Eswatini,The capital of Eswatini is,declarative,2,1173.783935546875,22.94225311279297,0.1955871880054474
Eswatini,The capital of Eswatini is,declarative,3,1681.8560791015625,14.133007049560547,0.23129624128341675
Eswatini,The capital of Eswatini is,declarative,4,2339.805908203125,10.306078910827637,0.17952775955200195
Eswatini,The capital of Eswatini is,declarative,5,2712.686279296875,19.72573471069336,0.1485728621482849
Eswatini,The capital of Eswatini is,declarative,6,3294.866455078125,7.730403423309326,0.16337183117866516
Eswatini,The capital of Eswatini is,declarative,7,5372.17822265625,19.076156616210938,0.16994819045066833
Eswatini,The capital of Eswatini is,declarative,8,5272.6376953125,16.362239837646484,0.17270098626613617
Eswatini,The capital of Eswatini is,declarative,9,5472.138671875,14.9722900390625,0.13668903708457947
Eswatini,The capital of Eswatini is,declarative,10,8211.86328125,30.17534065246582,0.19916018843650818
Eswatini,The capital of Eswatini is,declarative,11,9578.87109375,4.984005928039551,0.19826285541057587
Eswatini,The capital of Eswatini is,declarative,12,12107.8642578125,34.298545837402344,0.15724791586399078
Eswatini,The capital of Eswatini is,declarative,13,15494.51953125,24.757827758789062,0.12659282982349396
Eswatini,The capital of Eswatini is,declarative,14,18886.427734375,51.38981628417969,0.1214979737997055
Eswatini,The capital of Eswatini is,declarative,15,20630.994140625,38.875648498535156,0.10318748652935028
Eswatini,The capital of Eswatini is,declarative,16,25126.142578125,38.148292541503906,0.09697996824979782
Eswatini,The capital of Eswatini is,declarative,17,220.15467834472656,10.528470993041992,0.12439960986375809
Eswatini,"Q: What is the capital of Eswatini?
A:",qa,0,125.84219360351562,162.34242248535156,0.2819613516330719
Eswatini,"Q: What is the capital of Eswatini?
A:",qa,1,809.4397583007812,148.38113403320312,0.23935413360595703
Eswatini,"Q: What is the capital of Eswatini?
A:",qa,2,1025.20751953125,20.842212677001953,0.17376212775707245
Eswatini,"Q: What is the capital of Eswatini?
A:",qa,3,1835.1673583984375,14.071401596069336,0.21837103366851807
Eswatini,"Q: What is the capital of Eswatini?
A:",qa,4,2189.248046875,11.090474128723145,0.17374323308467865
Eswatini,"Q: What is the capital of Eswatini?
A:",qa,5,3506.986083984375,16.742477416992188,0.15291093289852142
Eswatini,"Q: What is the capital of Eswatini?
A:",qa,6,3716.3291015625,6.472205638885498,0.15384218096733093
Eswatini,"Q: What is the capital of Eswatini?
A:",qa,7,4961.140625,16.299612045288086,0.16094505786895752
Eswatini,"Q: What is the capital of Eswatini?
A:",qa,8,5640.9892578125,14.958457946777344,0.1884438693523407
Eswatini,"Q: What is the capital of Eswatini?
A:",qa,9,5376.74267578125,14.696520805358887,0.13493937253952026
Eswatini,"Q: What is the capital of Eswatini?
A:",qa,10,8388.248046875,30.236989974975586,0.18736472725868225
Eswatini,"Q: What is the capital of Eswatini?
A:",qa,11,8829.4453125,5.189482688903809,0.19167682528495789
Eswatini,"Q: What is the capital of Eswatini?
A:",qa,12,11681.1884765625,34.483341217041016,0.15358605980873108
Eswatini,"Q: What is the capital of Eswatini?
A:",qa,13,14588.404296875,24.83399200439453,0.11931411921977997
Eswatini,"Q: What is the capital of Eswatini?
A:",qa,14,18262.298828125,46.15264892578125,0.11866205930709839
Eswatini,"Q: What is the capital of Eswatini?
A:",qa,15,20136.775390625,37.340797424316406,0.09866050630807877
Eswatini,"Q: What is the capital of Eswatini?
A:",qa,16,25868.86328125,36.68916320800781,0.08941560238599777
Eswatini,"Q: What is the capital of Eswatini?
A:",qa,17,183.52955627441406,11.269760131835938,0.11558017134666443
Eswatini,What is the capital of Eswatini? Answer with only the capital city.,chat_template,0,172.0586395263672,167.41064453125,0.20040445029735565
Eswatini,What is the capital of Eswatini? Answer with only the capital city.,chat_template,1,786.9025268554688,129.12081909179688,0.17017194628715515
Eswatini,What is the capital of Eswatini? Answer with only the capital city.,chat_template,2,1046.7767333984375,23.579788208007812,0.15937958657741547
Eswatini,What is the capital of Eswatini? Answer with only the capital city.,chat_template,3,1382.6614990234375,13.621788024902344,0.19612450897693634
Eswatini,What is the capital of Eswatini? Answer with only the capital city.,chat_template,4,795.3778076171875,12.322028160095215,0.19588886201381683
Eswatini,What is the capital of Eswatini? Answer with only the capital city.,chat_template,5,2381.07275390625,19.529247283935547,0.13915285468101501
Eswatini,What is the capital of Eswatini? Answer with only the capital city.,chat_template,6,3395.726806640625,6.742435455322266,0.16442584991455078
Eswatini,What is the capital of Eswatini? Answer with only the capital city.,chat_template,7,4816.63232421875,16.199512481689453,0.16929315030574799
Eswatini,What is the capital of Eswatini? Answer with only the capital city.,chat_template,8,5304.08740234375,18.31388282775879,0.19805264472961426
Eswatini,What is the capital of Eswatini? Answer with only the capital city.,chat_template,9,5503.115234375,13.878911972045898,0.14914914965629578
Eswatini,What is the capital of Eswatini? Answer with only the capital city.,chat_template,10,8937.5126953125,27.261138916015625,0.21745434403419495
Eswatini,What is the capital of Eswatini? Answer with only the capital city.,chat_template,11,8943.537109375,3.951975107192993,0.2029435634613037
Eswatini,What is the capital of Eswatini? Answer with only the capital city.,chat_template,12,11930.2890625,35.868812561035156,0.15456600487232208
Eswatini,What is the capital of Eswatini? Answer with only the capital city.,chat_template,13,15044.619140625,22.305984497070312,0.1263771504163742
Eswatini,What is the capital of Eswatini? Answer with only the capital city.,chat_template,14,18525.134765625,47.31875228881836,0.12940481305122375
Eswatini,What is the capital of Eswatini? Answer with only the capital city.,chat_template,15,20121.716796875,32.33750915527344,0.11252929270267487
Eswatini,What is the capital of Eswatini? Answer with only the capital city.,chat_template,16,25696.568359375,32.50352096557617,0.11244507133960724
Eswatini,What is the capital of Eswatini? Answer with only the capital city.,chat_template,17,262.1993713378906,11.247697830200195,0.13879534602165222
Ethiopia,What is the capital of Ethiopia?,raw_question,0,155.00546264648438,192.17640686035156,0.25788137316703796
Ethiopia,What is the capital of Ethiopia?,raw_question,1,1071.2294921875,107.52668762207031,0.19707706570625305
Ethiopia,What is the capital of Ethiopia?,raw_question,2,1316.2628173828125,16.6823673248291,0.16113248467445374
Ethiopia,What is the capital of Ethiopia?,raw_question,3,1600.129150390625,13.522710800170898,0.20051628351211548
Ethiopia,What is the capital of Ethiopia?,raw_question,4,2302.35400390625,10.10968017578125,0.18821121752262115
Ethiopia,What is the capital of Ethiopia?,raw_question,5,2715.26953125,20.211471557617188,0.14330154657363892
Ethiopia,What is the capital of Ethiopia?,raw_question,6,3204.718994140625,8.304487228393555,0.1593627631664276
Ethiopia,What is the capital of Ethiopia?,raw_question,7,4991.94775390625,16.89742660522461,0.1673656404018402
Ethiopia,What is the capital of Ethiopia?,raw_question,8,5896.69580078125,16.36517333984375,0.17208167910575867
Ethiopia,What is the capital of Ethiopia?,raw_question,9,5324.56591796875,12.023415565490723,0.13190987706184387
Ethiopia,What is the capital of Ethiopia?,raw_question,10,10584.8388671875,24.94114875793457,0.19537131488323212
Ethiopia,What is the capital of Ethiopia?,raw_question,11,10924.9580078125,3.4842305183410645,0.16986525058746338
Ethiopia,What is the capital of Ethiopia?,raw_question,12,12792.84765625,27.96599006652832,0.12891733646392822
Ethiopia,What is the capital of Ethiopia?,raw_question,13,16121.849609375,26.652881622314453,0.10771851241588593
Ethiopia,What is the capital of Ethiopia?,raw_question,14,17103.73828125,46.871517181396484,0.10787264257669449
Ethiopia,What is the capital of Ethiopia?,raw_question,15,18030.5390625,33.79330825805664,0.1034536212682724
Ethiopia,What is the capital of Ethiopia?,raw_question,16,24642.962890625,39.529972076416016,0.09135746955871582
Ethiopia,What is the capital of Ethiopia?,raw_question,17,162.87440490722656,11.162556648254395,0.11946292966604233
Ethiopia,The capital of Ethiopia is,declarative,0,130.75320434570312,160.84609985351562,0.21391373872756958
Ethiopia,The capital of Ethiopia is,declarative,1,859.5670166015625,129.7915802001953,0.24157065153121948
Ethiopia,The capital of Ethiopia is,declarative,2,1225.6124267578125,23.00245475769043,0.19074591994285583
Ethiopia,The capital of Ethiopia is,declarative,3,1624.5533447265625,14.068416595458984,0.2188532054424286
Ethiopia,The capital of Ethiopia is,declarative,4,2417.766357421875,10.30524730682373,0.1831287443637848
Ethiopia,The capital of Ethiopia is,declarative,5,2814.92041015625,20.392406463623047,0.14597414433956146
Ethiopia,The capital of Ethiopia is,declarative,6,3562.81396484375,8.351733207702637,0.16519653797149658
Ethiopia,The capital of Ethiopia is,declarative,7,5518.8564453125,17.451059341430664,0.17055878043174744
Ethiopia,The capital of Ethiopia is,declarative,8,5381.7763671875,16.761585235595703,0.17430077493190765
Ethiopia,The capital of Ethiopia is,declarative,9,5518.9541015625,14.846494674682617,0.13655827939510345
Ethiopia,The capital of Ethiopia is,declarative,10,8552.775390625,28.47454071044922,0.19800899922847748
Ethiopia,The capital of Ethiopia is,declarative,11,9678.8447265625,4.829240322113037,0.19670815765857697
Ethiopia,The capital of Ethiopia is,declarative,12,12329.2412109375,36.761741638183594,0.1610059291124344
Ethiopia,The capital of Ethiopia is,declarative,13,15425.001953125,24.42808723449707,0.13031409680843353
Ethiopia,The capital of Ethiopia is,declarative,14,19270.365234375,53.185150146484375,0.12283455580472946
Ethiopia,The capital of Ethiopia is,declarative,15,20916.904296875,37.44542694091797,0.10712511837482452
Ethiopia,The capital of Ethiopia is,declarative,16,23588.498046875,37.39765548706055,0.1094043105840683
Ethiopia,The capital of Ethiopia is,declarative,17,277.26885986328125,10.25284194946289,0.14026814699172974
Ethiopia,"Q: What is the capital of Ethiopia?
A:",qa,0,126.59339904785156,161.673095703125,0.2861366271972656
Ethiopia,"Q: What is the capital of Ethiopia?
A:",qa,1,808.3079833984375,151.76104736328125,0.23639218509197235
Ethiopia,"Q: What is the capital of Ethiopia?
A:",qa,2,1002.7850952148438,21.18726921081543,0.1733267605304718
Ethiopia,"Q: What is the capital of Ethiopia?
A:",qa,3,1781.1983642578125,14.010823249816895,0.21853408217430115
Ethiopia,"Q: What is the capital of Ethiopia?
A:",qa,4,2110.80078125,11.681015014648438,0.1765543520450592
Ethiopia,"Q: What is the capital of Ethiopia?
A:",qa,5,3497.844970703125,16.7423095703125,0.15250590443611145
Ethiopia,"Q: What is the capital of Ethiopia?
A:",qa,6,3672.508544921875,6.268705368041992,0.15309664607048035
Ethiopia,"Q: What is the capital of Ethiopia?
A:",qa,7,4920.8037109375,16.312057495117188,0.16059108078479767
Ethiopia,"Q: What is the capital of Ethiopia?
A:",qa,8,5464.83251953125,15.02161693572998,0.18802887201309204
Ethiopia,"Q: What is the capital of Ethiopia?
A:",qa,9,5254.35986328125,14.70432186126709,0.13528622686862946
Ethiopia,"Q: What is the capital of Ethiopia?
A:",qa,10,8361.7841796875,30.505474090576172,0.19026899337768555
Ethiopia,"Q: What is the capital of Ethiopia?
A:",qa,11,8835.2607421875,5.030888080596924,0.19289140403270721
Ethiopia,"Q: What is the capital of Ethiopia?
A:",qa,12,12384.4111328125,35.48990249633789,0.15767040848731995
Ethiopia,"Q: What is the capital of Ethiopia?
A:",qa,13,14857.1494140625,25.599746704101562,0.12120181322097778
Ethiopia,"Q: What is the capital of Ethiopia?
A:",qa,14,19013.947265625,49.16896057128906,0.11841657012701035
Ethiopia,"Q: What is the capital of Ethiopia?
A:",qa,15,20441.953125,38.46772766113281,0.10195741057395935
Ethiopia,"Q: What is the capital of Ethiopia?
A:",qa,16,25316.533203125,35.94055938720703,0.09882800281047821
Ethiopia,"Q: What is the capital of Ethiopia?
A:",qa,17,209.66355895996094,13.265348434448242,0.1254117488861084
Ethiopia,What is the capital of Ethiopia? Answer with only the capital city.,chat_template,0,172.1917724609375,169.3993377685547,0.20189040899276733
Ethiopia,What is the capital of Ethiopia? Answer with only the capital city.,chat_template,1,787.0835571289062,128.50546264648438,0.16987770795822144
Ethiopia,What is the capital of Ethiopia? Answer with only the capital city.,chat_template,2,1043.203125,23.686477661132812,0.1602937877178192
Ethiopia,What is the capital of Ethiopia? Answer with only the capital city.,chat_template,3,1378.465576171875,13.630477905273438,0.19527550041675568
Ethiopia,What is the capital of Ethiopia? Answer with only the capital city.,chat_template,4,784.1564331054688,12.293686866760254,0.1955970972776413
Ethiopia,What is the capital of Ethiopia? Answer with only the capital city.,chat_template,5,2384.365234375,19.878368377685547,0.1394939124584198
Ethiopia,What is the capital of Ethiopia? Answer with only the capital city.,chat_template,6,3444.142333984375,6.749075412750244,0.16446003317832947
Ethiopia,What is the capital of Ethiopia? Answer with only the capital city.,chat_template,7,4734.1708984375,15.81183910369873,0.17060250043869019
Ethiopia,What is the capital of Ethiopia? Answer with only the capital city.,chat_template,8,5251.94580078125,18.557039260864258,0.20052538812160492
Ethiopia,What is the capital of Ethiopia? Answer with only the capital city.,chat_template,9,5450.0537109375,14.03342342376709,0.15057356655597687
Ethiopia,What is the capital of Ethiopia? Answer with only the capital city.,chat_template,10,8947.9765625,27.03592872619629,0.22279426455497742
Ethiopia,What is the capital of Ethiopia? Answer with only the capital city.,chat_template,11,9264.0078125,3.7876596450805664,0.2055964469909668
Ethiopia,What is the capital of Ethiopia? Answer with only the capital city.,chat_template,12,13086.0078125,29.19945526123047,0.15932026505470276
Ethiopia,What is the capital of Ethiopia? Answer with only the capital city.,chat_template,13,15793.01171875,22.326946258544922,0.13096442818641663
Ethiopia,What is the capital of Ethiopia? Answer with only the capital city.,chat_template,14,19860.15234375,47.55956268310547,0.12581917643547058
Ethiopia,What is the capital of Ethiopia? Answer with only the capital city.,chat_template,15,21189.58984375,36.50861358642578,0.11310036480426788
Ethiopia,What is the capital of Ethiopia? Answer with only the capital city.,chat_template,16,24313.10546875,31.297290802001953,0.1180463433265686
Ethiopia,What is the capital of Ethiopia? Answer with only the capital city.,chat_template,17,285.0268859863281,9.759681701660156,0.15587517619132996
Fiji,What is the capital of Fiji?,raw_question,0,153.3515167236328,194.14927673339844,0.25324544310569763
Fiji,What is the capital of Fiji?,raw_question,1,1067.6312255859375,105.24470520019531,0.19750601053237915
Fiji,What is the capital of Fiji?,raw_question,2,1293.69921875,16.28273582458496,0.16132700443267822
Fiji,What is the capital of Fiji?,raw_question,3,1574.493408203125,13.850739479064941,0.2001596987247467
Fiji,What is the capital of Fiji?,raw_question,4,2348.40771484375,9.982526779174805,0.18648496270179749
Fiji,What is the capital of Fiji?,raw_question,5,2701.783203125,19.913637161254883,0.14417430758476257
Fiji,What is the capital of Fiji?,raw_question,6,3242.863037109375,8.41100025177002,0.15777342021465302
Fiji,What is the capital of Fiji?,raw_question,7,4993.8212890625,16.897130966186523,0.16575899720191956
Fiji,What is the capital of Fiji?,raw_question,8,5833.1103515625,16.23412322998047,0.17019948363304138
Fiji,What is the capital of Fiji?,raw_question,9,5314.30078125,12.112013816833496,0.13238629698753357
Fiji,What is the capital of Fiji?,raw_question,10,10451.85546875,24.395429611206055,0.1950933039188385
Fiji,What is the capital of Fiji?,raw_question,11,10816.201171875,3.516225576400757,0.17142601311206818
Fiji,What is the capital of Fiji?,raw_question,12,12950.4990234375,27.13043975830078,0.12996256351470947
Fiji,What is the capital of Fiji?,raw_question,13,16277.0400390625,26.55420684814453,0.10853579640388489
Fiji,What is the capital of Fiji?,raw_question,14,17517.064453125,45.442039489746094,0.11001196503639221
Fiji,What is the capital of Fiji?,raw_question,15,18626.396484375,34.27005386352539,0.10151231288909912
Fiji,What is the capital of Fiji?,raw_question,16,25322.3515625,39.104557037353516,0.0904637947678566
Fiji,What is the capital of Fiji?,raw_question,17,161.3129425048828,10.416458129882812,0.11805465817451477
Fiji,The capital of Fiji is,declarative,0,132.45425415039062,159.8007354736328,0.2135888785123825
Fiji,The capital of Fiji is,declarative,1,863.9437255859375,127.09819030761719,0.2390907108783722
Fiji,The capital of Fiji is,declarative,2,1211.173583984375,22.268159866333008,0.19054153561592102
Fiji,The capital of Fiji is,declarative,3,1620.534423828125,14.181747436523438,0.21989934146404266
Fiji,The capital of Fiji is,declarative,4,2385.072265625,10.209815979003906,0.18011441826820374
Fiji,The capital of Fiji is,declarative,5,2800.429931640625,19.977237701416016,0.14651501178741455
Fiji,The capital of Fiji is,declarative,6,3583.5615234375,8.735015869140625,0.16498538851737976
Fiji,The capital of Fiji is,declarative,7,5639.28662109375,17.743993759155273,0.17138129472732544
Fiji,The capital of Fiji is,declarative,8,5379.12158203125,16.473169326782227,0.17236804962158203
Fiji,The capital of Fiji is,declarative,9,5604.42822265625,14.567784309387207,0.13762491941452026
Fiji,The capital of Fiji is,declarative,10,8550.7734375,28.161651611328125,0.1957215964794159
Fiji,The capital of Fiji is,declarative,11,9888.0029296875,4.937623977661133,0.19657064974308014
Fiji,The capital of Fiji is,declarative,12,12586.650390625,37.40955352783203,0.1605396270751953
Fiji,The capital of Fiji is,declarative,13,15971.9716796875,24.712018966674805,0.13042573630809784
Fiji,The capital of Fiji is,declarative,14,19841.62890625,50.64483642578125,0.12248030304908752
Fiji,The capital of Fiji is,declarative,15,21094.28515625,35.35590362548828,0.10684870183467865
Fiji,The capital of Fiji is,declarative,16,25723.0390625,38.43125534057617,0.10528811812400818
Fiji,The capital of Fiji is,declarative,17,238.91497802734375,8.939817428588867,0.1331818550825119
Fiji,"Q: What is the capital of Fiji?
A:",qa,0,125.11847686767578,163.5254364013672,0.28394874930381775
Fiji,"Q: What is the capital of Fiji?
A:",qa,1,812.0308227539062,145.61956787109375,0.23865219950675964
Fiji,"Q: What is the capital of Fiji?
A:",qa,2,999.2714233398438,21.315868377685547,0.17519250512123108
Fiji,"Q: What is the capital of Fiji?
A:",qa,3,1811.9139404296875,14.063876152038574,0.22031377255916595
Fiji,"Q: What is the capital of Fiji?
A:",qa,4,2124.68603515625,11.502394676208496,0.1765405237674713
Fiji,"Q: What is the capital of Fiji?
A:",qa,5,3488.926025390625,16.670352935791016,0.15269725024700165
Fiji,"Q: What is the capital of Fiji?
A:",qa,6,3686.815673828125,6.207657337188721,0.15246200561523438
Fiji,"Q: What is the capital of Fiji?
A:",qa,7,4975.833984375,16.149906158447266,0.1604495793581009
Fiji,"Q: What is the capital of Fiji?
A:",qa,8,5491.63525390625,14.956748962402344,0.1898106187582016
Fiji,"Q: What is the capital of Fiji?
A:",qa,9,5260.984375,14.706820487976074,0.1355774700641632
Fiji,"Q: What is the capital of Fiji?
A:",qa,10,8323.6943359375,30.70384407043457,0.1903381198644638
Fiji,"Q: What is the capital of Fiji?
A:",qa,11,8869.58984375,5.170531749725342,0.19237202405929565
Fiji,"Q: What is the capital of Fiji?
A:",qa,12,12311.541015625,35.0594367980957,0.15323704481124878
Fiji,"Q: What is the capital of Fiji?
A:",qa,13,15158.4541015625,25.169424057006836,0.11800619959831238
Fiji,"Q: What is the capital of Fiji?
A:",qa,14,18825.33203125,46.570152282714844,0.11434990167617798
Fiji,"Q: What is the capital of Fiji?
A:",qa,15,20189.09765625,36.74281692504883,0.10062173008918762
Fiji,"Q: What is the capital of Fiji?
A:",qa,16,26385.9765625,35.68110656738281,0.09294275939464569
Fiji,"Q: What is the capital of Fiji?
A:",qa,17,183.8612823486328,10.922515869140625,0.12052039057016373
Fiji,What is the capital of Fiji? Answer with only the capital city.,chat_template,0,172.3018798828125,169.4624481201172,0.20189663767814636
Fiji,What is the capital of Fiji? Answer with only the capital city.,chat_template,1,783.7243041992188,127.89656066894531,0.1710638850927353
Fiji,What is the capital of Fiji? Answer with only the capital city.,chat_template,2,1039.5953369140625,23.45172691345215,0.1606759876012802
Fiji,What is the capital of Fiji? Answer with only the capital city.,chat_template,3,1383.1917724609375,13.639829635620117,0.19594447314739227
Fiji,What is the capital of Fiji? Answer with only the capital city.,chat_template,4,792.6836547851562,12.279900550842285,0.19599813222885132
Fiji,What is the capital of Fiji? Answer with only the capital city.,chat_template,5,2378.134521484375,19.776206970214844,0.13931748270988464
Fiji,What is the capital of Fiji? Answer with only the capital city.,chat_template,6,3447.716064453125,6.797440052032471,0.16433396935462952
Fiji,What is the capital of Fiji? Answer with only the capital city.,chat_template,7,4754.63330078125,15.937887191772461,0.17026428878307343
Fiji,What is the capital of Fiji? Answer with only the capital city.,chat_template,8,5273.30615234375,18.780025482177734,0.1994447410106659
Fiji,What is the capital of Fiji? Answer with only the capital city.,chat_template,9,5444.0146484375,14.023895263671875,0.14967979490756989
Fiji,What is the capital of Fiji? Answer with only the capital city.,chat_template,10,8879.7861328125,27.76938819885254,0.22302693128585815
Fiji,What is the capital of Fiji? Answer with only the capital city.,chat_template,11,9076.85546875,3.9791810512542725,0.20615249872207642
Fiji,What is the capital of Fiji? Answer with only the capital city.,chat_template,12,13286.75390625,30.558046340942383,0.15733195841312408
Fiji,What is the capital of Fiji? Answer with only the capital city.,chat_template,13,16312.2705078125,22.45927619934082,0.12661245465278625
Fiji,What is the capital of Fiji? Answer with only the capital city.,chat_template,14,19417.19921875,45.40886306762695,0.12291093170642853
Fiji,What is the capital of Fiji? Answer with only the capital city.,chat_template,15,19858.740234375,32.721378326416016,0.11634516716003418
Fiji,What is the capital of Fiji? Answer with only the capital city.,chat_template,16,25246.8359375,30.109479904174805,0.11863358318805695
Fiji,What is the capital of Fiji? Answer with only the capital city.,chat_template,17,288.8357238769531,8.706157684326172,0.15103121101856232
Finland,What is the capital of Finland?,raw_question,0,155.11180114746094,191.63543701171875,0.25665146112442017
Finland,What is the capital of Finland?,raw_question,1,1066.936279296875,106.83463287353516,0.1972273588180542
Finland,What is the capital of Finland?,raw_question,2,1300.7615966796875,16.320133209228516,0.16137558221817017
Finland,What is the capital of Finland?,raw_question,3,1609.348876953125,13.55573844909668,0.20196044445037842
Finland,What is the capital of Finland?,raw_question,4,2348.203369140625,10.041985511779785,0.18514372408390045
Finland,What is the capital of Finland?,raw_question,5,2712.009521484375,20.094013214111328,0.14360544085502625
Finland,What is the capital of Finland?,raw_question,6,3295.506591796875,8.201103210449219,0.15863022208213806
Finland,What is the capital of Finland?,raw_question,7,5020.43505859375,16.555763244628906,0.1654149293899536
Finland,What is the capital of Finland?,raw_question,8,5862.69287109375,16.237138748168945,0.1698664128780365
Finland,What is the capital of Finland?,raw_question,9,5231.64599609375,12.190948486328125,0.13337412476539612
Finland,What is the capital of Finland?,raw_question,10,10393.4775390625,25.15673065185547,0.1993967592716217
Finland,What is the capital of Finland?,raw_question,11,10838.2353515625,3.5273354053497314,0.17275546491146088
Finland,What is the capital of Finland?,raw_question,12,13224.509765625,28.17424774169922,0.12811458110809326
Finland,What is the capital of Finland?,raw_question,13,16365.2685546875,26.18873405456543,0.10812877863645554
Finland,What is the capital of Finland?,raw_question,14,17607.021484375,44.53731155395508,0.10877882689237595
Finland,What is the capital of Finland?,raw_question,15,18643.71484375,34.95050811767578,0.0997169017791748
Finland,What is the capital of Finland?,raw_question,16,25355.05078125,39.17348861694336,0.08996424823999405
Finland,What is the capital of Finland?,raw_question,17,167.99990844726562,11.02315902709961,0.11659376323223114
Finland,The capital of Finland is,declarative,0,132.25,156.9530487060547,0.21449409425258636
Finland,The capital of Finland is,declarative,1,864.093505859375,130.2434844970703,0.2403346300125122
Finland,The capital of Finland is,declarative,2,1233.556640625,22.322736740112305,0.19187778234481812
Finland,The capital of Finland is,declarative,3,1624.9007568359375,13.969554901123047,0.2181188017129898
Finland,The capital of Finland is,declarative,4,2375.556640625,10.216063499450684,0.18029984831809998
Finland,The capital of Finland is,declarative,5,2794.8359375,19.905948638916016,0.14624875783920288
Finland,The capital of Finland is,declarative,6,3652.748291015625,8.482808113098145,0.1647551953792572
Finland,The capital of Finland is,declarative,7,5705.93359375,17.380504608154297,0.17246469855308533
Finland,The capital of Finland is,declarative,8,5480.38818359375,16.300676345825195,0.1718413531780243
Finland,The capital of Finland is,declarative,9,5582.5693359375,14.646808624267578,0.136583149433136
Finland,The capital of Finland is,declarative,10,8499.2138671875,28.846107482910156,0.1946156919002533
Finland,The capital of Finland is,declarative,11,9971.7490234375,4.8647966384887695,0.19562461972236633
Finland,The capital of Finland is,declarative,12,12682.7021484375,39.99788284301758,0.16044822335243225
Finland,The capital of Finland is,declarative,13,15536.5556640625,25.609560012817383,0.1270284652709961
Finland,The capital of Finland is,declarative,14,19639.07421875,50.88076400756836,0.11980803310871124
Finland,The capital of Finland is,declarative,15,21172.142578125,35.473106384277344,0.10262761265039444
Finland,The capital of Finland is,declarative,16,24619.67578125,40.846099853515625,0.10333732515573502
Finland,The capital of Finland is,declarative,17,268.1964416503906,9.706866264343262,0.13252007961273193
Finland,"Q: What is the capital of Finland?
A:",qa,0,125.57713317871094,161.4318084716797,0.2819579243659973
Finland,"Q: What is the capital of Finland?
A:",qa,1,808.5236206054688,149.56666564941406,0.2364051640033722
Finland,"Q: What is the capital of Finland?
A:",qa,2,1006.6847534179688,21.214340209960938,0.17511309683322906
Finland,"Q: What is the capital of Finland?
A:",qa,3,1805.4644775390625,13.951398849487305,0.21876156330108643
Finland,"Q: What is the capital of Finland?
A:",qa,4,2129.496826171875,11.448533058166504,0.17568477988243103
Finland,"Q: What is the capital of Finland?
A:",qa,5,3491.84375,16.709386825561523,0.15311898291110992
Finland,"Q: What is the capital of Finland?
A:",qa,6,3693.297119140625,6.1819915771484375,0.15327635407447815
Finland,"Q: What is the capital of Finland?
A:",qa,7,5007.98974609375,15.94253158569336,0.16160137951374054
Finland,"Q: What is the capital of Finland?
A:",qa,8,5493.86376953125,14.99205493927002,0.18883921205997467
Finland,"Q: What is the capital of Finland?
A:",qa,9,5224.4755859375,14.788613319396973,0.13643494248390198
Finland,"Q: What is the capital of Finland?
A:",qa,10,8300.1650390625,31.032764434814453,0.19143393635749817
Finland,"Q: What is the capital of Finland?
A:",qa,11,8879.580078125,5.146389484405518,0.19112324714660645
Finland,"Q: What is the capital of Finland?
A:",qa,12,12249.294921875,37.94477462768555,0.15429583191871643
Finland,"Q: What is the capital of Finland?
A:",qa,13,14572.2255859375,25.96196174621582,0.1146206483244896
Finland,"Q: What is the capital of Finland?
A:",qa,14,18504.236328125,46.03247833251953,0.11329253762960434
Finland,"Q: What is the capital of Finland?
A:",qa,15,19743.466796875,36.851741790771484,0.09389540553092957
Finland,"Q: What is the capital of Finland?
A:",qa,16,25826.18359375,38.369510650634766,0.09182047098875046
Finland,"Q: What is the capital of Finland?
A:",qa,17,194.98193359375,12.19318962097168,0.11690185964107513
Finland,What is the capital of Finland? Answer with only the capital city.,chat_template,0,172.1260223388672,169.5487060546875,0.2015182077884674
Finland,What is the capital of Finland? Answer with only the capital city.,chat_template,1,787.2008056640625,129.86866760253906,0.16985240578651428
Finland,What is the capital of Finland? Answer with only the capital city.,chat_template,2,1043.209228515625,23.450000762939453,0.15882499516010284
Finland,What is the capital of Finland? Answer with only the capital city.,chat_template,3,1384.2923583984375,13.649616241455078,0.19598247110843658
Finland,What is the capital of Finland? Answer with only the capital city.,chat_template,4,792.7167358398438,12.335399627685547,0.19575875997543335
Finland,What is the capital of Finland? Answer with only the capital city.,chat_template,5,2384.375,19.889524459838867,0.1393251121044159
Finland,What is the capital of Finland? Answer with only the capital city.,chat_template,6,3433.958740234375,6.742008209228516,0.16500213742256165
Finland,What is the capital of Finland? Answer with only the capital city.,chat_template,7,4694.83251953125,16.034889221191406,0.1718052327632904
Finland,What is the capital of Finland? Answer with only the capital city.,chat_template,8,5181.19580078125,18.676542282104492,0.20053377747535706
Finland,What is the capital of Finland? Answer with only the capital city.,chat_template,9,5444.18115234375,14.258660316467285,0.15132850408554077
Finland,What is the capital of Finland? Answer with only the capital city.,chat_template,10,8879.1572265625,28.008777618408203,0.22443589568138123
Finland,What is the capital of Finland? Answer with only the capital city.,chat_template,11,9189.48828125,3.9632797241210938,0.20329001545906067
Finland,What is the capital of Finland? Answer with only the capital city.,chat_template,12,13688.853515625,32.407752990722656,0.15551531314849854
Finland,What is the capital of Finland? Answer with only the capital city.,chat_template,13,15677.216796875,22.950878143310547,0.12040320038795471
Finland,What is the capital of Finland? Answer with only the capital city.,chat_template,14,20139.9296875,44.47901916503906,0.12314348667860031
Finland,What is the capital of Finland? Answer with only the capital city.,chat_template,15,19824.14453125,32.1002082824707,0.11091366410255432
Finland,What is the capital of Finland? Answer with only the capital city.,chat_template,16,24967.861328125,33.606990814208984,0.12211005389690399
Finland,What is the capital of Finland? Answer with only the capital city.,chat_template,17,272.9273986816406,9.92496109008789,0.15134498476982117
France,What is the capital of France?,raw_question,0,154.7971954345703,192.9364013671875,0.2567020058631897
France,What is the capital of France?,raw_question,1,1063.8421630859375,105.82428741455078,0.1977425366640091
France,What is the capital of France?,raw_question,2,1293.728271484375,16.361167907714844,0.16176779568195343
France,What is the capital of France?,raw_question,3,1564.6683349609375,13.411795616149902,0.20300568640232086
France,What is the capital of France?,raw_question,4,2286.8359375,9.782176971435547,0.18467113375663757
France,What is the capital of France?,raw_question,5,2667.401123046875,20.372892379760742,0.14240075647830963
France,What is the capital of France?,raw_question,6,3336.287109375,8.259112358093262,0.1601487100124359
France,What is the capital of France?,raw_question,7,5198.6708984375,16.391700744628906,0.17049996554851532
France,What is the capital of France?,raw_question,8,5868.65869140625,16.291040420532227,0.17058834433555603
France,What is the capital of France?,raw_question,9,5272.78955078125,12.017660140991211,0.13316668570041656
France,What is the capital of France?,raw_question,10,10518.462890625,25.93961524963379,0.19914744794368744
France,What is the capital of France?,raw_question,11,11027.099609375,3.4827985763549805,0.17173117399215698
France,What is the capital of France?,raw_question,12,13027.5966796875,28.02153968811035,0.12780947983264923
France,What is the capital of France?,raw_question,13,16389.9921875,26.55103302001953,0.10898701846599579
France,What is the capital of France?,raw_question,14,17775.380859375,44.67003631591797,0.10990550369024277
France,What is the capital of France?,raw_question,15,18639.892578125,33.41017150878906,0.10065126419067383
France,What is the capital of France?,raw_question,16,25024.513671875,39.34852981567383,0.09251999855041504
France,What is the capital of France?,raw_question,17,165.99163818359375,10.285502433776855,0.12027297914028168
France,The capital of France is,declarative,0,132.29629516601562,161.2106475830078,0.21301427483558655
France,The capital of France is,declarative,1,860.5048828125,127.2652587890625,0.23998181521892548
France,The capital of France is,declarative,2,1211.4757080078125,22.528095245361328,0.19285805523395538
France,The capital of France is,declarative,3,1583.5557861328125,14.129781723022461,0.22047118842601776
France,The capital of France is,declarative,4,2372.502685546875,9.903581619262695,0.1775614321231842
France,The capital of France is,declarative,5,2802.679443359375,20.174644470214844,0.14512339234352112
France,The capital of France is,declarative,6,3718.830322265625,8.323607444763184,0.16609475016593933
France,The capital of France is,declarative,7,5694.1162109375,17.3891658782959,0.17251406610012054
France,The capital of France is,declarative,8,5388.31884765625,16.86164093017578,0.17209967970848083
France,The capital of France is,declarative,9,5497.9091796875,14.612180709838867,0.1372120976448059
France,The capital of France is,declarative,10,8614.00390625,29.989334106445312,0.2023421823978424
France,The capital of France is,declarative,11,9792.279296875,5.071680068969727,0.198297917842865
France,The capital of France is,declarative,12,12371.5361328125,34.16285705566406,0.15607279539108276
France,The capital of France is,declarative,13,15706.5322265625,25.398426055908203,0.12409640848636627
France,The capital of France is,declarative,14,19988.26953125,49.470947265625,0.11847476661205292
France,The capital of France is,declarative,15,22117.701171875,34.19841384887695,0.09998553991317749
France,The capital of France is,declarative,16,24863.8203125,39.44851303100586,0.09855375438928604
France,The capital of France is,declarative,17,261.1779479980469,10.297121047973633,0.13221028447151184
France,"Q: What is the capital of France?
A:",qa,0,126.26339721679688,161.37538146972656,0.2871083617210388
France,"Q: What is the capital of France?
A:",qa,1,812.9822387695312,148.11863708496094,0.23897644877433777
France,"Q: What is the capital of France?
A:",qa,2,1007.5414428710938,21.494998931884766,0.1758842170238495
France,"Q: What is the capital of France?
A:",qa,3,1814.4920654296875,14.07685661315918,0.21986447274684906
France,"Q: What is the capital of France?
A:",qa,4,2114.82470703125,11.582962036132812,0.17608323693275452
France,"Q: What is the capital of France?
A:",qa,5,3426.144287109375,16.806262969970703,0.15261316299438477
France,"Q: What is the capital of France?
A:",qa,6,3700.6611328125,6.1851654052734375,0.15331047773361206
France,"Q: What is the capital of France?
A:",qa,7,4898.43310546875,16.27411651611328,0.16060611605644226
France,"Q: What is the capital of France?
A:",qa,8,5405.2939453125,15.361188888549805,0.188808411359787
France,"Q: What is the capital of France?
A:",qa,9,5140.0009765625,14.861515998840332,0.13487279415130615
France,"Q: What is the capital of France?
A:",qa,10,8267.671875,31.278470993041992,0.1883690506219864
France,"Q: What is the capital of France?
A:",qa,11,8804.8291015625,5.075160026550293,0.19003194570541382
France,"Q: What is the capital of France?
A:",qa,12,11686.8935546875,34.15751266479492,0.150712251663208
France,"Q: What is the capital of France?
A:",qa,13,14638.1259765625,27.327993392944336,0.11161242425441742
France,"Q: What is the capital of France?
A:",qa,14,18673.251953125,46.77647018432617,0.11005688458681107
France,"Q: What is the capital of France?
A:",qa,15,20369.490234375,34.10163879394531,0.09219439327716827
France,"Q: What is the capital of France?
A:",qa,16,25506.25390625,36.447452545166016,0.09222240746021271
France,"Q: What is the capital of France?
A:",qa,17,183.0400848388672,11.859177589416504,0.12027783691883087
France,What is the capital of France? Answer with only the capital city.,chat_template,0,172.05691528320312,169.0987548828125,0.2021845132112503
France,What is the capital of France? Answer with only the capital city.,chat_template,1,788.0244140625,127.92560577392578,0.16979865729808807
France,What is the capital of France? Answer with only the capital city.,chat_template,2,1051.200927734375,23.4478816986084,0.15919552743434906
France,What is the capital of France? Answer with only the capital city.,chat_template,3,1383.5128173828125,13.599836349487305,0.1948852241039276
France,What is the capital of France? Answer with only the capital city.,chat_template,4,804.8800659179688,12.338271141052246,0.19373896718025208
France,What is the capital of France? Answer with only the capital city.,chat_template,5,2356.18798828125,19.925451278686523,0.13945108652114868
France,What is the capital of France? Answer with only the capital city.,chat_template,6,3441.8232421875,6.820620059967041,0.16491398215293884
France,What is the capital of France? Answer with only the capital city.,chat_template,7,4754.7392578125,15.974480628967285,0.17119893431663513
France,What is the capital of France? Answer with only the capital city.,chat_template,8,5217.16943359375,18.477537155151367,0.19963645935058594
France,What is the capital of France? Answer with only the capital city.,chat_template,9,5477.3759765625,13.986467361450195,0.15065693855285645
France,What is the capital of France? Answer with only the capital city.,chat_template,10,9005.9560546875,27.639087677001953,0.22318026423454285
France,What is the capital of France? Answer with only the capital city.,chat_template,11,9396.791015625,3.858917236328125,0.2032843828201294
France,What is the capital of France? Answer with only the capital city.,chat_template,12,12929.5625,27.909128189086914,0.1553269624710083
France,What is the capital of France? Answer with only the capital city.,chat_template,13,15701.3427734375,23.127639770507812,0.12234845757484436
France,What is the capital of France? Answer with only the capital city.,chat_template,14,20104.6328125,42.647579193115234,0.12190677225589752
France,What is the capital of France? Answer with only the capital city.,chat_template,15,20866.705078125,28.94443702697754,0.10571813583374023
France,What is the capital of France? Answer with only the capital city.,chat_template,16,24280.412109375,31.830610275268555,0.11463615298271179
France,What is the capital of France? Answer with only the capital city.,chat_template,17,340.76153564453125,10.62265682220459,0.15524399280548096
Gabon,What is the capital of Gabon?,raw_question,0,155.03512573242188,191.97999572753906,0.2561631202697754
Gabon,What is the capital of Gabon?,raw_question,1,1066.8433837890625,105.27864074707031,0.19814130663871765
Gabon,What is the capital of Gabon?,raw_question,2,1278.002197265625,16.239933013916016,0.1629384607076645
Gabon,What is the capital of Gabon?,raw_question,3,1595.15478515625,13.968977928161621,0.20168401300907135
Gabon,What is the capital of Gabon?,raw_question,4,2394.254150390625,10.241011619567871,0.18405619263648987
Gabon,What is the capital of Gabon?,raw_question,5,2687.809326171875,19.86225700378418,0.14496025443077087
Gabon,What is the capital of Gabon?,raw_question,6,3144.6962890625,8.40856647491455,0.15799002349376678
Gabon,What is the capital of Gabon?,raw_question,7,4931.8701171875,16.889741897583008,0.16670295596122742
Gabon,What is the capital of Gabon?,raw_question,8,5859.7861328125,16.47609519958496,0.17217767238616943
Gabon,What is the capital of Gabon?,raw_question,9,5288.31982421875,12.250028610229492,0.13428333401679993
Gabon,What is the capital of Gabon?,raw_question,10,10454.3662109375,24.597227096557617,0.19635245203971863
Gabon,What is the capital of Gabon?,raw_question,11,10629.3984375,3.497877597808838,0.17124776542186737
Gabon,What is the capital of Gabon?,raw_question,12,12608.3740234375,26.254398345947266,0.12965133786201477
Gabon,What is the capital of Gabon?,raw_question,13,15954.4296875,26.385347366333008,0.10802091658115387
Gabon,What is the capital of Gabon?,raw_question,14,17094.826171875,45.29105758666992,0.10993009805679321
Gabon,What is the capital of Gabon?,raw_question,15,18283.587890625,34.825225830078125,0.10095156729221344
Gabon,What is the capital of Gabon?,raw_question,16,25000.03125,40.089874267578125,0.08863702416419983
Gabon,What is the capital of Gabon?,raw_question,17,161.62648010253906,11.152202606201172,0.11633184552192688
Gabon,The capital of Gabon is,declarative,0,132.6757049560547,156.8564910888672,0.21434476971626282
Gabon,The capital of Gabon is,declarative,1,866.7183227539062,126.23396301269531,0.2410612851381302
Gabon,The capital of Gabon is,declarative,2,1218.2095947265625,22.3120174407959,0.1935577392578125
Gabon,The capital of Gabon is,declarative,3,1632.0537109375,14.418464660644531,0.2202703058719635
Gabon,The capital of Gabon is,declarative,4,2478.401611328125,10.559197425842285,0.17782916128635406
Gabon,The capital of Gabon is,declarative,5,2798.5439453125,19.86262321472168,0.14688611030578613
Gabon,The capital of Gabon is,declarative,6,3464.282958984375,8.59272289276123,0.16493722796440125
Gabon,The capital of Gabon is,declarative,7,5540.87158203125,17.58981704711914,0.17172563076019287
Gabon,The capital of Gabon is,declarative,8,5346.68701171875,16.810405731201172,0.17503829300403595
Gabon,The capital of Gabon is,declarative,9,5665.3798828125,14.705761909484863,0.1371290534734726
Gabon,The capital of Gabon is,declarative,10,8671.0556640625,28.45484733581543,0.1976691633462906
Gabon,The capital of Gabon is,declarative,11,9773.298828125,4.989363670349121,0.19720140099525452
Gabon,The capital of Gabon is,declarative,12,12625.673828125,35.570945739746094,0.16041801869869232
Gabon,The capital of Gabon is,declarative,13,15597.5615234375,23.977577209472656,0.12763753533363342
Gabon,The capital of Gabon is,declarative,14,19553.56640625,50.86439514160156,0.12149607390165329
Gabon,The capital of Gabon is,declarative,15,21342.529296875,35.537742614746094,0.10463720560073853
Gabon,The capital of Gabon is,declarative,16,25032.3984375,38.241214752197266,0.10195182263851166
Gabon,The capital of Gabon is,declarative,17,232.5142059326172,11.338579177856445,0.13281621038913727
Gabon,"Q: What is the capital of Gabon?
A:",qa,0,125.85113525390625,161.37416076660156,0.28674188256263733
Gabon,"Q: What is the capital of Gabon?
A:",qa,1,815.5409545898438,146.8842315673828,0.23887494206428528
Gabon,"Q: What is the capital of Gabon?
A:",qa,2,1006.8338623046875,21.52092742919922,0.1759684532880783
Gabon,"Q: What is the capital of Gabon?
A:",qa,3,1814.188720703125,14.085144996643066,0.21957139670848846
Gabon,"Q: What is the capital of Gabon?
A:",qa,4,2113.4521484375,11.52356243133545,0.17638728022575378
Gabon,"Q: What is the capital of Gabon?
A:",qa,5,3468.257568359375,16.52799415588379,0.1531379669904709
Gabon,"Q: What is the capital of Gabon?
A:",qa,6,3621.591796875,6.2202582359313965,0.15250298380851746
Gabon,"Q: What is the capital of Gabon?
A:",qa,7,4916.3876953125,16.310115814208984,0.16132394969463348
Gabon,"Q: What is the capital of Gabon?
A:",qa,8,5435.1611328125,15.2272310256958,0.1898333728313446
Gabon,"Q: What is the capital of Gabon?
A:",qa,9,5259.92333984375,14.908968925476074,0.1368066668510437
Gabon,"Q: What is the capital of Gabon?
A:",qa,10,8326.69921875,30.78791618347168,0.18904352188110352
Gabon,"Q: What is the capital of Gabon?
A:",qa,11,8797.224609375,5.10424280166626,0.19121503829956055
Gabon,"Q: What is the capital of Gabon?
A:",qa,12,12102.279296875,34.35897445678711,0.1536296159029007
Gabon,"Q: What is the capital of Gabon?
A:",qa,13,14831.8251953125,25.38787078857422,0.1175050437450409
Gabon,"Q: What is the capital of Gabon?
A:",qa,14,18481.103515625,46.34437561035156,0.1169535368680954
Gabon,"Q: What is the capital of Gabon?
A:",qa,15,20552.609375,36.69590377807617,0.09867902100086212
Gabon,"Q: What is the capital of Gabon?
A:",qa,16,26446.162109375,36.29116439819336,0.08938908576965332
Gabon,"Q: What is the capital of Gabon?
A:",qa,17,171.12057495117188,13.349882125854492,0.11675801873207092
Gabon,What is the capital of Gabon? Answer with only the capital city.,chat_template,0,171.8408203125,169.1228485107422,0.20185722410678864
Gabon,What is the capital of Gabon? Answer with only the capital city.,chat_template,1,783.6759033203125,127.89631652832031,0.17005227506160736
Gabon,What is the capital of Gabon? Answer with only the capital city.,chat_template,2,1043.16796875,23.36772346496582,0.15959304571151733
Gabon,What is the capital of Gabon? Answer with only the capital city.,chat_template,3,1385.2362060546875,13.571989059448242,0.19576798379421234
Gabon,What is the capital of Gabon? Answer with only the capital city.,chat_template,4,797.505126953125,12.300074577331543,0.19539806246757507
Gabon,What is the capital of Gabon? Answer with only the capital city.,chat_template,5,2381.675048828125,19.725393295288086,0.13953161239624023
Gabon,What is the capital of Gabon? Answer with only the capital city.,chat_template,6,3411.882080078125,6.741711139678955,0.1644815057516098
Gabon,What is the capital of Gabon? Answer with only the capital city.,chat_template,7,4723.07080078125,15.913337707519531,0.17098195850849152
Gabon,What is the capital of Gabon? Answer with only the capital city.,chat_template,8,5210.41552734375,18.541208267211914,0.20063114166259766
Gabon,What is the capital of Gabon? Answer with only the capital city.,chat_template,9,5469.6015625,14.056595802307129,0.15121418237686157
Gabon,What is the capital of Gabon? Answer with only the capital city.,chat_template,10,8937.17578125,27.22200584411621,0.22162997722625732
Gabon,What is the capital of Gabon? Answer with only the capital city.,chat_template,11,9041.4345703125,3.6886110305786133,0.20308013260364532
Gabon,What is the capital of Gabon? Answer with only the capital city.,chat_template,12,12958.244140625,30.76064109802246,0.15930293500423431
Gabon,What is the capital of Gabon? Answer with only the capital city.,chat_template,13,15555.4111328125,22.374841690063477,0.12705984711647034
Gabon,What is the capital of Gabon? Answer with only the capital city.,chat_template,14,18801.197265625,45.802207946777344,0.12589368224143982
Gabon,What is the capital of Gabon? Answer with only the capital city.,chat_template,15,21185.58984375,34.8720703125,0.1130424365401268
Gabon,What is the capital of Gabon? Answer with only the capital city.,chat_template,16,26036.767578125,31.981264114379883,0.11175769567489624
Gabon,What is the capital of Gabon? Answer with only the capital city.,chat_template,17,298.4122314453125,10.481584548950195,0.14105765521526337
Gambia,What is the capital of Gambia?,raw_question,0,154.19366455078125,193.57447814941406,0.25482428073883057
Gambia,What is the capital of Gambia?,raw_question,1,1066.9652099609375,105.39163970947266,0.19804763793945312
Gambia,What is the capital of Gambia?,raw_question,2,1293.388427734375,16.134174346923828,0.16258937120437622
Gambia,What is the capital of Gambia?,raw_question,3,1611.232666015625,14.009437561035156,0.20136216282844543
Gambia,What is the capital of Gambia?,raw_question,4,2396.29931640625,10.296218872070312,0.1821732521057129
Gambia,What is the capital of Gambia?,raw_question,5,2706.375,19.476057052612305,0.14608806371688843
Gambia,What is the capital of Gambia?,raw_question,6,3110.80859375,8.359066009521484,0.1578221172094345
Gambia,What is the capital of Gambia?,raw_question,7,4921.5478515625,16.918752670288086,0.16738829016685486
Gambia,What is the capital of Gambia?,raw_question,8,5821.3330078125,16.627052307128906,0.17112138867378235
Gambia,What is the capital of Gambia?,raw_question,9,5340.5361328125,11.841534614562988,0.13386955857276917
Gambia,What is the capital of Gambia?,raw_question,10,10519.7666015625,24.342960357666016,0.19625145196914673
Gambia,What is the capital of Gambia?,raw_question,11,10852.4365234375,3.399038553237915,0.17291945219039917
Gambia,What is the capital of Gambia?,raw_question,12,12680.4677734375,25.514793395996094,0.13023507595062256
Gambia,What is the capital of Gambia?,raw_question,13,16078.5849609375,25.640029907226562,0.1087864339351654
Gambia,What is the capital of Gambia?,raw_question,14,17132.19140625,45.557647705078125,0.11071695387363434
Gambia,What is the capital of Gambia?,raw_question,15,18064.7578125,35.203330993652344,0.10248523205518723
Gambia,What is the capital of Gambia?,raw_question,16,24571.89453125,41.44883346557617,0.09180578589439392
Gambia,What is the capital of Gambia?,raw_question,17,156.4822998046875,12.021247863769531,0.12038944661617279
Gambia,The capital of Gambia is,declarative,0,130.57736206054688,160.36959838867188,0.21335190534591675
Gambia,The capital of Gambia is,declarative,1,863.14013671875,126.83184814453125,0.24184700846672058
Gambia,The capital of Gambia is,declarative,2,1203.2471923828125,21.73686981201172,0.19118234515190125
Gambia,The capital of Gambia is,declarative,3,1631.6204833984375,14.613618850708008,0.2214430719614029
Gambia,The capital of Gambia is,declarative,4,2435.9482421875,10.472298622131348,0.17751368880271912
Gambia,The capital of Gambia is,declarative,5,2846.387451171875,19.739164352416992,0.14922472834587097
Gambia,The capital of Gambia is,declarative,6,3481.921875,8.766220092773438,0.1645916998386383
Gambia,The capital of Gambia is,declarative,7,5570.25830078125,17.830842971801758,0.17176789045333862
Gambia,The capital of Gambia is,declarative,8,5341.56982421875,16.54759979248047,0.17359241843223572
Gambia,The capital of Gambia is,declarative,9,5605.02587890625,14.6539945602417,0.136940598487854
Gambia,The capital of Gambia is,declarative,10,8739.4541015625,28.51276969909668,0.19931238889694214
Gambia,The capital of Gambia is,declarative,11,10012.3515625,5.021289825439453,0.19941876828670502
Gambia,The capital of Gambia is,declarative,12,12705.314453125,38.293617248535156,0.16043530404567719
Gambia,The capital of Gambia is,declarative,13,16134.8623046875,24.172025680541992,0.1298747956752777
Gambia,The capital of Gambia is,declarative,14,19936.5078125,51.91225051879883,0.12165286391973495
Gambia,The capital of Gambia is,declarative,15,21687.291015625,37.44182205200195,0.106752410531044
Gambia,The capital of Gambia is,declarative,16,25734.25390625,37.97981643676758,0.10655491054058075
Gambia,The capital of Gambia is,declarative,17,245.2891387939453,10.346386909484863,0.1342199742794037
Gambia,"Q: What is the capital of Gambia?
A:",qa,0,125.19318389892578,163.3300323486328,0.28234586119651794
Gambia,"Q: What is the capital of Gambia?
A:",qa,1,812.0985717773438,145.49803161621094,0.23874902725219727
Gambia,"Q: What is the capital of Gambia?
A:",qa,2,999.3505249023438,21.343334197998047,0.1750531792640686
Gambia,"Q: What is the capital of Gambia?
A:",qa,3,1813.71728515625,14.036088943481445,0.21929463744163513
Gambia,"Q: What is the capital of Gambia?
A:",qa,4,2117.8447265625,11.469928741455078,0.1761462390422821
Gambia,"Q: What is the capital of Gambia?
A:",qa,5,3474.641357421875,16.52806282043457,0.15255092084407806
Gambia,"Q: What is the capital of Gambia?
A:",qa,6,3616.533203125,6.387399196624756,0.15254060924053192
Gambia,"Q: What is the capital of Gambia?
A:",qa,7,4912.66162109375,16.182571411132812,0.15943148732185364
Gambia,"Q: What is the capital of Gambia?
A:",qa,8,5486.55615234375,15.284608840942383,0.1887076497077942
Gambia,"Q: What is the capital of Gambia?
A:",qa,9,5312.7802734375,14.559776306152344,0.1362559050321579
Gambia,"Q: What is the capital of Gambia?
A:",qa,10,8418.5615234375,30.48499298095703,0.1901291012763977
Gambia,"Q: What is the capital of Gambia?
A:",qa,11,8952.6875,5.109909534454346,0.19203373789787292
Gambia,"Q: What is the capital of Gambia?
A:",qa,12,12149.3779296875,36.321800231933594,0.15308168530464172
Gambia,"Q: What is the capital of Gambia?
A:",qa,13,15000.3154296875,25.15485191345215,0.12040378153324127
Gambia,"Q: What is the capital of Gambia?
A:",qa,14,18828.697265625,46.11437225341797,0.11790744960308075
Gambia,"Q: What is the capital of Gambia?
A:",qa,15,20698.26953125,38.68787384033203,0.1008986085653305
Gambia,"Q: What is the capital of Gambia?
A:",qa,16,26511.818359375,35.940921783447266,0.09335897117853165
Gambia,"Q: What is the capital of Gambia?
A:",qa,17,177.517333984375,14.730779647827148,0.11727362871170044
Gambia,What is the capital of Gambia? Answer with only the capital city.,chat_template,0,171.85690307617188,169.46934509277344,0.20177648961544037
Gambia,What is the capital of Gambia? Answer with only the capital city.,chat_template,1,783.72705078125,127.66431427001953,0.17100253701210022
Gambia,What is the capital of Gambia? Answer with only the capital city.,chat_template,2,1043.2667236328125,23.533649444580078,0.16019994020462036
Gambia,What is the capital of Gambia? Answer with only the capital city.,chat_template,3,1384.5902099609375,13.621878623962402,0.19605772197246552
Gambia,What is the capital of Gambia? Answer with only the capital city.,chat_template,4,792.1236572265625,12.37301254272461,0.19601880013942719
Gambia,What is the capital of Gambia? Answer with only the capital city.,chat_template,5,2385.505859375,19.66199493408203,0.13945616781711578
Gambia,What is the capital of Gambia? Answer with only the capital city.,chat_template,6,3396.64794921875,6.787179470062256,0.1643252968788147
Gambia,What is the capital of Gambia? Answer with only the capital city.,chat_template,7,4636.2060546875,16.037071228027344,0.17037108540534973
Gambia,What is the capital of Gambia? Answer with only the capital city.,chat_template,8,5216.6142578125,18.722759246826172,0.20137891173362732
Gambia,What is the capital of Gambia? Answer with only the capital city.,chat_template,9,5447.16162109375,14.154295921325684,0.1514892727136612
Gambia,What is the capital of Gambia? Answer with only the capital city.,chat_template,10,8880.50390625,27.411983489990234,0.2238732874393463
Gambia,What is the capital of Gambia? Answer with only the capital city.,chat_template,11,9195.37890625,3.8828012943267822,0.2049822062253952
Gambia,What is the capital of Gambia? Answer with only the capital city.,chat_template,12,12776.068359375,34.0457763671875,0.15844354033470154
Gambia,What is the capital of Gambia? Answer with only the capital city.,chat_template,13,15645.328125,22.22707176208496,0.13020414113998413
Gambia,What is the capital of Gambia? Answer with only the capital city.,chat_template,14,19376.40234375,45.01248550415039,0.1270030438899994
Gambia,What is the capital of Gambia? Answer with only the capital city.,chat_template,15,21345.1484375,36.540428161621094,0.11547590792179108
Gambia,What is the capital of Gambia? Answer with only the capital city.,chat_template,16,26399.458984375,32.13511276245117,0.11906642466783524
Gambia,What is the capital of Gambia? Answer with only the capital city.,chat_template,17,289.63232421875,10.092273712158203,0.145300030708313
Georgia,What is the capital of Georgia?,raw_question,0,154.10986328125,191.84048461914062,0.2574712634086609
Georgia,What is the capital of Georgia?,raw_question,1,1063.935546875,104.33769226074219,0.19757336378097534
Georgia,What is the capital of Georgia?,raw_question,2,1293.73486328125,16.830097198486328,0.1641639918088913
Georgia,What is the capital of Georgia?,raw_question,3,1605.3084716796875,13.598247528076172,0.2012471854686737
Georgia,What is the capital of Georgia?,raw_question,4,2252.846435546875,10.238212585449219,0.18610358238220215
Georgia,What is the capital of Georgia?,raw_question,5,2688.082763671875,20.032947540283203,0.1439293771982193
Georgia,What is the capital of Georgia?,raw_question,6,3225.1748046875,8.521705627441406,0.15826217830181122
Georgia,What is the capital of Georgia?,raw_question,7,5101.953125,16.754791259765625,0.16585111618041992
Georgia,What is the capital of Georgia?,raw_question,8,5861.3583984375,16.324161529541016,0.1691388040781021
Georgia,What is the capital of Georgia?,raw_question,9,5287.85107421875,12.053306579589844,0.13256733119487762
Georgia,What is the capital of Georgia?,raw_question,10,10513.662109375,25.47246742248535,0.1979990303516388
Georgia,What is the capital of Georgia?,raw_question,11,10874.232421875,3.420318603515625,0.16952897608280182
Georgia,What is the capital of Georgia?,raw_question,12,13117.06640625,28.77161407470703,0.12629278004169464
Georgia,What is the capital of Georgia?,raw_question,13,16210.2109375,27.651792526245117,0.10552382469177246
Georgia,What is the capital of Georgia?,raw_question,14,17136.205078125,47.49659729003906,0.10526154935359955
Georgia,What is the capital of Georgia?,raw_question,15,17872.705078125,35.37708282470703,0.09887164831161499
Georgia,What is the capital of Georgia?,raw_question,16,24519.26171875,39.5666618347168,0.08907099813222885
Georgia,What is the capital of Georgia?,raw_question,17,164.91964721679688,10.590217590332031,0.11561143398284912
Georgia,The capital of Georgia is,declarative,0,131.58831787109375,161.92645263671875,0.20795351266860962
Georgia,The capital of Georgia is,declarative,1,859.59033203125,125.75265502929688,0.23951402306556702
Georgia,The capital of Georgia is,declarative,2,1203.048583984375,22.330724716186523,0.19379712641239166
Georgia,The capital of Georgia is,declarative,3,1591.9090576171875,14.116602897644043,0.21915562450885773
Georgia,The capital of Georgia is,declarative,4,2397.311767578125,10.397615432739258,0.18022535741329193
Georgia,The capital of Georgia is,declarative,5,2837.640625,19.662778854370117,0.14676254987716675
Georgia,The capital of Georgia is,declarative,6,3606.487060546875,8.694626808166504,0.16470709443092346
Georgia,The capital of Georgia is,declarative,7,5700.90478515625,17.29930877685547,0.1719363033771515
Georgia,The capital of Georgia is,declarative,8,5410.8515625,16.647846221923828,0.17448553442955017
Georgia,The capital of Georgia is,declarative,9,5573.11572265625,14.46451187133789,0.13720421493053436
Georgia,The capital of Georgia is,declarative,10,8670.1875,29.15397071838379,0.19636648893356323
Georgia,The capital of Georgia is,declarative,11,9657.5888671875,4.964890003204346,0.1955481767654419
Georgia,The capital of Georgia is,declarative,12,12182.265625,36.78349685668945,0.15926378965377808
Georgia,The capital of Georgia is,declarative,13,15431.0654296875,24.000417709350586,0.1263197511434555
Georgia,The capital of Georgia is,declarative,14,19420.396484375,52.08705139160156,0.12088523805141449
Georgia,The capital of Georgia is,declarative,15,20808.59375,37.29655456542969,0.1030559092760086
Georgia,The capital of Georgia is,declarative,16,24065.73828125,38.98228073120117,0.10574676096439362
Georgia,The capital of Georgia is,declarative,17,249.46502685546875,10.26038932800293,0.1337711215019226
Georgia,"Q: What is the capital of Georgia?
A:",qa,0,125.24978637695312,162.69764709472656,0.2812131941318512
Georgia,"Q: What is the capital of Georgia?
A:",qa,1,808.680419921875,144.33421325683594,0.23795633018016815
Georgia,"Q: What is the capital of Georgia?
A:",qa,2,1002.7655029296875,21.33273696899414,0.17562107741832733
Georgia,"Q: What is the capital of Georgia?
A:",qa,3,1819.5828857421875,14.106646537780762,0.22005808353424072
Georgia,"Q: What is the capital of Georgia?
A:",qa,4,2115.889404296875,11.587389945983887,0.17678064107894897
Georgia,"Q: What is the capital of Georgia?
A:",qa,5,3429.819091796875,16.72881507873535,0.1524554193019867
Georgia,"Q: What is the capital of Georgia?
A:",qa,6,3662.123291015625,6.295823097229004,0.1526612937450409
Georgia,"Q: What is the capital of Georgia?
A:",qa,7,4947.2578125,16.199459075927734,0.159155011177063
Georgia,"Q: What is the capital of Georgia?
A:",qa,8,5404.3369140625,15.199724197387695,0.18796685338020325
Georgia,"Q: What is the capital of Georgia?
A:",qa,9,5253.578125,14.678213119506836,0.1355217844247818
Georgia,"Q: What is the capital of Georgia?
A:",qa,10,8380.6357421875,30.909786224365234,0.18891680240631104
Georgia,"Q: What is the capital of Georgia?
A:",qa,11,8781.33984375,5.017772674560547,0.191168874502182
Georgia,"Q: What is the capital of Georgia?
A:",qa,12,12051.5927734375,36.033077239990234,0.15206021070480347
Georgia,"Q: What is the capital of Georgia?
A:",qa,13,14696.49609375,25.33308219909668,0.11601671576499939
Georgia,"Q: What is the capital of Georgia?
A:",qa,14,18523.0078125,46.426265716552734,0.11485022306442261
Georgia,"Q: What is the capital of Georgia?
A:",qa,15,19587.25390625,36.71915817260742,0.09780234098434448
Georgia,"Q: What is the capital of Georgia?
A:",qa,16,25638.173828125,37.98623275756836,0.0939541831612587
Georgia,"Q: What is the capital of Georgia?
A:",qa,17,185.1302490234375,11.95333480834961,0.11897869408130646
Georgia,What is the capital of Georgia? Answer with only the capital city.,chat_template,0,171.91856384277344,169.65528869628906,0.20096951723098755
Georgia,What is the capital of Georgia? Answer with only the capital city.,chat_template,1,788.1220703125,127.36347961425781,0.17066098749637604
Georgia,What is the capital of Georgia? Answer with only the capital city.,chat_template,2,1047.6920166015625,23.5268497467041,0.16040712594985962
Georgia,What is the capital of Georgia? Answer with only the capital city.,chat_template,3,1384.3284912109375,13.649090766906738,0.1956721693277359
Georgia,What is the capital of Georgia? Answer with only the capital city.,chat_template,4,794.7708129882812,12.337296485900879,0.1949363797903061
Georgia,What is the capital of Georgia? Answer with only the capital city.,chat_template,5,2364.363525390625,19.748239517211914,0.13974536955356598
Georgia,What is the capital of Georgia? Answer with only the capital city.,chat_template,6,3454.91455078125,6.866092205047607,0.1645364761352539
Georgia,What is the capital of Georgia? Answer with only the capital city.,chat_template,7,4726.09716796875,15.766654014587402,0.17050690948963165
Georgia,What is the capital of Georgia? Answer with only the capital city.,chat_template,8,5187.63134765625,18.893117904663086,0.1996476650238037
Georgia,What is the capital of Georgia? Answer with only the capital city.,chat_template,9,5446.02099609375,14.124040603637695,0.15149398148059845
Georgia,What is the capital of Georgia? Answer with only the capital city.,chat_template,10,8878.39453125,27.955915451049805,0.2241189181804657
Georgia,What is the capital of Georgia? Answer with only the capital city.,chat_template,11,9179.27734375,3.8441529273986816,0.20591022074222565
Georgia,What is the capital of Georgia? Answer with only the capital city.,chat_template,12,12681.6162109375,28.562763214111328,0.15400245785713196
Georgia,What is the capital of Georgia? Answer with only the capital city.,chat_template,13,15479.0556640625,22.318145751953125,0.12144535034894943
Georgia,What is the capital of Georgia? Answer with only the capital city.,chat_template,14,19044.279296875,45.60268783569336,0.11972135305404663
Georgia,What is the capital of Georgia? Answer with only the capital city.,chat_template,15,18858.416015625,31.841625213623047,0.10432273149490356
Georgia,What is the capital of Georgia? Answer with only the capital city.,chat_template,16,23852.02734375,33.23138427734375,0.11570645868778229
Georgia,What is the capital of Georgia? Answer with only the capital city.,chat_template,17,306.7260437011719,10.23918628692627,0.1429482251405716
Germany,What is the capital of Germany?,raw_question,0,154.69125366210938,191.32728576660156,0.2581484317779541
Germany,What is the capital of Germany?,raw_question,1,1063.8287353515625,104.4991683959961,0.1983216404914856
Germany,What is the capital of Germany?,raw_question,2,1286.0897216796875,15.973016738891602,0.16058415174484253
Germany,What is the capital of Germany?,raw_question,3,1581.968017578125,13.544628143310547,0.2025463879108429
Germany,What is the capital of Germany?,raw_question,4,2317.11865234375,9.777440071105957,0.1857871562242508
Germany,What is the capital of Germany?,raw_question,5,2714.18896484375,20.095460891723633,0.14406253397464752
Germany,What is the capital of Germany?,raw_question,6,3271.451171875,8.18755054473877,0.15888871252536774
Germany,What is the capital of Germany?,raw_question,7,5202.7021484375,16.267391204833984,0.1700514554977417
Germany,What is the capital of Germany?,raw_question,8,5988.84375,16.20493507385254,0.1698600947856903
Germany,What is the capital of Germany?,raw_question,9,5301.58349609375,12.181706428527832,0.13273988664150238
Germany,What is the capital of Germany?,raw_question,10,10520.58203125,25.909914016723633,0.1987832933664322
Germany,What is the capital of Germany?,raw_question,11,10947.9677734375,3.5590615272521973,0.1709762066602707
Germany,What is the capital of Germany?,raw_question,12,13144.99609375,28.257728576660156,0.12808921933174133
Germany,What is the capital of Germany?,raw_question,13,16641.146484375,25.556947708129883,0.1068960577249527
Germany,What is the capital of Germany?,raw_question,14,17724.681640625,44.27889633178711,0.1071130633354187
Germany,What is the capital of Germany?,raw_question,15,18674.599609375,33.32782745361328,0.09866414964199066
Germany,What is the capital of Germany?,raw_question,16,25070.48828125,39.81739807128906,0.08998003602027893
Germany,What is the capital of Germany?,raw_question,17,168.4797821044922,11.040425300598145,0.11852877587080002
Germany,The capital of Germany is,declarative,0,132.92144775390625,158.9525909423828,0.21390803158283234
Germany,The capital of Germany is,declarative,1,863.2025756835938,127.52989959716797,0.24086777865886688
Germany,The capital of Germany is,declarative,2,1233.312255859375,22.147811889648438,0.19203224778175354
Germany,The capital of Germany is,declarative,3,1616.3939208984375,13.8410062789917,0.21772401034832
Germany,The capital of Germany is,declarative,4,2399.041259765625,9.925824165344238,0.17699682712554932
Germany,The capital of Germany is,declarative,5,2786.0869140625,19.88347625732422,0.14463970065116882
Germany,The capital of Germany is,declarative,6,3626.88232421875,8.27070140838623,0.16533517837524414
Germany,The capital of Germany is,declarative,7,5631.11767578125,17.27682876586914,0.1739293932914734
Germany,The capital of Germany is,declarative,8,5412.68603515625,16.921167373657227,0.1730721890926361
Germany,The capital of Germany is,declarative,9,5430.2802734375,14.361863136291504,0.13694927096366882
Germany,The capital of Germany is,declarative,10,8550.263671875,30.35553741455078,0.2025473713874817
Germany,The capital of Germany is,declarative,11,9729.951171875,5.094754695892334,0.1976102590560913
Germany,The capital of Germany is,declarative,12,12318.2119140625,36.31770324707031,0.1580170840024948
Germany,The capital of Germany is,declarative,13,15518.8173828125,25.266895294189453,0.12287452816963196
Germany,The capital of Germany is,declarative,14,19175.298828125,50.191341400146484,0.11483414471149445
Germany,The capital of Germany is,declarative,15,20717.873046875,33.99854278564453,0.10019634664058685
Germany,The capital of Germany is,declarative,16,23823.37890625,42.049190521240234,0.10099005699157715
Germany,The capital of Germany is,declarative,17,260.33917236328125,10.850914001464844,0.13173067569732666
Germany,"Q: What is the capital of Germany?
A:",qa,0,126.20741271972656,161.65377807617188,0.286113977432251
Germany,"Q: What is the capital of Germany?
A:",qa,1,812.9263305664062,147.993408203125,0.23817642033100128
Germany,"Q: What is the capital of Germany?
A:",qa,2,1007.4017333984375,21.417695999145508,0.17526622116565704
Germany,"Q: What is the capital of Germany?
A:",qa,3,1821.038818359375,14.103007316589355,0.21879106760025024
Germany,"Q: What is the capital of Germany?
A:",qa,4,2107.546142578125,11.541962623596191,0.1757962554693222
Germany,"Q: What is the capital of Germany?
A:",qa,5,3447.017578125,16.7469425201416,0.15265963971614838
Germany,"Q: What is the capital of Germany?
A:",qa,6,3698.13525390625,6.179611682891846,0.15329864621162415
Germany,"Q: What is the capital of Germany?
A:",qa,7,4897.890625,16.054428100585938,0.16170978546142578
Germany,"Q: What is the capital of Germany?
A:",qa,8,5411.77490234375,15.275065422058105,0.1890563815832138
Germany,"Q: What is the capital of Germany?
A:",qa,9,5140.7705078125,14.856215476989746,0.13508427143096924
Germany,"Q: What is the capital of Germany?
A:",qa,10,8298.7177734375,31.24817657470703,0.18842759728431702
Germany,"Q: What is the capital of Germany?
A:",qa,11,8806.7744140625,5.120508193969727,0.1895025670528412
Germany,"Q: What is the capital of Germany?
A:",qa,12,11866.6708984375,37.26588439941406,0.15231436491012573
Germany,"Q: What is the capital of Germany?
A:",qa,13,14677.1396484375,26.11294937133789,0.11028352379798889
Germany,"Q: What is the capital of Germany?
A:",qa,14,18095.83203125,45.31753158569336,0.10910354554653168
Germany,"Q: What is the capital of Germany?
A:",qa,15,19448.693359375,35.03953552246094,0.09277515113353729
Germany,"Q: What is the capital of Germany?
A:",qa,16,25248.15625,38.12009048461914,0.09001637250185013
Germany,"Q: What is the capital of Germany?
A:",qa,17,189.4189910888672,13.6973295211792,0.11648093163967133
Germany,What is the capital of Germany? Answer with only the capital city.,chat_template,0,171.8224334716797,169.31321716308594,0.20216265320777893
Germany,What is the capital of Germany? Answer with only the capital city.,chat_template,1,788.0855102539062,128.5601348876953,0.17016395926475525
Germany,What is the capital of Germany? Answer with only the capital city.,chat_template,2,1051.265625,23.46001434326172,0.15948264300823212
Germany,What is the capital of Germany? Answer with only the capital city.,chat_template,3,1398.4410400390625,13.589066505432129,0.19509604573249817
Germany,What is the capital of Germany? Answer with only the capital city.,chat_template,4,805.4972534179688,12.285418510437012,0.1937999427318573
Germany,What is the capital of Germany? Answer with only the capital city.,chat_template,5,2374.129638671875,19.87629508972168,0.13943010568618774
Germany,What is the capital of Germany? Answer with only the capital city.,chat_template,6,3455.828857421875,6.750451564788818,0.1645023673772812
Germany,What is the capital of Germany? Answer with only the capital city.,chat_template,7,4725.06640625,15.873238563537598,0.17130474746227264
Germany,What is the capital of Germany? Answer with only the capital city.,chat_template,8,5216.37646484375,18.618534088134766,0.20020627975463867
Germany,What is the capital of Germany? Answer with only the capital city.,chat_template,9,5477.3212890625,13.962416648864746,0.15030819177627563
Germany,What is the capital of Germany? Answer with only the capital city.,chat_template,10,9005.8193359375,27.871097564697266,0.22331523895263672
Germany,What is the capital of Germany? Answer with only the capital city.,chat_template,11,9527.3896484375,3.980611562728882,0.20309844613075256
Germany,What is the capital of Germany? Answer with only the capital city.,chat_template,12,13030.3427734375,30.209653854370117,0.1560637503862381
Germany,What is the capital of Germany? Answer with only the capital city.,chat_template,13,15871.1875,22.62544059753418,0.11899067461490631
Germany,What is the capital of Germany? Answer with only the capital city.,chat_template,14,19714.326171875,41.20044708251953,0.12076522409915924
Germany,What is the capital of Germany? Answer with only the capital city.,chat_template,15,19739.978515625,30.727218627929688,0.10761368274688721
Germany,What is the capital of Germany? Answer with only the capital city.,chat_template,16,23985.640625,36.32804489135742,0.12078632414340973
Germany,What is the capital of Germany? Answer with only the capital city.,chat_template,17,296.09283447265625,11.499565124511719,0.1578277349472046
Ghana,What is the capital of Ghana?,raw_question,0,153.91293334960938,192.7879180908203,0.2569952607154846
Ghana,What is the capital of Ghana?,raw_question,1,1066.8330078125,107.568603515625,0.19823163747787476
Ghana,What is the capital of Ghana?,raw_question,2,1300.6072998046875,16.103893280029297,0.16085228323936462
Ghana,What is the capital of Ghana?,raw_question,3,1597.5767822265625,13.658268928527832,0.20084212720394135
Ghana,What is the capital of Ghana?,raw_question,4,2349.40966796875,10.110061645507812,0.18407310545444489
Ghana,What is the capital of Ghana?,raw_question,5,2703.900634765625,19.96025848388672,0.14320525527000427
Ghana,What is the capital of Ghana?,raw_question,6,3182.885009765625,8.081725120544434,0.1588640809059143
Ghana,What is the capital of Ghana?,raw_question,7,4983.31640625,16.81045150756836,0.1685417890548706
Ghana,What is the capital of Ghana?,raw_question,8,5914.685546875,16.09469985961914,0.17152677476406097
Ghana,What is the capital of Ghana?,raw_question,9,5284.69140625,12.17796516418457,0.13343822956085205
Ghana,What is the capital of Ghana?,raw_question,10,10518.1982421875,25.5284481048584,0.1980777531862259
Ghana,What is the capital of Ghana?,raw_question,11,10801.1396484375,3.3580434322357178,0.17083021998405457
Ghana,What is the capital of Ghana?,raw_question,12,12789.4130859375,28.519855499267578,0.13017891347408295
Ghana,What is the capital of Ghana?,raw_question,13,16232.3251953125,26.587974548339844,0.10765717923641205
Ghana,What is the capital of Ghana?,raw_question,14,17270.6640625,44.92372131347656,0.10922777652740479
Ghana,What is the capital of Ghana?,raw_question,15,18437.072265625,32.87287521362305,0.10184870660305023
Ghana,What is the capital of Ghana?,raw_question,16,24828.955078125,39.81271743774414,0.09118285775184631
Ghana,What is the capital of Ghana?,raw_question,17,160.91885375976562,10.901527404785156,0.11948632448911667
Ghana,The capital of Ghana is,declarative,0,131.6102294921875,161.08273315429688,0.21298503875732422
Ghana,The capital of Ghana is,declarative,1,859.5525512695312,126.78695678710938,0.24158936738967896
Ghana,The capital of Ghana is,declarative,2,1203.2386474609375,21.703475952148438,0.1901986002922058
Ghana,The capital of Ghana is,declarative,3,1629.1580810546875,14.433008193969727,0.2201577126979828
Ghana,The capital of Ghana is,declarative,4,2446.036865234375,10.34086799621582,0.1793701946735382
Ghana,The capital of Ghana is,declarative,5,2814.7255859375,19.9423828125,0.14648103713989258
Ghana,The capital of Ghana is,declarative,6,3571.3671875,8.395401954650879,0.1642760932445526
Ghana,The capital of Ghana is,declarative,7,5639.19287109375,17.508914947509766,0.17271603643894196
Ghana,The capital of Ghana is,declarative,8,5409.4716796875,16.464906692504883,0.17317940294742584
Ghana,The capital of Ghana is,declarative,9,5578.4189453125,14.739380836486816,0.13737471401691437
Ghana,The capital of Ghana is,declarative,10,8742.8125,29.645708084106445,0.20133832097053528
Ghana,The capital of Ghana is,declarative,11,9730.671875,4.841609954833984,0.19674327969551086
Ghana,The capital of Ghana is,declarative,12,12221.3310546875,38.19420623779297,0.15943282842636108
Ghana,The capital of Ghana is,declarative,13,15602.2353515625,24.670560836791992,0.1280631721019745
Ghana,The capital of Ghana is,declarative,14,19494.21484375,51.727420806884766,0.1218617856502533
Ghana,The capital of Ghana is,declarative,15,21294.291015625,35.96864318847656,0.10664448142051697
Ghana,The capital of Ghana is,declarative,16,24371.8671875,37.65445327758789,0.10510038584470749
Ghana,The capital of Ghana is,declarative,17,260.1015625,9.785088539123535,0.13680094480514526
Ghana,"Q: What is the capital of Ghana?
A:",qa,0,126.2373046875,162.36900329589844,0.28513574600219727
Ghana,"Q: What is the capital of Ghana?
A:",qa,1,812.0005493164062,146.20126342773438,0.2387702763080597
Ghana,"Q: What is the capital of Ghana?
A:",qa,2,1003.0982666015625,21.446212768554688,0.1752757728099823
Ghana,"Q: What is the capital of Ghana?
A:",qa,3,1804.568115234375,14.030731201171875,0.21980804204940796
Ghana,"Q: What is the capital of Ghana?
A:",qa,4,2111.246337890625,11.609373092651367,0.1758565902709961
Ghana,"Q: What is the capital of Ghana?
A:",qa,5,3478.190673828125,16.66422462463379,0.1530350148677826
Ghana,"Q: What is the capital of Ghana?
A:",qa,6,3630.55224609375,6.12070369720459,0.15257441997528076
Ghana,"Q: What is the capital of Ghana?
A:",qa,7,4917.64697265625,16.251333236694336,0.16192090511322021
Ghana,"Q: What is the capital of Ghana?
A:",qa,8,5463.90478515625,15.11815357208252,0.1903589963912964
Ghana,"Q: What is the capital of Ghana?
A:",qa,9,5201.10302734375,14.767189025878906,0.13598163425922394
Ghana,"Q: What is the capital of Ghana?
A:",qa,10,8298.1865234375,30.75935935974121,0.18977560102939606
Ghana,"Q: What is the capital of Ghana?
A:",qa,11,8819.189453125,5.106513023376465,0.19133320450782776
Ghana,"Q: What is the capital of Ghana?
A:",qa,12,11775.654296875,37.3060188293457,0.15409024059772491
Ghana,"Q: What is the capital of Ghana?
A:",qa,13,14544.609375,27.144567489624023,0.11640968918800354
Ghana,"Q: What is the capital of Ghana?
A:",qa,14,18210.634765625,46.824554443359375,0.11475992202758789
Ghana,"Q: What is the capital of Ghana?
A:",qa,15,20105.908203125,35.2526741027832,0.09847616404294968
Ghana,"Q: What is the capital of Ghana?
A:",qa,16,25394.072265625,36.661136627197266,0.08967867493629456
Ghana,"Q: What is the capital of Ghana?
A:",qa,17,184.53147888183594,12.522517204284668,0.11716048419475555
Ghana,What is the capital of Ghana? Answer with only the capital city.,chat_template,0,171.61854553222656,169.74620056152344,0.20167654752731323
Ghana,What is the capital of Ghana? Answer with only the capital city.,chat_template,1,783.66845703125,127.91986083984375,0.17028117179870605
Ghana,What is the capital of Ghana? Answer with only the capital city.,chat_template,2,1039.5316162109375,23.403963088989258,0.1602957397699356
Ghana,What is the capital of Ghana? Answer with only the capital city.,chat_template,3,1384.34423828125,13.6492919921875,0.19572728872299194
Ghana,What is the capital of Ghana? Answer with only the capital city.,chat_template,4,781.94775390625,12.245891571044922,0.19480198621749878
Ghana,What is the capital of Ghana? Answer with only the capital city.,chat_template,5,2373.88232421875,19.80194664001465,0.13963347673416138
Ghana,What is the capital of Ghana? Answer with only the capital city.,chat_template,6,3435.1337890625,6.82269811630249,0.16472762823104858
Ghana,What is the capital of Ghana? Answer with only the capital city.,chat_template,7,4695.41064453125,15.82514762878418,0.1710299849510193
Ghana,What is the capital of Ghana? Answer with only the capital city.,chat_template,8,5180.9384765625,18.334043502807617,0.20247650146484375
Ghana,What is the capital of Ghana? Answer with only the capital city.,chat_template,9,5441.830078125,14.026679992675781,0.1517791599035263
Ghana,What is the capital of Ghana? Answer with only the capital city.,chat_template,10,8944.4541015625,27.642959594726562,0.2245519459247589
Ghana,What is the capital of Ghana? Answer with only the capital city.,chat_template,11,9163.638671875,3.7756500244140625,0.20826274156570435
Ghana,What is the capital of Ghana? Answer with only the capital city.,chat_template,12,12458.58203125,31.566808700561523,0.16008806228637695
Ghana,What is the capital of Ghana? Answer with only the capital city.,chat_template,13,15926.53125,22.787879943847656,0.12734365463256836
Ghana,What is the capital of Ghana? Answer with only the capital city.,chat_template,14,20165.38671875,42.643524169921875,0.12940466403961182
Ghana,What is the capital of Ghana? Answer with only the capital city.,chat_template,15,20862.912109375,32.788639068603516,0.1120605617761612
Ghana,What is the capital of Ghana? Answer with only the capital city.,chat_template,16,24583.64453125,32.13981246948242,0.11669779568910599
Ghana,What is the capital of Ghana? Answer with only the capital city.,chat_template,17,278.9293518066406,10.3959379196167,0.14429688453674316
Greece,What is the capital of Greece?,raw_question,0,154.44281005859375,192.05081176757812,0.2578722834587097
Greece,What is the capital of Greece?,raw_question,1,1066.8277587890625,105.97238159179688,0.1979709267616272
Greece,What is the capital of Greece?,raw_question,2,1300.7655029296875,15.940638542175293,0.16070321202278137
Greece,What is the capital of Greece?,raw_question,3,1580.006591796875,13.527952194213867,0.2006705105304718
Greece,What is the capital of Greece?,raw_question,4,2347.48291015625,9.978036880493164,0.1835157722234726
Greece,What is the capital of Greece?,raw_question,5,2727.992919921875,19.91326904296875,0.1430542767047882
Greece,What is the capital of Greece?,raw_question,6,3238.066162109375,8.236299514770508,0.15945054590702057
Greece,What is the capital of Greece?,raw_question,7,5110.212890625,16.49169158935547,0.1684534102678299
Greece,What is the capital of Greece?,raw_question,8,5927.93310546875,16.16204261779785,0.1693626195192337
Greece,What is the capital of Greece?,raw_question,9,5325.1025390625,12.073455810546875,0.13146349787712097
Greece,What is the capital of Greece?,raw_question,10,10516.1591796875,25.83971405029297,0.19580844044685364
Greece,What is the capital of Greece?,raw_question,11,11070.986328125,3.449746608734131,0.16884157061576843
Greece,What is the capital of Greece?,raw_question,12,13404.0888671875,29.34896469116211,0.1269565224647522
Greece,What is the capital of Greece?,raw_question,13,16854.158203125,26.158388137817383,0.10585346817970276
Greece,What is the capital of Greece?,raw_question,14,17749.32421875,45.408241271972656,0.1061444953083992
Greece,What is the capital of Greece?,raw_question,15,18459.88671875,34.14437484741211,0.09953172504901886
Greece,What is the capital of Greece?,raw_question,16,24934.818359375,39.757022857666016,0.09082812070846558
Greece,What is the capital of Greece?,raw_question,17,167.27317810058594,10.229382514953613,0.11732654273509979
Greece,The capital of Greece is,declarative,0,132.01512145996094,159.6981964111328,0.2138514369726181
Greece,The capital of Greece is,declarative,1,860.5729370117188,126.68830108642578,0.24161863327026367
Greece,The capital of Greece is,declarative,2,1226.6243896484375,21.739208221435547,0.19361120462417603
Greece,The capital of Greece is,declarative,3,1589.6409912109375,14.203716278076172,0.22021809220314026
Greece,The capital of Greece is,declarative,4,2414.4853515625,10.281633377075195,0.18029740452766418
Greece,The capital of Greece is,declarative,5,2839.38818359375,19.917348861694336,0.14579148590564728
Greece,The capital of Greece is,declarative,6,3632.810302734375,8.53470230102539,0.16610756516456604
Greece,The capital of Greece is,declarative,7,5672.82421875,17.239694595336914,0.17229194939136505
Greece,The capital of Greece is,declarative,8,5448.75,16.631874084472656,0.1715448796749115
Greece,The capital of Greece is,declarative,9,5552.52783203125,14.403654098510742,0.13677778840065002
Greece,The capital of Greece is,declarative,10,8613.78125,30.301416397094727,0.19940105080604553
Greece,The capital of Greece is,declarative,11,9773.2138671875,4.877002239227295,0.19584590196609497
Greece,The capital of Greece is,declarative,12,12359.263671875,39.044002532958984,0.15916681289672852
Greece,The capital of Greece is,declarative,13,15999.267578125,24.124723434448242,0.1250981241464615
Greece,The capital of Greece is,declarative,14,19856.0078125,51.32401657104492,0.1228044405579567
Greece,The capital of Greece is,declarative,15,20909.5703125,36.9472541809082,0.09993584454059601
Greece,The capital of Greece is,declarative,16,24318.724609375,40.364585876464844,0.10002206265926361
Greece,The capital of Greece is,declarative,17,265.8713684082031,10.016858100891113,0.13137558102607727
Greece,"Q: What is the capital of Greece?
A:",qa,0,126.27167510986328,161.9567108154297,0.2858183979988098
Greece,"Q: What is the capital of Greece?
A:",qa,1,811.9437866210938,145.11647033691406,0.23655492067337036
Greece,"Q: What is the capital of Greece?
A:",qa,2,1006.2557983398438,21.078536987304688,0.1745091676712036
Greece,"Q: What is the capital of Greece?
A:",qa,3,1812.667724609375,14.07395076751709,0.21935468912124634
Greece,"Q: What is the capital of Greece?
A:",qa,4,2117.44921875,11.608771324157715,0.17548629641532898
Greece,"Q: What is the capital of Greece?
A:",qa,5,3455.78515625,16.675561904907227,0.15272757411003113
Greece,"Q: What is the capital of Greece?
A:",qa,6,3668.4521484375,6.077414512634277,0.15295501053333282
Greece,"Q: What is the capital of Greece?
A:",qa,7,4947.84375,16.159420013427734,0.16145819425582886
Greece,"Q: What is the capital of Greece?
A:",qa,8,5434.8310546875,15.283963203430176,0.1879822015762329
Greece,"Q: What is the capital of Greece?
A:",qa,9,5195.32666015625,14.763720512390137,0.13460630178451538
Greece,"Q: What is the capital of Greece?
A:",qa,10,8325.4794921875,30.99886703491211,0.18884456157684326
Greece,"Q: What is the capital of Greece?
A:",qa,11,8871.7470703125,5.0974040031433105,0.19042372703552246
Greece,"Q: What is the capital of Greece?
A:",qa,12,12480.6298828125,39.05903625488281,0.1525866985321045
Greece,"Q: What is the capital of Greece?
A:",qa,13,15671.3369140625,24.78627586364746,0.113592728972435
Greece,"Q: What is the capital of Greece?
A:",qa,14,19627.984375,46.65827560424805,0.11683952063322067
Greece,"Q: What is the capital of Greece?
A:",qa,15,20250.771484375,34.596885681152344,0.09459085762500763
Greece,"Q: What is the capital of Greece?
A:",qa,16,25958.052734375,39.19822311401367,0.09181595593690872
Greece,"Q: What is the capital of Greece?
A:",qa,17,202.2204132080078,12.466334342956543,0.11811484396457672
Greece,What is the capital of Greece? Answer with only the capital city.,chat_template,0,171.78738403320312,169.49343872070312,0.2019779086112976
Greece,What is the capital of Greece? Answer with only the capital city.,chat_template,1,783.6919555664062,128.47979736328125,0.17020496726036072
Greece,What is the capital of Greece? Answer with only the capital city.,chat_template,2,1043.2017822265625,23.624666213989258,0.1599278748035431
Greece,What is the capital of Greece? Answer with only the capital city.,chat_template,3,1384.05029296875,13.648683547973633,0.19523796439170837
Greece,What is the capital of Greece? Answer with only the capital city.,chat_template,4,801.1914672851562,12.356085777282715,0.1952977329492569
Greece,What is the capital of Greece? Answer with only the capital city.,chat_template,5,2377.07568359375,19.824417114257812,0.13909415900707245
Greece,What is the capital of Greece? Answer with only the capital city.,chat_template,6,3462.08154296875,6.76988410949707,0.16510583460330963
Greece,What is the capital of Greece? Answer with only the capital city.,chat_template,7,4755.328125,15.951824188232422,0.17191456258296967
Greece,What is the capital of Greece? Answer with only the capital city.,chat_template,8,5238.78076171875,18.473464965820312,0.20055389404296875
Greece,What is the capital of Greece? Answer with only the capital city.,chat_template,9,5469.357421875,14.159048080444336,0.15074941515922546
Greece,What is the capital of Greece? Answer with only the capital city.,chat_template,10,8942.1025390625,27.650793075561523,0.22326329350471497
Greece,What is the capital of Greece? Answer with only the capital city.,chat_template,11,9386.3759765625,3.844745397567749,0.2037975937128067
Greece,What is the capital of Greece? Answer with only the capital city.,chat_template,12,13319.64453125,32.21332931518555,0.15627214312553406
Greece,What is the capital of Greece? Answer with only the capital city.,chat_template,13,17129.720703125,21.804792404174805,0.12291746586561203
Greece,What is the capital of Greece? Answer with only the capital city.,chat_template,14,21144.74609375,44.1097297668457,0.13061019778251648
Greece,What is the capital of Greece? Answer with only the capital city.,chat_template,15,19489.82421875,30.83254623413086,0.10649058222770691
Greece,What is the capital of Greece? Answer with only the capital city.,chat_template,16,23532.5078125,34.560306549072266,0.11242900788784027
Greece,What is the capital of Greece? Answer with only the capital city.,chat_template,17,293.9460144042969,10.091523170471191,0.15241022408008575
Grenada,What is the capital of Grenada?,raw_question,0,155.07925415039062,186.05474853515625,0.25646695494651794
Grenada,What is the capital of Grenada?,raw_question,1,1066.595458984375,106.54830169677734,0.19605091214179993
Grenada,What is the capital of Grenada?,raw_question,2,1247.451904296875,15.746668815612793,0.16088604927062988
Grenada,What is the capital of Grenada?,raw_question,3,1595.898193359375,13.85543441772461,0.20423007011413574
Grenada,What is the capital of Grenada?,raw_question,4,2223.67578125,10.127311706542969,0.1861552894115448
Grenada,What is the capital of Grenada?,raw_question,5,2650.21484375,19.768903732299805,0.14601244032382965
Grenada,What is the capital of Grenada?,raw_question,6,3249.09228515625,8.377528190612793,0.1580231487751007
Grenada,What is the capital of Grenada?,raw_question,7,5076.22998046875,16.720962524414062,0.16656559705734253
Grenada,What is the capital of Grenada?,raw_question,8,5922.90625,16.313913345336914,0.17085187137126923
Grenada,What is the capital of Grenada?,raw_question,9,5406.25537109375,12.550474166870117,0.1330339014530182
Grenada,What is the capital of Grenada?,raw_question,10,10649.2197265625,24.523845672607422,0.19299545884132385
Grenada,What is the capital of Grenada?,raw_question,11,10811.1845703125,3.5376932621002197,0.17013812065124512
Grenada,What is the capital of Grenada?,raw_question,12,13256.59375,27.985496520996094,0.12819811701774597
Grenada,What is the capital of Grenada?,raw_question,13,15975.0927734375,33.59458541870117,0.108505979180336
Grenada,What is the capital of Grenada?,raw_question,14,17126.16015625,45.89951705932617,0.10957252979278564
Grenada,What is the capital of Grenada?,raw_question,15,17986.98046875,36.33455276489258,0.10201793164014816
Grenada,What is the capital of Grenada?,raw_question,16,25015.634765625,39.254878997802734,0.09067078679800034
Grenada,What is the capital of Grenada?,raw_question,17,156.27737426757812,11.08450984954834,0.1174745187163353
Grenada,The capital of Grenada is,declarative,0,130.6331024169922,157.9424285888672,0.21493378281593323
Grenada,The capital of Grenada is,declarative,1,857.1227416992188,129.33897399902344,0.24205254018306732
Grenada,The capital of Grenada is,declarative,2,1158.6817626953125,22.2595272064209,0.1931527554988861
Grenada,The capital of Grenada is,declarative,3,1632.6136474609375,14.690074920654297,0.2269625961780548
Grenada,The capital of Grenada is,declarative,4,2275.3857421875,10.453109741210938,0.18063145875930786
Grenada,The capital of Grenada is,declarative,5,2795.806396484375,19.54253578186035,0.14993980526924133
Grenada,The capital of Grenada is,declarative,6,3537.406982421875,8.680370330810547,0.16487973928451538
Grenada,The capital of Grenada is,declarative,7,5798.79931640625,17.769805908203125,0.17173996567726135
Grenada,The capital of Grenada is,declarative,8,5506.92529296875,16.267545700073242,0.17182670533657074
Grenada,The capital of Grenada is,declarative,9,5640.05029296875,14.859931945800781,0.13497310876846313
Grenada,The capital of Grenada is,declarative,10,8543.1767578125,28.026025772094727,0.19312074780464172
Grenada,The capital of Grenada is,declarative,11,9728.68359375,4.970003128051758,0.19427551329135895
Grenada,The capital of Grenada is,declarative,12,12160.25,29.918241500854492,0.15661689639091492
Grenada,The capital of Grenada is,declarative,13,15097.0634765625,25.570438385009766,0.12607841193675995
Grenada,The capital of Grenada is,declarative,14,18612.849609375,51.40586471557617,0.11851246654987335
Grenada,The capital of Grenada is,declarative,15,20017.283203125,35.50417709350586,0.10253849625587463
Grenada,The capital of Grenada is,declarative,16,25848.16796875,38.66421127319336,0.09876566380262375
Grenada,The capital of Grenada is,declarative,17,196.92971801757812,11.233386993408203,0.12329995632171631
Grenada,"Q: What is the capital of Grenada?
A:",qa,0,125.47019958496094,160.2208251953125,0.2881716787815094
Grenada,"Q: What is the capital of Grenada?
A:",qa,1,812.236328125,150.7599639892578,0.23960299789905548
Grenada,"Q: What is the capital of Grenada?
A:",qa,2,1018.33544921875,21.55817222595215,0.17681431770324707
Grenada,"Q: What is the capital of Grenada?
A:",qa,3,1841.617919921875,13.977572441101074,0.21978943049907684
Grenada,"Q: What is the capital of Grenada?
A:",qa,4,2132.260498046875,11.65908145904541,0.17634528875350952
Grenada,"Q: What is the capital of Grenada?
A:",qa,5,3501.3896484375,16.593366622924805,0.1529327929019928
Grenada,"Q: What is the capital of Grenada?
A:",qa,6,3630.529052734375,6.128541946411133,0.15170997381210327
Grenada,"Q: What is the capital of Grenada?
A:",qa,7,4944.783203125,16.265026092529297,0.16159263253211975
Grenada,"Q: What is the capital of Grenada?
A:",qa,8,5487.060546875,15.040606498718262,0.1889522671699524
Grenada,"Q: What is the capital of Grenada?
A:",qa,9,5283.412109375,14.748693466186523,0.13601019978523254
Grenada,"Q: What is the capital of Grenada?
A:",qa,10,8294.4677734375,30.194747924804688,0.1894385665655136
Grenada,"Q: What is the capital of Grenada?
A:",qa,11,8915.6376953125,5.1935529708862305,0.1920834332704544
Grenada,"Q: What is the capital of Grenada?
A:",qa,12,11920.2568359375,28.986526489257812,0.15237082540988922
Grenada,"Q: What is the capital of Grenada?
A:",qa,13,14469.25,26.955167770385742,0.11844447255134583
Grenada,"Q: What is the capital of Grenada?
A:",qa,14,18492.55078125,45.192420959472656,0.11726102232933044
Grenada,"Q: What is the capital of Grenada?
A:",qa,15,19676.556640625,36.44198989868164,0.09927307069301605
Grenada,"Q: What is the capital of Grenada?
A:",qa,16,26385.26953125,36.84284210205078,0.09018221497535706
Grenada,"Q: What is the capital of Grenada?
A:",qa,17,163.4205322265625,13.038702011108398,0.11735565960407257
Grenada,What is the capital of Grenada? Answer with only the capital city.,chat_template,0,171.92401123046875,168.21177673339844,0.20147034525871277
Grenada,What is the capital of Grenada? Answer with only the capital city.,chat_template,1,783.7322387695312,129.12554931640625,0.1702558398246765
Grenada,What is the capital of Grenada? Answer with only the capital city.,chat_template,2,1043.17138671875,23.44198989868164,0.15991568565368652
Grenada,What is the capital of Grenada? Answer with only the capital city.,chat_template,3,1385.009521484375,13.606446266174316,0.1953841745853424
Grenada,What is the capital of Grenada? Answer with only the capital city.,chat_template,4,803.0737915039062,12.300336837768555,0.19522935152053833
Grenada,What is the capital of Grenada? Answer with only the capital city.,chat_template,5,2371.163818359375,19.53632354736328,0.13972723484039307
Grenada,What is the capital of Grenada? Answer with only the capital city.,chat_template,6,3381.755126953125,6.82146692276001,0.16435527801513672
Grenada,What is the capital of Grenada? Answer with only the capital city.,chat_template,7,4730.12939453125,16.106481552124023,0.17107796669006348
Grenada,What is the capital of Grenada? Answer with only the capital city.,chat_template,8,5187.31689453125,18.648683547973633,0.20004092156887054
Grenada,What is the capital of Grenada? Answer with only the capital city.,chat_template,9,5418.236328125,14.118659973144531,0.15160556137561798
Grenada,What is the capital of Grenada? Answer with only the capital city.,chat_template,10,8819.7724609375,27.349328994750977,0.22324949502944946
Grenada,What is the capital of Grenada? Answer with only the capital city.,chat_template,11,8959.51171875,3.7645037174224854,0.20401042699813843
Grenada,What is the capital of Grenada? Answer with only the capital city.,chat_template,12,12336.4658203125,26.642911911010742,0.15763476490974426
Grenada,What is the capital of Grenada? Answer with only the capital city.,chat_template,13,15048.6728515625,23.544721603393555,0.12607622146606445
Grenada,What is the capital of Grenada? Answer with only the capital city.,chat_template,14,19248.033203125,43.616065979003906,0.12508784234523773
Grenada,What is the capital of Grenada? Answer with only the capital city.,chat_template,15,19528.2421875,33.20927810668945,0.11103452742099762
Grenada,What is the capital of Grenada? Answer with only the capital city.,chat_template,16,27100.94140625,32.15208435058594,0.11251772195100784
Grenada,What is the capital of Grenada? Answer with only the capital city.,chat_template,17,235.35861206054688,12.155526161193848,0.1365012228488922
Guatemala,What is the capital of Guatemala?,raw_question,0,154.367431640625,195.08468627929688,0.25618401169776917
Guatemala,What is the capital of Guatemala?,raw_question,1,1073.6669921875,106.80513000488281,0.19683578610420227
Guatemala,What is the capital of Guatemala?,raw_question,2,1315.3387451171875,16.448970794677734,0.16140612959861755
Guatemala,What is the capital of Guatemala?,raw_question,3,1609.7822265625,13.648677825927734,0.1999187469482422
Guatemala,What is the capital of Guatemala?,raw_question,4,2332.388671875,9.98290729522705,0.18439479172229767
Guatemala,What is the capital of Guatemala?,raw_question,5,2695.898681640625,20.1693115234375,0.14479023218154907
Guatemala,What is the capital of Guatemala?,raw_question,6,3193.50439453125,7.88343620300293,0.15860071778297424
Guatemala,What is the capital of Guatemala?,raw_question,7,5035.017578125,16.843564987182617,0.16854701936244965
Guatemala,What is the capital of Guatemala?,raw_question,8,5918.2001953125,15.993644714355469,0.17396089434623718
Guatemala,What is the capital of Guatemala?,raw_question,9,5314.51708984375,12.054274559020996,0.133240208029747
Guatemala,What is the capital of Guatemala?,raw_question,10,10520.6220703125,25.03733253479004,0.19821478426456451
Guatemala,What is the capital of Guatemala?,raw_question,11,10732.2392578125,3.4947826862335205,0.16896075010299683
Guatemala,What is the capital of Guatemala?,raw_question,12,12803.9189453125,27.015380859375,0.12725111842155457
Guatemala,What is the capital of Guatemala?,raw_question,13,15799.6240234375,27.490001678466797,0.10850449651479721
Guatemala,What is the capital of Guatemala?,raw_question,14,17080.705078125,46.36691665649414,0.11006063222885132
Guatemala,What is the capital of Guatemala?,raw_question,15,18028.578125,35.93008041381836,0.10099092125892639
Guatemala,What is the capital of Guatemala?,raw_question,16,24397.095703125,39.355628967285156,0.09226156026124954
Guatemala,What is the capital of Guatemala?,raw_question,17,167.15509033203125,10.837766647338867,0.1194174587726593
Guatemala,The capital of Guatemala is,declarative,0,132.60516357421875,158.0924835205078,0.21481984853744507
Guatemala,The capital of Guatemala is,declarative,1,863.2306518554688,129.90814208984375,0.23836871981620789
Guatemala,The capital of Guatemala is,declarative,2,1210.976318359375,22.054584503173828,0.18984083831310272
Guatemala,The capital of Guatemala is,declarative,3,1626.795166015625,14.22772216796875,0.22035877406597137
Guatemala,The capital of Guatemala is,declarative,4,2432.280517578125,10.203460693359375,0.17939579486846924
Guatemala,The capital of Guatemala is,declarative,5,2860.18310546875,19.991230010986328,0.14828792214393616
Guatemala,The capital of Guatemala is,declarative,6,3630.929931640625,8.259697914123535,0.164963498711586
Guatemala,The capital of Guatemala is,declarative,7,5758.18994140625,17.35919189453125,0.17131000757217407
Guatemala,The capital of Guatemala is,declarative,8,5497.33544921875,16.138948440551758,0.17412635684013367
Guatemala,The capital of Guatemala is,declarative,9,5730.23486328125,14.779210090637207,0.13741256296634674
Guatemala,The capital of Guatemala is,declarative,10,8808.060546875,28.642929077148438,0.1991674304008484
Guatemala,The capital of Guatemala is,declarative,11,9942.3359375,4.956001281738281,0.19586649537086487
Guatemala,The capital of Guatemala is,declarative,12,12200.96484375,36.22135543823242,0.15922880172729492
Guatemala,The capital of Guatemala is,declarative,13,15038.1552734375,24.504322052001953,0.13307732343673706
Guatemala,The capital of Guatemala is,declarative,14,18630.123046875,52.27341079711914,0.12639343738555908
Guatemala,The capital of Guatemala is,declarative,15,20777.896484375,37.32197570800781,0.10995118319988251
Guatemala,The capital of Guatemala is,declarative,16,24500.25390625,38.491477966308594,0.11362485587596893
Guatemala,The capital of Guatemala is,declarative,17,270.6233825683594,9.919023513793945,0.1359458565711975
Guatemala,"Q: What is the capital of Guatemala?
A:",qa,0,125.88197326660156,162.46893310546875,0.28567278385162354
Guatemala,"Q: What is the capital of Guatemala?
A:",qa,1,812.0532836914062,148.16563415527344,0.23878364264965057
Guatemala,"Q: What is the capital of Guatemala?
A:",qa,2,1003.3267822265625,21.458688735961914,0.1758602410554886
Guatemala,"Q: What is the capital of Guatemala?
A:",qa,3,1821.0635986328125,14.004379272460938,0.21957482397556305
Guatemala,"Q: What is the capital of Guatemala?
A:",qa,4,2118.856689453125,11.674769401550293,0.17646479606628418
Guatemala,"Q: What is the capital of Guatemala?
A:",qa,5,3459.498779296875,16.788360595703125,0.15267519652843475
Guatemala,"Q: What is the capital of Guatemala?
A:",qa,6,3613.723388671875,6.082136631011963,0.15202021598815918
Guatemala,"Q: What is the capital of Guatemala?
A:",qa,7,4885.11376953125,16.364925384521484,0.16060951352119446
Guatemala,"Q: What is the capital of Guatemala?
A:",qa,8,5369.0712890625,15.251298904418945,0.1890215277671814
Guatemala,"Q: What is the capital of Guatemala?
A:",qa,9,5164.74853515625,14.925993919372559,0.13576680421829224
Guatemala,"Q: What is the capital of Guatemala?
A:",qa,10,8235.4228515625,30.64996910095215,0.19188521802425385
Guatemala,"Q: What is the capital of Guatemala?
A:",qa,11,8810.4697265625,5.211401462554932,0.19278430938720703
Guatemala,"Q: What is the capital of Guatemala?
A:",qa,12,11903.138671875,34.892879486083984,0.15310120582580566
Guatemala,"Q: What is the capital of Guatemala?
A:",qa,13,14300.322265625,26.141069412231445,0.12292644381523132
Guatemala,"Q: What is the capital of Guatemala?
A:",qa,14,17964.548828125,47.602149963378906,0.1199934184551239
Guatemala,"Q: What is the capital of Guatemala?
A:",qa,15,19624.341796875,38.758338928222656,0.10249480605125427
Guatemala,"Q: What is the capital of Guatemala?
A:",qa,16,24967.80078125,36.45364761352539,0.0998903438448906
Guatemala,"Q: What is the capital of Guatemala?
A:",qa,17,207.06362915039062,11.649609565734863,0.12330940365791321
Guatemala,What is the capital of Guatemala? Answer with only the capital city.,chat_template,0,171.8265380859375,169.59149169921875,0.20187535881996155
Guatemala,What is the capital of Guatemala? Answer with only the capital city.,chat_template,1,787.0107421875,127.90571594238281,0.17040729522705078
Guatemala,What is the capital of Guatemala? Answer with only the capital city.,chat_template,2,1046.750732421875,23.385095596313477,0.15912052989006042
Guatemala,What is the capital of Guatemala? Answer with only the capital city.,chat_template,3,1383.4232177734375,13.65696907043457,0.19566532969474792
Guatemala,What is the capital of Guatemala? Answer with only the capital city.,chat_template,4,792.837158203125,12.330138206481934,0.1959620863199234
Guatemala,What is the capital of Guatemala? Answer with only the capital city.,chat_template,5,2397.271728515625,19.826303482055664,0.13947981595993042
Guatemala,What is the capital of Guatemala? Answer with only the capital city.,chat_template,6,3391.247314453125,6.707851886749268,0.16411611437797546
Guatemala,What is the capital of Guatemala? Answer with only the capital city.,chat_template,7,4699.130859375,15.90780258178711,0.16996429860591888
Guatemala,What is the capital of Guatemala? Answer with only the capital city.,chat_template,8,5245.021484375,18.56336212158203,0.19990716874599457
Guatemala,What is the capital of Guatemala? Answer with only the capital city.,chat_template,9,5471.96484375,14.156930923461914,0.1498243808746338
Guatemala,What is the capital of Guatemala? Answer with only the capital city.,chat_template,10,8943.9814453125,27.684431076049805,0.22256134450435638
Guatemala,What is the capital of Guatemala? Answer with only the capital city.,chat_template,11,9289.5263671875,4.031105995178223,0.20345398783683777
Guatemala,What is the capital of Guatemala? Answer with only the capital city.,chat_template,12,12697.7763671875,28.925045013427734,0.15755042433738708
Guatemala,What is the capital of Guatemala? Answer with only the capital city.,chat_template,13,15270.34765625,22.53436851501465,0.13252711296081543
Guatemala,What is the capital of Guatemala? Answer with only the capital city.,chat_template,14,18390.361328125,48.248775482177734,0.12759335339069366
Guatemala,What is the capital of Guatemala? Answer with only the capital city.,chat_template,15,20283.140625,36.22080993652344,0.11659792065620422
Guatemala,What is the capital of Guatemala? Answer with only the capital city.,chat_template,16,24110.111328125,34.15944290161133,0.12720844149589539
Guatemala,What is the capital of Guatemala? Answer with only the capital city.,chat_template,17,308.1838684082031,10.036832809448242,0.15170618891716003
Guinea,What is the capital of Guinea?,raw_question,0,155.0936737060547,191.63430786132812,0.25683456659317017
Guinea,What is the capital of Guinea?,raw_question,1,1071.286376953125,105.09114074707031,0.19819098711013794
Guinea,What is the capital of Guinea?,raw_question,2,1286.393310546875,15.916500091552734,0.1615392118692398
Guinea,What is the capital of Guinea?,raw_question,3,1598.48046875,14.39550495147705,0.20144987106323242
Guinea,What is the capital of Guinea?,raw_question,4,2223.922119140625,10.060999870300293,0.18188786506652832
Guinea,What is the capital of Guinea?,raw_question,5,2702.6611328125,19.698537826538086,0.1448161005973816
Guinea,What is the capital of Guinea?,raw_question,6,3156.77880859375,8.706140518188477,0.15673086047172546
Guinea,What is the capital of Guinea?,raw_question,7,5054.083984375,16.981281280517578,0.16450738906860352
Guinea,What is the capital of Guinea?,raw_question,8,5951.728515625,16.292234420776367,0.16867174208164215
Guinea,What is the capital of Guinea?,raw_question,9,5378.2177734375,12.391996383666992,0.1325637847185135
Guinea,What is the capital of Guinea?,raw_question,10,10518.2998046875,25.187759399414062,0.19565728306770325
Guinea,What is the capital of Guinea?,raw_question,11,10918.1533203125,3.521543502807617,0.1714746505022049
Guinea,What is the capital of Guinea?,raw_question,12,12952.5537109375,26.563608169555664,0.1273401379585266
Guinea,What is the capital of Guinea?,raw_question,13,16376.40625,26.217212677001953,0.10533490777015686
Guinea,What is the capital of Guinea?,raw_question,14,17382.837890625,44.479393005371094,0.10786919295787811
Guinea,What is the capital of Guinea?,raw_question,15,18398.158203125,34.313026428222656,0.09970860183238983
Guinea,What is the capital of Guinea?,raw_question,16,24958.16015625,39.83810043334961,0.08931717276573181
Guinea,What is the capital of Guinea?,raw_question,17,164.87335205078125,11.215892791748047,0.11585107445716858
Guinea,The capital of Guinea is,declarative,0,132.70799255371094,156.86587524414062,0.215267151594162
Guinea,The capital of Guinea is,declarative,1,866.8917236328125,127.65433502197266,0.24171492457389832
Guinea,The capital of Guinea is,declarative,2,1204.039794921875,21.418865203857422,0.19118960201740265
Guinea,The capital of Guinea is,declarative,3,1615.1942138671875,14.834023475646973,0.21890302002429962
Guinea,The capital of Guinea is,declarative,4,2366.39013671875,10.357441902160645,0.17455683648586273
Guinea,The capital of Guinea is,declarative,5,2826.378173828125,19.4411563873291,0.1459045708179474
Guinea,The capital of Guinea is,declarative,6,3585.945556640625,9.087217330932617,0.16361397504806519
Guinea,The capital of Guinea is,declarative,7,5692.86962890625,17.667409896850586,0.16843995451927185
Guinea,The capital of Guinea is,declarative,8,5435.82080078125,16.32940101623535,0.17058125138282776
Guinea,The capital of Guinea is,declarative,9,5758.95263671875,15.116933822631836,0.13625672459602356
Guinea,The capital of Guinea is,declarative,10,8801.4658203125,28.763835906982422,0.19971628487110138
Guinea,The capital of Guinea is,declarative,11,9949.4296875,4.837840557098389,0.19841007888317108
Guinea,The capital of Guinea is,declarative,12,12797.0673828125,34.128536224365234,0.16051143407821655
Guinea,The capital of Guinea is,declarative,13,16155.453125,24.482383728027344,0.12774255871772766
Guinea,The capital of Guinea is,declarative,14,20124.888671875,51.48701477050781,0.12104298174381256
Guinea,The capital of Guinea is,declarative,15,22311.208984375,37.31901168823242,0.10440944880247116
Guinea,The capital of Guinea is,declarative,16,25751.26953125,37.598514556884766,0.10167452692985535
Guinea,The capital of Guinea is,declarative,17,243.7010498046875,10.747989654541016,0.12937653064727783
Guinea,"Q: What is the capital of Guinea?
A:",qa,0,125.9186019897461,160.98435974121094,0.2872666120529175
Guinea,"Q: What is the capital of Guinea?
A:",qa,1,812.0310668945312,148.66436767578125,0.23835450410842896
Guinea,"Q: What is the capital of Guinea?
A:",qa,2,999.5880126953125,21.548011779785156,0.17613095045089722
Guinea,"Q: What is the capital of Guinea?
A:",qa,3,1783.8427734375,13.975364685058594,0.2200266420841217
Guinea,"Q: What is the capital of Guinea?
A:",qa,4,2114.315185546875,11.588386535644531,0.17710185050964355
Guinea,"Q: What is the capital of Guinea?
A:",qa,5,3456.016357421875,16.595016479492188,0.1528373807668686
Guinea,"Q: What is the capital of Guinea?
A:",qa,6,3699.89990234375,6.1560282707214355,0.15323856472969055
Guinea,"Q: What is the capital of Guinea?
A:",qa,7,4975.21728515625,16.29286003112793,0.15996626019477844
Guinea,"Q: What is the capital of Guinea?
A:",qa,8,5487.22021484375,15.26126766204834,0.1884852945804596
Guinea,"Q: What is the capital of Guinea?
A:",qa,9,5316.87353515625,14.736013412475586,0.13608670234680176
Guinea,"Q: What is the capital of Guinea?
A:",qa,10,8386.423828125,30.393203735351562,0.1889464259147644
Guinea,"Q: What is the capital of Guinea?
A:",qa,11,8933.4267578125,5.029820442199707,0.1924421489238739
Guinea,"Q: What is the capital of Guinea?
A:",qa,12,12056.806640625,31.218427658081055,0.153222918510437
Guinea,"Q: What is the capital of Guinea?
A:",qa,13,14996.02734375,26.405149459838867,0.1165437176823616
Guinea,"Q: What is the capital of Guinea?
A:",qa,14,18784.16015625,46.11863708496094,0.1154279112815857
Guinea,"Q: What is the capital of Guinea?
A:",qa,15,20967.580078125,37.39356231689453,0.09561087191104889
Guinea,"Q: What is the capital of Guinea?
A:",qa,16,26648.6328125,36.10369873046875,0.08732837438583374
Guinea,"Q: What is the capital of Guinea?
A:",qa,17,172.4211883544922,13.826177597045898,0.11094619333744049
Guinea,What is the capital of Guinea? Answer with only the capital city.,chat_template,0,172.18942260742188,168.86181640625,0.20264092087745667
Guinea,What is the capital of Guinea? Answer with only the capital city.,chat_template,1,783.6932983398438,128.97787475585938,0.17055979371070862
Guinea,What is the capital of Guinea? Answer with only the capital city.,chat_template,2,1046.8419189453125,23.560165405273438,0.1600421965122223
Guinea,What is the capital of Guinea? Answer with only the capital city.,chat_template,3,1385.094482421875,13.613774299621582,0.19533444941043854
Guinea,What is the capital of Guinea? Answer with only the capital city.,chat_template,4,787.6964721679688,12.388118743896484,0.1952964961528778
Guinea,What is the capital of Guinea? Answer with only the capital city.,chat_template,5,2359.2509765625,19.65287971496582,0.1395397037267685
Guinea,What is the capital of Guinea? Answer with only the capital city.,chat_template,6,3403.25341796875,6.833625793457031,0.1651381254196167
Guinea,What is the capital of Guinea? Answer with only the capital city.,chat_template,7,4638.84228515625,16.144983291625977,0.17163389921188354
Guinea,What is the capital of Guinea? Answer with only the capital city.,chat_template,8,5123.09033203125,18.94483184814453,0.20098985731601715
Guinea,What is the capital of Guinea? Answer with only the capital city.,chat_template,9,5383.5458984375,14.135453224182129,0.15109039843082428
Guinea,What is the capital of Guinea? Answer with only the capital city.,chat_template,10,8875.0,27.522207260131836,0.22218522429466248
Guinea,What is the capital of Guinea? Answer with only the capital city.,chat_template,11,8921.4619140625,3.815077781677246,0.20427818596363068
Guinea,What is the capital of Guinea? Answer with only the capital city.,chat_template,12,12614.3076171875,29.183059692382812,0.1564907431602478
Guinea,What is the capital of Guinea? Answer with only the capital city.,chat_template,13,15825.6591796875,22.451045989990234,0.12811821699142456
Guinea,What is the capital of Guinea? Answer with only the capital city.,chat_template,14,19680.6015625,45.076480865478516,0.12664079666137695
Guinea,What is the capital of Guinea? Answer with only the capital city.,chat_template,15,21583.79296875,34.822200775146484,0.10952262580394745
Guinea,What is the capital of Guinea? Answer with only the capital city.,chat_template,16,26520.166015625,33.14741516113281,0.11029205471277237
Guinea,What is the capital of Guinea? Answer with only the capital city.,chat_template,17,284.5932922363281,13.156614303588867,0.1331418752670288
Guyana,What is the capital of Guyana?,raw_question,0,154.64724731445312,194.74905395507812,0.2557961344718933
Guyana,What is the capital of Guyana?,raw_question,1,1071.2413330078125,105.51862335205078,0.19698801636695862
Guyana,What is the capital of Guyana?,raw_question,2,1293.738525390625,16.316936492919922,0.1609465777873993
Guyana,What is the capital of Guyana?,raw_question,3,1597.9390869140625,13.872906684875488,0.20244213938713074
Guyana,What is the capital of Guyana?,raw_question,4,2259.57080078125,10.026576042175293,0.184239000082016
Guyana,What is the capital of Guyana?,raw_question,5,2643.71923828125,19.62312126159668,0.14401274919509888
Guyana,What is the capital of Guyana?,raw_question,6,3193.480224609375,8.225664138793945,0.15799325704574585
Guyana,What is the capital of Guyana?,raw_question,7,4905.86767578125,17.086498260498047,0.16636812686920166
Guyana,What is the capital of Guyana?,raw_question,8,5838.4091796875,16.124652862548828,0.17255981266498566
Guyana,What is the capital of Guyana?,raw_question,9,5321.80322265625,12.108915328979492,0.1341829001903534
Guyana,What is the capital of Guyana?,raw_question,10,10522.021484375,25.21326446533203,0.19496497511863708
Guyana,What is the capital of Guyana?,raw_question,11,10703.8330078125,3.369340419769287,0.16974037885665894
Guyana,What is the capital of Guyana?,raw_question,12,12584.0341796875,24.864521026611328,0.12743772566318512
Guyana,What is the capital of Guyana?,raw_question,13,16026.8134765625,26.08377456665039,0.10647079348564148
Guyana,What is the capital of Guyana?,raw_question,14,16892.107421875,44.98274612426758,0.10942240804433823
Guyana,What is the capital of Guyana?,raw_question,15,18081.259765625,33.5734977722168,0.10156452655792236
Guyana,What is the capital of Guyana?,raw_question,16,24746.0078125,40.10005187988281,0.09044677019119263
Guyana,What is the capital of Guyana?,raw_question,17,161.84158325195312,11.821614265441895,0.11756178736686707
Guyana,The capital of Guyana is,declarative,0,132.8553466796875,166.40310668945312,0.21034333109855652
Guyana,The capital of Guyana is,declarative,1,863.0970458984375,126.19712829589844,0.24012187123298645
Guyana,The capital of Guyana is,declarative,2,1196.122802734375,21.957637786865234,0.18819062411785126
Guyana,The capital of Guyana is,declarative,3,1656.5228271484375,14.331769943237305,0.2214544117450714
Guyana,The capital of Guyana is,declarative,4,2386.829345703125,10.279153823852539,0.18030181527137756
Guyana,The capital of Guyana is,declarative,5,2810.477294921875,19.76420783996582,0.14736691117286682
Guyana,The capital of Guyana is,declarative,6,3472.097900390625,8.619622230529785,0.1630837321281433
Guyana,The capital of Guyana is,declarative,7,5613.388671875,17.898332595825195,0.1730976104736328
Guyana,The capital of Guyana is,declarative,8,5385.23095703125,16.340177536010742,0.17499369382858276
Guyana,The capital of Guyana is,declarative,9,5699.44140625,15.027750015258789,0.13795021176338196
Guyana,The capital of Guyana is,declarative,10,8736.466796875,28.661285400390625,0.19556987285614014
Guyana,The capital of Guyana is,declarative,11,9852.986328125,4.802206039428711,0.19519838690757751
Guyana,The capital of Guyana is,declarative,12,12289.1171875,35.45915985107422,0.15606272220611572
Guyana,The capital of Guyana is,declarative,13,15364.1865234375,24.679462432861328,0.1277688890695572
Guyana,The capital of Guyana is,declarative,14,19129.16796875,51.421573638916016,0.12215805053710938
Guyana,The capital of Guyana is,declarative,15,20578.609375,36.420536041259766,0.10332509875297546
Guyana,The capital of Guyana is,declarative,16,24879.060546875,38.590213775634766,0.10280002653598785
Guyana,The capital of Guyana is,declarative,17,230.411865234375,11.997621536254883,0.12834349274635315
Guyana,"Q: What is the capital of Guyana?
A:",qa,0,125.81207275390625,163.19772338867188,0.2843068540096283
Guyana,"Q: What is the capital of Guyana?
A:",qa,1,812.0964965820312,147.2108917236328,0.23912401497364044
Guyana,"Q: What is the capital of Guyana?
A:",qa,2,1003.428955078125,21.42270278930664,0.1766546070575714
Guyana,"Q: What is the capital of Guyana?
A:",qa,3,1806.589599609375,14.031229972839355,0.21968871355056763
Guyana,"Q: What is the capital of Guyana?
A:",qa,4,2105.479736328125,11.606525421142578,0.17634817957878113
Guyana,"Q: What is the capital of Guyana?
A:",qa,5,3436.97412109375,16.71265411376953,0.15317362546920776
Guyana,"Q: What is the capital of Guyana?
A:",qa,6,3629.018310546875,6.16945219039917,0.15348774194717407
Guyana,"Q: What is the capital of Guyana?
A:",qa,7,4947.52490234375,16.239849090576172,0.16205865144729614
Guyana,"Q: What is the capital of Guyana?
A:",qa,8,5493.6376953125,15.04098129272461,0.19011984765529633
Guyana,"Q: What is the capital of Guyana?
A:",qa,9,5320.06787109375,14.78786563873291,0.13698327541351318
Guyana,"Q: What is the capital of Guyana?
A:",qa,10,8389.99609375,30.51166534423828,0.18922685086727142
Guyana,"Q: What is the capital of Guyana?
A:",qa,11,8921.9248046875,5.096900463104248,0.19180454313755035
Guyana,"Q: What is the capital of Guyana?
A:",qa,12,11929.2294921875,34.338436126708984,0.15254870057106018
Guyana,"Q: What is the capital of Guyana?
A:",qa,13,14778.0390625,25.646312713623047,0.11688221991062164
Guyana,"Q: What is the capital of Guyana?
A:",qa,14,18410.80078125,45.71596908569336,0.11587870866060257
Guyana,"Q: What is the capital of Guyana?
A:",qa,15,20050.5234375,36.96375274658203,0.09705595672130585
Guyana,"Q: What is the capital of Guyana?
A:",qa,16,25701.53515625,36.63804626464844,0.08860521018505096
Guyana,"Q: What is the capital of Guyana?
A:",qa,17,177.9864044189453,14.529290199279785,0.11442390829324722
Guyana,What is the capital of Guyana? Answer with only the capital city.,chat_template,0,171.66607666015625,170.3125457763672,0.20053008198738098
Guyana,What is the capital of Guyana? Answer with only the capital city.,chat_template,1,784.8021850585938,127.9444351196289,0.1705297827720642
Guyana,What is the capital of Guyana? Answer with only the capital city.,chat_template,2,1040.4129638671875,23.367292404174805,0.16046324372291565
Guyana,What is the capital of Guyana? Answer with only the capital city.,chat_template,3,1385.3677978515625,13.608271598815918,0.19645577669143677
Guyana,What is the capital of Guyana? Answer with only the capital city.,chat_template,4,795.2227783203125,12.282459259033203,0.19543711841106415
Guyana,What is the capital of Guyana? Answer with only the capital city.,chat_template,5,2387.029296875,19.663246154785156,0.1396433562040329
Guyana,What is the capital of Guyana? Answer with only the capital city.,chat_template,6,3431.099609375,6.73292350769043,0.16422522068023682
Guyana,What is the capital of Guyana? Answer with only the capital city.,chat_template,7,4760.73828125,15.874826431274414,0.17018061876296997
Guyana,What is the capital of Guyana? Answer with only the capital city.,chat_template,8,5274.50927734375,18.631601333618164,0.2006741762161255
Guyana,What is the capital of Guyana? Answer with only the capital city.,chat_template,9,5504.72802734375,13.987332344055176,0.15051957964897156
Guyana,What is the capital of Guyana? Answer with only the capital city.,chat_template,10,9005.0205078125,27.434200286865234,0.2213219404220581
Guyana,What is the capital of Guyana? Answer with only the capital city.,chat_template,11,9194.3173828125,3.70249342918396,0.204988032579422
Guyana,What is the capital of Guyana? Answer with only the capital city.,chat_template,12,12160.8017578125,30.488536834716797,0.15669390559196472
Guyana,What is the capital of Guyana? Answer with only the capital city.,chat_template,13,15249.8564453125,22.531055450439453,0.12733739614486694
Guyana,What is the capital of Guyana? Answer with only the capital city.,chat_template,14,18595.876953125,45.76034164428711,0.1258310228586197
Guyana,What is the capital of Guyana? Answer with only the capital city.,chat_template,15,19936.986328125,33.7476692199707,0.10957272350788116
Guyana,What is the capital of Guyana? Answer with only the capital city.,chat_template,16,24841.125,32.006019592285156,0.11391520500183105
Guyana,What is the capital of Guyana? Answer with only the capital city.,chat_template,17,293.24005126953125,11.305537223815918,0.14206089079380035
Haiti,What is the capital of Haiti?,raw_question,0,154.78961181640625,192.9084014892578,0.257765531539917
Haiti,What is the capital of Haiti?,raw_question,1,1063.8775634765625,104.3984603881836,0.1986912339925766
Haiti,What is the capital of Haiti?,raw_question,2,1308.913330078125,16.437110900878906,0.16240420937538147
Haiti,What is the capital of Haiti?,raw_question,3,1594.735107421875,13.816905975341797,0.20025379955768585
Haiti,What is the capital of Haiti?,raw_question,4,2347.69580078125,9.72201156616211,0.18324828147888184
Haiti,What is the capital of Haiti?,raw_question,5,2732.02587890625,20.197425842285156,0.1443767249584198
Haiti,What is the capital of Haiti?,raw_question,6,3223.921142578125,8.141863822937012,0.15782272815704346
Haiti,What is the capital of Haiti?,raw_question,7,5000.4873046875,16.628931045532227,0.16751542687416077
Haiti,What is the capital of Haiti?,raw_question,8,5990.16650390625,16.537822723388672,0.17170922458171844
Haiti,What is the capital of Haiti?,raw_question,9,5329.41650390625,12.00901985168457,0.1325252652168274
Haiti,What is the capital of Haiti?,raw_question,10,10521.52734375,24.123668670654297,0.19708684086799622
Haiti,What is the capital of Haiti?,raw_question,11,10937.8212890625,3.4953372478485107,0.17157971858978271
Haiti,What is the capital of Haiti?,raw_question,12,12934.0224609375,26.713092803955078,0.13048672676086426
Haiti,What is the capital of Haiti?,raw_question,13,16311.83203125,26.253026962280273,0.10704044252634048
Haiti,What is the capital of Haiti?,raw_question,14,17307.70703125,44.33222579956055,0.10892824083566666
Haiti,What is the capital of Haiti?,raw_question,15,18326.96875,33.25505065917969,0.10151101648807526
Haiti,What is the capital of Haiti?,raw_question,16,24710.439453125,40.15169143676758,0.09201513230800629
Haiti,What is the capital of Haiti?,raw_question,17,167.45594787597656,10.707916259765625,0.12041245400905609
Haiti,The capital of Haiti is,declarative,0,131.4481964111328,161.9522705078125,0.21160341799259186
Haiti,The capital of Haiti is,declarative,1,863.2054443359375,126.42948913574219,0.24216261506080627
Haiti,The capital of Haiti is,declarative,2,1210.7496337890625,22.097436904907227,0.19166189432144165
Haiti,The capital of Haiti is,declarative,3,1621.6376953125,14.272756576538086,0.2204887568950653
Haiti,The capital of Haiti is,declarative,4,2395.09375,9.950484275817871,0.17984884977340698
Haiti,The capital of Haiti is,declarative,5,2787.548095703125,20.19939613342285,0.14710170030593872
Haiti,The capital of Haiti is,declarative,6,3515.47216796875,8.384011268615723,0.16518168151378632
Haiti,The capital of Haiti is,declarative,7,5640.30517578125,17.59259033203125,0.17214342951774597
Haiti,The capital of Haiti is,declarative,8,5502.2587890625,16.379379272460938,0.17378024756908417
Haiti,The capital of Haiti is,declarative,9,5701.72900390625,14.403127670288086,0.13638605177402496
Haiti,The capital of Haiti is,declarative,10,8814.119140625,27.892562866210938,0.19797612726688385
Haiti,The capital of Haiti is,declarative,11,10228.615234375,4.905718803405762,0.19802191853523254
Haiti,The capital of Haiti is,declarative,12,12404.8388671875,35.102237701416016,0.16157031059265137
Haiti,The capital of Haiti is,declarative,13,15463.54296875,24.561189651489258,0.1307864636182785
Haiti,The capital of Haiti is,declarative,14,19573.2421875,50.94338607788086,0.12351492047309875
Haiti,The capital of Haiti is,declarative,15,21281.416015625,36.25419235229492,0.105253666639328
Haiti,The capital of Haiti is,declarative,16,24878.90625,38.19374084472656,0.10514262318611145
Haiti,The capital of Haiti is,declarative,17,236.28036499023438,10.853322982788086,0.13225671648979187
Haiti,"Q: What is the capital of Haiti?
A:",qa,0,126.48941802978516,162.4171600341797,0.28470543026924133
Haiti,"Q: What is the capital of Haiti?
A:",qa,1,816.5935668945312,148.10028076171875,0.24046285450458527
Haiti,"Q: What is the capital of Haiti?
A:",qa,2,1000.6141967773438,21.452255249023438,0.17647746205329895
Haiti,"Q: What is the capital of Haiti?
A:",qa,3,1822.3695068359375,14.162917137145996,0.21941280364990234
Haiti,"Q: What is the capital of Haiti?
A:",qa,4,2127.388427734375,11.541279792785645,0.17587774991989136
Haiti,"Q: What is the capital of Haiti?
A:",qa,5,3461.595947265625,16.753929138183594,0.15254898369312286
Haiti,"Q: What is the capital of Haiti?
A:",qa,6,3652.1884765625,6.14897346496582,0.15228459239006042
Haiti,"Q: What is the capital of Haiti?
A:",qa,7,4865.1513671875,16.241193771362305,0.1607208251953125
Haiti,"Q: What is the capital of Haiti?
A:",qa,8,5405.8173828125,15.296098709106445,0.1908145248889923
Haiti,"Q: What is the capital of Haiti?
A:",qa,9,5198.05224609375,14.666709899902344,0.13675925135612488
Haiti,"Q: What is the capital of Haiti?
A:",qa,10,8327.919921875,29.817729949951172,0.19028635323047638
Haiti,"Q: What is the capital of Haiti?
A:",qa,11,8896.6298828125,5.152945518493652,0.19198672473430634
Haiti,"Q: What is the capital of Haiti?
A:",qa,12,11762.49609375,32.769039154052734,0.15731947124004364
Haiti,"Q: What is the capital of Haiti?
A:",qa,13,14750.7236328125,25.682199478149414,0.11849421262741089
Haiti,"Q: What is the capital of Haiti?
A:",qa,14,18512.955078125,45.313690185546875,0.11647414416074753
Haiti,"Q: What is the capital of Haiti?
A:",qa,15,20186.498046875,36.285091400146484,0.09814158827066422
Haiti,"Q: What is the capital of Haiti?
A:",qa,16,25610.181640625,36.957393646240234,0.0917845368385315
Haiti,"Q: What is the capital of Haiti?
A:",qa,17,178.20718383789062,13.824572563171387,0.11676090955734253
Haiti,What is the capital of Haiti? Answer with only the capital city.,chat_template,0,171.81884765625,169.6534881591797,0.20160800218582153
Haiti,What is the capital of Haiti? Answer with only the capital city.,chat_template,1,783.6751098632812,127.91069030761719,0.1705179214477539
Haiti,What is the capital of Haiti? Answer with only the capital city.,chat_template,2,1043.1859130859375,23.36757469177246,0.16022542119026184
Haiti,What is the capital of Haiti? Answer with only the capital city.,chat_template,3,1385.08447265625,13.634655952453613,0.1955791711807251
Haiti,What is the capital of Haiti? Answer with only the capital city.,chat_template,4,780.9222412109375,12.271663665771484,0.19501081109046936
Haiti,What is the capital of Haiti? Answer with only the capital city.,chat_template,5,2366.786865234375,19.82652473449707,0.13932214677333832
Haiti,What is the capital of Haiti? Answer with only the capital city.,chat_template,6,3457.3642578125,6.765825271606445,0.16500763595104218
Haiti,What is the capital of Haiti? Answer with only the capital city.,chat_template,7,4758.01708984375,15.767313003540039,0.1711583137512207
Haiti,What is the capital of Haiti? Answer with only the capital city.,chat_template,8,5244.6376953125,18.396886825561523,0.20068714022636414
Haiti,What is the capital of Haiti? Answer with only the capital city.,chat_template,9,5504.75732421875,13.792600631713867,0.15060961246490479
Haiti,What is the capital of Haiti? Answer with only the capital city.,chat_template,10,9012.0361328125,27.215879440307617,0.22349567711353302
Haiti,What is the capital of Haiti? Answer with only the capital city.,chat_template,11,9452.97265625,3.868772029876709,0.20470578968524933
Haiti,What is the capital of Haiti? Answer with only the capital city.,chat_template,12,12568.23828125,26.218509674072266,0.1626395285129547
Haiti,What is the capital of Haiti? Answer with only the capital city.,chat_template,13,15500.400390625,22.323734283447266,0.12766236066818237
Haiti,What is the capital of Haiti? Answer with only the capital city.,chat_template,14,19134.236328125,44.82075881958008,0.1257823407649994
Haiti,What is the capital of Haiti? Answer with only the capital city.,chat_template,15,20790.77734375,34.65851974487305,0.10972662270069122
Haiti,What is the capital of Haiti? Answer with only the capital city.,chat_template,16,25257.373046875,32.79927444458008,0.1147775873541832
Haiti,What is the capital of Haiti? Answer with only the capital city.,chat_template,17,313.07470703125,10.662176132202148,0.14239291846752167
Honduras,What is the capital of Honduras?,raw_question,0,154.1300048828125,193.0238800048828,0.2574479281902313
Honduras,What is the capital of Honduras?,raw_question,1,1074.2872314453125,105.63618469238281,0.19732066988945007
Honduras,What is the capital of Honduras?,raw_question,2,1308.3424072265625,16.384443283081055,0.16126105189323425
Honduras,What is the capital of Honduras?,raw_question,3,1618.1068115234375,13.875907897949219,0.19967961311340332
Honduras,What is the capital of Honduras?,raw_question,4,2301.857421875,9.706961631774902,0.18574649095535278
Honduras,What is the capital of Honduras?,raw_question,5,2695.322265625,20.168712615966797,0.1440630406141281
Honduras,What is the capital of Honduras?,raw_question,6,3215.73779296875,8.061006546020508,0.1590971201658249
Honduras,What is the capital of Honduras?,raw_question,7,5038.634765625,16.788354873657227,0.169530987739563
Honduras,What is the capital of Honduras?,raw_question,8,5891.13916015625,16.582178115844727,0.1725010722875595
Honduras,What is the capital of Honduras?,raw_question,9,5344.4521484375,11.962126731872559,0.1335483193397522
Honduras,What is the capital of Honduras?,raw_question,10,10518.84375,25.273653030395508,0.19801068305969238
Honduras,What is the capital of Honduras?,raw_question,11,10798.65625,3.4479551315307617,0.17062783241271973
Honduras,What is the capital of Honduras?,raw_question,12,12777.220703125,26.480880737304688,0.1299218237400055
Honduras,What is the capital of Honduras?,raw_question,13,15905.248046875,26.302928924560547,0.11037898063659668
Honduras,What is the capital of Honduras?,raw_question,14,17106.337890625,45.477142333984375,0.11087053269147873
Honduras,What is the capital of Honduras?,raw_question,15,18113.13671875,34.481605529785156,0.10265056788921356
Honduras,What is the capital of Honduras?,raw_question,16,24548.056640625,40.19734191894531,0.09264878183603287
Honduras,What is the capital of Honduras?,raw_question,17,170.8883056640625,10.168259620666504,0.1206451803445816
Honduras,The capital of Honduras is,declarative,0,131.6291046142578,158.79002380371094,0.21358518302440643
Honduras,The capital of Honduras is,declarative,1,863.9395751953125,126.50544738769531,0.23849445581436157
Honduras,The capital of Honduras is,declarative,2,1211.4041748046875,21.529085159301758,0.18819501996040344
Honduras,The capital of Honduras is,declarative,3,1617.099365234375,14.439030647277832,0.21908670663833618
Honduras,The capital of Honduras is,declarative,4,2367.502197265625,9.986479759216309,0.18275634944438934
Honduras,The capital of Honduras is,declarative,5,2785.431396484375,20.01443099975586,0.14753684401512146
Honduras,The capital of Honduras is,declarative,6,3619.680419921875,8.596795082092285,0.1653434932231903
Honduras,The capital of Honduras is,declarative,7,5723.0986328125,17.422029495239258,0.17134533822536469
Honduras,The capital of Honduras is,declarative,8,5524.521484375,16.364429473876953,0.17360273003578186
Honduras,The capital of Honduras is,declarative,9,5759.44384765625,14.750650405883789,0.13785392045974731
Honduras,The capital of Honduras is,declarative,10,8808.5751953125,29.12087631225586,0.20083650946617126
Honduras,The capital of Honduras is,declarative,11,10024.279296875,4.98875617980957,0.1965811848640442
Honduras,The capital of Honduras is,declarative,12,12259.8271484375,35.11752700805664,0.1608041226863861
Honduras,The capital of Honduras is,declarative,13,15306.0322265625,25.22873306274414,0.13294407725334167
Honduras,The capital of Honduras is,declarative,14,18897.021484375,52.101139068603516,0.12341752648353577
Honduras,The capital of Honduras is,declarative,15,20907.59765625,36.145687103271484,0.1072317436337471
Honduras,The capital of Honduras is,declarative,16,24864.080078125,38.33540344238281,0.10802478343248367
Honduras,The capital of Honduras is,declarative,17,265.6416931152344,9.681374549865723,0.133683979511261
Honduras,"Q: What is the capital of Honduras?
A:",qa,0,126.14984893798828,161.68019104003906,0.2861950695514679
Honduras,"Q: What is the capital of Honduras?
A:",qa,1,815.6525268554688,148.62600708007812,0.23924244940280914
Honduras,"Q: What is the capital of Honduras?
A:",qa,2,1003.5726318359375,21.39569854736328,0.17638149857521057
Honduras,"Q: What is the capital of Honduras?
A:",qa,3,1820.459228515625,14.046712875366211,0.22082477807998657
Honduras,"Q: What is the capital of Honduras?
A:",qa,4,2095.14013671875,11.638570785522461,0.17747080326080322
Honduras,"Q: What is the capital of Honduras?
A:",qa,5,3459.340576171875,16.745338439941406,0.15295399725437164
Honduras,"Q: What is the capital of Honduras?
A:",qa,6,3610.96923828125,6.184845447540283,0.15276461839675903
Honduras,"Q: What is the capital of Honduras?
A:",qa,7,4917.0126953125,16.183950424194336,0.16068878769874573
Honduras,"Q: What is the capital of Honduras?
A:",qa,8,5404.861328125,15.54265308380127,0.1900717318058014
Honduras,"Q: What is the capital of Honduras?
A:",qa,9,5198.6181640625,15.002405166625977,0.1357315629720688
Honduras,"Q: What is the capital of Honduras?
A:",qa,10,8326.6640625,30.831222534179688,0.189584881067276
Honduras,"Q: What is the capital of Honduras?
A:",qa,11,8811.685546875,5.209120273590088,0.19023144245147705
Honduras,"Q: What is the capital of Honduras?
A:",qa,12,11831.2900390625,32.08131408691406,0.155808225274086
Honduras,"Q: What is the capital of Honduras?
A:",qa,13,14558.32421875,25.38274383544922,0.12307292222976685
Honduras,"Q: What is the capital of Honduras?
A:",qa,14,18234.16015625,46.225250244140625,0.11952424049377441
Honduras,"Q: What is the capital of Honduras?
A:",qa,15,20097.083984375,36.8480110168457,0.1012694388628006
Honduras,"Q: What is the capital of Honduras?
A:",qa,16,25672.62890625,36.64039993286133,0.09609533846378326
Honduras,"Q: What is the capital of Honduras?
A:",qa,17,196.65679931640625,11.432965278625488,0.12031637877225876
Honduras,What is the capital of Honduras? Answer with only the capital city.,chat_template,0,171.87014770507812,169.41070556640625,0.20149898529052734
Honduras,What is the capital of Honduras? Answer with only the capital city.,chat_template,1,787.056396484375,128.38983154296875,0.17058445513248444
Honduras,What is the capital of Honduras? Answer with only the capital city.,chat_template,2,1046.8846435546875,23.426029205322266,0.1599355936050415
Honduras,What is the capital of Honduras? Answer with only the capital city.,chat_template,3,1397.172607421875,13.592744827270508,0.19548149406909943
Honduras,What is the capital of Honduras? Answer with only the capital city.,chat_template,4,790.5572509765625,12.334717750549316,0.19529271125793457
Honduras,What is the capital of Honduras? Answer with only the capital city.,chat_template,5,2383.80859375,19.77860450744629,0.13933898508548737
Honduras,What is the capital of Honduras? Answer with only the capital city.,chat_template,6,3433.34716796875,6.791840553283691,0.16452695429325104
Honduras,What is the capital of Honduras? Answer with only the capital city.,chat_template,7,4782.470703125,15.895748138427734,0.1699645221233368
Honduras,What is the capital of Honduras? Answer with only the capital city.,chat_template,8,5296.96484375,18.343149185180664,0.20059435069561005
Honduras,What is the capital of Honduras? Answer with only the capital city.,chat_template,9,5499.14306640625,14.173141479492188,0.15050311386585236
Honduras,What is the capital of Honduras? Answer with only the capital city.,chat_template,10,8943.1787109375,27.61416244506836,0.2226792871952057
Honduras,What is the capital of Honduras? Answer with only the capital city.,chat_template,11,9237.5634765625,3.923203229904175,0.2042769491672516
Honduras,What is the capital of Honduras? Answer with only the capital city.,chat_template,12,12630.4658203125,27.799528121948242,0.1614227592945099
Honduras,What is the capital of Honduras? Answer with only the capital city.,chat_template,13,15418.4189453125,22.09839630126953,0.1353229284286499
Honduras,What is the capital of Honduras? Answer with only the capital city.,chat_template,14,18921.908203125,47.54895782470703,0.1290980875492096
Honduras,What is the capital of Honduras? Answer with only the capital city.,chat_template,15,20937.8671875,33.88388442993164,0.11552858352661133
Honduras,What is the capital of Honduras? Answer with only the capital city.,chat_template,16,25295.27734375,33.190155029296875,0.12198060750961304
Honduras,What is the capital of Honduras? Answer with only the capital city.,chat_template,17,301.6611022949219,9.612068176269531,0.1480194479227066
Hungary,What is the capital of Hungary?,raw_question,0,155.43899536132812,190.99728393554688,0.2573198676109314
Hungary,What is the capital of Hungary?,raw_question,1,1067.5838623046875,104.49591827392578,0.19771985709667206
Hungary,What is the capital of Hungary?,raw_question,2,1301.1968994140625,15.67658805847168,0.16048230230808258
Hungary,What is the capital of Hungary?,raw_question,3,1608.18798828125,13.688630104064941,0.20073910057544708
Hungary,What is the capital of Hungary?,raw_question,4,2347.80322265625,9.866229057312012,0.1842668354511261
Hungary,What is the capital of Hungary?,raw_question,5,2748.327880859375,20.10991859436035,0.14402499794960022
Hungary,What is the capital of Hungary?,raw_question,6,3222.94482421875,8.361736297607422,0.15828542411327362
Hungary,What is the capital of Hungary?,raw_question,7,5079.828125,16.428537368774414,0.16778208315372467
Hungary,What is the capital of Hungary?,raw_question,8,5865.1357421875,16.386816024780273,0.1695663332939148
Hungary,What is the capital of Hungary?,raw_question,9,5380.6572265625,11.885783195495605,0.13304874300956726
Hungary,What is the capital of Hungary?,raw_question,10,10515.3369140625,25.28782844543457,0.1971544325351715
Hungary,What is the capital of Hungary?,raw_question,11,10915.3701171875,3.4384348392486572,0.17026454210281372
Hungary,What is the capital of Hungary?,raw_question,12,12908.029296875,27.471385955810547,0.12935006618499756
Hungary,What is the capital of Hungary?,raw_question,13,16232.52734375,25.77482795715332,0.10661233961582184
Hungary,What is the capital of Hungary?,raw_question,14,17416.435546875,45.90748596191406,0.10687406361103058
Hungary,What is the capital of Hungary?,raw_question,15,18206.724609375,35.20479202270508,0.0985179916024208
Hungary,What is the capital of Hungary?,raw_question,16,24713.650390625,39.5505485534668,0.08911161124706268
Hungary,What is the capital of Hungary?,raw_question,17,164.61209106445312,10.906708717346191,0.11708799004554749
Hungary,The capital of Hungary is,declarative,0,132.6954345703125,155.29660034179688,0.21665745973587036
Hungary,The capital of Hungary is,declarative,1,859.9010620117188,127.02210235595703,0.24390605092048645
Hungary,The capital of Hungary is,declarative,2,1218.4483642578125,21.110197067260742,0.19000062346458435
Hungary,The capital of Hungary is,declarative,3,1606.2281494140625,14.235088348388672,0.21848544478416443
Hungary,The capital of Hungary is,declarative,4,2460.760986328125,9.998047828674316,0.17909914255142212
Hungary,The capital of Hungary is,declarative,5,2869.43310546875,19.79181671142578,0.14693564176559448
Hungary,The capital of Hungary is,declarative,6,3626.239013671875,8.538429260253906,0.16436998546123505
Hungary,The capital of Hungary is,declarative,7,5581.595703125,17.36244773864746,0.17198795080184937
Hungary,The capital of Hungary is,declarative,8,5415.7578125,16.888368606567383,0.17364031076431274
Hungary,The capital of Hungary is,declarative,9,5549.72314453125,14.425700187683105,0.13773033022880554
Hungary,The capital of Hungary is,declarative,10,8609.8056640625,29.402854919433594,0.20053160190582275
Hungary,The capital of Hungary is,declarative,11,9813.42578125,4.974002361297607,0.19617490470409393
Hungary,The capital of Hungary is,declarative,12,12048.3759765625,37.447235107421875,0.1637374758720398
Hungary,The capital of Hungary is,declarative,13,15248.8330078125,24.753883361816406,0.12829303741455078
Hungary,The capital of Hungary is,declarative,14,18995.658203125,52.16743469238281,0.1213034987449646
Hungary,The capital of Hungary is,declarative,15,20185.13671875,37.98024368286133,0.10227717459201813
Hungary,The capital of Hungary is,declarative,16,23333.0859375,39.8725471496582,0.10218874365091324
Hungary,The capital of Hungary is,declarative,17,272.3506774902344,9.842523574829102,0.13181251287460327
Hungary,"Q: What is the capital of Hungary?
A:",qa,0,126.26226806640625,161.03060913085938,0.2866359353065491
Hungary,"Q: What is the capital of Hungary?
A:",qa,1,805.1069946289062,151.3899688720703,0.24089890718460083
Hungary,"Q: What is the capital of Hungary?
A:",qa,2,1007.4737548828125,21.2945613861084,0.17664487659931183
Hungary,"Q: What is the capital of Hungary?
A:",qa,3,1802.4703369140625,13.872706413269043,0.22042179107666016
Hungary,"Q: What is the capital of Hungary?
A:",qa,4,2113.26953125,11.380898475646973,0.1752341240644455
Hungary,"Q: What is the capital of Hungary?
A:",qa,5,3511.136962890625,16.47256851196289,0.1534319519996643
Hungary,"Q: What is the capital of Hungary?
A:",qa,6,3613.744873046875,6.315064430236816,0.15308316051959991
Hungary,"Q: What is the capital of Hungary?
A:",qa,7,4893.60888671875,15.939316749572754,0.16170421242713928
Hungary,"Q: What is the capital of Hungary?
A:",qa,8,5375.66015625,15.237805366516113,0.19007577002048492
Hungary,"Q: What is the capital of Hungary?
A:",qa,9,5135.27490234375,14.925573348999023,0.1369759738445282
Hungary,"Q: What is the capital of Hungary?
A:",qa,10,8268.8671875,30.993345260620117,0.19164973497390747
Hungary,"Q: What is the capital of Hungary?
A:",qa,11,8704.400390625,5.080402851104736,0.18969647586345673
Hungary,"Q: What is the capital of Hungary?
A:",qa,12,11663.416015625,36.21953582763672,0.15856099128723145
Hungary,"Q: What is the capital of Hungary?
A:",qa,13,14362.9140625,25.702560424804688,0.11697838455438614
Hungary,"Q: What is the capital of Hungary?
A:",qa,14,18267.603515625,48.98649215698242,0.11809219419956207
Hungary,"Q: What is the capital of Hungary?
A:",qa,15,19225.333984375,41.263771057128906,0.09535585343837738
Hungary,"Q: What is the capital of Hungary?
A:",qa,16,24977.5078125,37.466522216796875,0.09087082743644714
Hungary,"Q: What is the capital of Hungary?
A:",qa,17,201.91162109375,12.64168930053711,0.11702568829059601
Hungary,What is the capital of Hungary? Answer with only the capital city.,chat_template,0,172.1988067626953,168.9554443359375,0.20300021767616272
Hungary,What is the capital of Hungary? Answer with only the capital city.,chat_template,1,790.5159912109375,128.38421630859375,0.17019236087799072
Hungary,What is the capital of Hungary? Answer with only the capital city.,chat_template,2,1054.16943359375,23.46360206604004,0.15907949209213257
Hungary,What is the capital of Hungary? Answer with only the capital city.,chat_template,3,1398.365966796875,13.549678802490234,0.1951030194759369
Hungary,What is the capital of Hungary? Answer with only the capital city.,chat_template,4,804.1968994140625,12.344368934631348,0.1933349370956421
Hungary,What is the capital of Hungary? Answer with only the capital city.,chat_template,5,2381.06884765625,19.80396270751953,0.13925772905349731
Hungary,What is the capital of Hungary? Answer with only the capital city.,chat_template,6,3447.8056640625,6.848280906677246,0.1644296944141388
Hungary,What is the capital of Hungary? Answer with only the capital city.,chat_template,7,4693.42626953125,16.025848388671875,0.17090116441249847
Hungary,What is the capital of Hungary? Answer with only the capital city.,chat_template,8,5181.29345703125,18.698028564453125,0.20015040040016174
Hungary,What is the capital of Hungary? Answer with only the capital city.,chat_template,9,5468.39990234375,14.040465354919434,0.15060551464557648
Hungary,What is the capital of Hungary? Answer with only the capital city.,chat_template,10,8942.4853515625,27.396198272705078,0.22090670466423035
Hungary,What is the capital of Hungary? Answer with only the capital city.,chat_template,11,9350.279296875,3.8668394088745117,0.1999955177307129
Hungary,What is the capital of Hungary? Answer with only the capital city.,chat_template,12,12462.7744140625,32.09040832519531,0.15965206921100616
Hungary,What is the capital of Hungary? Answer with only the capital city.,chat_template,13,15415.181640625,22.58649253845215,0.1260058879852295
Hungary,What is the capital of Hungary? Answer with only the capital city.,chat_template,14,19228.869140625,47.521705627441406,0.1303715705871582
Hungary,What is the capital of Hungary? Answer with only the capital city.,chat_template,15,19096.158203125,41.205604553222656,0.10978232324123383
Hungary,What is the capital of Hungary? Answer with only the capital city.,chat_template,16,23225.01171875,34.36043167114258,0.11749210208654404
Hungary,What is the capital of Hungary? Answer with only the capital city.,chat_template,17,319.51263427734375,11.375143051147461,0.14730378985404968
Iceland,What is the capital of Iceland?,raw_question,0,154.80999755859375,192.9778594970703,0.25811198353767395
Iceland,What is the capital of Iceland?,raw_question,1,1071.9639892578125,107.46076965332031,0.19556978344917297
Iceland,What is the capital of Iceland?,raw_question,2,1324.6031494140625,16.11583137512207,0.16080564260482788
Iceland,What is the capital of Iceland?,raw_question,3,1617.9112548828125,13.958595275878906,0.19867223501205444
Iceland,What is the capital of Iceland?,raw_question,4,2317.943603515625,9.730052947998047,0.1835876852273941
Iceland,What is the capital of Iceland?,raw_question,5,2705.9775390625,20.284709930419922,0.14465266466140747
Iceland,What is the capital of Iceland?,raw_question,6,3322.009033203125,8.424574851989746,0.15821786224842072
Iceland,What is the capital of Iceland?,raw_question,7,4976.443359375,16.71986961364746,0.1637527197599411
Iceland,What is the capital of Iceland?,raw_question,8,5902.3603515625,16.11307144165039,0.17032712697982788
Iceland,What is the capital of Iceland?,raw_question,9,5208.212890625,12.26561450958252,0.13177306950092316
Iceland,What is the capital of Iceland?,raw_question,10,10392.9638671875,25.204551696777344,0.19640037417411804
Iceland,What is the capital of Iceland?,raw_question,11,10707.75390625,3.517516613006592,0.17040087282657623
Iceland,What is the capital of Iceland?,raw_question,12,12980.8955078125,29.06256675720215,0.1296761929988861
Iceland,What is the capital of Iceland?,raw_question,13,16076.4658203125,25.545961380004883,0.10699719935655594
Iceland,What is the capital of Iceland?,raw_question,14,17236.091796875,44.230045318603516,0.1076771542429924
Iceland,What is the capital of Iceland?,raw_question,15,18414.43359375,35.180015563964844,0.0991009920835495
Iceland,What is the capital of Iceland?,raw_question,16,25004.38671875,39.77237319946289,0.08893544971942902
Iceland,What is the capital of Iceland?,raw_question,17,173.6824493408203,10.244766235351562,0.11677712202072144
Iceland,The capital of Iceland is,declarative,0,133.41514587402344,158.64170837402344,0.2142440378665924
Iceland,The capital of Iceland is,declarative,1,864.1466064453125,129.54296875,0.23688773810863495
Iceland,The capital of Iceland is,declarative,2,1249.576904296875,22.266136169433594,0.19054105877876282
Iceland,The capital of Iceland is,declarative,3,1629.125732421875,14.065878868103027,0.21667858958244324
Iceland,The capital of Iceland is,declarative,4,2399.271240234375,9.946727752685547,0.17674611508846283
Iceland,The capital of Iceland is,declarative,5,2803.205810546875,19.998226165771484,0.1457478404045105
Iceland,The capital of Iceland is,declarative,6,3627.527099609375,8.556793212890625,0.16533154249191284
Iceland,The capital of Iceland is,declarative,7,5700.595703125,17.120288848876953,0.17218400537967682
Iceland,The capital of Iceland is,declarative,8,5567.95361328125,16.463285446166992,0.17030857503414154
Iceland,The capital of Iceland is,declarative,9,5609.234375,14.302151679992676,0.13437527418136597
Iceland,The capital of Iceland is,declarative,10,8600.8408203125,28.784923553466797,0.1932237148284912
Iceland,The capital of Iceland is,declarative,11,9889.2109375,4.85578727722168,0.19253753125667572
Iceland,The capital of Iceland is,declarative,12,12945.1064453125,39.843997955322266,0.15625137090682983
Iceland,The capital of Iceland is,declarative,13,15346.40234375,24.194137573242188,0.12893977761268616
Iceland,The capital of Iceland is,declarative,14,19014.791015625,50.381080627441406,0.11966539174318314
Iceland,The capital of Iceland is,declarative,15,20389.419921875,35.505245208740234,0.10122134536504745
Iceland,The capital of Iceland is,declarative,16,24119.802734375,40.05720520019531,0.10128027200698853
Iceland,The capital of Iceland is,declarative,17,269.0096435546875,9.726573944091797,0.1315861940383911
Iceland,"Q: What is the capital of Iceland?
A:",qa,0,126.22657012939453,161.6073455810547,0.28637492656707764
Iceland,"Q: What is the capital of Iceland?
A:",qa,1,812.0421142578125,146.43214416503906,0.23838186264038086
Iceland,"Q: What is the capital of Iceland?
A:",qa,2,1006.6482543945312,21.241840362548828,0.17491582036018372
Iceland,"Q: What is the capital of Iceland?
A:",qa,3,1813.167724609375,14.037951469421387,0.2195523977279663
Iceland,"Q: What is the capital of Iceland?
A:",qa,4,2089.440673828125,11.738054275512695,0.1761993169784546
Iceland,"Q: What is the capital of Iceland?
A:",qa,5,3485.333251953125,16.67411994934082,0.15289601683616638
Iceland,"Q: What is the capital of Iceland?
A:",qa,6,3680.732177734375,6.0784525871276855,0.15218707919120789
Iceland,"Q: What is the capital of Iceland?
A:",qa,7,4915.896484375,16.09919548034668,0.16099224984645844
Iceland,"Q: What is the capital of Iceland?
A:",qa,8,5427.9814453125,15.2974271774292,0.18926963210105896
Iceland,"Q: What is the capital of Iceland?
A:",qa,9,5253.44384765625,14.764652252197266,0.1352076232433319
Iceland,"Q: What is the capital of Iceland?
A:",qa,10,8352.6611328125,30.50877571105957,0.19142569601535797
Iceland,"Q: What is the capital of Iceland?
A:",qa,11,8885.9423828125,5.190726280212402,0.19304892420768738
Iceland,"Q: What is the capital of Iceland?
A:",qa,12,12909.0634765625,38.843544006347656,0.15396593511104584
Iceland,"Q: What is the capital of Iceland?
A:",qa,13,14597.4267578125,24.749046325683594,0.11791864037513733
Iceland,"Q: What is the capital of Iceland?
A:",qa,14,18478.912109375,45.81637191772461,0.11634177714586258
Iceland,"Q: What is the capital of Iceland?
A:",qa,15,19410.744140625,36.59224319458008,0.09630565345287323
Iceland,"Q: What is the capital of Iceland?
A:",qa,16,25447.39453125,36.922264099121094,0.0921361893415451
Iceland,"Q: What is the capital of Iceland?
A:",qa,17,213.34800720214844,11.274738311767578,0.11741411685943604
Iceland,What is the capital of Iceland? Answer with only the capital city.,chat_template,0,171.52381896972656,169.65101623535156,0.20172399282455444
Iceland,What is the capital of Iceland? Answer with only the capital city.,chat_template,1,787.1557006835938,128.4978485107422,0.17037752270698547
Iceland,What is the capital of Iceland? Answer with only the capital city.,chat_template,2,1043.2274169921875,23.519046783447266,0.16003304719924927
Iceland,What is the capital of Iceland? Answer with only the capital city.,chat_template,3,1383.8245849609375,13.607583999633789,0.19587746262550354
Iceland,What is the capital of Iceland? Answer with only the capital city.,chat_template,4,787.65869140625,12.333014488220215,0.19635218381881714
Iceland,What is the capital of Iceland? Answer with only the capital city.,chat_template,5,2382.993408203125,19.832059860229492,0.13923779129981995
Iceland,What is the capital of Iceland? Answer with only the capital city.,chat_template,6,3469.83544921875,6.845320701599121,0.16482749581336975
Iceland,What is the capital of Iceland? Answer with only the capital city.,chat_template,7,4817.705078125,15.843886375427246,0.17237871885299683
Iceland,What is the capital of Iceland? Answer with only the capital city.,chat_template,8,5273.83251953125,18.614837646484375,0.1987793743610382
Iceland,What is the capital of Iceland? Answer with only the capital city.,chat_template,9,5442.37841796875,13.898984909057617,0.1490110456943512
Iceland,What is the capital of Iceland? Answer with only the capital city.,chat_template,10,8883.728515625,27.344758987426758,0.22310620546340942
Iceland,What is the capital of Iceland? Answer with only the capital city.,chat_template,11,9491.21875,3.8396034240722656,0.20583653450012207
Iceland,What is the capital of Iceland? Answer with only the capital city.,chat_template,12,14606.0341796875,29.58351707458496,0.1563381403684616
Iceland,What is the capital of Iceland? Answer with only the capital city.,chat_template,13,16282.546875,22.186368942260742,0.12811073660850525
Iceland,What is the capital of Iceland? Answer with only the capital city.,chat_template,14,20046.5703125,44.4791374206543,0.12537355720996857
Iceland,What is the capital of Iceland? Answer with only the capital city.,chat_template,15,19566.8515625,32.81826400756836,0.10754720866680145
Iceland,What is the capital of Iceland? Answer with only the capital city.,chat_template,16,25105.220703125,31.6536922454834,0.11702413856983185
Iceland,What is the capital of Iceland? Answer with only the capital city.,chat_template,17,310.0432434082031,8.981314659118652,0.14631232619285583
India,What is the capital of India?,raw_question,0,154.54006958007812,191.9084930419922,0.2583775818347931
India,What is the capital of India?,raw_question,1,1067.4866943359375,105.79121398925781,0.1990097165107727
India,What is the capital of India?,raw_question,2,1301.2303466796875,16.08301544189453,0.15995004773139954
India,What is the capital of India?,raw_question,3,1567.8973388671875,13.520587921142578,0.20166337490081787
India,What is the capital of India?,raw_question,4,2254.734130859375,9.9644193649292,0.18690195679664612
India,What is the capital of India?,raw_question,5,2672.7294921875,20.574077606201172,0.1428084373474121
India,What is the capital of India?,raw_question,6,3387.287353515625,8.243383407592773,0.1599339246749878
India,What is the capital of India?,raw_question,7,5058.65234375,16.748693466186523,0.16642078757286072
India,What is the capital of India?,raw_question,8,5870.24072265625,16.363759994506836,0.16912297904491425
India,What is the capital of India?,raw_question,9,5300.54296875,12.183892250061035,0.13271553814411163
India,What is the capital of India?,raw_question,10,10520.9521484375,26.018287658691406,0.1954449713230133
India,What is the capital of India?,raw_question,11,11173.73046875,3.4252665042877197,0.17108117043972015
India,What is the capital of India?,raw_question,12,13289.3916015625,29.622352600097656,0.12770968675613403
India,What is the capital of India?,raw_question,13,16994.28515625,25.209449768066406,0.1067587286233902
India,What is the capital of India?,raw_question,14,18193.6328125,43.957183837890625,0.10797882080078125
India,What is the capital of India?,raw_question,15,19281.373046875,32.09713363647461,0.10145990550518036
India,What is the capital of India?,raw_question,16,25337.169921875,39.8527717590332,0.09157826751470566
India,What is the capital of India?,raw_question,17,163.91966247558594,9.818459510803223,0.12129780650138855
India,The capital of India is,declarative,0,131.52008056640625,160.5249481201172,0.2153843641281128
India,The capital of India is,declarative,1,856.8959350585938,127.17298889160156,0.2428855001926422
India,The capital of India is,declarative,2,1211.6864013671875,21.71887969970703,0.19037535786628723
India,The capital of India is,declarative,3,1605.1510009765625,14.318082809448242,0.21854902803897858
India,The capital of India is,declarative,4,2397.996337890625,10.107213020324707,0.1804037094116211
India,The capital of India is,declarative,5,2821.152099609375,20.383092880249023,0.14432810246944427
India,The capital of India is,declarative,6,3681.101806640625,8.261811256408691,0.1653631180524826
India,The capital of India is,declarative,7,5574.94287109375,17.842296600341797,0.17227467894554138
India,The capital of India is,declarative,8,5380.5986328125,17.078941345214844,0.17294596135616302
India,The capital of India is,declarative,9,5490.48291015625,14.754607200622559,0.13852807879447937
India,The capital of India is,declarative,10,8615.193359375,29.81368637084961,0.20043830573558807
India,The capital of India is,declarative,11,9662.9658203125,4.752358913421631,0.19977614283561707
India,The capital of India is,declarative,12,12420.8544921875,32.59396743774414,0.15566673874855042
India,The capital of India is,declarative,13,16125.1162109375,25.522254943847656,0.12521794438362122
India,The capital of India is,declarative,14,19483.646484375,50.41910171508789,0.118385910987854
India,The capital of India is,declarative,15,20934.888671875,34.90015411376953,0.106137216091156
India,The capital of India is,declarative,16,22971.525390625,38.94330978393555,0.10465777665376663
India,The capital of India is,declarative,17,266.4649658203125,9.54708480834961,0.1406400352716446
India,"Q: What is the capital of India?
A:",qa,0,125.83981323242188,162.99349975585938,0.2855180501937866
India,"Q: What is the capital of India?
A:",qa,1,812.0267333984375,147.25018310546875,0.23887036740779877
India,"Q: What is the capital of India?
A:",qa,2,1003.059326171875,21.348276138305664,0.1746310144662857
India,"Q: What is the capital of India?
A:",qa,3,1803.6878662109375,13.987428665161133,0.2204831838607788
India,"Q: What is the capital of India?
A:",qa,4,2090.53271484375,11.579240798950195,0.17667147517204285
India,"Q: What is the capital of India?
A:",qa,5,3459.837158203125,16.61130142211914,0.15349224209785461
India,"Q: What is the capital of India?
A:",qa,6,3716.65625,6.286759376525879,0.15369240939617157
India,"Q: What is the capital of India?
A:",qa,7,4888.79345703125,16.19768714904785,0.16089583933353424
India,"Q: What is the capital of India?
A:",qa,8,5428.85986328125,15.55540943145752,0.18962903320789337
India,"Q: What is the capital of India?
A:",qa,9,5164.37744140625,14.93489933013916,0.1352161169052124
India,"Q: What is the capital of India?
A:",qa,10,8324.34765625,31.281343460083008,0.18853765726089478
India,"Q: What is the capital of India?
A:",qa,11,8887.125,5.092397689819336,0.19074247777462006
India,"Q: What is the capital of India?
A:",qa,12,11959.4130859375,34.237056732177734,0.15137818455696106
India,"Q: What is the capital of India?
A:",qa,13,15118.6298828125,25.086362838745117,0.11379344761371613
India,"Q: What is the capital of India?
A:",qa,14,18889.431640625,46.10858917236328,0.1116751879453659
India,"Q: What is the capital of India?
A:",qa,15,20164.96875,34.17350769042969,0.09826738387346268
India,"Q: What is the capital of India?
A:",qa,16,24218.779296875,38.682186126708984,0.0944477841258049
India,"Q: What is the capital of India?
A:",qa,17,200.35191345214844,9.712759017944336,0.1266525834798813
India,What is the capital of India? Answer with only the capital city.,chat_template,0,172.2564697265625,169.5104217529297,0.2013763040304184
India,What is the capital of India? Answer with only the capital city.,chat_template,1,783.7684326171875,129.0829620361328,0.17082549631595612
India,What is the capital of India? Answer with only the capital city.,chat_template,2,1043.3310546875,23.312307357788086,0.15989968180656433
India,What is the capital of India? Answer with only the capital city.,chat_template,3,1383.7283935546875,13.66368579864502,0.19569560885429382
India,What is the capital of India? Answer with only the capital city.,chat_template,4,786.3128051757812,12.319382667541504,0.195347398519516
India,What is the capital of India? Answer with only the capital city.,chat_template,5,2375.77099609375,20.006940841674805,0.13927915692329407
India,What is the capital of India? Answer with only the capital city.,chat_template,6,3495.331787109375,6.848333835601807,0.16548272967338562
India,What is the capital of India? Answer with only the capital city.,chat_template,7,4758.998046875,15.793378829956055,0.17139175534248352
India,What is the capital of India? Answer with only the capital city.,chat_template,8,5240.1865234375,18.241207122802734,0.20139583945274353
India,What is the capital of India? Answer with only the capital city.,chat_template,9,5505.63427734375,13.93548583984375,0.1511111855506897
India,What is the capital of India? Answer with only the capital city.,chat_template,10,8945.546875,28.44963836669922,0.2237379550933838
India,What is the capital of India? Answer with only the capital city.,chat_template,11,9390.3603515625,3.925053119659424,0.20537284016609192
India,What is the capital of India? Answer with only the capital city.,chat_template,12,12508.1083984375,26.414196014404297,0.15557228028774261
India,What is the capital of India? Answer with only the capital city.,chat_template,13,15929.869140625,22.11065673828125,0.12172621488571167
India,What is the capital of India? Answer with only the capital city.,chat_template,14,19474.193359375,42.22175979614258,0.12110859900712967
India,What is the capital of India? Answer with only the capital city.,chat_template,15,19867.916015625,29.619091033935547,0.11250486224889755
India,What is the capital of India? Answer with only the capital city.,chat_template,16,23154.255859375,33.56004333496094,0.11757610738277435
India,What is the capital of India? Answer with only the capital city.,chat_template,17,305.0660095214844,8.349642753601074,0.1552916169166565
Indonesia,What is the capital of Indonesia?,raw_question,0,154.22227478027344,193.8516082763672,0.2554483413696289
Indonesia,What is the capital of Indonesia?,raw_question,1,1066.9598388671875,107.45950317382812,0.19781380891799927
Indonesia,What is the capital of Indonesia?,raw_question,2,1308.394775390625,16.39266586303711,0.16055060923099518
Indonesia,What is the capital of Indonesia?,raw_question,3,1598.1328125,13.620530128479004,0.20041954517364502
Indonesia,What is the capital of Indonesia?,raw_question,4,2253.4208984375,9.916207313537598,0.18738554418087006
Indonesia,What is the capital of Indonesia?,raw_question,5,2701.109375,20.42232894897461,0.1437111645936966
Indonesia,What is the capital of Indonesia?,raw_question,6,3318.1943359375,8.406027793884277,0.15983004868030548
Indonesia,What is the capital of Indonesia?,raw_question,7,4999.09033203125,17.007720947265625,0.16576580703258514
Indonesia,What is the capital of Indonesia?,raw_question,8,5867.90087890625,16.416372299194336,0.16972336173057556
Indonesia,What is the capital of Indonesia?,raw_question,9,5296.27197265625,12.271430969238281,0.13283558189868927
Indonesia,What is the capital of Indonesia?,raw_question,10,10520.767578125,25.59535026550293,0.1980920433998108
Indonesia,What is the capital of Indonesia?,raw_question,11,11031.8466796875,3.4104645252227783,0.17100724577903748
Indonesia,What is the capital of Indonesia?,raw_question,12,12922.3046875,28.059696197509766,0.12817296385765076
Indonesia,What is the capital of Indonesia?,raw_question,13,16573.03125,25.26317024230957,0.10672017931938171
Indonesia,What is the capital of Indonesia?,raw_question,14,17656.5390625,44.01071548461914,0.1072673499584198
Indonesia,What is the capital of Indonesia?,raw_question,15,18545.41015625,33.16623306274414,0.10163680464029312
Indonesia,What is the capital of Indonesia?,raw_question,16,24877.3984375,39.80116653442383,0.09181955456733704
Indonesia,What is the capital of Indonesia?,raw_question,17,169.4072723388672,10.627796173095703,0.11986422538757324
Indonesia,The capital of Indonesia is,declarative,0,131.91807556152344,159.08645629882812,0.21389444172382355
Indonesia,The capital of Indonesia is,declarative,1,863.1139526367188,129.7439727783203,0.23961320519447327
Indonesia,The capital of Indonesia is,declarative,2,1218.6309814453125,22.34354591369629,0.18932196497917175
Indonesia,The capital of Indonesia is,declarative,3,1639.3695068359375,14.11276626586914,0.21903589367866516
Indonesia,The capital of Indonesia is,declarative,4,2395.291748046875,10.131339073181152,0.18131637573242188
Indonesia,The capital of Indonesia is,declarative,5,2790.176025390625,20.200946807861328,0.1454455703496933
Indonesia,The capital of Indonesia is,declarative,6,3659.80322265625,8.535161972045898,0.16654781997203827
Indonesia,The capital of Indonesia is,declarative,7,5672.26953125,17.79836654663086,0.17294271290302277
Indonesia,The capital of Indonesia is,declarative,8,5384.3134765625,16.65390396118164,0.17312872409820557
Indonesia,The capital of Indonesia is,declarative,9,5579.58984375,14.754339218139648,0.13842712342739105
Indonesia,The capital of Indonesia is,declarative,10,8685.6669921875,29.386539459228516,0.20094642043113708
Indonesia,The capital of Indonesia is,declarative,11,9944.33203125,4.924440860748291,0.19854526221752167
Indonesia,The capital of Indonesia is,declarative,12,12467.56640625,36.89058303833008,0.16025042533874512
Indonesia,The capital of Indonesia is,declarative,13,15879.3779296875,24.761028289794922,0.12807932496070862
Indonesia,The capital of Indonesia is,declarative,14,19941.619140625,51.422855377197266,0.12192060053348541
Indonesia,The capital of Indonesia is,declarative,15,20907.78125,36.41307067871094,0.11001789569854736
Indonesia,The capital of Indonesia is,declarative,16,23742.349609375,39.92588806152344,0.10911852866411209
Indonesia,The capital of Indonesia is,declarative,17,281.6293029785156,10.544905662536621,0.14002767205238342
Indonesia,"Q: What is the capital of Indonesia?
A:",qa,0,125.86314392089844,162.29153442382812,0.28513312339782715
Indonesia,"Q: What is the capital of Indonesia?
A:",qa,1,811.9268798828125,148.3499755859375,0.23741677403450012
Indonesia,"Q: What is the capital of Indonesia?
A:",qa,2,1006.763427734375,21.27142906188965,0.1744896024465561
Indonesia,"Q: What is the capital of Indonesia?
A:",qa,3,1818.294189453125,13.978015899658203,0.22042523324489594
Indonesia,"Q: What is the capital of Indonesia?
A:",qa,4,2109.849609375,11.579410552978516,0.17659977078437805
Indonesia,"Q: What is the capital of Indonesia?
A:",qa,5,3493.1328125,16.626201629638672,0.1528944969177246
Indonesia,"Q: What is the capital of Indonesia?
A:",qa,6,3685.060302734375,6.1916399002075195,0.15325510501861572
Indonesia,"Q: What is the capital of Indonesia?
A:",qa,7,4946.90087890625,16.14588737487793,0.16204921901226044
Indonesia,"Q: What is the capital of Indonesia?
A:",qa,8,5487.65185546875,15.320584297180176,0.18935509026050568
Indonesia,"Q: What is the capital of Indonesia?
A:",qa,9,5221.23779296875,14.820990562438965,0.13578443229198456
Indonesia,"Q: What is the capital of Indonesia?
A:",qa,10,8265.2314453125,30.874664306640625,0.19056223332881927
Indonesia,"Q: What is the capital of Indonesia?
A:",qa,11,8899.638671875,5.122193336486816,0.19247697293758392
Indonesia,"Q: What is the capital of Indonesia?
A:",qa,12,12138.3291015625,34.56657409667969,0.15386241674423218
Indonesia,"Q: What is the capital of Indonesia?
A:",qa,13,15058.7216796875,26.22227668762207,0.11942335963249207
Indonesia,"Q: What is the capital of Indonesia?
A:",qa,14,19014.859375,47.13233184814453,0.11785406619310379
Indonesia,"Q: What is the capital of Indonesia?
A:",qa,15,20221.525390625,36.62265396118164,0.10484082251787186
Indonesia,"Q: What is the capital of Indonesia?
A:",qa,16,24762.341796875,38.87700271606445,0.09827744960784912
Indonesia,"Q: What is the capital of Indonesia?
A:",qa,17,230.8179168701172,11.548368453979492,0.12779942154884338
Indonesia,What is the capital of Indonesia? Answer with only the capital city.,chat_template,0,171.97300720214844,169.40330505371094,0.20200663805007935
Indonesia,What is the capital of Indonesia? Answer with only the capital city.,chat_template,1,783.682861328125,129.23048400878906,0.16994088888168335
Indonesia,What is the capital of Indonesia? Answer with only the capital city.,chat_template,2,1039.4930419921875,23.26774787902832,0.1596951186656952
Indonesia,What is the capital of Indonesia? Answer with only the capital city.,chat_template,3,1391.268310546875,13.77464485168457,0.1969049870967865
Indonesia,What is the capital of Indonesia? Answer with only the capital city.,chat_template,4,788.7799682617188,12.304861068725586,0.19449791312217712
Indonesia,What is the capital of Indonesia? Answer with only the capital city.,chat_template,5,2359.74169921875,19.97847557067871,0.13940081000328064
Indonesia,What is the capital of Indonesia? Answer with only the capital city.,chat_template,6,3460.622802734375,6.7721967697143555,0.16508840024471283
Indonesia,What is the capital of Indonesia? Answer with only the capital city.,chat_template,7,4809.8935546875,15.943004608154297,0.17136725783348083
Indonesia,What is the capital of Indonesia? Answer with only the capital city.,chat_template,8,5297.3857421875,18.36695098876953,0.1999809443950653
Indonesia,What is the capital of Indonesia? Answer with only the capital city.,chat_template,9,5530.00048828125,13.847352027893066,0.14988194406032562
Indonesia,What is the capital of Indonesia? Answer with only the capital city.,chat_template,10,9004.65625,27.969970703125,0.22234685719013214
Indonesia,What is the capital of Indonesia? Answer with only the capital city.,chat_template,11,9394.568359375,3.856236457824707,0.20552298426628113
Indonesia,What is the capital of Indonesia? Answer with only the capital city.,chat_template,12,13140.787109375,29.933149337768555,0.1549023985862732
Indonesia,What is the capital of Indonesia? Answer with only the capital city.,chat_template,13,16079.7509765625,22.695232391357422,0.1257776916027069
Indonesia,What is the capital of Indonesia? Answer with only the capital city.,chat_template,14,19872.677734375,44.278629302978516,0.12795674800872803
Indonesia,What is the capital of Indonesia? Answer with only the capital city.,chat_template,15,19875.728515625,35.77131271362305,0.12170062959194183
Indonesia,What is the capital of Indonesia? Answer with only the capital city.,chat_template,16,23644.19921875,36.00449752807617,0.12513291835784912
Indonesia,What is the capital of Indonesia? Answer with only the capital city.,chat_template,17,293.39776611328125,10.295524597167969,0.1544884890317917
Iran,What is the capital of Iran?,raw_question,0,155.0397186279297,191.68429565429688,0.25839629769325256
Iran,What is the capital of Iran?,raw_question,1,1067.4425048828125,107.38716888427734,0.19666440784931183
Iran,What is the capital of Iran?,raw_question,2,1293.6492919921875,15.882722854614258,0.15965449810028076
Iran,What is the capital of Iran?,raw_question,3,1570.2156982421875,13.825197219848633,0.20118537545204163
Iran,What is the capital of Iran?,raw_question,4,2286.7939453125,9.865777015686035,0.18825916945934296
Iran,What is the capital of Iran?,raw_question,5,2734.565185546875,20.653005599975586,0.14349135756492615
Iran,What is the capital of Iran?,raw_question,6,3221.9716796875,8.3145751953125,0.1581961214542389
Iran,What is the capital of Iran?,raw_question,7,4945.47705078125,16.722383499145508,0.16581031680107117
Iran,What is the capital of Iran?,raw_question,8,5867.1494140625,16.412174224853516,0.1707775592803955
Iran,What is the capital of Iran?,raw_question,9,5324.0712890625,12.225056648254395,0.13331352174282074
Iran,What is the capital of Iran?,raw_question,10,10517.1513671875,25.263446807861328,0.1958700269460678
Iran,What is the capital of Iran?,raw_question,11,11038.775390625,3.547753095626831,0.17075879871845245
Iran,What is the capital of Iran?,raw_question,12,12862.2705078125,27.746295928955078,0.12896911799907684
Iran,What is the capital of Iran?,raw_question,13,16431.98828125,25.921144485473633,0.10512854158878326
Iran,What is the capital of Iran?,raw_question,14,17188.4609375,44.989593505859375,0.10733690857887268
Iran,What is the capital of Iran?,raw_question,15,18375.595703125,33.40605926513672,0.1017693281173706
Iran,What is the capital of Iran?,raw_question,16,24876.45703125,39.543827056884766,0.090757355093956
Iran,What is the capital of Iran?,raw_question,17,163.1781005859375,10.451621055603027,0.11913265287876129
Iran,The capital of Iran is,declarative,0,130.9433135986328,160.82574462890625,0.21329371631145477
Iran,The capital of Iran is,declarative,1,856.1519165039062,127.58747863769531,0.24182352423667908
Iran,The capital of Iran is,declarative,2,1195.9454345703125,21.469791412353516,0.19079181551933289
Iran,The capital of Iran is,declarative,3,1591.5430908203125,14.313570976257324,0.22243058681488037
Iran,The capital of Iran is,declarative,4,2413.9462890625,9.950679779052734,0.18297630548477173
Iran,The capital of Iran is,declarative,5,2795.822998046875,20.423940658569336,0.14467135071754456
Iran,The capital of Iran is,declarative,6,3482.675537109375,8.486077308654785,0.16410917043685913
Iran,The capital of Iran is,declarative,7,5508.40283203125,17.323509216308594,0.17012712359428406
Iran,The capital of Iran is,declarative,8,5344.2138671875,16.77745819091797,0.17304790019989014
Iran,The capital of Iran is,declarative,9,5507.7080078125,14.264087677001953,0.1364620327949524
Iran,The capital of Iran is,declarative,10,8546.140625,29.103275299072266,0.19824443757534027
Iran,The capital of Iran is,declarative,11,9924.33203125,4.926853179931641,0.19726914167404175
Iran,The capital of Iran is,declarative,12,12242.7548828125,36.99260711669922,0.15969714522361755
Iran,The capital of Iran is,declarative,13,15484.75,23.798873901367188,0.1261671632528305
Iran,The capital of Iran is,declarative,14,18749.564453125,50.98002624511719,0.11947023868560791
Iran,The capital of Iran is,declarative,15,20136.130859375,38.23248291015625,0.1039840579032898
Iran,The capital of Iran is,declarative,16,23013.013671875,38.605899810791016,0.10044363141059875
Iran,The capital of Iran is,declarative,17,265.21832275390625,9.94587516784668,0.13610884547233582
Iran,"Q: What is the capital of Iran?
A:",qa,0,125.60745239257812,160.97869873046875,0.28652310371398926
Iran,"Q: What is the capital of Iran?
A:",qa,1,808.3931884765625,148.60792541503906,0.23698469996452332
Iran,"Q: What is the capital of Iran?
A:",qa,2,1010.0408935546875,21.087270736694336,0.1738111972808838
Iran,"Q: What is the capital of Iran?
A:",qa,3,1797.1805419921875,13.977011680603027,0.21949344873428345
Iran,"Q: What is the capital of Iran?
A:",qa,4,2103.169921875,11.538873672485352,0.17658114433288574
Iran,"Q: What is the capital of Iran?
A:",qa,5,3500.882080078125,16.640403747558594,0.15289586782455444
Iran,"Q: What is the capital of Iran?
A:",qa,6,3698.1865234375,6.114773750305176,0.15347900986671448
Iran,"Q: What is the capital of Iran?
A:",qa,7,4919.5537109375,15.881759643554688,0.1607186496257782
Iran,"Q: What is the capital of Iran?
A:",qa,8,5464.91650390625,15.233196258544922,0.1894279420375824
Iran,"Q: What is the capital of Iran?
A:",qa,9,5254.33056640625,14.589187622070312,0.13554441928863525
Iran,"Q: What is the capital of Iran?
A:",qa,10,8389.9404296875,30.638187408447266,0.18842259049415588
Iran,"Q: What is the capital of Iran?
A:",qa,11,8867.01171875,4.998653888702393,0.19130760431289673
Iran,"Q: What is the capital of Iran?
A:",qa,12,12146.5146484375,36.33642578125,0.1543990820646286
Iran,"Q: What is the capital of Iran?
A:",qa,13,14826.7802734375,25.646867752075195,0.11592637747526169
Iran,"Q: What is the capital of Iran?
A:",qa,14,17938.505859375,46.94154739379883,0.11483593285083771
Iran,"Q: What is the capital of Iran?
A:",qa,15,19217.24609375,36.308013916015625,0.09856969118118286
Iran,"Q: What is the capital of Iran?
A:",qa,16,24649.37109375,37.30888748168945,0.09184983372688293
Iran,"Q: What is the capital of Iran?
A:",qa,17,182.59408569335938,11.791792869567871,0.12008251249790192
Iran,What is the capital of Iran? Answer with only the capital city.,chat_template,0,171.8882293701172,169.4785919189453,0.2015596181154251
Iran,What is the capital of Iran? Answer with only the capital city.,chat_template,1,784.6295776367188,128.5278778076172,0.17071805894374847
Iran,What is the capital of Iran? Answer with only the capital city.,chat_template,2,1043.8892822265625,23.696380615234375,0.16038458049297333
Iran,What is the capital of Iran? Answer with only the capital city.,chat_template,3,1386.2559814453125,13.579424858093262,0.19613595306873322
Iran,What is the capital of Iran? Answer with only the capital city.,chat_template,4,788.2919921875,12.291357040405273,0.19603882730007172
Iran,What is the capital of Iran? Answer with only the capital city.,chat_template,5,2371.030517578125,19.95580291748047,0.13902874290943146
Iran,What is the capital of Iran? Answer with only the capital city.,chat_template,6,3490.475830078125,6.79486083984375,0.1647636592388153
Iran,What is the capital of Iran? Answer with only the capital city.,chat_template,7,4784.07470703125,15.697546005249023,0.17015385627746582
Iran,What is the capital of Iran? Answer with only the capital city.,chat_template,8,5274.3681640625,18.28720474243164,0.20088130235671997
Iran,What is the capital of Iran? Answer with only the capital city.,chat_template,9,5504.818359375,13.777087211608887,0.1500411331653595
Iran,What is the capital of Iran? Answer with only the capital city.,chat_template,10,9005.0068359375,27.917415618896484,0.22224023938179016
Iran,What is the capital of Iran? Answer with only the capital city.,chat_template,11,9323.9482421875,3.8570547103881836,0.20510956645011902
Iran,What is the capital of Iran? Answer with only the capital city.,chat_template,12,13403.9287109375,29.75261688232422,0.1567257195711136
Iran,What is the capital of Iran? Answer with only the capital city.,chat_template,13,15872.767578125,22.579004287719727,0.12500768899917603
Iran,What is the capital of Iran? Answer with only the capital city.,chat_template,14,18412.15625,46.25121307373047,0.12277602404356003
Iran,What is the capital of Iran? Answer with only the capital city.,chat_template,15,18548.712890625,33.19300079345703,0.11060866713523865
Iran,What is the capital of Iran? Answer with only the capital city.,chat_template,16,22889.119140625,31.318140029907227,0.11403420567512512
Iran,What is the capital of Iran? Answer with only the capital city.,chat_template,17,308.93145751953125,9.954726219177246,0.1499796211719513
Iraq,What is the capital of Iraq?,raw_question,0,153.689453125,196.58401489257812,0.2557024657726288
Iraq,What is the capital of Iraq?,raw_question,1,1067.5068359375,106.67546081542969,0.19762933254241943
Iraq,What is the capital of Iraq?,raw_question,2,1308.92578125,15.984914779663086,0.16121076047420502
Iraq,What is the capital of Iraq?,raw_question,3,1577.3316650390625,13.864303588867188,0.19976696372032166
Iraq,What is the capital of Iraq?,raw_question,4,2320.6142578125,9.946484565734863,0.1860135942697525
Iraq,What is the capital of Iraq?,raw_question,5,2695.385986328125,20.098127365112305,0.14372724294662476
Iraq,What is the capital of Iraq?,raw_question,6,3216.744873046875,8.154547691345215,0.1582774519920349
Iraq,What is the capital of Iraq?,raw_question,7,4970.21435546875,16.669713973999023,0.16690316796302795
Iraq,What is the capital of Iraq?,raw_question,8,5894.11181640625,16.222637176513672,0.17187336087226868
Iraq,What is the capital of Iraq?,raw_question,9,5320.1904296875,12.11397647857666,0.1323029100894928
Iraq,What is the capital of Iraq?,raw_question,10,10516.4970703125,24.94611930847168,0.19425368309020996
Iraq,What is the capital of Iraq?,raw_question,11,11041.6416015625,3.559084177017212,0.1709001064300537
Iraq,What is the capital of Iraq?,raw_question,12,12980.7734375,26.27811050415039,0.1274605393409729
Iraq,What is the capital of Iraq?,raw_question,13,16801.2109375,25.20158576965332,0.10346496105194092
Iraq,What is the capital of Iraq?,raw_question,14,17553.017578125,43.772335052490234,0.10677117109298706
Iraq,What is the capital of Iraq?,raw_question,15,18751.638671875,32.41775131225586,0.10098524391651154
Iraq,What is the capital of Iraq?,raw_question,16,25291.396484375,39.11236572265625,0.09039617329835892
Iraq,What is the capital of Iraq?,raw_question,17,161.579345703125,10.994607925415039,0.11840508878231049
Iraq,The capital of Iraq is,declarative,0,132.17626953125,165.42640686035156,0.20977497100830078
Iraq,The capital of Iraq is,declarative,1,864.037841796875,127.99796295166016,0.23970502614974976
Iraq,The capital of Iraq is,declarative,2,1211.5811767578125,21.66877555847168,0.19121374189853668
Iraq,The capital of Iraq is,declarative,3,1610.339111328125,14.464639663696289,0.22016285359859467
Iraq,The capital of Iraq is,declarative,4,2434.213134765625,10.26501750946045,0.18158425390720367
Iraq,The capital of Iraq is,declarative,5,2799.011962890625,19.794527053833008,0.1448032557964325
Iraq,The capital of Iraq is,declarative,6,3491.244140625,8.248974800109863,0.16490516066551208
Iraq,The capital of Iraq is,declarative,7,5642.54345703125,17.21370506286621,0.1729331612586975
Iraq,The capital of Iraq is,declarative,8,5416.12109375,16.593067169189453,0.174442857503891
Iraq,The capital of Iraq is,declarative,9,5577.34912109375,14.462724685668945,0.13564243912696838
Iraq,The capital of Iraq is,declarative,10,8677.3330078125,28.687191009521484,0.19512313604354858
Iraq,The capital of Iraq is,declarative,11,10037.2666015625,5.050560474395752,0.19571292400360107
Iraq,The capital of Iraq is,declarative,12,12677.9501953125,36.503822326660156,0.1564098298549652
Iraq,The capital of Iraq is,declarative,13,16204.7177734375,23.682430267333984,0.12507638335227966
Iraq,The capital of Iraq is,declarative,14,19399.54296875,51.02451705932617,0.11528274416923523
Iraq,The capital of Iraq is,declarative,15,20962.41015625,33.83900833129883,0.10197310894727707
Iraq,The capital of Iraq is,declarative,16,24554.935546875,37.924869537353516,0.10040824860334396
Iraq,The capital of Iraq is,declarative,17,253.3989715576172,9.844069480895996,0.13423874974250793
Iraq,"Q: What is the capital of Iraq?
A:",qa,0,126.27822875976562,161.95741271972656,0.2851797938346863
Iraq,"Q: What is the capital of Iraq?
A:",qa,1,805.954345703125,147.2298126220703,0.2370520681142807
Iraq,"Q: What is the capital of Iraq?
A:",qa,2,999.9285278320312,21.236797332763672,0.17479056119918823
Iraq,"Q: What is the capital of Iraq?
A:",qa,3,1782.505126953125,14.069985389709473,0.22044935822486877
Iraq,"Q: What is the capital of Iraq?
A:",qa,4,2114.4052734375,11.592364311218262,0.17646044492721558
Iraq,"Q: What is the capital of Iraq?
A:",qa,5,3512.946533203125,16.629291534423828,0.15304049849510193
Iraq,"Q: What is the capital of Iraq?
A:",qa,6,3667.45751953125,6.196823596954346,0.1526186764240265
Iraq,"Q: What is the capital of Iraq?
A:",qa,7,4893.7548828125,16.084775924682617,0.16081005334854126
Iraq,"Q: What is the capital of Iraq?
A:",qa,8,5435.7861328125,15.142836570739746,0.1903771162033081
Iraq,"Q: What is the capital of Iraq?
A:",qa,9,5252.9853515625,14.847747802734375,0.13581755757331848
Iraq,"Q: What is the capital of Iraq?
A:",qa,10,8327.189453125,30.40340232849121,0.18792009353637695
Iraq,"Q: What is the capital of Iraq?
A:",qa,11,8761.9677734375,5.07828426361084,0.19187255203723907
Iraq,"Q: What is the capital of Iraq?
A:",qa,12,12050.908203125,34.662227630615234,0.15167126059532166
Iraq,"Q: What is the capital of Iraq?
A:",qa,13,14987.2919921875,24.91647720336914,0.11353260278701782
Iraq,"Q: What is the capital of Iraq?
A:",qa,14,18307.615234375,45.92104721069336,0.11272884905338287
Iraq,"Q: What is the capital of Iraq?
A:",qa,15,19445.205078125,33.30827713012695,0.09730254113674164
Iraq,"Q: What is the capital of Iraq?
A:",qa,16,24960.099609375,36.877986907958984,0.09114160388708115
Iraq,"Q: What is the capital of Iraq?
A:",qa,17,179.54637145996094,12.314340591430664,0.11809492111206055
Iraq,What is the capital of Iraq? Answer with only the capital city.,chat_template,0,171.478515625,170.14532470703125,0.2012239694595337
Iraq,What is the capital of Iraq? Answer with only the capital city.,chat_template,1,783.6421508789062,128.53794860839844,0.17029842734336853
Iraq,What is the capital of Iraq? Answer with only the capital city.,chat_template,2,1046.7928466796875,23.564504623413086,0.16009122133255005
Iraq,What is the capital of Iraq? Answer with only the capital city.,chat_template,3,1400.4932861328125,13.647544860839844,0.1957886517047882
Iraq,What is the capital of Iraq? Answer with only the capital city.,chat_template,4,789.5812377929688,12.242019653320312,0.1955357939004898
Iraq,What is the capital of Iraq? Answer with only the capital city.,chat_template,5,2392.89892578125,19.90593719482422,0.13945409655570984
Iraq,What is the capital of Iraq? Answer with only the capital city.,chat_template,6,3417.908935546875,6.818368434906006,0.16448934376239777
Iraq,What is the capital of Iraq? Answer with only the capital city.,chat_template,7,4758.69921875,15.841968536376953,0.17178672552108765
Iraq,What is the capital of Iraq? Answer with only the capital city.,chat_template,8,5244.47998046875,18.15133285522461,0.2012200802564621
Iraq,What is the capital of Iraq? Answer with only the capital city.,chat_template,9,5473.5185546875,13.775094985961914,0.15046080946922302
Iraq,What is the capital of Iraq? Answer with only the capital city.,chat_template,10,8947.595703125,27.158592224121094,0.22281408309936523
Iraq,What is the capital of Iraq? Answer with only the capital city.,chat_template,11,9319.58984375,3.807037353515625,0.2064223736524582
Iraq,What is the capital of Iraq? Answer with only the capital city.,chat_template,12,13099.6083984375,29.860580444335938,0.15469218790531158
Iraq,What is the capital of Iraq? Answer with only the capital city.,chat_template,13,16321.453125,22.18911361694336,0.1217736080288887
Iraq,What is the capital of Iraq? Answer with only the capital city.,chat_template,14,19314.326171875,47.3522834777832,0.12032167613506317
Iraq,What is the capital of Iraq? Answer with only the capital city.,chat_template,15,19620.017578125,28.884204864501953,0.10953491181135178
Iraq,What is the capital of Iraq? Answer with only the capital city.,chat_template,16,24681.267578125,30.885244369506836,0.11797665804624557
Iraq,What is the capital of Iraq? Answer with only the capital city.,chat_template,17,302.8103942871094,9.118754386901855,0.14982829988002777
Ireland,What is the capital of Ireland?,raw_question,0,154.89315795898438,192.21629333496094,0.25551387667655945
Ireland,What is the capital of Ireland?,raw_question,1,1071.190673828125,105.7493896484375,0.1971985101699829
Ireland,What is the capital of Ireland?,raw_question,2,1301.2655029296875,16.08617401123047,0.16061925888061523
Ireland,What is the capital of Ireland?,raw_question,3,1596.157958984375,13.643597602844238,0.20151004195213318
Ireland,What is the capital of Ireland?,raw_question,4,2347.189208984375,9.788793563842773,0.18507924675941467
Ireland,What is the capital of Ireland?,raw_question,5,2729.258056640625,20.056859970092773,0.14400380849838257
Ireland,What is the capital of Ireland?,raw_question,6,3289.708740234375,8.552114486694336,0.15871302783489227
Ireland,What is the capital of Ireland?,raw_question,7,5060.453125,16.638195037841797,0.16718941926956177
Ireland,What is the capital of Ireland?,raw_question,8,5903.6826171875,16.42889404296875,0.16878271102905273
Ireland,What is the capital of Ireland?,raw_question,9,5273.40869140625,12.326887130737305,0.1328517496585846
Ireland,What is the capital of Ireland?,raw_question,10,10457.365234375,25.530241012573242,0.1977822333574295
Ireland,What is the capital of Ireland?,raw_question,11,10874.28515625,3.5177156925201416,0.17143765091896057
Ireland,What is the capital of Ireland?,raw_question,12,12881.96484375,27.84842872619629,0.1297762095928192
Ireland,What is the capital of Ireland?,raw_question,13,16411.7109375,25.536235809326172,0.1060730591416359
Ireland,What is the capital of Ireland?,raw_question,14,17297.9921875,44.33358383178711,0.1088065654039383
Ireland,What is the capital of Ireland?,raw_question,15,18265.896484375,33.8912353515625,0.10180608928203583
Ireland,What is the capital of Ireland?,raw_question,16,24364.724609375,39.96467971801758,0.09060664474964142
Ireland,What is the capital of Ireland?,raw_question,17,168.8164825439453,10.982365608215332,0.12040501832962036
Ireland,The capital of Ireland is,declarative,0,130.94813537597656,160.48455810546875,0.2126879245042801
Ireland,The capital of Ireland is,declarative,1,863.18798828125,126.36219024658203,0.24169927835464478
Ireland,The capital of Ireland is,declarative,2,1226.0582275390625,21.861846923828125,0.19103677570819855
Ireland,The capital of Ireland is,declarative,3,1621.939697265625,14.018268585205078,0.22036340832710266
Ireland,The capital of Ireland is,declarative,4,2440.473388671875,9.921494483947754,0.17932112514972687
Ireland,The capital of Ireland is,declarative,5,2817.125244140625,20.046218872070312,0.14577051997184753
Ireland,The capital of Ireland is,declarative,6,3716.0673828125,8.470973014831543,0.1672040969133377
Ireland,The capital of Ireland is,declarative,7,5736.25537109375,17.251806259155273,0.17283813655376434
Ireland,The capital of Ireland is,declarative,8,5511.8828125,16.626907348632812,0.17167362570762634
Ireland,The capital of Ireland is,declarative,9,5584.61572265625,14.585427284240723,0.13795945048332214
Ireland,The capital of Ireland is,declarative,10,8611.654296875,28.91036033630371,0.19900143146514893
Ireland,The capital of Ireland is,declarative,11,9854.6435546875,4.858702659606934,0.19601550698280334
Ireland,The capital of Ireland is,declarative,12,12182.6865234375,36.26237869262695,0.15747098624706268
Ireland,The capital of Ireland is,declarative,13,15586.4931640625,23.83477210998535,0.12636134028434753
Ireland,The capital of Ireland is,declarative,14,19165.3515625,50.814273834228516,0.11793108284473419
Ireland,The capital of Ireland is,declarative,15,20343.46875,35.361534118652344,0.10389256477355957
Ireland,The capital of Ireland is,declarative,16,24161.224609375,40.012046813964844,0.10051197558641434
Ireland,The capital of Ireland is,declarative,17,248.18746948242188,9.432695388793945,0.13530585169792175
Ireland,"Q: What is the capital of Ireland?
A:",qa,0,126.14208984375,161.91720581054688,0.2851172983646393
Ireland,"Q: What is the capital of Ireland?
A:",qa,1,812.0342407226562,146.32144165039062,0.238473579287529
Ireland,"Q: What is the capital of Ireland?
A:",qa,2,1006.5731201171875,21.378000259399414,0.17540431022644043
Ireland,"Q: What is the capital of Ireland?
A:",qa,3,1805.557861328125,13.967297554016113,0.22000029683113098
Ireland,"Q: What is the capital of Ireland?
A:",qa,4,2105.1064453125,11.565095901489258,0.17666923999786377
Ireland,"Q: What is the capital of Ireland?
A:",qa,5,3464.04150390625,16.631162643432617,0.15309105813503265
Ireland,"Q: What is the capital of Ireland?
A:",qa,6,3697.55712890625,6.210387706756592,0.153366819024086
Ireland,"Q: What is the capital of Ireland?
A:",qa,7,4948.6181640625,16.24568748474121,0.16183556616306305
Ireland,"Q: What is the capital of Ireland?
A:",qa,8,5463.6953125,15.368694305419922,0.18912875652313232
Ireland,"Q: What is the capital of Ireland?
A:",qa,9,5197.798828125,15.000504493713379,0.13549263775348663
Ireland,"Q: What is the capital of Ireland?
A:",qa,10,8327.5166015625,30.715763092041016,0.18854866921901703
Ireland,"Q: What is the capital of Ireland?
A:",qa,11,8882.2392578125,5.171888828277588,0.1900477409362793
Ireland,"Q: What is the capital of Ireland?
A:",qa,12,11893.0791015625,35.683109283447266,0.1532958745956421
Ireland,"Q: What is the capital of Ireland?
A:",qa,13,14698.1123046875,25.219350814819336,0.11328011751174927
Ireland,"Q: What is the capital of Ireland?
A:",qa,14,18381.03125,44.909461975097656,0.10944462567567825
Ireland,"Q: What is the capital of Ireland?
A:",qa,15,19268.763671875,34.85634231567383,0.09502630680799484
Ireland,"Q: What is the capital of Ireland?
A:",qa,16,24783.728515625,39.28799819946289,0.08838878571987152
Ireland,"Q: What is the capital of Ireland?
A:",qa,17,189.3392333984375,11.829536437988281,0.11972184479236603
Ireland,What is the capital of Ireland? Answer with only the capital city.,chat_template,0,171.84588623046875,169.42779541015625,0.20140770077705383
Ireland,What is the capital of Ireland? Answer with only the capital city.,chat_template,1,783.7135009765625,128.49354553222656,0.17049090564250946
Ireland,What is the capital of Ireland? Answer with only the capital city.,chat_template,2,1039.5111083984375,23.412389755249023,0.16008010506629944
Ireland,What is the capital of Ireland? Answer with only the capital city.,chat_template,3,1382.460693359375,13.5663423538208,0.19558431208133698
Ireland,What is the capital of Ireland? Answer with only the capital city.,chat_template,4,795.0155029296875,12.322545051574707,0.1945909708738327
Ireland,What is the capital of Ireland? Answer with only the capital city.,chat_template,5,2354.90966796875,19.8605899810791,0.1390978991985321
Ireland,What is the capital of Ireland? Answer with only the capital city.,chat_template,6,3474.08056640625,6.880207538604736,0.16533119976520538
Ireland,What is the capital of Ireland? Answer with only the capital city.,chat_template,7,4753.97412109375,16.036224365234375,0.1714668720960617
Ireland,What is the capital of Ireland? Answer with only the capital city.,chat_template,8,5209.2607421875,18.74835777282715,0.200888991355896
Ireland,What is the capital of Ireland? Answer with only the capital city.,chat_template,9,5472.47412109375,14.228178977966309,0.15072567760944366
Ireland,What is the capital of Ireland? Answer with only the capital city.,chat_template,10,8883.69140625,27.923816680908203,0.22260865569114685
Ireland,What is the capital of Ireland? Answer with only the capital city.,chat_template,11,9365.248046875,3.987041473388672,0.2024567723274231
Ireland,What is the capital of Ireland? Answer with only the capital city.,chat_template,12,12653.35546875,28.640914916992188,0.1544644981622696
Ireland,What is the capital of Ireland? Answer with only the capital city.,chat_template,13,15528.9775390625,22.762474060058594,0.12087254226207733
Ireland,What is the capital of Ireland? Answer with only the capital city.,chat_template,14,19219.361328125,42.12533950805664,0.11656360328197479
Ireland,What is the capital of Ireland? Answer with only the capital city.,chat_template,15,19230.751953125,30.4030818939209,0.10466268658638
Ireland,What is the capital of Ireland? Answer with only the capital city.,chat_template,16,24394.134765625,31.736610412597656,0.11415036022663116
Ireland,What is the capital of Ireland? Answer with only the capital city.,chat_template,17,321.062255859375,8.23164176940918,0.15145936608314514
Israel,What is the capital of Israel?,raw_question,0,155.06951904296875,190.98019409179688,0.2580876648426056
Israel,What is the capital of Israel?,raw_question,1,1063.8140869140625,105.76598358154297,0.19628256559371948
Israel,What is the capital of Israel?,raw_question,2,1293.561279296875,16.140716552734375,0.16066695749759674
Israel,What is the capital of Israel?,raw_question,3,1552.31298828125,13.715790748596191,0.20184782147407532
Israel,What is the capital of Israel?,raw_question,4,2303.956298828125,9.839444160461426,0.18488094210624695
Israel,What is the capital of Israel?,raw_question,5,2686.1748046875,20.205554962158203,0.1432085633277893
Israel,What is the capital of Israel?,raw_question,6,3249.640869140625,8.47680377960205,0.1590825617313385
Israel,What is the capital of Israel?,raw_question,7,5095.1064453125,16.529081344604492,0.16736526787281036
Israel,What is the capital of Israel?,raw_question,8,5846.765625,16.2845401763916,0.17058037221431732
Israel,What is the capital of Israel?,raw_question,9,5298.64697265625,12.23740291595459,0.1327187716960907
Israel,What is the capital of Israel?,raw_question,10,10392.73046875,25.328598022460938,0.19619117677211761
Israel,What is the capital of Israel?,raw_question,11,10929.7587890625,3.6078875064849854,0.17190635204315186
Israel,What is the capital of Israel?,raw_question,12,12938.6787109375,29.296720504760742,0.130118265748024
Israel,What is the capital of Israel?,raw_question,13,16420.48046875,26.402685165405273,0.10663311183452606
Israel,What is the capital of Israel?,raw_question,14,17546.03125,44.80446243286133,0.10834901034832001
Israel,What is the capital of Israel?,raw_question,15,18448.19921875,33.98683166503906,0.10175405442714691
Israel,What is the capital of Israel?,raw_question,16,25102.255859375,39.685611724853516,0.09105820208787918
Israel,What is the capital of Israel?,raw_question,17,162.32476806640625,10.330047607421875,0.11912678182125092
Israel,The capital of Israel is,declarative,0,134.39199829101562,169.57473754882812,0.20636770129203796
Israel,The capital of Israel is,declarative,1,867.4657592773438,124.40716552734375,0.2379646599292755
Israel,The capital of Israel is,declarative,2,1226.1563720703125,22.272659301757812,0.19174954295158386
Israel,The capital of Israel is,declarative,3,1602.1712646484375,14.023017883300781,0.21874454617500305
Israel,The capital of Israel is,declarative,4,2415.687255859375,9.94646167755127,0.1790434718132019
Israel,The capital of Israel is,declarative,5,2766.316162109375,20.07931900024414,0.14385443925857544
Israel,The capital of Israel is,declarative,6,3625.369384765625,8.510862350463867,0.16579094529151917
Israel,The capital of Israel is,declarative,7,5705.42333984375,16.934410095214844,0.17207622528076172
Israel,The capital of Israel is,declarative,8,5420.27099609375,16.386028289794922,0.17463991045951843
Israel,The capital of Israel is,declarative,9,5554.18408203125,14.368659019470215,0.1382872462272644
Israel,The capital of Israel is,declarative,10,8548.447265625,30.090620040893555,0.1974644660949707
Israel,The capital of Israel is,declarative,11,9944.619140625,4.982641696929932,0.19625478982925415
Israel,The capital of Israel is,declarative,12,12086.26171875,40.07309341430664,0.15725859999656677
Israel,The capital of Israel is,declarative,13,15734.171875,24.047718048095703,0.12650522589683533
Israel,The capital of Israel is,declarative,14,19556.439453125,52.5702018737793,0.12113453447818756
Israel,The capital of Israel is,declarative,15,20972.822265625,37.27448654174805,0.10672469437122345
Israel,The capital of Israel is,declarative,16,23722.580078125,39.509708404541016,0.10801777243614197
Israel,The capital of Israel is,declarative,17,265.2665100097656,10.142932891845703,0.13563518226146698
Israel,"Q: What is the capital of Israel?
A:",qa,0,126.18670654296875,161.58804321289062,0.2861940264701843
Israel,"Q: What is the capital of Israel?
A:",qa,1,808.4341430664062,147.8681182861328,0.23716914653778076
Israel,"Q: What is the capital of Israel?
A:",qa,2,1006.389404296875,21.05186653137207,0.17483480274677277
Israel,"Q: What is the capital of Israel?
A:",qa,3,1819.370849609375,14.072708129882812,0.21785175800323486
Israel,"Q: What is the capital of Israel?
A:",qa,4,2102.746826171875,11.592061042785645,0.17603524029254913
Israel,"Q: What is the capital of Israel?
A:",qa,5,3486.04736328125,16.6405086517334,0.15224295854568481
Israel,"Q: What is the capital of Israel?
A:",qa,6,3715.5615234375,6.222752094268799,0.15332426130771637
Israel,"Q: What is the capital of Israel?
A:",qa,7,4952.57421875,15.827991485595703,0.1610088348388672
Israel,"Q: What is the capital of Israel?
A:",qa,8,5433.6064453125,14.990604400634766,0.19044499099254608
Israel,"Q: What is the capital of Israel?
A:",qa,9,5196.69580078125,14.585113525390625,0.13615217804908752
Israel,"Q: What is the capital of Israel?
A:",qa,10,8354.9140625,30.667800903320312,0.18951338529586792
Israel,"Q: What is the capital of Israel?
A:",qa,11,8820.76171875,5.136025428771973,0.19084389507770538
Israel,"Q: What is the capital of Israel?
A:",qa,12,11769.8017578125,38.62077713012695,0.1539161503314972
Israel,"Q: What is the capital of Israel?
A:",qa,13,15134.875,25.29837989807129,0.1130695715546608
Israel,"Q: What is the capital of Israel?
A:",qa,14,19173.33984375,46.32780075073242,0.11558704078197479
Israel,"Q: What is the capital of Israel?
A:",qa,15,20391.150390625,37.07171630859375,0.09895981848239899
Israel,"Q: What is the capital of Israel?
A:",qa,16,25731.94140625,36.86216735839844,0.09689685702323914
Israel,"Q: What is the capital of Israel?
A:",qa,17,203.30361938476562,11.492318153381348,0.11931294202804565
Israel,What is the capital of Israel? Answer with only the capital city.,chat_template,0,171.98963928222656,169.36399841308594,0.20216599106788635
Israel,What is the capital of Israel? Answer with only the capital city.,chat_template,1,783.63134765625,127.88412475585938,0.1709214150905609
Israel,What is the capital of Israel? Answer with only the capital city.,chat_template,2,1043.200927734375,23.644166946411133,0.16034910082817078
Israel,What is the capital of Israel? Answer with only the capital city.,chat_template,3,1385.735107421875,13.604877471923828,0.19541549682617188
Israel,What is the capital of Israel? Answer with only the capital city.,chat_template,4,780.3872680664062,12.329626083374023,0.19532781839370728
Israel,What is the capital of Israel? Answer with only the capital city.,chat_template,5,2374.128662109375,19.92027473449707,0.13938896358013153
Israel,What is the capital of Israel? Answer with only the capital city.,chat_template,6,3476.830810546875,6.844666481018066,0.16505137085914612
Israel,What is the capital of Israel? Answer with only the capital city.,chat_template,7,4817.4716796875,15.795125961303711,0.1715865582227707
Israel,What is the capital of Israel? Answer with only the capital city.,chat_template,8,5273.8896484375,18.218219757080078,0.20047827064990997
Israel,What is the capital of Israel? Answer with only the capital city.,chat_template,9,5505.99609375,13.939338684082031,0.15078282356262207
Israel,What is the capital of Israel? Answer with only the capital city.,chat_template,10,9008.0361328125,27.565265655517578,0.22457721829414368
Israel,What is the capital of Israel? Answer with only the capital city.,chat_template,11,9286.86328125,3.8641059398651123,0.20708858966827393
Israel,What is the capital of Israel? Answer with only the capital city.,chat_template,12,12531.4228515625,32.258934020996094,0.15658728778362274
Israel,What is the capital of Israel? Answer with only the capital city.,chat_template,13,16701.9765625,22.314210891723633,0.1209062859416008
Israel,What is the capital of Israel? Answer with only the capital city.,chat_template,14,20574.603515625,44.90680694580078,0.12700147926807404
Israel,What is the capital of Israel? Answer with only the capital city.,chat_template,15,20319.0625,34.28733825683594,0.11346154659986496
Israel,What is the capital of Israel? Answer with only the capital city.,chat_template,16,23891.7109375,33.473445892333984,0.12712255120277405
Israel,What is the capital of Israel? Answer with only the capital city.,chat_template,17,294.4391784667969,9.299673080444336,0.1545257717370987
Italy,What is the capital of Italy?,raw_question,0,154.4216766357422,191.9438934326172,0.2572005093097687
Italy,What is the capital of Italy?,raw_question,1,1067.53759765625,105.23725891113281,0.1975419819355011
Italy,What is the capital of Italy?,raw_question,2,1301.20166015625,16.130334854125977,0.1608293354511261
Italy,What is the capital of Italy?,raw_question,3,1573.2735595703125,13.589303970336914,0.2011476457118988
Italy,What is the capital of Italy?,raw_question,4,2269.586669921875,9.980772018432617,0.1859121024608612
Italy,What is the capital of Italy?,raw_question,5,2691.7705078125,20.096670150756836,0.14319510757923126
Italy,What is the capital of Italy?,raw_question,6,3280.029541015625,8.177478790283203,0.15927699208259583
Italy,What is the capital of Italy?,raw_question,7,5087.3193359375,16.42363929748535,0.16908881068229675
Italy,What is the capital of Italy?,raw_question,8,5933.34375,16.224193572998047,0.17062701284885406
Italy,What is the capital of Italy?,raw_question,9,5244.158203125,12.14334774017334,0.1327134072780609
Italy,What is the capital of Italy?,raw_question,10,10455.583984375,26.061134338378906,0.19882693886756897
Italy,What is the capital of Italy?,raw_question,11,10944.7939453125,3.4605536460876465,0.1718933880329132
Italy,What is the capital of Italy?,raw_question,12,13003.6806640625,28.180187225341797,0.12811397016048431
Italy,What is the capital of Italy?,raw_question,13,16555.81640625,25.19892120361328,0.1072007417678833
Italy,What is the capital of Italy?,raw_question,14,17580.88671875,44.423187255859375,0.10831092298030853
Italy,What is the capital of Italy?,raw_question,15,18564.212890625,33.598201751708984,0.10084448009729385
Italy,What is the capital of Italy?,raw_question,16,24676.91796875,40.16209411621094,0.0915621668100357
Italy,What is the capital of Italy?,raw_question,17,171.5028533935547,10.202621459960938,0.11823109537363052
Italy,The capital of Italy is,declarative,0,132.80245971679688,157.64016723632812,0.21521702408790588
Italy,The capital of Italy is,declarative,1,867.6615600585938,127.32442474365234,0.240818053483963
Italy,The capital of Italy is,declarative,2,1226.4500732421875,21.93659782409668,0.1906580924987793
Italy,The capital of Italy is,declarative,3,1581.90869140625,14.30231761932373,0.21750661730766296
Italy,The capital of Italy is,declarative,4,2364.514892578125,10.132095336914062,0.18097427487373352
Italy,The capital of Italy is,declarative,5,2801.802490234375,19.89682388305664,0.14521852135658264
Italy,The capital of Italy is,declarative,6,3723.864501953125,8.1763277053833,0.1663871705532074
Italy,The capital of Italy is,declarative,7,5758.3603515625,17.226381301879883,0.1724010407924652
Italy,The capital of Italy is,declarative,8,5479.00927734375,16.79729461669922,0.17085182666778564
Italy,The capital of Italy is,declarative,9,5496.95654296875,14.568021774291992,0.13588036596775055
Italy,The capital of Italy is,declarative,10,8615.9248046875,29.952272415161133,0.2005995512008667
Italy,The capital of Italy is,declarative,11,9842.6728515625,4.8947930335998535,0.1971200406551361
Italy,The capital of Italy is,declarative,12,12295.8720703125,32.37074279785156,0.15748628973960876
Italy,The capital of Italy is,declarative,13,15468.0830078125,25.008499145507812,0.124526247382164
Italy,The capital of Italy is,declarative,14,19041.458984375,50.43869400024414,0.11601318418979645
Italy,The capital of Italy is,declarative,15,21075.083984375,34.05318069458008,0.10182932019233704
Italy,The capital of Italy is,declarative,16,23374.337890625,40.1152458190918,0.1010054349899292
Italy,The capital of Italy is,declarative,17,241.04049682617188,10.112273216247559,0.13398437201976776
Italy,"Q: What is the capital of Italy?
A:",qa,0,126.25537872314453,161.4780731201172,0.28719091415405273
Italy,"Q: What is the capital of Italy?
A:",qa,1,812.9140014648438,145.94515991210938,0.23671160638332367
Italy,"Q: What is the capital of Italy?
A:",qa,2,1003.4359130859375,21.13956069946289,0.17460617423057556
Italy,"Q: What is the capital of Italy?
A:",qa,3,1813.3680419921875,14.079702377319336,0.21969091892242432
Italy,"Q: What is the capital of Italy?
A:",qa,4,2120.2451171875,11.613668441772461,0.17539642751216888
Italy,"Q: What is the capital of Italy?
A:",qa,5,3461.68896484375,16.651857376098633,0.15239565074443817
Italy,"Q: What is the capital of Italy?
A:",qa,6,3707.17919921875,6.148010730743408,0.1527743637561798
Italy,"Q: What is the capital of Italy?
A:",qa,7,4924.1181640625,16.080184936523438,0.16122956573963165
Italy,"Q: What is the capital of Italy?
A:",qa,8,5436.04833984375,15.106064796447754,0.18925383687019348
Italy,"Q: What is the capital of Italy?
A:",qa,9,5169.6259765625,14.86845874786377,0.13585703074932098
Italy,"Q: What is the capital of Italy?
A:",qa,10,8297.3818359375,31.030506134033203,0.19015678763389587
Italy,"Q: What is the capital of Italy?
A:",qa,11,8871.212890625,5.086501121520996,0.19042985141277313
Italy,"Q: What is the capital of Italy?
A:",qa,12,11898.3271484375,33.12723922729492,0.15041981637477875
Italy,"Q: What is the capital of Italy?
A:",qa,13,14624.4775390625,25.709522247314453,0.11440172046422958
Italy,"Q: What is the capital of Italy?
A:",qa,14,18262.31640625,46.42500305175781,0.11168913543224335
Italy,"Q: What is the capital of Italy?
A:",qa,15,19900.333984375,34.84947967529297,0.09672693908214569
Italy,"Q: What is the capital of Italy?
A:",qa,16,24617.83203125,37.81962203979492,0.0956903025507927
Italy,"Q: What is the capital of Italy?
A:",qa,17,192.447509765625,11.072676658630371,0.12286867201328278
Italy,What is the capital of Italy? Answer with only the capital city.,chat_template,0,171.9091033935547,169.45376586914062,0.2016872763633728
Italy,What is the capital of Italy? Answer with only the capital city.,chat_template,1,783.705322265625,128.5219268798828,0.171082004904747
Italy,What is the capital of Italy? Answer with only the capital city.,chat_template,2,1039.5234375,23.554458618164062,0.16047897934913635
Italy,What is the capital of Italy? Answer with only the capital city.,chat_template,3,1382.90625,13.62136173248291,0.19671469926834106
Italy,What is the capital of Italy? Answer with only the capital city.,chat_template,4,783.640625,12.379043579101562,0.1960315704345703
Italy,What is the capital of Italy? Answer with only the capital city.,chat_template,5,2375.770751953125,19.928680419921875,0.1394357532262802
Italy,What is the capital of Italy? Answer with only the capital city.,chat_template,6,3421.456298828125,6.753716945648193,0.16505135595798492
Italy,What is the capital of Italy? Answer with only the capital city.,chat_template,7,4698.7451171875,15.945401191711426,0.17134353518486023
Italy,What is the capital of Italy? Answer with only the capital city.,chat_template,8,5187.7255859375,18.523426055908203,0.20069840550422668
Italy,What is the capital of Italy? Answer with only the capital city.,chat_template,9,5419.2177734375,14.115728378295898,0.1510961949825287
Italy,What is the capital of Italy? Answer with only the capital city.,chat_template,10,8883.9638671875,28.033884048461914,0.22494305670261383
Italy,What is the capital of Italy? Answer with only the capital city.,chat_template,11,9334.580078125,4.01570463180542,0.2052423059940338
Italy,What is the capital of Italy? Answer with only the capital city.,chat_template,12,12950.1220703125,25.460678100585938,0.15523099899291992
Italy,What is the capital of Italy? Answer with only the capital city.,chat_template,13,15336.5830078125,22.418865203857422,0.12349427491426468
Italy,What is the capital of Italy? Answer with only the capital city.,chat_template,14,18948.529296875,44.42455291748047,0.12089260667562485
Italy,What is the capital of Italy? Answer with only the capital city.,chat_template,15,20446.4296875,29.620241165161133,0.11334491521120071
Italy,What is the capital of Italy? Answer with only the capital city.,chat_template,16,23315.103515625,32.726375579833984,0.12060795724391937
Italy,What is the capital of Italy? Answer with only the capital city.,chat_template,17,287.04840087890625,9.426322937011719,0.15942926704883575
Ivory Coast,What is the capital of Ivory Coast?,raw_question,0,154.77267456054688,188.11672973632812,0.2555290460586548
Ivory Coast,What is the capital of Ivory Coast?,raw_question,1,1067.5933837890625,103.3885726928711,0.1974145472049713
Ivory Coast,What is the capital of Ivory Coast?,raw_question,2,1308.885498046875,16.83124542236328,0.16422009468078613
Ivory Coast,What is the capital of Ivory Coast?,raw_question,3,1636.724609375,13.919602394104004,0.1998508870601654
Ivory Coast,What is the capital of Ivory Coast?,raw_question,4,2188.684326171875,10.363892555236816,0.18410199880599976
Ivory Coast,What is the capital of Ivory Coast?,raw_question,5,2617.38427734375,19.918842315673828,0.14380432665348053
Ivory Coast,What is the capital of Ivory Coast?,raw_question,6,3255.72705078125,7.734156608581543,0.1587236523628235
Ivory Coast,What is the capital of Ivory Coast?,raw_question,7,5136.35107421875,16.64615821838379,0.167691171169281
Ivory Coast,What is the capital of Ivory Coast?,raw_question,8,5985.00244140625,16.367441177368164,0.17079228162765503
Ivory Coast,What is the capital of Ivory Coast?,raw_question,9,5291.0009765625,12.383728981018066,0.1326458752155304
Ivory Coast,What is the capital of Ivory Coast?,raw_question,10,10391.083984375,24.292064666748047,0.19754740595817566
Ivory Coast,What is the capital of Ivory Coast?,raw_question,11,10794.0673828125,3.6530325412750244,0.1723482757806778
Ivory Coast,What is the capital of Ivory Coast?,raw_question,12,12980.28515625,27.003643035888672,0.13105282187461853
Ivory Coast,What is the capital of Ivory Coast?,raw_question,13,16148.890625,27.150943756103516,0.10825342684984207
Ivory Coast,What is the capital of Ivory Coast?,raw_question,14,17292.4609375,44.96345520019531,0.11121293902397156
Ivory Coast,What is the capital of Ivory Coast?,raw_question,15,18580.31640625,34.48618698120117,0.10266135632991791
Ivory Coast,What is the capital of Ivory Coast?,raw_question,16,25481.56640625,39.72378921508789,0.09103752672672272
Ivory Coast,What is the capital of Ivory Coast?,raw_question,17,155.50962829589844,11.680865287780762,0.11906382441520691
Ivory Coast,The capital of Ivory Coast is,declarative,0,131.7957763671875,162.384521484375,0.21131668984889984
Ivory Coast,The capital of Ivory Coast is,declarative,1,867.6525268554688,122.31021881103516,0.2395576536655426
Ivory Coast,The capital of Ivory Coast is,declarative,2,1203.5518798828125,22.371753692626953,0.1915564388036728
Ivory Coast,The capital of Ivory Coast is,declarative,3,1650.325439453125,14.436422348022461,0.22311396896839142
Ivory Coast,The capital of Ivory Coast is,declarative,4,2303.0947265625,10.445484161376953,0.17799991369247437
Ivory Coast,The capital of Ivory Coast is,declarative,5,2735.723876953125,19.935190200805664,0.14650484919548035
Ivory Coast,The capital of Ivory Coast is,declarative,6,3538.2265625,8.221280097961426,0.16623762249946594
Ivory Coast,The capital of Ivory Coast is,declarative,7,5639.794921875,17.908531188964844,0.17086414992809296
Ivory Coast,The capital of Ivory Coast is,declarative,8,5419.033203125,16.807748794555664,0.17398297786712646
Ivory Coast,The capital of Ivory Coast is,declarative,9,5650.89208984375,14.602192878723145,0.13803251087665558
Ivory Coast,The capital of Ivory Coast is,declarative,10,8624.34375,27.682151794433594,0.2024935483932495
Ivory Coast,The capital of Ivory Coast is,declarative,11,9981.478515625,5.1112446784973145,0.1993793249130249
Ivory Coast,The capital of Ivory Coast is,declarative,12,12684.34765625,32.49858856201172,0.1650620400905609
Ivory Coast,The capital of Ivory Coast is,declarative,13,15678.369140625,24.385589599609375,0.12838202714920044
Ivory Coast,The capital of Ivory Coast is,declarative,14,19498.07421875,51.727725982666016,0.123336061835289
Ivory Coast,The capital of Ivory Coast is,declarative,15,21729.623046875,36.69692611694336,0.10910776257514954
Ivory Coast,The capital of Ivory Coast is,declarative,16,24831.736328125,38.00387954711914,0.10862159729003906
Ivory Coast,The capital of Ivory Coast is,declarative,17,241.866455078125,10.664414405822754,0.13965508341789246
Ivory Coast,"Q: What is the capital of Ivory Coast?
A:",qa,0,125.53349304199219,163.13002014160156,0.2857193946838379
Ivory Coast,"Q: What is the capital of Ivory Coast?
A:",qa,1,815.5687255859375,146.32266235351562,0.23879027366638184
Ivory Coast,"Q: What is the capital of Ivory Coast?
A:",qa,2,1014.4566650390625,21.32677459716797,0.17606288194656372
Ivory Coast,"Q: What is the capital of Ivory Coast?
A:",qa,3,1812.52685546875,14.089797019958496,0.2186656892299652
Ivory Coast,"Q: What is the capital of Ivory Coast?
A:",qa,4,2103.01318359375,11.706042289733887,0.17781469225883484
Ivory Coast,"Q: What is the capital of Ivory Coast?
A:",qa,5,3429.8583984375,16.725404739379883,0.15313391387462616
Ivory Coast,"Q: What is the capital of Ivory Coast?
A:",qa,6,3622.008056640625,6.111212730407715,0.15224561095237732
Ivory Coast,"Q: What is the capital of Ivory Coast?
A:",qa,7,4942.72119140625,16.203041076660156,0.15978656709194183
Ivory Coast,"Q: What is the capital of Ivory Coast?
A:",qa,8,5457.6533203125,15.303340911865234,0.18946990370750427
Ivory Coast,"Q: What is the capital of Ivory Coast?
A:",qa,9,5252.04248046875,14.94847297668457,0.13592417538166046
Ivory Coast,"Q: What is the capital of Ivory Coast?
A:",qa,10,8323.607421875,30.119050979614258,0.18920952081680298
Ivory Coast,"Q: What is the capital of Ivory Coast?
A:",qa,11,8952.466796875,5.324724197387695,0.1913231909275055
Ivory Coast,"Q: What is the capital of Ivory Coast?
A:",qa,12,11834.943359375,32.58041763305664,0.1617581695318222
Ivory Coast,"Q: What is the capital of Ivory Coast?
A:",qa,13,14774.4072265625,24.944040298461914,0.12042498588562012
Ivory Coast,"Q: What is the capital of Ivory Coast?
A:",qa,14,18763.03125,47.35285949707031,0.12051449716091156
Ivory Coast,"Q: What is the capital of Ivory Coast?
A:",qa,15,20830.87109375,37.83219909667969,0.10313630849123001
Ivory Coast,"Q: What is the capital of Ivory Coast?
A:",qa,16,26101.83203125,37.18213653564453,0.09492239356040955
Ivory Coast,"Q: What is the capital of Ivory Coast?
A:",qa,17,182.65028381347656,11.947349548339844,0.12347287684679031
Ivory Coast,What is the capital of Ivory Coast? Answer with only the capital city.,chat_template,0,170.96881103515625,170.0411376953125,0.1982143521308899
Ivory Coast,What is the capital of Ivory Coast? Answer with only the capital city.,chat_template,1,783.779052734375,129.13626098632812,0.1706279218196869
Ivory Coast,What is the capital of Ivory Coast? Answer with only the capital city.,chat_template,2,1036.0279541015625,23.649906158447266,0.16099174320697784
Ivory Coast,What is the capital of Ivory Coast? Answer with only the capital city.,chat_template,3,1384.634521484375,13.631442070007324,0.19594945013523102
Ivory Coast,What is the capital of Ivory Coast? Answer with only the capital city.,chat_template,4,794.5302124023438,12.364798545837402,0.19557353854179382
Ivory Coast,What is the capital of Ivory Coast? Answer with only the capital city.,chat_template,5,2342.145263671875,19.684288024902344,0.13896089792251587
Ivory Coast,What is the capital of Ivory Coast? Answer with only the capital city.,chat_template,6,3479.358154296875,6.794501304626465,0.16508738696575165
Ivory Coast,What is the capital of Ivory Coast? Answer with only the capital city.,chat_template,7,4809.701171875,15.775893211364746,0.1702447533607483
Ivory Coast,What is the capital of Ivory Coast? Answer with only the capital city.,chat_template,8,5296.8037109375,18.44664192199707,0.19964633882045746
Ivory Coast,What is the capital of Ivory Coast? Answer with only the capital city.,chat_template,9,5526.70263671875,14.030920028686523,0.14989887177944183
Ivory Coast,What is the capital of Ivory Coast? Answer with only the capital city.,chat_template,10,8937.9150390625,27.366260528564453,0.22038006782531738
Ivory Coast,What is the capital of Ivory Coast? Answer with only the capital city.,chat_template,11,9190.1982421875,3.8627800941467285,0.20385509729385376
Ivory Coast,What is the capital of Ivory Coast? Answer with only the capital city.,chat_template,12,12399.8984375,28.587825775146484,0.16658370196819305
Ivory Coast,What is the capital of Ivory Coast? Answer with only the capital city.,chat_template,13,14936.5185546875,22.388221740722656,0.1302480697631836
Ivory Coast,What is the capital of Ivory Coast? Answer with only the capital city.,chat_template,14,18541.306640625,46.509910583496094,0.1286403089761734
Ivory Coast,What is the capital of Ivory Coast? Answer with only the capital city.,chat_template,15,20767.259765625,37.178138732910156,0.12047842144966125
Ivory Coast,What is the capital of Ivory Coast? Answer with only the capital city.,chat_template,16,24854.90234375,32.78923034667969,0.12131263315677643
Ivory Coast,What is the capital of Ivory Coast? Answer with only the capital city.,chat_template,17,266.27398681640625,9.811524391174316,0.15235134959220886
Jamaica,What is the capital of Jamaica?,raw_question,0,155.1437530517578,191.22299194335938,0.25890296697616577
Jamaica,What is the capital of Jamaica?,raw_question,1,1060.9168701171875,104.62113189697266,0.197512686252594
Jamaica,What is the capital of Jamaica?,raw_question,2,1301.8929443359375,16.425479888916016,0.16202060878276825
Jamaica,What is the capital of Jamaica?,raw_question,3,1582.01025390625,13.637310981750488,0.20203259587287903
Jamaica,What is the capital of Jamaica?,raw_question,4,2287.7099609375,10.157588005065918,0.18649686872959137
Jamaica,What is the capital of Jamaica?,raw_question,5,2697.431396484375,20.28641128540039,0.144366055727005
Jamaica,What is the capital of Jamaica?,raw_question,6,3318.183349609375,8.25880241394043,0.1584332287311554
Jamaica,What is the capital of Jamaica?,raw_question,7,4939.9892578125,16.883567810058594,0.1657899022102356
Jamaica,What is the capital of Jamaica?,raw_question,8,5840.283203125,16.248414993286133,0.17031562328338623
Jamaica,What is the capital of Jamaica?,raw_question,9,5328.15966796875,12.252099990844727,0.13370633125305176
Jamaica,What is the capital of Jamaica?,raw_question,10,10521.8515625,25.1221981048584,0.19801047444343567
Jamaica,What is the capital of Jamaica?,raw_question,11,11001.6533203125,3.442296028137207,0.1717069447040558
Jamaica,What is the capital of Jamaica?,raw_question,12,12915.650390625,27.55590057373047,0.12878435850143433
Jamaica,What is the capital of Jamaica?,raw_question,13,16425.244140625,26.01141357421875,0.10721156001091003
Jamaica,What is the capital of Jamaica?,raw_question,14,17318.83203125,44.666465759277344,0.10909074544906616
Jamaica,What is the capital of Jamaica?,raw_question,15,18351.65234375,32.67417526245117,0.10287107527256012
Jamaica,What is the capital of Jamaica?,raw_question,16,24735.435546875,39.53071212768555,0.09303488582372665
Jamaica,What is the capital of Jamaica?,raw_question,17,164.2628173828125,10.86795425415039,0.1221250519156456
Jamaica,The capital of Jamaica is,declarative,0,132.0668182373047,160.5983428955078,0.21141643822193146
Jamaica,The capital of Jamaica is,declarative,1,864.061767578125,126.51221466064453,0.23931527137756348
Jamaica,The capital of Jamaica is,declarative,2,1211.364990234375,22.721717834472656,0.19158005714416504
Jamaica,The capital of Jamaica is,declarative,3,1608.0782470703125,14.137497901916504,0.22200526297092438
Jamaica,The capital of Jamaica is,declarative,4,2413.968505859375,10.330375671386719,0.18071046471595764
Jamaica,The capital of Jamaica is,declarative,5,2827.165283203125,20.053823471069336,0.14707200229167938
Jamaica,The capital of Jamaica is,declarative,6,3636.848876953125,8.494518280029297,0.16421476006507874
Jamaica,The capital of Jamaica is,declarative,7,5646.8125,17.714832305908203,0.17221736907958984
Jamaica,The capital of Jamaica is,declarative,8,5449.85546875,16.59001922607422,0.17351695895195007
Jamaica,The capital of Jamaica is,declarative,9,5587.01513671875,14.819738388061523,0.13864241540431976
Jamaica,The capital of Jamaica is,declarative,10,8677.5498046875,28.824970245361328,0.20023897290229797
Jamaica,The capital of Jamaica is,declarative,11,9856.8935546875,5.026966094970703,0.19671842455863953
Jamaica,The capital of Jamaica is,declarative,12,12283.0673828125,36.33084487915039,0.15363474190235138
Jamaica,The capital of Jamaica is,declarative,13,15245.28125,24.44988250732422,0.12744775414466858
Jamaica,The capital of Jamaica is,declarative,14,18519.193359375,52.254756927490234,0.11885941028594971
Jamaica,The capital of Jamaica is,declarative,15,19962.9609375,35.98641586303711,0.10466907918453217
Jamaica,The capital of Jamaica is,declarative,16,24507.455078125,39.36247253417969,0.10461652278900146
Jamaica,The capital of Jamaica is,declarative,17,241.0386199951172,9.468313217163086,0.13209104537963867
Jamaica,"Q: What is the capital of Jamaica?
A:",qa,0,126.53363800048828,161.49366760253906,0.28632622957229614
Jamaica,"Q: What is the capital of Jamaica?
A:",qa,1,812.0471801757812,147.4378662109375,0.23834925889968872
Jamaica,"Q: What is the capital of Jamaica?
A:",qa,2,999.5454711914062,21.396432876586914,0.1758805364370346
Jamaica,"Q: What is the capital of Jamaica?
A:",qa,3,1797.2841796875,14.005463600158691,0.22005867958068848
Jamaica,"Q: What is the capital of Jamaica?
A:",qa,4,2089.9501953125,11.682283401489258,0.17742344737052917
Jamaica,"Q: What is the capital of Jamaica?
A:",qa,5,3470.5419921875,16.67194366455078,0.15315347909927368
Jamaica,"Q: What is the capital of Jamaica?
A:",qa,6,3646.396484375,6.0833306312561035,0.1525445133447647
Jamaica,"Q: What is the capital of Jamaica?
A:",qa,7,4915.6171875,16.223066329956055,0.16212768852710724
Jamaica,"Q: What is the capital of Jamaica?
A:",qa,8,5457.70166015625,15.37881088256836,0.19039173424243927
Jamaica,"Q: What is the capital of Jamaica?
A:",qa,9,5228.240234375,14.905600547790527,0.13603155314922333
Jamaica,"Q: What is the capital of Jamaica?
A:",qa,10,8296.255859375,30.989463806152344,0.19130873680114746
Jamaica,"Q: What is the capital of Jamaica?
A:",qa,11,8942.0732421875,5.121302127838135,0.19269800186157227
Jamaica,"Q: What is the capital of Jamaica?
A:",qa,12,12018.4853515625,34.151466369628906,0.14831693470478058
Jamaica,"Q: What is the capital of Jamaica?
A:",qa,13,14675.833984375,26.024959564208984,0.11619871109724045
Jamaica,"Q: What is the capital of Jamaica?
A:",qa,14,18001.97265625,45.8155632019043,0.11253491789102554
Jamaica,"Q: What is the capital of Jamaica?
A:",qa,15,19190.697265625,35.216880798339844,0.09730207175016403
Jamaica,"Q: What is the capital of Jamaica?
A:",qa,16,24993.51953125,37.02055740356445,0.09117907285690308
Jamaica,"Q: What is the capital of Jamaica?
A:",qa,17,185.8267059326172,11.5439453125,0.11837756633758545
Jamaica,What is the capital of Jamaica? Answer with only the capital city.,chat_template,0,172.24485778808594,169.50662231445312,0.20163077116012573
Jamaica,What is the capital of Jamaica? Answer with only the capital city.,chat_template,1,786.9869384765625,128.506103515625,0.16998440027236938
Jamaica,What is the capital of Jamaica? Answer with only the capital city.,chat_template,2,1039.5657958984375,23.524723052978516,0.160288006067276
Jamaica,What is the capital of Jamaica? Answer with only the capital city.,chat_template,3,1384.896728515625,13.613228797912598,0.19558297097682953
Jamaica,What is the capital of Jamaica? Answer with only the capital city.,chat_template,4,783.0443725585938,12.269542694091797,0.19563612341880798
Jamaica,What is the capital of Jamaica? Answer with only the capital city.,chat_template,5,2384.068359375,19.83051300048828,0.13931071758270264
Jamaica,What is the capital of Jamaica? Answer with only the capital city.,chat_template,6,3469.003662109375,6.812924861907959,0.16466552019119263
Jamaica,What is the capital of Jamaica? Answer with only the capital city.,chat_template,7,4761.78369140625,15.893848419189453,0.17137542366981506
Jamaica,What is the capital of Jamaica? Answer with only the capital city.,chat_template,8,5273.39501953125,18.772380828857422,0.20045223832130432
Jamaica,What is the capital of Jamaica? Answer with only the capital city.,chat_template,9,5502.61083984375,14.046799659729004,0.14961068332195282
Jamaica,What is the capital of Jamaica? Answer with only the capital city.,chat_template,10,9001.9150390625,27.825103759765625,0.22270028293132782
Jamaica,What is the capital of Jamaica? Answer with only the capital city.,chat_template,11,9195.73046875,3.867141008377075,0.2052125334739685
Jamaica,What is the capital of Jamaica? Answer with only the capital city.,chat_template,12,12562.0908203125,28.870920181274414,0.15040713548660278
Jamaica,What is the capital of Jamaica? Answer with only the capital city.,chat_template,13,15452.443359375,22.587024688720703,0.12276381254196167
Jamaica,What is the capital of Jamaica? Answer with only the capital city.,chat_template,14,18323.97265625,43.20122146606445,0.11803415417671204
Jamaica,What is the capital of Jamaica? Answer with only the capital city.,chat_template,15,19086.859375,30.621057510375977,0.10773046314716339
Jamaica,What is the capital of Jamaica? Answer with only the capital city.,chat_template,16,24114.44140625,32.10712432861328,0.11407455801963806
Jamaica,What is the capital of Jamaica? Answer with only the capital city.,chat_template,17,303.1188049316406,8.844730377197266,0.1457052081823349
Japan,What is the capital of Japan?,raw_question,0,155.04661560058594,190.81411743164062,0.2586249113082886
Japan,What is the capital of Japan?,raw_question,1,1067.52734375,105.22881317138672,0.1969122439622879
Japan,What is the capital of Japan?,raw_question,2,1308.7615966796875,15.94164752960205,0.16058167815208435
Japan,What is the capital of Japan?,raw_question,3,1584.5596923828125,13.478113174438477,0.20079945027828217
Japan,What is the capital of Japan?,raw_question,4,2300.969970703125,9.935673713684082,0.18533271551132202
Japan,What is the capital of Japan?,raw_question,5,2676.438720703125,20.2961483001709,0.142974853515625
Japan,What is the capital of Japan?,raw_question,6,3358.261962890625,8.22728443145752,0.15952461957931519
Japan,What is the capital of Japan?,raw_question,7,5173.89697265625,16.583595275878906,0.16642920672893524
Japan,What is the capital of Japan?,raw_question,8,5899.44482421875,16.2701416015625,0.16857612133026123
Japan,What is the capital of Japan?,raw_question,9,5299.361328125,12.186742782592773,0.13224443793296814
Japan,What is the capital of Japan?,raw_question,10,10458.1474609375,25.44779396057129,0.19429588317871094
Japan,What is the capital of Japan?,raw_question,11,10966.9677734375,3.407625913619995,0.16966964304447174
Japan,What is the capital of Japan?,raw_question,12,12896.345703125,30.029674530029297,0.12932685017585754
Japan,What is the capital of Japan?,raw_question,13,16444.671875,25.28473472595215,0.10705474019050598
Japan,What is the capital of Japan?,raw_question,14,17583.53515625,44.57438278198242,0.10830186307430267
Japan,What is the capital of Japan?,raw_question,15,18586.419921875,33.89514923095703,0.10024474561214447
Japan,What is the capital of Japan?,raw_question,16,25004.111328125,39.55618667602539,0.0905914232134819
Japan,What is the capital of Japan?,raw_question,17,163.03538513183594,10.378735542297363,0.12029527872800827
Japan,The capital of Japan is,declarative,0,133.08705139160156,157.76502990722656,0.2136961817741394
Japan,The capital of Japan is,declarative,1,867.6978759765625,127.94001770019531,0.2390775978565216
Japan,The capital of Japan is,declarative,2,1226.7012939453125,21.49468994140625,0.19044165313243866
Japan,The capital of Japan is,declarative,3,1599.058349609375,14.151994705200195,0.21894285082817078
Japan,The capital of Japan is,declarative,4,2412.937255859375,10.304015159606934,0.18023142218589783
Japan,The capital of Japan is,declarative,5,2788.638671875,20.139686584472656,0.1457049399614334
Japan,The capital of Japan is,declarative,6,3738.03466796875,8.570887565612793,0.16677579283714294
Japan,The capital of Japan is,declarative,7,5729.984375,17.223682403564453,0.17221853137016296
Japan,The capital of Japan is,declarative,8,5443.1015625,16.678443908691406,0.17194604873657227
Japan,The capital of Japan is,declarative,9,5546.513671875,14.38077449798584,0.13631108403205872
Japan,The capital of Japan is,declarative,10,8679.033203125,29.298425674438477,0.1964654177427292
Japan,The capital of Japan is,declarative,11,9916.1474609375,4.879136562347412,0.1954028159379959
Japan,The capital of Japan is,declarative,12,12141.0732421875,35.9000244140625,0.15845650434494019
Japan,The capital of Japan is,declarative,13,15500.0537109375,24.42062759399414,0.12434349954128265
Japan,The capital of Japan is,declarative,14,19289.0078125,50.10685729980469,0.11703748255968094
Japan,The capital of Japan is,declarative,15,20880.810546875,34.16844177246094,0.10148134082555771
Japan,The capital of Japan is,declarative,16,23642.61328125,41.216068267822266,0.09972663223743439
Japan,The capital of Japan is,declarative,17,268.6929016113281,10.015607833862305,0.13300293684005737
Japan,"Q: What is the capital of Japan?
A:",qa,0,126.16122436523438,161.85594177246094,0.28519701957702637
Japan,"Q: What is the capital of Japan?
A:",qa,1,811.8430786132812,147.88104248046875,0.23695462942123413
Japan,"Q: What is the capital of Japan?
A:",qa,2,1006.510009765625,21.216209411621094,0.17482014000415802
Japan,"Q: What is the capital of Japan?
A:",qa,3,1812.6260986328125,13.988780975341797,0.21964886784553528
Japan,"Q: What is the capital of Japan?
A:",qa,4,2119.428466796875,11.504814147949219,0.17580848932266235
Japan,"Q: What is the capital of Japan?
A:",qa,5,3464.050537109375,16.708209991455078,0.1523171067237854
Japan,"Q: What is the capital of Japan?
A:",qa,6,3711.021728515625,6.164542198181152,0.15342041850090027
Japan,"Q: What is the capital of Japan?
A:",qa,7,4976.67431640625,16.155685424804688,0.16158455610275269
Japan,"Q: What is the capital of Japan?
A:",qa,8,5488.111328125,15.213351249694824,0.18964850902557373
Japan,"Q: What is the capital of Japan?
A:",qa,9,5191.7509765625,14.959479331970215,0.13501566648483276
Japan,"Q: What is the capital of Japan?
A:",qa,10,8357.3818359375,31.212038040161133,0.18882909417152405
Japan,"Q: What is the capital of Japan?
A:",qa,11,8860.1005859375,5.141484260559082,0.18972530961036682
Japan,"Q: What is the capital of Japan?
A:",qa,12,11699.59765625,37.20079803466797,0.15223762392997742
Japan,"Q: What is the capital of Japan?
A:",qa,13,14493.34375,25.867887496948242,0.11329632997512817
Japan,"Q: What is the capital of Japan?
A:",qa,14,18285.419921875,47.80589294433594,0.11229681968688965
Japan,"Q: What is the capital of Japan?
A:",qa,15,19507.087890625,34.67744064331055,0.09259269386529922
Japan,"Q: What is the capital of Japan?
A:",qa,16,24616.11328125,38.91781234741211,0.09224476665258408
Japan,"Q: What is the capital of Japan?
A:",qa,17,193.94700622558594,11.194270133972168,0.12067180126905441
Japan,What is the capital of Japan? Answer with only the capital city.,chat_template,0,171.806640625,169.19627380371094,0.20183609426021576
Japan,What is the capital of Japan? Answer with only the capital city.,chat_template,1,783.654541015625,129.09970092773438,0.1700175255537033
Japan,What is the capital of Japan? Answer with only the capital city.,chat_template,2,1043.253662109375,23.509668350219727,0.15954971313476562
Japan,What is the capital of Japan? Answer with only the capital city.,chat_template,3,1391.77880859375,13.670655250549316,0.19563965499401093
Japan,What is the capital of Japan? Answer with only the capital city.,chat_template,4,789.25927734375,12.29629135131836,0.19564807415008545
Japan,What is the capital of Japan? Answer with only the capital city.,chat_template,5,2369.95263671875,20.009906768798828,0.13905265927314758
Japan,What is the capital of Japan? Answer with only the capital city.,chat_template,6,3466.120849609375,6.727566719055176,0.16487932205200195
Japan,What is the capital of Japan? Answer with only the capital city.,chat_template,7,4785.078125,15.867526054382324,0.17180949449539185
Japan,What is the capital of Japan? Answer with only the capital city.,chat_template,8,5274.43017578125,18.51156997680664,0.19962483644485474
Japan,What is the capital of Japan? Answer with only the capital city.,chat_template,9,5476.78466796875,13.915295600891113,0.15029174089431763
Japan,What is the capital of Japan? Answer with only the capital city.,chat_template,10,9003.0234375,27.885530471801758,0.22260400652885437
Japan,What is the capital of Japan? Answer with only the capital city.,chat_template,11,9265.5771484375,3.995100498199463,0.2035088837146759
Japan,What is the capital of Japan? Answer with only the capital city.,chat_template,12,12410.9375,29.138362884521484,0.15367741882801056
Japan,What is the capital of Japan? Answer with only the capital city.,chat_template,13,14917.3623046875,22.5577449798584,0.12140731513500214
Japan,What is the capital of Japan? Answer with only the capital city.,chat_template,14,19004.751953125,44.50376510620117,0.1241903305053711
Japan,What is the capital of Japan? Answer with only the capital city.,chat_template,15,19586.744140625,28.692731857299805,0.10748764872550964
Japan,What is the capital of Japan? Answer with only the capital city.,chat_template,16,23537.15625,34.384822845458984,0.11733000725507736
Japan,What is the capital of Japan? Answer with only the capital city.,chat_template,17,329.3067626953125,9.409919738769531,0.15410871803760529
Jordan,What is the capital of Jordan?,raw_question,0,155.99766540527344,191.17445373535156,0.2581961154937744
Jordan,What is the capital of Jordan?,raw_question,1,1067.599365234375,103.74620056152344,0.1972665935754776
Jordan,What is the capital of Jordan?,raw_question,2,1270.884765625,16.090200424194336,0.161346897482872
Jordan,What is the capital of Jordan?,raw_question,3,1581.172607421875,13.695318222045898,0.20344388484954834
Jordan,What is the capital of Jordan?,raw_question,4,2316.79443359375,10.197607040405273,0.18723520636558533
Jordan,What is the capital of Jordan?,raw_question,5,2663.817626953125,20.324308395385742,0.14382952451705933
Jordan,What is the capital of Jordan?,raw_question,6,3245.941162109375,8.419791221618652,0.15860289335250854
Jordan,What is the capital of Jordan?,raw_question,7,4986.0703125,16.634641647338867,0.16514036059379578
Jordan,What is the capital of Jordan?,raw_question,8,5769.29736328125,16.336870193481445,0.1715587079524994
Jordan,What is the capital of Jordan?,raw_question,9,5284.1923828125,12.334588050842285,0.13405025005340576
Jordan,What is the capital of Jordan?,raw_question,10,10326.53125,24.925518035888672,0.19538620114326477
Jordan,What is the capital of Jordan?,raw_question,11,10635.7001953125,3.509773015975952,0.17092570662498474
Jordan,What is the capital of Jordan?,raw_question,12,13108.5283203125,29.370826721191406,0.12913691997528076
Jordan,What is the capital of Jordan?,raw_question,13,16152.291015625,29.598636627197266,0.10778999328613281
Jordan,What is the capital of Jordan?,raw_question,14,17552.412109375,47.098384857177734,0.10815734416246414
Jordan,What is the capital of Jordan?,raw_question,15,18208.013671875,36.24735641479492,0.0991789847612381
Jordan,What is the capital of Jordan?,raw_question,16,24860.158203125,39.43321228027344,0.08912662416696548
Jordan,What is the capital of Jordan?,raw_question,17,150.7158660888672,10.973840713500977,0.11601915210485458
Jordan,The capital of Jordan is,declarative,0,134.17578125,158.58523559570312,0.21350577473640442
Jordan,The capital of Jordan is,declarative,1,864.1469116210938,126.5499038696289,0.24207456409931183
Jordan,The capital of Jordan is,declarative,2,1196.3221435546875,22.026960372924805,0.19138415157794952
Jordan,The capital of Jordan is,declarative,3,1635.543212890625,14.360132217407227,0.21919018030166626
Jordan,The capital of Jordan is,declarative,4,2411.4296875,10.242513656616211,0.1799166053533554
Jordan,The capital of Jordan is,declarative,5,2808.6259765625,19.91465950012207,0.14642030000686646
Jordan,The capital of Jordan is,declarative,6,3625.768798828125,8.716070175170898,0.16472399234771729
Jordan,The capital of Jordan is,declarative,7,5729.70849609375,17.206222534179688,0.16969409584999084
Jordan,The capital of Jordan is,declarative,8,5414.89208984375,16.633316040039062,0.1728326976299286
Jordan,The capital of Jordan is,declarative,9,5609.9208984375,14.404044151306152,0.13722693920135498
Jordan,The capital of Jordan is,declarative,10,8604.7060546875,28.814077377319336,0.19575956463813782
Jordan,The capital of Jordan is,declarative,11,9857.2275390625,4.945753574371338,0.1976572573184967
Jordan,The capital of Jordan is,declarative,12,12354.2119140625,36.33732986450195,0.15806835889816284
Jordan,The capital of Jordan is,declarative,13,15413.9052734375,24.968387603759766,0.1273653358221054
Jordan,The capital of Jordan is,declarative,14,19246.568359375,51.47568130493164,0.12199080735445023
Jordan,The capital of Jordan is,declarative,15,20736.23828125,36.86769485473633,0.10826005041599274
Jordan,The capital of Jordan is,declarative,16,24377.9140625,38.231380462646484,0.10645505785942078
Jordan,The capital of Jordan is,declarative,17,251.22958374023438,10.437907218933105,0.13397666811943054
Jordan,"Q: What is the capital of Jordan?
A:",qa,0,126.2684097290039,161.62693786621094,0.2869185209274292
Jordan,"Q: What is the capital of Jordan?
A:",qa,1,812.0569458007812,146.41656494140625,0.23827441036701202
Jordan,"Q: What is the capital of Jordan?
A:",qa,2,1006.7402954101562,21.523107528686523,0.17596086859703064
Jordan,"Q: What is the capital of Jordan?
A:",qa,3,1805.9805908203125,14.039726257324219,0.21982218325138092
Jordan,"Q: What is the capital of Jordan?
A:",qa,4,2104.9169921875,11.679533958435059,0.1766878366470337
Jordan,"Q: What is the capital of Jordan?
A:",qa,5,3475.006103515625,16.75699234008789,0.15259943902492523
Jordan,"Q: What is the capital of Jordan?
A:",qa,6,3663.43994140625,6.115689754486084,0.15238942205905914
Jordan,"Q: What is the capital of Jordan?
A:",qa,7,5003.9228515625,16.141963958740234,0.15962371230125427
Jordan,"Q: What is the capital of Jordan?
A:",qa,8,5486.6865234375,15.109909057617188,0.18836696445941925
Jordan,"Q: What is the capital of Jordan?
A:",qa,9,5253.50146484375,14.50370979309082,0.13520291447639465
Jordan,"Q: What is the capital of Jordan?
A:",qa,10,8319.0087890625,30.799880981445312,0.18739226460456848
Jordan,"Q: What is the capital of Jordan?
A:",qa,11,8928.6748046875,5.053005218505859,0.19142934679985046
Jordan,"Q: What is the capital of Jordan?
A:",qa,12,12368.5341796875,33.045310974121094,0.1515674889087677
Jordan,"Q: What is the capital of Jordan?
A:",qa,13,15007.3681640625,27.12584114074707,0.11512817442417145
Jordan,"Q: What is the capital of Jordan?
A:",qa,14,19216.486328125,46.13529968261719,0.11668901890516281
Jordan,"Q: What is the capital of Jordan?
A:",qa,15,20173.615234375,37.38423538208008,0.09921702742576599
Jordan,"Q: What is the capital of Jordan?
A:",qa,16,25922.470703125,35.98619079589844,0.09324772655963898
Jordan,"Q: What is the capital of Jordan?
A:",qa,17,172.50233459472656,12.41720962524414,0.11933131515979767
Jordan,What is the capital of Jordan? Answer with only the capital city.,chat_template,0,172.44046020507812,169.40487670898438,0.20152276754379272
Jordan,What is the capital of Jordan? Answer with only the capital city.,chat_template,1,787.0325927734375,128.50367736816406,0.16990363597869873
Jordan,What is the capital of Jordan? Answer with only the capital city.,chat_template,2,1050.572265625,23.627443313598633,0.159720778465271
Jordan,What is the capital of Jordan? Answer with only the capital city.,chat_template,3,1397.7095947265625,13.592965126037598,0.19464409351348877
Jordan,What is the capital of Jordan? Answer with only the capital city.,chat_template,4,796.7466430664062,12.331092834472656,0.19510066509246826
Jordan,What is the capital of Jordan? Answer with only the capital city.,chat_template,5,2382.62646484375,19.896921157836914,0.13949665427207947
Jordan,What is the capital of Jordan? Answer with only the capital city.,chat_template,6,3412.945556640625,6.861146926879883,0.1647324562072754
Jordan,What is the capital of Jordan? Answer with only the capital city.,chat_template,7,4730.84765625,15.978849411010742,0.17080597579479218
Jordan,What is the capital of Jordan? Answer with only the capital city.,chat_template,8,5243.78857421875,18.652835845947266,0.1991279125213623
Jordan,What is the capital of Jordan? Answer with only the capital city.,chat_template,9,5473.5576171875,13.972166061401367,0.1503392457962036
Jordan,What is the capital of Jordan? Answer with only the capital city.,chat_template,10,8876.533203125,28.030296325683594,0.22348254919052124
Jordan,What is the capital of Jordan? Answer with only the capital city.,chat_template,11,9057.1142578125,3.832709789276123,0.20523789525032043
Jordan,What is the capital of Jordan? Answer with only the capital city.,chat_template,12,12837.787109375,27.275833129882812,0.15362566709518433
Jordan,What is the capital of Jordan? Answer with only the capital city.,chat_template,13,15704.4462890625,23.252525329589844,0.1214880421757698
Jordan,What is the capital of Jordan? Answer with only the capital city.,chat_template,14,19583.365234375,46.016151428222656,0.12489037215709686
Jordan,What is the capital of Jordan? Answer with only the capital city.,chat_template,15,19502.384765625,31.24509620666504,0.11412253975868225
Jordan,What is the capital of Jordan? Answer with only the capital city.,chat_template,16,24646.37109375,31.405515670776367,0.12357687950134277
Jordan,What is the capital of Jordan? Answer with only the capital city.,chat_template,17,289.2101745605469,9.499704360961914,0.1519424170255661
Kazakhstan,What is the capital of Kazakhstan?,raw_question,0,154.55642700195312,194.5055694580078,0.25340139865875244
Kazakhstan,What is the capital of Kazakhstan?,raw_question,1,1071.2618408203125,106.34845733642578,0.19761861860752106
Kazakhstan,What is the capital of Kazakhstan?,raw_question,2,1316.6204833984375,16.170808792114258,0.16107827425003052
Kazakhstan,What is the capital of Kazakhstan?,raw_question,3,1606.1937255859375,13.622946739196777,0.20026995241641998
Kazakhstan,What is the capital of Kazakhstan?,raw_question,4,2301.22314453125,10.08640193939209,0.18535277247428894
Kazakhstan,What is the capital of Kazakhstan?,raw_question,5,2761.14794921875,20.286672592163086,0.14554503560066223
Kazakhstan,What is the capital of Kazakhstan?,raw_question,6,3273.107666015625,8.419500350952148,0.15775999426841736
Kazakhstan,What is the capital of Kazakhstan?,raw_question,7,5014.880859375,16.724998474121094,0.16509076952934265
Kazakhstan,What is the capital of Kazakhstan?,raw_question,8,5945.22509765625,16.293354034423828,0.16935765743255615
Kazakhstan,What is the capital of Kazakhstan?,raw_question,9,5279.5595703125,12.14680290222168,0.13211728632450104
Kazakhstan,What is the capital of Kazakhstan?,raw_question,10,10579.087890625,24.88519287109375,0.1958034634590149
Kazakhstan,What is the capital of Kazakhstan?,raw_question,11,10955.640625,3.5345640182495117,0.1695297658443451
Kazakhstan,What is the capital of Kazakhstan?,raw_question,12,13083.28125,27.536968231201172,0.12948612868785858
Kazakhstan,What is the capital of Kazakhstan?,raw_question,13,16355.8359375,25.856197357177734,0.10578534752130508
Kazakhstan,What is the capital of Kazakhstan?,raw_question,14,17286.3515625,45.189125061035156,0.10909425467252731
Kazakhstan,What is the capital of Kazakhstan?,raw_question,15,18453.056640625,34.04780960083008,0.10194627195596695
Kazakhstan,What is the capital of Kazakhstan?,raw_question,16,25169.412109375,39.646183013916016,0.09095676988363266
Kazakhstan,What is the capital of Kazakhstan?,raw_question,17,165.43283081054688,10.80792236328125,0.120376355946064
Kazakhstan,The capital of Kazakhstan is,declarative,0,132.3505401611328,162.09645080566406,0.21086779236793518
Kazakhstan,The capital of Kazakhstan is,declarative,1,855.9215087890625,129.96266174316406,0.24077963829040527
Kazakhstan,The capital of Kazakhstan is,declarative,2,1187.934326171875,22.070253372192383,0.19016005098819733
Kazakhstan,The capital of Kazakhstan is,declarative,3,1614.7353515625,14.273820877075195,0.22116513550281525
Kazakhstan,The capital of Kazakhstan is,declarative,4,2399.8837890625,10.352194786071777,0.18069876730442047
Kazakhstan,The capital of Kazakhstan is,declarative,5,2820.79296875,19.9077205657959,0.1465875208377838
Kazakhstan,The capital of Kazakhstan is,declarative,6,3550.592529296875,8.966699600219727,0.16490326821804047
Kazakhstan,The capital of Kazakhstan is,declarative,7,5634.974609375,17.52874755859375,0.17203812301158905
Kazakhstan,The capital of Kazakhstan is,declarative,8,5463.79541015625,16.473628997802734,0.1742158830165863
Kazakhstan,The capital of Kazakhstan is,declarative,9,5571.8046875,14.436180114746094,0.1380695402622223
Kazakhstan,The capital of Kazakhstan is,declarative,10,8678.3466796875,29.101804733276367,0.19909363985061646
Kazakhstan,The capital of Kazakhstan is,declarative,11,9849.626953125,5.004131317138672,0.19607409834861755
Kazakhstan,The capital of Kazakhstan is,declarative,12,12595.412109375,38.39537048339844,0.16060543060302734
Kazakhstan,The capital of Kazakhstan is,declarative,13,15450.625,23.997358322143555,0.12831814587116241
Kazakhstan,The capital of Kazakhstan is,declarative,14,19213.4375,51.61896896362305,0.1247907429933548
Kazakhstan,The capital of Kazakhstan is,declarative,15,20882.36328125,36.21745300292969,0.104536272585392
Kazakhstan,The capital of Kazakhstan is,declarative,16,23971.98046875,36.92791748046875,0.10551079362630844
Kazakhstan,The capital of Kazakhstan is,declarative,17,282.7662353515625,10.209230422973633,0.13780337572097778
Kazakhstan,"Q: What is the capital of Kazakhstan?
A:",qa,0,125.2052230834961,162.92552185058594,0.2826903462409973
Kazakhstan,"Q: What is the capital of Kazakhstan?
A:",qa,1,812.0001831054688,147.06585693359375,0.23770813643932343
Kazakhstan,"Q: What is the capital of Kazakhstan?
A:",qa,2,1006.5374755859375,21.267534255981445,0.1748233288526535
Kazakhstan,"Q: What is the capital of Kazakhstan?
A:",qa,3,1827.841796875,14.085508346557617,0.2196403592824936
Kazakhstan,"Q: What is the capital of Kazakhstan?
A:",qa,4,2123.534912109375,11.622538566589355,0.17614728212356567
Kazakhstan,"Q: What is the capital of Kazakhstan?
A:",qa,5,3497.84423828125,16.68158531188965,0.15292666852474213
Kazakhstan,"Q: What is the capital of Kazakhstan?
A:",qa,6,3653.160888671875,6.2457594871521,0.15183714032173157
Kazakhstan,"Q: What is the capital of Kazakhstan?
A:",qa,7,4889.4580078125,16.005468368530273,0.15998250246047974
Kazakhstan,"Q: What is the capital of Kazakhstan?
A:",qa,8,5433.72119140625,15.217938423156738,0.18919530510902405
Kazakhstan,"Q: What is the capital of Kazakhstan?
A:",qa,9,5224.8671875,14.539199829101562,0.1352183222770691
Kazakhstan,"Q: What is the capital of Kazakhstan?
A:",qa,10,8353.298828125,30.501419067382812,0.18996044993400574
Kazakhstan,"Q: What is the capital of Kazakhstan?
A:",qa,11,8842.9814453125,5.073600769042969,0.19179384410381317
Kazakhstan,"Q: What is the capital of Kazakhstan?
A:",qa,12,12288.2041015625,38.24800491333008,0.1545417159795761
Kazakhstan,"Q: What is the capital of Kazakhstan?
A:",qa,13,14512.5048828125,26.00445556640625,0.1155409961938858
Kazakhstan,"Q: What is the capital of Kazakhstan?
A:",qa,14,17753.140625,47.719444274902344,0.11550762504339218
Kazakhstan,"Q: What is the capital of Kazakhstan?
A:",qa,15,19147.169921875,35.665809631347656,0.09816508740186691
Kazakhstan,"Q: What is the capital of Kazakhstan?
A:",qa,16,25393.404296875,35.56404113769531,0.09269355237483978
Kazakhstan,"Q: What is the capital of Kazakhstan?
A:",qa,17,182.13107299804688,11.982574462890625,0.11826176196336746
Kazakhstan,What is the capital of Kazakhstan? Answer with only the capital city.,chat_template,0,171.89596557617188,169.73080444335938,0.20187345147132874
Kazakhstan,What is the capital of Kazakhstan? Answer with only the capital city.,chat_template,1,788.0665283203125,128.66966247558594,0.1702265441417694
Kazakhstan,What is the capital of Kazakhstan? Answer with only the capital city.,chat_template,2,1047.6341552734375,23.494144439697266,0.15946954488754272
Kazakhstan,What is the capital of Kazakhstan? Answer with only the capital city.,chat_template,3,1384.0865478515625,13.655017852783203,0.1959388256072998
Kazakhstan,What is the capital of Kazakhstan? Answer with only the capital city.,chat_template,4,785.6348876953125,12.298428535461426,0.1955864578485489
Kazakhstan,What is the capital of Kazakhstan? Answer with only the capital city.,chat_template,5,2368.134033203125,19.8968448638916,0.13940531015396118
Kazakhstan,What is the capital of Kazakhstan? Answer with only the capital city.,chat_template,6,3455.031494140625,6.8402276039123535,0.16420426964759827
Kazakhstan,What is the capital of Kazakhstan? Answer with only the capital city.,chat_template,7,4758.7578125,15.8147611618042,0.17105427384376526
Kazakhstan,What is the capital of Kazakhstan? Answer with only the capital city.,chat_template,8,5274.01171875,18.54584312438965,0.20049867033958435
Kazakhstan,What is the capital of Kazakhstan? Answer with only the capital city.,chat_template,9,5505.41015625,13.915618896484375,0.1508130133152008
Kazakhstan,What is the capital of Kazakhstan? Answer with only the capital city.,chat_template,10,9005.482421875,27.48595428466797,0.2226700782775879
Kazakhstan,What is the capital of Kazakhstan? Answer with only the capital city.,chat_template,11,9355.951171875,3.941865921020508,0.20307467877864838
Kazakhstan,What is the capital of Kazakhstan? Answer with only the capital city.,chat_template,12,13491.3994140625,30.240983963012695,0.15889781713485718
Kazakhstan,What is the capital of Kazakhstan? Answer with only the capital city.,chat_template,13,15897.91015625,22.37285804748535,0.12359430640935898
Kazakhstan,What is the capital of Kazakhstan? Answer with only the capital city.,chat_template,14,18876.97265625,47.439762115478516,0.1236414685845375
Kazakhstan,What is the capital of Kazakhstan? Answer with only the capital city.,chat_template,15,19147.7734375,31.01089859008789,0.10781419277191162
Kazakhstan,What is the capital of Kazakhstan? Answer with only the capital city.,chat_template,16,22929.7265625,28.84412956237793,0.11371345072984695
Kazakhstan,What is the capital of Kazakhstan? Answer with only the capital city.,chat_template,17,294.22247314453125,9.408438682556152,0.15203705430030823
Kenya,What is the capital of Kenya?,raw_question,0,154.4039764404297,192.717041015625,0.25634151697158813
Kenya,What is the capital of Kenya?,raw_question,1,1067.5672607421875,104.1928482055664,0.197839617729187
Kenya,What is the capital of Kenya?,raw_question,2,1301.2750244140625,16.387996673583984,0.16091057658195496
Kenya,What is the capital of Kenya?,raw_question,3,1582.1004638671875,13.755599975585938,0.20106521248817444
Kenya,What is the capital of Kenya?,raw_question,4,2302.531005859375,10.152914047241211,0.18568626046180725
Kenya,What is the capital of Kenya?,raw_question,5,2696.722900390625,19.97516632080078,0.14383292198181152
Kenya,What is the capital of Kenya?,raw_question,6,3183.333984375,8.138389587402344,0.15762020647525787
Kenya,What is the capital of Kenya?,raw_question,7,4998.798828125,16.84434700012207,0.16624172031879425
Kenya,What is the capital of Kenya?,raw_question,8,5926.09375,16.0289363861084,0.1695803552865982
Kenya,What is the capital of Kenya?,raw_question,9,5315.0791015625,12.284420013427734,0.13079611957073212
Kenya,What is the capital of Kenya?,raw_question,10,10452.107421875,25.14052963256836,0.19361767172813416
Kenya,What is the capital of Kenya?,raw_question,11,10865.53125,3.3041841983795166,0.17085692286491394
Kenya,What is the capital of Kenya?,raw_question,12,12614.23046875,29.102935791015625,0.1306258887052536
Kenya,What is the capital of Kenya?,raw_question,13,16329.0537109375,25.189138412475586,0.1078316941857338
Kenya,What is the capital of Kenya?,raw_question,14,17447.498046875,45.113182067871094,0.10888916254043579
Kenya,What is the capital of Kenya?,raw_question,15,18495.865234375,33.66576385498047,0.10174824297428131
Kenya,What is the capital of Kenya?,raw_question,16,24905.533203125,39.387210845947266,0.09048246592283249
Kenya,What is the capital of Kenya?,raw_question,17,151.25291442871094,11.066396713256836,0.12123730778694153
Kenya,The capital of Kenya is,declarative,0,131.85963439941406,160.6428985595703,0.2125435173511505
Kenya,The capital of Kenya is,declarative,1,870.2992553710938,125.42227172851562,0.24042747914791107
Kenya,The capital of Kenya is,declarative,2,1225.618408203125,22.387765884399414,0.18976999819278717
Kenya,The capital of Kenya is,declarative,3,1614.6685791015625,14.267550468444824,0.2181219905614853
Kenya,The capital of Kenya is,declarative,4,2427.703125,10.210733413696289,0.17931503057479858
Kenya,The capital of Kenya is,declarative,5,2820.192626953125,19.990022659301758,0.14588923752307892
Kenya,The capital of Kenya is,declarative,6,3593.95751953125,8.373771667480469,0.1639317125082016
Kenya,The capital of Kenya is,declarative,7,5637.32958984375,17.782438278198242,0.17212307453155518
Kenya,The capital of Kenya is,declarative,8,5381.8818359375,16.52477264404297,0.17281022667884827
Kenya,The capital of Kenya is,declarative,9,5607.962890625,15.10678768157959,0.1368398815393448
Kenya,The capital of Kenya is,declarative,10,8677.1943359375,29.229129791259766,0.19873449206352234
Kenya,The capital of Kenya is,declarative,11,9878.3115234375,4.643803119659424,0.19789347052574158
Kenya,The capital of Kenya is,declarative,12,12281.8173828125,39.63738250732422,0.1626221090555191
Kenya,The capital of Kenya is,declarative,13,15424.48046875,23.508819580078125,0.13138487935066223
Kenya,The capital of Kenya is,declarative,14,18812.013671875,53.2907829284668,0.12813585996627808
Kenya,The capital of Kenya is,declarative,15,20106.216796875,35.51301193237305,0.1115928441286087
Kenya,The capital of Kenya is,declarative,16,23031.0546875,37.89781188964844,0.10779359936714172
Kenya,The capital of Kenya is,declarative,17,256.691650390625,10.163990020751953,0.14138314127922058
Kenya,"Q: What is the capital of Kenya?
A:",qa,0,125.5509262084961,162.25006103515625,0.2852267026901245
Kenya,"Q: What is the capital of Kenya?
A:",qa,1,808.4822387695312,146.29953002929688,0.23812757432460785
Kenya,"Q: What is the capital of Kenya?
A:",qa,2,995.8355712890625,21.417987823486328,0.17545975744724274
Kenya,"Q: What is the capital of Kenya?
A:",qa,3,1790.2972412109375,13.960699081420898,0.22065015137195587
Kenya,"Q: What is the capital of Kenya?
A:",qa,4,2097.095703125,11.610335350036621,0.17756973206996918
Kenya,"Q: What is the capital of Kenya?
A:",qa,5,3451.8515625,16.689678192138672,0.15339115262031555
Kenya,"Q: What is the capital of Kenya?
A:",qa,6,3727.668212890625,6.158078193664551,0.15325388312339783
Kenya,"Q: What is the capital of Kenya?
A:",qa,7,4946.44580078125,16.01390838623047,0.1609986275434494
Kenya,"Q: What is the capital of Kenya?
A:",qa,8,5463.87744140625,15.091837882995605,0.1912613809108734
Kenya,"Q: What is the capital of Kenya?
A:",qa,9,5197.8291015625,14.938178062438965,0.13605357706546783
Kenya,"Q: What is the capital of Kenya?
A:",qa,10,8321.7353515625,30.59676742553711,0.18892893195152283
Kenya,"Q: What is the capital of Kenya?
A:",qa,11,8892.265625,4.947795867919922,0.19112694263458252
Kenya,"Q: What is the capital of Kenya?
A:",qa,12,12044.60546875,37.10399627685547,0.15637528896331787
Kenya,"Q: What is the capital of Kenya?
A:",qa,13,14805.779296875,24.553651809692383,0.11955123394727707
Kenya,"Q: What is the capital of Kenya?
A:",qa,14,18507.296875,48.17164611816406,0.11990142613649368
Kenya,"Q: What is the capital of Kenya?
A:",qa,15,19793.451171875,36.571800231933594,0.10069029033184052
Kenya,"Q: What is the capital of Kenya?
A:",qa,16,24774.927734375,36.41997528076172,0.09325820952653885
Kenya,"Q: What is the capital of Kenya?
A:",qa,17,180.60247802734375,11.822736740112305,0.12256893515586853
Kenya,What is the capital of Kenya? Answer with only the capital city.,chat_template,0,172.31149291992188,169.40814208984375,0.20181876420974731
Kenya,What is the capital of Kenya? Answer with only the capital city.,chat_template,1,787.0829467773438,127.91834259033203,0.17015354335308075
Kenya,What is the capital of Kenya? Answer with only the capital city.,chat_template,2,1039.6492919921875,23.53379249572754,0.16056722402572632
Kenya,What is the capital of Kenya? Answer with only the capital city.,chat_template,3,1385.067626953125,13.600508689880371,0.1956753134727478
Kenya,What is the capital of Kenya? Answer with only the capital city.,chat_template,4,787.5720825195312,12.25442886352539,0.1949712038040161
Kenya,What is the capital of Kenya? Answer with only the capital city.,chat_template,5,2365.5927734375,19.827852249145508,0.13941259682178497
Kenya,What is the capital of Kenya? Answer with only the capital city.,chat_template,6,3465.97314453125,6.842868804931641,0.16493035852909088
Kenya,What is the capital of Kenya? Answer with only the capital city.,chat_template,7,4729.6484375,15.899145126342773,0.17134970426559448
Kenya,What is the capital of Kenya? Answer with only the capital city.,chat_template,8,5216.81396484375,18.66324234008789,0.2007535696029663
Kenya,What is the capital of Kenya? Answer with only the capital city.,chat_template,9,5445.654296875,14.175048828125,0.15088707208633423
Kenya,What is the capital of Kenya? Answer with only the capital city.,chat_template,10,8940.6337890625,27.582529067993164,0.2225659340620041
Kenya,What is the capital of Kenya? Answer with only the capital city.,chat_template,11,9118.654296875,3.7656991481781006,0.2062823474407196
Kenya,What is the capital of Kenya? Answer with only the capital city.,chat_template,12,12916.5244140625,31.20161247253418,0.1622408628463745
Kenya,What is the capital of Kenya? Answer with only the capital city.,chat_template,13,15793.9697265625,21.898679733276367,0.13267585635185242
Kenya,What is the capital of Kenya? Answer with only the capital city.,chat_template,14,19050.923828125,42.06096649169922,0.12857100367546082
Kenya,What is the capital of Kenya? Answer with only the capital city.,chat_template,15,19316.75390625,32.854610443115234,0.11503870785236359
Kenya,What is the capital of Kenya? Answer with only the capital city.,chat_template,16,23274.69140625,30.408950805664062,0.11851514875888824
Kenya,What is the capital of Kenya? Answer with only the capital city.,chat_template,17,306.2908020019531,8.623385429382324,0.15494227409362793
Kiribati,What is the capital of Kiribati?,raw_question,0,151.98643493652344,181.3196563720703,0.2541753053665161
Kiribati,What is the capital of Kiribati?,raw_question,1,1074.2645263671875,106.1214370727539,0.1984524130821228
Kiribati,What is the capital of Kiribati?,raw_question,2,1270.21826171875,15.637578964233398,0.16153809428215027
Kiribati,What is the capital of Kiribati?,raw_question,3,1593.27392578125,13.66279125213623,0.20512279868125916
Kiribati,What is the capital of Kiribati?,raw_question,4,2208.1142578125,10.030041694641113,0.18521814048290253
Kiribati,What is the capital of Kiribati?,raw_question,5,2676.3408203125,19.811939239501953,0.14569973945617676
Kiribati,What is the capital of Kiribati?,raw_question,6,3236.208984375,7.980655670166016,0.1599886566400528
Kiribati,What is the capital of Kiribati?,raw_question,7,5107.7734375,16.704256057739258,0.1649666726589203
Kiribati,What is the capital of Kiribati?,raw_question,8,5895.36279296875,16.051956176757812,0.17012068629264832
Kiribati,What is the capital of Kiribati?,raw_question,9,5382.21142578125,12.297602653503418,0.13220594823360443
Kiribati,What is the capital of Kiribati?,raw_question,10,10398.498046875,24.019554138183594,0.19386854767799377
Kiribati,What is the capital of Kiribati?,raw_question,11,10841.5947265625,3.581777334213257,0.17161409556865692
Kiribati,What is the capital of Kiribati?,raw_question,12,13361.1064453125,29.62084197998047,0.12836024165153503
Kiribati,What is the capital of Kiribati?,raw_question,13,16207.5751953125,31.386137008666992,0.10512274503707886
Kiribati,What is the capital of Kiribati?,raw_question,14,17333.845703125,44.70005798339844,0.10796262323856354
Kiribati,What is the capital of Kiribati?,raw_question,15,18287.26953125,34.189762115478516,0.10097340494394302
Kiribati,What is the capital of Kiribati?,raw_question,16,25196.564453125,38.057010650634766,0.08873291313648224
Kiribati,What is the capital of Kiribati?,raw_question,17,163.0355224609375,10.740246772766113,0.11821705102920532
Kiribati,The capital of Kiribati is,declarative,0,129.92092895507812,155.18528747558594,0.2158139944076538
Kiribati,The capital of Kiribati is,declarative,1,860.6251831054688,125.24401092529297,0.24431583285331726
Kiribati,The capital of Kiribati is,declarative,2,1152.0501708984375,21.056079864501953,0.18864980340003967
Kiribati,The capital of Kiribati is,declarative,3,1712.32666015625,14.43957805633545,0.22741654515266418
Kiribati,The capital of Kiribati is,declarative,4,2286.664306640625,10.161229133605957,0.17697983980178833
Kiribati,The capital of Kiribati is,declarative,5,2754.431884765625,19.774648666381836,0.1468738168478012
Kiribati,The capital of Kiribati is,declarative,6,3567.323486328125,8.215841293334961,0.16606993973255157
Kiribati,The capital of Kiribati is,declarative,7,5645.484375,17.52480125427246,0.1708715707063675
Kiribati,The capital of Kiribati is,declarative,8,5329.37353515625,16.29416275024414,0.17500397562980652
Kiribati,The capital of Kiribati is,declarative,9,5617.28857421875,14.557666778564453,0.1378391832113266
Kiribati,The capital of Kiribati is,declarative,10,8491.87109375,27.24609375,0.19853824377059937
Kiribati,The capital of Kiribati is,declarative,11,10023.779296875,4.883184909820557,0.19747008383274078
Kiribati,The capital of Kiribati is,declarative,12,12796.5927734375,33.768001556396484,0.159807950258255
Kiribati,The capital of Kiribati is,declarative,13,15912.025390625,25.805768966674805,0.12712359428405762
Kiribati,The capital of Kiribati is,declarative,14,20132.771484375,51.22801208496094,0.12261097133159637
Kiribati,The capital of Kiribati is,declarative,15,21481.287109375,34.72966384887695,0.10518227517604828
Kiribati,The capital of Kiribati is,declarative,16,26167.009765625,39.16699981689453,0.10115694999694824
Kiribati,The capital of Kiribati is,declarative,17,227.641357421875,11.105127334594727,0.12941603362560272
Kiribati,"Q: What is the capital of Kiribati?
A:",qa,0,124.87637329101562,159.45858764648438,0.2868683934211731
Kiribati,"Q: What is the capital of Kiribati?
A:",qa,1,812.1605224609375,149.7261962890625,0.23972833156585693
Kiribati,"Q: What is the capital of Kiribati?
A:",qa,2,1018.1190795898438,21.068559646606445,0.17588236927986145
Kiribati,"Q: What is the capital of Kiribati?
A:",qa,3,1847.9840087890625,13.957216262817383,0.21952807903289795
Kiribati,"Q: What is the capital of Kiribati?
A:",qa,4,2128.72216796875,11.371292114257812,0.17651081085205078
Kiribati,"Q: What is the capital of Kiribati?
A:",qa,5,3519.208984375,16.53558921813965,0.15352147817611694
Kiribati,"Q: What is the capital of Kiribati?
A:",qa,6,3658.573486328125,6.252756118774414,0.15230470895767212
Kiribati,"Q: What is the capital of Kiribati?
A:",qa,7,4945.3525390625,16.08100128173828,0.16062599420547485
Kiribati,"Q: What is the capital of Kiribati?
A:",qa,8,5492.85009765625,14.938985824584961,0.18855610489845276
Kiribati,"Q: What is the capital of Kiribati?
A:",qa,9,5316.79443359375,14.560830116271973,0.13597653806209564
Kiribati,"Q: What is the capital of Kiribati?
A:",qa,10,8355.06640625,29.8911075592041,0.1903940588235855
Kiribati,"Q: What is the capital of Kiribati?
A:",qa,11,8986.7353515625,5.111355304718018,0.19219167530536652
Kiribati,"Q: What is the capital of Kiribati?
A:",qa,12,12320.0517578125,32.212928771972656,0.1532098948955536
Kiribati,"Q: What is the capital of Kiribati?
A:",qa,13,14815.8310546875,26.239551544189453,0.11747362464666367
Kiribati,"Q: What is the capital of Kiribati?
A:",qa,14,18857.326171875,45.425716400146484,0.11862300336360931
Kiribati,"Q: What is the capital of Kiribati?
A:",qa,15,20026.56640625,35.643558502197266,0.09828079491853714
Kiribati,"Q: What is the capital of Kiribati?
A:",qa,16,26682.9921875,36.484466552734375,0.08924995362758636
Kiribati,"Q: What is the capital of Kiribati?
A:",qa,17,172.26402282714844,11.180953979492188,0.1172722801566124
Kiribati,What is the capital of Kiribati? Answer with only the capital city.,chat_template,0,172.03341674804688,167.53778076171875,0.20028039813041687
Kiribati,What is the capital of Kiribati? Answer with only the capital city.,chat_template,1,787.2003173828125,129.77940368652344,0.17048396170139313
Kiribati,What is the capital of Kiribati? Answer with only the capital city.,chat_template,2,1050.712158203125,23.498180389404297,0.15976940095424652
Kiribati,What is the capital of Kiribati? Answer with only the capital city.,chat_template,3,1383.8023681640625,13.619941711425781,0.19610613584518433
Kiribati,What is the capital of Kiribati? Answer with only the capital city.,chat_template,4,794.018798828125,12.295842170715332,0.19489668309688568
Kiribati,What is the capital of Kiribati? Answer with only the capital city.,chat_template,5,2361.438232421875,19.646039962768555,0.13985119760036469
Kiribati,What is the capital of Kiribati? Answer with only the capital city.,chat_template,6,3436.061767578125,6.84189510345459,0.16423113644123077
Kiribati,What is the capital of Kiribati? Answer with only the capital city.,chat_template,7,4816.58056640625,15.852701187133789,0.17155039310455322
Kiribati,What is the capital of Kiribati? Answer with only the capital city.,chat_template,8,5282.63232421875,18.510942459106445,0.19904851913452148
Kiribati,What is the capital of Kiribati? Answer with only the capital city.,chat_template,9,5567.96923828125,13.94945240020752,0.1498810350894928
Kiribati,What is the capital of Kiribati? Answer with only the capital city.,chat_template,10,9000.744140625,27.16595458984375,0.21926400065422058
Kiribati,What is the capital of Kiribati? Answer with only the capital city.,chat_template,11,9063.85546875,3.7408134937286377,0.20348069071769714
Kiribati,What is the capital of Kiribati? Answer with only the capital city.,chat_template,12,13117.984375,27.538694381713867,0.1560979038476944
Kiribati,What is the capital of Kiribati? Answer with only the capital city.,chat_template,13,15878.31640625,22.682947158813477,0.12324471771717072
Kiribati,What is the capital of Kiribati? Answer with only the capital city.,chat_template,14,19522.236328125,45.217185974121094,0.12560445070266724
Kiribati,What is the capital of Kiribati? Answer with only the capital city.,chat_template,15,19751.546875,32.325340270996094,0.11250724643468857
Kiribati,What is the capital of Kiribati? Answer with only the capital city.,chat_template,16,25812.537109375,30.29128074645996,0.11295700818300247
Kiribati,What is the capital of Kiribati? Answer with only the capital city.,chat_template,17,231.27333068847656,8.549225807189941,0.14760220050811768
Kuwait,What is the capital of Kuwait?,raw_question,0,155.1616668701172,191.22805786132812,0.25822019577026367
Kuwait,What is the capital of Kuwait?,raw_question,1,1074.97314453125,107.07467651367188,0.1975507289171219
Kuwait,What is the capital of Kuwait?,raw_question,2,1286.275390625,15.970013618469238,0.16067403554916382
Kuwait,What is the capital of Kuwait?,raw_question,3,1578.5113525390625,13.820284843444824,0.20075327157974243
Kuwait,What is the capital of Kuwait?,raw_question,4,2241.157470703125,10.682680130004883,0.18561463057994843
Kuwait,What is the capital of Kuwait?,raw_question,5,2666.13720703125,20.17156982421875,0.14374491572380066
Kuwait,What is the capital of Kuwait?,raw_question,6,3184.75390625,8.312970161437988,0.15778198838233948
Kuwait,What is the capital of Kuwait?,raw_question,7,4936.3271484375,16.863828659057617,0.165624737739563
Kuwait,What is the capital of Kuwait?,raw_question,8,5834.56494140625,16.131752014160156,0.17195841670036316
Kuwait,What is the capital of Kuwait?,raw_question,9,5314.4658203125,12.198933601379395,0.13358522951602936
Kuwait,What is the capital of Kuwait?,raw_question,10,10578.783203125,24.672494888305664,0.1944652795791626
Kuwait,What is the capital of Kuwait?,raw_question,11,10895.4638671875,3.5103869438171387,0.1704687476158142
Kuwait,What is the capital of Kuwait?,raw_question,12,12882.580078125,26.336162567138672,0.1287880837917328
Kuwait,What is the capital of Kuwait?,raw_question,13,16450.486328125,26.29010772705078,0.10665091872215271
Kuwait,What is the capital of Kuwait?,raw_question,14,17385.15234375,44.66719436645508,0.10768064856529236
Kuwait,What is the capital of Kuwait?,raw_question,15,18290.23828125,33.678829193115234,0.10118607431650162
Kuwait,What is the capital of Kuwait?,raw_question,16,24830.634765625,39.586917877197266,0.09127748757600784
Kuwait,What is the capital of Kuwait?,raw_question,17,156.81480407714844,10.15820598602295,0.12102939188480377
Kuwait,The capital of Kuwait is,declarative,0,131.4459991455078,161.5295867919922,0.21173056960105896
Kuwait,The capital of Kuwait is,declarative,1,863.7409057617188,131.0250701904297,0.23985078930854797
Kuwait,The capital of Kuwait is,declarative,2,1203.6904296875,21.881628036499023,0.19159190356731415
Kuwait,The capital of Kuwait is,declarative,3,1602.82373046875,14.34494686126709,0.22130168974399567
Kuwait,The capital of Kuwait is,declarative,4,2402.92529296875,11.034933090209961,0.18169626593589783
Kuwait,The capital of Kuwait is,declarative,5,2824.501708984375,20.078338623046875,0.14465436339378357
Kuwait,The capital of Kuwait is,declarative,6,3388.663818359375,9.135557174682617,0.163533017039299
Kuwait,The capital of Kuwait is,declarative,7,5519.95166015625,17.994930267333984,0.17323662340641022
Kuwait,The capital of Kuwait is,declarative,8,5288.44287109375,16.420124053955078,0.1754821240901947
Kuwait,The capital of Kuwait is,declarative,9,5593.7578125,14.4530668258667,0.13686755299568176
Kuwait,The capital of Kuwait is,declarative,10,8667.0244140625,29.037813186645508,0.19533219933509827
Kuwait,The capital of Kuwait is,declarative,11,9966.9248046875,4.896820545196533,0.19589820504188538
Kuwait,The capital of Kuwait is,declarative,12,12799.3115234375,39.067630767822266,0.1561015248298645
Kuwait,The capital of Kuwait is,declarative,13,16235.2265625,24.544469833374023,0.12818589806556702
Kuwait,The capital of Kuwait is,declarative,14,19583.84765625,51.7078971862793,0.11976375430822372
Kuwait,The capital of Kuwait is,declarative,15,21149.837890625,37.75447463989258,0.10400937497615814
Kuwait,The capital of Kuwait is,declarative,16,25009.185546875,37.65452575683594,0.10146642476320267
Kuwait,The capital of Kuwait is,declarative,17,247.99583435058594,10.92218017578125,0.13262680172920227
Kuwait,"Q: What is the capital of Kuwait?
A:",qa,0,125.8800277709961,161.90817260742188,0.28459036350250244
Kuwait,"Q: What is the capital of Kuwait?
A:",qa,1,811.8583984375,149.8423309326172,0.23585312068462372
Kuwait,"Q: What is the capital of Kuwait?
A:",qa,2,1006.5285034179688,21.15908432006836,0.17339414358139038
Kuwait,"Q: What is the capital of Kuwait?
A:",qa,3,1811.1817626953125,14.02883243560791,0.21928977966308594
Kuwait,"Q: What is the capital of Kuwait?
A:",qa,4,2111.32568359375,11.607107162475586,0.17589370906352997
Kuwait,"Q: What is the capital of Kuwait?
A:",qa,5,3504.261962890625,16.646915435791016,0.15259528160095215
Kuwait,"Q: What is the capital of Kuwait?
A:",qa,6,3705.431396484375,6.29398250579834,0.1534062623977661
Kuwait,"Q: What is the capital of Kuwait?
A:",qa,7,4977.1962890625,15.898754119873047,0.1616620421409607
Kuwait,"Q: What is the capital of Kuwait?
A:",qa,8,5487.3251953125,15.005708694458008,0.1913769245147705
Kuwait,"Q: What is the capital of Kuwait?
A:",qa,9,5275.35205078125,14.83381462097168,0.1360732913017273
Kuwait,"Q: What is the capital of Kuwait?
A:",qa,10,8387.80078125,30.610322952270508,0.1881774216890335
Kuwait,"Q: What is the capital of Kuwait?
A:",qa,11,8850.7685546875,5.09774112701416,0.19080224633216858
Kuwait,"Q: What is the capital of Kuwait?
A:",qa,12,12249.4267578125,38.0890007019043,0.15107940137386322
Kuwait,"Q: What is the capital of Kuwait?
A:",qa,13,15045.271484375,25.11355972290039,0.11877988278865814
Kuwait,"Q: What is the capital of Kuwait?
A:",qa,14,18550.9375,47.29085159301758,0.11661529541015625
Kuwait,"Q: What is the capital of Kuwait?
A:",qa,15,19998.490234375,36.40580368041992,0.0995551198720932
Kuwait,"Q: What is the capital of Kuwait?
A:",qa,16,25606.267578125,36.462955474853516,0.09390011429786682
Kuwait,"Q: What is the capital of Kuwait?
A:",qa,17,183.17953491210938,12.254986763000488,0.11906073987483978
Kuwait,What is the capital of Kuwait? Answer with only the capital city.,chat_template,0,172.22943115234375,169.4561309814453,0.20207971334457397
Kuwait,What is the capital of Kuwait? Answer with only the capital city.,chat_template,1,788.1723022460938,129.25758361816406,0.16966083645820618
Kuwait,What is the capital of Kuwait? Answer with only the capital city.,chat_template,2,1043.9896240234375,23.399803161621094,0.15943044424057007
Kuwait,What is the capital of Kuwait? Answer with only the capital city.,chat_template,3,1385.0299072265625,13.585541725158691,0.19658687710762024
Kuwait,What is the capital of Kuwait? Answer with only the capital city.,chat_template,4,791.0448608398438,12.32347297668457,0.19647954404354095
Kuwait,What is the capital of Kuwait? Answer with only the capital city.,chat_template,5,2378.371337890625,19.84244728088379,0.13967707753181458
Kuwait,What is the capital of Kuwait? Answer with only the capital city.,chat_template,6,3470.120849609375,6.779744625091553,0.16390660405158997
Kuwait,What is the capital of Kuwait? Answer with only the capital city.,chat_template,7,4815.00146484375,15.746722221374512,0.16977977752685547
Kuwait,What is the capital of Kuwait? Answer with only the capital city.,chat_template,8,5303.50390625,18.428466796875,0.19944176077842712
Kuwait,What is the capital of Kuwait? Answer with only the capital city.,chat_template,9,5501.60498046875,13.72383975982666,0.14969822764396667
Kuwait,What is the capital of Kuwait? Answer with only the capital city.,chat_template,10,9061.5244140625,27.414058685302734,0.22018110752105713
Kuwait,What is the capital of Kuwait? Answer with only the capital city.,chat_template,11,9039.005859375,3.7181754112243652,0.2053559124469757
Kuwait,What is the capital of Kuwait? Answer with only the capital city.,chat_template,12,12668.2978515625,33.99500274658203,0.15241612493991852
Kuwait,What is the capital of Kuwait? Answer with only the capital city.,chat_template,13,15842.232421875,22.05388069152832,0.12495514750480652
Kuwait,What is the capital of Kuwait? Answer with only the capital city.,chat_template,14,18839.15234375,46.945556640625,0.12496773153543472
Kuwait,What is the capital of Kuwait? Answer with only the capital city.,chat_template,15,20193.767578125,32.96631622314453,0.11315110325813293
Kuwait,What is the capital of Kuwait? Answer with only the capital city.,chat_template,16,24996.623046875,31.434450149536133,0.1178780123591423
Kuwait,What is the capital of Kuwait? Answer with only the capital city.,chat_template,17,308.3230895996094,9.923202514648438,0.14934930205345154
Kyrgyzstan,What is the capital of Kyrgyzstan?,raw_question,0,154.33676147460938,192.52691650390625,0.2571764588356018
Kyrgyzstan,What is the capital of Kyrgyzstan?,raw_question,1,1067.6236572265625,107.22085571289062,0.19763386249542236
Kyrgyzstan,What is the capital of Kyrgyzstan?,raw_question,2,1316.87109375,16.079116821289062,0.16189879179000854
Kyrgyzstan,What is the capital of Kyrgyzstan?,raw_question,3,1613.9202880859375,13.681838035583496,0.20115983486175537
Kyrgyzstan,What is the capital of Kyrgyzstan?,raw_question,4,2273.135498046875,10.137764930725098,0.18924182653427124
Kyrgyzstan,What is the capital of Kyrgyzstan?,raw_question,5,2738.89111328125,20.355676651000977,0.14321887493133545
Kyrgyzstan,What is the capital of Kyrgyzstan?,raw_question,6,3269.23779296875,8.060848236083984,0.1571119725704193
Kyrgyzstan,What is the capital of Kyrgyzstan?,raw_question,7,5017.22265625,16.6534481048584,0.16563230752944946
Kyrgyzstan,What is the capital of Kyrgyzstan?,raw_question,8,5890.19384765625,16.303281784057617,0.17081516981124878
Kyrgyzstan,What is the capital of Kyrgyzstan?,raw_question,9,5316.6328125,12.06113338470459,0.13302791118621826
Kyrgyzstan,What is the capital of Kyrgyzstan?,raw_question,10,10579.7177734375,25.030902862548828,0.1962478905916214
Kyrgyzstan,What is the capital of Kyrgyzstan?,raw_question,11,10955.8154296875,3.4564781188964844,0.17002928256988525
Kyrgyzstan,What is the capital of Kyrgyzstan?,raw_question,12,12974.5810546875,25.458051681518555,0.1286078840494156
Kyrgyzstan,What is the capital of Kyrgyzstan?,raw_question,13,16143.615234375,26.31669807434082,0.1070965826511383
Kyrgyzstan,What is the capital of Kyrgyzstan?,raw_question,14,17207.634765625,45.608154296875,0.10887714475393295
Kyrgyzstan,What is the capital of Kyrgyzstan?,raw_question,15,18170.126953125,34.1683464050293,0.10177024453878403
Kyrgyzstan,What is the capital of Kyrgyzstan?,raw_question,16,24999.181640625,39.64885330200195,0.09109984338283539
Kyrgyzstan,What is the capital of Kyrgyzstan?,raw_question,17,160.14450073242188,11.249654769897461,0.11969704926013947
Kyrgyzstan,The capital of Kyrgyzstan is,declarative,0,132.75045776367188,159.47537231445312,0.21252182126045227
Kyrgyzstan,The capital of Kyrgyzstan is,declarative,1,862.9573974609375,133.73448181152344,0.2393103390932083
Kyrgyzstan,The capital of Kyrgyzstan is,declarative,2,1203.091064453125,22.309228897094727,0.19270138442516327
Kyrgyzstan,The capital of Kyrgyzstan is,declarative,3,1638.7862548828125,13.903179168701172,0.22172729671001434
Kyrgyzstan,The capital of Kyrgyzstan is,declarative,4,2405.00830078125,10.377375602722168,0.18426483869552612
Kyrgyzstan,The capital of Kyrgyzstan is,declarative,5,2818.636474609375,19.723995208740234,0.14558403193950653
Kyrgyzstan,The capital of Kyrgyzstan is,declarative,6,3578.95654296875,8.67110538482666,0.16410672664642334
Kyrgyzstan,The capital of Kyrgyzstan is,declarative,7,5762.1015625,17.181509017944336,0.17100036144256592
Kyrgyzstan,The capital of Kyrgyzstan is,declarative,8,5494.376953125,16.256031036376953,0.17323929071426392
Kyrgyzstan,The capital of Kyrgyzstan is,declarative,9,5628.47216796875,14.531615257263184,0.13770020008087158
Kyrgyzstan,The capital of Kyrgyzstan is,declarative,10,8665.8642578125,28.526046752929688,0.19298741221427917
Kyrgyzstan,The capital of Kyrgyzstan is,declarative,11,9859.421875,4.945995330810547,0.19469444453716278
Kyrgyzstan,The capital of Kyrgyzstan is,declarative,12,12571.6416015625,34.88751220703125,0.16483640670776367
Kyrgyzstan,The capital of Kyrgyzstan is,declarative,13,15627.3798828125,24.823867797851562,0.13090726733207703
Kyrgyzstan,The capital of Kyrgyzstan is,declarative,14,19472.041015625,52.49639892578125,0.12569347023963928
Kyrgyzstan,The capital of Kyrgyzstan is,declarative,15,20887.587890625,36.94863510131836,0.1065199077129364
Kyrgyzstan,The capital of Kyrgyzstan is,declarative,16,24316.029296875,37.675132751464844,0.10757613182067871
Kyrgyzstan,The capital of Kyrgyzstan is,declarative,17,263.83380126953125,10.696052551269531,0.1377967745065689
Kyrgyzstan,"Q: What is the capital of Kyrgyzstan?
A:",qa,0,125.54064178466797,162.23956298828125,0.28467825055122375
Kyrgyzstan,"Q: What is the capital of Kyrgyzstan?
A:",qa,1,808.2787475585938,149.20655822753906,0.23674623668193817
Kyrgyzstan,"Q: What is the capital of Kyrgyzstan?
A:",qa,2,1002.8550415039062,20.951662063598633,0.17392444610595703
Kyrgyzstan,"Q: What is the capital of Kyrgyzstan?
A:",qa,3,1818.0196533203125,14.038676261901855,0.2210322618484497
Kyrgyzstan,"Q: What is the capital of Kyrgyzstan?
A:",qa,4,2111.715087890625,11.565520286560059,0.1774194836616516
Kyrgyzstan,"Q: What is the capital of Kyrgyzstan?
A:",qa,5,3528.076904296875,16.668663024902344,0.15284374356269836
Kyrgyzstan,"Q: What is the capital of Kyrgyzstan?
A:",qa,6,3706.769775390625,6.198151111602783,0.153167724609375
Kyrgyzstan,"Q: What is the capital of Kyrgyzstan?
A:",qa,7,5001.12255859375,16.029308319091797,0.1616392284631729
Kyrgyzstan,"Q: What is the capital of Kyrgyzstan?
A:",qa,8,5539.646484375,14.934590339660645,0.1888563334941864
Kyrgyzstan,"Q: What is the capital of Kyrgyzstan?
A:",qa,9,5362.5078125,14.541184425354004,0.13555079698562622
Kyrgyzstan,"Q: What is the capital of Kyrgyzstan?
A:",qa,10,8472.748046875,30.917842864990234,0.1896972954273224
Kyrgyzstan,"Q: What is the capital of Kyrgyzstan?
A:",qa,11,8850.2412109375,5.132404804229736,0.1920122355222702
Kyrgyzstan,"Q: What is the capital of Kyrgyzstan?
A:",qa,12,12526.4892578125,37.86751937866211,0.16003383696079254
Kyrgyzstan,"Q: What is the capital of Kyrgyzstan?
A:",qa,13,14781.130859375,26.084009170532227,0.12053529918193817
Kyrgyzstan,"Q: What is the capital of Kyrgyzstan?
A:",qa,14,18387.546875,49.51829147338867,0.1194704920053482
Kyrgyzstan,"Q: What is the capital of Kyrgyzstan?
A:",qa,15,19514.904296875,36.97047805786133,0.10034787654876709
Kyrgyzstan,"Q: What is the capital of Kyrgyzstan?
A:",qa,16,25375.701171875,36.267799377441406,0.09710468351840973
Kyrgyzstan,"Q: What is the capital of Kyrgyzstan?
A:",qa,17,198.87213134765625,11.778831481933594,0.12344090640544891
Kyrgyzstan,What is the capital of Kyrgyzstan? Answer with only the capital city.,chat_template,0,171.65371704101562,169.883056640625,0.20138806104660034
Kyrgyzstan,What is the capital of Kyrgyzstan? Answer with only the capital city.,chat_template,1,783.6851196289062,129.11659240722656,0.17021535336971283
Kyrgyzstan,What is the capital of Kyrgyzstan? Answer with only the capital city.,chat_template,2,1039.5284423828125,23.486326217651367,0.15975290536880493
Kyrgyzstan,What is the capital of Kyrgyzstan? Answer with only the capital city.,chat_template,3,1384.6920166015625,13.650203704833984,0.19558162987232208
Kyrgyzstan,What is the capital of Kyrgyzstan? Answer with only the capital city.,chat_template,4,794.6302490234375,12.250615119934082,0.19508156180381775
Kyrgyzstan,What is the capital of Kyrgyzstan? Answer with only the capital city.,chat_template,5,2390.30810546875,19.871065139770508,0.1394304484128952
Kyrgyzstan,What is the capital of Kyrgyzstan? Answer with only the capital city.,chat_template,6,3470.83056640625,6.733730792999268,0.16405612230300903
Kyrgyzstan,What is the capital of Kyrgyzstan? Answer with only the capital city.,chat_template,7,4755.20556640625,15.711294174194336,0.1698046326637268
Kyrgyzstan,What is the capital of Kyrgyzstan? Answer with only the capital city.,chat_template,8,5332.7109375,18.569168090820312,0.2009391188621521
Kyrgyzstan,What is the capital of Kyrgyzstan? Answer with only the capital city.,chat_template,9,5501.1787109375,13.718758583068848,0.15002208948135376
Kyrgyzstan,What is the capital of Kyrgyzstan? Answer with only the capital city.,chat_template,10,9000.076171875,27.42398452758789,0.22091855108737946
Kyrgyzstan,What is the capital of Kyrgyzstan? Answer with only the capital city.,chat_template,11,9280.162109375,3.8710148334503174,0.20411735773086548
Kyrgyzstan,What is the capital of Kyrgyzstan? Answer with only the capital city.,chat_template,12,13146.1640625,30.520112991333008,0.16347408294677734
Kyrgyzstan,What is the capital of Kyrgyzstan? Answer with only the capital city.,chat_template,13,15591.5107421875,22.432849884033203,0.12748751044273376
Kyrgyzstan,What is the capital of Kyrgyzstan? Answer with only the capital city.,chat_template,14,18727.361328125,49.34048080444336,0.12683594226837158
Kyrgyzstan,What is the capital of Kyrgyzstan? Answer with only the capital city.,chat_template,15,18557.337890625,32.70216751098633,0.11054852604866028
Kyrgyzstan,What is the capital of Kyrgyzstan? Answer with only the capital city.,chat_template,16,22929.294921875,30.27401351928711,0.11793628334999084
Kyrgyzstan,What is the capital of Kyrgyzstan? Answer with only the capital city.,chat_template,17,299.1847839355469,9.724647521972656,0.15125830471515656
Laos,What is the capital of Laos?,raw_question,0,155.16400146484375,191.0081329345703,0.2576272189617157
Laos,What is the capital of Laos?,raw_question,1,1070.614990234375,108.13575744628906,0.19665661454200745
Laos,What is the capital of Laos?,raw_question,2,1293.20361328125,16.687816619873047,0.16369062662124634
Laos,What is the capital of Laos?,raw_question,3,1626.276123046875,13.707817077636719,0.2017565369606018
Laos,What is the capital of Laos?,raw_question,4,2317.041748046875,9.941436767578125,0.185737743973732
Laos,What is the capital of Laos?,raw_question,5,2685.841552734375,20.10613250732422,0.14409515261650085
Laos,What is the capital of Laos?,raw_question,6,3251.7431640625,8.091703414916992,0.1593511998653412
Laos,What is the capital of Laos?,raw_question,7,5110.634765625,16.68067741394043,0.16849103569984436
Laos,What is the capital of Laos?,raw_question,8,5988.69482421875,16.49463653564453,0.1714402139186859
Laos,What is the capital of Laos?,raw_question,9,5323.857421875,12.086782455444336,0.13260865211486816
Laos,What is the capital of Laos?,raw_question,10,10391.833984375,24.520721435546875,0.1976577788591385
Laos,What is the capital of Laos?,raw_question,11,10723.6640625,3.4539856910705566,0.17044122517108917
Laos,What is the capital of Laos?,raw_question,12,12729.7119140625,27.124486923217773,0.12717168033123016
Laos,What is the capital of Laos?,raw_question,13,15901.38671875,25.281721115112305,0.10750215500593185
Laos,What is the capital of Laos?,raw_question,14,17175.26953125,45.12815856933594,0.109311044216156
Laos,What is the capital of Laos?,raw_question,15,18130.044921875,35.110435485839844,0.10065113008022308
Laos,What is the capital of Laos?,raw_question,16,24697.326171875,39.70416259765625,0.08910951763391495
Laos,What is the capital of Laos?,raw_question,17,164.24374389648438,11.3353910446167,0.11751905083656311
Laos,The capital of Laos is,declarative,0,132.75657653808594,156.6392822265625,0.21441656351089478
Laos,The capital of Laos is,declarative,1,870.2852172851562,134.80618286132812,0.23941269516944885
Laos,The capital of Laos is,declarative,2,1210.3985595703125,22.9269962310791,0.19388364255428314
Laos,The capital of Laos is,declarative,3,1617.2474365234375,14.06335163116455,0.22314631938934326
Laos,The capital of Laos is,declarative,4,2445.653076171875,10.336023330688477,0.18187576532363892
Laos,The capital of Laos is,declarative,5,2789.8681640625,19.97744369506836,0.1472143530845642
Laos,The capital of Laos is,declarative,6,3616.1015625,8.6215238571167,0.16723917424678802
Laos,The capital of Laos is,declarative,7,5706.365234375,17.219940185546875,0.1725468933582306
Laos,The capital of Laos is,declarative,8,5480.68603515625,16.27249526977539,0.1737956404685974
Laos,The capital of Laos is,declarative,9,5614.23974609375,14.61586856842041,0.13752827048301697
Laos,The capital of Laos is,declarative,10,8558.4814453125,28.2470703125,0.1995389759540558
Laos,The capital of Laos is,declarative,11,9811.1416015625,4.8379106521606445,0.19738852977752686
Laos,The capital of Laos is,declarative,12,12438.072265625,35.55606460571289,0.16020368039608002
Laos,The capital of Laos is,declarative,13,15432.6748046875,23.366546630859375,0.12935948371887207
Laos,The capital of Laos is,declarative,14,19096.388671875,51.10151672363281,0.12383106350898743
Laos,The capital of Laos is,declarative,15,20406.03515625,33.932945251464844,0.11030032485723495
Laos,The capital of Laos is,declarative,16,23562.2890625,37.27410125732422,0.11053560674190521
Laos,The capital of Laos is,declarative,17,278.7857666015625,10.926593780517578,0.14023539423942566
Laos,"Q: What is the capital of Laos?
A:",qa,0,125.87362670898438,161.87269592285156,0.2831326127052307
Laos,"Q: What is the capital of Laos?
A:",qa,1,809.2781372070312,150.25440979003906,0.23695944249629974
Laos,"Q: What is the capital of Laos?
A:",qa,2,999.8453369140625,21.19025993347168,0.17430689930915833
Laos,"Q: What is the capital of Laos?
A:",qa,3,1805.45556640625,13.999202728271484,0.22038871049880981
Laos,"Q: What is the capital of Laos?
A:",qa,4,2118.236083984375,11.382601737976074,0.17601364850997925
Laos,"Q: What is the capital of Laos?
A:",qa,5,3512.421875,16.66380500793457,0.1526048183441162
Laos,"Q: What is the capital of Laos?
A:",qa,6,3623.101318359375,6.186738014221191,0.15291208028793335
Laos,"Q: What is the capital of Laos?
A:",qa,7,4950.6494140625,16.44755744934082,0.16302385926246643
Laos,"Q: What is the capital of Laos?
A:",qa,8,5434.75830078125,15.293028831481934,0.18916626274585724
Laos,"Q: What is the capital of Laos?
A:",qa,9,5228.8466796875,14.928135871887207,0.13567692041397095
Laos,"Q: What is the capital of Laos?
A:",qa,10,8298.4453125,30.37545394897461,0.19133447110652924
Laos,"Q: What is the capital of Laos?
A:",qa,11,8927.732421875,5.052887439727783,0.19217906892299652
Laos,"Q: What is the capital of Laos?
A:",qa,12,12020.326171875,34.34254837036133,0.1538541615009308
Laos,"Q: What is the capital of Laos?
A:",qa,13,14939.5732421875,24.224485397338867,0.12005189806222916
Laos,"Q: What is the capital of Laos?
A:",qa,14,18588.5234375,47.269691467285156,0.11718714982271194
Laos,"Q: What is the capital of Laos?
A:",qa,15,19800.017578125,35.32756805419922,0.1043948084115982
Laos,"Q: What is the capital of Laos?
A:",qa,16,24793.349609375,36.225807189941406,0.09719544649124146
Laos,"Q: What is the capital of Laos?
A:",qa,17,209.685791015625,12.619901657104492,0.1249174177646637
Laos,What is the capital of Laos? Answer with only the capital city.,chat_template,0,171.82078552246094,169.3253173828125,0.2015332281589508
Laos,What is the capital of Laos? Answer with only the capital city.,chat_template,1,784.6464233398438,129.34938049316406,0.16978253424167633
Laos,What is the capital of Laos? Answer with only the capital city.,chat_template,2,1043.8262939453125,23.33772850036621,0.16002902388572693
Laos,What is the capital of Laos? Answer with only the capital city.,chat_template,3,1384.255615234375,13.605427742004395,0.19633805751800537
Laos,What is the capital of Laos? Answer with only the capital city.,chat_template,4,796.5947265625,12.234331130981445,0.19493207335472107
Laos,What is the capital of Laos? Answer with only the capital city.,chat_template,5,2382.80078125,19.817962646484375,0.13934506475925446
Laos,What is the capital of Laos? Answer with only the capital city.,chat_template,6,3440.976806640625,6.723586559295654,0.1643492728471756
Laos,What is the capital of Laos? Answer with only the capital city.,chat_template,7,4784.48486328125,15.811137199401855,0.17016169428825378
Laos,What is the capital of Laos? Answer with only the capital city.,chat_template,8,5274.36962890625,18.526193618774414,0.199201300740242
Laos,What is the capital of Laos? Answer with only the capital city.,chat_template,9,5501.19482421875,13.664093017578125,0.14964403212070465
Laos,What is the capital of Laos? Answer with only the capital city.,chat_template,10,8940.9091796875,27.17331314086914,0.22249430418014526
Laos,What is the capital of Laos? Answer with only the capital city.,chat_template,11,9274.537109375,3.680375576019287,0.20386207103729248
Laos,What is the capital of Laos? Answer with only the capital city.,chat_template,12,12671.51953125,27.350997924804688,0.1576491743326187
Laos,What is the capital of Laos? Answer with only the capital city.,chat_template,13,15871.0439453125,22.17100715637207,0.1297703981399536
Laos,What is the capital of Laos? Answer with only the capital city.,chat_template,14,19274.640625,45.124725341796875,0.12930703163146973
Laos,What is the capital of Laos? Answer with only the capital city.,chat_template,15,19411.80078125,30.11874008178711,0.11789654940366745
Laos,What is the capital of Laos? Answer with only the capital city.,chat_template,16,23552.767578125,31.430530548095703,0.12100747227668762
Laos,What is the capital of Laos? Answer with only the capital city.,chat_template,17,308.8168640136719,10.540756225585938,0.15216022729873657
Latvia,What is the capital of Latvia?,raw_question,0,154.92288208007812,193.0211944580078,0.2564636468887329
Latvia,What is the capital of Latvia?,raw_question,1,1071.29541015625,106.38113403320312,0.19852282106876373
Latvia,What is the capital of Latvia?,raw_question,2,1286.204345703125,16.03724479675293,0.1610756516456604
Latvia,What is the capital of Latvia?,raw_question,3,1598.2257080078125,13.812065124511719,0.2021796554327011
Latvia,What is the capital of Latvia?,raw_question,4,2319.564208984375,9.817597389221191,0.1842145025730133
Latvia,What is the capital of Latvia?,raw_question,5,2647.355712890625,20.23468780517578,0.14450570940971375
Latvia,What is the capital of Latvia?,raw_question,6,3298.765625,8.010464668273926,0.1595965474843979
Latvia,What is the capital of Latvia?,raw_question,7,5222.71484375,16.590103149414062,0.16971144080162048
Latvia,What is the capital of Latvia?,raw_question,8,5928.78955078125,16.342851638793945,0.17083385586738586
Latvia,What is the capital of Latvia?,raw_question,9,5324.48974609375,11.62569522857666,0.13317471742630005
Latvia,What is the capital of Latvia?,raw_question,10,10390.51953125,25.8353328704834,0.19732481241226196
Latvia,What is the capital of Latvia?,raw_question,11,10804.1640625,3.458606243133545,0.1712445616722107
Latvia,What is the capital of Latvia?,raw_question,12,13170.0166015625,26.188678741455078,0.12752337753772736
Latvia,What is the capital of Latvia?,raw_question,13,16262.6923828125,25.97919464111328,0.10703916847705841
Latvia,What is the capital of Latvia?,raw_question,14,17390.546875,45.28321838378906,0.10862560570240021
Latvia,What is the capital of Latvia?,raw_question,15,18152.939453125,34.90583801269531,0.09895548224449158
Latvia,What is the capital of Latvia?,raw_question,16,24633.35546875,40.27415084838867,0.0901128500699997
Latvia,What is the capital of Latvia?,raw_question,17,172.2560272216797,10.756105422973633,0.11773137748241425
Latvia,The capital of Latvia is,declarative,0,133.40199279785156,159.10606384277344,0.2133404165506363
Latvia,The capital of Latvia is,declarative,1,859.7285766601562,129.78216552734375,0.2431028187274933
Latvia,The capital of Latvia is,declarative,2,1210.432861328125,21.798934936523438,0.19249983131885529
Latvia,The capital of Latvia is,declarative,3,1607.832275390625,14.260311126708984,0.21909090876579285
Latvia,The capital of Latvia is,declarative,4,2446.224853515625,10.08891773223877,0.17686118185520172
Latvia,The capital of Latvia is,declarative,5,2830.41845703125,20.230802536010742,0.14659127593040466
Latvia,The capital of Latvia is,declarative,6,3665.4833984375,8.890155792236328,0.16579166054725647
Latvia,The capital of Latvia is,declarative,7,5888.83642578125,17.161203384399414,0.1734674572944641
Latvia,The capital of Latvia is,declarative,8,5568.46875,16.086484909057617,0.17223525047302246
Latvia,The capital of Latvia is,declarative,9,5703.1201171875,14.374246597290039,0.1377163529396057
Latvia,The capital of Latvia is,declarative,10,8668.8486328125,29.12839126586914,0.19578413665294647
Latvia,The capital of Latvia is,declarative,11,9797.044921875,4.939606189727783,0.19478726387023926
Latvia,The capital of Latvia is,declarative,12,13022.408203125,37.46220779418945,0.15825262665748596
Latvia,The capital of Latvia is,declarative,13,15793.1982421875,24.338523864746094,0.12624825537204742
Latvia,The capital of Latvia is,declarative,14,19939.68359375,51.685550689697266,0.12045390903949738
Latvia,The capital of Latvia is,declarative,15,20926.431640625,36.52603530883789,0.09941667318344116
Latvia,The capital of Latvia is,declarative,16,24683.447265625,40.22372055053711,0.10349003225564957
Latvia,The capital of Latvia is,declarative,17,257.9814758300781,9.815711975097656,0.1306702047586441
Latvia,"Q: What is the capital of Latvia?
A:",qa,0,125.45539855957031,161.86233520507812,0.28533920645713806
Latvia,"Q: What is the capital of Latvia?
A:",qa,1,808.5650634765625,150.77633666992188,0.23727166652679443
Latvia,"Q: What is the capital of Latvia?
A:",qa,2,1010.0931396484375,20.89950180053711,0.17460252344608307
Latvia,"Q: What is the capital of Latvia?
A:",qa,3,1842.8995361328125,14.106911659240723,0.21913321316242218
Latvia,"Q: What is the capital of Latvia?
A:",qa,4,2145.937255859375,11.41236686706543,0.1748357117176056
Latvia,"Q: What is the capital of Latvia?
A:",qa,5,3516.5947265625,16.71381378173828,0.15287992358207703
Latvia,"Q: What is the capital of Latvia?
A:",qa,6,3752.618896484375,6.2776641845703125,0.15371423959732056
Latvia,"Q: What is the capital of Latvia?
A:",qa,7,5037.841796875,16.03264617919922,0.1617911159992218
Latvia,"Q: What is the capital of Latvia?
A:",qa,8,5575.5869140625,15.09032917022705,0.18875767290592194
Latvia,"Q: What is the capital of Latvia?
A:",qa,9,5249.47265625,14.717327117919922,0.13468997180461884
Latvia,"Q: What is the capital of Latvia?
A:",qa,10,8325.5400390625,30.940420150756836,0.18935704231262207
Latvia,"Q: What is the capital of Latvia?
A:",qa,11,8668.4384765625,5.091994762420654,0.18966621160507202
Latvia,"Q: What is the capital of Latvia?
A:",qa,12,12353.583984375,36.62294387817383,0.1523793339729309
Latvia,"Q: What is the capital of Latvia?
A:",qa,13,14668.84765625,24.69140625,0.11667110025882721
Latvia,"Q: What is the capital of Latvia?
A:",qa,14,18669.21484375,45.33541488647461,0.11596613377332687
Latvia,"Q: What is the capital of Latvia?
A:",qa,15,19719.111328125,38.79127883911133,0.0926034227013588
Latvia,"Q: What is the capital of Latvia?
A:",qa,16,25919.1484375,37.86402893066406,0.09172768145799637
Latvia,"Q: What is the capital of Latvia?
A:",qa,17,190.84344482421875,11.512401580810547,0.116895891726017
Latvia,What is the capital of Latvia? Answer with only the capital city.,chat_template,0,172.04397583007812,169.0857696533203,0.2021600306034088
Latvia,What is the capital of Latvia? Answer with only the capital city.,chat_template,1,791.5087890625,127.9542007446289,0.16981340944766998
Latvia,What is the capital of Latvia? Answer with only the capital city.,chat_template,2,1051.1077880859375,23.421688079833984,0.15848539769649506
Latvia,What is the capital of Latvia? Answer with only the capital city.,chat_template,3,1384.2764892578125,13.56753921508789,0.19521713256835938
Latvia,What is the capital of Latvia? Answer with only the capital city.,chat_template,4,800.0868530273438,12.20866584777832,0.19429172575473785
Latvia,What is the capital of Latvia? Answer with only the capital city.,chat_template,5,2368.307861328125,19.861425399780273,0.13929510116577148
Latvia,What is the capital of Latvia? Answer with only the capital city.,chat_template,6,3431.322021484375,6.734077453613281,0.1645868569612503
Latvia,What is the capital of Latvia? Answer with only the capital city.,chat_template,7,4722.5498046875,15.845611572265625,0.17078238725662231
Latvia,What is the capital of Latvia? Answer with only the capital city.,chat_template,8,5239.53125,18.716772079467773,0.2006392627954483
Latvia,What is the capital of Latvia? Answer with only the capital city.,chat_template,9,5527.865234375,13.931456565856934,0.1504058539867401
Latvia,What is the capital of Latvia? Answer with only the capital city.,chat_template,10,8942.5078125,27.619197845458984,0.221504345536232
Latvia,What is the capital of Latvia? Answer with only the capital city.,chat_template,11,9138.484375,3.882544755935669,0.20144616067409515
Latvia,What is the capital of Latvia? Answer with only the capital city.,chat_template,12,13354.9208984375,33.61909103393555,0.15549544990062714
Latvia,What is the capital of Latvia? Answer with only the capital city.,chat_template,13,15729.33203125,21.73865509033203,0.12247364968061447
Latvia,What is the capital of Latvia? Answer with only the capital city.,chat_template,14,19374.837890625,45.35990524291992,0.12280726432800293
Latvia,What is the capital of Latvia? Answer with only the capital city.,chat_template,15,19233.982421875,34.2673454284668,0.10357969254255295
Latvia,What is the capital of Latvia? Answer with only the capital city.,chat_template,16,24217.068359375,34.0147590637207,0.11639204621315002
Latvia,What is the capital of Latvia? Answer with only the capital city.,chat_template,17,304.5910339355469,9.741565704345703,0.14631648361682892
Lebanon,What is the capital of Lebanon?,raw_question,0,155.01406860351562,191.97547912597656,0.2582826018333435
Lebanon,What is the capital of Lebanon?,raw_question,1,1067.518310546875,105.0315170288086,0.19700130820274353
Lebanon,What is the capital of Lebanon?,raw_question,2,1308.879150390625,16.324129104614258,0.16072863340377808
Lebanon,What is the capital of Lebanon?,raw_question,3,1613.8463134765625,13.717869758605957,0.20194847881793976
Lebanon,What is the capital of Lebanon?,raw_question,4,2300.616943359375,9.967418670654297,0.1865616738796234
Lebanon,What is the capital of Lebanon?,raw_question,5,2685.724365234375,20.259796142578125,0.14361613988876343
Lebanon,What is the capital of Lebanon?,raw_question,6,3260.8046875,7.988921165466309,0.15958605706691742
Lebanon,What is the capital of Lebanon?,raw_question,7,5027.44091796875,16.67897605895996,0.16863197088241577
Lebanon,What is the capital of Lebanon?,raw_question,8,5869.4091796875,16.468982696533203,0.17134973406791687
Lebanon,What is the capital of Lebanon?,raw_question,9,5236.783203125,12.06645393371582,0.13293768465518951
Lebanon,What is the capital of Lebanon?,raw_question,10,10391.474609375,24.755746841430664,0.19653084874153137
Lebanon,What is the capital of Lebanon?,raw_question,11,10872.2529296875,3.531067132949829,0.1711663454771042
Lebanon,What is the capital of Lebanon?,raw_question,12,12871.3310546875,27.139202117919922,0.12942887842655182
Lebanon,What is the capital of Lebanon?,raw_question,13,16315.2626953125,26.888032913208008,0.10723622143268585
Lebanon,What is the capital of Lebanon?,raw_question,14,17422.998046875,44.65039825439453,0.108239084482193
Lebanon,What is the capital of Lebanon?,raw_question,15,18368.193359375,33.91306686401367,0.1018734723329544
Lebanon,What is the capital of Lebanon?,raw_question,16,24886.203125,40.24989318847656,0.09153346717357635
Lebanon,What is the capital of Lebanon?,raw_question,17,163.8120880126953,10.236093521118164,0.11918394267559052
Lebanon,The capital of Lebanon is,declarative,0,132.2528839111328,164.87066650390625,0.20953229069709778
Lebanon,The capital of Lebanon is,declarative,1,866.6571044921875,127.08458709716797,0.23929555714130402
Lebanon,The capital of Lebanon is,declarative,2,1233.5721435546875,21.871116638183594,0.1894119381904602
Lebanon,The capital of Lebanon is,declarative,3,1640.457763671875,14.19474983215332,0.21799980103969574
Lebanon,The capital of Lebanon is,declarative,4,2442.513427734375,10.191751480102539,0.18206098675727844
Lebanon,The capital of Lebanon is,declarative,5,2807.695556640625,20.172218322753906,0.14573228359222412
Lebanon,The capital of Lebanon is,declarative,6,3606.156494140625,8.188542366027832,0.16632607579231262
Lebanon,The capital of Lebanon is,declarative,7,5605.6943359375,17.10041618347168,0.17294467985630035
Lebanon,The capital of Lebanon is,declarative,8,5379.73486328125,16.594993591308594,0.17438748478889465
Lebanon,The capital of Lebanon is,declarative,9,5541.06884765625,14.31416130065918,0.13686048984527588
Lebanon,The capital of Lebanon is,declarative,10,8547.09765625,29.399736404418945,0.19869652390480042
Lebanon,The capital of Lebanon is,declarative,11,9722.001953125,4.81844425201416,0.19682495296001434
Lebanon,The capital of Lebanon is,declarative,12,12319.8330078125,37.17913055419922,0.15782354772090912
Lebanon,The capital of Lebanon is,declarative,13,15389.078125,24.140552520751953,0.12622544169425964
Lebanon,The capital of Lebanon is,declarative,14,18982.484375,51.5103759765625,0.12009460479021072
Lebanon,The capital of Lebanon is,declarative,15,20579.2421875,38.36566925048828,0.10589176416397095
Lebanon,The capital of Lebanon is,declarative,16,23932.154296875,36.96581268310547,0.10673914104700089
Lebanon,The capital of Lebanon is,declarative,17,257.1293640136719,10.02493953704834,0.13582956790924072
Lebanon,"Q: What is the capital of Lebanon?
A:",qa,0,125.8493881225586,161.74183654785156,0.28608930110931396
Lebanon,"Q: What is the capital of Lebanon?
A:",qa,1,815.5274658203125,147.74371337890625,0.23796850442886353
Lebanon,"Q: What is the capital of Lebanon?
A:",qa,2,1006.6533203125,21.550203323364258,0.17559826374053955
Lebanon,"Q: What is the capital of Lebanon?
A:",qa,3,1805.9776611328125,14.046285629272461,0.21915142238140106
Lebanon,"Q: What is the capital of Lebanon?
A:",qa,4,2103.098388671875,11.647329330444336,0.17705635726451874
Lebanon,"Q: What is the capital of Lebanon?
A:",qa,5,3442.689453125,16.83453369140625,0.15300467610359192
Lebanon,"Q: What is the capital of Lebanon?
A:",qa,6,3608.076904296875,6.172637939453125,0.152887225151062
Lebanon,"Q: What is the capital of Lebanon?
A:",qa,7,4835.38232421875,16.55169677734375,0.16107919812202454
Lebanon,"Q: What is the capital of Lebanon?
A:",qa,8,5352.935546875,15.576129913330078,0.1884656548500061
Lebanon,"Q: What is the capital of Lebanon?
A:",qa,9,5143.80029296875,14.88801383972168,0.13522067666053772
Lebanon,"Q: What is the capital of Lebanon?
A:",qa,10,8267.2763671875,29.95083999633789,0.1879338026046753
Lebanon,"Q: What is the capital of Lebanon?
A:",qa,11,8777.234375,5.1844587326049805,0.19159378111362457
Lebanon,"Q: What is the capital of Lebanon?
A:",qa,12,12173.41015625,34.69635772705078,0.15306514501571655
Lebanon,"Q: What is the capital of Lebanon?
A:",qa,13,14968.3740234375,26.015056610107422,0.11453172564506531
Lebanon,"Q: What is the capital of Lebanon?
A:",qa,14,18637.1171875,45.56254196166992,0.11525165289640427
Lebanon,"Q: What is the capital of Lebanon?
A:",qa,15,20041.974609375,37.128414154052734,0.09953474998474121
Lebanon,"Q: What is the capital of Lebanon?
A:",qa,16,25526.3828125,36.137874603271484,0.09614936262369156
Lebanon,"Q: What is the capital of Lebanon?
A:",qa,17,185.56065368652344,11.39297866821289,0.1213543638586998
Lebanon,What is the capital of Lebanon? Answer with only the capital city.,chat_template,0,171.79147338867188,169.63385009765625,0.2013833224773407
Lebanon,What is the capital of Lebanon? Answer with only the capital city.,chat_template,1,783.565185546875,127.89093017578125,0.17093580961227417
Lebanon,What is the capital of Lebanon? Answer with only the capital city.,chat_template,2,1043.0767822265625,23.637836456298828,0.16006878018379211
Lebanon,What is the capital of Lebanon? Answer with only the capital city.,chat_template,3,1384.4639892578125,13.620257377624512,0.19587598741054535
Lebanon,What is the capital of Lebanon? Answer with only the capital city.,chat_template,4,789.3948364257812,12.309957504272461,0.1961994767189026
Lebanon,What is the capital of Lebanon? Answer with only the capital city.,chat_template,5,2398.485107421875,19.910470962524414,0.139720618724823
Lebanon,What is the capital of Lebanon? Answer with only the capital city.,chat_template,6,3429.138427734375,6.815758228302002,0.16429629921913147
Lebanon,What is the capital of Lebanon? Answer with only the capital city.,chat_template,7,4729.0263671875,15.967944145202637,0.1703474372625351
Lebanon,What is the capital of Lebanon? Answer with only the capital city.,chat_template,8,5309.45947265625,18.498098373413086,0.20011383295059204
Lebanon,What is the capital of Lebanon? Answer with only the capital city.,chat_template,9,5507.4140625,13.906256675720215,0.14929217100143433
Lebanon,What is the capital of Lebanon? Answer with only the capital city.,chat_template,10,9009.779296875,27.494129180908203,0.222227543592453
Lebanon,What is the capital of Lebanon? Answer with only the capital city.,chat_template,11,9438.078125,3.9798731803894043,0.2040351778268814
Lebanon,What is the capital of Lebanon? Answer with only the capital city.,chat_template,12,13028.0908203125,29.954143524169922,0.15638241171836853
Lebanon,What is the capital of Lebanon? Answer with only the capital city.,chat_template,13,16097.7060546875,22.637409210205078,0.1229189932346344
Lebanon,What is the capital of Lebanon? Answer with only the capital city.,chat_template,14,19878.873046875,46.11917495727539,0.12391340732574463
Lebanon,What is the capital of Lebanon? Answer with only the capital city.,chat_template,15,20632.1640625,33.07001876831055,0.11105098575353622
Lebanon,What is the capital of Lebanon? Answer with only the capital city.,chat_template,16,24630.25390625,31.832855224609375,0.12353576719760895
Lebanon,What is the capital of Lebanon? Answer with only the capital city.,chat_template,17,292.71624755859375,9.060514450073242,0.15369579195976257
Lesotho,What is the capital of Lesotho?,raw_question,0,155.45632934570312,191.64231872558594,0.25705477595329285
Lesotho,What is the capital of Lesotho?,raw_question,1,1067.5794677734375,105.8196029663086,0.19770151376724243
Lesotho,What is the capital of Lesotho?,raw_question,2,1293.7320556640625,17.199636459350586,0.163914293050766
Lesotho,What is the capital of Lesotho?,raw_question,3,1613.742431640625,13.923663139343262,0.19971466064453125
Lesotho,What is the capital of Lesotho?,raw_question,4,2379.95361328125,10.837916374206543,0.18624737858772278
Lesotho,What is the capital of Lesotho?,raw_question,5,2679.8291015625,20.039031982421875,0.14336290955543518
Lesotho,What is the capital of Lesotho?,raw_question,6,3099.39306640625,8.191688537597656,0.1569875180721283
Lesotho,What is the capital of Lesotho?,raw_question,7,4848.4453125,17.296968460083008,0.16716071963310242
Lesotho,What is the capital of Lesotho?,raw_question,8,5740.5263671875,16.862123489379883,0.1738603413105011
Lesotho,What is the capital of Lesotho?,raw_question,9,5178.7109375,12.31253433227539,0.13610312342643738
Lesotho,What is the capital of Lesotho?,raw_question,10,10455.9892578125,24.73973846435547,0.19790858030319214
Lesotho,What is the capital of Lesotho?,raw_question,11,10647.384765625,3.5339906215667725,0.1698034405708313
Lesotho,What is the capital of Lesotho?,raw_question,12,12906.0546875,24.824989318847656,0.13061022758483887
Lesotho,What is the capital of Lesotho?,raw_question,13,15843.810546875,26.05780029296875,0.10741575062274933
Lesotho,What is the capital of Lesotho?,raw_question,14,17058.50390625,44.23548126220703,0.10791579633951187
Lesotho,What is the capital of Lesotho?,raw_question,15,17938.23046875,34.67162322998047,0.10111329704523087
Lesotho,What is the capital of Lesotho?,raw_question,16,24595.0,39.69073486328125,0.08843915164470673
Lesotho,What is the capital of Lesotho?,raw_question,17,159.4033660888672,10.851472854614258,0.11694777756929398
Lesotho,The capital of Lesotho is,declarative,0,132.50914001464844,158.99996948242188,0.21401530504226685
Lesotho,The capital of Lesotho is,declarative,1,864.04541015625,127.8848876953125,0.24065274000167847
Lesotho,The capital of Lesotho is,declarative,2,1218.549560546875,24.305747985839844,0.19430845975875854
Lesotho,The capital of Lesotho is,declarative,3,1612.0980224609375,14.269753456115723,0.2207167148590088
Lesotho,The capital of Lesotho is,declarative,4,2441.179931640625,11.119808197021484,0.18156030774116516
Lesotho,The capital of Lesotho is,declarative,5,2780.2021484375,19.639524459838867,0.14443650841712952
Lesotho,The capital of Lesotho is,declarative,6,3240.275146484375,8.807503700256348,0.16435134410858154
Lesotho,The capital of Lesotho is,declarative,7,5158.4072265625,18.01543617248535,0.17074905335903168
Lesotho,The capital of Lesotho is,declarative,8,5225.01953125,16.67108917236328,0.17564114928245544
Lesotho,The capital of Lesotho is,declarative,9,5538.31982421875,14.540767669677734,0.13770246505737305
Lesotho,The capital of Lesotho is,declarative,10,8433.294921875,29.168100357055664,0.19680944085121155
Lesotho,The capital of Lesotho is,declarative,11,9735.1865234375,4.998424053192139,0.19515302777290344
Lesotho,The capital of Lesotho is,declarative,12,12485.44140625,32.1084098815918,0.15871624648571014
Lesotho,The capital of Lesotho is,declarative,13,15452.142578125,24.541074752807617,0.1293298304080963
Lesotho,The capital of Lesotho is,declarative,14,19315.69140625,51.9463005065918,0.12371465563774109
Lesotho,The capital of Lesotho is,declarative,15,21035.439453125,36.03831481933594,0.10669111460447311
Lesotho,The capital of Lesotho is,declarative,16,25075.64453125,37.418704986572266,0.10528671741485596
Lesotho,The capital of Lesotho is,declarative,17,231.71412658691406,10.10075855255127,0.13154029846191406
Lesotho,"Q: What is the capital of Lesotho?
A:",qa,0,125.51786804199219,162.9736785888672,0.2847335636615753
Lesotho,"Q: What is the capital of Lesotho?
A:",qa,1,812.0809326171875,148.37191772460938,0.23970656096935272
Lesotho,"Q: What is the capital of Lesotho?
A:",qa,2,1003.088623046875,21.36711883544922,0.17537914216518402
Lesotho,"Q: What is the capital of Lesotho?
A:",qa,3,1820.321044921875,14.17095947265625,0.21938803791999817
Lesotho,"Q: What is the capital of Lesotho?
A:",qa,4,2145.973876953125,11.577282905578613,0.17652533948421478
Lesotho,"Q: What is the capital of Lesotho?
A:",qa,5,3505.08154296875,16.667232513427734,0.1528134047985077
Lesotho,"Q: What is the capital of Lesotho?
A:",qa,6,3636.357421875,6.4408721923828125,0.15205681324005127
Lesotho,"Q: What is the capital of Lesotho?
A:",qa,7,4863.7568359375,16.670976638793945,0.16048669815063477
Lesotho,"Q: What is the capital of Lesotho?
A:",qa,8,5464.3857421875,15.059441566467285,0.18833810091018677
Lesotho,"Q: What is the capital of Lesotho?
A:",qa,9,5198.36767578125,14.93761920928955,0.13705888390541077
Lesotho,"Q: What is the capital of Lesotho?
A:",qa,10,8294.8271484375,30.089126586914062,0.19090032577514648
Lesotho,"Q: What is the capital of Lesotho?
A:",qa,11,8752.771484375,5.3996262550354,0.19256314635276794
Lesotho,"Q: What is the capital of Lesotho?
A:",qa,12,12480.4736328125,33.23139190673828,0.15513233840465546
Lesotho,"Q: What is the capital of Lesotho?
A:",qa,13,14688.76171875,24.631731033325195,0.12134584784507751
Lesotho,"Q: What is the capital of Lesotho?
A:",qa,14,18478.76953125,44.942298889160156,0.118832066655159
Lesotho,"Q: What is the capital of Lesotho?
A:",qa,15,19708.2734375,35.82016372680664,0.1030624657869339
Lesotho,"Q: What is the capital of Lesotho?
A:",qa,16,25251.875,36.151607513427734,0.09357193857431412
Lesotho,"Q: What is the capital of Lesotho?
A:",qa,17,203.66641235351562,13.280379295349121,0.11967672407627106
Lesotho,What is the capital of Lesotho? Answer with only the capital city.,chat_template,0,172.13418579101562,170.5959930419922,0.20049211382865906
Lesotho,What is the capital of Lesotho? Answer with only the capital city.,chat_template,1,791.4202270507812,127.96497344970703,0.17014992237091064
Lesotho,What is the capital of Lesotho? Answer with only the capital city.,chat_template,2,1047.5369873046875,23.57571792602539,0.15975673496723175
Lesotho,What is the capital of Lesotho? Answer with only the capital city.,chat_template,3,1383.79296875,13.603218078613281,0.1957632303237915
Lesotho,What is the capital of Lesotho? Answer with only the capital city.,chat_template,4,804.3883666992188,12.25674057006836,0.19501769542694092
Lesotho,What is the capital of Lesotho? Answer with only the capital city.,chat_template,5,2385.526123046875,19.842987060546875,0.13942573964595795
Lesotho,What is the capital of Lesotho? Answer with only the capital city.,chat_template,6,3419.48876953125,6.745810508728027,0.16391505300998688
Lesotho,What is the capital of Lesotho? Answer with only the capital city.,chat_template,7,4731.56787109375,15.719470977783203,0.1697089821100235
Lesotho,What is the capital of Lesotho? Answer with only the capital city.,chat_template,8,5302.68505859375,18.72353744506836,0.19960378110408783
Lesotho,What is the capital of Lesotho? Answer with only the capital city.,chat_template,9,5504.890625,14.208541870117188,0.15040969848632812
Lesotho,What is the capital of Lesotho? Answer with only the capital city.,chat_template,10,8941.2578125,26.686485290527344,0.22022512555122375
Lesotho,What is the capital of Lesotho? Answer with only the capital city.,chat_template,11,9195.1748046875,3.888228416442871,0.20510795712471008
Lesotho,What is the capital of Lesotho? Answer with only the capital city.,chat_template,12,12377.326171875,30.23113441467285,0.15844221413135529
Lesotho,What is the capital of Lesotho? Answer with only the capital city.,chat_template,13,15251.951171875,22.280786514282227,0.12840837240219116
Lesotho,What is the capital of Lesotho? Answer with only the capital city.,chat_template,14,19010.42578125,48.1414680480957,0.1290091574192047
Lesotho,What is the capital of Lesotho? Answer with only the capital city.,chat_template,15,20587.5859375,31.033353805541992,0.11577261239290237
Lesotho,What is the capital of Lesotho? Answer with only the capital city.,chat_template,16,25010.67578125,33.075523376464844,0.11903204023838043
Lesotho,What is the capital of Lesotho? Answer with only the capital city.,chat_template,17,316.4455871582031,9.94257640838623,0.14848436415195465
Liberia,What is the capital of Liberia?,raw_question,0,153.96484375,196.4729461669922,0.2540794014930725
Liberia,What is the capital of Liberia?,raw_question,1,1074.196533203125,106.2313003540039,0.19808511435985565
Liberia,What is the capital of Liberia?,raw_question,2,1308.223388671875,16.57559585571289,0.16102775931358337
Liberia,What is the capital of Liberia?,raw_question,3,1626.15673828125,14.296399116516113,0.20136022567749023
Liberia,What is the capital of Liberia?,raw_question,4,2332.819580078125,10.191946983337402,0.18505239486694336
Liberia,What is the capital of Liberia?,raw_question,5,2686.595947265625,19.57417106628418,0.14572976529598236
Liberia,What is the capital of Liberia?,raw_question,6,3136.27685546875,8.019780158996582,0.15791884064674377
Liberia,What is the capital of Liberia?,raw_question,7,5055.158203125,16.801847457885742,0.1694830358028412
Liberia,What is the capital of Liberia?,raw_question,8,5988.94287109375,16.51656723022461,0.1742425262928009
Liberia,What is the capital of Liberia?,raw_question,9,5358.95947265625,11.970719337463379,0.13410630822181702
Liberia,What is the capital of Liberia?,raw_question,10,10584.8154296875,24.50055503845215,0.1970607489347458
Liberia,What is the capital of Liberia?,raw_question,11,10928.6044921875,3.5552964210510254,0.1710241436958313
Liberia,What is the capital of Liberia?,raw_question,12,12867.724609375,25.462671279907227,0.1284521520137787
Liberia,What is the capital of Liberia?,raw_question,13,16222.859375,26.572948455810547,0.10689099133014679
Liberia,What is the capital of Liberia?,raw_question,14,17397.361328125,44.363182067871094,0.108538419008255
Liberia,What is the capital of Liberia?,raw_question,15,18292.96484375,33.34135818481445,0.10101348161697388
Liberia,What is the capital of Liberia?,raw_question,16,24923.900390625,39.52720642089844,0.09024062752723694
Liberia,What is the capital of Liberia?,raw_question,17,156.90928649902344,10.713958740234375,0.11873795837163925
Liberia,The capital of Liberia is,declarative,0,131.48675537109375,160.060791015625,0.21361686289310455
Liberia,The capital of Liberia is,declarative,1,866.5796508789062,126.87110900878906,0.2414076179265976
Liberia,The capital of Liberia is,declarative,2,1218.35888671875,22.605329513549805,0.1896667331457138
Liberia,The capital of Liberia is,declarative,3,1655.7213134765625,14.525899887084961,0.22096577286720276
Liberia,The capital of Liberia is,declarative,4,2445.20849609375,10.617002487182617,0.1803196668624878
Liberia,The capital of Liberia is,declarative,5,2755.8583984375,19.750818252563477,0.14600597321987152
Liberia,The capital of Liberia is,declarative,6,3359.646728515625,8.343122482299805,0.16576185822486877
Liberia,The capital of Liberia is,declarative,7,5696.33935546875,17.475770950317383,0.17482814192771912
Liberia,The capital of Liberia is,declarative,8,5503.365234375,16.37301254272461,0.17286770045757294
Liberia,The capital of Liberia is,declarative,9,5758.8251953125,14.448504447937012,0.13616906106472015
Liberia,The capital of Liberia is,declarative,10,8668.6630859375,28.85040283203125,0.19071753323078156
Liberia,The capital of Liberia is,declarative,11,10035.1572265625,4.864022254943848,0.1944982409477234
Liberia,The capital of Liberia is,declarative,12,12974.3447265625,32.303653717041016,0.1549537181854248
Liberia,The capital of Liberia is,declarative,13,16226.884765625,24.920854568481445,0.12702566385269165
Liberia,The capital of Liberia is,declarative,14,19958.73046875,51.68438720703125,0.1187930554151535
Liberia,The capital of Liberia is,declarative,15,21474.78515625,35.03710174560547,0.10317674279212952
Liberia,The capital of Liberia is,declarative,16,25923.126953125,38.35197830200195,0.10204733908176422
Liberia,The capital of Liberia is,declarative,17,225.7477264404297,10.415570259094238,0.1287231743335724
Liberia,"Q: What is the capital of Liberia?
A:",qa,0,126.23128509521484,162.4628143310547,0.28530579805374146
Liberia,"Q: What is the capital of Liberia?
A:",qa,1,811.8795166015625,146.72335815429688,0.23821043968200684
Liberia,"Q: What is the capital of Liberia?
A:",qa,2,1002.74560546875,21.231380462646484,0.17435580492019653
Liberia,"Q: What is the capital of Liberia?
A:",qa,3,1796.4051513671875,13.985095024108887,0.22039629518985748
Liberia,"Q: What is the capital of Liberia?
A:",qa,4,2109.957763671875,11.68184757232666,0.17635931074619293
Liberia,"Q: What is the capital of Liberia?
A:",qa,5,3529.7685546875,16.569419860839844,0.1531657576560974
Liberia,"Q: What is the capital of Liberia?
A:",qa,6,3645.369140625,6.301331520080566,0.15373045206069946
Liberia,"Q: What is the capital of Liberia?
A:",qa,7,4918.37548828125,16.250818252563477,0.16305100917816162
Liberia,"Q: What is the capital of Liberia?
A:",qa,8,5458.66455078125,15.085089683532715,0.19146867096424103
Liberia,"Q: What is the capital of Liberia?
A:",qa,9,5226.52099609375,14.873650550842285,0.13739345967769623
Liberia,"Q: What is the capital of Liberia?
A:",qa,10,8266.3779296875,30.231792449951172,0.1914309412240982
Liberia,"Q: What is the capital of Liberia?
A:",qa,11,8841.501953125,5.218553066253662,0.1924789547920227
Liberia,"Q: What is the capital of Liberia?
A:",qa,12,12299.5244140625,33.56894302368164,0.1524834930896759
Liberia,"Q: What is the capital of Liberia?
A:",qa,13,14841.4560546875,25.56023406982422,0.11868636310100555
Liberia,"Q: What is the capital of Liberia?
A:",qa,14,18420.6484375,45.91453552246094,0.11684300005435944
Liberia,"Q: What is the capital of Liberia?
A:",qa,15,20086.87890625,36.62455749511719,0.0991060733795166
Liberia,"Q: What is the capital of Liberia?
A:",qa,16,25835.173828125,35.893531799316406,0.09475338459014893
Liberia,"Q: What is the capital of Liberia?
A:",qa,17,185.03814697265625,13.416866302490234,0.11869755387306213
Liberia,What is the capital of Liberia? Answer with only the capital city.,chat_template,0,172.23805236816406,169.47889709472656,0.20174938440322876
Liberia,What is the capital of Liberia? Answer with only the capital city.,chat_template,1,783.6597900390625,127.8918685913086,0.17109309136867523
Liberia,What is the capital of Liberia? Answer with only the capital city.,chat_template,2,1039.4727783203125,23.469165802001953,0.1603940725326538
Liberia,What is the capital of Liberia? Answer with only the capital city.,chat_template,3,1383.578369140625,13.627443313598633,0.19521233439445496
Liberia,What is the capital of Liberia? Answer with only the capital city.,chat_template,4,788.6425170898438,12.278056144714355,0.19440969824790955
Liberia,What is the capital of Liberia? Answer with only the capital city.,chat_template,5,2379.51318359375,19.72458267211914,0.1392991542816162
Liberia,What is the capital of Liberia? Answer with only the capital city.,chat_template,6,3445.151611328125,6.85863733291626,0.16510009765625
Liberia,What is the capital of Liberia? Answer with only the capital city.,chat_template,7,4758.33251953125,15.879716873168945,0.17069301009178162
Liberia,What is the capital of Liberia? Answer with only the capital city.,chat_template,8,5244.3955078125,18.294836044311523,0.2009638398885727
Liberia,What is the capital of Liberia? Answer with only the capital city.,chat_template,9,5530.54296875,14.074889183044434,0.15110081434249878
Liberia,What is the capital of Liberia? Answer with only the capital city.,chat_template,10,9007.2646484375,27.06419563293457,0.2216273546218872
Liberia,What is the capital of Liberia? Answer with only the capital city.,chat_template,11,9185.1943359375,3.863157272338867,0.20476725697517395
Liberia,What is the capital of Liberia? Answer with only the capital city.,chat_template,12,13199.7431640625,29.21445083618164,0.1558261662721634
Liberia,What is the capital of Liberia? Answer with only the capital city.,chat_template,13,15669.4150390625,22.201889038085938,0.127581387758255
Liberia,What is the capital of Liberia? Answer with only the capital city.,chat_template,14,19117.345703125,45.29985427856445,0.12701092660427094
Liberia,What is the capital of Liberia? Answer with only the capital city.,chat_template,15,20710.376953125,33.22978591918945,0.1118767261505127
Liberia,What is the capital of Liberia? Answer with only the capital city.,chat_template,16,26046.5625,31.56858253479004,0.11779098212718964
Liberia,What is the capital of Liberia? Answer with only the capital city.,chat_template,17,312.5231628417969,12.313533782958984,0.14139698445796967
Libya,What is the capital of Libya?,raw_question,0,154.90106201171875,191.98350524902344,0.25774675607681274
Libya,What is the capital of Libya?,raw_question,1,1074.9180908203125,106.45305633544922,0.19628748297691345
Libya,What is the capital of Libya?,raw_question,2,1301.27734375,16.09646987915039,0.16087159514427185
Libya,What is the capital of Libya?,raw_question,3,1575.00732421875,13.799873352050781,0.19954481720924377
Libya,What is the capital of Libya?,raw_question,4,2285.632080078125,10.159637451171875,0.1842215359210968
Libya,What is the capital of Libya?,raw_question,5,2674.41845703125,20.077098846435547,0.14431586861610413
Libya,What is the capital of Libya?,raw_question,6,3180.888671875,8.064977645874023,0.1585400104522705
Libya,What is the capital of Libya?,raw_question,7,4995.57080078125,16.78462791442871,0.16743236780166626
Libya,What is the capital of Libya?,raw_question,8,5952.13916015625,16.52429962158203,0.17226094007492065
Libya,What is the capital of Libya?,raw_question,9,5378.88916015625,12.167567253112793,0.13323238492012024
Libya,What is the capital of Libya?,raw_question,10,10515.7509765625,24.507965087890625,0.19506913423538208
Libya,What is the capital of Libya?,raw_question,11,10987.6318359375,3.513369083404541,0.17176225781440735
Libya,What is the capital of Libya?,raw_question,12,12961.716796875,26.799245834350586,0.12761302292346954
Libya,What is the capital of Libya?,raw_question,13,16479.470703125,25.994699478149414,0.10555927455425262
Libya,What is the capital of Libya?,raw_question,14,17406.640625,44.63792419433594,0.10741084814071655
Libya,What is the capital of Libya?,raw_question,15,18362.943359375,33.14194107055664,0.10169713199138641
Libya,What is the capital of Libya?,raw_question,16,24748.548828125,39.37216567993164,0.09157828241586685
Libya,What is the capital of Libya?,raw_question,17,160.3668212890625,10.398693084716797,0.11934304982423782
Libya,The capital of Libya is,declarative,0,130.89108276367188,161.23489379882812,0.2132711559534073
Libya,The capital of Libya is,declarative,1,863.9100952148438,131.6215057373047,0.23943878710269928
Libya,The capital of Libya is,declarative,2,1204.1265869140625,21.922706604003906,0.19015395641326904
Libya,The capital of Libya is,declarative,3,1620.9151611328125,14.43760871887207,0.22002820670604706
Libya,The capital of Libya is,declarative,4,2365.36376953125,10.48819637298584,0.1771247237920761
Libya,The capital of Libya is,declarative,5,2822.5,19.678110122680664,0.1457829773426056
Libya,The capital of Libya is,declarative,6,3523.10107421875,8.387574195861816,0.16488246619701385
Libya,The capital of Libya is,declarative,7,5675.7412109375,17.531620025634766,0.1711168885231018
Libya,The capital of Libya is,declarative,8,5475.486328125,16.37239646911621,0.174091637134552
Libya,The capital of Libya is,declarative,9,5730.25341796875,14.701746940612793,0.13632845878601074
Libya,The capital of Libya is,declarative,10,8674.982421875,28.15985107421875,0.1965559422969818
Libya,The capital of Libya is,declarative,11,9917.0869140625,4.826662063598633,0.19681121408939362
Libya,The capital of Libya is,declarative,12,12927.1552734375,34.723453521728516,0.16139371693134308
Libya,The capital of Libya is,declarative,13,15982.375,24.05327606201172,0.1277516931295395
Libya,The capital of Libya is,declarative,14,19636.5859375,51.05824279785156,0.11882106214761734
Libya,The capital of Libya is,declarative,15,21311.662109375,35.67413330078125,0.10368447005748749
Libya,The capital of Libya is,declarative,16,24808.009765625,37.04829025268555,0.1033121645450592
Libya,The capital of Libya is,declarative,17,246.62887573242188,10.37646484375,0.13467828929424286
Libya,"Q: What is the capital of Libya?
A:",qa,0,125.87521362304688,162.3623046875,0.28581100702285767
Libya,"Q: What is the capital of Libya?
A:",qa,1,811.8042602539062,149.06211853027344,0.23554906249046326
Libya,"Q: What is the capital of Libya?
A:",qa,2,998.7859497070312,21.0726318359375,0.1741335093975067
Libya,"Q: What is the capital of Libya?
A:",qa,3,1819.902099609375,14.152402877807617,0.21869707107543945
Libya,"Q: What is the capital of Libya?
A:",qa,4,2121.4619140625,11.668615341186523,0.17670905590057373
Libya,"Q: What is the capital of Libya?
A:",qa,5,3485.062744140625,16.65302276611328,0.15249265730381012
Libya,"Q: What is the capital of Libya?
A:",qa,6,3720.050048828125,6.169742584228516,0.15301060676574707
Libya,"Q: What is the capital of Libya?
A:",qa,7,4917.337890625,16.04287338256836,0.15933839976787567
Libya,"Q: What is the capital of Libya?
A:",qa,8,5434.14599609375,15.309094429016113,0.18979038298130035
Libya,"Q: What is the capital of Libya?
A:",qa,9,5254.478515625,14.731013298034668,0.13541308045387268
Libya,"Q: What is the capital of Libya?
A:",qa,10,8382.2021484375,29.844223022460938,0.18787625432014465
Libya,"Q: What is the capital of Libya?
A:",qa,11,8812.0546875,4.981122016906738,0.1916823536157608
Libya,"Q: What is the capital of Libya?
A:",qa,12,12402.5703125,32.41223907470703,0.1551971435546875
Libya,"Q: What is the capital of Libya?
A:",qa,13,15050.4375,25.16145133972168,0.11652159690856934
Libya,"Q: What is the capital of Libya?
A:",qa,14,18569.736328125,46.27473068237305,0.11374301463365555
Libya,"Q: What is the capital of Libya?
A:",qa,15,20124.43359375,35.64567565917969,0.09820938110351562
Libya,"Q: What is the capital of Libya?
A:",qa,16,25716.0390625,36.21068572998047,0.09426481276750565
Libya,"Q: What is the capital of Libya?
A:",qa,17,176.8990478515625,12.24755859375,0.11934257298707962
Libya,What is the capital of Libya? Answer with only the capital city.,chat_template,0,171.22048950195312,169.78695678710938,0.20124919712543488
Libya,What is the capital of Libya? Answer with only the capital city.,chat_template,1,781.2997436523438,128.84934997558594,0.1699468195438385
Libya,What is the capital of Libya? Answer with only the capital city.,chat_template,2,1043.9093017578125,23.46291732788086,0.1603081226348877
Libya,What is the capital of Libya? Answer with only the capital city.,chat_template,3,1391.517822265625,13.53708553314209,0.19619891047477722
Libya,What is the capital of Libya? Answer with only the capital city.,chat_template,4,791.1608276367188,12.272077560424805,0.19446593523025513
Libya,What is the capital of Libya? Answer with only the capital city.,chat_template,5,2368.42138671875,19.86529541015625,0.13931454718112946
Libya,What is the capital of Libya? Answer with only the capital city.,chat_template,6,3446.71923828125,6.81594181060791,0.16451875865459442
Libya,What is the capital of Libya? Answer with only the capital city.,chat_template,7,4755.1357421875,15.61320972442627,0.17071443796157837
Libya,What is the capital of Libya? Answer with only the capital city.,chat_template,8,5274.66943359375,18.300830841064453,0.2012554407119751
Libya,What is the capital of Libya? Answer with only the capital city.,chat_template,9,5536.11376953125,13.77627944946289,0.150588721036911
Libya,What is the capital of Libya? Answer with only the capital city.,chat_template,10,9006.7333984375,26.13758087158203,0.2207927405834198
Libya,What is the capital of Libya? Answer with only the capital city.,chat_template,11,9173.7333984375,3.745762825012207,0.2038785070180893
Libya,What is the capital of Libya? Answer with only the capital city.,chat_template,12,13418.0927734375,27.2454891204834,0.16124820709228516
Libya,What is the capital of Libya? Answer with only the capital city.,chat_template,13,15692.84375,22.127622604370117,0.12676778435707092
Libya,What is the capital of Libya? Answer with only the capital city.,chat_template,14,19005.857421875,47.351463317871094,0.12403793632984161
Libya,What is the capital of Libya? Answer with only the capital city.,chat_template,15,20748.5078125,31.08012580871582,0.1126580536365509
Libya,What is the capital of Libya? Answer with only the capital city.,chat_template,16,25415.732421875,30.625442504882812,0.12024930119514465
Libya,What is the capital of Libya? Answer with only the capital city.,chat_template,17,297.1072082519531,9.169675827026367,0.15108449757099152
Liechtenstein,What is the capital of Liechtenstein?,raw_question,0,155.72720336914062,192.18450927734375,0.25609564781188965
Liechtenstein,What is the capital of Liechtenstein?,raw_question,1,1074.7818603515625,111.62141418457031,0.1962299942970276
Liechtenstein,What is the capital of Liechtenstein?,raw_question,2,1308.732421875,15.756989479064941,0.160780668258667
Liechtenstein,What is the capital of Liechtenstein?,raw_question,3,1584.5799560546875,14.087090492248535,0.19971206784248352
Liechtenstein,What is the capital of Liechtenstein?,raw_question,4,2395.697021484375,9.749686241149902,0.1843908131122589
Liechtenstein,What is the capital of Liechtenstein?,raw_question,5,2754.00537109375,20.112876892089844,0.14340034127235413
Liechtenstein,What is the capital of Liechtenstein?,raw_question,6,3267.45166015625,8.006034851074219,0.158425971865654
Liechtenstein,What is the capital of Liechtenstein?,raw_question,7,4992.40185546875,16.641881942749023,0.1678464263677597
Liechtenstein,What is the capital of Liechtenstein?,raw_question,8,5807.017578125,16.567522048950195,0.17271389067173004
Liechtenstein,What is the capital of Liechtenstein?,raw_question,9,5206.34912109375,12.323474884033203,0.13394194841384888
Liechtenstein,What is the capital of Liechtenstein?,raw_question,10,10520.1220703125,24.714561462402344,0.19841793179512024
Liechtenstein,What is the capital of Liechtenstein?,raw_question,11,10741.6396484375,3.579641580581665,0.17048871517181396
Liechtenstein,What is the capital of Liechtenstein?,raw_question,12,13110.19921875,25.301586151123047,0.1290297508239746
Liechtenstein,What is the capital of Liechtenstein?,raw_question,13,16200.1279296875,27.19969367980957,0.1077602207660675
Liechtenstein,What is the capital of Liechtenstein?,raw_question,14,17593.4921875,45.532066345214844,0.1091659814119339
Liechtenstein,What is the capital of Liechtenstein?,raw_question,15,18279.404296875,35.441566467285156,0.09937675297260284
Liechtenstein,What is the capital of Liechtenstein?,raw_question,16,25110.880859375,39.46686935424805,0.08963696658611298
Liechtenstein,What is the capital of Liechtenstein?,raw_question,17,161.82785034179688,10.952119827270508,0.11884816735982895
Liechtenstein,The capital of Liechtenstein is,declarative,0,133.37046813964844,157.89999389648438,0.21571683883666992
Liechtenstein,The capital of Liechtenstein is,declarative,1,867.4976806640625,131.44088745117188,0.24047236144542694
Liechtenstein,The capital of Liechtenstein is,declarative,2,1196.2540283203125,20.97442054748535,0.1882433295249939
Liechtenstein,The capital of Liechtenstein is,declarative,3,1600.3094482421875,14.415898323059082,0.22127529978752136
Liechtenstein,The capital of Liechtenstein is,declarative,4,2415.43505859375,9.852301597595215,0.1785202920436859
Liechtenstein,The capital of Liechtenstein is,declarative,5,2834.395263671875,20.06536865234375,0.14673811197280884
Liechtenstein,The capital of Liechtenstein is,declarative,6,3543.2392578125,8.422887802124023,0.16352598369121552
Liechtenstein,The capital of Liechtenstein is,declarative,7,5635.26220703125,17.407512664794922,0.17121277749538422
Liechtenstein,The capital of Liechtenstein is,declarative,8,5438.912109375,16.367313385009766,0.17511925101280212
Liechtenstein,The capital of Liechtenstein is,declarative,9,5510.63720703125,15.167036056518555,0.13711436092853546
Liechtenstein,The capital of Liechtenstein is,declarative,10,8481.0693359375,29.265241622924805,0.19473326206207275
Liechtenstein,The capital of Liechtenstein is,declarative,11,9787.244140625,4.985661506652832,0.1933312863111496
Liechtenstein,The capital of Liechtenstein is,declarative,12,12356.4560546875,36.31952667236328,0.1594715714454651
Liechtenstein,The capital of Liechtenstein is,declarative,13,15603.1787109375,24.889535903930664,0.13112196326255798
Liechtenstein,The capital of Liechtenstein is,declarative,14,19826.6484375,51.357460021972656,0.12387098371982574
Liechtenstein,The capital of Liechtenstein is,declarative,15,21302.765625,35.85350036621094,0.10756886750459671
Liechtenstein,The capital of Liechtenstein is,declarative,16,25255.701171875,39.69355392456055,0.1064499020576477
Liechtenstein,The capital of Liechtenstein is,declarative,17,247.2610626220703,10.496755599975586,0.13676118850708008
Liechtenstein,"Q: What is the capital of Liechtenstein?
A:",qa,0,125.83314514160156,162.09886169433594,0.2875681519508362
Liechtenstein,"Q: What is the capital of Liechtenstein?
A:",qa,1,804.8717041015625,151.4290771484375,0.23673109710216522
Liechtenstein,"Q: What is the capital of Liechtenstein?
A:",qa,2,999.2489013671875,21.207210540771484,0.17589300870895386
Liechtenstein,"Q: What is the capital of Liechtenstein?
A:",qa,3,1813.4398193359375,14.071090698242188,0.2200036495923996
Liechtenstein,"Q: What is the capital of Liechtenstein?
A:",qa,4,2116.38037109375,11.634811401367188,0.17764757573604584
Liechtenstein,"Q: What is the capital of Liechtenstein?
A:",qa,5,3481.59130859375,16.88306999206543,0.15314120054244995
Liechtenstein,"Q: What is the capital of Liechtenstein?
A:",qa,6,3715.37060546875,6.251163959503174,0.15283718705177307
Liechtenstein,"Q: What is the capital of Liechtenstein?
A:",qa,7,4909.8681640625,15.887011528015137,0.1591091752052307
Liechtenstein,"Q: What is the capital of Liechtenstein?
A:",qa,8,5396.7392578125,15.163209915161133,0.18862128257751465
Liechtenstein,"Q: What is the capital of Liechtenstein?
A:",qa,9,5188.72607421875,14.532325744628906,0.13657519221305847
Liechtenstein,"Q: What is the capital of Liechtenstein?
A:",qa,10,8198.111328125,30.399612426757812,0.1897410899400711
Liechtenstein,"Q: What is the capital of Liechtenstein?
A:",qa,11,8700.5263671875,5.2521467208862305,0.19130030274391174
Liechtenstein,"Q: What is the capital of Liechtenstein?
A:",qa,12,11857.0810546875,38.65730667114258,0.15413588285446167
Liechtenstein,"Q: What is the capital of Liechtenstein?
A:",qa,13,14423.2216796875,26.115764617919922,0.11865772306919098
Liechtenstein,"Q: What is the capital of Liechtenstein?
A:",qa,14,18490.33203125,46.24946594238281,0.1165832132101059
Liechtenstein,"Q: What is the capital of Liechtenstein?
A:",qa,15,19926.49609375,38.675331115722656,0.09990353137254715
Liechtenstein,"Q: What is the capital of Liechtenstein?
A:",qa,16,26093.859375,35.581912994384766,0.0940692275762558
Liechtenstein,"Q: What is the capital of Liechtenstein?
A:",qa,17,194.35223388671875,12.645173072814941,0.12102548778057098
Liechtenstein,What is the capital of Liechtenstein? Answer with only the capital city.,chat_template,0,171.8438720703125,169.87396240234375,0.20150138437747955
Liechtenstein,What is the capital of Liechtenstein? Answer with only the capital city.,chat_template,1,783.6239013671875,129.1029815673828,0.1705595850944519
Liechtenstein,What is the capital of Liechtenstein? Answer with only the capital city.,chat_template,2,1043.0845947265625,23.523597717285156,0.16009828448295593
Liechtenstein,What is the capital of Liechtenstein? Answer with only the capital city.,chat_template,3,1382.9095458984375,13.650205612182617,0.19523942470550537
Liechtenstein,What is the capital of Liechtenstein? Answer with only the capital city.,chat_template,4,787.7420043945312,12.183771133422852,0.19406959414482117
Liechtenstein,What is the capital of Liechtenstein? Answer with only the capital city.,chat_template,5,2378.002197265625,19.770671844482422,0.13933610916137695
Liechtenstein,What is the capital of Liechtenstein? Answer with only the capital city.,chat_template,6,3464.10009765625,6.733515739440918,0.1643788069486618
Liechtenstein,What is the capital of Liechtenstein? Answer with only the capital city.,chat_template,7,4752.88671875,15.732440948486328,0.1691761314868927
Liechtenstein,What is the capital of Liechtenstein? Answer with only the capital city.,chat_template,8,5303.583984375,18.646766662597656,0.19882136583328247
Liechtenstein,What is the capital of Liechtenstein? Answer with only the capital city.,chat_template,9,5502.587890625,14.043208122253418,0.14974498748779297
Liechtenstein,What is the capital of Liechtenstein? Answer with only the capital city.,chat_template,10,9001.923828125,27.67240333557129,0.22096817195415497
Liechtenstein,What is the capital of Liechtenstein? Answer with only the capital city.,chat_template,11,9028.0078125,3.9978411197662354,0.20097264647483826
Liechtenstein,What is the capital of Liechtenstein? Answer with only the capital city.,chat_template,12,12466.271484375,36.23052215576172,0.15722495317459106
Liechtenstein,What is the capital of Liechtenstein? Answer with only the capital city.,chat_template,13,15032.00390625,22.312904357910156,0.12861418724060059
Liechtenstein,What is the capital of Liechtenstein? Answer with only the capital city.,chat_template,14,19247.876953125,46.24805450439453,0.12982331216335297
Liechtenstein,What is the capital of Liechtenstein? Answer with only the capital city.,chat_template,15,20040.021484375,35.18696212768555,0.11607621610164642
Liechtenstein,What is the capital of Liechtenstein? Answer with only the capital city.,chat_template,16,24469.619140625,34.685367584228516,0.1268511861562729
Liechtenstein,What is the capital of Liechtenstein? Answer with only the capital city.,chat_template,17,330.5537414550781,9.655786514282227,0.15904729068279266
Lithuania,What is the capital of Lithuania?,raw_question,0,154.89198303222656,192.20115661621094,0.25746771693229675
Lithuania,What is the capital of Lithuania?,raw_question,1,1074.246826171875,108.42935180664062,0.19750124216079712
Lithuania,What is the capital of Lithuania?,raw_question,2,1300.863037109375,16.025142669677734,0.16086706519126892
Lithuania,What is the capital of Lithuania?,raw_question,3,1595.9254150390625,13.668622016906738,0.20053407549858093
Lithuania,What is the capital of Lithuania?,raw_question,4,2303.232177734375,9.707513809204102,0.1875704824924469
Lithuania,What is the capital of Lithuania?,raw_question,5,2701.5625,20.422649383544922,0.14289553463459015
Lithuania,What is the capital of Lithuania?,raw_question,6,3299.548828125,8.345054626464844,0.15926674008369446
Lithuania,What is the capital of Lithuania?,raw_question,7,5053.74658203125,16.792984008789062,0.16775459051132202
Lithuania,What is the capital of Lithuania?,raw_question,8,5867.6923828125,16.64530372619629,0.1690489947795868
Lithuania,What is the capital of Lithuania?,raw_question,9,5298.63525390625,11.956632614135742,0.13294091820716858
Lithuania,What is the capital of Lithuania?,raw_question,10,10518.8984375,26.097822189331055,0.20003607869148254
Lithuania,What is the capital of Lithuania?,raw_question,11,10863.84375,3.4259626865386963,0.17121434211730957
Lithuania,What is the capital of Lithuania?,raw_question,12,13023.5126953125,25.860248565673828,0.12939053773880005
Lithuania,What is the capital of Lithuania?,raw_question,13,16202.1435546875,25.41506576538086,0.10787753760814667
Lithuania,What is the capital of Lithuania?,raw_question,14,17315.953125,45.1136360168457,0.10810180008411407
Lithuania,What is the capital of Lithuania?,raw_question,15,18103.44921875,34.54228210449219,0.10092443227767944
Lithuania,What is the capital of Lithuania?,raw_question,16,24732.583984375,40.01134490966797,0.09070190787315369
Lithuania,What is the capital of Lithuania?,raw_question,17,176.40933227539062,10.549121856689453,0.11824709177017212
Lithuania,The capital of Lithuania is,declarative,0,132.44439697265625,157.28646850585938,0.21530823409557343
Lithuania,The capital of Lithuania is,declarative,1,860.5108642578125,129.55630493164062,0.2419344037771225
Lithuania,The capital of Lithuania is,declarative,2,1218.70361328125,22.164398193359375,0.19336894154548645
Lithuania,The capital of Lithuania is,declarative,3,1601.27197265625,14.154032707214355,0.21986180543899536
Lithuania,The capital of Lithuania is,declarative,4,2356.537353515625,9.921968460083008,0.18373912572860718
Lithuania,The capital of Lithuania is,declarative,5,2817.8232421875,20.205734252929688,0.1468265801668167
Lithuania,The capital of Lithuania is,declarative,6,3669.406494140625,8.484977722167969,0.16672658920288086
Lithuania,The capital of Lithuania is,declarative,7,5766.16650390625,17.4183349609375,0.1733536273241043
Lithuania,The capital of Lithuania is,declarative,8,5480.57373046875,16.57132911682129,0.17398031055927277
Lithuania,The capital of Lithuania is,declarative,9,5613.6181640625,14.355927467346191,0.13817769289016724
Lithuania,The capital of Lithuania is,declarative,10,8612.2998046875,30.039987564086914,0.19776898622512817
Lithuania,The capital of Lithuania is,declarative,11,9746.1806640625,4.905721664428711,0.19423191249370575
Lithuania,The capital of Lithuania is,declarative,12,12644.119140625,35.521820068359375,0.16116470098495483
Lithuania,The capital of Lithuania is,declarative,13,15527.31640625,25.23394012451172,0.1291046142578125
Lithuania,The capital of Lithuania is,declarative,14,19656.4453125,51.54167556762695,0.12286744266748428
Lithuania,The capital of Lithuania is,declarative,15,20787.822265625,36.39763641357422,0.10265578329563141
Lithuania,The capital of Lithuania is,declarative,16,24248.8359375,40.63450622558594,0.10370950400829315
Lithuania,The capital of Lithuania is,declarative,17,263.438720703125,9.787312507629395,0.1321628838777542
Lithuania,"Q: What is the capital of Lithuania?
A:",qa,0,126.14155578613281,161.59991455078125,0.2854868173599243
Lithuania,"Q: What is the capital of Lithuania?
A:",qa,1,808.3782958984375,147.46200561523438,0.23768818378448486
Lithuania,"Q: What is the capital of Lithuania?
A:",qa,2,1006.1039428710938,20.772430419921875,0.17387787997722626
Lithuania,"Q: What is the capital of Lithuania?
A:",qa,3,1848.863525390625,14.087325096130371,0.21938103437423706
Lithuania,"Q: What is the capital of Lithuania?
A:",qa,4,2141.246826171875,11.367720603942871,0.17520113289356232
Lithuania,"Q: What is the capital of Lithuania?
A:",qa,5,3508.04248046875,16.731170654296875,0.15260934829711914
Lithuania,"Q: What is the capital of Lithuania?
A:",qa,6,3726.0595703125,6.319468975067139,0.15339717268943787
Lithuania,"Q: What is the capital of Lithuania?
A:",qa,7,5014.3125,15.970006942749023,0.161234512925148
Lithuania,"Q: What is the capital of Lithuania?
A:",qa,8,5551.10400390625,15.021238327026367,0.18816226720809937
Lithuania,"Q: What is the capital of Lithuania?
A:",qa,9,5283.67138671875,14.7938232421875,0.13483276963233948
Lithuania,"Q: What is the capital of Lithuania?
A:",qa,10,8388.13671875,30.514474868774414,0.1898651272058487
Lithuania,"Q: What is the capital of Lithuania?
A:",qa,11,8717.5703125,5.074025630950928,0.1904081404209137
Lithuania,"Q: What is the capital of Lithuania?
A:",qa,12,12244.611328125,36.15544509887695,0.15734294056892395
Lithuania,"Q: What is the capital of Lithuania?
A:",qa,13,14642.177734375,25.124353408813477,0.11891709268093109
Lithuania,"Q: What is the capital of Lithuania?
A:",qa,14,18741.8515625,46.48811721801758,0.11647364497184753
Lithuania,"Q: What is the capital of Lithuania?
A:",qa,15,19866.068359375,38.150753021240234,0.09656932950019836
Lithuania,"Q: What is the capital of Lithuania?
A:",qa,16,25563.93359375,38.630775451660156,0.09401442110538483
Lithuania,"Q: What is the capital of Lithuania?
A:",qa,17,214.40951538085938,11.435704231262207,0.11904211342334747
Lithuania,What is the capital of Lithuania? Answer with only the capital city.,chat_template,0,171.19241333007812,169.93443298339844,0.2008088231086731
Lithuania,What is the capital of Lithuania? Answer with only the capital city.,chat_template,1,788.0924072265625,128.5833282470703,0.1696513444185257
Lithuania,What is the capital of Lithuania? Answer with only the capital city.,chat_template,2,1051.1826171875,23.530071258544922,0.15930292010307312
Lithuania,What is the capital of Lithuania? Answer with only the capital city.,chat_template,3,1383.118408203125,13.610309600830078,0.1955161690711975
Lithuania,What is the capital of Lithuania? Answer with only the capital city.,chat_template,4,796.6380004882812,12.214178085327148,0.19456127285957336
Lithuania,What is the capital of Lithuania? Answer with only the capital city.,chat_template,5,2384.099853515625,19.787660598754883,0.13911424577236176
Lithuania,What is the capital of Lithuania? Answer with only the capital city.,chat_template,6,3462.62548828125,6.796198844909668,0.1644514501094818
Lithuania,What is the capital of Lithuania? Answer with only the capital city.,chat_template,7,4726.5185546875,15.770517349243164,0.17020221054553986
Lithuania,What is the capital of Lithuania? Answer with only the capital city.,chat_template,8,5238.962890625,18.53645133972168,0.2009580284357071
Lithuania,What is the capital of Lithuania? Answer with only the capital city.,chat_template,9,5529.6005859375,14.092755317687988,0.1511109173297882
Lithuania,What is the capital of Lithuania? Answer with only the capital city.,chat_template,10,8945.8203125,27.740568161010742,0.2230127602815628
Lithuania,What is the capital of Lithuania? Answer with only the capital city.,chat_template,11,9278.70703125,4.0064263343811035,0.20290639996528625
Lithuania,What is the capital of Lithuania? Answer with only the capital city.,chat_template,12,13162.0146484375,30.83333969116211,0.15862110257148743
Lithuania,What is the capital of Lithuania? Answer with only the capital city.,chat_template,13,15538.3935546875,21.754419326782227,0.12649814784526825
Lithuania,What is the capital of Lithuania? Answer with only the capital city.,chat_template,14,19399.591796875,45.85173034667969,0.12594294548034668
Lithuania,What is the capital of Lithuania? Answer with only the capital city.,chat_template,15,18934.24609375,34.11763381958008,0.10534712672233582
Lithuania,What is the capital of Lithuania? Answer with only the capital city.,chat_template,16,23760.150390625,34.892372131347656,0.1157432273030281
Lithuania,What is the capital of Lithuania? Answer with only the capital city.,chat_template,17,315.2643127441406,9.69746208190918,0.14605742692947388
Luxembourg,What is the capital of Luxembourg?,raw_question,0,154.87718200683594,194.06143188476562,0.2541685402393341
Luxembourg,What is the capital of Luxembourg?,raw_question,1,1071.3023681640625,105.53533172607422,0.1983686238527298
Luxembourg,What is the capital of Luxembourg?,raw_question,2,1286.0810546875,16.106367111206055,0.16183996200561523
Luxembourg,What is the capital of Luxembourg?,raw_question,3,1597.583740234375,13.663143157958984,0.20298728346824646
Luxembourg,What is the capital of Luxembourg?,raw_question,4,2396.366943359375,9.938305854797363,0.18588830530643463
Luxembourg,What is the capital of Luxembourg?,raw_question,5,2754.13427734375,20.20061492919922,0.14416229724884033
Luxembourg,What is the capital of Luxembourg?,raw_question,6,3356.483642578125,8.097394943237305,0.15797185897827148
Luxembourg,What is the capital of Luxembourg?,raw_question,7,5019.06201171875,16.485422134399414,0.16592872142791748
Luxembourg,What is the capital of Luxembourg?,raw_question,8,5744.4697265625,16.393585205078125,0.16990946233272552
Luxembourg,What is the capital of Luxembourg?,raw_question,9,5287.8359375,12.224542617797852,0.13312776386737823
Luxembourg,What is the capital of Luxembourg?,raw_question,10,10518.109375,25.327089309692383,0.19902865588665009
Luxembourg,What is the capital of Luxembourg?,raw_question,11,10761.8994140625,3.5881903171539307,0.1703951358795166
Luxembourg,What is the capital of Luxembourg?,raw_question,12,13234.318359375,26.70200538635254,0.12877658009529114
Luxembourg,What is the capital of Luxembourg?,raw_question,13,16467.587890625,27.19598960876465,0.10728081315755844
Luxembourg,What is the capital of Luxembourg?,raw_question,14,17696.484375,45.78441619873047,0.1091223806142807
Luxembourg,What is the capital of Luxembourg?,raw_question,15,18604.453125,35.14109420776367,0.09868377447128296
Luxembourg,What is the capital of Luxembourg?,raw_question,16,25358.3828125,38.74647903442383,0.09056349098682404
Luxembourg,What is the capital of Luxembourg?,raw_question,17,152.2378387451172,11.392107009887695,0.1190597414970398
Luxembourg,The capital of Luxembourg is,declarative,0,132.34877014160156,160.447998046875,0.2133530080318451
Luxembourg,The capital of Luxembourg is,declarative,1,863.2357177734375,126.29853057861328,0.24261295795440674
Luxembourg,The capital of Luxembourg is,declarative,2,1210.370849609375,21.676658630371094,0.1924457848072052
Luxembourg,The capital of Luxembourg is,declarative,3,1624.827392578125,14.155242919921875,0.21990320086479187
Luxembourg,The capital of Luxembourg is,declarative,4,2399.30419921875,10.14017391204834,0.17971350252628326
Luxembourg,The capital of Luxembourg is,declarative,5,2785.43505859375,20.002466201782227,0.1462688148021698
Luxembourg,The capital of Luxembourg is,declarative,6,3649.962646484375,8.601036071777344,0.1655256748199463
Luxembourg,The capital of Luxembourg is,declarative,7,5724.7744140625,17.0849609375,0.1719897985458374
Luxembourg,The capital of Luxembourg is,declarative,8,5387.72705078125,16.626855850219727,0.1734345257282257
Luxembourg,The capital of Luxembourg is,declarative,9,5551.00390625,14.910662651062012,0.13788503408432007
Luxembourg,The capital of Luxembourg is,declarative,10,8456.767578125,29.883586883544922,0.19825175404548645
Luxembourg,The capital of Luxembourg is,declarative,11,9622.9755859375,5.024428367614746,0.19393625855445862
Luxembourg,The capital of Luxembourg is,declarative,12,12353.80078125,35.31150436401367,0.15823331475257874
Luxembourg,The capital of Luxembourg is,declarative,13,15445.810546875,25.141130447387695,0.1278042495250702
Luxembourg,The capital of Luxembourg is,declarative,14,19476.138671875,51.600189208984375,0.11938190460205078
Luxembourg,The capital of Luxembourg is,declarative,15,20931.96875,35.65979766845703,0.10080184042453766
Luxembourg,The capital of Luxembourg is,declarative,16,24974.32421875,38.17668151855469,0.10175211727619171
Luxembourg,The capital of Luxembourg is,declarative,17,241.9762725830078,10.822908401489258,0.12998773157596588
Luxembourg,"Q: What is the capital of Luxembourg?
A:",qa,0,125.62165832519531,162.0330352783203,0.28692418336868286
Luxembourg,"Q: What is the capital of Luxembourg?
A:",qa,1,815.5784301757812,147.845458984375,0.24000462889671326
Luxembourg,"Q: What is the capital of Luxembourg?
A:",qa,2,1003.3135375976562,21.317659378051758,0.17644810676574707
Luxembourg,"Q: What is the capital of Luxembourg?
A:",qa,3,1820.564453125,14.035675048828125,0.22015613317489624
Luxembourg,"Q: What is the capital of Luxembourg?
A:",qa,4,2111.93359375,11.558688163757324,0.1768772453069687
Luxembourg,"Q: What is the capital of Luxembourg?
A:",qa,5,3463.757568359375,16.766559600830078,0.15291258692741394
Luxembourg,"Q: What is the capital of Luxembourg?
A:",qa,6,3673.84130859375,6.131303310394287,0.1523464173078537
Luxembourg,"Q: What is the capital of Luxembourg?
A:",qa,7,4888.29833984375,16.016324996948242,0.15980219841003418
Luxembourg,"Q: What is the capital of Luxembourg?
A:",qa,8,5396.73291015625,15.209803581237793,0.18826642632484436
Luxembourg,"Q: What is the capital of Luxembourg?
A:",qa,9,5190.5068359375,14.512369155883789,0.13548433780670166
Luxembourg,"Q: What is the capital of Luxembourg?
A:",qa,10,8228.8876953125,30.680099487304688,0.1896066516637802
Luxembourg,"Q: What is the capital of Luxembourg?
A:",qa,11,8736.5146484375,5.146015167236328,0.19071295857429504
Luxembourg,"Q: What is the capital of Luxembourg?
A:",qa,12,12056.1064453125,34.64996337890625,0.15195652842521667
Luxembourg,"Q: What is the capital of Luxembourg?
A:",qa,13,14851.033203125,26.795682907104492,0.11460618674755096
Luxembourg,"Q: What is the capital of Luxembourg?
A:",qa,14,18591.857421875,46.55928421020508,0.11241473257541656
Luxembourg,"Q: What is the capital of Luxembourg?
A:",qa,15,19891.037109375,37.85279846191406,0.0929880365729332
Luxembourg,"Q: What is the capital of Luxembourg?
A:",qa,16,26249.666015625,34.895225524902344,0.09077362716197968
Luxembourg,"Q: What is the capital of Luxembourg?
A:",qa,17,176.50355529785156,13.568819999694824,0.1153997927904129
Luxembourg,What is the capital of Luxembourg? Answer with only the capital city.,chat_template,0,171.93936157226562,169.63836669921875,0.20184838771820068
Luxembourg,What is the capital of Luxembourg? Answer with only the capital city.,chat_template,1,783.5911865234375,128.24342346191406,0.17061644792556763
Luxembourg,What is the capital of Luxembourg? Answer with only the capital city.,chat_template,2,1043.09716796875,23.385530471801758,0.15970328450202942
Luxembourg,What is the capital of Luxembourg? Answer with only the capital city.,chat_template,3,1382.7119140625,13.62993049621582,0.19587168097496033
Luxembourg,What is the capital of Luxembourg? Answer with only the capital city.,chat_template,4,801.81591796875,12.323352813720703,0.19493336975574493
Luxembourg,What is the capital of Luxembourg? Answer with only the capital city.,chat_template,5,2388.258544921875,19.848451614379883,0.13933555781841278
Luxembourg,What is the capital of Luxembourg? Answer with only the capital city.,chat_template,6,3418.422119140625,6.7654805183410645,0.16465599834918976
Luxembourg,What is the capital of Luxembourg? Answer with only the capital city.,chat_template,7,4725.26611328125,16.12405776977539,0.17020413279533386
Luxembourg,What is the capital of Luxembourg? Answer with only the capital city.,chat_template,8,5216.4453125,18.668119430541992,0.19935457408428192
Luxembourg,What is the capital of Luxembourg? Answer with only the capital city.,chat_template,9,5474.27734375,14.535438537597656,0.15042021870613098
Luxembourg,What is the capital of Luxembourg? Answer with only the capital city.,chat_template,10,9001.9794921875,27.92408561706543,0.21977026760578156
Luxembourg,What is the capital of Luxembourg? Answer with only the capital city.,chat_template,11,9202.2314453125,4.106974124908447,0.2002837210893631
Luxembourg,What is the capital of Luxembourg? Answer with only the capital city.,chat_template,12,12832.6044921875,33.19608688354492,0.156535804271698
Luxembourg,What is the capital of Luxembourg? Answer with only the capital city.,chat_template,13,15497.4453125,22.664623260498047,0.12733572721481323
Luxembourg,What is the capital of Luxembourg? Answer with only the capital city.,chat_template,14,19486.64453125,47.24089050292969,0.12822410464286804
Luxembourg,What is the capital of Luxembourg? Answer with only the capital city.,chat_template,15,20201.720703125,31.387296676635742,0.1097850501537323
Luxembourg,What is the capital of Luxembourg? Answer with only the capital city.,chat_template,16,24813.48828125,32.9727897644043,0.12161633372306824
Luxembourg,What is the capital of Luxembourg? Answer with only the capital city.,chat_template,17,359.8507995605469,10.488224029541016,0.1568215936422348
Madagascar,What is the capital of Madagascar?,raw_question,0,154.27943420410156,193.98106384277344,0.25574353337287903
Madagascar,What is the capital of Madagascar?,raw_question,1,1067.6285400390625,107.74125671386719,0.19694390892982483
Madagascar,What is the capital of Madagascar?,raw_question,2,1316.583740234375,16.195606231689453,0.16092470288276672
Madagascar,What is the capital of Madagascar?,raw_question,3,1616.644775390625,13.764638900756836,0.19975736737251282
Madagascar,What is the capital of Madagascar?,raw_question,4,2349.787109375,9.728233337402344,0.18545813858509064
Madagascar,What is the capital of Madagascar?,raw_question,5,2741.10205078125,19.94756317138672,0.14509914815425873
Madagascar,What is the capital of Madagascar?,raw_question,6,3167.50634765625,8.207127571105957,0.15853112936019897
Madagascar,What is the capital of Madagascar?,raw_question,7,4898.98876953125,17.057798385620117,0.16660767793655396
Madagascar,What is the capital of Madagascar?,raw_question,8,5855.392578125,16.592397689819336,0.17002826929092407
Madagascar,What is the capital of Madagascar?,raw_question,9,5222.81591796875,12.077942848205566,0.1327812820672989
Madagascar,What is the capital of Madagascar?,raw_question,10,10516.865234375,24.29503059387207,0.19497385621070862
Madagascar,What is the capital of Madagascar?,raw_question,11,10901.470703125,3.4612185955047607,0.17045432329177856
Madagascar,What is the capital of Madagascar?,raw_question,12,12994.5595703125,26.28236961364746,0.13037562370300293
Madagascar,What is the capital of Madagascar?,raw_question,13,16387.544921875,26.433109283447266,0.10736756026744843
Madagascar,What is the capital of Madagascar?,raw_question,14,17423.75390625,44.839176177978516,0.10940425097942352
Madagascar,What is the capital of Madagascar?,raw_question,15,18373.06640625,33.98343276977539,0.10130982100963593
Madagascar,What is the capital of Madagascar?,raw_question,16,24894.390625,39.63627624511719,0.09030988812446594
Madagascar,What is the capital of Madagascar?,raw_question,17,165.16329956054688,10.944622993469238,0.11975431442260742
Madagascar,The capital of Madagascar is,declarative,0,131.41064453125,159.70840454101562,0.21491438150405884
Madagascar,The capital of Madagascar is,declarative,1,864.2431030273438,127.41806030273438,0.23995257914066315
Madagascar,The capital of Madagascar is,declarative,2,1211.59912109375,21.491315841674805,0.18848343193531036
Madagascar,The capital of Madagascar is,declarative,3,1637.4853515625,14.395904541015625,0.21852543950080872
Madagascar,The capital of Madagascar is,declarative,4,2430.38671875,10.018218040466309,0.17989185452461243
Madagascar,The capital of Madagascar is,declarative,5,2842.417236328125,20.165145874023438,0.14846932888031006
Madagascar,The capital of Madagascar is,declarative,6,3572.8837890625,8.565448760986328,0.16571654379367828
Madagascar,The capital of Madagascar is,declarative,7,5643.53076171875,17.64195442199707,0.1714702695608139
Madagascar,The capital of Madagascar is,declarative,8,5531.2255859375,16.51606559753418,0.17259234189987183
Madagascar,The capital of Madagascar is,declarative,9,5699.95263671875,14.690829277038574,0.13618361949920654
Madagascar,The capital of Madagascar is,declarative,10,8739.7919921875,27.83746337890625,0.19781813025474548
Madagascar,The capital of Madagascar is,declarative,11,9790.818359375,5.08424186706543,0.19690002501010895
Madagascar,The capital of Madagascar is,declarative,12,12133.166015625,33.91615676879883,0.16468745470046997
Madagascar,The capital of Madagascar is,declarative,13,15409.1123046875,24.6729679107666,0.12957310676574707
Madagascar,The capital of Madagascar is,declarative,14,19310.44140625,51.48180389404297,0.1259084790945053
Madagascar,The capital of Madagascar is,declarative,15,21002.328125,35.731407165527344,0.10871352255344391
Madagascar,The capital of Madagascar is,declarative,16,24757.177734375,37.648681640625,0.10588061064481735
Madagascar,The capital of Madagascar is,declarative,17,239.71005249023438,9.188177108764648,0.13555026054382324
Madagascar,"Q: What is the capital of Madagascar?
A:",qa,0,125.48430633544922,162.21104431152344,0.28525447845458984
Madagascar,"Q: What is the capital of Madagascar?
A:",qa,1,815.5015869140625,148.94708251953125,0.23889808356761932
Madagascar,"Q: What is the capital of Madagascar?
A:",qa,2,1003.2318725585938,21.24693489074707,0.17625194787979126
Madagascar,"Q: What is the capital of Madagascar?
A:",qa,3,1826.9249267578125,14.001731872558594,0.2189703732728958
Madagascar,"Q: What is the capital of Madagascar?
A:",qa,4,2103.655517578125,11.442514419555664,0.17637988924980164
Madagascar,"Q: What is the capital of Madagascar?
A:",qa,5,3503.510498046875,16.64112091064453,0.15302199125289917
Madagascar,"Q: What is the capital of Madagascar?
A:",qa,6,3542.652587890625,6.172853946685791,0.15238870680332184
Madagascar,"Q: What is the capital of Madagascar?
A:",qa,7,4883.8193359375,16.454303741455078,0.16161853075027466
Madagascar,"Q: What is the capital of Madagascar?
A:",qa,8,5456.8203125,15.350396156311035,0.18938592076301575
Madagascar,"Q: What is the capital of Madagascar?
A:",qa,9,5225.86376953125,14.735965728759766,0.13589179515838623
Madagascar,"Q: What is the capital of Madagascar?
A:",qa,10,8321.0302734375,30.228097915649414,0.18985524773597717
Madagascar,"Q: What is the capital of Madagascar?
A:",qa,11,8870.734375,5.127746105194092,0.19260090589523315
Madagascar,"Q: What is the capital of Madagascar?
A:",qa,12,11912.951171875,33.333438873291016,0.15715499222278595
Madagascar,"Q: What is the capital of Madagascar?
A:",qa,13,14725.9912109375,25.879413604736328,0.11887973546981812
Madagascar,"Q: What is the capital of Madagascar?
A:",qa,14,18625.939453125,46.86231231689453,0.11810383200645447
Madagascar,"Q: What is the capital of Madagascar?
A:",qa,15,20099.740234375,36.081871032714844,0.10140074789524078
Madagascar,"Q: What is the capital of Madagascar?
A:",qa,16,25682.083984375,35.74991989135742,0.09159192442893982
Madagascar,"Q: What is the capital of Madagascar?
A:",qa,17,176.2682647705078,11.904994010925293,0.11918696016073227
Madagascar,What is the capital of Madagascar? Answer with only the capital city.,chat_template,0,171.91299438476562,169.36415100097656,0.20209240913391113
Madagascar,What is the capital of Madagascar? Answer with only the capital city.,chat_template,1,783.69482421875,128.89431762695312,0.17043784260749817
Madagascar,What is the capital of Madagascar? Answer with only the capital city.,chat_template,2,1043.126708984375,23.435440063476562,0.15973959863185883
Madagascar,What is the capital of Madagascar? Answer with only the capital city.,chat_template,3,1377.350341796875,13.600906372070312,0.19513554871082306
Madagascar,What is the capital of Madagascar? Answer with only the capital city.,chat_template,4,794.267333984375,12.23188304901123,0.1949847936630249
Madagascar,What is the capital of Madagascar? Answer with only the capital city.,chat_template,5,2370.01904296875,19.811229705810547,0.13936594128608704
Madagascar,What is the capital of Madagascar? Answer with only the capital city.,chat_template,6,3416.232177734375,6.78132438659668,0.16467395424842834
Madagascar,What is the capital of Madagascar? Answer with only the capital city.,chat_template,7,4666.236328125,15.824165344238281,0.1713414490222931
Madagascar,What is the capital of Madagascar? Answer with only the capital city.,chat_template,8,5188.0087890625,19.028064727783203,0.2018296718597412
Madagascar,What is the capital of Madagascar? Answer with only the capital city.,chat_template,9,5384.97509765625,14.089030265808105,0.15133997797966003
Madagascar,What is the capital of Madagascar? Answer with only the capital city.,chat_template,10,8817.595703125,26.865293502807617,0.22224777936935425
Madagascar,What is the capital of Madagascar? Answer with only the capital city.,chat_template,11,8982.3212890625,3.7963550090789795,0.20588970184326172
Madagascar,What is the capital of Madagascar? Answer with only the capital city.,chat_template,12,12081.51171875,27.732921600341797,0.16453270614147186
Madagascar,What is the capital of Madagascar? Answer with only the capital city.,chat_template,13,14931.5625,22.381988525390625,0.12990133464336395
Madagascar,What is the capital of Madagascar? Answer with only the capital city.,chat_template,14,19022.529296875,46.48867416381836,0.12967994809150696
Madagascar,What is the capital of Madagascar? Answer with only the capital city.,chat_template,15,20723.001953125,33.646976470947266,0.11500484496355057
Madagascar,What is the capital of Madagascar? Answer with only the capital city.,chat_template,16,25395.544921875,32.93875503540039,0.11579448729753494
Madagascar,What is the capital of Madagascar? Answer with only the capital city.,chat_template,17,270.3283996582031,9.57790470123291,0.14439460635185242
Malawi,What is the capital of Malawi?,raw_question,0,153.42173767089844,194.76943969726562,0.2543986439704895
Malawi,What is the capital of Malawi?,raw_question,1,1067.6658935546875,106.58557891845703,0.19822177290916443
Malawi,What is the capital of Malawi?,raw_question,2,1286.036865234375,16.00425148010254,0.16030949354171753
Malawi,What is the capital of Malawi?,raw_question,3,1603.1080322265625,13.944987297058105,0.2014530599117279
Malawi,What is the capital of Malawi?,raw_question,4,2277.234130859375,9.864543914794922,0.1840929090976715
Malawi,What is the capital of Malawi?,raw_question,5,2769.951904296875,19.782455444335938,0.1456654816865921
Malawi,What is the capital of Malawi?,raw_question,6,3179.887451171875,8.311225891113281,0.15757369995117188
Malawi,What is the capital of Malawi?,raw_question,7,5077.705078125,16.89209747314453,0.16769994795322418
Malawi,What is the capital of Malawi?,raw_question,8,5951.65869140625,16.189014434814453,0.17008420825004578
Malawi,What is the capital of Malawi?,raw_question,9,5283.9306640625,12.142328262329102,0.1309516727924347
Malawi,What is the capital of Malawi?,raw_question,10,10518.498046875,25.41022491455078,0.1972399204969406
Malawi,What is the capital of Malawi?,raw_question,11,10865.87109375,3.400951862335205,0.1716746836900711
Malawi,What is the capital of Malawi?,raw_question,12,12882.62109375,27.02405548095703,0.13127082586288452
Malawi,What is the capital of Malawi?,raw_question,13,16395.16015625,24.77766990661621,0.10788068175315857
Malawi,What is the capital of Malawi?,raw_question,14,17362.03515625,44.591102600097656,0.10900283604860306
Malawi,What is the capital of Malawi?,raw_question,15,18452.4375,33.12479019165039,0.10377169400453568
Malawi,What is the capital of Malawi?,raw_question,16,24849.318359375,40.35990905761719,0.09162721037864685
Malawi,What is the capital of Malawi?,raw_question,17,160.9747772216797,11.270096778869629,0.12186823785305023
Malawi,The capital of Malawi is,declarative,0,131.79791259765625,159.66616821289062,0.2143571674823761
Malawi,The capital of Malawi is,declarative,1,859.4749755859375,126.89813232421875,0.24197503924369812
Malawi,The capital of Malawi is,declarative,2,1195.8306884765625,21.177824020385742,0.18804356455802917
Malawi,The capital of Malawi is,declarative,3,1647.3282470703125,14.58401107788086,0.22036635875701904
Malawi,The capital of Malawi is,declarative,4,2415.739501953125,10.032562255859375,0.17795586585998535
Malawi,The capital of Malawi is,declarative,5,2833.275634765625,19.715147018432617,0.14724896848201752
Malawi,The capital of Malawi is,declarative,6,3541.352783203125,8.509871482849121,0.16546177864074707
Malawi,The capital of Malawi is,declarative,7,5706.3427734375,17.5859432220459,0.17332792282104492
Malawi,The capital of Malawi is,declarative,8,5475.02783203125,16.135948181152344,0.17328526079654694
Malawi,The capital of Malawi is,declarative,9,5643.2099609375,15.007980346679688,0.13725939393043518
Malawi,The capital of Malawi is,declarative,10,8753.677734375,29.260404586791992,0.19922985136508942
Malawi,The capital of Malawi is,declarative,11,9783.46484375,4.716915607452393,0.1994197964668274
Malawi,The capital of Malawi is,declarative,12,12134.2255859375,38.75849533081055,0.1612236499786377
Malawi,The capital of Malawi is,declarative,13,15364.9482421875,24.089475631713867,0.13146480917930603
Malawi,The capital of Malawi is,declarative,14,18604.26953125,52.07353210449219,0.12786822021007538
Malawi,The capital of Malawi is,declarative,15,20207.484375,35.88136672973633,0.11159788072109222
Malawi,The capital of Malawi is,declarative,16,23470.236328125,36.99179458618164,0.10796248912811279
Malawi,The capital of Malawi is,declarative,17,254.63217163085938,10.144485473632812,0.13736221194267273
Malawi,"Q: What is the capital of Malawi?
A:",qa,0,124.82734680175781,163.9678192138672,0.282509982585907
Malawi,"Q: What is the capital of Malawi?
A:",qa,1,808.5079956054688,146.32615661621094,0.23835861682891846
Malawi,"Q: What is the capital of Malawi?
A:",qa,2,992.1380615234375,21.214765548706055,0.17478808760643005
Malawi,"Q: What is the capital of Malawi?
A:",qa,3,1781.9954833984375,14.048298835754395,0.22045785188674927
Malawi,"Q: What is the capital of Malawi?
A:",qa,4,2118.68017578125,11.519755363464355,0.1771899163722992
Malawi,"Q: What is the capital of Malawi?
A:",qa,5,3506.919921875,16.66849136352539,0.15313026309013367
Malawi,"Q: What is the capital of Malawi?
A:",qa,6,3699.45458984375,6.267385005950928,0.15348148345947266
Malawi,"Q: What is the capital of Malawi?
A:",qa,7,4998.15185546875,16.06474494934082,0.16121864318847656
Malawi,"Q: What is the capital of Malawi?
A:",qa,8,5510.935546875,14.981432914733887,0.1896217316389084
Malawi,"Q: What is the capital of Malawi?
A:",qa,9,5278.50146484375,14.854607582092285,0.1358800232410431
Malawi,"Q: What is the capital of Malawi?
A:",qa,10,8386.6611328125,30.74568748474121,0.19025947153568268
Malawi,"Q: What is the capital of Malawi?
A:",qa,11,8845.197265625,5.04829216003418,0.19285449385643005
Malawi,"Q: What is the capital of Malawi?
A:",qa,12,11891.7138671875,37.847267150878906,0.15582275390625
Malawi,"Q: What is the capital of Malawi?
A:",qa,13,14620.9580078125,24.415037155151367,0.12046463042497635
Malawi,"Q: What is the capital of Malawi?
A:",qa,14,18249.541015625,47.05551528930664,0.11930933594703674
Malawi,"Q: What is the capital of Malawi?
A:",qa,15,19928.94140625,35.57257843017578,0.10274355858564377
Malawi,"Q: What is the capital of Malawi?
A:",qa,16,24955.947265625,36.42361068725586,0.09309910237789154
Malawi,"Q: What is the capital of Malawi?
A:",qa,17,186.00575256347656,13.857306480407715,0.11828210949897766
Malawi,What is the capital of Malawi? Answer with only the capital city.,chat_template,0,171.65000915527344,169.88363647460938,0.20133307576179504
Malawi,What is the capital of Malawi? Answer with only the capital city.,chat_template,1,783.74853515625,127.90556335449219,0.17088134586811066
Malawi,What is the capital of Malawi? Answer with only the capital city.,chat_template,2,1035.969482421875,23.516658782958984,0.16060946881771088
Malawi,What is the capital of Malawi? Answer with only the capital city.,chat_template,3,1370.23974609375,13.640162467956543,0.19651827216148376
Malawi,What is the capital of Malawi? Answer with only the capital city.,chat_template,4,783.42138671875,12.29426383972168,0.19710972905158997
Malawi,What is the capital of Malawi? Answer with only the capital city.,chat_template,5,2378.6162109375,19.723447799682617,0.13994503021240234
Malawi,What is the capital of Malawi? Answer with only the capital city.,chat_template,6,3439.255615234375,6.837862968444824,0.1643400639295578
Malawi,What is the capital of Malawi? Answer with only the capital city.,chat_template,7,4706.44189453125,15.772687911987305,0.16980551183223724
Malawi,What is the capital of Malawi? Answer with only the capital city.,chat_template,8,5223.3349609375,18.557571411132812,0.20117026567459106
Malawi,What is the capital of Malawi? Answer with only the capital city.,chat_template,9,5445.51025390625,14.020362854003906,0.1502702832221985
Malawi,What is the capital of Malawi? Answer with only the capital city.,chat_template,10,8944.1220703125,27.6988468170166,0.2219046652317047
Malawi,What is the capital of Malawi? Answer with only the capital city.,chat_template,11,9012.037109375,3.900484085083008,0.20828163623809814
Malawi,What is the capital of Malawi? Answer with only the capital city.,chat_template,12,12166.0537109375,33.40190124511719,0.1599230170249939
Malawi,What is the capital of Malawi? Answer with only the capital city.,chat_template,13,15122.703125,22.07565689086914,0.12831494212150574
Malawi,What is the capital of Malawi? Answer with only the capital city.,chat_template,14,18183.40234375,45.75364685058594,0.12855686247348785
Malawi,What is the capital of Malawi? Answer with only the capital city.,chat_template,15,19583.798828125,33.397708892822266,0.11564598977565765
Malawi,What is the capital of Malawi? Answer with only the capital city.,chat_template,16,23907.40625,32.481109619140625,0.11572877317667007
Malawi,What is the capital of Malawi? Answer with only the capital city.,chat_template,17,289.42919921875,11.219452857971191,0.14391782879829407
