fact_id,relation,position,layer,within_fact_similarity,same_relation_similarity,invariance_gap
capital:0,capital,subject,0,0.9997640252113342,0.8638572652231563,0.13590675998817792
capital:0,capital,subject,1,0.9999353388945261,0.994955335828391,0.004980003066135108
capital:0,capital,subject,2,0.9998693068822225,0.9882632819089022,0.011606024973320306
capital:0,capital,subject,3,0.9998555680116018,0.9283111305399374,0.07154443747166439
capital:0,capital,subject,4,0.9990347822507223,0.930633544921875,0.06840123732884729
capital:0,capital,subject,5,0.9998346269130707,0.9757906184955076,0.024044008417563045
capital:0,capital,subject,6,0.9994040926297506,0.9762873429466378,0.023116749683112836
capital:0,capital,subject,7,0.9989542464415232,0.9846144254234704,0.014339821018052756
capital:0,capital,subject,8,0.9988002479076385,0.9886193654753945,0.01018088243224402
capital:0,capital,subject,9,0.9986205101013184,0.9905170015990734,0.00810350850224495
capital:0,capital,subject,10,0.9980277319749197,0.991928272287954,0.00609945968696568
capital:0,capital,subject,11,0.9875760277112325,0.9645266194235195,0.02304940828771307
capital:0,capital,subject,12,0.9868513643741608,0.9126404137773947,0.07421095059676608
capital:0,capital,subject,13,0.9905200600624084,0.9497420814904299,0.04077797857197851
capital:0,capital,subject,14,0.9830166002114614,0.9442647837779738,0.038751816433487574
capital:0,capital,subject,15,0.9815760652224222,0.9193639765408906,0.06221208868153161
capital:0,capital,subject,16,0.985017200311025,0.9442941458387808,0.040723054472244224
capital:0,capital,subject,17,0.8901054163773855,0.672268820418553,0.21783659595883254
capital:0,capital,preanswer,0,0.8696162899335226,0.9028126831081781,-0.0331963931746555
capital:0,capital,preanswer,1,0.9852317869663239,0.988920963623307,-0.0036891766569830953
capital:0,capital,preanswer,2,0.9776497383912405,0.9833509166809645,-0.0057011782897240515
capital:0,capital,preanswer,3,0.9366467893123627,0.9526158208874139,-0.01596903157505125
capital:0,capital,preanswer,4,0.9404561718304952,0.9555790170349858,-0.015122845204490587
capital:0,capital,preanswer,5,0.9602135022481283,0.9695523936640132,-0.009338891415884953
capital:0,capital,preanswer,6,0.9709821542104086,0.9781363318589601,-0.00715417764855153
capital:0,capital,preanswer,7,0.9828366537888845,0.9871514676646753,-0.004314813875790802
capital:0,capital,preanswer,8,0.9801283677419027,0.985060265795751,-0.004931898053848305
capital:0,capital,preanswer,9,0.973229984442393,0.979897371747277,-0.0066673873048840315
capital:0,capital,preanswer,10,0.9825029671192169,0.9864034642550078,-0.0039004971357908813
capital:0,capital,preanswer,11,0.9483826160430908,0.959822014990178,-0.011439398947087231
capital:0,capital,preanswer,12,0.9491235017776489,0.8041504912755706,0.14497301050207834
capital:0,capital,preanswer,13,0.9604589641094208,0.9149276841093194,0.045531280000101426
capital:0,capital,preanswer,14,0.9659631450970968,0.9344834631139581,0.03147968198313866
capital:0,capital,preanswer,15,0.9567508002122244,0.8958538167855956,0.06089698342662875
capital:0,capital,preanswer,16,0.9666694104671478,0.9330981593917717,0.033571251075376174
capital:0,capital,preanswer,17,0.778786967198054,0.6794757433235645,0.09931122387448943
capital:1,capital,subject,0,0.9993413289388021,0.8874259621582248,0.11191536678057734
capital:1,capital,subject,1,0.9999164740244547,0.9954564503648065,0.00446002365964826
capital:1,capital,subject,2,0.9998698035875956,0.9871579554270614,0.012711848160534167
capital:1,capital,subject,3,0.9999167124430338,0.9276454011824998,0.07227131126053399
capital:1,capital,subject,4,0.9992877940336863,0.9245455193925988,0.07474227464108751
capital:1,capital,subject,5,0.999828020731608,0.9750990877774629,0.024728932954145133
capital:1,capital,subject,6,0.9995873967806498,0.9761501794511621,0.02343721732948767
capital:1,capital,subject,7,0.9987106223901113,0.9845882488245313,0.014122373565579993
capital:1,capital,subject,8,0.9986005127429962,0.9881441637196324,0.010456349023363787
capital:1,capital,subject,9,0.9985738098621368,0.9900422279130329,0.008531581949103972
capital:1,capital,subject,10,0.9980782568454742,0.9915291870182211,0.006549069827253118
capital:1,capital,subject,11,0.988745798667272,0.9644900780509819,0.02425572061629011
capital:1,capital,subject,12,0.9891078472137451,0.917333013293418,0.07177483392032713
capital:1,capital,subject,13,0.991890678803126,0.9522506276314909,0.03964005117163505
capital:1,capital,subject,14,0.9855262736479441,0.9472896175628359,0.03823665608510818
capital:1,capital,subject,15,0.983485589424769,0.9264774562960322,0.05700813312873687
capital:1,capital,subject,16,0.9861953457196554,0.9490628127347339,0.037132532984921474
capital:1,capital,subject,17,0.8964559733867645,0.6939683489670808,0.2024876244196837
capital:1,capital,preanswer,0,0.8728721737861633,0.9039416228505698,-0.03106944906440645
capital:1,capital,preanswer,1,0.9858300089836121,0.9891071424565532,-0.0032771334729411183
capital:1,capital,preanswer,2,0.9787092407544454,0.9836796600032937,-0.0049704192488482235
capital:1,capital,preanswer,3,0.9385712345441183,0.9532807289876721,-0.01470949444355385
capital:1,capital,preanswer,4,0.9465845028559366,0.9576177641072057,-0.011033261251269022
capital:1,capital,preanswer,5,0.9597636759281158,0.9693868874826215,-0.009623211554505628
capital:1,capital,preanswer,6,0.9713249504566193,0.9783284738659859,-0.007003523409366608
capital:1,capital,preanswer,7,0.982962836821874,0.9872019368816506,-0.004239100059776568
capital:1,capital,preanswer,8,0.9809326926867167,0.985354963012717,-0.004422270326000288
capital:1,capital,preanswer,9,0.9741904536883036,0.9802093187516386,-0.006018865063335044
capital:1,capital,preanswer,10,0.982161819934845,0.9863033006814393,-0.004141480746594373
capital:1,capital,preanswer,11,0.9474257429440817,0.9593517763370817,-0.011926033393000024
capital:1,capital,preanswer,12,0.9451379279295603,0.8028539358214899,0.1422839921080704
capital:1,capital,preanswer,13,0.9579660395781199,0.9162594896148551,0.04170654996326473
capital:1,capital,preanswer,14,0.9646284580230713,0.936651103537191,0.027977354485880235
capital:1,capital,preanswer,15,0.9555885394414266,0.9031670313667167,0.05242150807470991
capital:1,capital,preanswer,16,0.9667105873425802,0.9388271549885924,0.027883432353987825
capital:1,capital,preanswer,17,0.7843885322411855,0.6943525909022852,0.09003594133890036
capital:2,capital,subject,0,0.998966912428538,0.8794764834032818,0.1194904290252562
capital:2,capital,subject,1,0.9998652835687002,0.9942517334764654,0.0056135500922347426
capital:2,capital,subject,2,0.9997970461845398,0.9869594929570501,0.012837553227489695
capital:2,capital,subject,3,0.9999131063620249,0.93144095282663,0.06847215353539493
capital:2,capital,subject,4,0.9994007547696432,0.9303104308518496,0.06909032391779357
capital:2,capital,subject,5,0.9997768302758535,0.9759124954315749,0.023864334844278634
capital:2,capital,subject,6,0.9993471503257751,0.9763630178164352,0.02298413250933995
capital:2,capital,subject,7,0.9989956219991049,0.9849852421744303,0.014010379824674568
capital:2,capital,subject,8,0.9985020260016123,0.9885076372460886,0.00999438875552372
capital:2,capital,subject,9,0.9984237353006998,0.9904900240627202,0.00793371123797959
capital:2,capital,subject,10,0.9978358646233877,0.9917665919796987,0.00606927264368895
capital:2,capital,subject,11,0.9861903687318166,0.965913416648453,0.020276952083363664
capital:2,capital,subject,12,0.9864027003447214,0.9182513271543112,0.0681513731904102
capital:2,capital,subject,13,0.9901652932167053,0.9531743560325016,0.036990937184203765
capital:2,capital,subject,14,0.983652134736379,0.9482038044794039,0.035448330256975136
capital:2,capital,subject,15,0.9814010858535767,0.9252887452867898,0.05611234056678682
capital:2,capital,subject,16,0.9838685790697733,0.9464084390889514,0.03746013998082187
capital:2,capital,subject,17,0.8769950767358144,0.6766928369179368,0.20030223981787765
capital:2,capital,preanswer,0,0.8689456681410471,0.9025852805511518,-0.03363961241010471
capital:2,capital,preanswer,1,0.9854908883571625,0.9890088032592427,-0.003517914902080199
capital:2,capital,preanswer,2,0.977492113908132,0.9832999624989249,-0.0058078485907929744
capital:2,capital,preanswer,3,0.9366920391718546,0.9526490460742604,-0.015957006902405757
capital:2,capital,preanswer,4,0.9385072290897369,0.9548932161520828,-0.01638598706234584
capital:2,capital,preanswer,5,0.9591837724049886,0.9692227664318952,-0.010038994026906556
capital:2,capital,preanswer,6,0.9702581067879995,0.9779662760821256,-0.007708169294126099
capital:2,capital,preanswer,7,0.9829165736834208,0.9871950772675601,-0.0042785035841392816
capital:2,capital,preanswer,8,0.9800251026948293,0.9850392128256235,-0.005014110130794114
capital:2,capital,preanswer,9,0.973434567451477,0.9799929806454615,-0.006558413193984425
capital:2,capital,preanswer,10,0.982111910978953,0.9863292280245911,-0.004217317045638103
capital:2,capital,preanswer,11,0.9472038348515829,0.9595815295522864,-0.01237769470070349
capital:2,capital,preanswer,12,0.9399226506551107,0.7998310882936824,0.14009156236142828
capital:2,capital,preanswer,13,0.9531228045622507,0.9122528416866605,0.04086996287559019
capital:2,capital,preanswer,14,0.9614733556906382,0.9332279860973358,0.028245369593302372
capital:2,capital,preanswer,15,0.9506794611612955,0.8935960341583599,0.05708342700293567
capital:2,capital,preanswer,16,0.961361825466156,0.9312698245048523,0.03009200096130371
capital:2,capital,preanswer,17,0.7454741994539896,0.668624631721865,0.07684956773212459
capital:3,capital,subject,0,0.9970143934090933,0.8130416392602704,0.18397275414882286
capital:3,capital,subject,1,0.999830941359202,0.993401691656221,0.006429249702980977
capital:3,capital,subject,2,0.9995800455411276,0.9842800995842977,0.015299945956829819
capital:3,capital,subject,3,0.9997639159361521,0.9208124699917707,0.07895144594438142
capital:3,capital,subject,4,0.999337355295817,0.9230669824914499,0.0762703728043671
capital:3,capital,subject,5,0.9996360937754313,0.9733314459974115,0.026304647778019774
capital:3,capital,subject,6,0.999440481265386,0.973340567201376,0.02609991406401002
capital:3,capital,subject,7,0.9990593393643697,0.9836577928879044,0.0154015464764653
capital:3,capital,subject,8,0.9988273282845815,0.9866802489215677,0.012147079363013846
capital:3,capital,subject,9,0.9987651705741882,0.9895255298099734,0.009239640764214796
capital:3,capital,subject,10,0.9984151323636373,0.9908841367472302,0.007530995616407132
capital:3,capital,subject,11,0.9881322979927063,0.9556302082809535,0.032502089711752835
capital:3,capital,subject,12,0.988535741964976,0.9027574130079963,0.08577832895697968
capital:3,capital,subject,13,0.9909776449203491,0.9433534230020914,0.04762422191825777
capital:3,capital,subject,14,0.9851968089739481,0.9378804168240591,0.04731639214988903
capital:3,capital,subject,15,0.9836642543474833,0.903627897189422,0.08003635715806123
capital:3,capital,subject,16,0.9859321614106497,0.9330400096421892,0.052892151768460405
capital:3,capital,subject,17,0.9057371218999227,0.6282094292004,0.2775276926995227
capital:3,capital,preanswer,0,0.8757802645365397,0.9048826139081608,-0.02910234937162115
capital:3,capital,preanswer,1,0.9851048489411672,0.9888644787398252,-0.0037596297986579597
capital:3,capital,preanswer,2,0.9781337678432465,0.9835068786686118,-0.00537311082536529
capital:3,capital,preanswer,3,0.9375487963358561,0.9529197849333286,-0.015370988597472546
capital:3,capital,preanswer,4,0.9414807856082916,0.9558683701536872,-0.01438758454539557
capital:3,capital,preanswer,5,0.9609209398428599,0.9697454917159948,-0.008824551873134912
capital:3,capital,preanswer,6,0.9729324479897817,0.9786141938106581,-0.005681745820876327
capital:3,capital,preanswer,7,0.9832585453987122,0.9872796931727366,-0.004021147774024403
capital:3,capital,preanswer,8,0.9803539017836252,0.9851215366612781,-0.00476763487765286
capital:3,capital,preanswer,9,0.9737276037534078,0.9799575213004242,-0.006229917547016406
capital:3,capital,preanswer,10,0.9823554952939352,0.986103964122859,-0.0037484688289237678
capital:3,capital,preanswer,11,0.9467206299304962,0.9578044824302197,-0.011083852499723434
capital:3,capital,preanswer,12,0.9458458026250204,0.804867880588228,0.14097792203679238
capital:3,capital,preanswer,13,0.9595578412214915,0.9167735644362189,0.042784276785272524
capital:3,capital,preanswer,14,0.9644071757793427,0.9362486770207231,0.028158498758619532
capital:3,capital,preanswer,15,0.9539954463640848,0.8976264802569692,0.056368966107115615
capital:3,capital,preanswer,16,0.9641474386056265,0.9348492693494667,0.0292981692561598
capital:3,capital,preanswer,17,0.7744710246721903,0.6830109371380373,0.09146008753415302
capital:4,capital,subject,0,0.9989317953586578,0.8787033459679647,0.1202284493906931
capital:4,capital,subject,1,0.999904861052831,0.9950142573903907,0.004890603662440318
capital:4,capital,subject,2,0.99982217947642,0.9880499890582128,0.011772190418207207
capital:4,capital,subject,3,0.9999160567919413,0.9231347424740141,0.07678131431792723
capital:4,capital,subject,4,0.9992965360482534,0.9223832024092024,0.07691333363905106
capital:4,capital,subject,5,0.9998244345188141,0.9734652049162171,0.026359229602596956
capital:4,capital,subject,6,0.9994426667690277,0.9742679335176945,0.025174733251333237
capital:4,capital,subject,7,0.998516857624054,0.9842891743914648,0.014227683232589161
capital:4,capital,subject,8,0.9984587728977203,0.9878306564959612,0.010628116401759091
capital:4,capital,subject,9,0.9983840684096018,0.9898557358167388,0.008528332592863008
capital:4,capital,subject,10,0.9980530738830566,0.9914951825683768,0.006557891314679876
capital:4,capital,subject,11,0.9882345696290334,0.9624100635674867,0.025824506061546737
capital:4,capital,subject,12,0.9886788427829742,0.9111250842159445,0.07755375856702973
capital:4,capital,subject,13,0.9910167654355367,0.9500062543560158,0.04101051107952092
capital:4,capital,subject,14,0.9841594398021698,0.9448238492689349,0.03933559053323488
capital:4,capital,subject,15,0.9823020994663239,0.9189503121782433,0.06335178728808055
capital:4,capital,subject,16,0.9852001170317332,0.9442003152587197,0.04099980177301343
capital:4,capital,subject,17,0.8909807999928793,0.6774912331761285,0.2134895668167508
capital:4,capital,preanswer,0,0.8702106277147929,0.9030247747220776,-0.0328141470072848
capital:4,capital,preanswer,1,0.9853804111480713,0.9889777627858248,-0.003597351637753543
capital:4,capital,preanswer,2,0.9778725802898407,0.9834309084848925,-0.005558328195051754
capital:4,capital,preanswer,3,0.9371474087238312,0.9528070349584926,-0.01565962623466144
capital:4,capital,preanswer,4,0.937443604071935,0.9544544785537503,-0.017010874481815264
capital:4,capital,preanswer,5,0.9589337209860483,0.9691251743246209,-0.01019145333857252
capital:4,capital,preanswer,6,0.9701587657133738,0.9778854545544494,-0.007726688841075635
capital:4,capital,preanswer,7,0.9829868872960409,0.9872040230442177,-0.004217135748176837
capital:4,capital,preanswer,8,0.9796063105265299,0.9848855771124363,-0.005279266585906384
capital:4,capital,preanswer,9,0.9736857116222382,0.9800620217892256,-0.0063763101669874755
capital:4,capital,preanswer,10,0.9822659293810526,0.9863878607072614,-0.00412193132620875
capital:4,capital,preanswer,11,0.9471125304698944,0.9593784155493433,-0.012265885079448924
capital:4,capital,preanswer,12,0.947637289762497,0.7912524298510768,0.15638485991142015
capital:4,capital,preanswer,13,0.9589069286982218,0.914568311788819,0.04433861690940277
capital:4,capital,preanswer,14,0.9648598432540894,0.9345803003419529,0.030279542912136415
capital:4,capital,preanswer,15,0.9530756970246633,0.8961398750543594,0.05693582197030389
capital:4,capital,preanswer,16,0.9637095133463541,0.9345558394085277,0.02915367393782642
capital:4,capital,preanswer,17,0.7829069495201111,0.6914908481253819,0.09141610139472922
capital:5,capital,subject,0,0.999401330947876,0.48444622484120453,0.5149551061066715
capital:5,capital,subject,1,0.9999604721864065,0.9792358838021755,0.02072458838423097
capital:5,capital,subject,2,0.9996662636597952,0.9156670417975296,0.0839992218622656
capital:5,capital,subject,3,0.9998779793580373,0.8767502267252315,0.12312775263280584
capital:5,capital,subject,4,0.99982417623202,0.9114632901142944,0.08836088611772563
capital:5,capital,subject,5,0.9998463094234467,0.9594622901217504,0.04038401930169622
capital:5,capital,subject,6,0.9998323222001394,0.954715508967638,0.045116813232501385
capital:5,capital,subject,7,0.9998074571291605,0.9513345696032047,0.0484728875259558
capital:5,capital,subject,8,0.9997620383898417,0.9708412005142733,0.028920837875568428
capital:5,capital,subject,9,0.999768853187561,0.9736652292988517,0.02610362388870935
capital:5,capital,subject,10,0.9997264544169108,0.9773927175185897,0.022333736898321077
capital:5,capital,subject,11,0.9996293584505717,0.9218913387845863,0.07773801966598537
capital:5,capital,subject,12,0.9993384778499603,0.8296620981259779,0.16967637972398242
capital:5,capital,subject,13,0.9991346995035807,0.8564497466114435,0.14268495289213723
capital:5,capital,subject,14,0.9988213976224264,0.8405508436262608,0.15827055399616563
capital:5,capital,subject,15,0.9983211855093638,0.7830387106673284,0.21528247484203533
capital:5,capital,subject,16,0.9982464909553528,0.8485849106853659,0.14966158026998688
capital:5,capital,subject,17,0.989147553841273,0.15449758906933395,0.834649964771939
capital:5,capital,preanswer,0,0.8706924517949423,0.9029824107208035,-0.032289958925861284
capital:5,capital,preanswer,1,0.9845541020234426,0.9886636049910025,-0.004109502967559853
capital:5,capital,preanswer,2,0.9778339167435964,0.9833212142640894,-0.005487297520492929
capital:5,capital,preanswer,3,0.9379644989967346,0.9530416005714373,-0.015077101574702656
capital:5,capital,preanswer,4,0.9371118148167928,0.9540677239949052,-0.016955909178112405
capital:5,capital,preanswer,5,0.9545563757419586,0.9672393561764197,-0.012682980434461033
capital:5,capital,preanswer,6,0.971977174282074,0.9784291403537447,-0.006451966071670756
capital:5,capital,preanswer,7,0.9840703308582306,0.9874929331920363,-0.0034226023338057576
capital:5,capital,preanswer,8,0.9806021551291147,0.9850647026164965,-0.0044625474873817295
capital:5,capital,preanswer,9,0.9752962787946066,0.9802820746871558,-0.004985795892549216
capital:5,capital,preanswer,10,0.9829648931821188,0.9861680526625026,-0.003203159480383855
capital:5,capital,preanswer,11,0.9473757942517599,0.9579595161432569,-0.010583721891497033
capital:5,capital,preanswer,12,0.9407203495502472,0.8166534135287459,0.12406693602150132
capital:5,capital,preanswer,13,0.9599506358305613,0.9238268885422837,0.03612374728827761
capital:5,capital,preanswer,14,0.9608517090479533,0.9393573982471769,0.02149431080077635
capital:5,capital,preanswer,15,0.9483378330866495,0.9007996622134339,0.04753817087321566
capital:5,capital,preanswer,16,0.9636398752530416,0.9380607787858356,0.02557909646720602
capital:5,capital,preanswer,17,0.7532956600189209,0.6789298699322072,0.07436579008671373
capital:6,capital,subject,0,0.9975290099779764,0.8761131282557141,0.12141588172226236
capital:6,capital,subject,1,0.9998841981093088,0.9952199780805544,0.00466422002875444
capital:6,capital,subject,2,0.9998069206873575,0.9878666136752475,0.011940307012110019
capital:6,capital,subject,3,0.9998662273089091,0.9200868440622633,0.0797793832466458
capital:6,capital,subject,4,0.9991749425729116,0.9232060546902093,0.07596888788270229
capital:6,capital,subject,5,0.9997366666793823,0.9719516692513769,0.027784997428005442
capital:6,capital,subject,6,0.9993926684061686,0.9720443317835982,0.027348336622570413
capital:6,capital,subject,7,0.99839519460996,0.9839385734363035,0.014456621173656425
capital:6,capital,subject,8,0.9981541633605957,0.9876698076047681,0.010484355755827623
capital:6,capital,subject,9,0.9981166621049246,0.9896946502002802,0.008422011904644311
capital:6,capital,subject,10,0.9978356659412384,0.991591216488318,0.006244449452920353
capital:6,capital,subject,11,0.9880990485350291,0.9649489938535474,0.02315005468148168
capital:6,capital,subject,12,0.9852050344149271,0.9078256050971422,0.07737942931778496
capital:6,capital,subject,13,0.9888849258422852,0.9489898979663849,0.03989502787590027
capital:6,capital,subject,14,0.9814152320226034,0.9438990710133855,0.03751616100921784
capital:6,capital,subject,15,0.9791007538636526,0.9188208878040314,0.06027986605962121
capital:6,capital,subject,16,0.9826728701591492,0.9441223713484678,0.0385504988106814
capital:6,capital,subject,17,0.8919626176357269,0.6717203402553092,0.22024227738041768
capital:6,capital,preanswer,0,0.8733032544453939,0.9040892659263178,-0.03078601148092386
capital:6,capital,preanswer,1,0.9855634272098541,0.9890309924429114,-0.003467565233057246
capital:6,capital,preanswer,2,0.977787564198176,0.9834038906476714,-0.00561632644949539
capital:6,capital,preanswer,3,0.9367768665154775,0.9526778496801853,-0.015900983164707783
capital:6,capital,preanswer,4,0.9410066505273184,0.9557620876214721,-0.014755437094153723
capital:6,capital,preanswer,5,0.9589466253916422,0.9691621559587392,-0.010215530567097009
capital:6,capital,preanswer,6,0.9703584412733713,0.9780128750611435,-0.007654433787772197
capital:6,capital,preanswer,7,0.9833090603351593,0.9872923581437631,-0.003983297808603847
capital:6,capital,preanswer,8,0.9799584249655405,0.9850172634151849,-0.005058838449644387
capital:6,capital,preanswer,9,0.9733687043190002,0.9799346385354345,-0.006565934216434255
capital:6,capital,preanswer,10,0.9823688467343649,0.9864029650661078,-0.004034118331742942
capital:6,capital,preanswer,11,0.9495992362499237,0.9602843543345277,-0.01068511808460404
capital:6,capital,preanswer,12,0.946682870388031,0.7942662804641507,0.1524165899238803
capital:6,capital,preanswer,13,0.9601496358712515,0.9187952611934055,0.04135437467784597
capital:6,capital,preanswer,14,0.9661665062109629,0.9375895210965113,0.028576985114451614
capital:6,capital,preanswer,15,0.9558592140674591,0.8993219269270246,0.05653728714043449
capital:6,capital,preanswer,16,0.9664581418037415,0.9365742115134542,0.02988393029028724
capital:6,capital,preanswer,17,0.7792246242364248,0.6747487553141334,0.10447586892229144
capital:7,capital,subject,0,0.9997202754020691,0.8785917361012914,0.12112853930077772
capital:7,capital,subject,1,0.9999127089977264,0.9944520003416322,0.005460708656094271
capital:7,capital,subject,2,0.9998415311177572,0.9874834536828778,0.012358077434879378
capital:7,capital,subject,3,0.9999261001745859,0.92830430817875,0.07162179199583596
capital:7,capital,subject,4,0.9993496239185333,0.9301992736079476,0.0691503503105857
capital:7,capital,subject,5,0.999869684378306,0.975842110812664,0.024027573565642002
capital:7,capital,subject,6,0.9992795785268148,0.9767815311524001,0.022498047374414742
capital:7,capital,subject,7,0.9983439842859904,0.9845394624227827,0.013804521863207686
capital:7,capital,subject,8,0.9985261658827463,0.9884034933691676,0.01012267251357879
capital:7,capital,subject,9,0.9986225068569183,0.9906994202597574,0.0079230865971609
capital:7,capital,subject,10,0.9981631537278494,0.9920487325977195,0.006114421130129832
capital:7,capital,subject,11,0.9882203241189321,0.9637385982681405,0.02448172585079167
capital:7,capital,subject,12,0.9838936726252238,0.9025570167736574,0.08133665585156635
capital:7,capital,subject,13,0.9881160060564677,0.9423209770836614,0.045795028972806295
capital:7,capital,subject,14,0.9816871086756388,0.937303151935339,0.044383956740299824
capital:7,capital,subject,15,0.9816634257634481,0.9156835367056456,0.0659798890578025
capital:7,capital,subject,16,0.9846063256263733,0.9422232796522704,0.04238304597410292
capital:7,capital,subject,17,0.8685714900493622,0.6467305108142848,0.2218409792350774
capital:7,capital,preanswer,0,0.8715821405251821,0.9035075896165587,-0.03192544909137662
capital:7,capital,preanswer,1,0.9853828152020773,0.9888340312648903,-0.0034512160628130673
capital:7,capital,preanswer,2,0.9788288871447245,0.9836814315481619,-0.004852544403437409
capital:7,capital,preanswer,3,0.9371824363867441,0.9527877887541597,-0.01560535236741556
capital:7,capital,preanswer,4,0.9459772109985352,0.9573138464580883,-0.011336635459553102
capital:7,capital,preanswer,5,0.9604362448056539,0.9696169973097064,-0.00918075250405248
capital:7,capital,preanswer,6,0.9720233082771301,0.9785443270070986,-0.006521018729968464
capital:7,capital,preanswer,7,0.9832972288131714,0.9872880012474277,-0.003990772434256273
capital:7,capital,preanswer,8,0.9802611569563547,0.9850916398519819,-0.004830482895627153
capital:7,capital,preanswer,9,0.9733904699484507,0.9798993508924138,-0.006508880943963069
capital:7,capital,preanswer,10,0.9825230836868286,0.9863971316001632,-0.0038740479133345662
capital:7,capital,preanswer,11,0.94949671626091,0.9600278725000945,-0.010531156239184436
capital:7,capital,preanswer,12,0.9471994638442993,0.8007186912000179,0.1464807726442814
capital:7,capital,preanswer,13,0.960614949464798,0.909084615720944,0.05153033374385396
capital:7,capital,preanswer,14,0.9663729468981425,0.9307470582425594,0.03562588865558303
capital:7,capital,preanswer,15,0.9576342205206553,0.888976260681044,0.06865795983961132
capital:7,capital,preanswer,16,0.9684547086556753,0.9322336414320902,0.03622106722358509
capital:7,capital,preanswer,17,0.786288857460022,0.6649002956057136,0.12138856185430835
capital:8,capital,subject,0,0.9989176591237386,0.8391351606696844,0.15978249845405423
capital:8,capital,subject,1,0.9998693962891897,0.9938527362590487,0.006016660030141008
capital:8,capital,subject,2,0.9996969004472097,0.9858999458903616,0.013796954556848151
capital:8,capital,subject,3,0.9998543759187063,0.9238184886899862,0.07603588722872012
capital:8,capital,subject,4,0.9990126093228658,0.929447838189927,0.0695647711329388
capital:8,capital,subject,5,0.9996661146481832,0.9742571992630308,0.025408915385152442
capital:8,capital,subject,6,0.9994087616602579,0.9753719994967635,0.024036762163494485
capital:8,capital,subject,7,0.9987855752309164,0.9846461049535058,0.014139470277410582
capital:8,capital,subject,8,0.9985691010951996,0.9875837943770669,0.010985306718132692
capital:8,capital,subject,9,0.9980783859888712,0.9885012683543292,0.009577117634542054
capital:8,capital,subject,10,0.9975584546724955,0.9893205067650839,0.008237947907411614
capital:8,capital,subject,11,0.9856952826182047,0.9568054588003592,0.02888982381784555
capital:8,capital,subject,12,0.9830044408639272,0.9050676521252502,0.07793678873867704
capital:8,capital,subject,13,0.9880619843800863,0.946887960488146,0.04117402389194025
capital:8,capital,subject,14,0.980235755443573,0.940758993679827,0.03947676176374604
capital:8,capital,subject,15,0.9763042827447256,0.9161342717707157,0.06017001097400987
capital:8,capital,subject,16,0.9806980888048807,0.9423646222461354,0.038333466558745366
capital:8,capital,subject,17,0.8686024943987528,0.6472698901356622,0.22133260426309065
capital:8,capital,preanswer,0,0.8678678373495737,0.9021967497061599,-0.034328912356586194
capital:8,capital,preanswer,1,0.9858569701512655,0.9891077395189892,-0.003250769367723727
capital:8,capital,preanswer,2,0.9780884087085724,0.9834739677608013,-0.005385559052228928
capital:8,capital,preanswer,3,0.9349969327449799,0.9520462331446734,-0.017049300399693545
capital:8,capital,preanswer,4,0.9390638967355093,0.9550822102888064,-0.01601831355329708
capital:8,capital,preanswer,5,0.9567031065622965,0.9683798941021616,-0.011676787539865119
capital:8,capital,preanswer,6,0.9706913630167643,0.9781021828001196,-0.007410819783355338
capital:8,capital,preanswer,7,0.9837077359358469,0.9874574101784013,-0.003749674242554346
capital:8,capital,preanswer,8,0.9808609088261923,0.9852951602502302,-0.004434251424037972
capital:8,capital,preanswer,9,0.9743755261103312,0.9802190973000093,-0.005843571189678154
capital:8,capital,preanswer,10,0.9835587044556936,0.9866341257637198,-0.0030754213080261827
capital:8,capital,preanswer,11,0.9503015875816345,0.9592207846316424,-0.008919197050007877
capital:8,capital,preanswer,12,0.9496445755163828,0.8135653442957185,0.13607923122066434
capital:8,capital,preanswer,13,0.96331258614858,0.9176425510509447,0.04567003509763523
capital:8,capital,preanswer,14,0.9671989679336548,0.9358413436196067,0.031357624314048094
capital:8,capital,preanswer,15,0.9568542341391245,0.8977394341067835,0.05911480003234104
capital:8,capital,preanswer,16,0.9673722883065542,0.9352590787139806,0.03211320959257358
capital:8,capital,preanswer,17,0.7655002872149149,0.6651078614998948,0.10039242571502016
capital:9,capital,subject,0,0.9982010324796041,0.8698236827145923,0.1283773497650118
capital:9,capital,subject,1,0.9999102254708608,0.9950231997804209,0.004887025690439972
capital:9,capital,subject,2,0.9998014469941457,0.9868249090557749,0.012976537938370836
capital:9,capital,subject,3,0.9998267292976379,0.9279536134140058,0.0718731158836321
capital:9,capital,subject,4,0.9990708529949188,0.9297106025571172,0.06936025043780158
capital:9,capital,subject,5,0.9996402959028879,0.975204293362119,0.024436002540768942
capital:9,capital,subject,6,0.9991732935110728,0.9761491505937143,0.023024142917358437
capital:9,capital,subject,7,0.9985567331314087,0.9848081418736414,0.013748591257767284
capital:9,capital,subject,8,0.9982526501019796,0.9881434145976197,0.010109235504359937
capital:9,capital,subject,9,0.9982884128888448,0.9903676228767092,0.007920790012135637
capital:9,capital,subject,10,0.9978142579396566,0.9915954297916456,0.006218828148011002
capital:9,capital,subject,11,0.9887043436368307,0.9649124291132797,0.023791914523551005
capital:9,capital,subject,12,0.986317922671636,0.9111864255233244,0.07513149714831158
capital:9,capital,subject,13,0.9902211626370748,0.949607908048413,0.04061325458866183
capital:9,capital,subject,14,0.9828072985013326,0.9432407031682405,0.03956659533309215
capital:9,capital,subject,15,0.9796221355597178,0.9138258509337902,0.06579628462592757
capital:9,capital,subject,16,0.983474592367808,0.941290697929534,0.04218389443827397
capital:9,capital,subject,17,0.8927846352259318,0.6416949386793104,0.2510896965466214
capital:9,capital,preanswer,0,0.873820016781489,0.9042184227569536,-0.030398405975464615
capital:9,capital,preanswer,1,0.9855188628037771,0.9890179644254121,-0.0034991016216350257
capital:9,capital,preanswer,2,0.9780631562074026,0.9834963293238119,-0.00543317311640934
capital:9,capital,preanswer,3,0.9361355106035868,0.9524587643417445,-0.016323253738157684
capital:9,capital,preanswer,4,0.939550002415975,0.9552660286426544,-0.015716026226679447
capital:9,capital,preanswer,5,0.9588600794474283,0.9690845324234529,-0.01022445297602459
capital:9,capital,preanswer,6,0.9709194799264272,0.9781546230343255,-0.007235143107898301
capital:9,capital,preanswer,7,0.9836786190668741,0.9873032387007367,-0.0036246196338625136
capital:9,capital,preanswer,8,0.9809632201989492,0.985300269655206,-0.004337049456256792
capital:9,capital,preanswer,9,0.9737820823987325,0.9800465672530911,-0.0062644848543585985
capital:9,capital,preanswer,10,0.9823845624923706,0.9863661070438948,-0.003981544551524219
capital:9,capital,preanswer,11,0.9486333529154459,0.9600170444358479,-0.011383691520401973
capital:9,capital,preanswer,12,0.9469433923562368,0.7986409149386666,0.1483024774175702
capital:9,capital,preanswer,13,0.9611312945683798,0.91672735017809,0.04440394439028972
capital:9,capital,preanswer,14,0.9662947654724121,0.9359782104465094,0.03031655502590269
capital:9,capital,preanswer,15,0.9565837383270264,0.8906069530004804,0.06597678532654594
capital:9,capital,preanswer,16,0.9669358730316162,0.9319930252703753,0.0349428477612409
capital:9,capital,preanswer,17,0.785985400279363,0.6648284102028067,0.12115699007655634
capital:10,capital,subject,0,0.9997550745805105,0.8665086520327763,0.13324642254773422
capital:10,capital,subject,1,0.9998769164085388,0.9927077357741919,0.0071691806343469056
capital:10,capital,subject,2,0.999748428662618,0.9857793138785795,0.013969114784038505
capital:10,capital,subject,3,0.9998885095119476,0.9237238869748332,0.07616462253711442
capital:10,capital,subject,4,0.9993135829766592,0.9239018522202969,0.07541173075636232
capital:10,capital,subject,5,0.9997899432977041,0.9737915030934594,0.02599844020424469
capital:10,capital,subject,6,0.99950044353803,0.9748078523711725,0.024692591166857514
capital:10,capital,subject,7,0.9986280898253123,0.9836508347229524,0.01497725510235981
capital:10,capital,subject,8,0.9986290136973063,0.9883103987032716,0.010318614994034636
capital:10,capital,subject,9,0.9985430141290029,0.990159144794399,0.008383869334603888
capital:10,capital,subject,10,0.9981835583845774,0.9917396310378205,0.006443927346756917
capital:10,capital,subject,11,0.9886437654495239,0.9641219824552536,0.024521782994270325
capital:10,capital,subject,12,0.9880735576152802,0.903209866786545,0.08486369082873513
capital:10,capital,subject,13,0.9903517166773478,0.9420882344923236,0.04826348218502419
capital:10,capital,subject,14,0.9836260577042898,0.9368930750272491,0.046732982677040735
capital:10,capital,subject,15,0.9837104181448618,0.9114967222240838,0.07221369592077798
capital:10,capital,subject,16,0.9857690334320068,0.9407928030599247,0.04497623037208209
capital:10,capital,subject,17,0.8766737381617228,0.6336629447019235,0.24301079345979926
capital:10,capital,preanswer,0,0.8708202044169108,0.9032352200963281,-0.03241501567941729
capital:10,capital,preanswer,1,0.985084335009257,0.9887470484457233,-0.0036627134364662917
capital:10,capital,preanswer,2,0.9785197873910269,0.9835356511175632,-0.005015863726536396
capital:10,capital,preanswer,3,0.9388382732868195,0.9533415355465629,-0.01450326225974341
capital:10,capital,preanswer,4,0.9463796814282736,0.9573703252456405,-0.010990643817366919
capital:10,capital,preanswer,5,0.9583707451820374,0.9689296521246433,-0.010558906942605972
capital:10,capital,preanswer,6,0.9710102180639902,0.9782271977852691,-0.007216979721278882
capital:10,capital,preanswer,7,0.9822366933027903,0.9869132973253727,-0.004676604022582409
capital:10,capital,preanswer,8,0.9801782270272573,0.9850301078774713,-0.00485188085021393
capital:10,capital,preanswer,9,0.9725940227508545,0.9795678058131174,-0.006973783062262928
capital:10,capital,preanswer,10,0.9823323090871176,0.9862752018327062,-0.0039428927455886775
capital:10,capital,preanswer,11,0.9490783313910166,0.9597162147137251,-0.010637883322708541
capital:10,capital,preanswer,12,0.9479889372984568,0.8117167519574816,0.13627218534097518
capital:10,capital,preanswer,13,0.9587625662485758,0.9139634536748583,0.04479911257371749
capital:10,capital,preanswer,14,0.9656791190306345,0.9344111088324677,0.03126801019816683
capital:10,capital,preanswer,15,0.957495927810669,0.896214450624856,0.061281477185812894
capital:10,capital,preanswer,16,0.9676418999830881,0.9368882182646882,0.030753681718399983
capital:10,capital,preanswer,17,0.7803238729635874,0.6722415807572278,0.10808229220635956
capital:11,capital,subject,0,0.999800980091095,0.8632812804796479,0.13651969961144705
capital:11,capital,subject,1,0.9999193648497263,0.9943485314195807,0.005570833430145639
capital:11,capital,subject,2,0.999772439400355,0.9873198372396556,0.012452602160699433
capital:11,capital,subject,3,0.9997594356536865,0.9160270250656388,0.0837324105880477
capital:11,capital,subject,4,0.9992548525333405,0.9130006273361769,0.08625422519716353
capital:11,capital,subject,5,0.9998001555601755,0.9706688685850664,0.02913128697510914
capital:11,capital,subject,6,0.9992931485176086,0.9734151085669344,0.02587803995067428
capital:11,capital,subject,7,0.9989235997200012,0.9836920150978998,0.01523158462210139
capital:11,capital,subject,8,0.9987870752811432,0.9857645434412089,0.013022531839934293
capital:11,capital,subject,9,0.9986222187678019,0.9885279824110594,0.010094236356742448
capital:11,capital,subject,10,0.998226394255956,0.9907686073671688,0.007457786888787288
capital:11,capital,subject,11,0.9879170755545298,0.9628226530145515,0.02509442253997829
capital:11,capital,subject,12,0.9884837667147318,0.9034160229970108,0.08506774371772097
capital:11,capital,subject,13,0.9910192489624023,0.9487381899221377,0.04228105904026469
capital:11,capital,subject,14,0.9863300720850626,0.9453560229052197,0.04097404917984293
capital:11,capital,subject,15,0.9852545162041982,0.9203086800195954,0.06494583618460281
capital:11,capital,subject,16,0.9878174463907877,0.9462440633638338,0.0415733830269539
capital:11,capital,subject,17,0.894327849149704,0.6571383249353279,0.2371895242143761
capital:11,capital,preanswer,0,0.8702583213647207,0.902947970750657,-0.032689649385936326
capital:11,capital,preanswer,1,0.9855420589447021,0.9890205589207736,-0.003478499976071414
capital:11,capital,preanswer,2,0.9782968958218893,0.9835720387372103,-0.005275142915321052
capital:11,capital,preanswer,3,0.9369971056779226,0.9527544104917482,-0.015757304813825646
capital:11,capital,preanswer,4,0.9435206651687622,0.9565831493924964,-0.013062484223734239
capital:11,capital,preanswer,5,0.9620265662670135,0.9701668853786859,-0.008140319111672345
capital:11,capital,preanswer,6,0.9728466669718424,0.9787991791963577,-0.005952512224515316
capital:11,capital,preanswer,7,0.9839741686979929,0.9874818084592168,-0.003507639761223924
capital:11,capital,preanswer,8,0.9809889197349548,0.9853220551528714,-0.004333135417916578
capital:11,capital,preanswer,9,0.9734013279279073,0.9799137145958163,-0.006512386667908987
capital:11,capital,preanswer,10,0.9820597767829895,0.9861381213096055,-0.00407834452661604
capital:11,capital,preanswer,11,0.9469034075737,0.9589262303303588,-0.01202282275665889
capital:11,capital,preanswer,12,0.9424944619337717,0.7873570092699744,0.1551374526637973
capital:11,capital,preanswer,13,0.9553080399831136,0.9084254537116397,0.0468825862714739
capital:11,capital,preanswer,14,0.9619234800338745,0.9303689761595293,0.03155450387434522
capital:11,capital,preanswer,15,0.9516662259896597,0.8899708986282349,0.0616953273614248
capital:11,capital,preanswer,16,0.9644721349080404,0.9332176985388453,0.031254436369195115
capital:11,capital,preanswer,17,0.7457447648048401,0.6626021071252498,0.08314265767959028
official_language:0,official_language,subject,0,0.999712735414505,0.8617063047872349,0.13800643062727014
official_language:0,official_language,subject,1,0.9999514321486155,0.9949610023335977,0.004990429815017738
official_language:0,official_language,subject,2,0.9998878637949625,0.9877735102041201,0.012114353590842453
official_language:0,official_language,subject,3,0.999936451514562,0.9269339669157158,0.07300248459884617
official_language:0,official_language,subject,4,0.9990080098311106,0.9228020161390305,0.07620599369208014
official_language:0,official_language,subject,5,0.9998949567476908,0.975383515723727,0.024511441023963854
official_language:0,official_language,subject,6,0.9997164607048035,0.9753682007166472,0.024348259988156262
official_language:0,official_language,subject,7,0.9997326930363973,0.9834552698514678,0.01627742318492953
official_language:0,official_language,subject,8,0.9994884928067526,0.9887258451093327,0.010762647697419858
official_language:0,official_language,subject,9,0.999202827612559,0.9902811334891752,0.008921694123383728
official_language:0,official_language,subject,10,0.9988256990909576,0.9920306344601241,0.006795064630833569
official_language:0,official_language,subject,11,0.9920032918453217,0.9660580998117273,0.025945192033594355
official_language:0,official_language,subject,12,0.9920291403929392,0.9092934155328707,0.08273572486006853
official_language:0,official_language,subject,13,0.9938707451025645,0.9494313851676204,0.04443935993494408
official_language:0,official_language,subject,14,0.9895005424817404,0.9458390244028785,0.04366151807886187
official_language:0,official_language,subject,15,0.9892981350421906,0.9260010807351633,0.06329705430702726
official_language:0,official_language,subject,16,0.9902577996253967,0.9487439109520479,0.04151388867334882
official_language:0,official_language,subject,17,0.9299039244651794,0.6921325427564707,0.2377713817087087
official_language:0,official_language,preanswer,0,0.8707482516765594,0.90386076644063,-0.03311251476407051
official_language:0,official_language,preanswer,1,0.9852422575155894,0.9888268648223444,-0.0035846073067550277
official_language:0,official_language,preanswer,2,0.9781800309816996,0.9837119558995421,-0.00553192491784249
official_language:0,official_language,preanswer,3,0.9395171503225962,0.9546372531489893,-0.01512010282639309
official_language:0,official_language,preanswer,4,0.9410837491353353,0.9554892666637897,-0.014405517528454426
official_language:0,official_language,preanswer,5,0.9611184994379679,0.9706031487069346,-0.00948464926896675
official_language:0,official_language,preanswer,6,0.9691167871157328,0.9769893813539635,-0.007872594238230723
official_language:0,official_language,preanswer,7,0.9840965569019318,0.9879061281681061,-0.0038095712661743164
official_language:0,official_language,preanswer,8,0.9806399246056875,0.9852161055261438,-0.0045761809204563075
official_language:0,official_language,preanswer,9,0.9761436581611633,0.9819065339185975,-0.005762875757434172
official_language:0,official_language,preanswer,10,0.9840844670931498,0.9876104491678152,-0.003525982074665368
official_language:0,official_language,preanswer,11,0.9562937716643015,0.965020265430212,-0.008726493765910504
official_language:0,official_language,preanswer,12,0.9567912817001343,0.8504821102727543,0.10630917142737994
official_language:0,official_language,preanswer,13,0.9650357067584991,0.9305328581143509,0.03450284864414821
official_language:0,official_language,preanswer,14,0.9683462083339691,0.9439383870498701,0.02440782128409902
official_language:0,official_language,preanswer,15,0.9622205595175425,0.9126340635120869,0.049586496005455616
official_language:0,official_language,preanswer,16,0.9733329912026724,0.9449087452482093,0.028424245954463023
official_language:0,official_language,preanswer,17,0.8204677601655325,0.7123501548035578,0.10811760536197468
official_language:1,official_language,subject,0,0.9993643363316854,0.8873318181457844,0.11203251818590099
official_language:1,official_language,subject,1,0.9999308983484904,0.9957450540228323,0.00418584432565805
official_language:1,official_language,subject,2,0.9998946090539297,0.9869260513647036,0.012968557689226112
official_language:1,official_language,subject,3,0.9999447067578634,0.9283018030903556,0.0716429036675078
official_language:1,official_language,subject,4,0.9995293815930685,0.9194806519557129,0.08004872963735554
official_language:1,official_language,subject,5,0.9999057451883951,0.975658522749489,0.02424722243890609
official_language:1,official_language,subject,6,0.9997621675332388,0.9768590500408952,0.022903117492343528
official_language:1,official_language,subject,7,0.9996680021286011,0.9850695007904009,0.014598501338200176
official_language:1,official_language,subject,8,0.999441921710968,0.9886361448602243,0.010805776850743687
official_language:1,official_language,subject,9,0.999255488316218,0.9900659807026386,0.009189507613579395
official_language:1,official_language,subject,10,0.9989068607489268,0.9916231720284983,0.007283688720428505
official_language:1,official_language,subject,11,0.993775337934494,0.9665050340647047,0.027270303869789347
official_language:1,official_language,subject,12,0.9941099882125854,0.9158139885826544,0.07829599962993106
official_language:1,official_language,subject,13,0.9950577517350515,0.9525908340107311,0.04246691772432043
official_language:1,official_language,subject,14,0.9911803305149078,0.9495550874959339,0.04162524301897397
official_language:1,official_language,subject,15,0.9904688795407613,0.9339863779869947,0.05648250155376666
official_language:1,official_language,subject,16,0.9907617668310801,0.9538173695856874,0.03694439724539267
official_language:1,official_language,subject,17,0.9317160944143931,0.7111913891170513,0.2205247052973418
official_language:1,official_language,preanswer,0,0.8749538461367289,0.9053122441877018,-0.030358398050972957
official_language:1,official_language,preanswer,1,0.9854301710923513,0.9888789989054203,-0.0034488278130689887
official_language:1,official_language,preanswer,2,0.9786792894204458,0.9838652129877697,-0.005185923567323947
official_language:1,official_language,preanswer,3,0.9406286080678304,0.9550307853655382,-0.014402177297707763
official_language:1,official_language,preanswer,4,0.943832794825236,0.9564221453937617,-0.012589350568525726
official_language:1,official_language,preanswer,5,0.9612846672534943,0.9707100188190286,-0.009425351565534368
official_language:1,official_language,preanswer,6,0.9713373780250549,0.9778238799084317,-0.0064865018833767385
official_language:1,official_language,preanswer,7,0.9846410652001699,0.9880992600863631,-0.0034581948861931444
official_language:1,official_language,preanswer,8,0.9821784694989523,0.9857490567321127,-0.003570587233160394
official_language:1,official_language,preanswer,9,0.9773957232634226,0.9823244871063666,-0.0049287638429439395
official_language:1,official_language,preanswer,10,0.9838970303535461,0.9875359325246378,-0.0036389021710916403
official_language:1,official_language,preanswer,11,0.9548447628815969,0.9645088846710596,-0.009664121789462632
official_language:1,official_language,preanswer,12,0.9571855068206787,0.8534126383337107,0.10377286848696798
official_language:1,official_language,preanswer,13,0.9626258214314779,0.9359987842088396,0.02662703722263826
official_language:1,official_language,preanswer,14,0.9658637642860413,0.947946795347062,0.017916968938979205
official_language:1,official_language,preanswer,15,0.9590996106465658,0.9210800501433286,0.03801956050323718
official_language:1,official_language,preanswer,16,0.9734010994434357,0.9519446719099175,0.021456427533518174
official_language:1,official_language,preanswer,17,0.8069643080234528,0.7331597171723843,0.0738045908510685
official_language:2,official_language,subject,0,0.9990656971931458,0.8777743496678092,0.12129134752533655
official_language:2,official_language,subject,1,0.9999228417873383,0.9946489693088965,0.005273872478441799
official_language:2,official_language,subject,2,0.9998706777890524,0.987150466916236,0.012720210872816384
official_language:2,official_language,subject,3,0.9999397496382395,0.9313642060892149,0.06857554354902462
official_language:2,official_language,subject,4,0.999379167954127,0.9232726100493561,0.07610655790477083
official_language:2,official_language,subject,5,0.9998175799846649,0.9759307950735092,0.0238867849111557
official_language:2,official_language,subject,6,0.9996611475944519,0.9767086610875346,0.02295248650691728
official_language:2,official_language,subject,7,0.9997117718060812,0.9851740473373369,0.01453772446874424
official_language:2,official_language,subject,8,0.9993543028831482,0.9890499707650054,0.010304332118142745
official_language:2,official_language,subject,9,0.9990901748339335,0.990546870299361,0.008543304534572527
official_language:2,official_language,subject,10,0.9987674156824747,0.9920800131830302,0.00668740249944455
official_language:2,official_language,subject,11,0.9916041692097982,0.9684771590612151,0.023127010148583094
official_language:2,official_language,subject,12,0.992045929034551,0.918974535370415,0.07307139366413606
official_language:2,official_language,subject,13,0.9940380851427714,0.9545416401868517,0.03949644495591964
official_language:2,official_language,subject,14,0.9907687604427338,0.9516508572480895,0.039117903194644255
official_language:2,official_language,subject,15,0.9899150927861532,0.9336985383521427,0.056216554434010524
official_language:2,official_language,subject,16,0.9901540080706278,0.9524913958527825,0.03766261221784528
official_language:2,official_language,subject,17,0.9248447517553965,0.6979155956598168,0.22692915609557973
official_language:2,official_language,preanswer,0,0.870701938867569,0.9038454561748288,-0.03314351730725984
official_language:2,official_language,preanswer,1,0.985187292098999,0.9888093491846864,-0.0036220570856874135
official_language:2,official_language,preanswer,2,0.977707197268804,0.9835506298325278,-0.005843432563723883
official_language:2,official_language,preanswer,3,0.9396829207738241,0.9547133052890951,-0.015030384515271056
official_language:2,official_language,preanswer,4,0.9371523857116699,0.9541222327812151,-0.016969847069545185
official_language:2,official_language,preanswer,5,0.9612752397855123,0.9707065065476027,-0.009431266762090385
official_language:2,official_language,preanswer,6,0.9694204926490784,0.9771345650607889,-0.007714072411710515
official_language:2,official_language,preanswer,7,0.9837729930877686,0.9877200766720555,-0.00394708358428697
official_language:2,official_language,preanswer,8,0.9803158740202585,0.9850640296936035,-0.004748155673344967
official_language:2,official_language,preanswer,9,0.9770524203777313,0.9822460321540182,-0.005193611776286855
official_language:2,official_language,preanswer,10,0.9839545090993246,0.987595262852582,-0.003640753753257453
official_language:2,official_language,preanswer,11,0.9559528231620789,0.9652216752821748,-0.009268852120095983
official_language:2,official_language,preanswer,12,0.9565836787223816,0.8624795251949267,0.09410415352745494
official_language:2,official_language,preanswer,13,0.9652732610702515,0.9389068734916773,0.026366387578574124
official_language:2,official_language,preanswer,14,0.9685884515444437,0.9501459720459852,0.018442479498458564
official_language:2,official_language,preanswer,15,0.9631214737892151,0.9217042516578328,0.041417222131382325
official_language:2,official_language,preanswer,16,0.9751768906911215,0.9516294087198648,0.023547481971256667
official_language:2,official_language,preanswer,17,0.8066628774007162,0.7368623890321363,0.06980048836857988
official_language:3,official_language,subject,0,0.997262974580129,0.8122587359764359,0.18500423860369308
official_language:3,official_language,subject,1,0.9998932182788849,0.9938596368513324,0.0060335814275525035
official_language:3,official_language,subject,2,0.9997839033603668,0.9841466041451151,0.0156372992152517
official_language:3,official_language,subject,3,0.9998713433742523,0.9227629029615358,0.07710844041271647
official_language:3,official_language,subject,4,0.9993626475334167,0.9150486581704833,0.08431398936293344
official_language:3,official_language,subject,5,0.9997823337713877,0.9740376977080648,0.02574463606332289
official_language:3,official_language,subject,6,0.9995596408843994,0.9746448722752658,0.024914768609133664
official_language:3,official_language,subject,7,0.9996037979920706,0.9840789467773654,0.015524851214705149
official_language:3,official_language,subject,8,0.9994157950083414,0.9874992214820602,0.011916573526281282
official_language:3,official_language,subject,9,0.9993094702561697,0.9896399019794031,0.009669568276766571
official_language:3,official_language,subject,10,0.9990527133146921,0.9907980022782629,0.008254711036429274
official_language:3,official_language,subject,11,0.9923174480597178,0.9585546807131984,0.033762767346519396
official_language:3,official_language,subject,12,0.9930718342463175,0.907403389499946,0.08566844474637147
official_language:3,official_language,subject,13,0.9942869544029236,0.9478781379081986,0.04640881649472495
official_language:3,official_language,subject,14,0.990033229192098,0.9447318962351843,0.04530133295691374
official_language:3,official_language,subject,15,0.9899824062983195,0.9203785800121047,0.06960382628621475
official_language:3,official_language,subject,16,0.989902118841807,0.9443897689608011,0.04551234988100594
official_language:3,official_language,subject,17,0.9318740467230479,0.665062546052716,0.2668115006703319
official_language:3,official_language,preanswer,0,0.8762371142705282,0.9057162417606874,-0.02947912749015924
official_language:3,official_language,preanswer,1,0.9847702085971832,0.9886563664132898,-0.0038861578161065724
official_language:3,official_language,preanswer,2,0.978344738483429,0.9837587059221484,-0.005413967438719469
official_language:3,official_language,preanswer,3,0.9393962124983469,0.954592764377594,-0.015196551879247067
official_language:3,official_language,preanswer,4,0.9404950241247813,0.955169084735892,-0.014674060611110762
official_language:3,official_language,preanswer,5,0.961140106121699,0.9705672345378182,-0.009427128416119257
official_language:3,official_language,preanswer,6,0.9715722501277924,0.9776315438476476,-0.006059293719855252
official_language:3,official_language,preanswer,7,0.9846841295560201,0.9880528856407512,-0.003368756084731084
official_language:3,official_language,preanswer,8,0.9804186622301737,0.9851303005760367,-0.004711638345862967
official_language:3,official_language,preanswer,9,0.9765119651953379,0.9819467298009179,-0.005434764605580011
official_language:3,official_language,preanswer,10,0.9831216037273407,0.9870075224475428,-0.003885918720202053
official_language:3,official_language,preanswer,11,0.9513999621073405,0.9621657485311682,-0.01076578642382775
official_language:3,official_language,preanswer,12,0.9542990227540334,0.8565136431293054,0.097785379624728
official_language:3,official_language,preanswer,13,0.9607461293538412,0.9344696592200886,0.02627647013375256
official_language:3,official_language,preanswer,14,0.9652717212835947,0.9475136436522007,0.01775807763139403
official_language:3,official_language,preanswer,15,0.9578497409820557,0.9159674861214377,0.04188225486061792
official_language:3,official_language,preanswer,16,0.9720328648885092,0.9482741481201216,0.02375871676838759
official_language:3,official_language,preanswer,17,0.8073370655377706,0.7274289048192176,0.079908160718553
official_language:4,official_language,subject,0,0.9985370635986328,0.8768012586303733,0.12173580496825953
official_language:4,official_language,subject,1,0.999905506769816,0.9951827438040213,0.004722762965794769
official_language:4,official_language,subject,2,0.9998238484064738,0.987900142303922,0.011923706102551779
official_language:4,official_language,subject,3,0.9999325275421143,0.9213994440029968,0.07853308353911748
official_language:4,official_language,subject,4,0.999209334452947,0.9108639538965442,0.08834538055640284
official_language:4,official_language,subject,5,0.9998651643594106,0.9731480994007804,0.026717064958630243
official_language:4,official_language,subject,6,0.9997958441575369,0.9740563885054805,0.025739455652056376
official_language:4,official_language,subject,7,0.9995614290237427,0.9844179996712641,0.015143429352478588
official_language:4,official_language,subject,8,0.9993513226509094,0.9883142174644903,0.011037105186419094
official_language:4,official_language,subject,9,0.9991105000178019,0.9898786250163208,0.009231875001481038
official_language:4,official_language,subject,10,0.9988761643568674,0.9916852404448119,0.007190923912055558
official_language:4,official_language,subject,11,0.9927034080028534,0.9635967541147362,0.029106653888117173
official_language:4,official_language,subject,12,0.9929953614870707,0.9084132764149796,0.08458208507209108
official_language:4,official_language,subject,13,0.9941233197848002,0.950379665941,0.04374365384380019
official_language:4,official_language,subject,14,0.9906288981437683,0.9474688057195056,0.043160092424262664
official_language:4,official_language,subject,15,0.9898020724455515,0.9264160157604651,0.06338605668508646
official_language:4,official_language,subject,16,0.9903507729371389,0.9491960629820824,0.041154709955056545
official_language:4,official_language,subject,17,0.9308986663818359,0.6942636658522215,0.2366350005296144
official_language:4,official_language,preanswer,0,0.8726668357849121,0.9045242243869738,-0.031857388602061665
official_language:4,official_language,preanswer,1,0.9850334525108337,0.9887609109282494,-0.003727458417415619
official_language:4,official_language,preanswer,2,0.9783753355344137,0.9837837493555113,-0.00540841382109758
official_language:4,official_language,preanswer,3,0.9403690894444784,0.9549485116519711,-0.014579422207492754
official_language:4,official_language,preanswer,4,0.936526228984197,0.9538269781253554,-0.017300749141158422
official_language:4,official_language,preanswer,5,0.9615630408128103,0.9708016670563004,-0.009238626243490144
official_language:4,official_language,preanswer,6,0.9680214126904806,0.976611855355176,-0.008590442664695441
official_language:4,official_language,preanswer,7,0.9836278557777405,0.9877612573856657,-0.004133401607925191
official_language:4,official_language,preanswer,8,0.9800558090209961,0.9850147762759165,-0.004958967254920399
official_language:4,official_language,preanswer,9,0.976934403181076,0.9822186817499724,-0.00528427856889635
official_language:4,official_language,preanswer,10,0.983833909034729,0.9875719760629263,-0.003738067028197345
official_language:4,official_language,preanswer,11,0.9555815557638804,0.9648018100044944,-0.009220254240614012
official_language:4,official_language,preanswer,12,0.9605768620967865,0.8431335453960028,0.11744331670078367
official_language:4,official_language,preanswer,13,0.9662204484144846,0.9356581924313848,0.030562255983099806
official_language:4,official_language,preanswer,14,0.9686796069145203,0.947187699038874,0.021491907875646254
official_language:4,official_language,preanswer,15,0.9619392057259878,0.9157432974739508,0.04619590825203701
official_language:4,official_language,preanswer,16,0.9741355081399282,0.9487482055344365,0.025387302605491713
official_language:4,official_language,preanswer,17,0.8327214320500692,0.7309560357508335,0.10176539629923576
official_language:5,official_language,subject,0,0.9997204542160034,0.4710189278491519,0.5287015263668515
official_language:5,official_language,subject,1,0.9999693234761556,0.9802277558906511,0.019741567585504494
official_language:5,official_language,subject,2,0.9996846516927084,0.9159904234111309,0.08369422828157747
official_language:5,official_language,subject,3,0.9998977382977804,0.8746055899695917,0.1252921483281887
official_language:5,official_language,subject,4,0.9999044438203176,0.9017776403237473,0.09812680349657033
official_language:5,official_language,subject,5,0.9998904963334402,0.959209606051445,0.040680890281995175
official_language:5,official_language,subject,6,0.9998136957486471,0.9549701887775551,0.04484350697109196
official_language:5,official_language,subject,7,0.999798039595286,0.9481575671922077,0.05164047240307834
official_language:5,official_language,subject,8,0.9998270273208618,0.9700744578784163,0.02975256944244553
official_language:5,official_language,subject,9,0.999870369831721,0.9729468554935672,0.026923514338153764
official_language:5,official_language,subject,10,0.9998536705970764,0.9770015413788232,0.022852129218253192
official_language:5,official_language,subject,11,0.9997685352961222,0.9200741418383338,0.07969439345778839
official_language:5,official_language,subject,12,0.9996005892753601,0.8295474587516352,0.17005313052372495
official_language:5,official_language,subject,13,0.9994974037011465,0.8557187820022757,0.1437786216988708
official_language:5,official_language,subject,14,0.9992080132166544,0.8403088975359093,0.1588991156807451
official_language:5,official_language,subject,15,0.9989268084367117,0.7918220253830607,0.207104783053651
official_language:5,official_language,subject,16,0.9989294012387594,0.8502790653570131,0.14865033588174625
official_language:5,official_language,subject,17,0.9930892189343771,0.1057238067838956,0.8873654121504815
official_language:5,official_language,preanswer,0,0.8727068801720937,0.9043879166922786,-0.031681036520184835
official_language:5,official_language,preanswer,1,0.9848434925079346,0.9886661710386927,-0.003822678530758128
official_language:5,official_language,preanswer,2,0.9789717296759287,0.9839170903644778,-0.004945360688549116
official_language:5,official_language,preanswer,3,0.9392094115416209,0.9545198926194147,-0.01531048107779387
official_language:5,official_language,preanswer,4,0.9361404379208883,0.9534946046769619,-0.017354166756073597
official_language:5,official_language,preanswer,5,0.9569538235664368,0.968963529237292,-0.012009705670855242
official_language:5,official_language,preanswer,6,0.9699715177218119,0.9772547358138994,-0.00728321809208754
official_language:5,official_language,preanswer,7,0.9838674863179525,0.9876994798806581,-0.0038319935627055823
official_language:5,official_language,preanswer,8,0.9787315428256989,0.9843680855225433,-0.005636542696844438
official_language:5,official_language,preanswer,9,0.9749046365420023,0.9812976623123343,-0.0063930257703319615
official_language:5,official_language,preanswer,10,0.9832265079021454,0.9871290512382984,-0.0039025433361530304
official_language:5,official_language,preanswer,11,0.9536373317241669,0.9634609337557446,-0.009823602031577727
official_language:5,official_language,preanswer,12,0.9547999401887258,0.868323874744502,0.08647606544422382
official_language:5,official_language,preanswer,13,0.9647761881351471,0.9385668740353801,0.02620931409976701
official_language:5,official_language,preanswer,14,0.9659452736377716,0.9496409859169613,0.016304287720810273
official_language:5,official_language,preanswer,15,0.957759847243627,0.919094732877883,0.038665114365743936
official_language:5,official_language,preanswer,16,0.972321222225825,0.9510177817534317,0.021303440472393298
official_language:5,official_language,preanswer,17,0.806167463461558,0.7273283693939447,0.07883909406761325
official_language:6,official_language,subject,0,0.9974749386310577,0.8753551580011845,0.12211978062987328
official_language:6,official_language,subject,1,0.9998927116394043,0.9956940615719015,0.004198650067502752
official_language:6,official_language,subject,2,0.9998069504896799,0.9880234504287894,0.011783500060890573
official_language:6,official_language,subject,3,0.9999150037765503,0.9207063998011026,0.07920860397544771
official_language:6,official_language,subject,4,0.9990774095058441,0.9155440520156514,0.08353335749019275
official_language:6,official_language,subject,5,0.9998492697874705,0.9724792407994921,0.027370028987978356
official_language:6,official_language,subject,6,0.9997048278649648,0.9722889516163956,0.027415876248569226
official_language:6,official_language,subject,7,0.9996464848518372,0.9839999482712962,0.015646536580540937
official_language:6,official_language,subject,8,0.9993045826752981,0.9882348643785174,0.011069718296780717
official_language:6,official_language,subject,9,0.9990581174691519,0.989650615236976,0.009407502232175902
official_language:6,official_language,subject,10,0.9988197783629099,0.9917943203313784,0.00702545803153154
official_language:6,official_language,subject,11,0.9914663136005402,0.965367685326121,0.02609862827441911
official_language:6,official_language,subject,12,0.9912992616494497,0.9042133241891861,0.08708593746026361
official_language:6,official_language,subject,13,0.9935833811759949,0.9507321207360788,0.04285126043991605
official_language:6,official_language,subject,14,0.989425798257192,0.9477801553227685,0.04164564293442352
official_language:6,official_language,subject,15,0.9886171718438467,0.927558855238286,0.061058316605560714
official_language:6,official_language,subject,16,0.9893022576967875,0.9498414400626313,0.03946081763415621
official_language:6,official_language,subject,17,0.9300327102343241,0.6893052438020029,0.24072746643232124
official_language:6,official_language,preanswer,0,0.8742966949939728,0.9050870368426497,-0.030790341848676905
official_language:6,official_language,preanswer,1,0.9849850634733835,0.9887362569570541,-0.0037511934836705896
official_language:6,official_language,preanswer,2,0.978354424238205,0.9837729632854462,-0.005418539047241211
official_language:6,official_language,preanswer,3,0.9395537177721659,0.9546697380190546,-0.01511602024688874
official_language:6,official_language,preanswer,4,0.9404147068659464,0.9552511650730263,-0.014836458207079906
official_language:6,official_language,preanswer,5,0.9608355661233267,0.9705618691038002,-0.0097263029804735
official_language:6,official_language,preanswer,6,0.9689384003480276,0.977001256224784,-0.00806285587675637
official_language:6,official_language,preanswer,7,0.984117458264033,0.9878651692786,-0.0037477110145670567
official_language:6,official_language,preanswer,8,0.9803321162859598,0.9850954366001216,-0.004763320314161712
official_language:6,official_language,preanswer,9,0.9763605197270712,0.9819764816625551,-0.005615961935483971
official_language:6,official_language,preanswer,10,0.9839675029118856,0.9875939620489423,-0.0036264591370567256
official_language:6,official_language,preanswer,11,0.9566939771175385,0.9653517922217195,-0.008657815104181066
official_language:6,official_language,preanswer,12,0.9593341052532196,0.8496141989122737,0.10971990634094586
official_language:6,official_language,preanswer,13,0.967113733291626,0.9393525895747271,0.02776114371689886
official_language:6,official_language,preanswer,14,0.969498485326767,0.9502156187187542,0.019282866608012816
official_language:6,official_language,preanswer,15,0.9614779452482859,0.9188772670247338,0.04260067822355207
official_language:6,official_language,preanswer,16,0.9744321207205454,0.9504225298084996,0.024009590912045797
official_language:6,official_language,preanswer,17,0.8400159180164337,0.7225055542181839,0.11751036379824986
official_language:7,official_language,subject,0,0.9997521738211314,0.8754994495009835,0.12425272432014789
official_language:7,official_language,subject,1,0.9999334911505381,0.9947067211297426,0.005226770020795524
official_language:7,official_language,subject,2,0.9998959501584371,0.9872652055187658,0.012630744639671287
official_language:7,official_language,subject,3,0.9999489188194275,0.9259701340713284,0.07397878474809905
official_language:7,official_language,subject,4,0.9992831846078237,0.9206695736131885,0.07861361099463526
official_language:7,official_language,subject,5,0.9998903373877207,0.9755061245100065,0.024384212877714195
official_language:7,official_language,subject,6,0.9997250835100809,0.9771004634147341,0.022624620095346826
official_language:7,official_language,subject,7,0.9995743731657664,0.9848369607193903,0.014737412446376053
official_language:7,official_language,subject,8,0.9994823038578033,0.9888555905358358,0.010626713321967518
official_language:7,official_language,subject,9,0.9993085861206055,0.9906219968741591,0.008686589246446386
official_language:7,official_language,subject,10,0.9990103940169016,0.9923021607100964,0.006708233306805256
official_language:7,official_language,subject,11,0.9927801688512167,0.9651458961042491,0.027634272746967614
official_language:7,official_language,subject,12,0.9928799668947855,0.9015522836284204,0.09132768326636509
official_language:7,official_language,subject,13,0.9945930540561676,0.9441277215426619,0.05046533251350571
official_language:7,official_language,subject,14,0.9905044436454773,0.9411032914438031,0.04940115220167418
official_language:7,official_language,subject,15,0.9906371136506399,0.9252052056518468,0.06543190799879306
official_language:7,official_language,subject,16,0.9909098843733469,0.9488848000764847,0.04202508429686225
official_language:7,official_language,subject,17,0.9272172252337137,0.6716799365187233,0.2555372887149905
official_language:7,official_language,preanswer,0,0.8722701172033945,0.9043999578465115,-0.03212984064311697
official_language:7,official_language,preanswer,1,0.9849113424619039,0.9886106381362135,-0.0036992956743095995
official_language:7,official_language,preanswer,2,0.9791150987148285,0.9839737171476538,-0.004858618432825312
official_language:7,official_language,preanswer,3,0.9396349887053171,0.9546712816438891,-0.015036292938572005
official_language:7,official_language,preanswer,4,0.9449668228626251,0.9567226486449892,-0.011755825782364115
official_language:7,official_language,preanswer,5,0.9619837005933126,0.9709316410801627,-0.008947940486850103
official_language:7,official_language,preanswer,6,0.9708919823169708,0.977651946246624,-0.006759963929653168
official_language:7,official_language,preanswer,7,0.984456737836202,0.9879774735732512,-0.003520735737049141
official_language:7,official_language,preanswer,8,0.9813503126303355,0.9854220981624994,-0.0040717855321639185
official_language:7,official_language,preanswer,9,0.9756945470968882,0.9816695560108532,-0.005975008913964963
official_language:7,official_language,preanswer,10,0.984126995007197,0.98756877603856,-0.003441781031362945
official_language:7,official_language,preanswer,11,0.954850842555364,0.9644246843050827,-0.009573841749718648
official_language:7,official_language,preanswer,12,0.9551467994848887,0.8497971228577874,0.10534967662710126
official_language:7,official_language,preanswer,13,0.9629480640093485,0.9293895035304807,0.03355856047886785
official_language:7,official_language,preanswer,14,0.9665196637312571,0.9429616721516306,0.02355799157962646
official_language:7,official_language,preanswer,15,0.9607469141483307,0.9102909507399256,0.05045596340840508
official_language:7,official_language,preanswer,16,0.9743880530198415,0.946726006879048,0.027662046140793595
official_language:7,official_language,preanswer,17,0.8091522653897604,0.7042098397558386,0.10494242563392175
official_language:8,official_language,subject,0,0.9993539055188497,0.8403215992518447,0.15903230626700504
official_language:8,official_language,subject,1,0.9998950362205505,0.9942900243807923,0.005605011839758256
official_language:8,official_language,subject,2,0.9997865160306295,0.9856240525841713,0.014162463446458218
official_language:8,official_language,subject,3,0.9999080797036489,0.9214745157144286,0.0784335639892203
official_language:8,official_language,subject,4,0.9995037317276001,0.9202176451005719,0.07928608662702818
official_language:8,official_language,subject,5,0.9998324612776438,0.9739910675720735,0.02584139370557026
official_language:8,official_language,subject,6,0.9995808998743693,0.9751776571978222,0.024403242676547032
official_language:8,official_language,subject,7,0.9996165335178375,0.9847911233929071,0.014825410124930438
official_language:8,official_language,subject,8,0.999371071656545,0.9884150776673447,0.01095599398920033
official_language:8,official_language,subject,9,0.9988279938697815,0.9885736473582007,0.010254346511580748
official_language:8,official_language,subject,10,0.99857297539711,0.9891583943231539,0.009414581073956096
official_language:8,official_language,subject,11,0.9889743824799856,0.9542566002769903,0.03471778220299526
official_language:8,official_language,subject,12,0.988383928934733,0.9030143774368546,0.0853695514978784
official_language:8,official_language,subject,13,0.9917363325754801,0.9478508112105456,0.04388552136493451
official_language:8,official_language,subject,14,0.9869204163551331,0.9440459168770097,0.042874499478123385
official_language:8,official_language,subject,15,0.9845632314682007,0.9237683628770438,0.0607948685911569
official_language:8,official_language,subject,16,0.9863142967224121,0.9474015347659588,0.03891276195645332
official_language:8,official_language,subject,17,0.9075020452340444,0.6699949728367343,0.23750707239731017
official_language:8,official_language,preanswer,0,0.8694308996200562,0.903388263149695,-0.03395736352963885
official_language:8,official_language,preanswer,1,0.985366533199946,0.9888452992520549,-0.0034787660521088393
official_language:8,official_language,preanswer,2,0.9782959918181101,0.9837330237708308,-0.005437031952720717
official_language:8,official_language,preanswer,3,0.9383567174275717,0.9542484449392016,-0.015891727511629927
official_language:8,official_language,preanswer,4,0.9396577378114065,0.9549607783555984,-0.01530304054419196
official_language:8,official_language,preanswer,5,0.960581382115682,0.9704656821082939,-0.009884299992611867
official_language:8,official_language,preanswer,6,0.9693290889263153,0.9770987443625927,-0.0077696554362773895
official_language:8,official_language,preanswer,7,0.984400341908137,0.9879440428181128,-0.0035437009099758
official_language:8,official_language,preanswer,8,0.9801306128501892,0.9849071736362848,-0.004776560786095563
official_language:8,official_language,preanswer,9,0.9766091008981069,0.9819405962797728,-0.005331495381665885
official_language:8,official_language,preanswer,10,0.9847881098588308,0.9876987182281234,-0.0029106083692925777
official_language:8,official_language,preanswer,11,0.9581622282663981,0.9641878269612789,-0.00602559869488084
official_language:8,official_language,preanswer,12,0.9584106703599294,0.8689376623793081,0.0894730079806213
official_language:8,official_language,preanswer,13,0.966898649930954,0.9389208873564546,0.027977762574499354
official_language:8,official_language,preanswer,14,0.9677413105964661,0.9484635896303437,0.019277720966122347
official_language:8,official_language,preanswer,15,0.9588454862435659,0.9189906316724691,0.03985485457109683
official_language:8,official_language,preanswer,16,0.9729484617710114,0.9496995281766761,0.02324893359433522
official_language:8,official_language,preanswer,17,0.8063201407591502,0.717592028900981,0.0887281118581692
official_language:9,official_language,subject,0,0.998449961344401,0.8753195767375556,0.12313038460684544
official_language:9,official_language,subject,1,0.9999363720417023,0.995342902500521,0.004593469541181228
official_language:9,official_language,subject,2,0.9998812178770701,0.9868042160841551,0.013077001792914933
official_language:9,official_language,subject,3,0.9999073445796967,0.9285061711614783,0.07140117341821839
official_language:9,official_language,subject,4,0.9993242720762888,0.9228955971246416,0.07642867495164718
official_language:9,official_language,subject,5,0.9998385608196259,0.9751787280494516,0.02465983277017425
official_language:9,official_language,subject,6,0.9996362527211508,0.9763950183987617,0.023241234322389004
official_language:9,official_language,subject,7,0.9996047417322794,0.9851157800717787,0.014488961660500732
official_language:9,official_language,subject,8,0.9993413388729095,0.9884965548461134,0.010844784026796117
official_language:9,official_language,subject,9,0.99904332558314,0.9903318350288001,0.008711490554339951
official_language:9,official_language,subject,10,0.9987991750240326,0.9919431768357754,0.006855998188257217
official_language:9,official_language,subject,11,0.9923752049605051,0.9660641473125328,0.02631105764797237
official_language:9,official_language,subject,12,0.9922458728154501,0.9095140201124278,0.0827318527030223
official_language:9,official_language,subject,13,0.9942837953567505,0.9509767795150931,0.043307015841657415
official_language:9,official_language,subject,14,0.9896000822385153,0.9465758055448532,0.043024276693662045
official_language:9,official_language,subject,15,0.9883559544881185,0.9222619496285915,0.06609400485952699
official_language:9,official_language,subject,16,0.9898541271686554,0.9469511366703294,0.04290299049832602
official_language:9,official_language,subject,17,0.9268587330977122,0.6511647812598809,0.2756939518378313
official_language:9,official_language,preanswer,0,0.8763023614883423,0.9057403592900797,-0.029437997801737392
official_language:9,official_language,preanswer,1,0.9855892658233643,0.9889471727338704,-0.003357906910506192
official_language:9,official_language,preanswer,2,0.978703369696935,0.9838959832083095,-0.005192613511374455
official_language:9,official_language,preanswer,3,0.9392019311587015,0.9545548338104378,-0.015352902651736278
official_language:9,official_language,preanswer,4,0.9402425388495127,0.9551998969506134,-0.01495735810110066
official_language:9,official_language,preanswer,5,0.959127813577652,0.9698964181271467,-0.010768604549494687
official_language:9,official_language,preanswer,6,0.9696474075317383,0.9771746705201539,-0.007527262988415662
official_language:9,official_language,preanswer,7,0.9844735066095988,0.9877960546450182,-0.003322548035419426
official_language:9,official_language,preanswer,8,0.9810009996096293,0.9852617145939306,-0.004260714984301361
official_language:9,official_language,preanswer,9,0.9765604337056478,0.981984154405919,-0.005423720700271195
official_language:9,official_language,preanswer,10,0.9844669103622437,0.98771312053908,-0.0032462101768363505
official_language:9,official_language,preanswer,11,0.9571702778339386,0.9655770253051411,-0.008406747471202514
official_language:9,official_language,preanswer,12,0.9586250384648641,0.8532429825175892,0.1053820559472749
official_language:9,official_language,preanswer,13,0.966788242260615,0.9365755919028412,0.030212650357773763
official_language:9,official_language,preanswer,14,0.9680952032407125,0.9477125948125665,0.020382608428145987
official_language:9,official_language,preanswer,15,0.9607395529747009,0.9097224639897997,0.051017088984901204
official_language:9,official_language,preanswer,16,0.9744230906168619,0.945716745135459,0.02870634548140294
official_language:9,official_language,preanswer,17,0.8221022188663483,0.7087324615567923,0.11336975730955601
official_language:10,official_language,subject,0,0.99976513783137,0.8637482862580906,0.13601685157327936
official_language:10,official_language,subject,1,0.9999055961767832,0.9931345178999684,0.006771078276814779
official_language:10,official_language,subject,2,0.9998423755168915,0.9855186458338391,0.0143237296830524
official_language:10,official_language,subject,3,0.9999268849690756,0.9229193509302356,0.07700753403883998
official_language:10,official_language,subject,4,0.9993132551511129,0.914987313137813,0.0843259420132999
official_language:10,official_language,subject,5,0.999894897143046,0.9737617810341445,0.026133116108901566
official_language:10,official_language,subject,6,0.9995862444241842,0.9745502299205824,0.025036014503601822
official_language:10,official_language,subject,7,0.9994884332021078,0.9835174869407307,0.015970946261377073
official_language:10,official_language,subject,8,0.9994371831417084,0.9889045530422167,0.01053263009949168
official_language:10,official_language,subject,9,0.9992718795935313,0.9900889579545368,0.009182921638994479
official_language:10,official_language,subject,10,0.9990212023258209,0.9920475540513342,0.006973648274486766
official_language:10,official_language,subject,11,0.9928811689217886,0.9656864909285848,0.027194677993203742
official_language:10,official_language,subject,12,0.9936533868312836,0.9057359800420024,0.08791740678928117
official_language:10,official_language,subject,13,0.9948704044024149,0.9430866546251557,0.05178374977725919
official_language:10,official_language,subject,14,0.9909332195917765,0.9398858733475208,0.051047346244255665
official_language:10,official_language,subject,15,0.9916838904221853,0.9210134602405808,0.07067043018160446
official_language:10,official_language,subject,16,0.9914795855681101,0.9469655867327343,0.04451399883537577
official_language:10,official_language,subject,17,0.9257411559422811,0.6473091410430656,0.27843201489921554
official_language:10,official_language,preanswer,0,0.8730560044447581,0.9046554294499484,-0.03159942500519031
official_language:10,official_language,preanswer,1,0.9849336544672648,0.9885945994068276,-0.0036609449395628157
official_language:10,official_language,preanswer,2,0.9788723587989807,0.9838478680361401,-0.004975509237159392
official_language:10,official_language,preanswer,3,0.9410666227340698,0.9551565498113632,-0.014089927077293396
official_language:10,official_language,preanswer,4,0.9450353582700094,0.9567222886464812,-0.011686930376471838
official_language:10,official_language,preanswer,5,0.9610385894775391,0.9705856215547431,-0.009547032077204087
official_language:10,official_language,preanswer,6,0.9704592525959015,0.9774667603725736,-0.007007507776672139
official_language:10,official_language,preanswer,7,0.9840357104937235,0.9877529100260951,-0.0037171995323715956
official_language:10,official_language,preanswer,8,0.9813205500443777,0.9853280555795539,-0.004007505535176259
official_language:10,official_language,preanswer,9,0.975724458694458,0.9815564795651219,-0.005832020870663923
official_language:10,official_language,preanswer,10,0.9840953052043915,0.9874719841913744,-0.003376678986982906
official_language:10,official_language,preanswer,11,0.9543267786502838,0.9639600413766775,-0.009633262726393643
official_language:10,official_language,preanswer,12,0.9555022915204366,0.8583876006305218,0.09711469088991487
official_language:10,official_language,preanswer,13,0.9616717795530955,0.9318466508253054,0.029825128727790085
official_language:10,official_language,preanswer,14,0.9659920136133829,0.9449854327196424,0.021006580893740523
official_language:10,official_language,preanswer,15,0.9616087178389231,0.915117396549745,0.0464913212891781
official_language:10,official_language,preanswer,16,0.9742558101812998,0.9494889036498286,0.024766906531471178
official_language:10,official_language,preanswer,17,0.8045903543631235,0.7112465617670254,0.09334379259609815
official_language:11,official_language,subject,0,0.99982088804245,0.8620312816717408,0.13778960637070914
official_language:11,official_language,subject,1,0.9999366501967112,0.9946326701478525,0.005303980048858681
official_language:11,official_language,subject,2,0.9998687307039896,0.987056066705422,0.01281266399856762
official_language:11,official_language,subject,3,0.9998377561569214,0.9140609648417343,0.08577679131518712
official_language:11,official_language,subject,4,0.9992199043432871,0.9035981670022011,0.09562173734108603
official_language:11,official_language,subject,5,0.9998288253943125,0.9697905541820959,0.030038271212216583
official_language:11,official_language,subject,6,0.9994305968284607,0.9740685410797596,0.025362055748701096
official_language:11,official_language,subject,7,0.9995766282081604,0.9836325106972997,0.015944117510860667
official_language:11,official_language,subject,8,0.9994219740231832,0.9859426526183431,0.013479321404840094
official_language:11,official_language,subject,9,0.9993142783641815,0.988053545017134,0.011260733347047469
official_language:11,official_language,subject,10,0.9990750451882681,0.9905352209779349,0.008539824210333169
official_language:11,official_language,subject,11,0.9936512211958567,0.9637561054392294,0.02989511575662729
official_language:11,official_language,subject,12,0.9941989282766978,0.9048384885219011,0.08936043975479668
official_language:11,official_language,subject,13,0.9954879482587179,0.9492234401404858,0.04626450811823213
official_language:11,official_language,subject,14,0.9930588702360789,0.9477581551129167,0.04530071512316214
official_language:11,official_language,subject,15,0.9922831257184347,0.9262427132238041,0.06604041249463055
official_language:11,official_language,subject,16,0.9919969141483307,0.9502335725860163,0.04176334156231443
official_language:11,official_language,subject,17,0.9371118048826853,0.6758943129838868,0.2612174918987985
official_language:11,official_language,preanswer,0,0.8714098334312439,0.9039991653778336,-0.03258933194658975
official_language:11,official_language,preanswer,1,0.9851071933905283,0.9887748590924523,-0.0036676657019240055
official_language:11,official_language,preanswer,2,0.9785747528076172,0.9838410629467531,-0.005266310139135921
official_language:11,official_language,preanswer,3,0.9392132858435313,0.954553788358515,-0.015340502514983756
official_language:11,official_language,preanswer,4,0.9421936670939127,0.9558060937984423,-0.013612426704529557
official_language:11,official_language,preanswer,5,0.9639093081156412,0.9714363542470065,-0.007527046131365234
official_language:11,official_language,preanswer,6,0.9708311955134074,0.9775767238302664,-0.00674552831685904
official_language:11,official_language,preanswer,7,0.984675943851471,0.9880452951924368,-0.0033693513409658316
official_language:11,official_language,preanswer,8,0.9804387986660004,0.9850757298144427,-0.004636931148442325
official_language:11,official_language,preanswer,9,0.9765998323758444,0.9819820855151523,-0.005382253139307958
official_language:11,official_language,preanswer,10,0.9838632643222809,0.987379677593708,-0.0035164132714271545
official_language:11,official_language,preanswer,11,0.9535055359204611,0.9635751647028056,-0.01006962878234452
official_language:11,official_language,preanswer,12,0.9592379728953043,0.8453196439553391,0.11391832893996523
official_language:11,official_language,preanswer,13,0.9655937055746714,0.9332282316278327,0.03236547394683864
official_language:11,official_language,preanswer,14,0.968395988146464,0.9465251971374858,0.021870791008978152
official_language:11,official_language,preanswer,15,0.9626414974530538,0.9153288338672031,0.047312663585850734
official_language:11,official_language,preanswer,16,0.9755109250545502,0.9495477544313128,0.025963170623237386
official_language:11,official_language,preanswer,17,0.8238418797651926,0.7306293880736286,0.09321249169156398
currency:0,currency,subject,0,0.9997467597325643,0.8584246918220412,0.14132206791052315
currency:0,currency,subject,1,0.9998921155929565,0.9952854754572565,0.004606640135700002
currency:0,currency,subject,2,0.9997855126857758,0.989248759705912,0.010536752979863784
currency:0,currency,subject,3,0.9999054869016012,0.9323738999664783,0.06753158693512284
currency:0,currency,subject,4,0.9990509649117788,0.9290618368170478,0.06998912809473101
currency:0,currency,subject,5,0.9998187224070231,0.9759104048663919,0.023908317540631163
currency:0,currency,subject,6,0.9997282127539316,0.9750970171933825,0.024631195560549157
currency:0,currency,subject,7,0.9997217953205109,0.9851373220709237,0.014584473249587115
currency:0,currency,subject,8,0.9993654390176138,0.9893088577823206,0.010056581235293183
currency:0,currency,subject,9,0.99895840883255,0.9904063482853499,0.008552060547200147
currency:0,currency,subject,10,0.9984743992487589,0.9920581054281105,0.0064162938206484554
currency:0,currency,subject,11,0.9898560345172882,0.9668404439633543,0.023015590553933873
currency:0,currency,subject,12,0.9905376334985098,0.9182736751708117,0.07226395832769805
currency:0,currency,subject,13,0.9925988713900248,0.9529554200443354,0.03964345134568936
currency:0,currency,subject,14,0.9865864813327789,0.9477371322837743,0.03884934904900461
currency:0,currency,subject,15,0.9851748943328857,0.9261825311590325,0.05899236317385326
currency:0,currency,subject,16,0.9876168370246887,0.948541425507177,0.039075411517511704
currency:0,currency,subject,17,0.9197564522425333,0.7036314760758118,0.21612497616672155
currency:0,currency,preanswer,0,0.8711660703023275,0.9040492922067642,-0.03288322190443671
currency:0,currency,preanswer,1,0.9856760303179423,0.9891002245924689,-0.0034241942745266707
currency:0,currency,preanswer,2,0.978101929028829,0.9837009534239769,-0.005599024395147922
currency:0,currency,preanswer,3,0.9366167883078257,0.9525793276049874,-0.015962539297161737
currency:0,currency,preanswer,4,0.9404115180174509,0.955855921249498,-0.0154444032320471
currency:0,currency,preanswer,5,0.9598906536897024,0.9695102982223034,-0.009619644532601002
currency:0,currency,preanswer,6,0.9693053166071574,0.9766962938010693,-0.007390977193911907
currency:0,currency,preanswer,7,0.9836934904257456,0.987610243938186,-0.003916753512440363
currency:0,currency,preanswer,8,0.9813162783781687,0.9859375818209215,-0.0046213034427528
currency:0,currency,preanswer,9,0.9775002896785736,0.982965056530454,-0.005464766851880354
currency:0,currency,preanswer,10,0.984558125336965,0.9877197695049372,-0.0031616441679722662
currency:0,currency,preanswer,11,0.9573997457822164,0.9655578488653357,-0.008158103083119261
currency:0,currency,preanswer,12,0.9603771269321442,0.8349897746335376,0.12538735229860654
currency:0,currency,preanswer,13,0.967334379752477,0.9253772564909675,0.04195712326150958
currency:0,currency,preanswer,14,0.9713289638360342,0.9409985173154961,0.030330446520538068
currency:0,currency,preanswer,15,0.9640534420808157,0.903907967900688,0.06014547418012772
currency:0,currency,preanswer,16,0.9735897680123647,0.9391104612838138,0.03447930672855093
currency:0,currency,preanswer,17,0.8090963164965311,0.7107453689995137,0.09835094749701745
currency:1,currency,subject,0,0.9994983375072479,0.8824331348931248,0.11706520261412312
currency:1,currency,subject,1,0.9998970429102579,0.995671330189163,0.004225712721094954
currency:1,currency,subject,2,0.9998584091663361,0.9881506904282353,0.011707718738100725
currency:1,currency,subject,3,0.9999048511187235,0.9318296824666586,0.06807516865206487
currency:1,currency,subject,4,0.9994332691033682,0.9233269745653326,0.07610629453803552
currency:1,currency,subject,5,0.999871144692103,0.9753823795101859,0.024488765181917116
currency:1,currency,subject,6,0.9997285703818003,0.9757404710081491,0.023988099373651206
currency:1,currency,subject,7,0.9995005031426748,0.9849511029368098,0.014549400205865037
currency:1,currency,subject,8,0.9992518126964569,0.9889844703403387,0.010267342356118259
currency:1,currency,subject,9,0.9990341663360596,0.9897576485845175,0.009276517751542035
currency:1,currency,subject,10,0.9984960456689199,0.9913918731564825,0.0071041725124374455
currency:1,currency,subject,11,0.9909457166989645,0.9664295711977915,0.02451614550117298
currency:1,currency,subject,12,0.9922160804271698,0.922577848827297,0.06963823159987281
currency:1,currency,subject,13,0.9934766391913096,0.9546299800276756,0.038846659163633945
currency:1,currency,subject,14,0.9880660871664683,0.9499619620090182,0.0381041251574501
currency:1,currency,subject,15,0.9857962826887766,0.9315817434002053,0.05421453928857134
currency:1,currency,subject,16,0.9879919389883677,0.9521186250177297,0.03587331397063798
currency:1,currency,subject,17,0.9202491442362467,0.7184182352555747,0.20183090898067202
currency:1,currency,preanswer,0,0.8745632469654083,0.9052248627624728,-0.0306616157970645
currency:1,currency,preanswer,1,0.9856261213620504,0.9890764768828045,-0.0034503555207541226
currency:1,currency,preanswer,2,0.9787444273630778,0.9839046912437136,-0.00516026388063584
currency:1,currency,preanswer,3,0.9376695056756338,0.9529573338275606,-0.015287828151926863
currency:1,currency,preanswer,4,0.9460399945576986,0.9577727598900144,-0.01173276533231582
currency:1,currency,preanswer,5,0.9602361619472504,0.9696368913758885,-0.009400729428638122
currency:1,currency,preanswer,6,0.9704912106196085,0.97727276080034,-0.006781550180731455
currency:1,currency,preanswer,7,0.9842498203118643,0.9878080101175741,-0.003558189805709877
currency:1,currency,preanswer,8,0.9830046991507212,0.9865552220832218,-0.003550522932500577
currency:1,currency,preanswer,9,0.9787771900494894,0.983427685092796,-0.004650495043306613
currency:1,currency,preanswer,10,0.9836733241875967,0.9874773492867296,-0.0038040250991329128
currency:1,currency,preanswer,11,0.9537868996461233,0.9644135815853422,-0.010626681939218896
currency:1,currency,preanswer,12,0.958418478568395,0.8288187384605408,0.12959974010785424
currency:1,currency,preanswer,13,0.9584114253520966,0.9230236692184751,0.03538775613362144
currency:1,currency,preanswer,14,0.9638309379418691,0.9397532045841217,0.024077733357747433
currency:1,currency,preanswer,15,0.9583794871966044,0.9084874225611036,0.04989206463550078
currency:1,currency,preanswer,16,0.9709076782067617,0.9433957412838936,0.02751193692286813
currency:1,currency,preanswer,17,0.80987948179245,0.7249593382531946,0.08492014353925537
currency:2,currency,subject,0,0.999107817808787,0.8749086645177819,0.12419915329100506
currency:2,currency,subject,1,0.9997997184594473,0.9945252385329116,0.005274479926535625
currency:2,currency,subject,2,0.9997305472691854,0.9881271255964582,0.01160342167272721
currency:2,currency,subject,3,0.9999125301837921,0.9345544952560555,0.06535803492773662
currency:2,currency,subject,4,0.9993812044461569,0.9284700541333719,0.07091115031278494
currency:2,currency,subject,5,0.9998077551523844,0.9758409830656919,0.02396677208669251
currency:2,currency,subject,6,0.9995730519294739,0.9754052033478563,0.02416784858161758
currency:2,currency,subject,7,0.9996371070543925,0.9853473881428892,0.014289718911503213
currency:2,currency,subject,8,0.9992649654547373,0.9891237521713431,0.010141213283394235
currency:2,currency,subject,9,0.9989338517189026,0.9904571040110155,0.008476747707887089
currency:2,currency,subject,10,0.9984064698219299,0.992003045976162,0.006403423845767975
currency:2,currency,subject,11,0.9896071255207062,0.9687190607867457,0.020888064733960432
currency:2,currency,subject,12,0.9908754229545593,0.9242390146987005,0.06663640825585881
currency:2,currency,subject,13,0.993025521437327,0.9565363661809401,0.03648915525638696
currency:2,currency,subject,14,0.9885712365309397,0.9520779638127848,0.036493272718154945
currency:2,currency,subject,15,0.9857555826505026,0.9324692985550924,0.05328628409541014
currency:2,currency,subject,16,0.9875298043092092,0.9513768255710602,0.036152978738149044
currency:2,currency,subject,17,0.9181424379348755,0.7084869109517471,0.2096555269831284
currency:2,currency,preanswer,0,0.8706361055374146,0.9038676985285499,-0.03323159299113532
currency:2,currency,preanswer,1,0.9854091803232828,0.9890077947215601,-0.0035986143982772445
currency:2,currency,preanswer,2,0.9776921073595682,0.9835599366236817,-0.005867829264113444
currency:2,currency,preanswer,3,0.9370938738187155,0.9527605199678377,-0.015666646149122276
currency:2,currency,preanswer,4,0.938705841700236,0.9552537832747806,-0.016547941574544645
currency:2,currency,preanswer,5,0.9601791203022003,0.9696212732656435,-0.009442152963443196
currency:2,currency,preanswer,6,0.9693349500497183,0.9768825058232654,-0.007547555773547154
currency:2,currency,preanswer,7,0.9833161731561025,0.9875277653336525,-0.004211592177549961
currency:2,currency,preanswer,8,0.9811958273251852,0.9859241135418415,-0.00472828621665633
currency:2,currency,preanswer,9,0.9778124292691549,0.98311703347347,-0.005304604204315111
currency:2,currency,preanswer,10,0.9841201702753702,0.9876742806624282,-0.003554110387057996
currency:2,currency,preanswer,11,0.9559360841910044,0.9654633020135489,-0.00952721782254451
currency:2,currency,preanswer,12,0.9579322834809622,0.8342243013056841,0.12370798217527801
currency:2,currency,preanswer,13,0.9642537633577982,0.9266679794950918,0.03758578386270639
currency:2,currency,preanswer,14,0.9675133228302002,0.9418399120596322,0.02567341077056795
currency:2,currency,preanswer,15,0.9597377876440684,0.9047995409504934,0.054938246693574944
currency:2,currency,preanswer,16,0.9713952342669169,0.9408232545988127,0.03057197966810421
currency:2,currency,preanswer,17,0.8066288729508718,0.7225755446336486,0.08405332831722323
currency:3,currency,subject,0,0.9982186853885651,0.8085195642303337,0.1896991211582314
currency:3,currency,subject,1,0.9998732805252075,0.9937789423221891,0.006094338203018412
currency:3,currency,subject,2,0.9996965626875559,0.9860811802473936,0.01361538244016236
currency:3,currency,subject,3,0.9998571674029032,0.9266148399222981,0.07324232748060511
currency:3,currency,subject,4,0.9993921120961508,0.9201926125044172,0.07919949959173356
currency:3,currency,subject,5,0.9997681379318237,0.9736300374973904,0.02613810043443332
currency:3,currency,subject,6,0.9995222191015879,0.9734341793439605,0.026088039757627413
currency:3,currency,subject,7,0.999655544757843,0.9842820221727545,0.015373522585088506
currency:3,currency,subject,8,0.9993759791056315,0.9878305342387069,0.011545444866924548
currency:3,currency,subject,9,0.9991234938303629,0.989587390287356,0.009536103543006935
currency:3,currency,subject,10,0.9987727204958597,0.9910437095571648,0.007729010938694936
currency:3,currency,subject,11,0.9898053308327993,0.959980752996423,0.029824577836376265
currency:3,currency,subject,12,0.9911648829778036,0.9153252166103233,0.0758396663674803
currency:3,currency,subject,13,0.992681215206782,0.9508387453176759,0.041842469889106115
currency:3,currency,subject,14,0.9876637359460195,0.9459808411245997,0.04168289482141985
currency:3,currency,subject,15,0.9866498609383901,0.9195741242305799,0.0670757367078102
currency:3,currency,subject,16,0.9878324369589487,0.9427859942344102,0.045046442724538505
currency:3,currency,subject,17,0.9267502129077911,0.6751114610074596,0.2516387519003316
currency:3,currency,preanswer,0,0.8758036394913992,0.9056023322045803,-0.02979869271318114
currency:3,currency,preanswer,1,0.9853437840938568,0.9889687868681821,-0.0036250027743253144
currency:3,currency,preanswer,2,0.9787197510401408,0.9839046973396431,-0.005184946299502391
currency:3,currency,preanswer,3,0.9372925460338593,0.9528063959018751,-0.01551384986801585
currency:3,currency,preanswer,4,0.9409449497858683,0.9559714262458411,-0.015026476459972793
currency:3,currency,preanswer,5,0.9607172608375549,0.9697076417505741,-0.00899038091301918
currency:3,currency,preanswer,6,0.9716612696647644,0.9770374657078222,-0.005376196043057835
currency:3,currency,preanswer,7,0.9846586287021637,0.9878813976591284,-0.0032227689569647167
currency:3,currency,preanswer,8,0.9817774792512258,0.9860833063721657,-0.0043058271209398535
currency:3,currency,preanswer,9,0.9774241149425507,0.9828997515141964,-0.005475636571645737
currency:3,currency,preanswer,10,0.9833048383394877,0.9871712391349402,-0.0038664007954525292
currency:3,currency,preanswer,11,0.9516774713993073,0.9628504816104065,-0.011173010211099288
currency:3,currency,preanswer,12,0.9588878651460012,0.8272486481476914,0.13163921699830983
currency:3,currency,preanswer,13,0.9616733392079672,0.9241751313886859,0.03749820781928126
currency:3,currency,preanswer,14,0.96628471215566,0.941223216327754,0.025061495827906066
currency:3,currency,preanswer,15,0.9583589235941569,0.9036333906379613,0.05472553295619553
currency:3,currency,preanswer,16,0.9704609115918478,0.9401476318863305,0.030313279705517227
currency:3,currency,preanswer,17,0.8044175008932749,0.7194941834631291,0.0849233174301458
currency:4,currency,subject,0,0.999031146367391,0.8738671602173285,0.12516398615006252
currency:4,currency,subject,1,0.9998605748017629,0.9951282272284682,0.004732347573294771
currency:4,currency,subject,2,0.9997602999210358,0.9889572289856997,0.010803070935336057
currency:4,currency,subject,3,0.9999226927757263,0.9281010803851214,0.07182161239060492
currency:4,currency,subject,4,0.9992373188336691,0.9199374013326385,0.0792999175010306
currency:4,currency,subject,5,0.9998033940792084,0.9736638373949311,0.026139556684277254
currency:4,currency,subject,6,0.999668558438619,0.9738919596103105,0.025776598828308517
currency:4,currency,subject,7,0.9993908603986105,0.9848243187774312,0.014566541621179319
currency:4,currency,subject,8,0.9991823037465414,0.9887568605217066,0.01042544322483474
currency:4,currency,subject,9,0.9988735914230347,0.9898066053336317,0.009066986089402929
currency:4,currency,subject,10,0.9985299309094747,0.991748629307205,0.006781301602269751
currency:4,currency,subject,11,0.9905353983243307,0.9647662090984258,0.025769189225904876
currency:4,currency,subject,12,0.9919682542483012,0.9157049459489909,0.07626330829931027
currency:4,currency,subject,13,0.9932437737782797,0.9534345827996731,0.03980919097860658
currency:4,currency,subject,14,0.9877470135688782,0.9488009779968045,0.038946035572073656
currency:4,currency,subject,15,0.9859566489855448,0.9263706891374155,0.05958595984812931
currency:4,currency,subject,16,0.9878910978635153,0.9491094950247895,0.03878160283872578
currency:4,currency,subject,17,0.9222617447376251,0.7112409732389179,0.21102077149870724
currency:4,currency,preanswer,0,0.871937761704127,0.9043203338303349,-0.03238257212620799
currency:4,currency,preanswer,1,0.9855819940567017,0.9890731508758935,-0.0034911568191918763
currency:4,currency,preanswer,2,0.978182832400004,0.9837323010645129,-0.005549468664508894
currency:4,currency,preanswer,3,0.9376715819040934,0.9529567536982623,-0.015285171794168884
currency:4,currency,preanswer,4,0.9396977027257284,0.9555671604519541,-0.015869457726225722
currency:4,currency,preanswer,5,0.9590573310852051,0.9692657440900803,-0.010208413004875183
currency:4,currency,preanswer,6,0.9677324295043945,0.9763052981685508,-0.008572868664156297
currency:4,currency,preanswer,7,0.9821459054946899,0.9871383163739335,-0.004992410879243514
currency:4,currency,preanswer,8,0.9794144829114279,0.9853383502499624,-0.005923867338534561
currency:4,currency,preanswer,9,0.9770476917425791,0.9828628491271626,-0.005815157384583491
currency:4,currency,preanswer,10,0.9835973381996155,0.9875206158242442,-0.00392327762462874
currency:4,currency,preanswer,11,0.9535033901532491,0.9644265080040152,-0.010923117850766051
currency:4,currency,preanswer,12,0.9605041344960531,0.8213721093806353,0.13913202511541778
currency:4,currency,preanswer,13,0.9647784332434336,0.925144778395241,0.03963365484819259
currency:4,currency,preanswer,14,0.9659177362918854,0.9405812627889893,0.02533647350289603
currency:4,currency,preanswer,15,0.9570065836111704,0.9019369378008626,0.05506964581030782
currency:4,currency,preanswer,16,0.9694892962773641,0.9404304484752092,0.029058847802154952
currency:4,currency,preanswer,17,0.8149254123369852,0.7296513813463125,0.08527403099067277
currency:5,currency,subject,0,0.9995797971884409,0.48851443302224984,0.5110653641661911
currency:5,currency,subject,1,0.9999502698580424,0.98061868887056,0.019331580987482333
currency:5,currency,subject,2,0.9996167321999868,0.9257693182338368,0.07384741396615002
currency:5,currency,subject,3,0.9998514453570048,0.8774110522459854,0.1224403931110194
currency:5,currency,subject,4,0.9998238484064738,0.9052808687768199,0.09454297962965386
currency:5,currency,subject,5,0.9998440245787302,0.9572517810897394,0.04259224348899082
currency:5,currency,subject,6,0.9997066458066305,0.9494188519364054,0.050287793870225084
currency:5,currency,subject,7,0.999769409497579,0.9467286931520159,0.053040716345563066
currency:5,currency,subject,8,0.9997476041316986,0.9678341868248853,0.031913417306813296
currency:5,currency,subject,9,0.9997578759988149,0.972012573345141,0.02774530265367392
currency:5,currency,subject,10,0.9997582733631134,0.9777607697654854,0.021997503597627976
currency:5,currency,subject,11,0.9996406038602194,0.925359172238545,0.07428143162167433
currency:5,currency,subject,12,0.999345471461614,0.8337352201342583,0.16561025132735574
currency:5,currency,subject,13,0.999133418003718,0.8507478487762538,0.14838556922746426
currency:5,currency,subject,14,0.9987521568934122,0.836320739578117,0.1624314173152952
currency:5,currency,subject,15,0.9984384377797445,0.7863112203776836,0.21212721740206086
currency:5,currency,subject,16,0.9984320799509684,0.851973990147764,0.1464580898032044
currency:5,currency,subject,17,0.9885284304618835,0.13248883248095147,0.8560395979809321
currency:5,currency,preanswer,0,0.8731425702571869,0.9045233289626512,-0.03138075870546431
currency:5,currency,preanswer,1,0.9846593340237936,0.9887279011309147,-0.004068567107121113
currency:5,currency,preanswer,2,0.9781823058923086,0.9836471243338152,-0.0054648184415065915
currency:5,currency,preanswer,3,0.9363634884357452,0.95246735452251,-0.01610386608676473
currency:5,currency,preanswer,4,0.9375388622283936,0.9546339698135853,-0.017095107585191727
currency:5,currency,preanswer,5,0.9538721044858297,0.9671702527187087,-0.013298148232879003
currency:5,currency,preanswer,6,0.9694037934144338,0.9767753786661408,-0.007371585251707002
currency:5,currency,preanswer,7,0.9844529032707214,0.9878435429524292,-0.003390639681707719
currency:5,currency,preanswer,8,0.9809780617554983,0.9857184781946919,-0.004740416439193651
currency:5,currency,preanswer,9,0.9775631229082743,0.982836969874122,-0.0052738469658476506
currency:5,currency,preanswer,10,0.9837524990240732,0.9873910407451066,-0.003638541721033395
currency:5,currency,preanswer,11,0.9541042447090149,0.9641764997081324,-0.010072254999117458
currency:5,currency,preanswer,12,0.9572883049647013,0.8435902852903713,0.11369801967433002
currency:5,currency,preanswer,13,0.9624476929505666,0.9288149245760657,0.03363276837450091
currency:5,currency,preanswer,14,0.9638536969820658,0.942910916425965,0.02094278055610077
currency:5,currency,preanswer,15,0.954340934753418,0.906072311103344,0.048268623650074005
currency:5,currency,preanswer,16,0.9682885706424713,0.9422044310380112,0.0260841396044601
currency:5,currency,preanswer,17,0.8093810975551605,0.7230034291066907,0.08637766844846984
currency:6,currency,subject,0,0.9981051782766978,0.86117338727821,0.13693179099848773
currency:6,currency,subject,1,0.9998144110043844,0.9954323446886106,0.004382066315773758
currency:6,currency,subject,2,0.9997059404850006,0.9885804683647372,0.01112547212026338
currency:6,currency,subject,3,0.9998937944571177,0.9234924248673699,0.07640136958974775
currency:6,currency,subject,4,0.9989956021308899,0.9180181944234804,0.08097740770740947
currency:6,currency,subject,5,0.9997507135073344,0.9714744206179272,0.02827629288940714
currency:6,currency,subject,6,0.9994856119155884,0.9695492068474943,0.02993640506809403
currency:6,currency,subject,7,0.9993928174177805,0.9839259572327137,0.015466860185066822
currency:6,currency,subject,8,0.9991637667020162,0.9883135127072985,0.010850253994717729
currency:6,currency,subject,9,0.9988462130228678,0.9892900074747476,0.0095562055481202
currency:6,currency,subject,10,0.9985789259274801,0.9916560060598634,0.006922919867616728
currency:6,currency,subject,11,0.9906369547049204,0.9667681316760454,0.023868823028875052
currency:6,currency,subject,12,0.9910660684108734,0.9122581834142859,0.07880788499658753
currency:6,currency,subject,13,0.992404967546463,0.9534336670555852,0.038971300490877825
currency:6,currency,subject,14,0.9868348836898804,0.948918399147012,0.037916484542868334
currency:6,currency,subject,15,0.9840592443943024,0.9263403039764274,0.05771894041787495
currency:6,currency,subject,16,0.9863339364528656,0.9488685107366606,0.037465425716205036
currency:6,currency,subject,17,0.9253574709097544,0.7057613607665355,0.2195961101432189
currency:6,currency,preanswer,0,0.8754128118356069,0.9055140414698557,-0.030101229634248772
currency:6,currency,preanswer,1,0.9855649371941885,0.9890552908182144,-0.0034903536240259436
currency:6,currency,preanswer,2,0.9783302048842112,0.9837760295380246,-0.00544582465381338
currency:6,currency,preanswer,3,0.9372407297293345,0.9528079080310735,-0.015567178301739037
currency:6,currency,preanswer,4,0.9411651392777761,0.9561218311163512,-0.014956691838575065
currency:6,currency,preanswer,5,0.9600638449192047,0.9696118564090945,-0.009548011489889818
currency:6,currency,preanswer,6,0.9687666793664297,0.9766433628445322,-0.007876683478102553
currency:6,currency,preanswer,7,0.9835884769757589,0.9875127337872982,-0.003924256811539295
currency:6,currency,preanswer,8,0.9811150630315145,0.9858659509230744,-0.004750887891559863
currency:6,currency,preanswer,9,0.9775100847085317,0.9829677641391754,-0.0054576794306436804
currency:6,currency,preanswer,10,0.9841663340727488,0.9876615838571028,-0.0034952497843540042
currency:6,currency,preanswer,11,0.9574215809504191,0.965807256712155,-0.008385675761735878
currency:6,currency,preanswer,12,0.9603309532006582,0.8276513340798292,0.13267961912082904
currency:6,currency,preanswer,13,0.9670687516530355,0.9305794384669174,0.036489313186118144
currency:6,currency,preanswer,14,0.97008748849233,0.9450658515773036,0.025021636915026346
currency:6,currency,preanswer,15,0.9598538279533386,0.9066559628329494,0.053197865120389265
currency:6,currency,preanswer,16,0.9712135096391042,0.9420540004291318,0.029159509209972456
currency:6,currency,preanswer,17,0.8248449862003326,0.7156309468502348,0.10921403935009788
currency:7,currency,subject,0,0.9997367958227793,0.868588099764152,0.13114869605862733
currency:7,currency,subject,1,0.9998903572559357,0.9946914508261464,0.005198906429789263
currency:7,currency,subject,2,0.999841034412384,0.9883849339729006,0.011456100439483419
currency:7,currency,subject,3,0.999940017859141,0.930610313672911,0.06932970418622997
currency:7,currency,subject,4,0.9993017613887787,0.9264425598084927,0.07285920158028603
currency:7,currency,subject,5,0.9998726745446523,0.9754904542456974,0.024382220298954982
currency:7,currency,subject,6,0.9995280802249908,0.9753528819842772,0.02417519824071368
currency:7,currency,subject,7,0.9992958108584086,0.9846339886161414,0.014661822242267197
currency:7,currency,subject,8,0.9992787142594656,0.9890320141884413,0.01024670007102424
currency:7,currency,subject,9,0.999061514933904,0.9904520145871423,0.008609500346761778
currency:7,currency,subject,10,0.9986492494742075,0.9921554730019786,0.006493776472228929
currency:7,currency,subject,11,0.9907045960426331,0.965211999009956,0.025492597032677033
currency:7,currency,subject,12,0.9912806451320648,0.9081353738226674,0.08314527130939742
currency:7,currency,subject,13,0.9932389060656229,0.9460763514719226,0.047162554593700334
currency:7,currency,subject,14,0.988508552312851,0.9414765828035094,0.04703196950934152
currency:7,currency,subject,15,0.987426777680715,0.9231351837515831,0.06429159392913186
currency:7,currency,subject,16,0.9888999859491984,0.94702644307505,0.04187354287414835
currency:7,currency,subject,17,0.9150113264719645,0.6759161986622282,0.2390951278097363
currency:7,currency,preanswer,0,0.8729397058486938,0.9046731333840977,-0.03173342753540387
currency:7,currency,preanswer,1,0.9853265285491943,0.9888118874620307,-0.0034853589128364115
currency:7,currency,preanswer,2,0.9794905583063761,0.9840815808962692,-0.004591022589893079
currency:7,currency,preanswer,3,0.9372793436050415,0.9527898054908622,-0.015510461885820725
currency:7,currency,preanswer,4,0.9473540186882019,0.9581109593537721,-0.010756940665570203
currency:7,currency,preanswer,5,0.9613452255725861,0.9699873226610097,-0.008642097088423673
currency:7,currency,preanswer,6,0.9702896674474081,0.9771311276338317,-0.00684146018642362
currency:7,currency,preanswer,7,0.984648714462916,0.9879208383235064,-0.0032721238605903924
currency:7,currency,preanswer,8,0.9827663203080496,0.9864341186528857,-0.003667798344836104
currency:7,currency,preanswer,9,0.9776899913946787,0.983005637472326,-0.00531564607764734
currency:7,currency,preanswer,10,0.9843555192152659,0.9876648377288472,-0.003309318513581294
currency:7,currency,preanswer,11,0.9566044608751932,0.9653753499415788,-0.008770889066385568
currency:7,currency,preanswer,12,0.9567534824212393,0.8306898894635114,0.12606359295772784
currency:7,currency,preanswer,13,0.9622747500737509,0.9218415401198647,0.04043320995388611
currency:7,currency,preanswer,14,0.96689240137736,0.938760694116354,0.028131707261006
currency:7,currency,preanswer,15,0.9613413612047831,0.9009904265403748,0.06035093466440833
currency:7,currency,preanswer,16,0.9721636772155762,0.9399377083913847,0.03222596882419149
currency:7,currency,preanswer,17,0.8171659310658773,0.7052034180272709,0.11196251303860638
currency:8,currency,subject,0,0.9993783434232076,0.8327931409532373,0.16658520246997033
currency:8,currency,subject,1,0.9998178879419962,0.9942677640779451,0.005550123864051071
currency:8,currency,subject,2,0.9996987283229828,0.986985771832141,0.012712956490841809
currency:8,currency,subject,3,0.9998705387115479,0.9245123219760981,0.07535821673544973
currency:8,currency,subject,4,0.9992616375287374,0.9234807802872225,0.07578085724151495
currency:8,currency,subject,5,0.9996819198131561,0.9739762978120283,0.025705622001127804
currency:8,currency,subject,6,0.9992950061957041,0.9737612219019369,0.02553378429376718
currency:8,currency,subject,7,0.9994727472464243,0.9849876300855116,0.01448511716091272
currency:8,currency,subject,8,0.9991227189699808,0.9885713363235648,0.010551382646416085
currency:8,currency,subject,9,0.9987565676371256,0.9882334745065733,0.01052309313055233
currency:8,currency,subject,10,0.9982169369856516,0.9894746176221154,0.0087423193635362
currency:8,currency,subject,11,0.9892312288284302,0.9577742435715415,0.03145698525688867
currency:8,currency,subject,12,0.9895033538341522,0.907629494978623,0.08187385885552922
currency:8,currency,subject,13,0.9911356369654337,0.9481617913327434,0.042973845632690355
currency:8,currency,subject,14,0.9858505427837372,0.9425601204010573,0.04329042238267988
currency:8,currency,subject,15,0.9820597469806671,0.9193763194436376,0.06268342753702949
currency:8,currency,subject,16,0.9847907324632009,0.9443626630712639,0.040428069391936994
currency:8,currency,subject,17,0.9099371234575907,0.6749424482695758,0.23499467518801487
currency:8,currency,preanswer,0,0.8696916202704111,0.9035259593616832,-0.03383433909127209
currency:8,currency,preanswer,1,0.985729306936264,0.9891036572781476,-0.003374350341883603
currency:8,currency,preanswer,2,0.97843270500501,0.9837900417094881,-0.005357336704478133
currency:8,currency,preanswer,3,0.9353925585746765,0.9521695226430893,-0.01677696406841278
currency:8,currency,preanswer,4,0.9399923980236053,0.9557046714154157,-0.01571227339181036
currency:8,currency,preanswer,5,0.9567885796229044,0.9684616567736323,-0.01167307715072785
currency:8,currency,preanswer,6,0.9682552119096121,0.9764785160395232,-0.008223304129911124
currency:8,currency,preanswer,7,0.9839694599310557,0.9877538518472151,-0.003784391916159424
currency:8,currency,preanswer,8,0.9822904864947001,0.9862962524321947,-0.0040057659374945764
currency:8,currency,preanswer,9,0.978231300910314,0.9832245524634015,-0.004993251553087497
currency:8,currency,preanswer,10,0.9848184088865916,0.9878448234363035,-0.0030264145497119754
currency:8,currency,preanswer,11,0.9588451484839121,0.965533278205178,-0.0066881297212658675
currency:8,currency,preanswer,12,0.9598335226376852,0.8372267901220105,0.12260673251567467
currency:8,currency,preanswer,13,0.9672501186529795,0.9252531338821758,0.041996984770803714
currency:8,currency,preanswer,14,0.9691491226355234,0.9399053928526965,0.029243729782826966
currency:8,currency,preanswer,15,0.9563439091046652,0.899663357572122,0.056680551532543144
currency:8,currency,preanswer,16,0.9682895342508951,0.9374420392242345,0.03084749502666062
currency:8,currency,preanswer,17,0.8115555047988892,0.6995367697355422,0.11201873506334692
currency:9,currency,subject,0,0.9984181026617686,0.8687577572735873,0.12966034538818128
currency:9,currency,subject,1,0.9998869995276133,0.9954089288684455,0.004478070659167832
currency:9,currency,subject,2,0.9997961719830831,0.9885350394655358,0.011261132517547345
currency:9,currency,subject,3,0.999904453754425,0.931270587512038,0.0686338662423871
currency:9,currency,subject,4,0.9993304212888082,0.9255925278094682,0.07373789347934001
currency:9,currency,subject,5,0.9997642536958059,0.9748125377703797,0.02495171592542622
currency:9,currency,subject,6,0.9994794329007467,0.9752938127653166,0.02418562013543013
currency:9,currency,subject,7,0.9995504220326742,0.9852961552414027,0.014254266791271508
currency:9,currency,subject,8,0.9992653926213583,0.988972704518925,0.010292688102433223
currency:9,currency,subject,9,0.9989809195200602,0.9902990565381267,0.008681862981933519
currency:9,currency,subject,10,0.9985366066296896,0.9918122504922476,0.006724356137441934
currency:9,currency,subject,11,0.9915668964385986,0.9666662334718488,0.024900662966749865
currency:9,currency,subject,12,0.9920313060283661,0.9160945591601458,0.07593674686822027
currency:9,currency,subject,13,0.993382861216863,0.952773510732434,0.04060935048442904
currency:9,currency,subject,14,0.9876621663570404,0.9470395892858505,0.04062257707118988
currency:9,currency,subject,15,0.9843695263067881,0.920344262976538,0.06402526333025005
currency:9,currency,subject,16,0.987125019232432,0.9450985139066522,0.042026505325779784
currency:9,currency,subject,17,0.9199874897797903,0.6592444488037885,0.26074304097600176
currency:9,currency,preanswer,0,0.8755143483479818,0.9055124951357191,-0.029998146787737268
currency:9,currency,preanswer,1,0.9856576422850291,0.9890920120206746,-0.0034343697356455927
currency:9,currency,preanswer,2,0.9788041015466055,0.9839425950565122,-0.005138493509906694
currency:9,currency,preanswer,3,0.936004251241684,0.9523939341306686,-0.01638968288898468
currency:9,currency,preanswer,4,0.94242395957311,0.9565498493611813,-0.014125889788071277
currency:9,currency,preanswer,5,0.9589351812998453,0.9691664701835676,-0.010231288883722267
currency:9,currency,preanswer,6,0.9694744447867075,0.9768320430408824,-0.007357598254174924
currency:9,currency,preanswer,7,0.9841998020807902,0.987618703733791,-0.00341890165300085
currency:9,currency,preanswer,8,0.9819296995798746,0.9860761934383349,-0.004146493858460221
currency:9,currency,preanswer,9,0.9778182407220205,0.9830646687610582,-0.005246428039037743
currency:9,currency,preanswer,10,0.9845903118451437,0.9877769655802033,-0.0031866537350596635
currency:9,currency,preanswer,11,0.9581740299860636,0.9660932076248255,-0.007919177638761932
currency:9,currency,preanswer,12,0.9617754618326823,0.828735692257231,0.13303976957545127
currency:9,currency,preanswer,13,0.9675106306870779,0.9277051900598136,0.03980544062726432
currency:9,currency,preanswer,14,0.9702663421630859,0.9429912116717208,0.027275130491365096
currency:9,currency,preanswer,15,0.9624589284261068,0.8981254510581493,0.06433347736795747
currency:9,currency,preanswer,16,0.9728718896706899,0.9381664375012572,0.03470545216943277
currency:9,currency,preanswer,17,0.8243197898070017,0.6975662063129924,0.12675358349400934
currency:10,currency,subject,0,0.9997706810633341,0.8569315578788519,0.14283912318448222
currency:10,currency,subject,1,0.9998079041639963,0.9933708134022626,0.00643709076173371
currency:10,currency,subject,2,0.9996736447016398,0.9872780499810522,0.0123955947205876
currency:10,currency,subject,3,0.9998855888843536,0.9279312261126258,0.07195436277172784
currency:10,currency,subject,4,0.9992444316546122,0.9206303273412314,0.07861410431338078
currency:10,currency,subject,5,0.9998651444911957,0.9739736592905088,0.025891485200686848
currency:10,currency,subject,6,0.9995823403199514,0.9741773110899058,0.025405029230045617
currency:10,currency,subject,7,0.9992996354897817,0.9838923547755588,0.015407280714222926
currency:10,currency,subject,8,0.9992108841737112,0.9891861379146576,0.010024746259053585
currency:10,currency,subject,9,0.9989585975805918,0.9900871545753696,0.008871443005222246
currency:10,currency,subject,10,0.9985565543174744,0.9919494370167906,0.006607117300683751
currency:10,currency,subject,11,0.9908401072025299,0.9662538319826126,0.024586275219917297
currency:10,currency,subject,12,0.9920527438322703,0.9140138558366082,0.07803888799566205
currency:10,currency,subject,13,0.993507077296575,0.9474837712266229,0.046023306069952086
currency:10,currency,subject,14,0.9885319968064626,0.9425558894872665,0.0459761073191961
currency:10,currency,subject,15,0.9875059227148691,0.9211303615434603,0.06637556117140886
currency:10,currency,subject,16,0.9889021714528402,0.9458194500343367,0.043082721418503556
currency:10,currency,subject,17,0.9126794040203094,0.6636038663246754,0.24907553769563406
currency:10,currency,preanswer,0,0.8738233844439188,0.9049616930159655,-0.03113830857204669
currency:10,currency,preanswer,1,0.9854032496611277,0.9888894381848249,-0.003486188523697198
currency:10,currency,preanswer,2,0.9791817665100098,0.9839520325714891,-0.004770266061479345
currency:10,currency,preanswer,3,0.9385934074719747,0.9532386416738684,-0.014645234201893675
currency:10,currency,preanswer,4,0.9477933843930563,0.9582032547755674,-0.010409870382511177
currency:10,currency,preanswer,5,0.9592875142892202,0.9693193940276449,-0.010031879738424676
currency:10,currency,preanswer,6,0.9697860479354858,0.976984113116156,-0.007198065180670121
currency:10,currency,preanswer,7,0.9842767715454102,0.9877707622945309,-0.0034939907491207123
currency:10,currency,preanswer,8,0.9831772049268087,0.9865353374995969,-0.003358132572788164
currency:10,currency,preanswer,9,0.9778613646825155,0.9829723045907237,-0.005110939908208212
currency:10,currency,preanswer,10,0.9843123157819113,0.9876288297501478,-0.003316513968236512
currency:10,currency,preanswer,11,0.9561357498168945,0.9649796428328211,-0.008843893015926585
currency:10,currency,preanswer,12,0.9574269453684489,0.8369164924052629,0.12051045296318597
currency:10,currency,preanswer,13,0.9618563254674276,0.9224096109921281,0.03944671447529946
currency:10,currency,preanswer,14,0.9660931428273519,0.9394137009300969,0.02667944189725502
currency:10,currency,preanswer,15,0.9610060354073843,0.9044366641478105,0.05656937125957373
currency:10,currency,preanswer,16,0.9712924659252167,0.9421414607627825,0.029151005162434185
currency:10,currency,preanswer,17,0.81777956088384,0.715713188729503,0.102066372154337
currency:11,currency,subject,0,0.9998228251934052,0.856426915153861,0.1433959100395441
currency:11,currency,subject,1,0.9998897612094879,0.9944548464634202,0.0054349147460677205
currency:11,currency,subject,2,0.9997559388478597,0.988005287267945,0.011750651579914728
currency:11,currency,subject,3,0.9998553097248077,0.9202380288730968,0.07961728085171094
currency:11,currency,subject,4,0.9993546505769094,0.9096121246164496,0.08974252596045984
currency:11,currency,subject,5,0.999811589717865,0.9703009311448444,0.0295106585730206
currency:11,currency,subject,6,0.999520609776179,0.9716036641462282,0.02791694562995073
currency:11,currency,subject,7,0.9995644688606262,0.9834491695192727,0.016115299341353473
currency:11,currency,subject,8,0.9992476801077524,0.9865748113529249,0.012672868754827538
currency:11,currency,subject,9,0.9989940524101257,0.988216756419702,0.010777295990423763
currency:11,currency,subject,10,0.9986033538977305,0.9905332154171034,0.008070138480627098
currency:11,currency,subject,11,0.9905880888303121,0.9639783542264592,0.026609734603852964
currency:11,currency,subject,12,0.9927239318688711,0.9111228615722873,0.08160107029658381
currency:11,currency,subject,13,0.9942005177338918,0.951432962986556,0.042767554747335845
currency:11,currency,subject,14,0.9912989437580109,0.9488151435824957,0.04248380017551512
currency:11,currency,subject,15,0.9898331463336945,0.9262756200676615,0.06355752626603295
currency:11,currency,subject,16,0.9909965495268503,0.9492514255371961,0.04174512398965424
currency:11,currency,subject,17,0.9249489406744639,0.6788191738623109,0.24612976681215293
currency:11,currency,preanswer,0,0.8716749747594198,0.9041504365476695,-0.03247546178824967
currency:11,currency,preanswer,1,0.9852365056673685,0.98894424025308,-0.0037077345857114974
currency:11,currency,preanswer,2,0.9788756767908732,0.9839635935019363,-0.005087916711063123
currency:11,currency,preanswer,3,0.9374584257602692,0.9528865858235143,-0.0154281600632451
currency:11,currency,preanswer,4,0.9437298874060313,0.9569431861693208,-0.013213298763289583
currency:11,currency,preanswer,5,0.9602121313412985,0.9696270196952603,-0.00941488835396187
currency:11,currency,preanswer,6,0.9701820512612661,0.9770721711895682,-0.00689011992830213
currency:11,currency,preanswer,7,0.9840694268544515,0.987728318030184,-0.0036588911757324816
currency:11,currency,preanswer,8,0.9819338619709015,0.986129027875987,-0.004195165905085507
currency:11,currency,preanswer,9,0.978018045425415,0.9831219102171335,-0.0051038647917184266
currency:11,currency,preanswer,10,0.9833216667175293,0.987247496843338,-0.003925830125808716
currency:11,currency,preanswer,11,0.9534905254840851,0.9640921286561273,-0.010601603172042173
currency:11,currency,preanswer,12,0.9582715829213461,0.8235099034553225,0.13476167946602358
currency:11,currency,preanswer,13,0.9605244795481364,0.9232142523608424,0.03731022718729393
currency:11,currency,preanswer,14,0.9626133739948273,0.9393905069340359,0.023222867060791352
currency:11,currency,preanswer,15,0.9554252227147421,0.9044813669540666,0.050943855760675505
currency:11,currency,preanswer,16,0.9688828190167745,0.9420362003147602,0.026846618702014324
currency:11,currency,preanswer,17,0.8114808201789856,0.7282170517878099,0.08326376839117566
headquarters:0,headquarters,subject,0,0.9979206720987955,0.9068237109617754,0.09109696113702015
headquarters:0,headquarters,subject,1,0.9997031291325887,0.9946589347991076,0.0050441943334811334
headquarters:0,headquarters,subject,2,0.9995621144771576,0.9921020452271808,0.007460069249976775
headquarters:0,headquarters,subject,3,0.9997603992621104,0.9113959046927366,0.08836449456937379
headquarters:0,headquarters,subject,4,0.9994117220242819,0.901659070090814,0.09775265193346783
headquarters:0,headquarters,subject,5,0.9997512896855673,0.9629693847488273,0.03678190493673994
headquarters:0,headquarters,subject,6,0.9995428522427877,0.9737833555449139,0.025759496697873807
headquarters:0,headquarters,subject,7,0.9994964897632599,0.985468099063093,0.014028390700166926
headquarters:0,headquarters,subject,8,0.9993171890576681,0.9879236526109956,0.011393536446672514
headquarters:0,headquarters,subject,9,0.9991536537806193,0.9899469143287702,0.009206739451849022
headquarters:0,headquarters,subject,10,0.9989909927050272,0.9921505542641337,0.006840438440893548
headquarters:0,headquarters,subject,11,0.9948625167210897,0.9640154046091166,0.030847112111973107
headquarters:0,headquarters,subject,12,0.9949065943559011,0.9107261035930027,0.08418049076289846
headquarters:0,headquarters,subject,13,0.9954745670159658,0.9430680224163965,0.05240654459956928
headquarters:0,headquarters,subject,14,0.991935928662618,0.9339976344596256,0.05793829420299246
headquarters:0,headquarters,subject,15,0.9911015629768372,0.9205804670398886,0.07052109593694855
headquarters:0,headquarters,subject,16,0.9903376499811808,0.9424983591518619,0.047839290829318926
headquarters:0,headquarters,subject,17,0.9478184878826141,0.620533290234479,0.32728519764813513
headquarters:0,headquarters,preanswer,0,0.8757942616939545,0.9061103381893851,-0.030316076495430666
headquarters:0,headquarters,preanswer,1,0.9834402203559875,0.9876033883880485,-0.00416316803206096
headquarters:0,headquarters,preanswer,2,0.9689742624759674,0.9766635529019616,-0.0076892904259942
headquarters:0,headquarters,preanswer,3,0.9128909210364023,0.9355724894187667,-0.022681568382364348
headquarters:0,headquarters,preanswer,4,0.9347839256127676,0.9509001794186506,-0.016116253805882996
headquarters:0,headquarters,preanswer,5,0.9427675008773804,0.9577041583305056,-0.014936657453125224
headquarters:0,headquarters,preanswer,6,0.9528805315494537,0.9645988202907823,-0.01171828874132852
headquarters:0,headquarters,preanswer,7,0.9740903476874033,0.9805356782268394,-0.006445330539436078
headquarters:0,headquarters,preanswer,8,0.9796712795893351,0.9845903925597668,-0.004919112970431683
headquarters:0,headquarters,preanswer,9,0.9773995379606882,0.9827200370756063,-0.005320499114918054
headquarters:0,headquarters,preanswer,10,0.9812484184900919,0.9853502454405482,-0.004101826950456244
headquarters:0,headquarters,preanswer,11,0.9505994220574697,0.9615547396242619,-0.010955317566792133
headquarters:0,headquarters,preanswer,12,0.9425491293271383,0.8461113230071284,0.09643780632000987
headquarters:0,headquarters,preanswer,13,0.9529361426830292,0.9263035329905424,0.02663260969248682
headquarters:0,headquarters,preanswer,14,0.960610826810201,0.9419446509670127,0.018666175843188304
headquarters:0,headquarters,preanswer,15,0.9525493184725443,0.9267959415235303,0.02575337694901403
headquarters:0,headquarters,preanswer,16,0.9660439789295197,0.9538519172505899,0.012192061678929722
headquarters:0,headquarters,preanswer,17,0.7824038167794546,0.7564487149092284,0.025955101870226205
headquarters:1,headquarters,subject,0,0.9995967447757721,0.909867737442255,0.08972900733351707
headquarters:1,headquarters,subject,1,0.9998944103717804,0.995076116851785,0.004818293519995409
headquarters:1,headquarters,subject,2,0.9998186131318411,0.9937989119101655,0.006019701221675611
headquarters:1,headquarters,subject,3,0.9998014171918234,0.9075682725418698,0.09223314464995358
headquarters:1,headquarters,subject,4,0.9995524187882742,0.8964841176163066,0.10306830117196752
headquarters:1,headquarters,subject,5,0.999757339557012,0.9627711546014656,0.0369861849555464
headquarters:1,headquarters,subject,6,0.9996137817700704,0.9749566753479567,0.024657106422113717
headquarters:1,headquarters,subject,7,0.9994382560253143,0.986361941153353,0.01307631487196137
headquarters:1,headquarters,subject,8,0.9993517200152079,0.9880702966316179,0.01128142338358995
headquarters:1,headquarters,subject,9,0.9992532630761465,0.9903293702412735,0.008923892834872937
headquarters:1,headquarters,subject,10,0.9990366796652476,0.9924595007164911,0.006577178948756424
headquarters:1,headquarters,subject,11,0.9947176376978556,0.9685670635239645,0.026150574173891106
headquarters:1,headquarters,subject,12,0.9952928225199381,0.9267017004842107,0.06859112203572737
headquarters:1,headquarters,subject,13,0.995878279209137,0.95601083135063,0.03986744785850693
headquarters:1,headquarters,subject,14,0.9919218520323435,0.9476863785900853,0.0442354734422582
headquarters:1,headquarters,subject,15,0.9907810986042023,0.933463859625838,0.05731723897836427
headquarters:1,headquarters,subject,16,0.99009437362353,0.9505648375912146,0.03952953603231546
headquarters:1,headquarters,subject,17,0.9356953998406728,0.6517711261456663,0.2839242736950065
headquarters:1,headquarters,preanswer,0,0.8754784961541494,0.906048754399473,-0.030570258245323556
headquarters:1,headquarters,preanswer,1,0.9835403164227804,0.9876442741263997,-0.004103957703619265
headquarters:1,headquarters,preanswer,2,0.9686331947644552,0.9765527610751715,-0.00791956631071633
headquarters:1,headquarters,preanswer,3,0.9147349794705709,0.9362265227193182,-0.021491543248747247
headquarters:1,headquarters,preanswer,4,0.93397256731987,0.9506941911849108,-0.016721623865040836
headquarters:1,headquarters,preanswer,5,0.9413781563440958,0.9572132863104343,-0.015835129966338513
headquarters:1,headquarters,preanswer,6,0.9525976181030273,0.9645115624774586,-0.011913944374431273
headquarters:1,headquarters,preanswer,7,0.9741398394107819,0.9805610102008689,-0.006421170790087083
headquarters:1,headquarters,preanswer,8,0.9796802600224813,0.9846007332883098,-0.004920473265828451
headquarters:1,headquarters,preanswer,9,0.9774753550688425,0.9827646155926314,-0.0052892605237888635
headquarters:1,headquarters,preanswer,10,0.9811493257681528,0.985321163453839,-0.004171837685686186
headquarters:1,headquarters,preanswer,11,0.949437548716863,0.9612429114905271,-0.011805362773664063
headquarters:1,headquarters,preanswer,12,0.9337836603323618,0.834717120975256,0.09906653935710585
headquarters:1,headquarters,preanswer,13,0.9491358200709025,0.9194541454992511,0.029681674571651384
headquarters:1,headquarters,preanswer,14,0.9555986622969309,0.9358150318942287,0.019783630402702257
headquarters:1,headquarters,preanswer,15,0.9492247303326925,0.9222808151759885,0.026943915156704024
headquarters:1,headquarters,preanswer,16,0.9638381997744242,0.9521238993514668,0.011714300422957402
headquarters:1,headquarters,preanswer,17,0.7624219059944153,0.7481766884977167,0.014245217496698603
headquarters:2,headquarters,subject,0,0.9996231297651926,0.9206310784952207,0.07899205126997189
headquarters:2,headquarters,subject,1,0.9998572866121928,0.995541622015563,0.004315664596629798
headquarters:2,headquarters,subject,2,0.9997841318448385,0.9936036623337052,0.006180469511133269
headquarters:2,headquarters,subject,3,0.9998814264933268,0.9159156927330927,0.08396573376023408
headquarters:2,headquarters,subject,4,0.9996495842933655,0.9044958461414684,0.0951537381518971
headquarters:2,headquarters,subject,5,0.9998382727305094,0.9672485440969467,0.03258972863356269
headquarters:2,headquarters,subject,6,0.9996267954508463,0.9777070459994402,0.021919749451406068
headquarters:2,headquarters,subject,7,0.9995248814423879,0.9874122095378962,0.012112671904491723
headquarters:2,headquarters,subject,8,0.9993369281291962,0.9890183349224654,0.010318593206730786
headquarters:2,headquarters,subject,9,0.9992292622725168,0.9909123754636808,0.008316886808836021
headquarters:2,headquarters,subject,10,0.9988844096660614,0.9923979975283146,0.006486412137746811
headquarters:2,headquarters,subject,11,0.9929407636324564,0.9684652086686004,0.024475554963856005
headquarters:2,headquarters,subject,12,0.993097186088562,0.927532205527479,0.06556498056108306
headquarters:2,headquarters,subject,13,0.9944676657517751,0.958640115504915,0.03582755024686013
headquarters:2,headquarters,subject,14,0.990405410528183,0.9522028958255594,0.03820251470262359
headquarters:2,headquarters,subject,15,0.9884075224399567,0.9328749633648179,0.055532559075138765
headquarters:2,headquarters,subject,16,0.9884465336799622,0.9508820199830965,0.03756451369686564
headquarters:2,headquarters,subject,17,0.9287548164526621,0.6835461170835928,0.2452086993690693
headquarters:2,headquarters,preanswer,0,0.8752887646357218,0.9059837016869675,-0.030694937051245708
headquarters:2,headquarters,preanswer,1,0.9838557740052541,0.9877446757798846,-0.0038889017746304155
headquarters:2,headquarters,preanswer,2,0.9690240919589996,0.9766822470860048,-0.007658155127005184
headquarters:2,headquarters,preanswer,3,0.9153498609860738,0.9364282803779299,-0.021078419391856063
headquarters:2,headquarters,preanswer,4,0.9331612388292948,0.9503888416696679,-0.017227602840373057
headquarters:2,headquarters,preanswer,5,0.9444563885529836,0.9582904357124459,-0.013834047159462237
headquarters:2,headquarters,preanswer,6,0.9534891148408254,0.9648176875304092,-0.01132857268958376
headquarters:2,headquarters,preanswer,7,0.9745685458183289,0.9806864596903324,-0.006117913872003555
headquarters:2,headquarters,preanswer,8,0.9788129230340322,0.9842710054733537,-0.005458082439321443
headquarters:2,headquarters,preanswer,9,0.9770051737626394,0.9825817160308361,-0.005576542268196705
headquarters:2,headquarters,preanswer,10,0.9814337690671285,0.9853975085372274,-0.00396373947009887
headquarters:2,headquarters,preanswer,11,0.9545709391434988,0.9628030596808954,-0.008232120537396637
headquarters:2,headquarters,preanswer,12,0.9483925402164459,0.8613500266589902,0.08704251355745574
headquarters:2,headquarters,preanswer,13,0.9592338800430298,0.9308880560777404,0.028345823965289396
headquarters:2,headquarters,preanswer,14,0.9647847314675649,0.9448406164619055,0.019944115005659402
headquarters:2,headquarters,preanswer,15,0.9560100436210632,0.9301255524835803,0.025884491137482923
headquarters:2,headquarters,preanswer,16,0.9683342973391215,0.9557656144553964,0.012568682883725035
headquarters:2,headquarters,preanswer,17,0.7919587592283884,0.7641532207754526,0.027805538452935874
headquarters:3,headquarters,subject,0,0.999611516793569,0.9224373610182242,0.07717415577534481
headquarters:3,headquarters,subject,1,0.9998589754104614,0.996039925312454,0.003819050098007426
headquarters:3,headquarters,subject,2,0.9997653067111969,0.9943887486376546,0.005376558073542315
headquarters:3,headquarters,subject,3,0.9997893273830414,0.9122634547000582,0.08752587268298317
headquarters:3,headquarters,subject,4,0.9995104769865671,0.8999938890337944,0.09951658795277274
headquarters:3,headquarters,subject,5,0.9997220834096273,0.9644755514507944,0.03524653195883287
headquarters:3,headquarters,subject,6,0.9995502034823099,0.9760598147457297,0.02349038873658027
headquarters:3,headquarters,subject,7,0.9993291795253754,0.9870225868441842,0.012306592681191164
headquarters:3,headquarters,subject,8,0.9993138015270233,0.9886044233360074,0.010709378191015917
headquarters:3,headquarters,subject,9,0.9992616474628448,0.99072096564553,0.008540681817314821
headquarters:3,headquarters,subject,10,0.9990094800790151,0.9926648837598887,0.006344596319126428
headquarters:3,headquarters,subject,11,0.9935671389102936,0.9679722067984667,0.02559493211182684
headquarters:3,headquarters,subject,12,0.9930336177349091,0.9268424768339504,0.06619114090095868
headquarters:3,headquarters,subject,13,0.9943603177865347,0.9569730121981014,0.037387305588433284
headquarters:3,headquarters,subject,14,0.9895812074343363,0.9496348015964031,0.039946405837933185
headquarters:3,headquarters,subject,15,0.9873877565066019,0.9312963749874722,0.056091381519129735
headquarters:3,headquarters,subject,16,0.9873989125092825,0.9489518912001089,0.038447021309173546
headquarters:3,headquarters,subject,17,0.9309898018836975,0.6438839479603551,0.2871058539233424
headquarters:3,headquarters,preanswer,0,0.8752624988555908,0.9060023789378729,-0.030739880082282123
headquarters:3,headquarters,preanswer,1,0.983284056186676,0.9875569367273287,-0.004272880540652668
headquarters:3,headquarters,preanswer,2,0.9687273403008779,0.9765867716209455,-0.007859431320067611
headquarters:3,headquarters,preanswer,3,0.9143045047918955,0.9360802268440073,-0.021775722052111757
headquarters:3,headquarters,preanswer,4,0.9314588407675425,0.9498196213760159,-0.01836078060847346
headquarters:3,headquarters,preanswer,5,0.9450351794560751,0.9584609436040575,-0.013425764147982466
headquarters:3,headquarters,preanswer,6,0.9522562424341837,0.9643555727194656,-0.012099330285281873
headquarters:3,headquarters,preanswer,7,0.9744984904925028,0.9806782047856938,-0.006179714293190974
headquarters:3,headquarters,preanswer,8,0.97897935907046,0.9843555956401608,-0.005376236569700876
headquarters:3,headquarters,preanswer,9,0.9765630861123403,0.9824554551054131,-0.005892368993072772
headquarters:3,headquarters,preanswer,10,0.9807097812493643,0.9852139726281166,-0.0045041913787523535
headquarters:3,headquarters,preanswer,11,0.9510979751745859,0.9618456085974519,-0.010747633422865999
headquarters:3,headquarters,preanswer,12,0.9406443436940511,0.8568159047175538,0.08382843897649739
headquarters:3,headquarters,preanswer,13,0.9529916842778524,0.9258940324864604,0.027097651791392008
headquarters:3,headquarters,preanswer,14,0.9593630830446879,0.9412908425385301,0.018072240506157744
headquarters:3,headquarters,preanswer,15,0.9506166676680247,0.9267786179076541,0.023838049760370517
headquarters:3,headquarters,preanswer,16,0.964848260084788,0.9540156796574593,0.010832580427328709
headquarters:3,headquarters,preanswer,17,0.7891593078772227,0.7659184688871558,0.023240838990066903
headquarters:4,headquarters,subject,0,0.9983746906121572,0.8883963044394146,0.10997838617274258
headquarters:4,headquarters,subject,1,0.9994233946005503,0.9938792217184197,0.005544172882130605
headquarters:4,headquarters,subject,2,0.9990285336971283,0.9905674589628523,0.008461074734276042
headquarters:4,headquarters,subject,3,0.9997642338275909,0.892056099393151,0.10770813443443994
headquarters:4,headquarters,subject,4,0.9991921484470367,0.8792627738280729,0.1199293746189638
headquarters:4,headquarters,subject,5,0.9993219474951426,0.951479237865318,0.04784270962982462
headquarters:4,headquarters,subject,6,0.9993487000465393,0.966723411259326,0.03262528878721327
headquarters:4,headquarters,subject,7,0.999202718337377,0.98389677263119,0.01530594570618693
headquarters:4,headquarters,subject,8,0.9991070032119751,0.9857317195697264,0.013375283642248714
headquarters:4,headquarters,subject,9,0.999076376358668,0.9881712438708002,0.01090513248786773
headquarters:4,headquarters,subject,10,0.998904824256897,0.9905414005572145,0.00836342369968246
headquarters:4,headquarters,subject,11,0.9942842721939087,0.9585896960713647,0.03569457612254401
headquarters:4,headquarters,subject,12,0.9939957757790884,0.9042051725766875,0.08979060320240084
headquarters:4,headquarters,subject,13,0.9947081804275513,0.9422353705899282,0.052472809837623036
headquarters:4,headquarters,subject,14,0.9920758406321207,0.9345464567569169,0.05752938387520379
headquarters:4,headquarters,subject,15,0.9913517634073893,0.9211938299916007,0.07015793341578858
headquarters:4,headquarters,subject,16,0.9918473362922668,0.9449855956164274,0.04686174067583948
headquarters:4,headquarters,subject,17,0.9454329311847687,0.5469924033704129,0.3984405278143558
headquarters:4,headquarters,preanswer,0,0.8729075094064077,0.9051036214963957,-0.03219611208998796
headquarters:4,headquarters,preanswer,1,0.983780195315679,0.9877142110331492,-0.003934015717470207
headquarters:4,headquarters,preanswer,2,0.9695375661055247,0.9768403795632449,-0.007302813457720214
headquarters:4,headquarters,preanswer,3,0.9167913595835367,0.9369118183173917,-0.02012045873385493
headquarters:4,headquarters,preanswer,4,0.9362224141756693,0.9513800686055963,-0.015157654429927003
headquarters:4,headquarters,preanswer,5,0.94229723016421,0.9575351994823326,-0.015237969318122602
headquarters:4,headquarters,preanswer,6,0.9532724916934967,0.964709612456235,-0.011437120762738284
headquarters:4,headquarters,preanswer,7,0.9741899073123932,0.9805283617566932,-0.006338454444300035
headquarters:4,headquarters,preanswer,8,0.9797577261924744,0.9845802953297441,-0.00482256913726975
headquarters:4,headquarters,preanswer,9,0.9767612020174662,0.9824650832875208,-0.0057038812700546115
headquarters:4,headquarters,preanswer,10,0.9806172549724579,0.9850586297159846,-0.004441374743526683
headquarters:4,headquarters,preanswer,11,0.9417466819286346,0.957954737950455,-0.016208056021820405
headquarters:4,headquarters,preanswer,12,0.9397027889887491,0.8429209061644294,0.09678188282431976
headquarters:4,headquarters,preanswer,13,0.9544764459133148,0.923650844191963,0.030825601721351847
headquarters:4,headquarters,preanswer,14,0.9600936671098074,0.9390614408661019,0.021032226243705487
headquarters:4,headquarters,preanswer,15,0.9542794724305471,0.9246689507907088,0.02961052163983835
headquarters:4,headquarters,preanswer,16,0.9677959779898325,0.9529050707139752,0.01489090727585729
headquarters:4,headquarters,preanswer,17,0.7832950750986735,0.7539864521134984,0.029308622985175115
headquarters:5,headquarters,subject,0,0.9994801779588064,0.9255578538233583,0.07392232413544808
headquarters:5,headquarters,subject,1,0.9998702804247538,0.9952612380412492,0.004609042383504569
headquarters:5,headquarters,subject,2,0.9997992912928263,0.9913862537253987,0.008413037567427617
headquarters:5,headquarters,subject,3,0.999798446893692,0.9040362658825788,0.09576218101111322
headquarters:5,headquarters,subject,4,0.9994443953037262,0.896425719965588,0.10301867533813824
headquarters:5,headquarters,subject,5,0.9997463524341583,0.9631375714459203,0.036608780988238054
headquarters:5,headquarters,subject,6,0.9995030760765076,0.9750028973953291,0.024500178681178486
headquarters:5,headquarters,subject,7,0.9994454185167948,0.986454420469024,0.012990998047770819
headquarters:5,headquarters,subject,8,0.9992449283599854,0.9881931580603123,0.01105177029967308
headquarters:5,headquarters,subject,9,0.9990973969300588,0.9901312752203508,0.008966121709708008
headquarters:5,headquarters,subject,10,0.9987288614114126,0.9920878532257947,0.006641008185617858
headquarters:5,headquarters,subject,11,0.9929815431435903,0.9675550796091557,0.025426463534434673
headquarters:5,headquarters,subject,12,0.9922608037789663,0.9182596111839468,0.07400119259501947
headquarters:5,headquarters,subject,13,0.9937646488348643,0.9536420320245352,0.040122616810329026
headquarters:5,headquarters,subject,14,0.9891166687011719,0.9474816633896395,0.041635005311532414
headquarters:5,headquarters,subject,15,0.9868543148040771,0.923658722164956,0.06319559263912111
headquarters:5,headquarters,subject,16,0.986947109301885,0.9438041648404165,0.04314294446146849
headquarters:5,headquarters,subject,17,0.9222873648007711,0.65948901664127,0.2627983481595011
headquarters:5,headquarters,preanswer,0,0.87479567527771,0.9058422696861353,-0.031046594408425388
headquarters:5,headquarters,preanswer,1,0.9836227893829346,0.9876751222393729,-0.0040523328564383565
headquarters:5,headquarters,preanswer,2,0.9681077301502228,0.9763732281598178,-0.008265498009594974
headquarters:5,headquarters,preanswer,3,0.9142335951328278,0.9360503090376203,-0.021816713904792562
headquarters:5,headquarters,preanswer,4,0.9340342779954275,0.9507077664814212,-0.016673488485993704
headquarters:5,headquarters,preanswer,5,0.9438864092032114,0.9580597701397809,-0.014173360936569512
headquarters:5,headquarters,preanswer,6,0.9541570444901785,0.9650377448309552,-0.010880700340776706
headquarters:5,headquarters,preanswer,7,0.9746958911418915,0.9807226485149427,-0.00602675737305125
headquarters:5,headquarters,preanswer,8,0.9790372451146444,0.9843723787502809,-0.005335133635636535
headquarters:5,headquarters,preanswer,9,0.9767502943674723,0.9825105358931151,-0.005760241525642806
headquarters:5,headquarters,preanswer,10,0.9807257155577341,0.9852095412259753,-0.004483825668241126
headquarters:5,headquarters,preanswer,11,0.948485384384791,0.9608673470264132,-0.012381962641622168
headquarters:5,headquarters,preanswer,12,0.9462098975976309,0.8608269779519602,0.08538291964567069
headquarters:5,headquarters,preanswer,13,0.9573429226875305,0.9305590103295717,0.02678391235795885
headquarters:5,headquarters,preanswer,14,0.9629146854082743,0.9448845237493515,0.018030161658922794
headquarters:5,headquarters,preanswer,15,0.952154686053594,0.9269766926088117,0.02517799344478233
headquarters:5,headquarters,preanswer,16,0.9656141996383667,0.9537300968712027,0.011884102767164006
headquarters:5,headquarters,preanswer,17,0.7664114336172739,0.7520850605585359,0.014326373058738073
headquarters:6,headquarters,subject,0,0.9998082717259725,0.9098524732345884,0.08995579849138413
headquarters:6,headquarters,subject,1,0.9998864432175955,0.9947371421889826,0.005149301028612885
headquarters:6,headquarters,subject,2,0.9998039404551188,0.9932264580645345,0.0065774823905843105
headquarters:6,headquarters,subject,3,0.9998684227466583,0.9130595688792792,0.08680885386737913
headquarters:6,headquarters,subject,4,0.9993484715620676,0.9009295915338126,0.09841888002825505
headquarters:6,headquarters,subject,5,0.9996010661125183,0.965582683343779,0.034018382768739364
headquarters:6,headquarters,subject,6,0.9995101392269135,0.9768372577699748,0.022672881456938687
headquarters:6,headquarters,subject,7,0.9995707670847574,0.9873447716236115,0.012225995461146
headquarters:6,headquarters,subject,8,0.9993842939535776,0.9887084161693399,0.01067587778423773
headquarters:6,headquarters,subject,9,0.9993945956230164,0.9905768744647503,0.008817721158266068
headquarters:6,headquarters,subject,10,0.9991769194602966,0.9920805022120476,0.007096417248249054
headquarters:6,headquarters,subject,11,0.9929419060548147,0.9670520817691629,0.025889824285651786
headquarters:6,headquarters,subject,12,0.9937423566977183,0.9232127006081018,0.07052965608961648
headquarters:6,headquarters,subject,13,0.994662861029307,0.9551367776637728,0.039526083365534204
headquarters:6,headquarters,subject,14,0.9891018569469452,0.9492214565927332,0.03988040035421203
headquarters:6,headquarters,subject,15,0.9882010916868845,0.9234884980727326,0.06471259361415194
headquarters:6,headquarters,subject,16,0.9877404570579529,0.9461384788155556,0.04160197824239731
headquarters:6,headquarters,subject,17,0.9467650155226389,0.674868452955376,0.2718965625672629
headquarters:6,headquarters,preanswer,0,0.8747566143671671,0.905779009515589,-0.031022395148421866
headquarters:6,headquarters,preanswer,1,0.9829733669757843,0.987440055066889,-0.004466688091104731
headquarters:6,headquarters,preanswer,2,0.9690758089224497,0.9766925353218209,-0.007616726399371165
headquarters:6,headquarters,preanswer,3,0.9143353203932444,0.9360735541717573,-0.021738233778512916
headquarters:6,headquarters,preanswer,4,0.935029665629069,0.9510205774144693,-0.015990911785400352
headquarters:6,headquarters,preanswer,5,0.9448814789454142,0.9583717134188522,-0.013490234473438
headquarters:6,headquarters,preanswer,6,0.9528201023737589,0.9645214361900633,-0.011701333816304338
headquarters:6,headquarters,preanswer,7,0.9730790456136068,0.9801653386517004,-0.007086293038093605
headquarters:6,headquarters,preanswer,8,0.9793440898259481,0.984469397501512,-0.0051253076755638505
headquarters:6,headquarters,preanswer,9,0.9766770005226135,0.9824644367803227,-0.0057874362577091665
headquarters:6,headquarters,preanswer,10,0.9808550477027893,0.9851449446921999,-0.004289896989410624
headquarters:6,headquarters,preanswer,11,0.9513677656650543,0.9615523950620131,-0.010184629396958744
headquarters:6,headquarters,preanswer,12,0.9394420484701792,0.8549257408488881,0.08451630762129114
headquarters:6,headquarters,preanswer,13,0.9539061089356741,0.9253013906153765,0.02860471832029754
headquarters:6,headquarters,preanswer,14,0.9593627651532491,0.9404627365822141,0.01890002857103501
headquarters:6,headquarters,preanswer,15,0.9503243664900461,0.9211930199102922,0.029131346579753914
headquarters:6,headquarters,preanswer,16,0.9644434849421183,0.9507326046851549,0.013710880256963431
headquarters:6,headquarters,preanswer,17,0.7842412292957306,0.7529119991443374,0.03132923015139322
headquarters:7,headquarters,subject,0,0.9992475608984629,0.8637111461298033,0.13553641476865963
headquarters:7,headquarters,subject,1,0.9998871882756551,0.9925917651165616,0.007295423159093595
headquarters:7,headquarters,subject,2,0.999737391869227,0.9904855191707611,0.009251872698465946
headquarters:7,headquarters,subject,3,0.9997821549574534,0.897371135990728,0.10241101896672533
headquarters:7,headquarters,subject,4,0.9993136326471964,0.8911182070997629,0.10819542554743355
headquarters:7,headquarters,subject,5,0.9994859000047048,0.9574852778830312,0.04200062212167366
headquarters:7,headquarters,subject,6,0.9996671577294668,0.9729462032291022,0.026720954500364602
headquarters:7,headquarters,subject,7,0.9994631807009379,0.98288673738187,0.016576443319067824
headquarters:7,headquarters,subject,8,0.9995236297448477,0.9865950681269169,0.012928561617930767
headquarters:7,headquarters,subject,9,0.9993695914745331,0.9879261766645041,0.011443414810028973
headquarters:7,headquarters,subject,10,0.9992101391156515,0.9911729297177359,0.008037209397915634
headquarters:7,headquarters,subject,11,0.9954593876997629,0.9633065465499054,0.0321528411498575
headquarters:7,headquarters,subject,12,0.9956512749195099,0.9069102545353499,0.08874102038415999
headquarters:7,headquarters,subject,13,0.9964118897914886,0.943621073934165,0.0527908158573237
headquarters:7,headquarters,subject,14,0.9941420257091522,0.9332865341143175,0.06085549159483472
headquarters:7,headquarters,subject,15,0.9922643105189005,0.9096908721734177,0.08257343834548281
headquarters:7,headquarters,subject,16,0.9912571310997009,0.9364508353173733,0.05480629578232765
headquarters:7,headquarters,subject,17,0.9492160677909851,0.583092537285252,0.3661235305057331
headquarters:7,headquarters,preanswer,0,0.8706570168336233,0.9043641622093591,-0.033707145375735825
headquarters:7,headquarters,preanswer,1,0.9843060672283173,0.9878657571971416,-0.0035596899688243866
headquarters:7,headquarters,preanswer,2,0.9695276518662771,0.9768270870501344,-0.007299435183857339
headquarters:7,headquarters,preanswer,3,0.9153430561224619,0.9364156672223047,-0.02107261109984282
headquarters:7,headquarters,preanswer,4,0.9356242815653483,0.9512366689741611,-0.015612387408812878
headquarters:7,headquarters,preanswer,5,0.9453414678573608,0.9585606293244795,-0.013219161467118656
headquarters:7,headquarters,preanswer,6,0.9523761173089346,0.9644244638356295,-0.012048346526694953
headquarters:7,headquarters,preanswer,7,0.9735477864742279,0.9803205681118098,-0.006772781637581882
headquarters:7,headquarters,preanswer,8,0.9794651170571645,0.9844921427694234,-0.005027025712258881
headquarters:7,headquarters,preanswer,9,0.9769667287667593,0.9825180941684679,-0.005551365401708641
headquarters:7,headquarters,preanswer,10,0.9808748165766398,0.98510448329828,-0.004229666721640268
headquarters:7,headquarters,preanswer,11,0.9482241570949554,0.9601366289637305,-0.011912471868775087
headquarters:7,headquarters,preanswer,12,0.936271607875824,0.8356508846310052,0.10062072324481874
headquarters:7,headquarters,preanswer,13,0.9505426983038584,0.9203456647016786,0.030197033602179846
headquarters:7,headquarters,preanswer,14,0.9593649407227834,0.9377179260958325,0.021647014626950956
headquarters:7,headquarters,preanswer,15,0.9498398800690969,0.9182168448513205,0.03162303521777643
headquarters:7,headquarters,preanswer,16,0.964993009964625,0.949250344525684,0.015742665438940984
headquarters:7,headquarters,preanswer,17,0.8014784057935079,0.7392377342012796,0.06224067159222835
headquarters:8,headquarters,subject,0,0.9996126691500345,0.9346675083718516,0.06494516077818291
headquarters:8,headquarters,subject,1,0.9999022384484609,0.9951800209554759,0.00472221749298507
headquarters:8,headquarters,subject,2,0.9998643298943838,0.9923898469318043,0.007474482962579465
headquarters:8,headquarters,subject,3,0.9998871386051178,0.9241734949702566,0.07571364363486122
headquarters:8,headquarters,subject,4,0.9993652105331421,0.9142506447705355,0.08511456576260656
headquarters:8,headquarters,subject,5,0.9997807045777639,0.9700682071799581,0.029712497397805793
headquarters:8,headquarters,subject,6,0.9996205071608225,0.9786124334416606,0.021008073719161913
headquarters:8,headquarters,subject,7,0.9996010661125183,0.9887037378820506,0.01089732823046774
headquarters:8,headquarters,subject,8,0.9994445045789083,0.9899808815257116,0.009463623053196701
headquarters:8,headquarters,subject,9,0.9993736147880554,0.9915919598530639,0.0077816549349915
headquarters:8,headquarters,subject,10,0.9991474250952402,0.9932815374975855,0.005865887597654718
headquarters:8,headquarters,subject,11,0.9950083990891775,0.9702324406667189,0.02477595842245861
headquarters:8,headquarters,subject,12,0.995537668466568,0.9229665083641355,0.07257116010243247
headquarters:8,headquarters,subject,13,0.996152420838674,0.9552667716687376,0.04088564916993631
headquarters:8,headquarters,subject,14,0.9933869043986002,0.9481416141444986,0.04524529025410162
headquarters:8,headquarters,subject,15,0.9927395383516947,0.9312122552232309,0.06152728312846378
headquarters:8,headquarters,subject,16,0.9916465282440186,0.9505488743836229,0.041097653860395655
headquarters:8,headquarters,subject,17,0.9529012342294058,0.6611753971400586,0.2917258370893472
headquarters:8,headquarters,preanswer,0,0.8733850121498108,0.9053601409223947,-0.031975128772583905
headquarters:8,headquarters,preanswer,1,0.9836661914984385,0.9876822436397726,-0.004016052141334159
headquarters:8,headquarters,preanswer,2,0.9687179923057556,0.9765843451023102,-0.007866352796554565
headquarters:8,headquarters,preanswer,3,0.9166794419288635,0.93688184090636,-0.020202398977496427
headquarters:8,headquarters,preanswer,4,0.93729035059611,0.9518160528757356,-0.014525702279625574
headquarters:8,headquarters,preanswer,5,0.9444937606652578,0.958248920738697,-0.013755160073439243
headquarters:8,headquarters,preanswer,6,0.9509657422701517,0.9639633579010313,-0.012997615630879533
headquarters:8,headquarters,preanswer,7,0.9733592768510183,0.9802840822799639,-0.00692480542894558
headquarters:8,headquarters,preanswer,8,0.9797996977965037,0.9846340035173026,-0.004834305720798904
headquarters:8,headquarters,preanswer,9,0.9772577087084452,0.9826874631372365,-0.005429754428791345
headquarters:8,headquarters,preanswer,10,0.9807465275128683,0.985233201560649,-0.004486674047780692
headquarters:8,headquarters,preanswer,11,0.9490317900975546,0.9611188877712596,-0.012087097673705083
headquarters:8,headquarters,preanswer,12,0.9330121974150339,0.8498483188450336,0.0831638785700003
headquarters:8,headquarters,preanswer,13,0.94743213057518,0.9215224764563821,0.025909654118797976
headquarters:8,headquarters,preanswer,14,0.9524822235107422,0.934141066941348,0.018341156569394168
headquarters:8,headquarters,preanswer,15,0.9463596840699514,0.9203423112630844,0.026017372806867
headquarters:8,headquarters,preanswer,16,0.9636143644650778,0.9511029872704636,0.012511377194614148
headquarters:8,headquarters,preanswer,17,0.7678026258945465,0.7390796301717107,0.028722995722835765
headquarters:9,headquarters,subject,0,0.9996354877948761,0.9257423535666682,0.07389313422820787
headquarters:9,headquarters,subject,1,0.9999287823836008,0.9957148920405995,0.0042138903430013475
headquarters:9,headquarters,subject,2,0.9998666246732076,0.9935731389983133,0.006293485674894295
headquarters:9,headquarters,subject,3,0.999826063712438,0.9133610197088935,0.08646504400354449
headquarters:9,headquarters,subject,4,0.9993963241577148,0.9057297669351101,0.09366655722260475
headquarters:9,headquarters,subject,5,0.9998359878857931,0.9652712490748275,0.034564738810965556
headquarters:9,headquarters,subject,6,0.9996156195799509,0.9745539047501304,0.02506171482982056
headquarters:9,headquarters,subject,7,0.9994969666004181,0.9863198975270445,0.01317706907337357
headquarters:9,headquarters,subject,8,0.9995412627855936,0.9882117391309955,0.011329523654598161
headquarters:9,headquarters,subject,9,0.9994500279426575,0.9902202182195403,0.009229809723117155
headquarters:9,headquarters,subject,10,0.9992457230885824,0.9923091666264967,0.006936556462085686
headquarters:9,headquarters,subject,11,0.9961592455705007,0.9666667465459217,0.029492499024579066
headquarters:9,headquarters,subject,12,0.9964400827884674,0.9191175001588735,0.0773225826295939
headquarters:9,headquarters,subject,13,0.9966820279757181,0.9496664994142272,0.04701552856149094
headquarters:9,headquarters,subject,14,0.9938861628373464,0.941057799891992,0.05282836294535442
headquarters:9,headquarters,subject,15,0.9937504033247629,0.9290364330465143,0.06471397027824866
headquarters:9,headquarters,subject,16,0.9937176406383514,0.9505836171182719,0.043134023520079556
headquarters:9,headquarters,subject,17,0.9608598748842875,0.6348640260032632,0.3259958488810243
headquarters:9,headquarters,preanswer,0,0.8751396934191386,0.9059502888809551,-0.030810595461816526
headquarters:9,headquarters,preanswer,1,0.9835099279880524,0.9876194261014462,-0.004109498113393784
headquarters:9,headquarters,preanswer,2,0.9684210121631622,0.9764635830440305,-0.008042570880868238
headquarters:9,headquarters,preanswer,3,0.9154512584209442,0.936463328925046,-0.02101207050410181
headquarters:9,headquarters,preanswer,4,0.9358973602453867,0.951297828419642,-0.015400468174255333
headquarters:9,headquarters,preanswer,5,0.9434824287891388,0.9578999352048744,-0.014417506415735581
headquarters:9,headquarters,preanswer,6,0.9515266716480255,0.964140772819519,-0.01261410117149353
headquarters:9,headquarters,preanswer,7,0.9727088908354441,0.9800673960284754,-0.007358505193031273
headquarters:9,headquarters,preanswer,8,0.979381243387858,0.9844943030991338,-0.005113059711275736
headquarters:9,headquarters,preanswer,9,0.9767974317073822,0.9825324802236124,-0.00573504851623019
headquarters:9,headquarters,preanswer,10,0.9806122779846191,0.9851750477471135,-0.0045627697624943675
headquarters:9,headquarters,preanswer,11,0.9501338005065918,0.9614095549014482,-0.011275754394856397
headquarters:9,headquarters,preanswer,12,0.9408643146355947,0.8561172119595788,0.08474710267601593
headquarters:9,headquarters,preanswer,13,0.9507664839426676,0.9246798120439053,0.026086671898762348
headquarters:9,headquarters,preanswer,14,0.9593176742394766,0.941606290299784,0.017711383939692515
headquarters:9,headquarters,preanswer,15,0.9525380233923594,0.9268526516177438,0.025685371774615606
headquarters:9,headquarters,preanswer,16,0.9666083057721456,0.9535215100781484,0.013086795693997177
headquarters:9,headquarters,preanswer,17,0.790268192688624,0.7468019906770099,0.04346620201161411
headquarters:10,headquarters,subject,0,0.9995798269907633,0.9281000989404592,0.07147972805030411
headquarters:10,headquarters,subject,1,0.9999054173628489,0.9953116253018379,0.0045937920610109595
headquarters:10,headquarters,subject,2,0.9998586078484853,0.9935947883535515,0.00626381949493382
headquarters:10,headquarters,subject,3,0.9999243120352427,0.9121752896092155,0.08774902242602722
headquarters:10,headquarters,subject,4,0.9992000758647919,0.8969097692858089,0.10229030657898297
headquarters:10,headquarters,subject,5,0.9998340408007304,0.9655687212944031,0.034265319506327274
headquarters:10,headquarters,subject,6,0.9996727208296458,0.975738609378988,0.023934111450657714
headquarters:10,headquarters,subject,7,0.9994157155354818,0.9861420382830229,0.013273677252458871
headquarters:10,headquarters,subject,8,0.9993567367394766,0.9875129193744876,0.011843817364988962
headquarters:10,headquarters,subject,9,0.9993844230969747,0.9901025427336042,0.00928188036337052
headquarters:10,headquarters,subject,10,0.9990971982479095,0.9919569190930236,0.007140279154885909
headquarters:10,headquarters,subject,11,0.9938917458057404,0.9656126475469633,0.028279098258777058
headquarters:10,headquarters,subject,12,0.9951028625170389,0.9140007875182412,0.08110207499879774
headquarters:10,headquarters,subject,13,0.9954845408598582,0.9501400251280178,0.045344515731840396
headquarters:10,headquarters,subject,14,0.990603486696879,0.9447725046087395,0.045830982088139516
headquarters:10,headquarters,subject,15,0.9895261426766714,0.9147408872165463,0.07478525546012504
headquarters:10,headquarters,subject,16,0.9891434907913208,0.9396402890031988,0.04950320178812195
headquarters:10,headquarters,subject,17,0.948451429605484,0.6524524614214897,0.2959989681839943
headquarters:10,headquarters,preanswer,0,0.8733015358448029,0.9053262197835878,-0.03202468393878499
headquarters:10,headquarters,preanswer,1,0.9831423958142599,0.9874965931204233,-0.0043541973061633765
headquarters:10,headquarters,preanswer,2,0.9689937929312388,0.9766705296933651,-0.007676736762126324
headquarters:10,headquarters,preanswer,3,0.9155799349149069,0.9365066069770943,-0.020926672062187457
headquarters:10,headquarters,preanswer,4,0.9332804481188456,0.9504411874169653,-0.017160739298119676
headquarters:10,headquarters,preanswer,5,0.9477013250192007,0.9593801369721239,-0.011678811952923196
headquarters:10,headquarters,preanswer,6,0.9551388621330261,0.9653764885257591,-0.010237626392732957
headquarters:10,headquarters,preanswer,7,0.9761766592661539,0.9812415794215419,-0.005064920155387953
headquarters:10,headquarters,preanswer,8,0.9801690578460693,0.984743148427118,-0.004574090581048629
headquarters:10,headquarters,preanswer,9,0.9770580033461252,0.9826014729386027,-0.0055434695924774235
headquarters:10,headquarters,preanswer,10,0.9811597863833109,0.985271350226619,-0.00411156384330813
headquarters:10,headquarters,preanswer,11,0.9524850646654764,0.9621203545142304,-0.009635289848753947
headquarters:10,headquarters,preanswer,12,0.9447073439757029,0.8445828753438863,0.10012446863181657
headquarters:10,headquarters,preanswer,13,0.9559395213921865,0.9256102012639696,0.030329320128216875
headquarters:10,headquarters,preanswer,14,0.96046249071757,0.940570785918019,0.019891704799550936
headquarters:10,headquarters,preanswer,15,0.9535423815250397,0.9238968003879894,0.029645581137050292
headquarters:10,headquarters,preanswer,16,0.9658215244611105,0.9519796723669226,0.013841852094187868
headquarters:10,headquarters,preanswer,17,0.7819555600484213,0.7493627775799144,0.03259278246850683
headquarters:11,headquarters,subject,0,0.9993119438489279,0.9092767787250605,0.09003516512386733
headquarters:11,headquarters,subject,1,0.9998986224333445,0.9954872517423197,0.0044113706910248185
headquarters:11,headquarters,subject,2,0.999827911456426,0.9935610084371134,0.006266903019312653
headquarters:11,headquarters,subject,3,0.9998748501141866,0.9123612361198122,0.0875136139943744
headquarters:11,headquarters,subject,4,0.9993585646152496,0.9030745330859314,0.09628403152931819
headquarters:11,headquarters,subject,5,0.999830573797226,0.9664629311724142,0.03336764262481173
headquarters:11,headquarters,subject,6,0.9997435510158539,0.9767440079965375,0.022999543019316393
headquarters:11,headquarters,subject,7,0.9996117353439331,0.9866056614978747,0.013006073846058452
headquarters:11,headquarters,subject,8,0.9994778136412302,0.9885568151419813,0.01092099849924888
headquarters:11,headquarters,subject,9,0.9994275470574697,0.99027950248935,0.009148044568119684
headquarters:11,headquarters,subject,10,0.999206155538559,0.992167517542839,0.00703863799571991
headquarters:11,headquarters,subject,11,0.9955810904502869,0.9652678082612428,0.030313282189044055
headquarters:11,headquarters,subject,12,0.9957796037197113,0.915751000019637,0.08002860370007425
headquarters:11,headquarters,subject,13,0.9965639611085256,0.9478817839514125,0.04868217715711309
headquarters:11,headquarters,subject,14,0.9949319163958231,0.9397936856204813,0.05513823077534186
headquarters:11,headquarters,subject,15,0.9947883486747742,0.9238112998956983,0.07097704877907585
headquarters:11,headquarters,subject,16,0.9943402806917826,0.9440081376921047,0.05033214299967792
headquarters:11,headquarters,subject,17,0.9749783575534821,0.6182917817072435,0.35668657584623853
headquarters:11,headquarters,preanswer,0,0.8757331470648447,0.9061471691185777,-0.030414022053733003
headquarters:11,headquarters,preanswer,1,0.9836503366629282,0.9876751632175662,-0.0040248265546379836
headquarters:11,headquarters,preanswer,2,0.9690830707550049,0.9767027067189867,-0.007619635963981852
headquarters:11,headquarters,preanswer,3,0.9170820713043213,0.9370228333229368,-0.0199407620186155
headquarters:11,headquarters,preanswer,4,0.9352399110794067,0.9511205272918398,-0.015880616212433085
headquarters:11,headquarters,preanswer,5,0.947640081246694,0.9593710916286166,-0.01173101038192259
headquarters:11,headquarters,preanswer,6,0.9537566502888998,0.9648862213573672,-0.011129571068467459
headquarters:11,headquarters,preanswer,7,0.9747192958990732,0.9807426871901209,-0.006023391291047675
headquarters:11,headquarters,preanswer,8,0.9791319171587626,0.9844030880115249,-0.005271170852762297
headquarters:11,headquarters,preanswer,9,0.976173092921575,0.9822925820269368,-0.006119489105361864
headquarters:11,headquarters,preanswer,10,0.9801866114139557,0.9849017242139037,-0.0047151127999479625
headquarters:11,headquarters,preanswer,11,0.94896266857783,0.9609093205495314,-0.011946651971701416
headquarters:11,headquarters,preanswer,12,0.9441912273565928,0.8399733914570375,0.10421783589955524
headquarters:11,headquarters,preanswer,13,0.9493796428044637,0.9139659797603433,0.035413663044120414
headquarters:11,headquarters,preanswer,14,0.9575375616550446,0.932405790144747,0.02513177151029755
headquarters:11,headquarters,preanswer,15,0.9515746533870697,0.9129910475828431,0.038583605804226595
headquarters:11,headquarters,preanswer,16,0.9658013681570689,0.9460291544144804,0.019772213742588418
headquarters:11,headquarters,preanswer,17,0.7984576721986135,0.7351537719368935,0.06330390026172006
birth_place:0,birth_place,subject,0,0.8338512579600016,0.6416058124635707,0.19224544549643086
birth_place:0,birth_place,subject,1,0.9946726461251577,0.9908581433648412,0.003814502760316474
birth_place:0,birth_place,subject,2,0.9873027304808298,0.9818278503688899,0.005474880111939973
birth_place:0,birth_place,subject,3,0.9768614570299784,0.9010166634212841,0.07584479360869434
birth_place:0,birth_place,subject,4,0.9741870363553365,0.9011203189465132,0.07306671740882331
birth_place:0,birth_place,subject,5,0.9822104374567667,0.955163686112924,0.027046751343842712
birth_place:0,birth_place,subject,6,0.9706993798414866,0.9483444582332264,0.022354921608260137
birth_place:0,birth_place,subject,7,0.9772713383038839,0.9725817831402476,0.004689555163636339
birth_place:0,birth_place,subject,8,0.9810351034005483,0.9763127528131008,0.004722350587447521
birth_place:0,birth_place,subject,9,0.9891490737597147,0.9811382344500585,0.008010839309656181
birth_place:0,birth_place,subject,10,0.990642786026001,0.9848821396854791,0.005760646340521869
birth_place:0,birth_place,subject,11,0.9702896376450857,0.9423514381051064,0.027938199539979336
birth_place:0,birth_place,subject,12,0.9485160211722056,0.8623936288058758,0.08612239236632979
birth_place:0,birth_place,subject,13,0.9447644054889679,0.8889702141962268,0.0557941912927411
birth_place:0,birth_place,subject,14,0.9209590156873068,0.8597831157120791,0.061175899975227654
birth_place:0,birth_place,subject,15,0.9239375988642374,0.859127798202363,0.06480980066187447
birth_place:0,birth_place,subject,16,0.9482355117797852,0.9101271226324819,0.0381083891473033
birth_place:0,birth_place,subject,17,0.7331506411234537,0.5290196040137247,0.20413103710972902
birth_place:0,birth_place,preanswer,0,0.8773775100708008,0.9075623933564533,-0.030184883285652497
birth_place:0,birth_place,preanswer,1,0.9841285447279612,0.9878859215162017,-0.0037573767882405074
birth_place:0,birth_place,preanswer,2,0.9738710125287374,0.9801118431443517,-0.006240830615614312
birth_place:0,birth_place,preanswer,3,0.9166367848714193,0.9376466785642233,-0.021009893692804038
birth_place:0,birth_place,preanswer,4,0.9355181952317556,0.9509120326150547,-0.015393837383299136
birth_place:0,birth_place,preanswer,5,0.9550792078177134,0.9661027697676962,-0.011023561949982774
birth_place:0,birth_place,preanswer,6,0.9572098155816396,0.9678499454801733,-0.01064012989853369
birth_place:0,birth_place,preanswer,7,0.9808040757973989,0.9847942902283235,-0.003990214430924621
birth_place:0,birth_place,preanswer,8,0.9787385066350301,0.9831449914384972,-0.004406484803467059
birth_place:0,birth_place,preanswer,9,0.9759864310423533,0.9810727617957375,-0.005086330753384272
birth_place:0,birth_place,preanswer,10,0.9804204305013021,0.9846647148105231,-0.004244284309220969
birth_place:0,birth_place,preanswer,11,0.9466487963994344,0.9582593796605413,-0.011610583261106866
birth_place:0,birth_place,preanswer,12,0.9305704136689504,0.8408877504142848,0.08968266325466567
birth_place:0,birth_place,preanswer,13,0.95545627673467,0.9244114756584167,0.031044801076253292
birth_place:0,birth_place,preanswer,14,0.9582019944985708,0.9378092996776104,0.0203926948209604
birth_place:0,birth_place,preanswer,15,0.9499428967634836,0.9224068336188793,0.027536063144604328
birth_place:0,birth_place,preanswer,16,0.9674902955691019,0.9524242610416629,0.015066034527439043
birth_place:0,birth_place,preanswer,17,0.7859046359856924,0.7462091473015872,0.03969548868410522
birth_place:1,birth_place,subject,0,0.7680076360702515,0.6851724994114854,0.08283513665876607
birth_place:1,birth_place,subject,1,0.977290670077006,0.9834204841066491,-0.006129814029643077
birth_place:1,birth_place,subject,2,0.9517579674720764,0.9660214686935599,-0.014263501221483454
birth_place:1,birth_place,subject,3,0.980723092953364,0.91202492097562,0.06869817197774397
birth_place:1,birth_place,subject,4,0.9807845254739126,0.9097475511106577,0.07103697436325485
birth_place:1,birth_place,subject,5,0.9940422574679056,0.9653872078792616,0.028655049588644066
birth_place:1,birth_place,subject,6,0.9926832914352417,0.9620499275624752,0.030633363872766495
birth_place:1,birth_place,subject,7,0.9936724106470743,0.9787019453942776,0.014970465252796772
birth_place:1,birth_place,subject,8,0.993520051240921,0.9824192764406855,0.011100774800235524
birth_place:1,birth_place,subject,9,0.9944611291090647,0.9841928918930617,0.010268237216003007
birth_place:1,birth_place,subject,10,0.9943506121635437,0.9854641146957874,0.008886497467756271
birth_place:1,birth_place,subject,11,0.9857251246770223,0.9393366148526018,0.046388509824420554
birth_place:1,birth_place,subject,12,0.9740296403566996,0.8352489965883169,0.13878064376838273
birth_place:1,birth_place,subject,13,0.9797651867071787,0.8670203956690702,0.11274479103810853
birth_place:1,birth_place,subject,14,0.9722062051296234,0.8362215957181021,0.13598460941152135
birth_place:1,birth_place,subject,15,0.9683964053789774,0.8282425434074618,0.14015386197151558
birth_place:1,birth_place,subject,16,0.9787832001845042,0.899964723397385,0.07881847678711917
birth_place:1,birth_place,subject,17,0.8841646810372671,0.4961108740588481,0.388053806978419
birth_place:1,birth_place,preanswer,0,0.8790753185749054,0.9080251922661607,-0.028949873691255346
birth_place:1,birth_place,preanswer,1,0.9833519458770752,0.9875948412174528,-0.004242895340377584
birth_place:1,birth_place,preanswer,2,0.9729403257369995,0.9797799052162603,-0.006839579479260838
birth_place:1,birth_place,preanswer,3,0.9170295496781667,0.9377958276732401,-0.020766277995073357
birth_place:1,birth_place,preanswer,4,0.9288550913333893,0.9486598199741407,-0.019804728640751446
birth_place:1,birth_place,preanswer,5,0.9555422365665436,0.9663041376254775,-0.010761901058933931
birth_place:1,birth_place,preanswer,6,0.9590427875518799,0.9685171839188446,-0.009474396366964677
birth_place:1,birth_place,preanswer,7,0.9799097081025442,0.9845110015435652,-0.004601293441021004
birth_place:1,birth_place,preanswer,8,0.9774323801199595,0.9826837629079819,-0.005251382788022396
birth_place:1,birth_place,preanswer,9,0.9750314255555471,0.9807406765493479,-0.0057092509938008185
birth_place:1,birth_place,preanswer,10,0.9802736838658651,0.9845947569066827,-0.004321073040817636
birth_place:1,birth_place,preanswer,11,0.9504801432291666,0.9593573927202008,-0.00887724949103419
birth_place:1,birth_place,preanswer,12,0.94123242298762,0.8417428027499806,0.09948962023763941
birth_place:1,birth_place,preanswer,13,0.9601978063583374,0.922249283302914,0.0379485230554234
birth_place:1,birth_place,preanswer,14,0.9632847110430399,0.9366605674678629,0.02662414357517706
birth_place:1,birth_place,preanswer,15,0.9557937681674957,0.9200099259614944,0.03578384220600128
birth_place:1,birth_place,preanswer,16,0.9695400993029276,0.9509502974423495,0.018589801860578126
birth_place:1,birth_place,preanswer,17,0.7922751605510712,0.7450586843558333,0.04721647619523783
birth_place:2,birth_place,subject,0,0.9753835697968801,0.7041347622871399,0.27124880750974023
birth_place:2,birth_place,subject,1,0.9987386465072632,0.9904118905013258,0.008326756005937352
birth_place:2,birth_place,subject,2,0.9961788256963094,0.9805550141768022,0.015623811519507202
birth_place:2,birth_place,subject,3,0.9972330828507742,0.8927347487346693,0.10449833411610487
birth_place:2,birth_place,subject,4,0.9939485390981039,0.8893240879882466,0.1046244511098573
birth_place:2,birth_place,subject,5,0.9969579378763834,0.9558753510090437,0.04108258686733968
birth_place:2,birth_place,subject,6,0.9922471543153127,0.944103113968264,0.04814404034704878
birth_place:2,birth_place,subject,7,0.9962097903092703,0.9776815047318285,0.018528285577441794
birth_place:2,birth_place,subject,8,0.9946580131848654,0.979629475962032,0.015028537222833371
birth_place:2,birth_place,subject,9,0.9950567086537679,0.9811879460784522,0.013868762575315774
birth_place:2,birth_place,subject,10,0.9952960113684336,0.9862792928787795,0.00901671848965413
birth_place:2,birth_place,subject,11,0.9891938964525858,0.9463856470855799,0.04280824936700589
birth_place:2,birth_place,subject,12,0.9820501009623209,0.8549695773558184,0.12708052360650257
birth_place:2,birth_place,subject,13,0.984930137793223,0.876663451506333,0.10826668628689007
birth_place:2,birth_place,subject,14,0.9732755422592163,0.8418553055010058,0.13142023675821046
birth_place:2,birth_place,subject,15,0.9701598385969797,0.846931109035557,0.12322872956142272
birth_place:2,birth_place,subject,16,0.9765831629435221,0.8964153084565293,0.08016785448699282
birth_place:2,birth_place,subject,17,0.8855247298876444,0.5115001863715324,0.37402454351611203
birth_place:2,birth_place,preanswer,0,0.8779025177160898,0.9077563312920657,-0.02985381357597583
birth_place:2,birth_place,preanswer,1,0.9840787549813589,0.9878544160588221,-0.0037756610774631882
birth_place:2,birth_place,preanswer,2,0.9731611410776774,0.9798592853952538,-0.006698144317576427
birth_place:2,birth_place,preanswer,3,0.9167611996332804,0.9377118728377603,-0.020950673204479853
birth_place:2,birth_place,preanswer,4,0.9335527618726095,0.9502814740619876,-0.016728712189378103
birth_place:2,birth_place,preanswer,5,0.9542072316010793,0.9658283455805345,-0.0116211139794552
birth_place:2,birth_place,preanswer,6,0.9531313280264536,0.9664816595613956,-0.013350331534942028
birth_place:2,birth_place,preanswer,7,0.9776128133138021,0.9838282076472585,-0.006215394333456414
birth_place:2,birth_place,preanswer,8,0.9765214522679647,0.9824325909668749,-0.0059111386989101344
birth_place:2,birth_place,preanswer,9,0.9750167926152548,0.9807588051665913,-0.0057420125513365505
birth_place:2,birth_place,preanswer,10,0.9810662070910136,0.9848586595193907,-0.0037924524283771133
birth_place:2,birth_place,preanswer,11,0.9513817131519318,0.9597278291528876,-0.008346116000955806
birth_place:2,birth_place,preanswer,12,0.9377259115378062,0.8401486372405832,0.09757727429722296
birth_place:2,birth_place,preanswer,13,0.9586903154850006,0.920282437720082,0.03840787776491861
birth_place:2,birth_place,preanswer,14,0.9636587301890055,0.9370079375803471,0.026650792608658436
birth_place:2,birth_place,preanswer,15,0.9564724564552307,0.9207715419205752,0.035700914534655515
birth_place:2,birth_place,preanswer,16,0.9697890082995096,0.9508795030415058,0.018909505258003834
birth_place:2,birth_place,preanswer,17,0.8076576093832651,0.7468762861734087,0.06078132320985641
birth_place:3,birth_place,subject,0,0.9866421520709991,0.779716436158527,0.2069257159124721
birth_place:3,birth_place,subject,1,0.9991123278935751,0.9917421296916225,0.007370198201952616
birth_place:3,birth_place,subject,2,0.9970564345518748,0.9839712482961741,0.013085186255700654
birth_place:3,birth_place,subject,3,0.9979844788710276,0.901524753394452,0.09645972547657555
birth_place:3,birth_place,subject,4,0.9966830313205719,0.9063359007916667,0.0903471305289052
birth_place:3,birth_place,subject,5,0.9979330003261566,0.9592196402901952,0.038713360035961375
birth_place:3,birth_place,subject,6,0.9973212778568268,0.9566765756092288,0.040644702247597975
birth_place:3,birth_place,subject,7,0.9982206920782725,0.9782745743339712,0.019946117744301217
birth_place:3,birth_place,subject,8,0.9975550174713135,0.9811373989690434,0.01641761850227008
birth_place:3,birth_place,subject,9,0.9977588653564453,0.9836318269371986,0.014127038419246674
birth_place:3,birth_place,subject,10,0.997951497634252,0.9870649427175522,0.010886554916699764
birth_place:3,birth_place,subject,11,0.9955767492453257,0.9493833641436967,0.04619338510162896
birth_place:3,birth_place,subject,12,0.9942607283592224,0.8388982872393999,0.15536244111982256
birth_place:3,birth_place,subject,13,0.993789424498876,0.8682643906636671,0.12552503383520885
birth_place:3,birth_place,subject,14,0.98312180240949,0.8336383476853371,0.14948345472415292
birth_place:3,birth_place,subject,15,0.9802977939446768,0.8161994252692569,0.16409836867541983
birth_place:3,birth_place,subject,16,0.9863233665625254,0.8910376781767065,0.09528568838581886
birth_place:3,birth_place,subject,17,0.9444621702035269,0.4899904389696365,0.45447173123389034
birth_place:3,birth_place,preanswer,0,0.8744780123233795,0.906549705361778,-0.03207169303839852
birth_place:3,birth_place,preanswer,1,0.9834624528884888,0.9876120402054354,-0.00414958731694659
birth_place:3,birth_place,preanswer,2,0.9731698930263519,0.9798233380371874,-0.006653445010835424
birth_place:3,birth_place,preanswer,3,0.9189448058605194,0.9384284510531209,-0.019483645192601484
birth_place:3,birth_place,preanswer,4,0.9381168484687805,0.9517998387190428,-0.013682990250262317
birth_place:3,birth_place,preanswer,5,0.9553002814451853,0.9661844850263812,-0.010884203581195906
birth_place:3,birth_place,preanswer,6,0.9598391254742941,0.9687407538294792,-0.008901628355185154
birth_place:3,birth_place,preanswer,7,0.9797810018062592,0.9845486411994154,-0.0047676393931562755
birth_place:3,birth_place,preanswer,8,0.9764262537161509,0.9823757071386684,-0.005949453422517514
birth_place:3,birth_place,preanswer,9,0.9737271368503571,0.980341530658982,-0.006614393808624941
birth_place:3,birth_place,preanswer,10,0.979550431172053,0.9843588291921399,-0.004808398020086924
birth_place:3,birth_place,preanswer,11,0.9432378113269806,0.9565499411387877,-0.013312129811807072
birth_place:3,birth_place,preanswer,12,0.9374647835890452,0.8186145245351575,0.11885025905388769
birth_place:3,birth_place,preanswer,13,0.9491664469242096,0.9077329371463169,0.04143350977789273
birth_place:3,birth_place,preanswer,14,0.9567047655582428,0.925107745284384,0.0315970202738588
birth_place:3,birth_place,preanswer,15,0.9516767462094625,0.9042046838863329,0.047472062323129616
birth_place:3,birth_place,preanswer,16,0.9647828539212545,0.9401113638146357,0.024671490106618843
birth_place:3,birth_place,preanswer,17,0.7814998428026835,0.7093672776086763,0.07213256519400713
birth_place:4,birth_place,subject,0,0.9793157577514648,0.755075047977946,0.22424070977351884
birth_place:4,birth_place,subject,1,0.9974733491738638,0.9905901822176847,0.0068831669561790765
birth_place:4,birth_place,subject,2,0.9898857275644938,0.9768335649913008,0.013052162573192971
birth_place:4,birth_place,subject,3,0.9966337780157725,0.8834332271733067,0.11320055084246572
birth_place:4,birth_place,subject,4,0.994735836982727,0.8801632852039554,0.11457255177877168
birth_place:4,birth_place,subject,5,0.9971726536750793,0.9506961212239482,0.04647653245113115
birth_place:4,birth_place,subject,6,0.9971355001131693,0.9499335316094485,0.047201968503720826
birth_place:4,birth_place,subject,7,0.9980244338512421,0.9766798676414923,0.021344566209749782
birth_place:4,birth_place,subject,8,0.9975136915842692,0.9793300320479003,0.018183659536368912
birth_place:4,birth_place,subject,9,0.9974177281061808,0.9816624210639433,0.015755307042237487
birth_place:4,birth_place,subject,10,0.996850589911143,0.9852191555229101,0.011631434388232886
birth_place:4,birth_place,subject,11,0.9921761850516001,0.9426975189284845,0.04947866612311558
birth_place:4,birth_place,subject,12,0.9889925519625345,0.8454236676069823,0.14356888435555226
birth_place:4,birth_place,subject,13,0.9904426534970602,0.8858952515504577,0.1045474019466025
birth_place:4,birth_place,subject,14,0.9804492394129435,0.8661624196578156,0.11428681975512789
birth_place:4,birth_place,subject,15,0.9754862387975057,0.8526452390307729,0.1228409997667328
birth_place:4,birth_place,subject,16,0.9818985859553019,0.9066525596109304,0.0752460263443715
birth_place:4,birth_place,subject,17,0.882729152838389,0.47480742061849346,0.4079217322198956
birth_place:4,birth_place,preanswer,0,0.8764039178689321,0.9072558812119744,-0.0308519633430423
birth_place:4,birth_place,preanswer,1,0.9836435814698538,0.9876982319084081,-0.0040546504385543525
birth_place:4,birth_place,preanswer,2,0.9742280046145121,0.9802151098847389,-0.0059871052702268335
birth_place:4,birth_place,preanswer,3,0.9162101447582245,0.9374908791346983,-0.02128073437647382
birth_place:4,birth_place,preanswer,4,0.9346756637096405,0.9505989849567413,-0.01592332124710083
birth_place:4,birth_place,preanswer,5,0.953107625246048,0.9654692086306486,-0.012361583384600583
birth_place:4,birth_place,preanswer,6,0.9576362172762553,0.9679988680238073,-0.010362650747552049
birth_place:4,birth_place,preanswer,7,0.9798181056976318,0.9845187843523242,-0.0047006786546923696
birth_place:4,birth_place,preanswer,8,0.9782721896966299,0.9830208949067376,-0.004748705210107729
birth_place:4,birth_place,preanswer,9,0.9751606285572052,0.9807594486258246,-0.005598820068619448
birth_place:4,birth_place,preanswer,10,0.9807256360848745,0.9846819534220479,-0.003956317337173387
birth_place:4,birth_place,preanswer,11,0.9495264887809753,0.9589017653329805,-0.009375276552005207
birth_place:4,birth_place,preanswer,12,0.9465202887852987,0.8357411121780222,0.11077917660727654
birth_place:4,birth_place,preanswer,13,0.9604592025279999,0.9231514073908329,0.03730779513716698
birth_place:4,birth_place,preanswer,14,0.9641770521799723,0.9376685091040351,0.026508543075937196
birth_place:4,birth_place,preanswer,15,0.9607914189497629,0.921006748622114,0.039784670327648985
birth_place:4,birth_place,preanswer,16,0.9718184471130371,0.9508549117229201,0.020963535390116972
birth_place:4,birth_place,preanswer,17,0.8198418716589609,0.7511482171036981,0.06869365455526288
birth_place:5,birth_place,subject,0,0.9808491369088491,0.7915026694536209,0.1893464674552282
birth_place:5,birth_place,subject,1,0.9990431765715281,0.9926753010262143,0.006367875545313817
birth_place:5,birth_place,subject,2,0.996730367342631,0.985449327325279,0.011281040017351973
birth_place:5,birth_place,subject,3,0.9989393254121145,0.9164596023884687,0.08247972302364581
birth_place:5,birth_place,subject,4,0.9957043627897898,0.9180815172466364,0.07762284554315335
birth_place:5,birth_place,subject,5,0.9981050491333008,0.9645358930257234,0.03356915610757738
birth_place:5,birth_place,subject,6,0.9969331423441569,0.9618327915668488,0.03510035077730811
birth_place:5,birth_place,subject,7,0.9980957011381785,0.9820010668852113,0.0160946342529672
birth_place:5,birth_place,subject,8,0.9955333968003591,0.9835004010661081,0.012032995734250984
birth_place:5,birth_place,subject,9,0.994855542977651,0.9844903712245551,0.010365171753095925
birth_place:5,birth_place,subject,10,0.9953471620877584,0.9875154823742129,0.00783167971354548
birth_place:5,birth_place,subject,11,0.9887076516946157,0.9480161680416628,0.04069148365295294
birth_place:5,birth_place,subject,12,0.9832964837551117,0.8551322777162899,0.12816420603882184
birth_place:5,birth_place,subject,13,0.985031912724177,0.8820983205329288,0.1029335921912482
birth_place:5,birth_place,subject,14,0.9672732353210449,0.8536759642037478,0.11359727111729712
birth_place:5,birth_place,subject,15,0.9662729402383169,0.8686548139561306,0.09761812628218625
birth_place:5,birth_place,subject,16,0.9763985971609751,0.9172302291474559,0.05916836801351921
birth_place:5,birth_place,subject,17,0.8911458154519399,0.5429224336773835,0.3482233817745565
birth_place:5,birth_place,preanswer,0,0.8765742381413778,0.9072920581833883,-0.030717820042010513
birth_place:5,birth_place,preanswer,1,0.9842223624388377,0.987903853031722,-0.003681490592884362
birth_place:5,birth_place,preanswer,2,0.9734031955401102,0.9799505011601881,-0.006547305620077881
birth_place:5,birth_place,preanswer,3,0.9182290732860565,0.9382132982665842,-0.019984224980527654
birth_place:5,birth_place,preanswer,4,0.9358556469281515,0.9510224072093313,-0.015166760281179803
birth_place:5,birth_place,preanswer,5,0.9559465944766998,0.9664470797235315,-0.01050048524683167
birth_place:5,birth_place,preanswer,6,0.9560277064641317,0.9674199328503825,-0.011392226386250814
birth_place:5,birth_place,preanswer,7,0.9800290167331696,0.98464421690865,-0.0046152001754804495
birth_place:5,birth_place,preanswer,8,0.9773973921934763,0.9827170460061594,-0.005319653812683067
birth_place:5,birth_place,preanswer,9,0.9744124015172323,0.9805573617870157,-0.006144960269783395
birth_place:5,birth_place,preanswer,10,0.9801141321659088,0.9846416515382853,-0.004527519372376498
birth_place:5,birth_place,preanswer,11,0.943103700876236,0.9568980075418949,-0.01379430666565895
birth_place:5,birth_place,preanswer,12,0.928550918896993,0.8400910523804751,0.08845986651651794
birth_place:5,birth_place,preanswer,13,0.9556160271167755,0.923706175928766,0.031909851188009486
birth_place:5,birth_place,preanswer,14,0.9593016803264618,0.9377128044989976,0.02158887582746416
birth_place:5,birth_place,preanswer,15,0.9530506432056427,0.9241873367943547,0.02886330641128798
birth_place:5,birth_place,preanswer,16,0.969130684932073,0.9532704796980728,0.015860205234000224
birth_place:5,birth_place,preanswer,17,0.7890284160772959,0.7515808113596656,0.03744760471763031
birth_place:6,birth_place,subject,0,0.9644299844900767,0.7536610165102915,0.21076896797978517
birth_place:6,birth_place,subject,1,0.9986582597096761,0.9907318661836061,0.007926393526070052
birth_place:6,birth_place,subject,2,0.9961053530375162,0.9821357486600225,0.013969604377493727
birth_place:6,birth_place,subject,3,0.9965576430161794,0.9117141792720015,0.08484346374417795
birth_place:6,birth_place,subject,4,0.9957407514254252,0.9127745276147669,0.08296622381065832
birth_place:6,birth_place,subject,5,0.9981079200903574,0.9614385430785742,0.03666937701178319
birth_place:6,birth_place,subject,6,0.9976456264654795,0.9569743831049312,0.04067124336054828
birth_place:6,birth_place,subject,7,0.9980413218339285,0.9792786640199748,0.018762657813953698
birth_place:6,birth_place,subject,8,0.9967515269915262,0.9814166585830125,0.015334868408513724
birth_place:6,birth_place,subject,9,0.9969071050484976,0.9834535267542709,0.013453578294226665
birth_place:6,birth_place,subject,10,0.9967024127642313,0.9876986393197016,0.009003773444529739
birth_place:6,birth_place,subject,11,0.9922030965487162,0.9453932053663514,0.04680989118236478
birth_place:6,birth_place,subject,12,0.983780175447464,0.8215167065235701,0.16226346892389387
birth_place:6,birth_place,subject,13,0.9828580717245737,0.8537717156789519,0.1290863560456218
birth_place:6,birth_place,subject,14,0.9632675349712372,0.8310414149679921,0.13222612000324507
birth_place:6,birth_place,subject,15,0.9643084704875946,0.8531260168687864,0.11118245361880819
birth_place:6,birth_place,subject,16,0.9758435189723969,0.9080191386694257,0.06782438030297111
birth_place:6,birth_place,subject,17,0.9020980298519135,0.539096796292473,0.3630012335594405
birth_place:6,birth_place,preanswer,0,0.8734881281852722,0.9062359190799973,-0.032747790894725126
birth_place:6,birth_place,preanswer,1,0.9835053582986196,0.9876508617942984,-0.004145503495678771
birth_place:6,birth_place,preanswer,2,0.9733377993106842,0.9799160567874258,-0.006578257476741567
birth_place:6,birth_place,preanswer,3,0.9174511730670929,0.9379378025504675,-0.020486629483374652
birth_place:6,birth_place,preanswer,4,0.9344356656074524,0.9505189169536937,-0.016083251346241334
birth_place:6,birth_place,preanswer,5,0.9530938466389974,0.965407920493321,-0.012314073854323593
birth_place:6,birth_place,preanswer,6,0.9586516320705414,0.9683174998922781,-0.009665867821736729
birth_place:6,birth_place,preanswer,7,0.9790627459685007,0.9843047454275868,-0.0052419994590861
birth_place:6,birth_place,preanswer,8,0.9762887458006541,0.9823344292288477,-0.006045683428193671
birth_place:6,birth_place,preanswer,9,0.9735848307609558,0.9803022193637762,-0.00671738860282034
birth_place:6,birth_place,preanswer,10,0.979509582122167,0.9843989607285369,-0.004889378606369954
birth_place:6,birth_place,preanswer,11,0.9450916846593221,0.9570427580990575,-0.011951073439735338
birth_place:6,birth_place,preanswer,12,0.9356483221054077,0.8134990368377079,0.12214928526769986
birth_place:6,birth_place,preanswer,13,0.9485561152299246,0.9111976146020673,0.03735850062785728
birth_place:6,birth_place,preanswer,14,0.9566608667373657,0.9298757592385466,0.026785107498819127
birth_place:6,birth_place,preanswer,15,0.9513281683127085,0.9090702364390547,0.04225793187365379
birth_place:6,birth_place,preanswer,16,0.9634619057178497,0.9432428187944673,0.02021908692338248
birth_place:6,birth_place,preanswer,17,0.7622152467568716,0.7169059379534288,0.04530930880344275
birth_place:7,birth_place,subject,0,0.9793490370114645,0.7679985365407034,0.2113505004707611
birth_place:7,birth_place,subject,1,0.9993602335453033,0.9924068616872485,0.006953371858054891
birth_place:7,birth_place,subject,2,0.9979133903980255,0.9850742051547224,0.012839185243303075
birth_place:7,birth_place,subject,3,0.9980288545290629,0.9016805460507219,0.09634830847834097
birth_place:7,birth_place,subject,4,0.995766669511795,0.9067313623699275,0.08903530714186758
birth_place:7,birth_place,subject,5,0.9981234669685364,0.9592786299234087,0.038844837045127645
birth_place:7,birth_place,subject,6,0.997647742430369,0.9553897963328795,0.04225794609748956
birth_place:7,birth_place,subject,7,0.9985637168089548,0.9796579602089796,0.018905756599975287
birth_place:7,birth_place,subject,8,0.9965123931566874,0.9818912832574411,0.014621109899246254
birth_place:7,birth_place,subject,9,0.9963996311028799,0.9839229729365219,0.012476658166358012
birth_place:7,birth_place,subject,10,0.996104876200358,0.9867853877896612,0.009319488410696852
birth_place:7,birth_place,subject,11,0.9899406532446543,0.9455446360463445,0.04439601719830977
birth_place:7,birth_place,subject,12,0.9838543037573496,0.8435672071169723,0.1402870966403773
birth_place:7,birth_place,subject,13,0.9861035645008087,0.8684796623208306,0.11762390217997809
birth_place:7,birth_place,subject,14,0.9772374232610067,0.8380809118124571,0.13915651144854957
birth_place:7,birth_place,subject,15,0.9795995155970255,0.8565228794786063,0.12307663611841924
birth_place:7,birth_place,subject,16,0.9852770864963531,0.9087660468437455,0.07651103965260764
birth_place:7,birth_place,subject,17,0.9299311339855194,0.5061672784557397,0.4237638555297797
birth_place:7,birth_place,preanswer,0,0.8754691183567047,0.9068750674751672,-0.031405949118462506
birth_place:7,birth_place,preanswer,1,0.9840019444624583,0.9878260567784309,-0.003824112315972683
birth_place:7,birth_place,preanswer,2,0.9734195570151011,0.9799510823054747,-0.0065315252903735965
birth_place:7,birth_place,preanswer,3,0.9194825887680054,0.9386384883387522,-0.019155899570746815
birth_place:7,birth_place,preanswer,4,0.9319850305716196,0.9496201493523337,-0.01763511878071411
birth_place:7,birth_place,preanswer,5,0.9551075597604116,0.9661371785808693,-0.01102961882045772
birth_place:7,birth_place,preanswer,6,0.9591973821322123,0.968476957895539,-0.00927957576332672
birth_place:7,birth_place,preanswer,7,0.9797326723734537,0.9844719472933899,-0.004739274919936198
birth_place:7,birth_place,preanswer,8,0.9772607088088989,0.9825437424535101,-0.005283033644611135
birth_place:7,birth_place,preanswer,9,0.9756586253643036,0.980775772170587,-0.00511714680628339
birth_place:7,birth_place,preanswer,10,0.9803244769573212,0.9842447831549428,-0.003920306197621626
birth_place:7,birth_place,preanswer,11,0.9458957513173422,0.9562474824488163,-0.01035173113147414
birth_place:7,birth_place,preanswer,12,0.9293437202771505,0.8021767180074345,0.127167002269716
birth_place:7,birth_place,preanswer,13,0.9486182232697805,0.8963500501757319,0.05226817309404863
birth_place:7,birth_place,preanswer,14,0.95646866162618,0.9189447096802972,0.03752395194588287
birth_place:7,birth_place,preanswer,15,0.9478309949239095,0.8928016671402887,0.055029327783620796
birth_place:7,birth_place,preanswer,16,0.9615067938963572,0.9314517856321551,0.030055008264202043
birth_place:7,birth_place,preanswer,17,0.7775775094827017,0.6884307067163966,0.08914680276630504
birth_place:8,birth_place,subject,0,0.6227001175284386,0.6379698462445628,-0.015269728716124198
birth_place:8,birth_place,subject,1,0.977342446645101,0.9838091443208131,-0.006466697675712174
birth_place:8,birth_place,subject,2,0.9660579562187195,0.9661014604974877,-4.350427876820273e-05
birth_place:8,birth_place,subject,3,0.9816338320573171,0.9014858650890264,0.08014796696829074
birth_place:8,birth_place,subject,4,0.9719483355681101,0.8999532823535529,0.07199505321455724
birth_place:8,birth_place,subject,5,0.9936724404493967,0.9579490064219995,0.035723434027397194
birth_place:8,birth_place,subject,6,0.9937726755936941,0.9533927538855509,0.040379921708143196
birth_place:8,birth_place,subject,7,0.9961624145507812,0.9785012430088087,0.017661171541972553
birth_place:8,birth_place,subject,8,0.9946904480457306,0.9809036139737476,0.013786834071983
birth_place:8,birth_place,subject,9,0.9945530692736307,0.9833060316741467,0.011247037599484089
birth_place:8,birth_place,subject,10,0.9936208128929138,0.985884050076658,0.007736762816255793
birth_place:8,birth_place,subject,11,0.9871202905972799,0.9487233487042513,0.03839694189302856
birth_place:8,birth_place,subject,12,0.9715878168741862,0.8415583822537552,0.13002943462043093
birth_place:8,birth_place,subject,13,0.974034974972407,0.8770454288883642,0.09698954608404275
birth_place:8,birth_place,subject,14,0.9531583984692892,0.8479195657101545,0.1052388327591347
birth_place:8,birth_place,subject,15,0.9563197592894236,0.8519233431328427,0.1043964161565809
birth_place:8,birth_place,subject,16,0.9683553576469421,0.9069950661875985,0.06136029145934363
birth_place:8,birth_place,subject,17,0.8754274646441141,0.537790619302541,0.3376368453415731
birth_place:8,birth_place,preanswer,0,0.8748712142308553,0.9067237011410973,-0.031852486910242006
birth_place:8,birth_place,preanswer,1,0.9836247861385345,0.9877127182077278,-0.004087932069193223
birth_place:8,birth_place,preanswer,2,0.9725991487503052,0.9796843372962691,-0.007085188545963961
birth_place:8,birth_place,preanswer,3,0.9178086618582407,0.9380752671171319,-0.020266605258891124
birth_place:8,birth_place,preanswer,4,0.9323925773302714,0.9498965025625445,-0.017503925232273176
birth_place:8,birth_place,preanswer,5,0.9558618565400442,0.9664227037944577,-0.01056084725441353
birth_place:8,birth_place,preanswer,6,0.9563255508740743,0.9675756567581133,-0.011250105884038963
birth_place:8,birth_place,preanswer,7,0.980154792467753,0.9847230609845031,-0.004568268516750074
birth_place:8,birth_place,preanswer,8,0.9763827125231425,0.9823907762765884,-0.00600806375344598
birth_place:8,birth_place,preanswer,9,0.9739369551340739,0.980445784939961,-0.006508829805887184
birth_place:8,birth_place,preanswer,10,0.9802153408527374,0.9846830611879175,-0.004467720335180059
birth_place:8,birth_place,preanswer,11,0.9450405935446421,0.9577064903622324,-0.012665896817590339
birth_place:8,birth_place,preanswer,12,0.9337583680947622,0.8305934674360536,0.10316490065870865
birth_place:8,birth_place,preanswer,13,0.9545012712478638,0.9151594510132616,0.0393418202346022
birth_place:8,birth_place,preanswer,14,0.9594652156035105,0.9326981885189359,0.02676702708457457
birth_place:8,birth_place,preanswer,15,0.9518020451068878,0.9169618605890058,0.03484018451788207
birth_place:8,birth_place,preanswer,16,0.9670417606830597,0.9494031457738443,0.017638614909215367
birth_place:8,birth_place,preanswer,17,0.7958067854245504,0.7469966376030986,0.048810147821451766
birth_place:9,birth_place,subject,0,0.5885525768001875,0.567058221437037,0.021494355363150475
birth_place:9,birth_place,subject,1,0.9767818649609884,0.9834261272441257,-0.006644262283137303
birth_place:9,birth_place,subject,2,0.9569090704123179,0.9682639735666189,-0.011354903154300988
birth_place:9,birth_place,subject,3,0.9840786258379618,0.875398074361411,0.10868055147655076
birth_place:9,birth_place,subject,4,0.983768105506897,0.8883538327433846,0.09541427276351233
birth_place:9,birth_place,subject,5,0.9923108220100403,0.9454888149418614,0.04682200706817885
birth_place:9,birth_place,subject,6,0.9846389591693878,0.9344455538825556,0.05019340528683225
birth_place:9,birth_place,subject,7,0.9940260847409567,0.9662536060945555,0.0277724786464012
birth_place:9,birth_place,subject,8,0.9927562773227692,0.9740059331736781,0.018750344149091047
birth_place:9,birth_place,subject,9,0.995307594537735,0.978709204969081,0.016598389568654004
birth_place:9,birth_place,subject,10,0.9945104618867239,0.9823934571309523,0.012117004755771599
birth_place:9,birth_place,subject,11,0.9935140013694763,0.9289860850708052,0.06452791629867116
birth_place:9,birth_place,subject,12,0.9878383775552114,0.8115020644935694,0.176336313061642
birth_place:9,birth_place,subject,13,0.9851790765921274,0.8286003724417903,0.15657870415033714
birth_place:9,birth_place,subject,14,0.9805010159810384,0.7879388806494799,0.19256213533155853
birth_place:9,birth_place,subject,15,0.9783986707528433,0.7801340567794713,0.19826461397337192
birth_place:9,birth_place,subject,16,0.9844010372956594,0.86371850323948,0.12068253405617946
birth_place:9,birth_place,subject,17,0.8930873771508535,0.16134855769235978,0.7317388194584937
birth_place:9,birth_place,preanswer,0,0.8738210499286652,0.9062665175985206,-0.032445467669855454
birth_place:9,birth_place,preanswer,1,0.9838602244853973,0.9877861345356161,-0.003925910050218806
birth_place:9,birth_place,preanswer,2,0.9737502634525299,0.9800584434785626,-0.006308180026032728
birth_place:9,birth_place,preanswer,3,0.9187436600526174,0.9383824311874129,-0.019638771134795507
birth_place:9,birth_place,preanswer,4,0.937002936999003,0.951373312283646,-0.014370375284642911
birth_place:9,birth_place,preanswer,5,0.9558211962381998,0.9663341834463857,-0.010512987208185831
birth_place:9,birth_place,preanswer,6,0.9589771628379822,0.9683473719791933,-0.009370209141211117
birth_place:9,birth_place,preanswer,7,0.9808342953523,0.9843554181808775,-0.0035211228285774165
birth_place:9,birth_place,preanswer,8,0.9776004751523336,0.9826259491118517,-0.005025473959518134
birth_place:9,birth_place,preanswer,9,0.974395235379537,0.9805457029830326,-0.00615046760349558
birth_place:9,birth_place,preanswer,10,0.9806966384251913,0.9847756803713061,-0.004079041946114859
birth_place:9,birth_place,preanswer,11,0.9464951654275259,0.9581401900134303,-0.01164502458590444
birth_place:9,birth_place,preanswer,12,0.9207266966501871,0.8246597881344232,0.09606690851576394
birth_place:9,birth_place,preanswer,13,0.9448889791965485,0.912870735607364,0.03201824358918448
birth_place:9,birth_place,preanswer,14,0.9550300439198812,0.931778313422745,0.023251730497136247
birth_place:9,birth_place,preanswer,15,0.9474229911963145,0.9113399535417557,0.03608303765455878
birth_place:9,birth_place,preanswer,16,0.9644837975502014,0.9462422840297222,0.018241513520479202
birth_place:9,birth_place,preanswer,17,0.7852809230486552,0.7318718697537075,0.053409053294947606
birth_place:10,birth_place,subject,0,0.9836197992165884,0.7664323860610073,0.2171874131555811
birth_place:10,birth_place,subject,1,0.9992902974287668,0.9919434602965008,0.007346837132266026
birth_place:10,birth_place,subject,2,0.9975603719552358,0.9852148169143633,0.012345555040872536
birth_place:10,birth_place,subject,3,0.9990075329939524,0.9019982547245242,0.09700927826942818
birth_place:10,birth_place,subject,4,0.9958932598431905,0.9095413142984564,0.08635194554473413
birth_place:10,birth_place,subject,5,0.9984279870986938,0.9591006741605022,0.039327312938191694
birth_place:10,birth_place,subject,6,0.9977507094542185,0.9569777395914901,0.04077296986272838
birth_place:10,birth_place,subject,7,0.9978962341944376,0.9795029271732677,0.018393307021169925
birth_place:10,birth_place,subject,8,0.9959443906943003,0.9812446910549294,0.0146996996393709
birth_place:10,birth_place,subject,9,0.9957548479239146,0.9820830977775834,0.013671750146331152
birth_place:10,birth_place,subject,10,0.996184229850769,0.986476522277702,0.009707707573067048
birth_place:10,birth_place,subject,11,0.9919549822807312,0.9423443322831934,0.04961064999753784
birth_place:10,birth_place,subject,12,0.9842047194639841,0.8339314118705012,0.1502733075934829
birth_place:10,birth_place,subject,13,0.9863538940747579,0.8570554842325774,0.12929840984218055
birth_place:10,birth_place,subject,14,0.9721309244632721,0.821531268344684,0.15059965611858805
birth_place:10,birth_place,subject,15,0.9675624767939249,0.8392021012577143,0.1283603755362106
birth_place:10,birth_place,subject,16,0.9775244394938151,0.903017224574631,0.0745072149191841
birth_place:10,birth_place,subject,17,0.9271693229675293,0.5329511185938661,0.3942182043736632
birth_place:10,birth_place,preanswer,0,0.8798780341943105,0.9083284573121504,-0.02845042311783985
birth_place:10,birth_place,preanswer,1,0.9835586051146189,0.987688216634772,-0.00412961152015312
birth_place:10,birth_place,preanswer,2,0.9725951651732127,0.979671897874637,-0.007076732701424393
birth_place:10,birth_place,preanswer,3,0.9153550763924917,0.9372294328429482,-0.021874356450456545
birth_place:10,birth_place,preanswer,4,0.9339156548182169,0.9503904509950768,-0.016474796176859874
birth_place:10,birth_place,preanswer,5,0.9533189038435618,0.9655281196941029,-0.012209215850541133
birth_place:10,birth_place,preanswer,6,0.9563469787438711,0.967597403309562,-0.01125042456569092
birth_place:10,birth_place,preanswer,7,0.9784196813901266,0.9840888540175828,-0.005669172627456254
birth_place:10,birth_place,preanswer,8,0.9760534365971884,0.9822763976725665,-0.0062229610753781195
birth_place:10,birth_place,preanswer,9,0.9743677874406179,0.980547537857836,-0.006179750417218077
birth_place:10,birth_place,preanswer,10,0.9803898831208547,0.9846997189928185,-0.004309835871963763
birth_place:10,birth_place,preanswer,11,0.9492339789867401,0.9589908983219754,-0.009756919335235259
birth_place:10,birth_place,preanswer,12,0.9368805587291718,0.8322972238741138,0.104583334855058
birth_place:10,birth_place,preanswer,13,0.9577631652355194,0.9138473763384602,0.04391578889705916
birth_place:10,birth_place,preanswer,14,0.9616683622201284,0.9306511076336558,0.031017254586472642
birth_place:10,birth_place,preanswer,15,0.9548365970452627,0.9146951426836577,0.04014145436160499
birth_place:10,birth_place,preanswer,16,0.9687258303165436,0.9472778950902548,0.02144793522628874
birth_place:10,birth_place,preanswer,17,0.7934152980645498,0.7302064143798568,0.06320888368469302
birth_place:11,birth_place,subject,0,0.9820460577805837,0.7119259094311432,0.27012014834944054
birth_place:11,birth_place,subject,1,0.9993600845336914,0.9917324835603888,0.007627600973302617
birth_place:11,birth_place,subject,2,0.997140109539032,0.9842011461203749,0.012938963418657079
birth_place:11,birth_place,subject,3,0.9979226688543955,0.8961792510341514,0.1017434178202441
birth_place:11,birth_place,subject,4,0.993361085653305,0.8972044072367928,0.09615667841651221
birth_place:11,birth_place,subject,5,0.9977024296919504,0.9509945217181336,0.04670790797381685
birth_place:11,birth_place,subject,6,0.9968278805414835,0.9536718519573862,0.043156028584097283
birth_place:11,birth_place,subject,7,0.9978076020876566,0.9780586463483897,0.019748955739266938
birth_place:11,birth_place,subject,8,0.9959417283535004,0.9807691963558848,0.01517253199761559
birth_place:11,birth_place,subject,9,0.9955011308193207,0.9823177511041815,0.013183379715139165
birth_place:11,birth_place,subject,10,0.9947266280651093,0.9857581704854965,0.008968457579612732
birth_place:11,birth_place,subject,11,0.9885461628437042,0.9398943866518411,0.048651776191863116
birth_place:11,birth_place,subject,12,0.9842587610085806,0.8573342145166614,0.1269245464919192
birth_place:11,birth_place,subject,13,0.9836229880650839,0.8833408856933768,0.1002821023717071
birth_place:11,birth_place,subject,14,0.9682324826717377,0.8567034304141998,0.11152905225753784
birth_place:11,birth_place,subject,15,0.9656681517759959,0.8620970824902708,0.10357106928572501
birth_place:11,birth_place,subject,16,0.9741523563861847,0.9127852252938531,0.061367131092331606
birth_place:11,birth_place,subject,17,0.8729227383931478,0.5286932332779873,0.3442295051151605
birth_place:11,birth_place,preanswer,0,0.8797697226206461,0.908367050642317,-0.02859732802167092
birth_place:11,birth_place,preanswer,1,0.9831527968247732,0.9875230159271847,-0.004370219102411532
birth_place:11,birth_place,preanswer,2,0.9727522234121958,0.9797030589119955,-0.00695083549979969
birth_place:11,birth_place,preanswer,3,0.9137923220793406,0.9366863322528926,-0.02289401017355197
birth_place:11,birth_place,preanswer,4,0.932796577612559,0.9500038197094743,-0.017207242096915376
birth_place:11,birth_place,preanswer,5,0.9556475977102915,0.9663028581575914,-0.010655260447299919
birth_place:11,birth_place,preanswer,6,0.9580488701661428,0.9681820473210379,-0.010133177154895034
birth_place:11,birth_place,preanswer,7,0.9798366924126943,0.9846107133410194,-0.004774020928325018
birth_place:11,birth_place,preanswer,8,0.9762226541837057,0.9823450828817758,-0.006122428698070115
birth_place:11,birth_place,preanswer,9,0.9741010665893555,0.9805144867436453,-0.006413420154289806
birth_place:11,birth_place,preanswer,10,0.9799482921759287,0.9846275272694501,-0.004679235093521417
birth_place:11,birth_place,preanswer,11,0.9450406432151794,0.9576832956888459,-0.012642652473666471
birth_place:11,birth_place,preanswer,12,0.9263305068016052,0.812976656650955,0.11335385015065025
birth_place:11,birth_place,preanswer,13,0.94931427637736,0.9124727222052488,0.03684155417211121
birth_place:11,birth_place,preanswer,14,0.9555803934733073,0.9299486035650427,0.025631789908264535
birth_place:11,birth_place,preanswer,15,0.9489110906918844,0.9142504198984667,0.034660670793417725
birth_place:11,birth_place,preanswer,16,0.966962864001592,0.948220645500855,0.018742218500736985
birth_place:11,birth_place,preanswer,17,0.7939579884211222,0.7421575207263231,0.05180046769479907
